"edge","template","column","routes","source"
"RMUX3@1,1->RMUX15@1,1","RMUX3(+0,+0)->RMUX15","1","2","afexe_bitgen_20260919"
"RMUX3@1,1->RMUX21@1,1","RMUX3(+0,+0)->RMUX21","1","2","afexe_bitgen_20260919"
"RMUX9@1,1->RMUX38@1,1","RMUX9(+0,+0)->RMUX38","1","2","afexe_bitgen_20260919"
"RMUX25@1,1->RMUX0@1,1","RMUX25(+0,+0)->RMUX0","1","2","afexe_bitgen_20260919"
"RMUX25@1,1->RMUX1@1,1","RMUX25(+0,+0)->RMUX1","1","2","afexe_bitgen_20260919"
"RMUX27@1,1->RMUX4@1,2","RMUX27(+0,-1)->RMUX4","1","2","afexe_bitgen_20260919"
"RMUX27@1,1->RMUX11@1,2","RMUX27(+0,-1)->RMUX11","1","2","afexe_bitgen_20260919"
"RMUX27@1,1->RMUX15@1,2","RMUX27(+0,-1)->RMUX15","1","2","afexe_bitgen_20260919"
"RMUX33@1,1->RMUX45@1,1","RMUX33(+0,+0)->RMUX45","1","2","afexe_bitgen_20260919"
"RMUX51@1,1->RMUX15@1,1","RMUX51(+0,+0)->RMUX15","1","2","afexe_bitgen_20260919"
"RMUX57@1,1->RMUX45@1,1","RMUX57(+0,+0)->RMUX45","1","2","afexe_bitgen_20260919"
"RMUX57@1,1->RMUX34@1,2","RMUX57(+0,-1)->RMUX34","1","2","afexe_bitgen_20260919"
"RMUX57@1,1->RMUX38@1,2","RMUX57(+0,-1)->RMUX38","1","2","afexe_bitgen_20260919"
"RMUX92@1,1->RMUX81@1,1","RMUX92(+0,+0)->RMUX81","1","2","afexe_bitgen_20260919"
"RMUX9@1,2->RMUX38@1,2","RMUX9(+0,+0)->RMUX38","1","2","afexe_bitgen_20260919"
"RMUX19@1,2->RMUX88@1,1","RMUX19(+0,+1)->RMUX88","1","2","afexe_bitgen_20260919"
"RMUX19@1,2->RMUX89@1,1","RMUX19(+0,+1)->RMUX89","1","2","afexe_bitgen_20260919"
"RMUX19@1,2->RMUX95@1,1","RMUX19(+0,+1)->RMUX95","1","2","afexe_bitgen_20260919"
"RMUX25@1,2->RMUX0@1,2","RMUX25(+0,+0)->RMUX0","1","2","afexe_bitgen_20260919"
"RMUX25@1,2->RMUX1@1,2","RMUX25(+0,+0)->RMUX1","1","2","afexe_bitgen_20260919"
"RMUX37@1,2->RMUX48@1,4","RMUX37(+0,-2)->RMUX48","1","2","afexe_bitgen_20260919"
"RMUX39@1,2->RMUX52@1,1","RMUX39(+0,+1)->RMUX52","1","2","afexe_bitgen_20260919"
"RMUX39@1,2->RMUX53@1,1","RMUX39(+0,+1)->RMUX53","1","2","afexe_bitgen_20260919"
"RMUX39@1,2->RMUX58@1,1","RMUX39(+0,+1)->RMUX58","1","2","afexe_bitgen_20260919"
"RMUX51@1,2->RMUX15@1,2","RMUX51(+0,+0)->RMUX15","1","2","afexe_bitgen_20260919"
"RMUX55@1,2->RMUX31@1,1","RMUX55(+0,+1)->RMUX31","1","2","afexe_bitgen_20260919"
"RMUX69@1,2->RMUX93@1,1","RMUX69(+0,+1)->RMUX93","1","2","afexe_bitgen_20260919"
"RMUX73@1,2->RMUX0@1,4","RMUX73(+0,-2)->RMUX0","1","2","afexe_bitgen_20260919"
"RMUX75@1,2->RMUX10@1,1","RMUX75(+0,+1)->RMUX10","1","2","afexe_bitgen_20260919"
"RMUX80@1,2->RMUX26@1,4","RMUX80(+0,-2)->RMUX26","1","2","afexe_bitgen_20260919"
"RMUX3@1,3->RMUX15@1,3","RMUX3(+0,+0)->RMUX15","1","2","afexe_bitgen_20260919"
"RMUX3@1,3->RMUX21@1,3","RMUX3(+0,+0)->RMUX21","1","2","afexe_bitgen_20260919"
"RMUX7@1,3->RMUX25@1,3","RMUX7(+0,+0)->RMUX25","1","2","afexe_bitgen_20260919"
"RMUX27@1,3->RMUX4@1,4","RMUX27(+0,-1)->RMUX4","1","2","afexe_bitgen_20260919"
"RMUX27@1,3->RMUX11@1,4","RMUX27(+0,-1)->RMUX11","1","2","afexe_bitgen_20260919"
"RMUX27@1,3->RMUX15@1,4","RMUX27(+0,-1)->RMUX15","1","2","afexe_bitgen_20260919"
"RMUX32@1,3->RMUX33@1,1","RMUX32(+0,+2)->RMUX33","1","2","afexe_bitgen_20260919"
"RMUX33@1,3->RMUX45@1,3","RMUX33(+0,+0)->RMUX45","1","2","afexe_bitgen_20260919"
"RMUX51@1,3->RMUX15@1,3","RMUX51(+0,+0)->RMUX15","1","2","afexe_bitgen_20260919"
"RMUX55@1,3->RMUX24@1,1","RMUX55(+0,+2)->RMUX24","1","2","afexe_bitgen_20260919"
"RMUX57@1,3->RMUX45@1,3","RMUX57(+0,+0)->RMUX45","1","2","afexe_bitgen_20260919"
"RMUX57@1,3->RMUX34@1,4","RMUX57(+0,-1)->RMUX34","1","2","afexe_bitgen_20260919"
"RMUX57@1,3->RMUX38@1,4","RMUX57(+0,-1)->RMUX38","1","2","afexe_bitgen_20260919"
"RMUX67@1,3->RMUX72@1,3","RMUX67(+0,+0)->RMUX72","1","2","afexe_bitgen_20260919"
"RMUX67@1,3->RMUX94@1,4","RMUX67(+0,-1)->RMUX94","1","2","afexe_bitgen_20260919"
"RMUX2@1,4->RMUX18@1,3","RMUX2(+0,+1)->RMUX18","1","2","afexe_bitgen_20260919"
"RMUX3@1,4->RMUX15@1,4","RMUX3(+0,+0)->RMUX15","1","2","afexe_bitgen_20260919"
"RMUX3@1,4->RMUX21@1,4","RMUX3(+0,+0)->RMUX21","1","2","afexe_bitgen_20260919"
"RMUX7@1,4->RMUX25@1,4","RMUX7(+0,+0)->RMUX25","1","2","afexe_bitgen_20260919"
"RMUX9@1,4->RMUX38@1,3","RMUX9(+0,+1)->RMUX38","1","2","afexe_bitgen_20260919"
"RMUX25@1,4->RMUX0@1,1","RMUX25(+0,+3)->RMUX0","1","2","afexe_bitgen_20260919"
"RMUX25@1,4->RMUX0@1,4","RMUX25(+0,+0)->RMUX0","1","2","afexe_bitgen_20260919"
"RMUX25@1,4->RMUX1@1,4","RMUX25(+0,+0)->RMUX1","1","2","afexe_bitgen_20260919"
"RMUX32@1,4->RMUX33@1,2","RMUX32(+0,+2)->RMUX33","1","2","afexe_bitgen_20260919"
"RMUX33@1,4->RMUX45@1,4","RMUX33(+0,+0)->RMUX45","1","2","afexe_bitgen_20260919"
"RMUX51@1,4->RMUX15@1,4","RMUX51(+0,+0)->RMUX15","1","2","afexe_bitgen_20260919"
"RMUX57@1,4->RMUX45@1,4","RMUX57(+0,+0)->RMUX45","1","2","afexe_bitgen_20260919"
"RMUX67@1,4->RMUX72@1,4","RMUX67(+0,+0)->RMUX72","1","2","afexe_bitgen_20260919"
"RMUX73@1,4->RMUX1@1,4","RMUX73(+0,+0)->RMUX1","1","2","afexe_bitgen_20260919"
"RMUX75@1,4->RMUX10@1,3","RMUX75(+0,+1)->RMUX10","1","2","afexe_bitgen_20260919"
"RMUX8@2,1->RMUX26@1,1","RMUX8(+1,+0)->RMUX26","1","2","afexe_bitgen_20260919"
"RMUX8@2,1->RMUX27@1,1","RMUX8(+1,+0)->RMUX27","1","2","afexe_bitgen_20260919"
"RMUX8@2,1->RMUX33@1,1","RMUX8(+1,+0)->RMUX33","1","2","afexe_bitgen_20260919"
"RMUX8@2,1->RMUX37@1,1","RMUX8(+1,+0)->RMUX37","1","2","afexe_bitgen_20260919"
"RMUX15@2,1->RMUX63@1,1","RMUX15(+1,+0)->RMUX63","1","2","afexe_bitgen_20260919"
"RMUX25@2,1->RMUX0@2,1","RMUX25(+0,+0)->RMUX0","2","2","afexe_bitgen_20260919"
"RMUX25@2,1->RMUX1@2,1","RMUX25(+0,+0)->RMUX1","2","2","afexe_bitgen_20260919"
"RMUX27@2,1->RMUX4@2,2","RMUX27(+0,-1)->RMUX4","2","2","afexe_bitgen_20260919"
"RMUX27@2,1->RMUX11@2,2","RMUX27(+0,-1)->RMUX11","2","2","afexe_bitgen_20260919"
"RMUX27@2,1->RMUX15@2,2","RMUX27(+0,-1)->RMUX15","2","2","afexe_bitgen_20260919"
"RMUX38@2,1->RMUX50@1,1","RMUX38(+1,+0)->RMUX50","1","2","afexe_bitgen_20260919"
"RMUX45@2,1->RMUX86@1,1","RMUX45(+1,+0)->RMUX86","1","2","afexe_bitgen_20260919"
"RMUX51@2,1->RMUX15@2,1","RMUX51(+0,+0)->RMUX15","2","2","afexe_bitgen_20260919"
"RMUX57@2,1->RMUX34@2,2","RMUX57(+0,-1)->RMUX34","2","2","afexe_bitgen_20260919"
"RMUX68@2,1->RMUX80@1,1","RMUX68(+1,+0)->RMUX80","1","2","afexe_bitgen_20260919"
"RMUX68@2,1->RMUX85@1,1","RMUX68(+1,+0)->RMUX85","1","2","afexe_bitgen_20260919"
"RMUX80@2,1->RMUX26@2,3","RMUX80(+0,-2)->RMUX26","2","2","afexe_bitgen_20260919"
"RMUX91@2,1->RMUX72@1,1","RMUX91(+1,+0)->RMUX72","1","2","afexe_bitgen_20260919"
"RMUX91@2,1->RMUX89@1,1","RMUX91(+1,+0)->RMUX89","1","2","afexe_bitgen_20260919"
"RMUX92@2,1->RMUX81@2,1","RMUX92(+0,+0)->RMUX81","2","2","afexe_bitgen_20260919"
"RMUX8@2,2->RMUX26@1,2","RMUX8(+1,+0)->RMUX26","1","2","afexe_bitgen_20260919"
"RMUX8@2,2->RMUX27@1,2","RMUX8(+1,+0)->RMUX27","1","2","afexe_bitgen_20260919"
"RMUX8@2,2->RMUX33@1,2","RMUX8(+1,+0)->RMUX33","1","2","afexe_bitgen_20260919"
"RMUX8@2,2->RMUX37@1,2","RMUX8(+1,+0)->RMUX37","1","2","afexe_bitgen_20260919"
"RMUX9@2,2->RMUX38@2,1","RMUX9(+0,+1)->RMUX38","2","2","afexe_bitgen_20260919"
"RMUX9@2,2->RMUX38@2,2","RMUX9(+0,+0)->RMUX38","2","2","afexe_bitgen_20260919"
"RMUX15@2,2->RMUX63@1,2","RMUX15(+1,+0)->RMUX63","1","2","afexe_bitgen_20260919"
"RMUX19@2,2->RMUX88@2,1","RMUX19(+0,+1)->RMUX88","2","2","afexe_bitgen_20260919"
"RMUX19@2,2->RMUX89@2,1","RMUX19(+0,+1)->RMUX89","2","2","afexe_bitgen_20260919"
"RMUX19@2,2->RMUX95@2,1","RMUX19(+0,+1)->RMUX95","2","2","afexe_bitgen_20260919"
"RMUX25@2,2->RMUX0@2,2","RMUX25(+0,+0)->RMUX0","2","2","afexe_bitgen_20260919"
"RMUX25@2,2->RMUX1@2,2","RMUX25(+0,+0)->RMUX1","2","2","afexe_bitgen_20260919"
"RMUX37@2,2->RMUX48@2,4","RMUX37(+0,-2)->RMUX48","2","2","afexe_bitgen_20260919"
"RMUX38@2,2->RMUX50@1,2","RMUX38(+1,+0)->RMUX50","1","2","afexe_bitgen_20260919"
"RMUX39@2,2->RMUX52@2,1","RMUX39(+0,+1)->RMUX52","2","2","afexe_bitgen_20260919"
"RMUX39@2,2->RMUX53@2,1","RMUX39(+0,+1)->RMUX53","2","2","afexe_bitgen_20260919"
"RMUX39@2,2->RMUX58@2,1","RMUX39(+0,+1)->RMUX58","2","2","afexe_bitgen_20260919"
"RMUX45@2,2->RMUX86@1,2","RMUX45(+1,+0)->RMUX86","1","2","afexe_bitgen_20260919"
"RMUX51@2,2->RMUX15@2,2","RMUX51(+0,+0)->RMUX15","2","2","afexe_bitgen_20260919"
"RMUX55@2,2->RMUX31@2,1","RMUX55(+0,+1)->RMUX31","2","2","afexe_bitgen_20260919"
"RMUX68@2,2->RMUX80@1,2","RMUX68(+1,+0)->RMUX80","1","2","afexe_bitgen_20260919"
"RMUX68@2,2->RMUX85@1,2","RMUX68(+1,+0)->RMUX85","1","2","afexe_bitgen_20260919"
"RMUX69@2,2->RMUX93@2,1","RMUX69(+0,+1)->RMUX93","2","2","afexe_bitgen_20260919"
"RMUX73@2,2->RMUX0@2,4","RMUX73(+0,-2)->RMUX0","2","2","afexe_bitgen_20260919"
"RMUX75@2,2->RMUX10@2,1","RMUX75(+0,+1)->RMUX10","2","2","afexe_bitgen_20260919"
"RMUX80@2,2->RMUX26@2,4","RMUX80(+0,-2)->RMUX26","2","2","afexe_bitgen_20260919"
"RMUX91@2,2->RMUX72@1,2","RMUX91(+1,+0)->RMUX72","1","2","afexe_bitgen_20260919"
"RMUX91@2,2->RMUX89@1,2","RMUX91(+1,+0)->RMUX89","1","2","afexe_bitgen_20260919"
"RMUX7@2,3->RMUX25@2,3","RMUX7(+0,+0)->RMUX25","2","2","afexe_bitgen_20260919"
"RMUX8@2,3->RMUX26@1,3","RMUX8(+1,+0)->RMUX26","1","2","afexe_bitgen_20260919"
"RMUX8@2,3->RMUX27@1,3","RMUX8(+1,+0)->RMUX27","1","2","afexe_bitgen_20260919"
"RMUX8@2,3->RMUX33@1,3","RMUX8(+1,+0)->RMUX33","1","2","afexe_bitgen_20260919"
"RMUX8@2,3->RMUX37@1,3","RMUX8(+1,+0)->RMUX37","1","2","afexe_bitgen_20260919"
"RMUX14@2,3->RMUX61@2,4","RMUX14(+0,-1)->RMUX61","2","2","afexe_bitgen_20260919"
"RMUX15@2,3->RMUX63@1,3","RMUX15(+1,+0)->RMUX63","1","2","afexe_bitgen_20260919"
"RMUX27@2,3->RMUX4@2,4","RMUX27(+0,-1)->RMUX4","2","2","afexe_bitgen_20260919"
"RMUX27@2,3->RMUX11@2,4","RMUX27(+0,-1)->RMUX11","2","2","afexe_bitgen_20260919"
"RMUX27@2,3->RMUX15@2,4","RMUX27(+0,-1)->RMUX15","2","2","afexe_bitgen_20260919"
"RMUX32@2,3->RMUX33@2,1","RMUX32(+0,+2)->RMUX33","2","2","afexe_bitgen_20260919"
"RMUX38@2,3->RMUX50@1,3","RMUX38(+1,+0)->RMUX50","1","2","afexe_bitgen_20260919"
"RMUX44@2,3->RMUX85@2,3","RMUX44(+0,+0)->RMUX85","2","2","afexe_bitgen_20260919"
"RMUX45@2,3->RMUX86@1,3","RMUX45(+1,+0)->RMUX86","1","2","afexe_bitgen_20260919"
"RMUX55@2,3->RMUX24@2,1","RMUX55(+0,+2)->RMUX24","2","2","afexe_bitgen_20260919"
"RMUX57@2,3->RMUX45@2,3","RMUX57(+0,+0)->RMUX45","2","2","afexe_bitgen_20260919"
"RMUX57@2,3->RMUX34@2,4","RMUX57(+0,-1)->RMUX34","2","2","afexe_bitgen_20260919"
"RMUX57@2,3->RMUX38@2,4","RMUX57(+0,-1)->RMUX38","2","2","afexe_bitgen_20260919"
"RMUX67@2,3->RMUX72@2,3","RMUX67(+0,+0)->RMUX72","2","2","afexe_bitgen_20260919"
"RMUX67@2,3->RMUX94@2,4","RMUX67(+0,-1)->RMUX94","2","2","afexe_bitgen_20260919"
"RMUX68@2,3->RMUX80@1,3","RMUX68(+1,+0)->RMUX80","1","2","afexe_bitgen_20260919"
"RMUX68@2,3->RMUX85@1,3","RMUX68(+1,+0)->RMUX85","1","2","afexe_bitgen_20260919"
"RMUX91@2,3->RMUX72@1,3","RMUX91(+1,+0)->RMUX72","1","2","afexe_bitgen_20260919"
"RMUX91@2,3->RMUX89@1,3","RMUX91(+1,+0)->RMUX89","1","2","afexe_bitgen_20260919"
"RMUX7@2,4->RMUX25@2,4","RMUX7(+0,+0)->RMUX25","2","2","afexe_bitgen_20260919"
"RMUX9@2,4->RMUX38@2,4","RMUX9(+0,+0)->RMUX38","2","2","afexe_bitgen_20260919"
"RMUX15@2,4->RMUX63@1,4","RMUX15(+1,+0)->RMUX63","1","2","afexe_bitgen_20260919"
"RMUX25@2,4->RMUX0@2,1","RMUX25(+0,+3)->RMUX0","2","2","afexe_bitgen_20260919"
"RMUX25@2,4->RMUX0@2,4","RMUX25(+0,+0)->RMUX0","2","2","afexe_bitgen_20260919"
"RMUX32@2,4->RMUX33@2,2","RMUX32(+0,+2)->RMUX33","2","2","afexe_bitgen_20260919"
"RMUX38@2,4->RMUX50@1,4","RMUX38(+1,+0)->RMUX50","1","2","afexe_bitgen_20260919"
"RMUX44@2,4->RMUX85@2,4","RMUX44(+0,+0)->RMUX85","2","2","afexe_bitgen_20260919"
"RMUX45@2,4->RMUX86@1,4","RMUX45(+1,+0)->RMUX86","1","2","afexe_bitgen_20260919"
"RMUX51@2,4->RMUX15@2,4","RMUX51(+0,+0)->RMUX15","2","2","afexe_bitgen_20260919"
"RMUX57@2,4->RMUX45@2,4","RMUX57(+0,+0)->RMUX45","2","2","afexe_bitgen_20260919"
"RMUX67@2,4->RMUX72@2,4","RMUX67(+0,+0)->RMUX72","2","2","afexe_bitgen_20260919"
"RMUX68@2,4->RMUX80@1,4","RMUX68(+1,+0)->RMUX80","1","2","afexe_bitgen_20260919"
"RMUX68@2,4->RMUX85@1,4","RMUX68(+1,+0)->RMUX85","1","2","afexe_bitgen_20260919"
"RMUX73@2,4->RMUX1@2,4","RMUX73(+0,+0)->RMUX1","2","2","afexe_bitgen_20260919"
"RMUX75@2,4->RMUX10@2,3","RMUX75(+0,+1)->RMUX10","2","2","afexe_bitgen_20260919"
"RMUX91@2,4->RMUX72@1,4","RMUX91(+1,+0)->RMUX72","1","2","afexe_bitgen_20260919"
"RMUX91@2,4->RMUX89@1,4","RMUX91(+1,+0)->RMUX89","1","2","afexe_bitgen_20260919"
"RMUX3@3,1->RMUX15@3,1","RMUX3(+0,+0)->RMUX15","3","2","afexe_bitgen_20260919"
"RMUX3@3,1->RMUX21@3,1","RMUX3(+0,+0)->RMUX21","3","2","afexe_bitgen_20260919"
"RMUX8@3,1->RMUX26@2,1","RMUX8(+1,+0)->RMUX26","2","2","afexe_bitgen_20260919"
"RMUX8@3,1->RMUX27@2,1","RMUX8(+1,+0)->RMUX27","2","2","afexe_bitgen_20260919"
"RMUX8@3,1->RMUX37@2,1","RMUX8(+1,+0)->RMUX37","2","2","afexe_bitgen_20260919"
"RMUX9@3,1->RMUX38@3,1","RMUX9(+0,+0)->RMUX38","3","2","afexe_bitgen_20260919"
"RMUX15@3,1->RMUX63@2,1","RMUX15(+1,+0)->RMUX63","2","2","afexe_bitgen_20260919"
"RMUX25@3,1->RMUX0@3,1","RMUX25(+0,+0)->RMUX0","3","2","afexe_bitgen_20260919"
"RMUX25@3,1->RMUX1@3,1","RMUX25(+0,+0)->RMUX1","3","2","afexe_bitgen_20260919"
"RMUX27@3,1->RMUX4@3,2","RMUX27(+0,-1)->RMUX4","3","2","afexe_bitgen_20260919"
"RMUX27@3,1->RMUX11@3,2","RMUX27(+0,-1)->RMUX11","3","2","afexe_bitgen_20260919"
"RMUX27@3,1->RMUX15@3,2","RMUX27(+0,-1)->RMUX15","3","2","afexe_bitgen_20260919"
"RMUX33@3,1->RMUX45@3,1","RMUX33(+0,+0)->RMUX45","3","2","afexe_bitgen_20260919"
"RMUX38@3,1->RMUX50@2,1","RMUX38(+1,+0)->RMUX50","2","2","afexe_bitgen_20260919"
"RMUX45@3,1->RMUX86@2,1","RMUX45(+1,+0)->RMUX86","2","2","afexe_bitgen_20260919"
"RMUX49@3,1->RMUX7@4,1","RMUX49(-1,+0)->RMUX7","4","2","afexe_bitgen_20260919"
"RMUX51@3,1->RMUX15@3,1","RMUX51(+0,+0)->RMUX15","3","2","afexe_bitgen_20260919"
"RMUX57@3,1->RMUX45@3,1","RMUX57(+0,+0)->RMUX45","3","2","afexe_bitgen_20260919"
"RMUX57@3,1->RMUX34@3,2","RMUX57(+0,-1)->RMUX34","3","2","afexe_bitgen_20260919"
"RMUX57@3,1->RMUX38@3,2","RMUX57(+0,-1)->RMUX38","3","2","afexe_bitgen_20260919"
"RMUX68@3,1->RMUX80@2,1","RMUX68(+1,+0)->RMUX80","2","2","afexe_bitgen_20260919"
"RMUX68@3,1->RMUX85@2,1","RMUX68(+1,+0)->RMUX85","2","2","afexe_bitgen_20260919"
"RMUX80@3,1->RMUX26@3,3","RMUX80(+0,-2)->RMUX26","3","2","afexe_bitgen_20260919"
"RMUX86@3,1->RMUX50@4,1","RMUX86(-1,+0)->RMUX50","4","2","afexe_bitgen_20260919"
"RMUX91@3,1->RMUX72@2,1","RMUX91(+1,+0)->RMUX72","2","2","afexe_bitgen_20260919"
"RMUX91@3,1->RMUX89@2,1","RMUX91(+1,+0)->RMUX89","2","2","afexe_bitgen_20260919"
"RMUX92@3,1->RMUX81@3,1","RMUX92(+0,+0)->RMUX81","3","2","afexe_bitgen_20260919"
"RMUX2@3,2->RMUX18@3,1","RMUX2(+0,+1)->RMUX18","3","2","afexe_bitgen_20260919"
"RMUX3@3,2->RMUX15@3,2","RMUX3(+0,+0)->RMUX15","3","2","afexe_bitgen_20260919"
"RMUX3@3,2->RMUX21@3,2","RMUX3(+0,+0)->RMUX21","3","2","afexe_bitgen_20260919"
"RMUX8@3,2->RMUX26@2,2","RMUX8(+1,+0)->RMUX26","2","2","afexe_bitgen_20260919"
"RMUX8@3,2->RMUX27@2,2","RMUX8(+1,+0)->RMUX27","2","2","afexe_bitgen_20260919"
"RMUX8@3,2->RMUX37@2,2","RMUX8(+1,+0)->RMUX37","2","2","afexe_bitgen_20260919"
"RMUX15@3,2->RMUX63@2,2","RMUX15(+1,+0)->RMUX63","2","2","afexe_bitgen_20260919"
"RMUX19@3,2->RMUX88@3,1","RMUX19(+0,+1)->RMUX88","3","2","afexe_bitgen_20260919"
"RMUX19@3,2->RMUX89@3,1","RMUX19(+0,+1)->RMUX89","3","2","afexe_bitgen_20260919"
"RMUX19@3,2->RMUX95@3,1","RMUX19(+0,+1)->RMUX95","3","2","afexe_bitgen_20260919"
"RMUX25@3,2->RMUX0@3,2","RMUX25(+0,+0)->RMUX0","3","2","afexe_bitgen_20260919"
"RMUX25@3,2->RMUX1@3,2","RMUX25(+0,+0)->RMUX1","3","2","afexe_bitgen_20260919"
"RMUX33@3,2->RMUX45@3,2","RMUX33(+0,+0)->RMUX45","3","2","afexe_bitgen_20260919"
"RMUX37@3,2->RMUX48@3,4","RMUX37(+0,-2)->RMUX48","3","2","afexe_bitgen_20260919"
"RMUX38@3,2->RMUX50@2,2","RMUX38(+1,+0)->RMUX50","2","2","afexe_bitgen_20260919"
"RMUX39@3,2->RMUX52@3,1","RMUX39(+0,+1)->RMUX52","3","2","afexe_bitgen_20260919"
"RMUX39@3,2->RMUX53@3,1","RMUX39(+0,+1)->RMUX53","3","2","afexe_bitgen_20260919"
"RMUX39@3,2->RMUX58@3,1","RMUX39(+0,+1)->RMUX58","3","2","afexe_bitgen_20260919"
"RMUX45@3,2->RMUX86@2,2","RMUX45(+1,+0)->RMUX86","2","2","afexe_bitgen_20260919"
"RMUX49@3,2->RMUX7@4,2","RMUX49(-1,+0)->RMUX7","4","2","afexe_bitgen_20260919"
"RMUX51@3,2->RMUX15@3,2","RMUX51(+0,+0)->RMUX15","3","2","afexe_bitgen_20260919"
"RMUX55@3,2->RMUX31@3,1","RMUX55(+0,+1)->RMUX31","3","2","afexe_bitgen_20260919"
"RMUX68@3,2->RMUX80@2,2","RMUX68(+1,+0)->RMUX80","2","2","afexe_bitgen_20260919"
"RMUX68@3,2->RMUX85@2,2","RMUX68(+1,+0)->RMUX85","2","2","afexe_bitgen_20260919"
"RMUX69@3,2->RMUX93@3,1","RMUX69(+0,+1)->RMUX93","3","2","afexe_bitgen_20260919"
"RMUX73@3,2->RMUX0@3,4","RMUX73(+0,-2)->RMUX0","3","2","afexe_bitgen_20260919"
"RMUX75@3,2->RMUX10@3,1","RMUX75(+0,+1)->RMUX10","3","2","afexe_bitgen_20260919"
"RMUX80@3,2->RMUX26@3,4","RMUX80(+0,-2)->RMUX26","3","2","afexe_bitgen_20260919"
"RMUX86@3,2->RMUX50@4,2","RMUX86(-1,+0)->RMUX50","4","2","afexe_bitgen_20260919"
"RMUX91@3,2->RMUX72@2,2","RMUX91(+1,+0)->RMUX72","2","2","afexe_bitgen_20260919"
"RMUX91@3,2->RMUX89@2,2","RMUX91(+1,+0)->RMUX89","2","2","afexe_bitgen_20260919"
"RMUX92@3,2->RMUX81@3,2","RMUX92(+0,+0)->RMUX81","3","2","afexe_bitgen_20260919"
"RMUX3@3,3->RMUX15@3,3","RMUX3(+0,+0)->RMUX15","3","2","afexe_bitgen_20260919"
"RMUX7@3,3->RMUX25@3,3","RMUX7(+0,+0)->RMUX25","3","2","afexe_bitgen_20260919"
"RMUX8@3,3->RMUX26@2,3","RMUX8(+1,+0)->RMUX26","2","2","afexe_bitgen_20260919"
"RMUX8@3,3->RMUX27@2,3","RMUX8(+1,+0)->RMUX27","2","2","afexe_bitgen_20260919"
"RMUX8@3,3->RMUX33@2,3","RMUX8(+1,+0)->RMUX33","2","2","afexe_bitgen_20260919"
"RMUX14@3,3->RMUX61@3,4","RMUX14(+0,-1)->RMUX61","3","2","afexe_bitgen_20260919"
"RMUX15@3,3->RMUX63@2,3","RMUX15(+1,+0)->RMUX63","2","2","afexe_bitgen_20260919"
"RMUX27@3,3->RMUX4@3,4","RMUX27(+0,-1)->RMUX4","3","2","afexe_bitgen_20260919"
"RMUX27@3,3->RMUX11@3,4","RMUX27(+0,-1)->RMUX11","3","2","afexe_bitgen_20260919"
"RMUX27@3,3->RMUX15@3,4","RMUX27(+0,-1)->RMUX15","3","2","afexe_bitgen_20260919"
"RMUX32@3,3->RMUX33@3,1","RMUX32(+0,+2)->RMUX33","3","2","afexe_bitgen_20260919"
"RMUX33@3,3->RMUX45@3,3","RMUX33(+0,+0)->RMUX45","3","2","afexe_bitgen_20260919"
"RMUX44@3,3->RMUX85@3,3","RMUX44(+0,+0)->RMUX85","3","2","afexe_bitgen_20260919"
"RMUX45@3,3->RMUX86@2,3","RMUX45(+1,+0)->RMUX86","2","2","afexe_bitgen_20260919"
"RMUX49@3,3->RMUX7@4,3","RMUX49(-1,+0)->RMUX7","4","2","afexe_bitgen_20260919"
"RMUX51@3,3->RMUX15@3,3","RMUX51(+0,+0)->RMUX15","3","2","afexe_bitgen_20260919"
"RMUX55@3,3->RMUX24@3,1","RMUX55(+0,+2)->RMUX24","3","2","afexe_bitgen_20260919"
"RMUX57@3,3->RMUX34@3,4","RMUX57(+0,-1)->RMUX34","3","2","afexe_bitgen_20260919"
"RMUX57@3,3->RMUX38@3,4","RMUX57(+0,-1)->RMUX38","3","2","afexe_bitgen_20260919"
"RMUX67@3,3->RMUX72@3,3","RMUX67(+0,+0)->RMUX72","3","2","afexe_bitgen_20260919"
"RMUX67@3,3->RMUX94@3,4","RMUX67(+0,-1)->RMUX94","3","2","afexe_bitgen_20260919"
"RMUX68@3,3->RMUX80@2,3","RMUX68(+1,+0)->RMUX80","2","2","afexe_bitgen_20260919"
"RMUX68@3,3->RMUX85@2,3","RMUX68(+1,+0)->RMUX85","2","2","afexe_bitgen_20260919"
"RMUX73@3,3->RMUX1@3,3","RMUX73(+0,+0)->RMUX1","3","2","afexe_bitgen_20260919"
"RMUX86@3,3->RMUX50@4,3","RMUX86(-1,+0)->RMUX50","4","2","afexe_bitgen_20260919"
"RMUX91@3,3->RMUX72@2,3","RMUX91(+1,+0)->RMUX72","2","2","afexe_bitgen_20260919"
"RMUX91@3,3->RMUX89@2,3","RMUX91(+1,+0)->RMUX89","2","2","afexe_bitgen_20260919"
"RMUX2@3,4->RMUX18@3,3","RMUX2(+0,+1)->RMUX18","3","2","afexe_bitgen_20260919"
"RMUX7@3,4->RMUX25@3,4","RMUX7(+0,+0)->RMUX25","3","2","afexe_bitgen_20260919"
"RMUX8@3,4->RMUX26@2,4","RMUX8(+1,+0)->RMUX26","2","2","afexe_bitgen_20260919"
"RMUX8@3,4->RMUX37@2,4","RMUX8(+1,+0)->RMUX37","2","2","afexe_bitgen_20260919"
"RMUX9@3,4->RMUX38@3,3","RMUX9(+0,+1)->RMUX38","3","2","afexe_bitgen_20260919"
"RMUX15@3,4->RMUX63@2,4","RMUX15(+1,+0)->RMUX63","2","2","afexe_bitgen_20260919"
"RMUX19@3,4->RMUX88@3,3","RMUX19(+0,+1)->RMUX88","3","2","afexe_bitgen_20260919"
"RMUX19@3,4->RMUX89@3,3","RMUX19(+0,+1)->RMUX89","3","2","afexe_bitgen_20260919"
"RMUX19@3,4->RMUX95@3,3","RMUX19(+0,+1)->RMUX95","3","2","afexe_bitgen_20260919"
"RMUX32@3,4->RMUX33@3,2","RMUX32(+0,+2)->RMUX33","3","2","afexe_bitgen_20260919"
"RMUX33@3,4->RMUX45@3,4","RMUX33(+0,+0)->RMUX45","3","2","afexe_bitgen_20260919"
"RMUX38@3,4->RMUX50@2,4","RMUX38(+1,+0)->RMUX50","2","2","afexe_bitgen_20260919"
"RMUX44@3,4->RMUX85@3,4","RMUX44(+0,+0)->RMUX85","3","2","afexe_bitgen_20260919"
"RMUX45@3,4->RMUX86@2,4","RMUX45(+1,+0)->RMUX86","2","2","afexe_bitgen_20260919"
"RMUX49@3,4->RMUX7@4,4","RMUX49(-1,+0)->RMUX7","4","2","afexe_bitgen_20260919"
"RMUX67@3,4->RMUX72@3,4","RMUX67(+0,+0)->RMUX72","3","2","afexe_bitgen_20260919"
"RMUX68@3,4->RMUX80@2,4","RMUX68(+1,+0)->RMUX80","2","2","afexe_bitgen_20260919"
"RMUX68@3,4->RMUX85@2,4","RMUX68(+1,+0)->RMUX85","2","2","afexe_bitgen_20260919"
"RMUX73@3,4->RMUX1@3,4","RMUX73(+0,+0)->RMUX1","3","2","afexe_bitgen_20260919"
"RMUX75@3,4->RMUX10@3,3","RMUX75(+0,+1)->RMUX10","3","2","afexe_bitgen_20260919"
"RMUX86@3,4->RMUX50@4,4","RMUX86(-1,+0)->RMUX50","4","2","afexe_bitgen_20260919"
"RMUX91@3,4->RMUX72@2,4","RMUX91(+1,+0)->RMUX72","2","2","afexe_bitgen_20260919"
"RMUX91@3,4->RMUX89@2,4","RMUX91(+1,+0)->RMUX89","2","2","afexe_bitgen_20260919"
"RMUX3@4,1->RMUX21@4,1","RMUX3(+0,+0)->RMUX21","4","2","afexe_bitgen_20260919"
"RMUX8@4,1->RMUX26@3,1","RMUX8(+1,+0)->RMUX26","3","2","afexe_bitgen_20260919"
"RMUX8@4,1->RMUX27@3,1","RMUX8(+1,+0)->RMUX27","3","2","afexe_bitgen_20260919"
"RMUX8@4,1->RMUX33@3,1","RMUX8(+1,+0)->RMUX33","3","2","afexe_bitgen_20260919"
"RMUX8@4,1->RMUX37@3,1","RMUX8(+1,+0)->RMUX37","3","2","afexe_bitgen_20260919"
"RMUX9@4,1->RMUX38@4,1","RMUX9(+0,+0)->RMUX38","4","2","afexe_bitgen_20260919"
"RMUX15@4,1->RMUX63@3,1","RMUX15(+1,+0)->RMUX63","3","2","afexe_bitgen_20260919"
"RMUX25@4,1->RMUX0@4,1","RMUX25(+0,+0)->RMUX0","4","2","afexe_bitgen_20260919"
"RMUX25@4,1->RMUX1@4,1","RMUX25(+0,+0)->RMUX1","4","2","afexe_bitgen_20260919"
"RMUX27@4,1->RMUX4@4,2","RMUX27(+0,-1)->RMUX4","4","2","afexe_bitgen_20260919"
"RMUX27@4,1->RMUX11@4,2","RMUX27(+0,-1)->RMUX11","4","2","afexe_bitgen_20260919"
"RMUX27@4,1->RMUX15@4,2","RMUX27(+0,-1)->RMUX15","4","2","afexe_bitgen_20260919"
"RMUX33@4,1->RMUX45@4,1","RMUX33(+0,+0)->RMUX45","4","2","afexe_bitgen_20260919"
"RMUX38@4,1->RMUX50@3,1","RMUX38(+1,+0)->RMUX50","3","2","afexe_bitgen_20260919"
"RMUX45@4,1->RMUX86@3,1","RMUX45(+1,+0)->RMUX86","3","2","afexe_bitgen_20260919"
"RMUX49@4,1->RMUX7@5,1","RMUX49(-1,+0)->RMUX7","5","2","afexe_bitgen_20260919"
"RMUX51@4,1->RMUX15@4,1","RMUX51(+0,+0)->RMUX15","4","2","afexe_bitgen_20260919"
"RMUX57@4,1->RMUX45@4,1","RMUX57(+0,+0)->RMUX45","4","2","afexe_bitgen_20260919"
"RMUX57@4,1->RMUX34@4,2","RMUX57(+0,-1)->RMUX34","4","2","afexe_bitgen_20260919"
"RMUX57@4,1->RMUX38@4,2","RMUX57(+0,-1)->RMUX38","4","2","afexe_bitgen_20260919"
"RMUX68@4,1->RMUX80@3,1","RMUX68(+1,+0)->RMUX80","3","2","afexe_bitgen_20260919"
"RMUX68@4,1->RMUX85@3,1","RMUX68(+1,+0)->RMUX85","3","2","afexe_bitgen_20260919"
"RMUX80@4,1->RMUX26@4,3","RMUX80(+0,-2)->RMUX26","4","2","afexe_bitgen_20260919"
"RMUX86@4,1->RMUX50@5,1","RMUX86(-1,+0)->RMUX50","5","2","afexe_bitgen_20260919"
"RMUX91@4,1->RMUX72@3,1","RMUX91(+1,+0)->RMUX72","3","2","afexe_bitgen_20260919"
"RMUX91@4,1->RMUX89@3,1","RMUX91(+1,+0)->RMUX89","3","2","afexe_bitgen_20260919"
"RMUX92@4,1->RMUX81@4,1","RMUX92(+0,+0)->RMUX81","4","2","afexe_bitgen_20260919"
"RMUX2@4,2->RMUX18@4,1","RMUX2(+0,+1)->RMUX18","4","2","afexe_bitgen_20260919"
"RMUX3@4,2->RMUX21@4,2","RMUX3(+0,+0)->RMUX21","4","2","afexe_bitgen_20260919"
"RMUX8@4,2->RMUX26@3,2","RMUX8(+1,+0)->RMUX26","3","2","afexe_bitgen_20260919"
"RMUX8@4,2->RMUX37@3,2","RMUX8(+1,+0)->RMUX37","3","2","afexe_bitgen_20260919"
"RMUX15@4,2->RMUX63@3,2","RMUX15(+1,+0)->RMUX63","3","2","afexe_bitgen_20260919"
"RMUX19@4,2->RMUX88@4,1","RMUX19(+0,+1)->RMUX88","4","2","afexe_bitgen_20260919"
"RMUX19@4,2->RMUX89@4,1","RMUX19(+0,+1)->RMUX89","4","2","afexe_bitgen_20260919"
"RMUX19@4,2->RMUX95@4,1","RMUX19(+0,+1)->RMUX95","4","2","afexe_bitgen_20260919"
"RMUX25@4,2->RMUX0@4,2","RMUX25(+0,+0)->RMUX0","4","2","afexe_bitgen_20260919"
"RMUX25@4,2->RMUX1@4,2","RMUX25(+0,+0)->RMUX1","4","2","afexe_bitgen_20260919"
"RMUX37@4,2->RMUX48@4,4","RMUX37(+0,-2)->RMUX48","4","2","afexe_bitgen_20260919"
"RMUX38@4,2->RMUX50@3,2","RMUX38(+1,+0)->RMUX50","3","2","afexe_bitgen_20260919"
"RMUX39@4,2->RMUX52@4,1","RMUX39(+0,+1)->RMUX52","4","2","afexe_bitgen_20260919"
"RMUX39@4,2->RMUX53@4,1","RMUX39(+0,+1)->RMUX53","4","2","afexe_bitgen_20260919"
"RMUX39@4,2->RMUX58@4,1","RMUX39(+0,+1)->RMUX58","4","2","afexe_bitgen_20260919"
"RMUX45@4,2->RMUX86@3,2","RMUX45(+1,+0)->RMUX86","3","2","afexe_bitgen_20260919"
"RMUX49@4,2->RMUX7@5,2","RMUX49(-1,+0)->RMUX7","5","2","afexe_bitgen_20260919"
"RMUX55@4,2->RMUX31@4,1","RMUX55(+0,+1)->RMUX31","4","2","afexe_bitgen_20260919"
"RMUX68@4,2->RMUX80@3,2","RMUX68(+1,+0)->RMUX80","3","2","afexe_bitgen_20260919"
"RMUX68@4,2->RMUX85@3,2","RMUX68(+1,+0)->RMUX85","3","2","afexe_bitgen_20260919"
"RMUX69@4,2->RMUX93@4,1","RMUX69(+0,+1)->RMUX93","4","2","afexe_bitgen_20260919"
"RMUX73@4,2->RMUX0@4,4","RMUX73(+0,-2)->RMUX0","4","2","afexe_bitgen_20260919"
"RMUX75@4,2->RMUX10@4,1","RMUX75(+0,+1)->RMUX10","4","2","afexe_bitgen_20260919"
"RMUX80@4,2->RMUX26@4,4","RMUX80(+0,-2)->RMUX26","4","2","afexe_bitgen_20260919"
"RMUX86@4,2->RMUX50@5,2","RMUX86(-1,+0)->RMUX50","5","2","afexe_bitgen_20260919"
"RMUX91@4,2->RMUX72@3,2","RMUX91(+1,+0)->RMUX72","3","2","afexe_bitgen_20260919"
"RMUX91@4,2->RMUX89@3,2","RMUX91(+1,+0)->RMUX89","3","2","afexe_bitgen_20260919"
"RMUX92@4,2->RMUX81@4,2","RMUX92(+0,+0)->RMUX81","4","2","afexe_bitgen_20260919"
"RMUX3@4,3->RMUX15@4,3","RMUX3(+0,+0)->RMUX15","4","2","afexe_bitgen_20260919"
"RMUX7@4,3->RMUX25@4,3","RMUX7(+0,+0)->RMUX25","4","2","afexe_bitgen_20260919"
"RMUX8@4,3->RMUX27@3,3","RMUX8(+1,+0)->RMUX27","3","2","afexe_bitgen_20260919"
"RMUX8@4,3->RMUX33@3,3","RMUX8(+1,+0)->RMUX33","3","2","afexe_bitgen_20260919"
"RMUX14@4,3->RMUX61@4,4","RMUX14(+0,-1)->RMUX61","4","2","afexe_bitgen_20260919"
"RMUX15@4,3->RMUX63@3,3","RMUX15(+1,+0)->RMUX63","3","2","afexe_bitgen_20260919"
"RMUX27@4,3->RMUX4@4,4","RMUX27(+0,-1)->RMUX4","4","2","afexe_bitgen_20260919"
"RMUX27@4,3->RMUX11@4,4","RMUX27(+0,-1)->RMUX11","4","2","afexe_bitgen_20260919"
"RMUX27@4,3->RMUX15@4,4","RMUX27(+0,-1)->RMUX15","4","2","afexe_bitgen_20260919"
"RMUX32@4,3->RMUX33@4,1","RMUX32(+0,+2)->RMUX33","4","2","afexe_bitgen_20260919"
"RMUX38@4,3->RMUX50@3,3","RMUX38(+1,+0)->RMUX50","3","2","afexe_bitgen_20260919"
"RMUX45@4,3->RMUX86@3,3","RMUX45(+1,+0)->RMUX86","3","2","afexe_bitgen_20260919"
"RMUX49@4,3->RMUX7@5,3","RMUX49(-1,+0)->RMUX7","5","2","afexe_bitgen_20260919"
"RMUX51@4,3->RMUX15@4,3","RMUX51(+0,+0)->RMUX15","4","2","afexe_bitgen_20260919"
"RMUX55@4,3->RMUX24@4,1","RMUX55(+0,+2)->RMUX24","4","2","afexe_bitgen_20260919"
"RMUX57@4,3->RMUX45@4,3","RMUX57(+0,+0)->RMUX45","4","2","afexe_bitgen_20260919"
"RMUX57@4,3->RMUX34@4,4","RMUX57(+0,-1)->RMUX34","4","2","afexe_bitgen_20260919"
"RMUX57@4,3->RMUX38@4,4","RMUX57(+0,-1)->RMUX38","4","2","afexe_bitgen_20260919"
"RMUX67@4,3->RMUX72@4,3","RMUX67(+0,+0)->RMUX72","4","2","afexe_bitgen_20260919"
"RMUX67@4,3->RMUX94@4,4","RMUX67(+0,-1)->RMUX94","4","2","afexe_bitgen_20260919"
"RMUX68@4,3->RMUX80@3,3","RMUX68(+1,+0)->RMUX80","3","2","afexe_bitgen_20260919"
"RMUX68@4,3->RMUX85@3,3","RMUX68(+1,+0)->RMUX85","3","2","afexe_bitgen_20260919"
"RMUX73@4,3->RMUX1@4,3","RMUX73(+0,+0)->RMUX1","4","2","afexe_bitgen_20260919"
"RMUX86@4,3->RMUX50@5,3","RMUX86(-1,+0)->RMUX50","5","2","afexe_bitgen_20260919"
"RMUX91@4,3->RMUX72@3,3","RMUX91(+1,+0)->RMUX72","3","2","afexe_bitgen_20260919"
"RMUX91@4,3->RMUX89@3,3","RMUX91(+1,+0)->RMUX89","3","2","afexe_bitgen_20260919"
"RMUX3@4,4->RMUX15@4,4","RMUX3(+0,+0)->RMUX15","4","2","afexe_bitgen_20260919"
"RMUX7@4,4->RMUX25@4,4","RMUX7(+0,+0)->RMUX25","4","2","afexe_bitgen_20260919"
"RMUX8@4,4->RMUX26@3,4","RMUX8(+1,+0)->RMUX26","3","2","afexe_bitgen_20260919"
"RMUX8@4,4->RMUX27@3,4","RMUX8(+1,+0)->RMUX27","3","2","afexe_bitgen_20260919"
"RMUX9@4,4->RMUX38@4,3","RMUX9(+0,+1)->RMUX38","4","2","afexe_bitgen_20260919"
"RMUX9@4,4->RMUX38@4,4","RMUX9(+0,+0)->RMUX38","4","2","afexe_bitgen_20260919"
"RMUX15@4,4->RMUX63@3,4","RMUX15(+1,+0)->RMUX63","3","2","afexe_bitgen_20260919"
"RMUX32@4,4->RMUX33@4,2","RMUX32(+0,+2)->RMUX33","4","2","afexe_bitgen_20260919"
"RMUX33@4,4->RMUX45@4,4","RMUX33(+0,+0)->RMUX45","4","2","afexe_bitgen_20260919"
"RMUX38@4,4->RMUX50@3,4","RMUX38(+1,+0)->RMUX50","3","2","afexe_bitgen_20260919"
"RMUX44@4,4->RMUX85@4,4","RMUX44(+0,+0)->RMUX85","4","2","afexe_bitgen_20260919"
"RMUX45@4,4->RMUX86@3,4","RMUX45(+1,+0)->RMUX86","3","2","afexe_bitgen_20260919"
"RMUX49@4,4->RMUX7@5,4","RMUX49(-1,+0)->RMUX7","5","2","afexe_bitgen_20260919"
"RMUX67@4,4->RMUX72@4,4","RMUX67(+0,+0)->RMUX72","4","2","afexe_bitgen_20260919"
"RMUX73@4,4->RMUX1@4,4","RMUX73(+0,+0)->RMUX1","4","2","afexe_bitgen_20260919"
"RMUX75@4,4->RMUX10@4,3","RMUX75(+0,+1)->RMUX10","4","2","afexe_bitgen_20260919"
"RMUX86@4,4->RMUX50@5,4","RMUX86(-1,+0)->RMUX50","5","2","afexe_bitgen_20260919"
"RMUX91@4,4->RMUX72@3,4","RMUX91(+1,+0)->RMUX72","3","2","afexe_bitgen_20260919"
"RMUX91@4,4->RMUX89@3,4","RMUX91(+1,+0)->RMUX89","3","2","afexe_bitgen_20260919"
"RMUX3@5,1->RMUX15@5,1","RMUX3(+0,+0)->RMUX15","5","2","afexe_bitgen_20260919"
"RMUX3@5,1->RMUX21@5,1","RMUX3(+0,+0)->RMUX21","5","2","afexe_bitgen_20260919"
"RMUX8@5,1->RMUX26@4,1","RMUX8(+1,+0)->RMUX26","4","2","afexe_bitgen_20260919"
"RMUX8@5,1->RMUX27@4,1","RMUX8(+1,+0)->RMUX27","4","2","afexe_bitgen_20260919"
"RMUX8@5,1->RMUX33@4,1","RMUX8(+1,+0)->RMUX33","4","2","afexe_bitgen_20260919"
"RMUX8@5,1->RMUX37@4,1","RMUX8(+1,+0)->RMUX37","4","2","afexe_bitgen_20260919"
"RMUX9@5,1->RMUX38@5,1","RMUX9(+0,+0)->RMUX38","5","2","afexe_bitgen_20260919"
"RMUX25@5,1->RMUX0@5,1","RMUX25(+0,+0)->RMUX0","5","2","afexe_bitgen_20260919"
"RMUX25@5,1->RMUX1@5,1","RMUX25(+0,+0)->RMUX1","5","2","afexe_bitgen_20260919"
"RMUX27@5,1->RMUX4@5,2","RMUX27(+0,-1)->RMUX4","5","2","afexe_bitgen_20260919"
"RMUX27@5,1->RMUX15@5,2","RMUX27(+0,-1)->RMUX15","5","2","afexe_bitgen_20260919"
"RMUX33@5,1->RMUX45@5,1","RMUX33(+0,+0)->RMUX45","5","2","afexe_bitgen_20260919"
"RMUX38@5,1->RMUX50@4,1","RMUX38(+1,+0)->RMUX50","4","2","afexe_bitgen_20260919"
"RMUX45@5,1->RMUX86@4,1","RMUX45(+1,+0)->RMUX86","4","2","afexe_bitgen_20260919"
"RMUX49@5,1->RMUX7@6,1","RMUX49(-1,+0)->RMUX7","6","2","afexe_bitgen_20260919"
"RMUX51@5,1->RMUX15@5,1","RMUX51(+0,+0)->RMUX15","5","2","afexe_bitgen_20260919"
"RMUX57@5,1->RMUX45@5,1","RMUX57(+0,+0)->RMUX45","5","2","afexe_bitgen_20260919"
"RMUX57@5,1->RMUX34@5,2","RMUX57(+0,-1)->RMUX34","5","2","afexe_bitgen_20260919"
"RMUX57@5,1->RMUX38@5,2","RMUX57(+0,-1)->RMUX38","5","2","afexe_bitgen_20260919"
"RMUX68@5,1->RMUX80@4,1","RMUX68(+1,+0)->RMUX80","4","2","afexe_bitgen_20260919"
"RMUX68@5,1->RMUX85@4,1","RMUX68(+1,+0)->RMUX85","4","2","afexe_bitgen_20260919"
"RMUX80@5,1->RMUX26@5,3","RMUX80(+0,-2)->RMUX26","5","2","afexe_bitgen_20260919"
"RMUX86@5,1->RMUX50@6,1","RMUX86(-1,+0)->RMUX50","6","2","afexe_bitgen_20260919"
"RMUX91@5,1->RMUX72@4,1","RMUX91(+1,+0)->RMUX72","4","2","afexe_bitgen_20260919"
"RMUX91@5,1->RMUX89@4,1","RMUX91(+1,+0)->RMUX89","4","2","afexe_bitgen_20260919"
"RMUX92@5,1->RMUX81@5,1","RMUX92(+0,+0)->RMUX81","5","2","afexe_bitgen_20260919"
"RMUX2@5,2->RMUX18@5,1","RMUX2(+0,+1)->RMUX18","5","2","afexe_bitgen_20260919"
"RMUX8@5,2->RMUX26@4,2","RMUX8(+1,+0)->RMUX26","4","2","afexe_bitgen_20260919"
"RMUX8@5,2->RMUX27@4,2","RMUX8(+1,+0)->RMUX27","4","2","afexe_bitgen_20260919"
"RMUX9@5,2->RMUX38@5,1","RMUX9(+0,+1)->RMUX38","5","2","afexe_bitgen_20260919"
"RMUX15@5,2->RMUX63@4,2","RMUX15(+1,+0)->RMUX63","4","2","afexe_bitgen_20260919"
"RMUX19@5,2->RMUX88@5,1","RMUX19(+0,+1)->RMUX88","5","2","afexe_bitgen_20260919"
"RMUX19@5,2->RMUX89@5,1","RMUX19(+0,+1)->RMUX89","5","2","afexe_bitgen_20260919"
"RMUX19@5,2->RMUX95@5,1","RMUX19(+0,+1)->RMUX95","5","2","afexe_bitgen_20260919"
"RMUX25@5,2->RMUX0@5,2","RMUX25(+0,+0)->RMUX0","5","2","afexe_bitgen_20260919"
"RMUX25@5,2->RMUX1@5,2","RMUX25(+0,+0)->RMUX1","5","2","afexe_bitgen_20260919"
"RMUX33@5,2->RMUX45@5,2","RMUX33(+0,+0)->RMUX45","5","2","afexe_bitgen_20260919"
"RMUX37@5,2->RMUX48@5,4","RMUX37(+0,-2)->RMUX48","5","2","afexe_bitgen_20260919"
"RMUX38@5,2->RMUX50@4,2","RMUX38(+1,+0)->RMUX50","4","2","afexe_bitgen_20260919"
"RMUX39@5,2->RMUX52@5,1","RMUX39(+0,+1)->RMUX52","5","2","afexe_bitgen_20260919"
"RMUX39@5,2->RMUX53@5,1","RMUX39(+0,+1)->RMUX53","5","2","afexe_bitgen_20260919"
"RMUX39@5,2->RMUX58@5,1","RMUX39(+0,+1)->RMUX58","5","2","afexe_bitgen_20260919"
"RMUX45@5,2->RMUX86@4,2","RMUX45(+1,+0)->RMUX86","4","2","afexe_bitgen_20260919"
"RMUX49@5,2->RMUX7@6,2","RMUX49(-1,+0)->RMUX7","6","2","afexe_bitgen_20260919"
"RMUX51@5,2->RMUX15@5,2","RMUX51(+0,+0)->RMUX15","5","2","afexe_bitgen_20260919"
"RMUX55@5,2->RMUX31@5,1","RMUX55(+0,+1)->RMUX31","5","2","afexe_bitgen_20260919"
"RMUX68@5,2->RMUX80@4,2","RMUX68(+1,+0)->RMUX80","4","2","afexe_bitgen_20260919"
"RMUX68@5,2->RMUX85@4,2","RMUX68(+1,+0)->RMUX85","4","2","afexe_bitgen_20260919"
"RMUX69@5,2->RMUX93@5,1","RMUX69(+0,+1)->RMUX93","5","2","afexe_bitgen_20260919"
"RMUX73@5,2->RMUX0@5,4","RMUX73(+0,-2)->RMUX0","5","2","afexe_bitgen_20260919"
"RMUX75@5,2->RMUX10@5,1","RMUX75(+0,+1)->RMUX10","5","2","afexe_bitgen_20260919"
"RMUX80@5,2->RMUX26@5,4","RMUX80(+0,-2)->RMUX26","5","2","afexe_bitgen_20260919"
"RMUX86@5,2->RMUX50@6,2","RMUX86(-1,+0)->RMUX50","6","2","afexe_bitgen_20260919"
"RMUX91@5,2->RMUX72@4,2","RMUX91(+1,+0)->RMUX72","4","2","afexe_bitgen_20260919"
"RMUX91@5,2->RMUX89@4,2","RMUX91(+1,+0)->RMUX89","4","2","afexe_bitgen_20260919"
"RMUX92@5,2->RMUX81@5,2","RMUX92(+0,+0)->RMUX81","5","2","afexe_bitgen_20260919"
"RMUX7@5,3->RMUX25@5,3","RMUX7(+0,+0)->RMUX25","5","2","afexe_bitgen_20260919"
"RMUX8@5,3->RMUX26@4,3","RMUX8(+1,+0)->RMUX26","4","2","afexe_bitgen_20260919"
"RMUX8@5,3->RMUX27@4,3","RMUX8(+1,+0)->RMUX27","4","2","afexe_bitgen_20260919"
"RMUX8@5,3->RMUX33@4,3","RMUX8(+1,+0)->RMUX33","4","2","afexe_bitgen_20260919"
"RMUX8@5,3->RMUX37@4,3","RMUX8(+1,+0)->RMUX37","4","2","afexe_bitgen_20260919"
"RMUX14@5,3->RMUX61@5,4","RMUX14(+0,-1)->RMUX61","5","2","afexe_bitgen_20260919"
"RMUX15@5,3->RMUX63@4,3","RMUX15(+1,+0)->RMUX63","4","2","afexe_bitgen_20260919"
"RMUX27@5,3->RMUX4@5,4","RMUX27(+0,-1)->RMUX4","5","2","afexe_bitgen_20260919"
"RMUX27@5,3->RMUX11@5,4","RMUX27(+0,-1)->RMUX11","5","2","afexe_bitgen_20260919"
"RMUX32@5,3->RMUX33@5,1","RMUX32(+0,+2)->RMUX33","5","2","afexe_bitgen_20260919"
"RMUX38@5,3->RMUX50@4,3","RMUX38(+1,+0)->RMUX50","4","2","afexe_bitgen_20260919"
"RMUX45@5,3->RMUX86@4,3","RMUX45(+1,+0)->RMUX86","4","2","afexe_bitgen_20260919"
"RMUX49@5,3->RMUX7@6,3","RMUX49(-1,+0)->RMUX7","6","2","afexe_bitgen_20260919"
"RMUX51@5,3->RMUX15@5,3","RMUX51(+0,+0)->RMUX15","5","2","afexe_bitgen_20260919"
"RMUX55@5,3->RMUX24@5,1","RMUX55(+0,+2)->RMUX24","5","2","afexe_bitgen_20260919"
"RMUX57@5,3->RMUX45@5,3","RMUX57(+0,+0)->RMUX45","5","2","afexe_bitgen_20260919"
"RMUX57@5,3->RMUX34@5,4","RMUX57(+0,-1)->RMUX34","5","2","afexe_bitgen_20260919"
"RMUX57@5,3->RMUX38@5,4","RMUX57(+0,-1)->RMUX38","5","2","afexe_bitgen_20260919"
"RMUX67@5,3->RMUX72@5,3","RMUX67(+0,+0)->RMUX72","5","2","afexe_bitgen_20260919"
"RMUX67@5,3->RMUX94@5,4","RMUX67(+0,-1)->RMUX94","5","2","afexe_bitgen_20260919"
"RMUX68@5,3->RMUX80@4,3","RMUX68(+1,+0)->RMUX80","4","2","afexe_bitgen_20260919"
"RMUX68@5,3->RMUX85@4,3","RMUX68(+1,+0)->RMUX85","4","2","afexe_bitgen_20260919"
"RMUX73@5,3->RMUX1@5,3","RMUX73(+0,+0)->RMUX1","5","2","afexe_bitgen_20260919"
"RMUX86@5,3->RMUX50@6,3","RMUX86(-1,+0)->RMUX50","6","2","afexe_bitgen_20260919"
"RMUX91@5,3->RMUX72@4,3","RMUX91(+1,+0)->RMUX72","4","2","afexe_bitgen_20260919"
"RMUX91@5,3->RMUX89@4,3","RMUX91(+1,+0)->RMUX89","4","2","afexe_bitgen_20260919"
"RMUX3@5,4->RMUX21@5,4","RMUX3(+0,+0)->RMUX21","5","2","afexe_bitgen_20260919"
"RMUX7@5,4->RMUX25@5,4","RMUX7(+0,+0)->RMUX25","5","2","afexe_bitgen_20260919"
"RMUX8@5,4->RMUX33@4,4","RMUX8(+1,+0)->RMUX33","4","2","afexe_bitgen_20260919"
"RMUX8@5,4->RMUX37@4,4","RMUX8(+1,+0)->RMUX37","4","2","afexe_bitgen_20260919"
"RMUX9@5,4->RMUX38@5,3","RMUX9(+0,+1)->RMUX38","5","2","afexe_bitgen_20260919"
"RMUX15@5,4->RMUX63@4,4","RMUX15(+1,+0)->RMUX63","4","2","afexe_bitgen_20260919"
"RMUX32@5,4->RMUX33@5,2","RMUX32(+0,+2)->RMUX33","5","2","afexe_bitgen_20260919"
"RMUX44@5,4->RMUX85@5,4","RMUX44(+0,+0)->RMUX85","5","2","afexe_bitgen_20260919"
"RMUX45@5,4->RMUX86@4,4","RMUX45(+1,+0)->RMUX86","4","2","afexe_bitgen_20260919"
"RMUX49@5,4->RMUX7@6,4","RMUX49(-1,+0)->RMUX7","6","2","afexe_bitgen_20260919"
"RMUX57@5,4->RMUX45@5,4","RMUX57(+0,+0)->RMUX45","5","2","afexe_bitgen_20260919"
"RMUX67@5,4->RMUX72@5,4","RMUX67(+0,+0)->RMUX72","5","2","afexe_bitgen_20260919"
"RMUX68@5,4->RMUX80@4,4","RMUX68(+1,+0)->RMUX80","4","2","afexe_bitgen_20260919"
"RMUX68@5,4->RMUX85@4,4","RMUX68(+1,+0)->RMUX85","4","2","afexe_bitgen_20260919"
"RMUX68@5,4->RMUX81@8,4","RMUX68(-3,+0)->RMUX81","8","2","afexe_bitgen_20260919"
"RMUX75@5,4->RMUX10@5,3","RMUX75(+0,+1)->RMUX10","5","2","afexe_bitgen_20260919"
"RMUX86@5,4->RMUX50@6,4","RMUX86(-1,+0)->RMUX50","6","2","afexe_bitgen_20260919"
"RMUX91@5,4->RMUX72@4,4","RMUX91(+1,+0)->RMUX72","4","2","afexe_bitgen_20260919"
"RMUX91@5,4->RMUX89@4,4","RMUX91(+1,+0)->RMUX89","4","2","afexe_bitgen_20260919"
"RMUX3@6,1->RMUX15@6,1","RMUX3(+0,+0)->RMUX15","6","2","afexe_bitgen_20260919"
"RMUX3@6,1->RMUX21@6,1","RMUX3(+0,+0)->RMUX21","6","2","afexe_bitgen_20260919"
"RMUX7@6,1->RMUX25@6,1","RMUX7(+0,+0)->RMUX25","6","2","afexe_bitgen_20260919"
"RMUX8@6,1->RMUX26@5,1","RMUX8(+1,+0)->RMUX26","5","2","afexe_bitgen_20260919"
"RMUX8@6,1->RMUX27@5,1","RMUX8(+1,+0)->RMUX27","5","2","afexe_bitgen_20260919"
"RMUX8@6,1->RMUX33@5,1","RMUX8(+1,+0)->RMUX33","5","2","afexe_bitgen_20260919"
"RMUX8@6,1->RMUX37@5,1","RMUX8(+1,+0)->RMUX37","5","2","afexe_bitgen_20260919"
"RMUX9@6,1->RMUX38@6,1","RMUX9(+0,+0)->RMUX38","6","2","afexe_bitgen_20260919"
"RMUX14@6,1->RMUX61@6,2","RMUX14(+0,-1)->RMUX61","6","2","afexe_bitgen_20260919"
"RMUX15@6,1->RMUX63@5,1","RMUX15(+1,+0)->RMUX63","5","2","afexe_bitgen_20260919"
"RMUX25@6,1->RMUX0@6,1","RMUX25(+0,+0)->RMUX0","6","2","afexe_bitgen_20260919"
"RMUX25@6,1->RMUX1@6,1","RMUX25(+0,+0)->RMUX1","6","2","afexe_bitgen_20260919"
"RMUX27@6,1->RMUX4@6,2","RMUX27(+0,-1)->RMUX4","6","2","afexe_bitgen_20260919"
"RMUX27@6,1->RMUX11@6,2","RMUX27(+0,-1)->RMUX11","6","2","afexe_bitgen_20260919"
"RMUX27@6,1->RMUX15@6,2","RMUX27(+0,-1)->RMUX15","6","2","afexe_bitgen_20260919"
"RMUX33@6,1->RMUX45@6,1","RMUX33(+0,+0)->RMUX45","6","2","afexe_bitgen_20260919"
"RMUX37@6,1->RMUX48@6,3","RMUX37(+0,-2)->RMUX48","6","2","afexe_bitgen_20260919"
"RMUX38@6,1->RMUX50@5,1","RMUX38(+1,+0)->RMUX50","5","2","afexe_bitgen_20260919"
"RMUX44@6,1->RMUX85@6,1","RMUX44(+0,+0)->RMUX85","6","2","afexe_bitgen_20260919"
"RMUX45@6,1->RMUX86@5,1","RMUX45(+1,+0)->RMUX86","5","2","afexe_bitgen_20260919"
"RMUX49@6,1->RMUX7@7,1","RMUX49(-1,+0)->RMUX7","7","2","afexe_bitgen_20260919"
"RMUX51@6,1->RMUX15@6,1","RMUX51(+0,+0)->RMUX15","6","2","afexe_bitgen_20260919"
"RMUX57@6,1->RMUX45@6,1","RMUX57(+0,+0)->RMUX45","6","2","afexe_bitgen_20260919"
"RMUX57@6,1->RMUX34@6,2","RMUX57(+0,-1)->RMUX34","6","2","afexe_bitgen_20260919"
"RMUX57@6,1->RMUX38@6,2","RMUX57(+0,-1)->RMUX38","6","2","afexe_bitgen_20260919"
"RMUX68@6,1->RMUX80@5,1","RMUX68(+1,+0)->RMUX80","5","2","afexe_bitgen_20260919"
"RMUX68@6,1->RMUX85@5,1","RMUX68(+1,+0)->RMUX85","5","2","afexe_bitgen_20260919"
"RMUX73@6,1->RMUX1@6,1","RMUX73(+0,+0)->RMUX1","6","2","afexe_bitgen_20260919"
"RMUX73@6,1->RMUX0@6,3","RMUX73(+0,-2)->RMUX0","6","2","afexe_bitgen_20260919"
"RMUX80@6,1->RMUX26@6,3","RMUX80(+0,-2)->RMUX26","6","2","afexe_bitgen_20260919"
"RMUX86@6,1->RMUX50@7,1","RMUX86(-1,+0)->RMUX50","7","2","afexe_bitgen_20260919"
"RMUX91@6,1->RMUX72@5,1","RMUX91(+1,+0)->RMUX72","5","2","afexe_bitgen_20260919"
"RMUX91@6,1->RMUX89@5,1","RMUX91(+1,+0)->RMUX89","5","2","afexe_bitgen_20260919"
"RMUX92@6,1->RMUX81@6,1","RMUX92(+0,+0)->RMUX81","6","2","afexe_bitgen_20260919"
"RMUX2@6,2->RMUX18@6,1","RMUX2(+0,+1)->RMUX18","6","2","afexe_bitgen_20260919"
"RMUX8@6,2->RMUX26@5,2","RMUX8(+1,+0)->RMUX26","5","2","afexe_bitgen_20260919"
"RMUX8@6,2->RMUX27@5,2","RMUX8(+1,+0)->RMUX27","5","2","afexe_bitgen_20260919"
"RMUX8@6,2->RMUX33@5,2","RMUX8(+1,+0)->RMUX33","5","2","afexe_bitgen_20260919"
"RMUX8@6,2->RMUX37@5,2","RMUX8(+1,+0)->RMUX37","5","2","afexe_bitgen_20260919"
"RMUX9@6,2->RMUX38@6,1","RMUX9(+0,+1)->RMUX38","6","2","afexe_bitgen_20260919"
"RMUX9@6,2->RMUX38@6,2","RMUX9(+0,+0)->RMUX38","6","2","afexe_bitgen_20260919"
"RMUX15@6,2->RMUX63@5,2","RMUX15(+1,+0)->RMUX63","5","2","afexe_bitgen_20260919"
"RMUX19@6,2->RMUX88@6,1","RMUX19(+0,+1)->RMUX88","6","2","afexe_bitgen_20260919"
"RMUX19@6,2->RMUX89@6,1","RMUX19(+0,+1)->RMUX89","6","2","afexe_bitgen_20260919"
"RMUX19@6,2->RMUX95@6,1","RMUX19(+0,+1)->RMUX95","6","2","afexe_bitgen_20260919"
"RMUX25@6,2->RMUX0@6,2","RMUX25(+0,+0)->RMUX0","6","2","afexe_bitgen_20260919"
"RMUX25@6,2->RMUX1@6,2","RMUX25(+0,+0)->RMUX1","6","2","afexe_bitgen_20260919"
"RMUX33@6,2->RMUX45@6,2","RMUX33(+0,+0)->RMUX45","6","2","afexe_bitgen_20260919"
"RMUX37@6,2->RMUX48@6,4","RMUX37(+0,-2)->RMUX48","6","2","afexe_bitgen_20260919"
"RMUX38@6,2->RMUX50@5,2","RMUX38(+1,+0)->RMUX50","5","2","afexe_bitgen_20260919"
"RMUX39@6,2->RMUX52@6,1","RMUX39(+0,+1)->RMUX52","6","2","afexe_bitgen_20260919"
"RMUX39@6,2->RMUX53@6,1","RMUX39(+0,+1)->RMUX53","6","2","afexe_bitgen_20260919"
"RMUX39@6,2->RMUX58@6,1","RMUX39(+0,+1)->RMUX58","6","2","afexe_bitgen_20260919"
"RMUX45@6,2->RMUX86@5,2","RMUX45(+1,+0)->RMUX86","5","2","afexe_bitgen_20260919"
"RMUX49@6,2->RMUX7@7,2","RMUX49(-1,+0)->RMUX7","7","2","afexe_bitgen_20260919"
"RMUX51@6,2->RMUX15@6,2","RMUX51(+0,+0)->RMUX15","6","2","afexe_bitgen_20260919"
"RMUX68@6,2->RMUX80@5,2","RMUX68(+1,+0)->RMUX80","5","2","afexe_bitgen_20260919"
"RMUX68@6,2->RMUX85@5,2","RMUX68(+1,+0)->RMUX85","5","2","afexe_bitgen_20260919"
"RMUX69@6,2->RMUX93@6,1","RMUX69(+0,+1)->RMUX93","6","2","afexe_bitgen_20260919"
"RMUX73@6,2->RMUX0@6,4","RMUX73(+0,-2)->RMUX0","6","2","afexe_bitgen_20260919"
"RMUX75@6,2->RMUX10@6,1","RMUX75(+0,+1)->RMUX10","6","2","afexe_bitgen_20260919"
"RMUX86@6,2->RMUX50@7,2","RMUX86(-1,+0)->RMUX50","7","2","afexe_bitgen_20260919"
"RMUX91@6,2->RMUX72@5,2","RMUX91(+1,+0)->RMUX72","5","2","afexe_bitgen_20260919"
"RMUX91@6,2->RMUX89@5,2","RMUX91(+1,+0)->RMUX89","5","2","afexe_bitgen_20260919"
"RMUX92@6,2->RMUX81@6,2","RMUX92(+0,+0)->RMUX81","6","2","afexe_bitgen_20260919"
"RMUX3@6,3->RMUX21@6,3","RMUX3(+0,+0)->RMUX21","6","2","afexe_bitgen_20260919"
"RMUX7@6,3->RMUX25@6,3","RMUX7(+0,+0)->RMUX25","6","2","afexe_bitgen_20260919"
"RMUX8@6,3->RMUX33@5,3","RMUX8(+1,+0)->RMUX33","5","2","afexe_bitgen_20260919"
"RMUX8@6,3->RMUX37@5,3","RMUX8(+1,+0)->RMUX37","5","2","afexe_bitgen_20260919"
"RMUX14@6,3->RMUX61@6,4","RMUX14(+0,-1)->RMUX61","6","2","afexe_bitgen_20260919"
"RMUX15@6,3->RMUX63@5,3","RMUX15(+1,+0)->RMUX63","5","2","afexe_bitgen_20260919"
"RMUX27@6,3->RMUX4@6,4","RMUX27(+0,-1)->RMUX4","6","2","afexe_bitgen_20260919"
"RMUX27@6,3->RMUX11@6,4","RMUX27(+0,-1)->RMUX11","6","2","afexe_bitgen_20260919"
"RMUX27@6,3->RMUX15@6,4","RMUX27(+0,-1)->RMUX15","6","2","afexe_bitgen_20260919"
"RMUX32@6,3->RMUX33@6,1","RMUX32(+0,+2)->RMUX33","6","2","afexe_bitgen_20260919"
"RMUX33@6,3->RMUX45@6,3","RMUX33(+0,+0)->RMUX45","6","2","afexe_bitgen_20260919"
"RMUX38@6,3->RMUX50@5,3","RMUX38(+1,+0)->RMUX50","5","2","afexe_bitgen_20260919"
"RMUX44@6,3->RMUX85@6,3","RMUX44(+0,+0)->RMUX85","6","2","afexe_bitgen_20260919"
"RMUX45@6,3->RMUX86@5,3","RMUX45(+1,+0)->RMUX86","5","2","afexe_bitgen_20260919"
"RMUX49@6,3->RMUX7@7,3","RMUX49(-1,+0)->RMUX7","7","2","afexe_bitgen_20260919"
"RMUX51@6,3->RMUX15@6,3","RMUX51(+0,+0)->RMUX15","6","2","afexe_bitgen_20260919"
"RMUX55@6,3->RMUX24@6,1","RMUX55(+0,+2)->RMUX24","6","2","afexe_bitgen_20260919"
"RMUX57@6,3->RMUX34@6,4","RMUX57(+0,-1)->RMUX34","6","2","afexe_bitgen_20260919"
"RMUX57@6,3->RMUX38@6,4","RMUX57(+0,-1)->RMUX38","6","2","afexe_bitgen_20260919"
"RMUX67@6,3->RMUX72@6,3","RMUX67(+0,+0)->RMUX72","6","2","afexe_bitgen_20260919"
"RMUX67@6,3->RMUX94@6,4","RMUX67(+0,-1)->RMUX94","6","2","afexe_bitgen_20260919"
"RMUX68@6,3->RMUX85@5,3","RMUX68(+1,+0)->RMUX85","5","2","afexe_bitgen_20260919"
"RMUX73@6,3->RMUX1@6,3","RMUX73(+0,+0)->RMUX1","6","2","afexe_bitgen_20260919"
"RMUX86@6,3->RMUX50@7,3","RMUX86(-1,+0)->RMUX50","7","2","afexe_bitgen_20260919"
"RMUX91@6,3->RMUX72@5,3","RMUX91(+1,+0)->RMUX72","5","2","afexe_bitgen_20260919"
"RMUX91@6,3->RMUX89@5,3","RMUX91(+1,+0)->RMUX89","5","2","afexe_bitgen_20260919"
"RMUX3@6,4->RMUX15@6,4","RMUX3(+0,+0)->RMUX15","6","2","afexe_bitgen_20260919"
"RMUX3@6,4->RMUX21@6,4","RMUX3(+0,+0)->RMUX21","6","2","afexe_bitgen_20260919"
"RMUX7@6,4->RMUX25@6,4","RMUX7(+0,+0)->RMUX25","6","2","afexe_bitgen_20260919"
"RMUX8@6,4->RMUX26@5,4","RMUX8(+1,+0)->RMUX26","5","2","afexe_bitgen_20260919"
"RMUX8@6,4->RMUX27@5,4","RMUX8(+1,+0)->RMUX27","5","2","afexe_bitgen_20260919"
"RMUX8@6,4->RMUX37@5,4","RMUX8(+1,+0)->RMUX37","5","2","afexe_bitgen_20260919"
"RMUX9@6,4->RMUX38@6,3","RMUX9(+0,+1)->RMUX38","6","2","afexe_bitgen_20260919"
"RMUX15@6,4->RMUX63@5,4","RMUX15(+1,+0)->RMUX63","5","2","afexe_bitgen_20260919"
"RMUX32@6,4->RMUX33@6,2","RMUX32(+0,+2)->RMUX33","6","2","afexe_bitgen_20260919"
"RMUX33@6,4->RMUX45@6,4","RMUX33(+0,+0)->RMUX45","6","2","afexe_bitgen_20260919"
"RMUX38@6,4->RMUX50@5,4","RMUX38(+1,+0)->RMUX50","5","2","afexe_bitgen_20260919"
"RMUX44@6,4->RMUX85@6,4","RMUX44(+0,+0)->RMUX85","6","2","afexe_bitgen_20260919"
"RMUX45@6,4->RMUX86@5,4","RMUX45(+1,+0)->RMUX86","5","2","afexe_bitgen_20260919"
"RMUX49@6,4->RMUX7@7,4","RMUX49(-1,+0)->RMUX7","7","2","afexe_bitgen_20260919"
"RMUX67@6,4->RMUX72@6,4","RMUX67(+0,+0)->RMUX72","6","2","afexe_bitgen_20260919"
"RMUX68@6,4->RMUX80@5,4","RMUX68(+1,+0)->RMUX80","5","2","afexe_bitgen_20260919"
"RMUX68@6,4->RMUX85@5,4","RMUX68(+1,+0)->RMUX85","5","2","afexe_bitgen_20260919"
"RMUX68@6,4->RMUX81@8,4","RMUX68(-2,+0)->RMUX81","8","2","afexe_bitgen_20260919"
"RMUX73@6,4->RMUX1@6,4","RMUX73(+0,+0)->RMUX1","6","2","afexe_bitgen_20260919"
"RMUX75@6,4->RMUX10@6,3","RMUX75(+0,+1)->RMUX10","6","2","afexe_bitgen_20260919"
"RMUX86@6,4->RMUX50@7,4","RMUX86(-1,+0)->RMUX50","7","2","afexe_bitgen_20260919"
"RMUX91@6,4->RMUX72@5,4","RMUX91(+1,+0)->RMUX72","5","2","afexe_bitgen_20260919"
"RMUX91@6,4->RMUX89@5,4","RMUX91(+1,+0)->RMUX89","5","2","afexe_bitgen_20260919"
"RMUX3@7,1->RMUX15@7,1","RMUX3(+0,+0)->RMUX15","7","2","afexe_bitgen_20260919"
"RMUX3@7,1->RMUX21@7,1","RMUX3(+0,+0)->RMUX21","7","2","afexe_bitgen_20260919"
"RMUX7@7,1->RMUX25@7,1","RMUX7(+0,+0)->RMUX25","7","2","afexe_bitgen_20260919"
"RMUX8@7,1->RMUX26@6,1","RMUX8(+1,+0)->RMUX26","6","2","afexe_bitgen_20260919"
"RMUX8@7,1->RMUX27@6,1","RMUX8(+1,+0)->RMUX27","6","2","afexe_bitgen_20260919"
"RMUX8@7,1->RMUX33@6,1","RMUX8(+1,+0)->RMUX33","6","2","afexe_bitgen_20260919"
"RMUX8@7,1->RMUX37@6,1","RMUX8(+1,+0)->RMUX37","6","2","afexe_bitgen_20260919"
"RMUX9@7,1->RMUX38@7,1","RMUX9(+0,+0)->RMUX38","7","2","afexe_bitgen_20260919"
"RMUX14@7,1->RMUX61@7,2","RMUX14(+0,-1)->RMUX61","7","2","afexe_bitgen_20260919"
"RMUX15@7,1->RMUX63@6,1","RMUX15(+1,+0)->RMUX63","6","2","afexe_bitgen_20260919"
"RMUX25@7,1->RMUX0@7,1","RMUX25(+0,+0)->RMUX0","7","2","afexe_bitgen_20260919"
"RMUX25@7,1->RMUX1@7,1","RMUX25(+0,+0)->RMUX1","7","2","afexe_bitgen_20260919"
"RMUX27@7,1->RMUX4@7,2","RMUX27(+0,-1)->RMUX4","7","2","afexe_bitgen_20260919"
"RMUX27@7,1->RMUX11@7,2","RMUX27(+0,-1)->RMUX11","7","2","afexe_bitgen_20260919"
"RMUX27@7,1->RMUX15@7,2","RMUX27(+0,-1)->RMUX15","7","2","afexe_bitgen_20260919"
"RMUX33@7,1->RMUX45@7,1","RMUX33(+0,+0)->RMUX45","7","2","afexe_bitgen_20260919"
"RMUX38@7,1->RMUX50@6,1","RMUX38(+1,+0)->RMUX50","6","2","afexe_bitgen_20260919"
"RMUX44@7,1->RMUX85@7,1","RMUX44(+0,+0)->RMUX85","7","2","afexe_bitgen_20260919"
"RMUX45@7,1->RMUX86@6,1","RMUX45(+1,+0)->RMUX86","6","2","afexe_bitgen_20260919"
"RMUX49@7,1->RMUX7@8,1","RMUX49(-1,+0)->RMUX7","8","2","afexe_bitgen_20260919"
"RMUX51@7,1->RMUX15@7,1","RMUX51(+0,+0)->RMUX15","7","2","afexe_bitgen_20260919"
"RMUX57@7,1->RMUX45@7,1","RMUX57(+0,+0)->RMUX45","7","2","afexe_bitgen_20260919"
"RMUX57@7,1->RMUX34@7,2","RMUX57(+0,-1)->RMUX34","7","2","afexe_bitgen_20260919"
"RMUX57@7,1->RMUX38@7,2","RMUX57(+0,-1)->RMUX38","7","2","afexe_bitgen_20260919"
"RMUX68@7,1->RMUX80@6,1","RMUX68(+1,+0)->RMUX80","6","2","afexe_bitgen_20260919"
"RMUX68@7,1->RMUX85@6,1","RMUX68(+1,+0)->RMUX85","6","2","afexe_bitgen_20260919"
"RMUX73@7,1->RMUX1@7,1","RMUX73(+0,+0)->RMUX1","7","2","afexe_bitgen_20260919"
"RMUX73@7,1->RMUX0@7,3","RMUX73(+0,-2)->RMUX0","7","2","afexe_bitgen_20260919"
"RMUX80@7,1->RMUX26@7,3","RMUX80(+0,-2)->RMUX26","7","2","afexe_bitgen_20260919"
"RMUX86@7,1->RMUX50@8,1","RMUX86(-1,+0)->RMUX50","8","2","afexe_bitgen_20260919"
"RMUX91@7,1->RMUX72@6,1","RMUX91(+1,+0)->RMUX72","6","2","afexe_bitgen_20260919"
"RMUX91@7,1->RMUX89@6,1","RMUX91(+1,+0)->RMUX89","6","2","afexe_bitgen_20260919"
"RMUX92@7,1->RMUX81@7,1","RMUX92(+0,+0)->RMUX81","7","2","afexe_bitgen_20260919"
"RMUX2@7,2->RMUX18@7,1","RMUX2(+0,+1)->RMUX18","7","2","afexe_bitgen_20260919"
"RMUX8@7,2->RMUX33@6,2","RMUX8(+1,+0)->RMUX33","6","2","afexe_bitgen_20260919"
"RMUX8@7,2->RMUX37@6,2","RMUX8(+1,+0)->RMUX37","6","2","afexe_bitgen_20260919"
"RMUX9@7,2->RMUX38@7,1","RMUX9(+0,+1)->RMUX38","7","2","afexe_bitgen_20260919"
"RMUX9@7,2->RMUX38@7,2","RMUX9(+0,+0)->RMUX38","7","2","afexe_bitgen_20260919"
"RMUX15@7,2->RMUX63@6,2","RMUX15(+1,+0)->RMUX63","6","2","afexe_bitgen_20260919"
"RMUX19@7,2->RMUX88@7,1","RMUX19(+0,+1)->RMUX88","7","2","afexe_bitgen_20260919"
"RMUX19@7,2->RMUX89@7,1","RMUX19(+0,+1)->RMUX89","7","2","afexe_bitgen_20260919"
"RMUX19@7,2->RMUX95@7,1","RMUX19(+0,+1)->RMUX95","7","2","afexe_bitgen_20260919"
"RMUX25@7,2->RMUX0@7,2","RMUX25(+0,+0)->RMUX0","7","2","afexe_bitgen_20260919"
"RMUX25@7,2->RMUX1@7,2","RMUX25(+0,+0)->RMUX1","7","2","afexe_bitgen_20260919"
"RMUX33@7,2->RMUX45@7,2","RMUX33(+0,+0)->RMUX45","7","2","afexe_bitgen_20260919"
"RMUX37@7,2->RMUX48@7,4","RMUX37(+0,-2)->RMUX48","7","2","afexe_bitgen_20260919"
"RMUX38@7,2->RMUX50@6,2","RMUX38(+1,+0)->RMUX50","6","2","afexe_bitgen_20260919"
"RMUX39@7,2->RMUX52@7,1","RMUX39(+0,+1)->RMUX52","7","2","afexe_bitgen_20260919"
"RMUX39@7,2->RMUX53@7,1","RMUX39(+0,+1)->RMUX53","7","2","afexe_bitgen_20260919"
"RMUX39@7,2->RMUX58@7,1","RMUX39(+0,+1)->RMUX58","7","2","afexe_bitgen_20260919"
"RMUX45@7,2->RMUX86@6,2","RMUX45(+1,+0)->RMUX86","6","2","afexe_bitgen_20260919"
"RMUX49@7,2->RMUX7@8,2","RMUX49(-1,+0)->RMUX7","8","2","afexe_bitgen_20260919"
"RMUX51@7,2->RMUX15@7,2","RMUX51(+0,+0)->RMUX15","7","2","afexe_bitgen_20260919"
"RMUX55@7,2->RMUX31@7,1","RMUX55(+0,+1)->RMUX31","7","2","afexe_bitgen_20260919"
"RMUX68@7,2->RMUX85@6,2","RMUX68(+1,+0)->RMUX85","6","2","afexe_bitgen_20260919"
"RMUX69@7,2->RMUX93@7,1","RMUX69(+0,+1)->RMUX93","7","2","afexe_bitgen_20260919"
"RMUX73@7,2->RMUX0@7,4","RMUX73(+0,-2)->RMUX0","7","2","afexe_bitgen_20260919"
"RMUX75@7,2->RMUX10@7,1","RMUX75(+0,+1)->RMUX10","7","2","afexe_bitgen_20260919"
"RMUX80@7,2->RMUX26@7,4","RMUX80(+0,-2)->RMUX26","7","2","afexe_bitgen_20260919"
"RMUX86@7,2->RMUX50@8,2","RMUX86(-1,+0)->RMUX50","8","2","afexe_bitgen_20260919"
"RMUX91@7,2->RMUX72@6,2","RMUX91(+1,+0)->RMUX72","6","2","afexe_bitgen_20260919"
"RMUX91@7,2->RMUX89@6,2","RMUX91(+1,+0)->RMUX89","6","2","afexe_bitgen_20260919"
"RMUX92@7,2->RMUX81@7,2","RMUX92(+0,+0)->RMUX81","7","2","afexe_bitgen_20260919"
"RMUX7@7,3->RMUX25@7,3","RMUX7(+0,+0)->RMUX25","7","2","afexe_bitgen_20260919"
"RMUX8@7,3->RMUX27@6,3","RMUX8(+1,+0)->RMUX27","6","2","afexe_bitgen_20260919"
"RMUX8@7,3->RMUX37@6,3","RMUX8(+1,+0)->RMUX37","6","2","afexe_bitgen_20260919"
"RMUX14@7,3->RMUX61@7,4","RMUX14(+0,-1)->RMUX61","7","2","afexe_bitgen_20260919"
"RMUX15@7,3->RMUX63@6,3","RMUX15(+1,+0)->RMUX63","6","2","afexe_bitgen_20260919"
"RMUX27@7,3->RMUX4@7,4","RMUX27(+0,-1)->RMUX4","7","2","afexe_bitgen_20260919"
"RMUX27@7,3->RMUX11@7,4","RMUX27(+0,-1)->RMUX11","7","2","afexe_bitgen_20260919"
"RMUX27@7,3->RMUX15@7,4","RMUX27(+0,-1)->RMUX15","7","2","afexe_bitgen_20260919"
"RMUX32@7,3->RMUX33@7,1","RMUX32(+0,+2)->RMUX33","7","2","afexe_bitgen_20260919"
"RMUX33@7,3->RMUX45@7,3","RMUX33(+0,+0)->RMUX45","7","2","afexe_bitgen_20260919"
"RMUX38@7,3->RMUX50@6,3","RMUX38(+1,+0)->RMUX50","6","2","afexe_bitgen_20260919"
"RMUX44@7,3->RMUX85@7,3","RMUX44(+0,+0)->RMUX85","7","2","afexe_bitgen_20260919"
"RMUX45@7,3->RMUX86@6,3","RMUX45(+1,+0)->RMUX86","6","2","afexe_bitgen_20260919"
"RMUX49@7,3->RMUX7@8,3","RMUX49(-1,+0)->RMUX7","8","2","afexe_bitgen_20260919"
"RMUX51@7,3->RMUX15@7,3","RMUX51(+0,+0)->RMUX15","7","2","afexe_bitgen_20260919"
"RMUX55@7,3->RMUX24@7,1","RMUX55(+0,+2)->RMUX24","7","2","afexe_bitgen_20260919"
"RMUX57@7,3->RMUX34@7,4","RMUX57(+0,-1)->RMUX34","7","2","afexe_bitgen_20260919"
"RMUX57@7,3->RMUX38@7,4","RMUX57(+0,-1)->RMUX38","7","2","afexe_bitgen_20260919"
"RMUX67@7,3->RMUX72@7,3","RMUX67(+0,+0)->RMUX72","7","2","afexe_bitgen_20260919"
"RMUX67@7,3->RMUX94@7,4","RMUX67(+0,-1)->RMUX94","7","2","afexe_bitgen_20260919"
"RMUX68@7,3->RMUX80@6,3","RMUX68(+1,+0)->RMUX80","6","2","afexe_bitgen_20260919"
"RMUX73@7,3->RMUX1@7,3","RMUX73(+0,+0)->RMUX1","7","2","afexe_bitgen_20260919"
"RMUX86@7,3->RMUX50@8,3","RMUX86(-1,+0)->RMUX50","8","2","afexe_bitgen_20260919"
"RMUX91@7,3->RMUX72@6,3","RMUX91(+1,+0)->RMUX72","6","2","afexe_bitgen_20260919"
"RMUX91@7,3->RMUX89@6,3","RMUX91(+1,+0)->RMUX89","6","2","afexe_bitgen_20260919"
"RMUX2@7,4->RMUX18@7,3","RMUX2(+0,+1)->RMUX18","7","2","afexe_bitgen_20260919"
"RMUX3@7,4->RMUX15@7,4","RMUX3(+0,+0)->RMUX15","7","2","afexe_bitgen_20260919"
"RMUX3@7,4->RMUX21@7,4","RMUX3(+0,+0)->RMUX21","7","2","afexe_bitgen_20260919"
"RMUX7@7,4->RMUX25@7,4","RMUX7(+0,+0)->RMUX25","7","2","afexe_bitgen_20260919"
"RMUX8@7,4->RMUX26@6,4","RMUX8(+1,+0)->RMUX26","6","2","afexe_bitgen_20260919"
"RMUX9@7,4->RMUX38@7,4","RMUX9(+0,+0)->RMUX38","7","2","afexe_bitgen_20260919"
"RMUX15@7,4->RMUX63@6,4","RMUX15(+1,+0)->RMUX63","6","2","afexe_bitgen_20260919"
"RMUX32@7,4->RMUX33@7,2","RMUX32(+0,+2)->RMUX33","7","2","afexe_bitgen_20260919"
"RMUX33@7,4->RMUX45@7,4","RMUX33(+0,+0)->RMUX45","7","2","afexe_bitgen_20260919"
"RMUX38@7,4->RMUX50@6,4","RMUX38(+1,+0)->RMUX50","6","2","afexe_bitgen_20260919"
"RMUX44@7,4->RMUX85@7,4","RMUX44(+0,+0)->RMUX85","7","2","afexe_bitgen_20260919"
"RMUX45@7,4->RMUX86@6,4","RMUX45(+1,+0)->RMUX86","6","2","afexe_bitgen_20260919"
"RMUX49@7,4->RMUX7@8,4","RMUX49(-1,+0)->RMUX7","8","2","afexe_bitgen_20260919"
"RMUX51@7,4->RMUX15@7,4","RMUX51(+0,+0)->RMUX15","7","2","afexe_bitgen_20260919"
"RMUX57@7,4->RMUX45@7,4","RMUX57(+0,+0)->RMUX45","7","2","afexe_bitgen_20260919"
"RMUX67@7,4->RMUX72@7,4","RMUX67(+0,+0)->RMUX72","7","2","afexe_bitgen_20260919"
"RMUX68@7,4->RMUX80@6,4","RMUX68(+1,+0)->RMUX80","6","2","afexe_bitgen_20260919"
"RMUX68@7,4->RMUX85@6,4","RMUX68(+1,+0)->RMUX85","6","2","afexe_bitgen_20260919"
"RMUX73@7,4->RMUX1@7,4","RMUX73(+0,+0)->RMUX1","7","2","afexe_bitgen_20260919"
"RMUX75@7,4->RMUX10@7,3","RMUX75(+0,+1)->RMUX10","7","2","afexe_bitgen_20260919"
"RMUX86@7,4->RMUX50@8,4","RMUX86(-1,+0)->RMUX50","8","2","afexe_bitgen_20260919"
"RMUX91@7,4->RMUX72@6,4","RMUX91(+1,+0)->RMUX72","6","2","afexe_bitgen_20260919"
"RMUX91@7,4->RMUX89@6,4","RMUX91(+1,+0)->RMUX89","6","2","afexe_bitgen_20260919"
"RMUX3@8,1->RMUX15@8,1","RMUX3(+0,+0)->RMUX15","8","2","afexe_bitgen_20260919"
"RMUX3@8,1->RMUX21@8,1","RMUX3(+0,+0)->RMUX21","8","2","afexe_bitgen_20260919"
"RMUX7@8,1->RMUX25@8,1","RMUX7(+0,+0)->RMUX25","8","2","afexe_bitgen_20260919"
"RMUX8@8,1->RMUX26@7,1","RMUX8(+1,+0)->RMUX26","7","2","afexe_bitgen_20260919"
"RMUX8@8,1->RMUX27@7,1","RMUX8(+1,+0)->RMUX27","7","2","afexe_bitgen_20260919"
"RMUX8@8,1->RMUX33@7,1","RMUX8(+1,+0)->RMUX33","7","2","afexe_bitgen_20260919"
"RMUX8@8,1->RMUX37@7,1","RMUX8(+1,+0)->RMUX37","7","2","afexe_bitgen_20260919"
"RMUX9@8,1->RMUX38@8,1","RMUX9(+0,+0)->RMUX38","8","2","afexe_bitgen_20260919"
"RMUX14@8,1->RMUX61@8,2","RMUX14(+0,-1)->RMUX61","8","2","afexe_bitgen_20260919"
"RMUX15@8,1->RMUX63@7,1","RMUX15(+1,+0)->RMUX63","7","2","afexe_bitgen_20260919"
"RMUX25@8,1->RMUX0@8,1","RMUX25(+0,+0)->RMUX0","8","2","afexe_bitgen_20260919"
"RMUX25@8,1->RMUX1@8,1","RMUX25(+0,+0)->RMUX1","8","2","afexe_bitgen_20260919"
"RMUX27@8,1->RMUX4@8,2","RMUX27(+0,-1)->RMUX4","8","2","afexe_bitgen_20260919"
"RMUX27@8,1->RMUX11@8,2","RMUX27(+0,-1)->RMUX11","8","2","afexe_bitgen_20260919"
"RMUX27@8,1->RMUX15@8,2","RMUX27(+0,-1)->RMUX15","8","2","afexe_bitgen_20260919"
"RMUX33@8,1->RMUX45@8,1","RMUX33(+0,+0)->RMUX45","8","2","afexe_bitgen_20260919"
"RMUX37@8,1->RMUX48@8,3","RMUX37(+0,-2)->RMUX48","8","2","afexe_bitgen_20260919"
"RMUX38@8,1->RMUX50@7,1","RMUX38(+1,+0)->RMUX50","7","2","afexe_bitgen_20260919"
"RMUX44@8,1->RMUX85@8,1","RMUX44(+0,+0)->RMUX85","8","2","afexe_bitgen_20260919"
"RMUX45@8,1->RMUX86@7,1","RMUX45(+1,+0)->RMUX86","7","2","afexe_bitgen_20260919"
"RMUX49@8,1->RMUX7@9,1","RMUX49(-1,+0)->RMUX7","9","2","afexe_bitgen_20260919"
"RMUX51@8,1->RMUX15@8,1","RMUX51(+0,+0)->RMUX15","8","2","afexe_bitgen_20260919"
"RMUX57@8,1->RMUX45@8,1","RMUX57(+0,+0)->RMUX45","8","2","afexe_bitgen_20260919"
"RMUX57@8,1->RMUX34@8,2","RMUX57(+0,-1)->RMUX34","8","2","afexe_bitgen_20260919"
"RMUX57@8,1->RMUX38@8,2","RMUX57(+0,-1)->RMUX38","8","2","afexe_bitgen_20260919"
"RMUX68@8,1->RMUX80@7,1","RMUX68(+1,+0)->RMUX80","7","2","afexe_bitgen_20260919"
"RMUX68@8,1->RMUX85@7,1","RMUX68(+1,+0)->RMUX85","7","2","afexe_bitgen_20260919"
"RMUX73@8,1->RMUX0@8,3","RMUX73(+0,-2)->RMUX0","8","2","afexe_bitgen_20260919"
"RMUX80@8,1->RMUX26@8,3","RMUX80(+0,-2)->RMUX26","8","2","afexe_bitgen_20260919"
"RMUX86@8,1->RMUX50@9,1","RMUX86(-1,+0)->RMUX50","9","2","afexe_bitgen_20260919"
"RMUX91@8,1->RMUX72@7,1","RMUX91(+1,+0)->RMUX72","7","2","afexe_bitgen_20260919"
"RMUX91@8,1->RMUX89@7,1","RMUX91(+1,+0)->RMUX89","7","2","afexe_bitgen_20260919"
"RMUX92@8,1->RMUX81@8,1","RMUX92(+0,+0)->RMUX81","8","2","afexe_bitgen_20260919"
"RMUX92@8,1->RMUX81@8,4","RMUX92(+0,-3)->RMUX81","8","2","afexe_bitgen_20260919"
"RMUX2@8,2->RMUX18@8,1","RMUX2(+0,+1)->RMUX18","8","2","afexe_bitgen_20260919"
"RMUX3@8,2->RMUX15@8,2","RMUX3(+0,+0)->RMUX15","8","2","afexe_bitgen_20260919"
"RMUX3@8,2->RMUX21@8,2","RMUX3(+0,+0)->RMUX21","8","2","afexe_bitgen_20260919"
"RMUX8@8,2->RMUX26@7,2","RMUX8(+1,+0)->RMUX26","7","2","afexe_bitgen_20260919"
"RMUX8@8,2->RMUX33@7,2","RMUX8(+1,+0)->RMUX33","7","2","afexe_bitgen_20260919"
"RMUX8@8,2->RMUX37@7,2","RMUX8(+1,+0)->RMUX37","7","2","afexe_bitgen_20260919"
"RMUX9@8,2->RMUX38@8,1","RMUX9(+0,+1)->RMUX38","8","2","afexe_bitgen_20260919"
"RMUX9@8,2->RMUX38@8,2","RMUX9(+0,+0)->RMUX38","8","2","afexe_bitgen_20260919"
"RMUX15@8,2->RMUX63@7,2","RMUX15(+1,+0)->RMUX63","7","2","afexe_bitgen_20260919"
"RMUX19@8,2->RMUX88@8,1","RMUX19(+0,+1)->RMUX88","8","2","afexe_bitgen_20260919"
"RMUX19@8,2->RMUX89@8,1","RMUX19(+0,+1)->RMUX89","8","2","afexe_bitgen_20260919"
"RMUX19@8,2->RMUX95@8,1","RMUX19(+0,+1)->RMUX95","8","2","afexe_bitgen_20260919"
"RMUX25@8,2->RMUX0@8,2","RMUX25(+0,+0)->RMUX0","8","2","afexe_bitgen_20260919"
"RMUX25@8,2->RMUX1@8,2","RMUX25(+0,+0)->RMUX1","8","2","afexe_bitgen_20260919"
"RMUX33@8,2->RMUX45@8,2","RMUX33(+0,+0)->RMUX45","8","2","afexe_bitgen_20260919"
"RMUX37@8,2->RMUX48@8,4","RMUX37(+0,-2)->RMUX48","8","2","afexe_bitgen_20260919"
"RMUX38@8,2->RMUX50@7,2","RMUX38(+1,+0)->RMUX50","7","2","afexe_bitgen_20260919"
"RMUX39@8,2->RMUX52@8,1","RMUX39(+0,+1)->RMUX52","8","2","afexe_bitgen_20260919"
"RMUX39@8,2->RMUX53@8,1","RMUX39(+0,+1)->RMUX53","8","2","afexe_bitgen_20260919"
"RMUX39@8,2->RMUX58@8,1","RMUX39(+0,+1)->RMUX58","8","2","afexe_bitgen_20260919"
"RMUX45@8,2->RMUX86@7,2","RMUX45(+1,+0)->RMUX86","7","2","afexe_bitgen_20260919"
"RMUX49@8,2->RMUX7@9,2","RMUX49(-1,+0)->RMUX7","9","2","afexe_bitgen_20260919"
"RMUX51@8,2->RMUX15@8,2","RMUX51(+0,+0)->RMUX15","8","2","afexe_bitgen_20260919"
"RMUX55@8,2->RMUX31@8,1","RMUX55(+0,+1)->RMUX31","8","2","afexe_bitgen_20260919"
"RMUX68@8,2->RMUX80@7,2","RMUX68(+1,+0)->RMUX80","7","2","afexe_bitgen_20260919"
"RMUX68@8,2->RMUX85@7,2","RMUX68(+1,+0)->RMUX85","7","2","afexe_bitgen_20260919"
"RMUX69@8,2->RMUX93@8,1","RMUX69(+0,+1)->RMUX93","8","2","afexe_bitgen_20260919"
"RMUX73@8,2->RMUX0@8,4","RMUX73(+0,-2)->RMUX0","8","2","afexe_bitgen_20260919"
"RMUX75@8,2->RMUX10@8,1","RMUX75(+0,+1)->RMUX10","8","2","afexe_bitgen_20260919"
"RMUX80@8,2->RMUX26@8,4","RMUX80(+0,-2)->RMUX26","8","2","afexe_bitgen_20260919"
"RMUX86@8,2->RMUX50@9,2","RMUX86(-1,+0)->RMUX50","9","2","afexe_bitgen_20260919"
"RMUX91@8,2->RMUX72@7,2","RMUX91(+1,+0)->RMUX72","7","2","afexe_bitgen_20260919"
"RMUX91@8,2->RMUX89@7,2","RMUX91(+1,+0)->RMUX89","7","2","afexe_bitgen_20260919"
"RMUX92@8,2->RMUX81@8,2","RMUX92(+0,+0)->RMUX81","8","2","afexe_bitgen_20260919"
"RMUX3@8,3->RMUX15@8,3","RMUX3(+0,+0)->RMUX15","8","2","afexe_bitgen_20260919"
"RMUX7@8,3->RMUX25@8,3","RMUX7(+0,+0)->RMUX25","8","2","afexe_bitgen_20260919"
"RMUX8@8,3->RMUX26@7,3","RMUX8(+1,+0)->RMUX26","7","2","afexe_bitgen_20260919"
"RMUX8@8,3->RMUX27@7,3","RMUX8(+1,+0)->RMUX27","7","2","afexe_bitgen_20260919"
"RMUX8@8,3->RMUX37@7,3","RMUX8(+1,+0)->RMUX37","7","2","afexe_bitgen_20260919"
"RMUX14@8,3->RMUX61@8,4","RMUX14(+0,-1)->RMUX61","8","2","afexe_bitgen_20260919"
"RMUX15@8,3->RMUX63@7,3","RMUX15(+1,+0)->RMUX63","7","2","afexe_bitgen_20260919"
"RMUX27@8,3->RMUX4@8,4","RMUX27(+0,-1)->RMUX4","8","2","afexe_bitgen_20260919"
"RMUX27@8,3->RMUX11@8,4","RMUX27(+0,-1)->RMUX11","8","2","afexe_bitgen_20260919"
"RMUX27@8,3->RMUX15@8,4","RMUX27(+0,-1)->RMUX15","8","2","afexe_bitgen_20260919"
"RMUX32@8,3->RMUX33@8,1","RMUX32(+0,+2)->RMUX33","8","2","afexe_bitgen_20260919"
"RMUX38@8,3->RMUX50@7,3","RMUX38(+1,+0)->RMUX50","7","2","afexe_bitgen_20260919"
"RMUX44@8,3->RMUX85@8,3","RMUX44(+0,+0)->RMUX85","8","2","afexe_bitgen_20260919"
"RMUX45@8,3->RMUX86@7,3","RMUX45(+1,+0)->RMUX86","7","2","afexe_bitgen_20260919"
"RMUX49@8,3->RMUX7@9,3","RMUX49(-1,+0)->RMUX7","9","2","afexe_bitgen_20260919"
"RMUX51@8,3->RMUX15@8,3","RMUX51(+0,+0)->RMUX15","8","2","afexe_bitgen_20260919"
"RMUX55@8,3->RMUX24@8,1","RMUX55(+0,+2)->RMUX24","8","2","afexe_bitgen_20260919"
"RMUX57@8,3->RMUX45@8,3","RMUX57(+0,+0)->RMUX45","8","2","afexe_bitgen_20260919"
"RMUX57@8,3->RMUX34@8,4","RMUX57(+0,-1)->RMUX34","8","2","afexe_bitgen_20260919"
"RMUX57@8,3->RMUX38@8,4","RMUX57(+0,-1)->RMUX38","8","2","afexe_bitgen_20260919"
"RMUX67@8,3->RMUX72@8,3","RMUX67(+0,+0)->RMUX72","8","2","afexe_bitgen_20260919"
"RMUX67@8,3->RMUX94@8,4","RMUX67(+0,-1)->RMUX94","8","2","afexe_bitgen_20260919"
"RMUX68@8,3->RMUX80@7,3","RMUX68(+1,+0)->RMUX80","7","2","afexe_bitgen_20260919"
"RMUX68@8,3->RMUX85@7,3","RMUX68(+1,+0)->RMUX85","7","2","afexe_bitgen_20260919"
"RMUX73@8,3->RMUX1@8,3","RMUX73(+0,+0)->RMUX1","8","2","afexe_bitgen_20260919"
"RMUX86@8,3->RMUX50@9,3","RMUX86(-1,+0)->RMUX50","9","2","afexe_bitgen_20260919"
"RMUX91@8,3->RMUX72@7,3","RMUX91(+1,+0)->RMUX72","7","2","afexe_bitgen_20260919"
"RMUX91@8,3->RMUX89@7,3","RMUX91(+1,+0)->RMUX89","7","2","afexe_bitgen_20260919"
"RMUX2@8,4->RMUX18@8,3","RMUX2(+0,+1)->RMUX18","8","2","afexe_bitgen_20260919"
"RMUX7@8,4->RMUX25@8,4","RMUX7(+0,+0)->RMUX25","8","2","afexe_bitgen_20260919"
"RMUX8@8,4->RMUX26@7,4","RMUX8(+1,+0)->RMUX26","7","2","afexe_bitgen_20260919"
"RMUX8@8,4->RMUX33@7,4","RMUX8(+1,+0)->RMUX33","7","2","afexe_bitgen_20260919"
"RMUX8@8,4->RMUX37@7,4","RMUX8(+1,+0)->RMUX37","7","2","afexe_bitgen_20260919"
"RMUX9@8,4->RMUX38@8,3","RMUX9(+0,+1)->RMUX38","8","2","afexe_bitgen_20260919"
"RMUX15@8,4->RMUX63@7,4","RMUX15(+1,+0)->RMUX63","7","2","afexe_bitgen_20260919"
"RMUX32@8,4->RMUX33@8,2","RMUX32(+0,+2)->RMUX33","8","2","afexe_bitgen_20260919"
"RMUX33@8,4->RMUX45@8,4","RMUX33(+0,+0)->RMUX45","8","2","afexe_bitgen_20260919"
"RMUX38@8,4->RMUX50@7,4","RMUX38(+1,+0)->RMUX50","7","2","afexe_bitgen_20260919"
"RMUX44@8,4->RMUX85@8,4","RMUX44(+0,+0)->RMUX85","8","2","afexe_bitgen_20260919"
"RMUX45@8,4->RMUX86@7,4","RMUX45(+1,+0)->RMUX86","7","2","afexe_bitgen_20260919"
"RMUX49@8,4->RMUX7@9,4","RMUX49(-1,+0)->RMUX7","9","2","afexe_bitgen_20260919"
"RMUX51@8,4->RMUX15@8,4","RMUX51(+0,+0)->RMUX15","8","2","afexe_bitgen_20260919"
"RMUX57@8,4->RMUX45@8,4","RMUX57(+0,+0)->RMUX45","8","2","afexe_bitgen_20260919"
"RMUX67@8,4->RMUX72@8,4","RMUX67(+0,+0)->RMUX72","8","2","afexe_bitgen_20260919"
"RMUX68@8,4->RMUX80@7,4","RMUX68(+1,+0)->RMUX80","7","2","afexe_bitgen_20260919"
"RMUX68@8,4->RMUX85@7,4","RMUX68(+1,+0)->RMUX85","7","2","afexe_bitgen_20260919"
"RMUX73@8,4->RMUX1@8,4","RMUX73(+0,+0)->RMUX1","8","2","afexe_bitgen_20260919"
"RMUX75@8,4->RMUX10@8,3","RMUX75(+0,+1)->RMUX10","8","2","afexe_bitgen_20260919"
"RMUX86@8,4->RMUX50@9,4","RMUX86(-1,+0)->RMUX50","9","2","afexe_bitgen_20260919"
"RMUX91@8,4->RMUX72@7,4","RMUX91(+1,+0)->RMUX72","7","2","afexe_bitgen_20260919"
"RMUX91@8,4->RMUX89@7,4","RMUX91(+1,+0)->RMUX89","7","2","afexe_bitgen_20260919"
"RMUX3@9,1->RMUX15@9,1","RMUX3(+0,+0)->RMUX15","9","2","afexe_bitgen_20260919"
"RMUX3@9,1->RMUX21@9,1","RMUX3(+0,+0)->RMUX21","9","2","afexe_bitgen_20260919"
"RMUX8@9,1->RMUX26@8,1","RMUX8(+1,+0)->RMUX26","8","2","afexe_bitgen_20260919"
"RMUX8@9,1->RMUX27@8,1","RMUX8(+1,+0)->RMUX27","8","2","afexe_bitgen_20260919"
"RMUX8@9,1->RMUX33@8,1","RMUX8(+1,+0)->RMUX33","8","2","afexe_bitgen_20260919"
"RMUX8@9,1->RMUX37@8,1","RMUX8(+1,+0)->RMUX37","8","2","afexe_bitgen_20260919"
"RMUX9@9,1->RMUX38@9,1","RMUX9(+0,+0)->RMUX38","9","2","afexe_bitgen_20260919"
"RMUX15@9,1->RMUX63@8,1","RMUX15(+1,+0)->RMUX63","8","2","afexe_bitgen_20260919"
"RMUX25@9,1->RMUX0@9,1","RMUX25(+0,+0)->RMUX0","9","2","afexe_bitgen_20260919"
"RMUX25@9,1->RMUX1@9,1","RMUX25(+0,+0)->RMUX1","9","2","afexe_bitgen_20260919"
"RMUX27@9,1->RMUX4@9,2","RMUX27(+0,-1)->RMUX4","9","2","afexe_bitgen_20260919"
"RMUX27@9,1->RMUX11@9,2","RMUX27(+0,-1)->RMUX11","9","2","afexe_bitgen_20260919"
"RMUX27@9,1->RMUX15@9,2","RMUX27(+0,-1)->RMUX15","9","2","afexe_bitgen_20260919"
"RMUX33@9,1->RMUX45@9,1","RMUX33(+0,+0)->RMUX45","9","2","afexe_bitgen_20260919"
"RMUX38@9,1->RMUX50@8,1","RMUX38(+1,+0)->RMUX50","8","2","afexe_bitgen_20260919"
"RMUX45@9,1->RMUX86@8,1","RMUX45(+1,+0)->RMUX86","8","2","afexe_bitgen_20260919"
"RMUX49@9,1->RMUX7@10,1","RMUX49(-1,+0)->RMUX7","10","2","afexe_bitgen_20260919"
"RMUX51@9,1->RMUX15@9,1","RMUX51(+0,+0)->RMUX15","9","2","afexe_bitgen_20260919"
"RMUX57@9,1->RMUX45@9,1","RMUX57(+0,+0)->RMUX45","9","2","afexe_bitgen_20260919"
"RMUX57@9,1->RMUX34@9,2","RMUX57(+0,-1)->RMUX34","9","2","afexe_bitgen_20260919"
"RMUX57@9,1->RMUX38@9,2","RMUX57(+0,-1)->RMUX38","9","2","afexe_bitgen_20260919"
"RMUX68@9,1->RMUX80@8,1","RMUX68(+1,+0)->RMUX80","8","2","afexe_bitgen_20260919"
"RMUX68@9,1->RMUX85@8,1","RMUX68(+1,+0)->RMUX85","8","2","afexe_bitgen_20260919"
"RMUX80@9,1->RMUX26@9,3","RMUX80(+0,-2)->RMUX26","9","2","afexe_bitgen_20260919"
"RMUX86@9,1->RMUX50@10,1","RMUX86(-1,+0)->RMUX50","10","2","afexe_bitgen_20260919"
"RMUX91@9,1->RMUX72@8,1","RMUX91(+1,+0)->RMUX72","8","2","afexe_bitgen_20260919"
"RMUX91@9,1->RMUX89@8,1","RMUX91(+1,+0)->RMUX89","8","2","afexe_bitgen_20260919"
"RMUX92@9,1->RMUX81@9,1","RMUX92(+0,+0)->RMUX81","9","2","afexe_bitgen_20260919"
"RMUX2@9,2->RMUX18@9,1","RMUX2(+0,+1)->RMUX18","9","2","afexe_bitgen_20260919"
"RMUX3@9,2->RMUX15@9,2","RMUX3(+0,+0)->RMUX15","9","2","afexe_bitgen_20260919"
"RMUX3@9,2->RMUX21@9,2","RMUX3(+0,+0)->RMUX21","9","2","afexe_bitgen_20260919"
"RMUX8@9,2->RMUX33@8,2","RMUX8(+1,+0)->RMUX33","8","2","afexe_bitgen_20260919"
"RMUX8@9,2->RMUX37@8,2","RMUX8(+1,+0)->RMUX37","8","2","afexe_bitgen_20260919"
"RMUX9@9,2->RMUX38@9,1","RMUX9(+0,+1)->RMUX38","9","2","afexe_bitgen_20260919"
"RMUX15@9,2->RMUX63@8,2","RMUX15(+1,+0)->RMUX63","8","2","afexe_bitgen_20260919"
"RMUX19@9,2->RMUX88@9,1","RMUX19(+0,+1)->RMUX88","9","2","afexe_bitgen_20260919"
"RMUX19@9,2->RMUX89@9,1","RMUX19(+0,+1)->RMUX89","9","2","afexe_bitgen_20260919"
"RMUX19@9,2->RMUX95@9,1","RMUX19(+0,+1)->RMUX95","9","2","afexe_bitgen_20260919"
"RMUX25@9,2->RMUX0@9,2","RMUX25(+0,+0)->RMUX0","9","2","afexe_bitgen_20260919"
"RMUX25@9,2->RMUX1@9,2","RMUX25(+0,+0)->RMUX1","9","2","afexe_bitgen_20260919"
"RMUX33@9,2->RMUX45@9,2","RMUX33(+0,+0)->RMUX45","9","2","afexe_bitgen_20260919"
"RMUX37@9,2->RMUX48@9,4","RMUX37(+0,-2)->RMUX48","9","2","afexe_bitgen_20260919"
"RMUX38@9,2->RMUX50@8,2","RMUX38(+1,+0)->RMUX50","8","2","afexe_bitgen_20260919"
"RMUX39@9,2->RMUX52@9,1","RMUX39(+0,+1)->RMUX52","9","2","afexe_bitgen_20260919"
"RMUX39@9,2->RMUX53@9,1","RMUX39(+0,+1)->RMUX53","9","2","afexe_bitgen_20260919"
"RMUX39@9,2->RMUX58@9,1","RMUX39(+0,+1)->RMUX58","9","2","afexe_bitgen_20260919"
"RMUX45@9,2->RMUX86@8,2","RMUX45(+1,+0)->RMUX86","8","2","afexe_bitgen_20260919"
"RMUX49@9,2->RMUX7@10,2","RMUX49(-1,+0)->RMUX7","10","2","afexe_bitgen_20260919"
"RMUX51@9,2->RMUX15@9,2","RMUX51(+0,+0)->RMUX15","9","2","afexe_bitgen_20260919"
"RMUX55@9,2->RMUX31@9,1","RMUX55(+0,+1)->RMUX31","9","2","afexe_bitgen_20260919"
"RMUX68@9,2->RMUX80@8,2","RMUX68(+1,+0)->RMUX80","8","2","afexe_bitgen_20260919"
"RMUX68@9,2->RMUX85@8,2","RMUX68(+1,+0)->RMUX85","8","2","afexe_bitgen_20260919"
"RMUX69@9,2->RMUX93@9,1","RMUX69(+0,+1)->RMUX93","9","2","afexe_bitgen_20260919"
"RMUX73@9,2->RMUX0@9,4","RMUX73(+0,-2)->RMUX0","9","2","afexe_bitgen_20260919"
"RMUX75@9,2->RMUX10@9,1","RMUX75(+0,+1)->RMUX10","9","2","afexe_bitgen_20260919"
"RMUX80@9,2->RMUX26@9,4","RMUX80(+0,-2)->RMUX26","9","2","afexe_bitgen_20260919"
"RMUX86@9,2->RMUX50@10,2","RMUX86(-1,+0)->RMUX50","10","2","afexe_bitgen_20260919"
"RMUX91@9,2->RMUX72@8,2","RMUX91(+1,+0)->RMUX72","8","2","afexe_bitgen_20260919"
"RMUX91@9,2->RMUX89@8,2","RMUX91(+1,+0)->RMUX89","8","2","afexe_bitgen_20260919"
"RMUX92@9,2->RMUX81@9,2","RMUX92(+0,+0)->RMUX81","9","2","afexe_bitgen_20260919"
"RMUX3@9,3->RMUX15@9,3","RMUX3(+0,+0)->RMUX15","9","2","afexe_bitgen_20260919"
"RMUX3@9,3->RMUX21@9,3","RMUX3(+0,+0)->RMUX21","9","2","afexe_bitgen_20260919"
"RMUX7@9,3->RMUX25@9,3","RMUX7(+0,+0)->RMUX25","9","2","afexe_bitgen_20260919"
"RMUX8@9,3->RMUX26@8,3","RMUX8(+1,+0)->RMUX26","8","2","afexe_bitgen_20260919"
"RMUX8@9,3->RMUX27@8,3","RMUX8(+1,+0)->RMUX27","8","2","afexe_bitgen_20260919"
"RMUX8@9,3->RMUX33@8,3","RMUX8(+1,+0)->RMUX33","8","2","afexe_bitgen_20260919"
"RMUX8@9,3->RMUX37@8,3","RMUX8(+1,+0)->RMUX37","8","2","afexe_bitgen_20260919"
"RMUX14@9,3->RMUX61@9,4","RMUX14(+0,-1)->RMUX61","9","2","afexe_bitgen_20260919"
"RMUX15@9,3->RMUX63@8,3","RMUX15(+1,+0)->RMUX63","8","2","afexe_bitgen_20260919"
"RMUX27@9,3->RMUX4@9,4","RMUX27(+0,-1)->RMUX4","9","2","afexe_bitgen_20260919"
"RMUX27@9,3->RMUX11@9,4","RMUX27(+0,-1)->RMUX11","9","2","afexe_bitgen_20260919"
"RMUX27@9,3->RMUX15@9,4","RMUX27(+0,-1)->RMUX15","9","2","afexe_bitgen_20260919"
"RMUX33@9,3->RMUX45@9,3","RMUX33(+0,+0)->RMUX45","9","2","afexe_bitgen_20260919"
"RMUX38@9,3->RMUX50@8,3","RMUX38(+1,+0)->RMUX50","8","2","afexe_bitgen_20260919"
"RMUX44@9,3->RMUX85@9,3","RMUX44(+0,+0)->RMUX85","9","2","afexe_bitgen_20260919"
"RMUX45@9,3->RMUX86@8,3","RMUX45(+1,+0)->RMUX86","8","2","afexe_bitgen_20260919"
"RMUX49@9,3->RMUX7@10,3","RMUX49(-1,+0)->RMUX7","10","2","afexe_bitgen_20260919"
"RMUX51@9,3->RMUX15@9,3","RMUX51(+0,+0)->RMUX15","9","2","afexe_bitgen_20260919"
"RMUX55@9,3->RMUX24@9,1","RMUX55(+0,+2)->RMUX24","9","2","afexe_bitgen_20260919"
"RMUX57@9,3->RMUX45@9,3","RMUX57(+0,+0)->RMUX45","9","2","afexe_bitgen_20260919"
"RMUX57@9,3->RMUX34@9,4","RMUX57(+0,-1)->RMUX34","9","2","afexe_bitgen_20260919"
"RMUX57@9,3->RMUX38@9,4","RMUX57(+0,-1)->RMUX38","9","2","afexe_bitgen_20260919"
"RMUX67@9,3->RMUX72@9,3","RMUX67(+0,+0)->RMUX72","9","2","afexe_bitgen_20260919"
"RMUX67@9,3->RMUX94@9,4","RMUX67(+0,-1)->RMUX94","9","2","afexe_bitgen_20260919"
"RMUX68@9,3->RMUX80@8,3","RMUX68(+1,+0)->RMUX80","8","2","afexe_bitgen_20260919"
"RMUX68@9,3->RMUX85@8,3","RMUX68(+1,+0)->RMUX85","8","2","afexe_bitgen_20260919"
"RMUX73@9,3->RMUX1@9,3","RMUX73(+0,+0)->RMUX1","9","2","afexe_bitgen_20260919"
"RMUX86@9,3->RMUX50@10,3","RMUX86(-1,+0)->RMUX50","10","2","afexe_bitgen_20260919"
"RMUX91@9,3->RMUX72@8,3","RMUX91(+1,+0)->RMUX72","8","2","afexe_bitgen_20260919"
"RMUX91@9,3->RMUX89@8,3","RMUX91(+1,+0)->RMUX89","8","2","afexe_bitgen_20260919"
"RMUX2@9,4->RMUX18@9,3","RMUX2(+0,+1)->RMUX18","9","2","afexe_bitgen_20260919"
"RMUX3@9,4->RMUX15@9,4","RMUX3(+0,+0)->RMUX15","9","2","afexe_bitgen_20260919"
"RMUX3@9,4->RMUX21@9,4","RMUX3(+0,+0)->RMUX21","9","2","afexe_bitgen_20260919"
"RMUX7@9,4->RMUX25@9,4","RMUX7(+0,+0)->RMUX25","9","2","afexe_bitgen_20260919"
"RMUX8@9,4->RMUX26@8,4","RMUX8(+1,+0)->RMUX26","8","2","afexe_bitgen_20260919"
"RMUX8@9,4->RMUX27@8,4","RMUX8(+1,+0)->RMUX27","8","2","afexe_bitgen_20260919"
"RMUX8@9,4->RMUX33@8,4","RMUX8(+1,+0)->RMUX33","8","2","afexe_bitgen_20260919"
"RMUX8@9,4->RMUX37@8,4","RMUX8(+1,+0)->RMUX37","8","2","afexe_bitgen_20260919"
"RMUX9@9,4->RMUX38@9,4","RMUX9(+0,+0)->RMUX38","9","2","afexe_bitgen_20260919"
"RMUX15@9,4->RMUX63@8,4","RMUX15(+1,+0)->RMUX63","8","2","afexe_bitgen_20260919"
"RMUX32@9,4->RMUX33@9,2","RMUX32(+0,+2)->RMUX33","9","2","afexe_bitgen_20260919"
"RMUX33@9,4->RMUX45@9,4","RMUX33(+0,+0)->RMUX45","9","2","afexe_bitgen_20260919"
"RMUX38@9,4->RMUX50@8,4","RMUX38(+1,+0)->RMUX50","8","2","afexe_bitgen_20260919"
"RMUX44@9,4->RMUX85@9,4","RMUX44(+0,+0)->RMUX85","9","2","afexe_bitgen_20260919"
"RMUX45@9,4->RMUX86@8,4","RMUX45(+1,+0)->RMUX86","8","2","afexe_bitgen_20260919"
"RMUX49@9,4->RMUX7@10,4","RMUX49(-1,+0)->RMUX7","10","2","afexe_bitgen_20260919"
"RMUX67@9,4->RMUX72@9,4","RMUX67(+0,+0)->RMUX72","9","2","afexe_bitgen_20260919"
"RMUX68@9,4->RMUX80@8,4","RMUX68(+1,+0)->RMUX80","8","2","afexe_bitgen_20260919"
"RMUX68@9,4->RMUX85@8,4","RMUX68(+1,+0)->RMUX85","8","2","afexe_bitgen_20260919"
"RMUX69@9,4->RMUX93@9,3","RMUX69(+0,+1)->RMUX93","9","2","afexe_bitgen_20260919"
"RMUX73@9,4->RMUX1@9,4","RMUX73(+0,+0)->RMUX1","9","2","afexe_bitgen_20260919"
"RMUX75@9,4->RMUX10@9,3","RMUX75(+0,+1)->RMUX10","9","2","afexe_bitgen_20260919"
"RMUX86@9,4->RMUX50@10,4","RMUX86(-1,+0)->RMUX50","10","2","afexe_bitgen_20260919"
"RMUX91@9,4->RMUX72@8,4","RMUX91(+1,+0)->RMUX72","8","2","afexe_bitgen_20260919"
"RMUX91@9,4->RMUX89@8,4","RMUX91(+1,+0)->RMUX89","8","2","afexe_bitgen_20260919"
"RMUX3@10,1->RMUX15@10,1","RMUX3(+0,+0)->RMUX15","10","2","afexe_bitgen_20260919"
"RMUX3@10,1->RMUX21@10,1","RMUX3(+0,+0)->RMUX21","10","2","afexe_bitgen_20260919"
"RMUX8@10,1->RMUX26@9,1","RMUX8(+1,+0)->RMUX26","9","2","afexe_bitgen_20260919"
"RMUX8@10,1->RMUX27@9,1","RMUX8(+1,+0)->RMUX27","9","2","afexe_bitgen_20260919"
"RMUX8@10,1->RMUX33@9,1","RMUX8(+1,+0)->RMUX33","9","2","afexe_bitgen_20260919"
"RMUX8@10,1->RMUX37@9,1","RMUX8(+1,+0)->RMUX37","9","2","afexe_bitgen_20260919"
"RMUX9@10,1->RMUX38@10,1","RMUX9(+0,+0)->RMUX38","10","2","afexe_bitgen_20260919"
"RMUX14@10,1->RMUX61@10,2","RMUX14(+0,-1)->RMUX61","10","2","afexe_bitgen_20260919"
"RMUX15@10,1->RMUX63@9,1","RMUX15(+1,+0)->RMUX63","9","2","afexe_bitgen_20260919"
"RMUX25@10,1->RMUX0@10,1","RMUX25(+0,+0)->RMUX0","10","2","afexe_bitgen_20260919"
"RMUX25@10,1->RMUX1@10,1","RMUX25(+0,+0)->RMUX1","10","2","afexe_bitgen_20260919"
"RMUX27@10,1->RMUX4@10,2","RMUX27(+0,-1)->RMUX4","10","2","afexe_bitgen_20260919"
"RMUX27@10,1->RMUX11@10,2","RMUX27(+0,-1)->RMUX11","10","2","afexe_bitgen_20260919"
"RMUX27@10,1->RMUX15@10,2","RMUX27(+0,-1)->RMUX15","10","2","afexe_bitgen_20260919"
"RMUX33@10,1->RMUX45@10,1","RMUX33(+0,+0)->RMUX45","10","2","afexe_bitgen_20260919"
"RMUX38@10,1->RMUX50@9,1","RMUX38(+1,+0)->RMUX50","9","2","afexe_bitgen_20260919"
"RMUX45@10,1->RMUX86@9,1","RMUX45(+1,+0)->RMUX86","9","2","afexe_bitgen_20260919"
"RMUX49@10,1->RMUX7@11,1","RMUX49(-1,+0)->RMUX7","11","2","afexe_bitgen_20260919"
"RMUX51@10,1->RMUX15@10,1","RMUX51(+0,+0)->RMUX15","10","2","afexe_bitgen_20260919"
"RMUX57@10,1->RMUX45@10,1","RMUX57(+0,+0)->RMUX45","10","2","afexe_bitgen_20260919"
"RMUX57@10,1->RMUX34@10,2","RMUX57(+0,-1)->RMUX34","10","2","afexe_bitgen_20260919"
"RMUX57@10,1->RMUX38@10,2","RMUX57(+0,-1)->RMUX38","10","2","afexe_bitgen_20260919"
"RMUX68@10,1->RMUX80@9,1","RMUX68(+1,+0)->RMUX80","9","2","afexe_bitgen_20260919"
"RMUX68@10,1->RMUX85@9,1","RMUX68(+1,+0)->RMUX85","9","2","afexe_bitgen_20260919"
"RMUX80@10,1->RMUX26@10,3","RMUX80(+0,-2)->RMUX26","10","2","afexe_bitgen_20260919"
"RMUX86@10,1->RMUX50@11,1","RMUX86(-1,+0)->RMUX50","11","2","afexe_bitgen_20260919"
"RMUX91@10,1->RMUX72@9,1","RMUX91(+1,+0)->RMUX72","9","2","afexe_bitgen_20260919"
"RMUX91@10,1->RMUX89@9,1","RMUX91(+1,+0)->RMUX89","9","2","afexe_bitgen_20260919"
"RMUX92@10,1->RMUX81@10,1","RMUX92(+0,+0)->RMUX81","10","2","afexe_bitgen_20260919"
"RMUX2@10,2->RMUX18@10,1","RMUX2(+0,+1)->RMUX18","10","2","afexe_bitgen_20260919"
"RMUX3@10,2->RMUX15@10,2","RMUX3(+0,+0)->RMUX15","10","2","afexe_bitgen_20260919"
"RMUX3@10,2->RMUX21@10,2","RMUX3(+0,+0)->RMUX21","10","2","afexe_bitgen_20260919"
"RMUX8@10,2->RMUX26@9,2","RMUX8(+1,+0)->RMUX26","9","2","afexe_bitgen_20260919"
"RMUX8@10,2->RMUX27@9,2","RMUX8(+1,+0)->RMUX27","9","2","afexe_bitgen_20260919"
"RMUX8@10,2->RMUX33@9,2","RMUX8(+1,+0)->RMUX33","9","2","afexe_bitgen_20260919"
"RMUX8@10,2->RMUX37@9,2","RMUX8(+1,+0)->RMUX37","9","2","afexe_bitgen_20260919"
"RMUX9@10,2->RMUX38@10,1","RMUX9(+0,+1)->RMUX38","10","2","afexe_bitgen_20260919"
"RMUX9@10,2->RMUX38@10,2","RMUX9(+0,+0)->RMUX38","10","2","afexe_bitgen_20260919"
"RMUX15@10,2->RMUX63@9,2","RMUX15(+1,+0)->RMUX63","9","2","afexe_bitgen_20260919"
"RMUX19@10,2->RMUX88@10,1","RMUX19(+0,+1)->RMUX88","10","2","afexe_bitgen_20260919"
"RMUX19@10,2->RMUX89@10,1","RMUX19(+0,+1)->RMUX89","10","2","afexe_bitgen_20260919"
"RMUX19@10,2->RMUX95@10,1","RMUX19(+0,+1)->RMUX95","10","2","afexe_bitgen_20260919"
"RMUX25@10,2->RMUX0@10,2","RMUX25(+0,+0)->RMUX0","10","2","afexe_bitgen_20260919"
"RMUX25@10,2->RMUX1@10,2","RMUX25(+0,+0)->RMUX1","10","2","afexe_bitgen_20260919"
"RMUX33@10,2->RMUX45@10,2","RMUX33(+0,+0)->RMUX45","10","2","afexe_bitgen_20260919"
"RMUX37@10,2->RMUX48@10,4","RMUX37(+0,-2)->RMUX48","10","2","afexe_bitgen_20260919"
"RMUX38@10,2->RMUX50@9,2","RMUX38(+1,+0)->RMUX50","9","2","afexe_bitgen_20260919"
"RMUX39@10,2->RMUX52@10,1","RMUX39(+0,+1)->RMUX52","10","2","afexe_bitgen_20260919"
"RMUX39@10,2->RMUX53@10,1","RMUX39(+0,+1)->RMUX53","10","2","afexe_bitgen_20260919"
"RMUX39@10,2->RMUX58@10,1","RMUX39(+0,+1)->RMUX58","10","2","afexe_bitgen_20260919"
"RMUX45@10,2->RMUX86@9,2","RMUX45(+1,+0)->RMUX86","9","2","afexe_bitgen_20260919"
"RMUX49@10,2->RMUX7@11,2","RMUX49(-1,+0)->RMUX7","11","2","afexe_bitgen_20260919"
"RMUX51@10,2->RMUX15@10,2","RMUX51(+0,+0)->RMUX15","10","2","afexe_bitgen_20260919"
"RMUX55@10,2->RMUX31@10,1","RMUX55(+0,+1)->RMUX31","10","2","afexe_bitgen_20260919"
"RMUX68@10,2->RMUX80@9,2","RMUX68(+1,+0)->RMUX80","9","2","afexe_bitgen_20260919"
"RMUX68@10,2->RMUX85@9,2","RMUX68(+1,+0)->RMUX85","9","2","afexe_bitgen_20260919"
"RMUX69@10,2->RMUX93@10,1","RMUX69(+0,+1)->RMUX93","10","2","afexe_bitgen_20260919"
"RMUX73@10,2->RMUX0@10,4","RMUX73(+0,-2)->RMUX0","10","2","afexe_bitgen_20260919"
"RMUX75@10,2->RMUX10@10,1","RMUX75(+0,+1)->RMUX10","10","2","afexe_bitgen_20260919"
"RMUX80@10,2->RMUX26@10,4","RMUX80(+0,-2)->RMUX26","10","2","afexe_bitgen_20260919"
"RMUX86@10,2->RMUX50@11,2","RMUX86(-1,+0)->RMUX50","11","2","afexe_bitgen_20260919"
"RMUX91@10,2->RMUX72@9,2","RMUX91(+1,+0)->RMUX72","9","2","afexe_bitgen_20260919"
"RMUX91@10,2->RMUX89@9,2","RMUX91(+1,+0)->RMUX89","9","2","afexe_bitgen_20260919"
"RMUX92@10,2->RMUX81@10,2","RMUX92(+0,+0)->RMUX81","10","2","afexe_bitgen_20260919"
"RMUX3@10,3->RMUX15@10,3","RMUX3(+0,+0)->RMUX15","10","2","afexe_bitgen_20260919"
"RMUX3@10,3->RMUX21@10,3","RMUX3(+0,+0)->RMUX21","10","2","afexe_bitgen_20260919"
"RMUX7@10,3->RMUX25@10,3","RMUX7(+0,+0)->RMUX25","10","2","afexe_bitgen_20260919"
"RMUX8@10,3->RMUX26@9,3","RMUX8(+1,+0)->RMUX26","9","2","afexe_bitgen_20260919"
"RMUX8@10,3->RMUX27@9,3","RMUX8(+1,+0)->RMUX27","9","2","afexe_bitgen_20260919"
"RMUX8@10,3->RMUX33@9,3","RMUX8(+1,+0)->RMUX33","9","2","afexe_bitgen_20260919"
"RMUX8@10,3->RMUX37@9,3","RMUX8(+1,+0)->RMUX37","9","2","afexe_bitgen_20260919"
"RMUX14@10,3->RMUX61@10,4","RMUX14(+0,-1)->RMUX61","10","2","afexe_bitgen_20260919"
"RMUX15@10,3->RMUX63@9,3","RMUX15(+1,+0)->RMUX63","9","2","afexe_bitgen_20260919"
"RMUX27@10,3->RMUX4@10,4","RMUX27(+0,-1)->RMUX4","10","2","afexe_bitgen_20260919"
"RMUX27@10,3->RMUX11@10,4","RMUX27(+0,-1)->RMUX11","10","2","afexe_bitgen_20260919"
"RMUX27@10,3->RMUX15@10,4","RMUX27(+0,-1)->RMUX15","10","2","afexe_bitgen_20260919"
"RMUX32@10,3->RMUX33@10,1","RMUX32(+0,+2)->RMUX33","10","2","afexe_bitgen_20260919"
"RMUX33@10,3->RMUX45@10,3","RMUX33(+0,+0)->RMUX45","10","2","afexe_bitgen_20260919"
"RMUX38@10,3->RMUX50@9,3","RMUX38(+1,+0)->RMUX50","9","2","afexe_bitgen_20260919"
"RMUX44@10,3->RMUX85@10,3","RMUX44(+0,+0)->RMUX85","10","2","afexe_bitgen_20260919"
"RMUX45@10,3->RMUX86@9,3","RMUX45(+1,+0)->RMUX86","9","2","afexe_bitgen_20260919"
"RMUX49@10,3->RMUX7@11,3","RMUX49(-1,+0)->RMUX7","11","2","afexe_bitgen_20260919"
"RMUX51@10,3->RMUX15@10,3","RMUX51(+0,+0)->RMUX15","10","2","afexe_bitgen_20260919"
"RMUX55@10,3->RMUX24@10,1","RMUX55(+0,+2)->RMUX24","10","2","afexe_bitgen_20260919"
"RMUX57@10,3->RMUX45@10,3","RMUX57(+0,+0)->RMUX45","10","2","afexe_bitgen_20260919"
"RMUX57@10,3->RMUX34@10,4","RMUX57(+0,-1)->RMUX34","10","2","afexe_bitgen_20260919"
"RMUX57@10,3->RMUX38@10,4","RMUX57(+0,-1)->RMUX38","10","2","afexe_bitgen_20260919"
"RMUX67@10,3->RMUX72@10,3","RMUX67(+0,+0)->RMUX72","10","2","afexe_bitgen_20260919"
"RMUX67@10,3->RMUX94@10,4","RMUX67(+0,-1)->RMUX94","10","2","afexe_bitgen_20260919"
"RMUX68@10,3->RMUX80@9,3","RMUX68(+1,+0)->RMUX80","9","2","afexe_bitgen_20260919"
"RMUX68@10,3->RMUX85@9,3","RMUX68(+1,+0)->RMUX85","9","2","afexe_bitgen_20260919"
"RMUX73@10,3->RMUX1@10,3","RMUX73(+0,+0)->RMUX1","10","2","afexe_bitgen_20260919"
"RMUX86@10,3->RMUX50@11,3","RMUX86(-1,+0)->RMUX50","11","2","afexe_bitgen_20260919"
"RMUX91@10,3->RMUX72@9,3","RMUX91(+1,+0)->RMUX72","9","2","afexe_bitgen_20260919"
"RMUX91@10,3->RMUX89@9,3","RMUX91(+1,+0)->RMUX89","9","2","afexe_bitgen_20260919"
"RMUX2@10,4->RMUX18@10,3","RMUX2(+0,+1)->RMUX18","10","2","afexe_bitgen_20260919"
"RMUX3@10,4->RMUX15@10,4","RMUX3(+0,+0)->RMUX15","10","2","afexe_bitgen_20260919"
"RMUX3@10,4->RMUX21@10,4","RMUX3(+0,+0)->RMUX21","10","2","afexe_bitgen_20260919"
"RMUX7@10,4->RMUX25@10,4","RMUX7(+0,+0)->RMUX25","10","2","afexe_bitgen_20260919"
"RMUX8@10,4->RMUX26@9,4","RMUX8(+1,+0)->RMUX26","9","2","afexe_bitgen_20260919"
"RMUX8@10,4->RMUX27@9,4","RMUX8(+1,+0)->RMUX27","9","2","afexe_bitgen_20260919"
"RMUX8@10,4->RMUX33@9,4","RMUX8(+1,+0)->RMUX33","9","2","afexe_bitgen_20260919"
"RMUX8@10,4->RMUX37@9,4","RMUX8(+1,+0)->RMUX37","9","2","afexe_bitgen_20260919"
"RMUX9@10,4->RMUX38@10,4","RMUX9(+0,+0)->RMUX38","10","2","afexe_bitgen_20260919"
"RMUX15@10,4->RMUX63@9,4","RMUX15(+1,+0)->RMUX63","9","2","afexe_bitgen_20260919"
"RMUX19@10,4->RMUX88@10,3","RMUX19(+0,+1)->RMUX88","10","2","afexe_bitgen_20260919"
"RMUX19@10,4->RMUX89@10,3","RMUX19(+0,+1)->RMUX89","10","2","afexe_bitgen_20260919"
"RMUX19@10,4->RMUX95@10,3","RMUX19(+0,+1)->RMUX95","10","2","afexe_bitgen_20260919"
"RMUX33@10,4->RMUX45@10,4","RMUX33(+0,+0)->RMUX45","10","2","afexe_bitgen_20260919"
"RMUX38@10,4->RMUX50@9,4","RMUX38(+1,+0)->RMUX50","9","2","afexe_bitgen_20260919"
"RMUX39@10,4->RMUX52@10,3","RMUX39(+0,+1)->RMUX52","10","2","afexe_bitgen_20260919"
"RMUX39@10,4->RMUX53@10,3","RMUX39(+0,+1)->RMUX53","10","2","afexe_bitgen_20260919"
"RMUX39@10,4->RMUX58@10,3","RMUX39(+0,+1)->RMUX58","10","2","afexe_bitgen_20260919"
"RMUX44@10,4->RMUX85@10,4","RMUX44(+0,+0)->RMUX85","10","2","afexe_bitgen_20260919"
"RMUX45@10,4->RMUX86@9,4","RMUX45(+1,+0)->RMUX86","9","2","afexe_bitgen_20260919"
"RMUX49@10,4->RMUX7@11,4","RMUX49(-1,+0)->RMUX7","11","2","afexe_bitgen_20260919"
"RMUX51@10,4->RMUX15@10,4","RMUX51(+0,+0)->RMUX15","10","2","afexe_bitgen_20260919"
"RMUX55@10,4->RMUX24@10,2","RMUX55(+0,+2)->RMUX24","10","2","afexe_bitgen_20260919"
"RMUX55@10,4->RMUX31@10,3","RMUX55(+0,+1)->RMUX31","10","2","afexe_bitgen_20260919"
"RMUX57@10,4->RMUX45@10,4","RMUX57(+0,+0)->RMUX45","10","2","afexe_bitgen_20260919"
"RMUX67@10,4->RMUX72@10,4","RMUX67(+0,+0)->RMUX72","10","2","afexe_bitgen_20260919"
"RMUX68@10,4->RMUX80@9,4","RMUX68(+1,+0)->RMUX80","9","2","afexe_bitgen_20260919"
"RMUX68@10,4->RMUX85@9,4","RMUX68(+1,+0)->RMUX85","9","2","afexe_bitgen_20260919"
"RMUX69@10,4->RMUX93@10,3","RMUX69(+0,+1)->RMUX93","10","2","afexe_bitgen_20260919"
"RMUX73@10,4->RMUX1@10,4","RMUX73(+0,+0)->RMUX1","10","2","afexe_bitgen_20260919"
"RMUX75@10,4->RMUX10@10,3","RMUX75(+0,+1)->RMUX10","10","2","afexe_bitgen_20260919"
"RMUX81@10,4->RMUX45@12,4","RMUX81(-2,+0)->RMUX45","12","2","afexe_bitgen_20260919"
"RMUX86@10,4->RMUX50@11,4","RMUX86(-1,+0)->RMUX50","11","2","afexe_bitgen_20260919"
"RMUX91@10,4->RMUX72@9,4","RMUX91(+1,+0)->RMUX72","9","2","afexe_bitgen_20260919"
"RMUX91@10,4->RMUX89@9,4","RMUX91(+1,+0)->RMUX89","9","2","afexe_bitgen_20260919"
"RMUX92@10,4->RMUX81@10,4","RMUX92(+0,+0)->RMUX81","10","2","afexe_bitgen_20260919"
"RMUX3@11,1->RMUX15@11,1","RMUX3(+0,+0)->RMUX15","11","2","afexe_bitgen_20260919"
"RMUX3@11,1->RMUX21@11,1","RMUX3(+0,+0)->RMUX21","11","2","afexe_bitgen_20260919"
"RMUX8@11,1->RMUX26@10,1","RMUX8(+1,+0)->RMUX26","10","2","afexe_bitgen_20260919"
"RMUX8@11,1->RMUX27@10,1","RMUX8(+1,+0)->RMUX27","10","2","afexe_bitgen_20260919"
"RMUX8@11,1->RMUX33@10,1","RMUX8(+1,+0)->RMUX33","10","2","afexe_bitgen_20260919"
"RMUX8@11,1->RMUX37@10,1","RMUX8(+1,+0)->RMUX37","10","2","afexe_bitgen_20260919"
"RMUX9@11,1->RMUX38@11,1","RMUX9(+0,+0)->RMUX38","11","2","afexe_bitgen_20260919"
"RMUX14@11,1->RMUX61@11,2","RMUX14(+0,-1)->RMUX61","11","2","afexe_bitgen_20260919"
"RMUX15@11,1->RMUX63@10,1","RMUX15(+1,+0)->RMUX63","10","2","afexe_bitgen_20260919"
"RMUX25@11,1->RMUX0@11,1","RMUX25(+0,+0)->RMUX0","11","2","afexe_bitgen_20260919"
"RMUX25@11,1->RMUX1@11,1","RMUX25(+0,+0)->RMUX1","11","2","afexe_bitgen_20260919"
"RMUX27@11,1->RMUX4@11,2","RMUX27(+0,-1)->RMUX4","11","2","afexe_bitgen_20260919"
"RMUX27@11,1->RMUX11@11,2","RMUX27(+0,-1)->RMUX11","11","2","afexe_bitgen_20260919"
"RMUX27@11,1->RMUX15@11,2","RMUX27(+0,-1)->RMUX15","11","2","afexe_bitgen_20260919"
"RMUX33@11,1->RMUX45@11,1","RMUX33(+0,+0)->RMUX45","11","2","afexe_bitgen_20260919"
"RMUX38@11,1->RMUX50@10,1","RMUX38(+1,+0)->RMUX50","10","2","afexe_bitgen_20260919"
"RMUX44@11,1->RMUX85@11,1","RMUX44(+0,+0)->RMUX85","11","2","afexe_bitgen_20260919"
"RMUX45@11,1->RMUX86@10,1","RMUX45(+1,+0)->RMUX86","10","2","afexe_bitgen_20260919"
"RMUX49@11,1->RMUX7@12,1","RMUX49(-1,+0)->RMUX7","12","2","afexe_bitgen_20260919"
"RMUX51@11,1->RMUX15@11,1","RMUX51(+0,+0)->RMUX15","11","2","afexe_bitgen_20260919"
"RMUX57@11,1->RMUX45@11,1","RMUX57(+0,+0)->RMUX45","11","2","afexe_bitgen_20260919"
"RMUX57@11,1->RMUX34@11,2","RMUX57(+0,-1)->RMUX34","11","2","afexe_bitgen_20260919"
"RMUX57@11,1->RMUX38@11,2","RMUX57(+0,-1)->RMUX38","11","2","afexe_bitgen_20260919"
"RMUX68@11,1->RMUX80@10,1","RMUX68(+1,+0)->RMUX80","10","2","afexe_bitgen_20260919"
"RMUX68@11,1->RMUX85@10,1","RMUX68(+1,+0)->RMUX85","10","2","afexe_bitgen_20260919"
"RMUX80@11,1->RMUX26@11,3","RMUX80(+0,-2)->RMUX26","11","2","afexe_bitgen_20260919"
"RMUX86@11,1->RMUX50@12,1","RMUX86(-1,+0)->RMUX50","12","2","afexe_bitgen_20260919"
"RMUX91@11,1->RMUX72@10,1","RMUX91(+1,+0)->RMUX72","10","2","afexe_bitgen_20260919"
"RMUX91@11,1->RMUX89@10,1","RMUX91(+1,+0)->RMUX89","10","2","afexe_bitgen_20260919"
"RMUX92@11,1->RMUX81@11,1","RMUX92(+0,+0)->RMUX81","11","2","afexe_bitgen_20260919"
"RMUX2@11,2->RMUX18@11,1","RMUX2(+0,+1)->RMUX18","11","2","afexe_bitgen_20260919"
"RMUX3@11,2->RMUX15@11,2","RMUX3(+0,+0)->RMUX15","11","2","afexe_bitgen_20260919"
"RMUX3@11,2->RMUX21@11,2","RMUX3(+0,+0)->RMUX21","11","2","afexe_bitgen_20260919"
"RMUX8@11,2->RMUX26@10,2","RMUX8(+1,+0)->RMUX26","10","2","afexe_bitgen_20260919"
"RMUX8@11,2->RMUX27@10,2","RMUX8(+1,+0)->RMUX27","10","2","afexe_bitgen_20260919"
"RMUX8@11,2->RMUX33@10,2","RMUX8(+1,+0)->RMUX33","10","2","afexe_bitgen_20260919"
"RMUX8@11,2->RMUX37@10,2","RMUX8(+1,+0)->RMUX37","10","2","afexe_bitgen_20260919"
"RMUX9@11,2->RMUX38@11,1","RMUX9(+0,+1)->RMUX38","11","2","afexe_bitgen_20260919"
"RMUX9@11,2->RMUX38@11,2","RMUX9(+0,+0)->RMUX38","11","2","afexe_bitgen_20260919"
"RMUX15@11,2->RMUX63@10,2","RMUX15(+1,+0)->RMUX63","10","2","afexe_bitgen_20260919"
"RMUX19@11,2->RMUX88@11,1","RMUX19(+0,+1)->RMUX88","11","2","afexe_bitgen_20260919"
"RMUX19@11,2->RMUX89@11,1","RMUX19(+0,+1)->RMUX89","11","2","afexe_bitgen_20260919"
"RMUX19@11,2->RMUX95@11,1","RMUX19(+0,+1)->RMUX95","11","2","afexe_bitgen_20260919"
"RMUX25@11,2->RMUX0@11,2","RMUX25(+0,+0)->RMUX0","11","2","afexe_bitgen_20260919"
"RMUX25@11,2->RMUX1@11,2","RMUX25(+0,+0)->RMUX1","11","2","afexe_bitgen_20260919"
"RMUX33@11,2->RMUX45@11,2","RMUX33(+0,+0)->RMUX45","11","2","afexe_bitgen_20260919"
"RMUX37@11,2->RMUX48@11,4","RMUX37(+0,-2)->RMUX48","11","2","afexe_bitgen_20260919"
"RMUX38@11,2->RMUX50@10,2","RMUX38(+1,+0)->RMUX50","10","2","afexe_bitgen_20260919"
"RMUX39@11,2->RMUX52@11,1","RMUX39(+0,+1)->RMUX52","11","2","afexe_bitgen_20260919"
"RMUX39@11,2->RMUX53@11,1","RMUX39(+0,+1)->RMUX53","11","2","afexe_bitgen_20260919"
"RMUX39@11,2->RMUX58@11,1","RMUX39(+0,+1)->RMUX58","11","2","afexe_bitgen_20260919"
"RMUX45@11,2->RMUX86@10,2","RMUX45(+1,+0)->RMUX86","10","2","afexe_bitgen_20260919"
"RMUX49@11,2->RMUX7@12,2","RMUX49(-1,+0)->RMUX7","12","2","afexe_bitgen_20260919"
"RMUX51@11,2->RMUX15@11,2","RMUX51(+0,+0)->RMUX15","11","2","afexe_bitgen_20260919"
"RMUX55@11,2->RMUX31@11,1","RMUX55(+0,+1)->RMUX31","11","2","afexe_bitgen_20260919"
"RMUX68@11,2->RMUX80@10,2","RMUX68(+1,+0)->RMUX80","10","2","afexe_bitgen_20260919"
"RMUX68@11,2->RMUX85@10,2","RMUX68(+1,+0)->RMUX85","10","2","afexe_bitgen_20260919"
"RMUX69@11,2->RMUX93@11,1","RMUX69(+0,+1)->RMUX93","11","2","afexe_bitgen_20260919"
"RMUX73@11,2->RMUX0@11,4","RMUX73(+0,-2)->RMUX0","11","2","afexe_bitgen_20260919"
"RMUX75@11,2->RMUX10@11,1","RMUX75(+0,+1)->RMUX10","11","2","afexe_bitgen_20260919"
"RMUX80@11,2->RMUX26@11,4","RMUX80(+0,-2)->RMUX26","11","2","afexe_bitgen_20260919"
"RMUX86@11,2->RMUX50@12,2","RMUX86(-1,+0)->RMUX50","12","2","afexe_bitgen_20260919"
"RMUX91@11,2->RMUX72@10,2","RMUX91(+1,+0)->RMUX72","10","2","afexe_bitgen_20260919"
"RMUX91@11,2->RMUX89@10,2","RMUX91(+1,+0)->RMUX89","10","2","afexe_bitgen_20260919"
"RMUX92@11,2->RMUX81@11,2","RMUX92(+0,+0)->RMUX81","11","2","afexe_bitgen_20260919"
"RMUX3@11,3->RMUX15@11,3","RMUX3(+0,+0)->RMUX15","11","2","afexe_bitgen_20260919"
"RMUX3@11,3->RMUX21@11,3","RMUX3(+0,+0)->RMUX21","11","2","afexe_bitgen_20260919"
"RMUX7@11,3->RMUX25@11,3","RMUX7(+0,+0)->RMUX25","11","2","afexe_bitgen_20260919"
"RMUX8@11,3->RMUX26@10,3","RMUX8(+1,+0)->RMUX26","10","2","afexe_bitgen_20260919"
"RMUX8@11,3->RMUX27@10,3","RMUX8(+1,+0)->RMUX27","10","2","afexe_bitgen_20260919"
"RMUX8@11,3->RMUX33@10,3","RMUX8(+1,+0)->RMUX33","10","2","afexe_bitgen_20260919"
"RMUX8@11,3->RMUX37@10,3","RMUX8(+1,+0)->RMUX37","10","2","afexe_bitgen_20260919"
"RMUX14@11,3->RMUX61@11,4","RMUX14(+0,-1)->RMUX61","11","2","afexe_bitgen_20260919"
"RMUX15@11,3->RMUX63@10,3","RMUX15(+1,+0)->RMUX63","10","2","afexe_bitgen_20260919"
"RMUX27@11,3->RMUX4@11,4","RMUX27(+0,-1)->RMUX4","11","2","afexe_bitgen_20260919"
"RMUX27@11,3->RMUX11@11,4","RMUX27(+0,-1)->RMUX11","11","2","afexe_bitgen_20260919"
"RMUX27@11,3->RMUX15@11,4","RMUX27(+0,-1)->RMUX15","11","2","afexe_bitgen_20260919"
"RMUX32@11,3->RMUX33@11,1","RMUX32(+0,+2)->RMUX33","11","2","afexe_bitgen_20260919"
"RMUX33@11,3->RMUX45@11,3","RMUX33(+0,+0)->RMUX45","11","2","afexe_bitgen_20260919"
"RMUX38@11,3->RMUX50@10,3","RMUX38(+1,+0)->RMUX50","10","2","afexe_bitgen_20260919"
"RMUX44@11,3->RMUX85@11,3","RMUX44(+0,+0)->RMUX85","11","2","afexe_bitgen_20260919"
"RMUX45@11,3->RMUX86@10,3","RMUX45(+1,+0)->RMUX86","10","2","afexe_bitgen_20260919"
"RMUX49@11,3->RMUX7@12,3","RMUX49(-1,+0)->RMUX7","12","2","afexe_bitgen_20260919"
"RMUX51@11,3->RMUX15@11,3","RMUX51(+0,+0)->RMUX15","11","2","afexe_bitgen_20260919"
"RMUX55@11,3->RMUX24@11,1","RMUX55(+0,+2)->RMUX24","11","2","afexe_bitgen_20260919"
"RMUX57@11,3->RMUX45@11,3","RMUX57(+0,+0)->RMUX45","11","2","afexe_bitgen_20260919"
"RMUX57@11,3->RMUX34@11,4","RMUX57(+0,-1)->RMUX34","11","2","afexe_bitgen_20260919"
"RMUX57@11,3->RMUX38@11,4","RMUX57(+0,-1)->RMUX38","11","2","afexe_bitgen_20260919"
"RMUX67@11,3->RMUX72@11,3","RMUX67(+0,+0)->RMUX72","11","2","afexe_bitgen_20260919"
"RMUX67@11,3->RMUX94@11,4","RMUX67(+0,-1)->RMUX94","11","2","afexe_bitgen_20260919"
"RMUX68@11,3->RMUX80@10,3","RMUX68(+1,+0)->RMUX80","10","2","afexe_bitgen_20260919"
"RMUX68@11,3->RMUX85@10,3","RMUX68(+1,+0)->RMUX85","10","2","afexe_bitgen_20260919"
"RMUX73@11,3->RMUX1@11,3","RMUX73(+0,+0)->RMUX1","11","2","afexe_bitgen_20260919"
"RMUX86@11,3->RMUX50@12,3","RMUX86(-1,+0)->RMUX50","12","2","afexe_bitgen_20260919"
"RMUX91@11,3->RMUX72@10,3","RMUX91(+1,+0)->RMUX72","10","2","afexe_bitgen_20260919"
"RMUX91@11,3->RMUX89@10,3","RMUX91(+1,+0)->RMUX89","10","2","afexe_bitgen_20260919"
"RMUX2@11,4->RMUX18@11,3","RMUX2(+0,+1)->RMUX18","11","2","afexe_bitgen_20260919"
"RMUX3@11,4->RMUX15@11,4","RMUX3(+0,+0)->RMUX15","11","2","afexe_bitgen_20260919"
"RMUX3@11,4->RMUX21@11,4","RMUX3(+0,+0)->RMUX21","11","2","afexe_bitgen_20260919"
"RMUX7@11,4->RMUX25@11,4","RMUX7(+0,+0)->RMUX25","11","2","afexe_bitgen_20260919"
"RMUX8@11,4->RMUX26@10,4","RMUX8(+1,+0)->RMUX26","10","2","afexe_bitgen_20260919"
"RMUX8@11,4->RMUX33@10,4","RMUX8(+1,+0)->RMUX33","10","2","afexe_bitgen_20260919"
"RMUX8@11,4->RMUX37@10,4","RMUX8(+1,+0)->RMUX37","10","2","afexe_bitgen_20260919"
"RMUX9@11,4->RMUX38@11,3","RMUX9(+0,+1)->RMUX38","11","2","afexe_bitgen_20260919"
"RMUX15@11,4->RMUX63@10,4","RMUX15(+1,+0)->RMUX63","10","2","afexe_bitgen_20260919"
"RMUX33@11,4->RMUX45@11,4","RMUX33(+0,+0)->RMUX45","11","2","afexe_bitgen_20260919"
"RMUX38@11,4->RMUX50@10,4","RMUX38(+1,+0)->RMUX50","10","2","afexe_bitgen_20260919"
"RMUX44@11,4->RMUX85@11,4","RMUX44(+0,+0)->RMUX85","11","2","afexe_bitgen_20260919"
"RMUX45@11,4->RMUX86@10,4","RMUX45(+1,+0)->RMUX86","10","2","afexe_bitgen_20260919"
"RMUX49@11,4->RMUX7@12,4","RMUX49(-1,+0)->RMUX7","12","2","afexe_bitgen_20260919"
"RMUX51@11,4->RMUX15@11,4","RMUX51(+0,+0)->RMUX15","11","2","afexe_bitgen_20260919"
"RMUX57@11,4->RMUX45@11,4","RMUX57(+0,+0)->RMUX45","11","2","afexe_bitgen_20260919"
"RMUX67@11,4->RMUX72@11,4","RMUX67(+0,+0)->RMUX72","11","2","afexe_bitgen_20260919"
"RMUX68@11,4->RMUX80@10,4","RMUX68(+1,+0)->RMUX80","10","2","afexe_bitgen_20260919"
"RMUX68@11,4->RMUX85@10,4","RMUX68(+1,+0)->RMUX85","10","2","afexe_bitgen_20260919"
"RMUX69@11,4->RMUX93@11,3","RMUX69(+0,+1)->RMUX93","11","2","afexe_bitgen_20260919"
"RMUX73@11,4->RMUX1@11,4","RMUX73(+0,+0)->RMUX1","11","2","afexe_bitgen_20260919"
"RMUX75@11,4->RMUX10@11,3","RMUX75(+0,+1)->RMUX10","11","2","afexe_bitgen_20260919"
"RMUX86@11,4->RMUX50@12,4","RMUX86(-1,+0)->RMUX50","12","2","afexe_bitgen_20260919"
"RMUX91@11,4->RMUX72@10,4","RMUX91(+1,+0)->RMUX72","10","2","afexe_bitgen_20260919"
"RMUX91@11,4->RMUX89@10,4","RMUX91(+1,+0)->RMUX89","10","2","afexe_bitgen_20260919"
"RMUX92@11,4->RMUX81@11,4","RMUX92(+0,+0)->RMUX81","11","2","afexe_bitgen_20260919"
"RMUX3@12,1->RMUX15@12,1","RMUX3(+0,+0)->RMUX15","12","2","afexe_bitgen_20260919"
"RMUX3@12,1->RMUX21@12,1","RMUX3(+0,+0)->RMUX21","12","2","afexe_bitgen_20260919"
"RMUX8@12,1->RMUX26@11,1","RMUX8(+1,+0)->RMUX26","11","2","afexe_bitgen_20260919"
"RMUX8@12,1->RMUX27@11,1","RMUX8(+1,+0)->RMUX27","11","2","afexe_bitgen_20260919"
"RMUX8@12,1->RMUX33@11,1","RMUX8(+1,+0)->RMUX33","11","2","afexe_bitgen_20260919"
"RMUX8@12,1->RMUX37@11,1","RMUX8(+1,+0)->RMUX37","11","2","afexe_bitgen_20260919"
"RMUX9@12,1->RMUX38@12,1","RMUX9(+0,+0)->RMUX38","12","2","afexe_bitgen_20260919"
"RMUX9@12,1->RMUX45@12,4","RMUX9(+0,-3)->RMUX45","12","2","afexe_bitgen_20260919"
"RMUX15@12,1->RMUX63@11,1","RMUX15(+1,+0)->RMUX63","11","2","afexe_bitgen_20260919"
"RMUX25@12,1->RMUX0@12,1","RMUX25(+0,+0)->RMUX0","12","2","afexe_bitgen_20260919"
"RMUX25@12,1->RMUX1@12,1","RMUX25(+0,+0)->RMUX1","12","2","afexe_bitgen_20260919"
"RMUX27@12,1->RMUX4@12,2","RMUX27(+0,-1)->RMUX4","12","2","afexe_bitgen_20260919"
"RMUX27@12,1->RMUX11@12,2","RMUX27(+0,-1)->RMUX11","12","2","afexe_bitgen_20260919"
"RMUX27@12,1->RMUX15@12,2","RMUX27(+0,-1)->RMUX15","12","2","afexe_bitgen_20260919"
"RMUX33@12,1->RMUX45@12,1","RMUX33(+0,+0)->RMUX45","12","2","afexe_bitgen_20260919"
"RMUX38@12,1->RMUX50@11,1","RMUX38(+1,+0)->RMUX50","11","2","afexe_bitgen_20260919"
"RMUX44@12,1->RMUX85@12,1","RMUX44(+0,+0)->RMUX85","12","2","afexe_bitgen_20260919"
"RMUX45@12,1->RMUX86@11,1","RMUX45(+1,+0)->RMUX86","11","2","afexe_bitgen_20260919"
"RMUX51@12,1->RMUX15@12,1","RMUX51(+0,+0)->RMUX15","12","2","afexe_bitgen_20260919"
"RMUX57@12,1->RMUX45@12,1","RMUX57(+0,+0)->RMUX45","12","2","afexe_bitgen_20260919"
"RMUX57@12,1->RMUX34@12,2","RMUX57(+0,-1)->RMUX34","12","2","afexe_bitgen_20260919"
"RMUX57@12,1->RMUX38@12,2","RMUX57(+0,-1)->RMUX38","12","2","afexe_bitgen_20260919"
"RMUX68@12,1->RMUX80@11,1","RMUX68(+1,+0)->RMUX80","11","2","afexe_bitgen_20260919"
"RMUX68@12,1->RMUX85@11,1","RMUX68(+1,+0)->RMUX85","11","2","afexe_bitgen_20260919"
"RMUX80@12,1->RMUX26@12,3","RMUX80(+0,-2)->RMUX26","12","2","afexe_bitgen_20260919"
"RMUX91@12,1->RMUX72@11,1","RMUX91(+1,+0)->RMUX72","11","2","afexe_bitgen_20260919"
"RMUX91@12,1->RMUX89@11,1","RMUX91(+1,+0)->RMUX89","11","2","afexe_bitgen_20260919"
"RMUX92@12,1->RMUX81@12,1","RMUX92(+0,+0)->RMUX81","12","2","afexe_bitgen_20260919"
"RMUX2@12,2->RMUX18@12,1","RMUX2(+0,+1)->RMUX18","12","2","afexe_bitgen_20260919"
"RMUX3@12,2->RMUX15@12,2","RMUX3(+0,+0)->RMUX15","12","2","afexe_bitgen_20260919"
"RMUX3@12,2->RMUX21@12,2","RMUX3(+0,+0)->RMUX21","12","2","afexe_bitgen_20260919"
"RMUX8@12,2->RMUX26@11,2","RMUX8(+1,+0)->RMUX26","11","2","afexe_bitgen_20260919"
"RMUX8@12,2->RMUX27@11,2","RMUX8(+1,+0)->RMUX27","11","2","afexe_bitgen_20260919"
"RMUX8@12,2->RMUX33@11,2","RMUX8(+1,+0)->RMUX33","11","2","afexe_bitgen_20260919"
"RMUX8@12,2->RMUX37@11,2","RMUX8(+1,+0)->RMUX37","11","2","afexe_bitgen_20260919"
"RMUX9@12,2->RMUX38@12,1","RMUX9(+0,+1)->RMUX38","12","2","afexe_bitgen_20260919"
"RMUX9@12,2->RMUX38@12,2","RMUX9(+0,+0)->RMUX38","12","2","afexe_bitgen_20260919"
"RMUX15@12,2->RMUX63@11,2","RMUX15(+1,+0)->RMUX63","11","2","afexe_bitgen_20260919"
"RMUX19@12,2->RMUX88@12,1","RMUX19(+0,+1)->RMUX88","12","2","afexe_bitgen_20260919"
"RMUX19@12,2->RMUX89@12,1","RMUX19(+0,+1)->RMUX89","12","2","afexe_bitgen_20260919"
"RMUX19@12,2->RMUX95@12,1","RMUX19(+0,+1)->RMUX95","12","2","afexe_bitgen_20260919"
"RMUX25@12,2->RMUX0@12,2","RMUX25(+0,+0)->RMUX0","12","2","afexe_bitgen_20260919"
"RMUX25@12,2->RMUX1@12,2","RMUX25(+0,+0)->RMUX1","12","2","afexe_bitgen_20260919"
"RMUX33@12,2->RMUX45@12,2","RMUX33(+0,+0)->RMUX45","12","2","afexe_bitgen_20260919"
"RMUX37@12,2->RMUX48@12,4","RMUX37(+0,-2)->RMUX48","12","2","afexe_bitgen_20260919"
"RMUX38@12,2->RMUX50@11,2","RMUX38(+1,+0)->RMUX50","11","2","afexe_bitgen_20260919"
"RMUX39@12,2->RMUX52@12,1","RMUX39(+0,+1)->RMUX52","12","2","afexe_bitgen_20260919"
"RMUX39@12,2->RMUX53@12,1","RMUX39(+0,+1)->RMUX53","12","2","afexe_bitgen_20260919"
"RMUX39@12,2->RMUX58@12,1","RMUX39(+0,+1)->RMUX58","12","2","afexe_bitgen_20260919"
"RMUX45@12,2->RMUX86@11,2","RMUX45(+1,+0)->RMUX86","11","2","afexe_bitgen_20260919"
"RMUX51@12,2->RMUX15@12,2","RMUX51(+0,+0)->RMUX15","12","2","afexe_bitgen_20260919"
"RMUX55@12,2->RMUX31@12,1","RMUX55(+0,+1)->RMUX31","12","2","afexe_bitgen_20260919"
"RMUX68@12,2->RMUX80@11,2","RMUX68(+1,+0)->RMUX80","11","2","afexe_bitgen_20260919"
"RMUX68@12,2->RMUX85@11,2","RMUX68(+1,+0)->RMUX85","11","2","afexe_bitgen_20260919"
"RMUX69@12,2->RMUX93@12,1","RMUX69(+0,+1)->RMUX93","12","2","afexe_bitgen_20260919"
"RMUX73@12,2->RMUX0@12,4","RMUX73(+0,-2)->RMUX0","12","2","afexe_bitgen_20260919"
"RMUX75@12,2->RMUX10@12,1","RMUX75(+0,+1)->RMUX10","12","2","afexe_bitgen_20260919"
"RMUX80@12,2->RMUX26@12,4","RMUX80(+0,-2)->RMUX26","12","2","afexe_bitgen_20260919"
"RMUX91@12,2->RMUX72@11,2","RMUX91(+1,+0)->RMUX72","11","2","afexe_bitgen_20260919"
"RMUX91@12,2->RMUX89@11,2","RMUX91(+1,+0)->RMUX89","11","2","afexe_bitgen_20260919"
"RMUX92@12,2->RMUX81@12,2","RMUX92(+0,+0)->RMUX81","12","2","afexe_bitgen_20260919"
"RMUX3@12,3->RMUX15@12,3","RMUX3(+0,+0)->RMUX15","12","2","afexe_bitgen_20260919"
"RMUX3@12,3->RMUX21@12,3","RMUX3(+0,+0)->RMUX21","12","2","afexe_bitgen_20260919"
"RMUX7@12,3->RMUX25@12,3","RMUX7(+0,+0)->RMUX25","12","2","afexe_bitgen_20260919"
"RMUX8@12,3->RMUX26@11,3","RMUX8(+1,+0)->RMUX26","11","2","afexe_bitgen_20260919"
"RMUX8@12,3->RMUX27@11,3","RMUX8(+1,+0)->RMUX27","11","2","afexe_bitgen_20260919"
"RMUX8@12,3->RMUX33@11,3","RMUX8(+1,+0)->RMUX33","11","2","afexe_bitgen_20260919"
"RMUX8@12,3->RMUX37@11,3","RMUX8(+1,+0)->RMUX37","11","2","afexe_bitgen_20260919"
"RMUX14@12,3->RMUX61@12,4","RMUX14(+0,-1)->RMUX61","12","2","afexe_bitgen_20260919"
"RMUX15@12,3->RMUX63@11,3","RMUX15(+1,+0)->RMUX63","11","2","afexe_bitgen_20260919"
"RMUX27@12,3->RMUX4@12,4","RMUX27(+0,-1)->RMUX4","12","2","afexe_bitgen_20260919"
"RMUX27@12,3->RMUX11@12,4","RMUX27(+0,-1)->RMUX11","12","2","afexe_bitgen_20260919"
"RMUX27@12,3->RMUX15@12,4","RMUX27(+0,-1)->RMUX15","12","2","afexe_bitgen_20260919"
"RMUX32@12,3->RMUX33@12,1","RMUX32(+0,+2)->RMUX33","12","2","afexe_bitgen_20260919"
"RMUX33@12,3->RMUX45@12,3","RMUX33(+0,+0)->RMUX45","12","2","afexe_bitgen_20260919"
"RMUX38@12,3->RMUX50@11,3","RMUX38(+1,+0)->RMUX50","11","2","afexe_bitgen_20260919"
"RMUX44@12,3->RMUX85@12,3","RMUX44(+0,+0)->RMUX85","12","2","afexe_bitgen_20260919"
"RMUX45@12,3->RMUX86@11,3","RMUX45(+1,+0)->RMUX86","11","2","afexe_bitgen_20260919"
"RMUX51@12,3->RMUX15@12,3","RMUX51(+0,+0)->RMUX15","12","2","afexe_bitgen_20260919"
"RMUX55@12,3->RMUX24@12,1","RMUX55(+0,+2)->RMUX24","12","2","afexe_bitgen_20260919"
"RMUX57@12,3->RMUX45@12,3","RMUX57(+0,+0)->RMUX45","12","2","afexe_bitgen_20260919"
"RMUX57@12,3->RMUX34@12,4","RMUX57(+0,-1)->RMUX34","12","2","afexe_bitgen_20260919"
"RMUX57@12,3->RMUX38@12,4","RMUX57(+0,-1)->RMUX38","12","2","afexe_bitgen_20260919"
"RMUX67@12,3->RMUX72@12,3","RMUX67(+0,+0)->RMUX72","12","2","afexe_bitgen_20260919"
"RMUX67@12,3->RMUX94@12,4","RMUX67(+0,-1)->RMUX94","12","2","afexe_bitgen_20260919"
"RMUX68@12,3->RMUX80@11,3","RMUX68(+1,+0)->RMUX80","11","2","afexe_bitgen_20260919"
"RMUX68@12,3->RMUX85@11,3","RMUX68(+1,+0)->RMUX85","11","2","afexe_bitgen_20260919"
"RMUX73@12,3->RMUX1@12,3","RMUX73(+0,+0)->RMUX1","12","2","afexe_bitgen_20260919"
"RMUX91@12,3->RMUX72@11,3","RMUX91(+1,+0)->RMUX72","11","2","afexe_bitgen_20260919"
"RMUX91@12,3->RMUX89@11,3","RMUX91(+1,+0)->RMUX89","11","2","afexe_bitgen_20260919"
"RMUX2@12,4->RMUX18@12,3","RMUX2(+0,+1)->RMUX18","12","2","afexe_bitgen_20260919"
"RMUX3@12,4->RMUX15@12,4","RMUX3(+0,+0)->RMUX15","12","2","afexe_bitgen_20260919"
"RMUX3@12,4->RMUX21@12,4","RMUX3(+0,+0)->RMUX21","12","2","afexe_bitgen_20260919"
"RMUX7@12,4->RMUX25@12,4","RMUX7(+0,+0)->RMUX25","12","2","afexe_bitgen_20260919"
"RMUX8@12,4->RMUX26@11,4","RMUX8(+1,+0)->RMUX26","11","2","afexe_bitgen_20260919"
"RMUX8@12,4->RMUX27@11,4","RMUX8(+1,+0)->RMUX27","11","2","afexe_bitgen_20260919"
"RMUX8@12,4->RMUX33@11,4","RMUX8(+1,+0)->RMUX33","11","2","afexe_bitgen_20260919"
"RMUX8@12,4->RMUX37@11,4","RMUX8(+1,+0)->RMUX37","11","2","afexe_bitgen_20260919"
"RMUX9@12,4->RMUX38@12,3","RMUX9(+0,+1)->RMUX38","12","2","afexe_bitgen_20260919"
"RMUX9@12,4->RMUX38@12,4","RMUX9(+0,+0)->RMUX38","12","2","afexe_bitgen_20260919"
"RMUX15@12,4->RMUX63@11,4","RMUX15(+1,+0)->RMUX63","11","2","afexe_bitgen_20260919"
"RMUX32@12,4->RMUX33@12,2","RMUX32(+0,+2)->RMUX33","12","2","afexe_bitgen_20260919"
"RMUX33@12,4->RMUX45@12,4","RMUX33(+0,+0)->RMUX45","12","2","afexe_bitgen_20260919"
"RMUX38@12,4->RMUX50@11,4","RMUX38(+1,+0)->RMUX50","11","2","afexe_bitgen_20260919"
"RMUX44@12,4->RMUX85@12,4","RMUX44(+0,+0)->RMUX85","12","2","afexe_bitgen_20260919"
"RMUX51@12,4->RMUX15@12,4","RMUX51(+0,+0)->RMUX15","12","2","afexe_bitgen_20260919"
"RMUX57@12,4->RMUX45@12,4","RMUX57(+0,+0)->RMUX45","12","2","afexe_bitgen_20260919"
"RMUX67@12,4->RMUX72@12,4","RMUX67(+0,+0)->RMUX72","12","2","afexe_bitgen_20260919"
"RMUX68@12,4->RMUX80@11,4","RMUX68(+1,+0)->RMUX80","11","2","afexe_bitgen_20260919"
"RMUX68@12,4->RMUX85@11,4","RMUX68(+1,+0)->RMUX85","11","2","afexe_bitgen_20260919"
"RMUX69@12,4->RMUX93@12,3","RMUX69(+0,+1)->RMUX93","12","2","afexe_bitgen_20260919"
"RMUX73@12,4->RMUX1@12,4","RMUX73(+0,+0)->RMUX1","12","2","afexe_bitgen_20260919"
"RMUX75@12,4->RMUX10@12,3","RMUX75(+0,+1)->RMUX10","12","2","afexe_bitgen_20260919"
"RMUX91@12,4->RMUX72@11,4","RMUX91(+1,+0)->RMUX72","11","2","afexe_bitgen_20260919"
"RMUX91@12,4->RMUX89@11,4","RMUX91(+1,+0)->RMUX89","11","2","afexe_bitgen_20260919"
"RMUX3@14,1->RMUX15@14,1","RMUX3(+0,+0)->RMUX15","14","2","afexe_bitgen_20260919"
"RMUX3@14,1->RMUX21@14,1","RMUX3(+0,+0)->RMUX21","14","2","afexe_bitgen_20260919"
"RMUX9@14,1->RMUX38@14,1","RMUX9(+0,+0)->RMUX38","14","2","afexe_bitgen_20260919"
"RMUX25@14,1->RMUX0@14,1","RMUX25(+0,+0)->RMUX0","14","2","afexe_bitgen_20260919"
"RMUX25@14,1->RMUX1@14,1","RMUX25(+0,+0)->RMUX1","14","2","afexe_bitgen_20260919"
"RMUX27@14,1->RMUX4@14,2","RMUX27(+0,-1)->RMUX4","14","2","afexe_bitgen_20260919"
"RMUX27@14,1->RMUX11@14,2","RMUX27(+0,-1)->RMUX11","14","2","afexe_bitgen_20260919"
"RMUX27@14,1->RMUX15@14,2","RMUX27(+0,-1)->RMUX15","14","2","afexe_bitgen_20260919"
"RMUX44@14,1->RMUX85@14,1","RMUX44(+0,+0)->RMUX85","14","2","afexe_bitgen_20260919"
"RMUX49@14,1->RMUX7@15,1","RMUX49(-1,+0)->RMUX7","15","2","afexe_bitgen_20260919"
"RMUX51@14,1->RMUX15@14,1","RMUX51(+0,+0)->RMUX15","14","2","afexe_bitgen_20260919"
"RMUX57@14,1->RMUX45@14,1","RMUX57(+0,+0)->RMUX45","14","2","afexe_bitgen_20260919"
"RMUX57@14,1->RMUX34@14,2","RMUX57(+0,-1)->RMUX34","14","2","afexe_bitgen_20260919"
"RMUX57@14,1->RMUX38@14,2","RMUX57(+0,-1)->RMUX38","14","2","afexe_bitgen_20260919"
"RMUX80@14,1->RMUX26@14,3","RMUX80(+0,-2)->RMUX26","14","2","afexe_bitgen_20260919"
"RMUX86@14,1->RMUX50@15,1","RMUX86(-1,+0)->RMUX50","15","2","afexe_bitgen_20260919"
"RMUX92@14,1->RMUX81@14,1","RMUX92(+0,+0)->RMUX81","14","2","afexe_bitgen_20260919"
"RMUX2@14,2->RMUX18@14,1","RMUX2(+0,+1)->RMUX18","14","2","afexe_bitgen_20260919"
"RMUX3@14,2->RMUX15@14,2","RMUX3(+0,+0)->RMUX15","14","2","afexe_bitgen_20260919"
"RMUX3@14,2->RMUX21@14,2","RMUX3(+0,+0)->RMUX21","14","2","afexe_bitgen_20260919"
"RMUX9@14,2->RMUX38@14,1","RMUX9(+0,+1)->RMUX38","14","2","afexe_bitgen_20260919"
"RMUX9@14,2->RMUX38@14,2","RMUX9(+0,+0)->RMUX38","14","2","afexe_bitgen_20260919"
"RMUX19@14,2->RMUX88@14,1","RMUX19(+0,+1)->RMUX88","14","2","afexe_bitgen_20260919"
"RMUX19@14,2->RMUX89@14,1","RMUX19(+0,+1)->RMUX89","14","2","afexe_bitgen_20260919"
"RMUX19@14,2->RMUX95@14,1","RMUX19(+0,+1)->RMUX95","14","2","afexe_bitgen_20260919"
"RMUX25@14,2->RMUX0@14,2","RMUX25(+0,+0)->RMUX0","14","2","afexe_bitgen_20260919"
"RMUX25@14,2->RMUX1@14,2","RMUX25(+0,+0)->RMUX1","14","2","afexe_bitgen_20260919"
"RMUX33@14,2->RMUX45@14,2","RMUX33(+0,+0)->RMUX45","14","2","afexe_bitgen_20260919"
"RMUX37@14,2->RMUX48@14,4","RMUX37(+0,-2)->RMUX48","14","2","afexe_bitgen_20260919"
"RMUX39@14,2->RMUX52@14,1","RMUX39(+0,+1)->RMUX52","14","2","afexe_bitgen_20260919"
"RMUX39@14,2->RMUX53@14,1","RMUX39(+0,+1)->RMUX53","14","2","afexe_bitgen_20260919"
"RMUX39@14,2->RMUX58@14,1","RMUX39(+0,+1)->RMUX58","14","2","afexe_bitgen_20260919"
"RMUX49@14,2->RMUX7@15,2","RMUX49(-1,+0)->RMUX7","15","2","afexe_bitgen_20260919"
"RMUX51@14,2->RMUX15@14,2","RMUX51(+0,+0)->RMUX15","14","2","afexe_bitgen_20260919"
"RMUX55@14,2->RMUX31@14,1","RMUX55(+0,+1)->RMUX31","14","2","afexe_bitgen_20260919"
"RMUX69@14,2->RMUX93@14,1","RMUX69(+0,+1)->RMUX93","14","2","afexe_bitgen_20260919"
"RMUX73@14,2->RMUX0@14,4","RMUX73(+0,-2)->RMUX0","14","2","afexe_bitgen_20260919"
"RMUX75@14,2->RMUX10@14,1","RMUX75(+0,+1)->RMUX10","14","2","afexe_bitgen_20260919"
"RMUX80@14,2->RMUX26@14,4","RMUX80(+0,-2)->RMUX26","14","2","afexe_bitgen_20260919"
"RMUX86@14,2->RMUX50@15,2","RMUX86(-1,+0)->RMUX50","15","2","afexe_bitgen_20260919"
"RMUX92@14,2->RMUX81@14,2","RMUX92(+0,+0)->RMUX81","14","2","afexe_bitgen_20260919"
"RMUX2@14,3->RMUX18@14,2","RMUX2(+0,+1)->RMUX18","14","2","afexe_bitgen_20260919"
"RMUX3@14,3->RMUX15@14,3","RMUX3(+0,+0)->RMUX15","14","2","afexe_bitgen_20260919"
"RMUX3@14,3->RMUX21@14,3","RMUX3(+0,+0)->RMUX21","14","2","afexe_bitgen_20260919"
"RMUX7@14,3->RMUX25@14,3","RMUX7(+0,+0)->RMUX25","14","2","afexe_bitgen_20260919"
"RMUX9@14,3->RMUX38@14,2","RMUX9(+0,+1)->RMUX38","14","2","afexe_bitgen_20260919"
"RMUX9@14,3->RMUX38@14,3","RMUX9(+0,+0)->RMUX38","14","2","afexe_bitgen_20260919"
"RMUX14@14,3->RMUX61@14,4","RMUX14(+0,-1)->RMUX61","14","2","afexe_bitgen_20260919"
"RMUX19@14,3->RMUX88@14,2","RMUX19(+0,+1)->RMUX88","14","2","afexe_bitgen_20260919"
"RMUX19@14,3->RMUX89@14,2","RMUX19(+0,+1)->RMUX89","14","2","afexe_bitgen_20260919"
"RMUX19@14,3->RMUX95@14,2","RMUX19(+0,+1)->RMUX95","14","2","afexe_bitgen_20260919"
"RMUX25@14,3->RMUX0@14,3","RMUX25(+0,+0)->RMUX0","14","2","afexe_bitgen_20260919"
"RMUX25@14,3->RMUX1@14,3","RMUX25(+0,+0)->RMUX1","14","2","afexe_bitgen_20260919"
"RMUX27@14,3->RMUX4@14,4","RMUX27(+0,-1)->RMUX4","14","2","afexe_bitgen_20260919"
"RMUX27@14,3->RMUX11@14,4","RMUX27(+0,-1)->RMUX11","14","2","afexe_bitgen_20260919"
"RMUX27@14,3->RMUX15@14,4","RMUX27(+0,-1)->RMUX15","14","2","afexe_bitgen_20260919"
"RMUX32@14,3->RMUX33@14,1","RMUX32(+0,+2)->RMUX33","14","2","afexe_bitgen_20260919"
"RMUX33@14,3->RMUX45@14,3","RMUX33(+0,+0)->RMUX45","14","2","afexe_bitgen_20260919"
"RMUX37@14,3->RMUX48@14,5","RMUX37(+0,-2)->RMUX48","14","2","afexe_bitgen_20260919"
"RMUX39@14,3->RMUX52@14,2","RMUX39(+0,+1)->RMUX52","14","2","afexe_bitgen_20260919"
"RMUX39@14,3->RMUX53@14,2","RMUX39(+0,+1)->RMUX53","14","2","afexe_bitgen_20260919"
"RMUX39@14,3->RMUX58@14,2","RMUX39(+0,+1)->RMUX58","14","2","afexe_bitgen_20260919"
"RMUX44@14,3->RMUX85@14,3","RMUX44(+0,+0)->RMUX85","14","2","afexe_bitgen_20260919"
"RMUX49@14,3->RMUX7@15,3","RMUX49(-1,+0)->RMUX7","15","2","afexe_bitgen_20260919"
"RMUX51@14,3->RMUX15@14,3","RMUX51(+0,+0)->RMUX15","14","2","afexe_bitgen_20260919"
"RMUX55@14,3->RMUX24@14,1","RMUX55(+0,+2)->RMUX24","14","2","afexe_bitgen_20260919"
"RMUX55@14,3->RMUX31@14,2","RMUX55(+0,+1)->RMUX31","14","2","afexe_bitgen_20260919"
"RMUX57@14,3->RMUX45@14,3","RMUX57(+0,+0)->RMUX45","14","2","afexe_bitgen_20260919"
"RMUX57@14,3->RMUX34@14,4","RMUX57(+0,-1)->RMUX34","14","2","afexe_bitgen_20260919"
"RMUX57@14,3->RMUX38@14,4","RMUX57(+0,-1)->RMUX38","14","2","afexe_bitgen_20260919"
"RMUX67@14,3->RMUX72@14,3","RMUX67(+0,+0)->RMUX72","14","2","afexe_bitgen_20260919"
"RMUX67@14,3->RMUX94@14,4","RMUX67(+0,-1)->RMUX94","14","2","afexe_bitgen_20260919"
"RMUX69@14,3->RMUX93@14,2","RMUX69(+0,+1)->RMUX93","14","2","afexe_bitgen_20260919"
"RMUX73@14,3->RMUX1@14,3","RMUX73(+0,+0)->RMUX1","14","2","afexe_bitgen_20260919"
"RMUX73@14,3->RMUX0@14,5","RMUX73(+0,-2)->RMUX0","14","2","afexe_bitgen_20260919"
"RMUX75@14,3->RMUX10@14,2","RMUX75(+0,+1)->RMUX10","14","2","afexe_bitgen_20260919"
"RMUX80@14,3->RMUX26@14,5","RMUX80(+0,-2)->RMUX26","14","2","afexe_bitgen_20260919"
"RMUX86@14,3->RMUX50@15,3","RMUX86(-1,+0)->RMUX50","15","2","afexe_bitgen_20260919"
"RMUX92@14,3->RMUX81@14,3","RMUX92(+0,+0)->RMUX81","14","2","afexe_bitgen_20260919"
"RMUX2@14,4->RMUX18@14,3","RMUX2(+0,+1)->RMUX18","14","2","afexe_bitgen_20260919"
"RMUX3@14,4->RMUX15@14,4","RMUX3(+0,+0)->RMUX15","14","2","afexe_bitgen_20260919"
"RMUX7@14,4->RMUX25@14,4","RMUX7(+0,+0)->RMUX25","14","2","afexe_bitgen_20260919"
"RMUX9@14,4->RMUX38@14,3","RMUX9(+0,+1)->RMUX38","14","2","afexe_bitgen_20260919"
"RMUX9@14,4->RMUX38@14,4","RMUX9(+0,+0)->RMUX38","14","2","afexe_bitgen_20260919"
"RMUX14@14,4->RMUX61@14,5","RMUX14(+0,-1)->RMUX61","14","2","afexe_bitgen_20260919"
"RMUX19@14,4->RMUX88@14,3","RMUX19(+0,+1)->RMUX88","14","2","afexe_bitgen_20260919"
"RMUX19@14,4->RMUX89@14,3","RMUX19(+0,+1)->RMUX89","14","2","afexe_bitgen_20260919"
"RMUX19@14,4->RMUX95@14,3","RMUX19(+0,+1)->RMUX95","14","2","afexe_bitgen_20260919"
"RMUX25@14,4->RMUX0@14,1","RMUX25(+0,+3)->RMUX0","14","2","afexe_bitgen_20260919"
"RMUX25@14,4->RMUX0@14,4","RMUX25(+0,+0)->RMUX0","14","2","afexe_bitgen_20260919"
"RMUX25@14,4->RMUX1@14,4","RMUX25(+0,+0)->RMUX1","14","2","afexe_bitgen_20260919"
"RMUX27@14,4->RMUX4@14,5","RMUX27(+0,-1)->RMUX4","14","2","afexe_bitgen_20260919"
"RMUX27@14,4->RMUX11@14,5","RMUX27(+0,-1)->RMUX11","14","2","afexe_bitgen_20260919"
"RMUX27@14,4->RMUX15@14,5","RMUX27(+0,-1)->RMUX15","14","2","afexe_bitgen_20260919"
"RMUX32@14,4->RMUX33@14,2","RMUX32(+0,+2)->RMUX33","14","2","afexe_bitgen_20260919"
"RMUX33@14,4->RMUX45@14,4","RMUX33(+0,+0)->RMUX45","14","2","afexe_bitgen_20260919"
"RMUX37@14,4->RMUX48@14,6","RMUX37(+0,-2)->RMUX48","14","2","afexe_bitgen_20260919"
"RMUX39@14,4->RMUX52@14,3","RMUX39(+0,+1)->RMUX52","14","2","afexe_bitgen_20260919"
"RMUX39@14,4->RMUX53@14,3","RMUX39(+0,+1)->RMUX53","14","2","afexe_bitgen_20260919"
"RMUX39@14,4->RMUX58@14,3","RMUX39(+0,+1)->RMUX58","14","2","afexe_bitgen_20260919"
"RMUX44@14,4->RMUX85@14,4","RMUX44(+0,+0)->RMUX85","14","2","afexe_bitgen_20260919"
"RMUX49@14,4->RMUX7@15,4","RMUX49(-1,+0)->RMUX7","15","2","afexe_bitgen_20260919"
"RMUX51@14,4->RMUX15@14,4","RMUX51(+0,+0)->RMUX15","14","2","afexe_bitgen_20260919"
"RMUX55@14,4->RMUX24@14,2","RMUX55(+0,+2)->RMUX24","14","2","afexe_bitgen_20260919"
"RMUX55@14,4->RMUX31@14,3","RMUX55(+0,+1)->RMUX31","14","2","afexe_bitgen_20260919"
"RMUX57@14,4->RMUX45@14,4","RMUX57(+0,+0)->RMUX45","14","2","afexe_bitgen_20260919"
"RMUX57@14,4->RMUX34@14,5","RMUX57(+0,-1)->RMUX34","14","2","afexe_bitgen_20260919"
"RMUX57@14,4->RMUX38@14,5","RMUX57(+0,-1)->RMUX38","14","2","afexe_bitgen_20260919"
"RMUX67@14,4->RMUX94@14,5","RMUX67(+0,-1)->RMUX94","14","2","afexe_bitgen_20260919"
"RMUX69@14,4->RMUX93@14,3","RMUX69(+0,+1)->RMUX93","14","2","afexe_bitgen_20260919"
"RMUX73@14,4->RMUX0@14,6","RMUX73(+0,-2)->RMUX0","14","2","afexe_bitgen_20260919"
"RMUX75@14,4->RMUX10@14,3","RMUX75(+0,+1)->RMUX10","14","2","afexe_bitgen_20260919"
"RMUX80@14,4->RMUX26@14,6","RMUX80(+0,-2)->RMUX26","14","2","afexe_bitgen_20260919"
"RMUX86@14,4->RMUX50@15,4","RMUX86(-1,+0)->RMUX50","15","2","afexe_bitgen_20260919"
"RMUX92@14,4->RMUX81@14,4","RMUX92(+0,+0)->RMUX81","14","2","afexe_bitgen_20260919"
"RMUX2@14,5->RMUX18@14,4","RMUX2(+0,+1)->RMUX18","14","2","afexe_bitgen_20260919"
"RMUX3@14,5->RMUX15@14,5","RMUX3(+0,+0)->RMUX15","14","2","afexe_bitgen_20260919"
"RMUX3@14,5->RMUX21@14,5","RMUX3(+0,+0)->RMUX21","14","2","afexe_bitgen_20260919"
"RMUX7@14,5->RMUX25@14,5","RMUX7(+0,+0)->RMUX25","14","2","afexe_bitgen_20260919"
"RMUX9@14,5->RMUX38@14,4","RMUX9(+0,+1)->RMUX38","14","2","afexe_bitgen_20260919"
"RMUX9@14,5->RMUX38@14,5","RMUX9(+0,+0)->RMUX38","14","2","afexe_bitgen_20260919"
"RMUX14@14,5->RMUX61@14,6","RMUX14(+0,-1)->RMUX61","14","2","afexe_bitgen_20260919"
"RMUX19@14,5->RMUX88@14,4","RMUX19(+0,+1)->RMUX88","14","2","afexe_bitgen_20260919"
"RMUX19@14,5->RMUX89@14,4","RMUX19(+0,+1)->RMUX89","14","2","afexe_bitgen_20260919"
"RMUX25@14,5->RMUX0@14,2","RMUX25(+0,+3)->RMUX0","14","2","afexe_bitgen_20260919"
"RMUX25@14,5->RMUX0@14,5","RMUX25(+0,+0)->RMUX0","14","2","afexe_bitgen_20260919"
"RMUX25@14,5->RMUX1@14,5","RMUX25(+0,+0)->RMUX1","14","2","afexe_bitgen_20260919"
"RMUX27@14,5->RMUX4@14,6","RMUX27(+0,-1)->RMUX4","14","2","afexe_bitgen_20260919"
"RMUX27@14,5->RMUX11@14,6","RMUX27(+0,-1)->RMUX11","14","2","afexe_bitgen_20260919"
"RMUX27@14,5->RMUX15@14,6","RMUX27(+0,-1)->RMUX15","14","2","afexe_bitgen_20260919"
"RMUX32@14,5->RMUX33@14,3","RMUX32(+0,+2)->RMUX33","14","2","afexe_bitgen_20260919"
"RMUX33@14,5->RMUX45@14,5","RMUX33(+0,+0)->RMUX45","14","2","afexe_bitgen_20260919"
"RMUX37@14,5->RMUX48@14,7","RMUX37(+0,-2)->RMUX48","14","2","afexe_bitgen_20260919"
"RMUX39@14,5->RMUX52@14,4","RMUX39(+0,+1)->RMUX52","14","2","afexe_bitgen_20260919"
"RMUX39@14,5->RMUX53@14,4","RMUX39(+0,+1)->RMUX53","14","2","afexe_bitgen_20260919"
"RMUX39@14,5->RMUX58@14,4","RMUX39(+0,+1)->RMUX58","14","2","afexe_bitgen_20260919"
"RMUX44@14,5->RMUX85@14,5","RMUX44(+0,+0)->RMUX85","14","2","afexe_bitgen_20260919"
"RMUX51@14,5->RMUX15@14,5","RMUX51(+0,+0)->RMUX15","14","2","afexe_bitgen_20260919"
"RMUX55@14,5->RMUX24@14,3","RMUX55(+0,+2)->RMUX24","14","2","afexe_bitgen_20260919"
"RMUX55@14,5->RMUX31@14,4","RMUX55(+0,+1)->RMUX31","14","2","afexe_bitgen_20260919"
"RMUX57@14,5->RMUX45@14,5","RMUX57(+0,+0)->RMUX45","14","2","afexe_bitgen_20260919"
"RMUX57@14,5->RMUX34@14,6","RMUX57(+0,-1)->RMUX34","14","2","afexe_bitgen_20260919"
"RMUX57@14,5->RMUX38@14,6","RMUX57(+0,-1)->RMUX38","14","2","afexe_bitgen_20260919"
"RMUX67@14,5->RMUX72@14,5","RMUX67(+0,+0)->RMUX72","14","2","afexe_bitgen_20260919"
"RMUX67@14,5->RMUX94@14,6","RMUX67(+0,-1)->RMUX94","14","2","afexe_bitgen_20260919"
"RMUX69@14,5->RMUX93@14,4","RMUX69(+0,+1)->RMUX93","14","2","afexe_bitgen_20260919"
"RMUX73@14,5->RMUX1@14,5","RMUX73(+0,+0)->RMUX1","14","2","afexe_bitgen_20260919"
"RMUX73@14,5->RMUX0@14,7","RMUX73(+0,-2)->RMUX0","14","2","afexe_bitgen_20260919"
"RMUX75@14,5->RMUX10@14,4","RMUX75(+0,+1)->RMUX10","14","2","afexe_bitgen_20260919"
"RMUX80@14,5->RMUX26@14,7","RMUX80(+0,-2)->RMUX26","14","2","afexe_bitgen_20260919"
"RMUX86@14,5->RMUX50@15,5","RMUX86(-1,+0)->RMUX50","15","2","afexe_bitgen_20260919"
"RMUX92@14,5->RMUX81@14,5","RMUX92(+0,+0)->RMUX81","14","2","afexe_bitgen_20260919"
"RMUX2@14,6->RMUX18@14,5","RMUX2(+0,+1)->RMUX18","14","2","afexe_bitgen_20260919"
"RMUX3@14,6->RMUX21@14,6","RMUX3(+0,+0)->RMUX21","14","2","afexe_bitgen_20260919"
"RMUX7@14,6->RMUX25@14,6","RMUX7(+0,+0)->RMUX25","14","2","afexe_bitgen_20260919"
"RMUX9@14,6->RMUX38@14,5","RMUX9(+0,+1)->RMUX38","14","2","afexe_bitgen_20260919"
"RMUX9@14,6->RMUX38@14,6","RMUX9(+0,+0)->RMUX38","14","2","afexe_bitgen_20260919"
"RMUX14@14,6->RMUX61@14,7","RMUX14(+0,-1)->RMUX61","14","2","afexe_bitgen_20260919"
"RMUX19@14,6->RMUX88@14,5","RMUX19(+0,+1)->RMUX88","14","2","afexe_bitgen_20260919"
"RMUX19@14,6->RMUX89@14,5","RMUX19(+0,+1)->RMUX89","14","2","afexe_bitgen_20260919"
"RMUX19@14,6->RMUX95@14,5","RMUX19(+0,+1)->RMUX95","14","2","afexe_bitgen_20260919"
"RMUX25@14,6->RMUX0@14,3","RMUX25(+0,+3)->RMUX0","14","2","afexe_bitgen_20260919"
"RMUX25@14,6->RMUX0@14,6","RMUX25(+0,+0)->RMUX0","14","2","afexe_bitgen_20260919"
"RMUX25@14,6->RMUX1@14,6","RMUX25(+0,+0)->RMUX1","14","2","afexe_bitgen_20260919"
"RMUX27@14,6->RMUX4@14,7","RMUX27(+0,-1)->RMUX4","14","2","afexe_bitgen_20260919"
"RMUX27@14,6->RMUX11@14,7","RMUX27(+0,-1)->RMUX11","14","2","afexe_bitgen_20260919"
"RMUX27@14,6->RMUX15@14,7","RMUX27(+0,-1)->RMUX15","14","2","afexe_bitgen_20260919"
"RMUX32@14,6->RMUX33@14,4","RMUX32(+0,+2)->RMUX33","14","2","afexe_bitgen_20260919"
"RMUX33@14,6->RMUX45@14,6","RMUX33(+0,+0)->RMUX45","14","2","afexe_bitgen_20260919"
"RMUX37@14,6->RMUX48@14,8","RMUX37(+0,-2)->RMUX48","14","2","afexe_bitgen_20260919"
"RMUX39@14,6->RMUX52@14,5","RMUX39(+0,+1)->RMUX52","14","2","afexe_bitgen_20260919"
"RMUX39@14,6->RMUX53@14,5","RMUX39(+0,+1)->RMUX53","14","2","afexe_bitgen_20260919"
"RMUX39@14,6->RMUX58@14,5","RMUX39(+0,+1)->RMUX58","14","2","afexe_bitgen_20260919"
"RMUX44@14,6->RMUX85@14,6","RMUX44(+0,+0)->RMUX85","14","2","afexe_bitgen_20260919"
"RMUX51@14,6->RMUX15@14,6","RMUX51(+0,+0)->RMUX15","14","2","afexe_bitgen_20260919"
"RMUX55@14,6->RMUX24@14,4","RMUX55(+0,+2)->RMUX24","14","2","afexe_bitgen_20260919"
"RMUX55@14,6->RMUX31@14,5","RMUX55(+0,+1)->RMUX31","14","2","afexe_bitgen_20260919"
"RMUX57@14,6->RMUX45@14,6","RMUX57(+0,+0)->RMUX45","14","2","afexe_bitgen_20260919"
"RMUX57@14,6->RMUX34@14,7","RMUX57(+0,-1)->RMUX34","14","2","afexe_bitgen_20260919"
"RMUX57@14,6->RMUX38@14,7","RMUX57(+0,-1)->RMUX38","14","2","afexe_bitgen_20260919"
"RMUX67@14,6->RMUX72@14,6","RMUX67(+0,+0)->RMUX72","14","2","afexe_bitgen_20260919"
"RMUX67@14,6->RMUX94@14,7","RMUX67(+0,-1)->RMUX94","14","2","afexe_bitgen_20260919"
"RMUX69@14,6->RMUX93@14,5","RMUX69(+0,+1)->RMUX93","14","2","afexe_bitgen_20260919"
"RMUX73@14,6->RMUX1@14,6","RMUX73(+0,+0)->RMUX1","14","2","afexe_bitgen_20260919"
"RMUX73@14,6->RMUX0@14,8","RMUX73(+0,-2)->RMUX0","14","2","afexe_bitgen_20260919"
"RMUX75@14,6->RMUX10@14,5","RMUX75(+0,+1)->RMUX10","14","2","afexe_bitgen_20260919"
"RMUX80@14,6->RMUX26@14,8","RMUX80(+0,-2)->RMUX26","14","2","afexe_bitgen_20260919"
"RMUX92@14,6->RMUX81@14,6","RMUX92(+0,+0)->RMUX81","14","2","afexe_bitgen_20260919"
"RMUX2@14,7->RMUX18@14,6","RMUX2(+0,+1)->RMUX18","14","2","afexe_bitgen_20260919"
"RMUX3@14,7->RMUX15@14,7","RMUX3(+0,+0)->RMUX15","14","2","afexe_bitgen_20260919"
"RMUX7@14,7->RMUX25@14,7","RMUX7(+0,+0)->RMUX25","14","2","afexe_bitgen_20260919"
"RMUX9@14,7->RMUX38@14,6","RMUX9(+0,+1)->RMUX38","14","2","afexe_bitgen_20260919"
"RMUX9@14,7->RMUX38@14,7","RMUX9(+0,+0)->RMUX38","14","2","afexe_bitgen_20260919"
"RMUX14@14,7->RMUX61@14,8","RMUX14(+0,-1)->RMUX61","14","2","afexe_bitgen_20260919"
"RMUX19@14,7->RMUX88@14,6","RMUX19(+0,+1)->RMUX88","14","2","afexe_bitgen_20260919"
"RMUX19@14,7->RMUX89@14,6","RMUX19(+0,+1)->RMUX89","14","2","afexe_bitgen_20260919"
"RMUX19@14,7->RMUX95@14,6","RMUX19(+0,+1)->RMUX95","14","2","afexe_bitgen_20260919"
"RMUX25@14,7->RMUX0@14,4","RMUX25(+0,+3)->RMUX0","14","2","afexe_bitgen_20260919"
"RMUX25@14,7->RMUX0@14,7","RMUX25(+0,+0)->RMUX0","14","2","afexe_bitgen_20260919"
"RMUX25@14,7->RMUX1@14,7","RMUX25(+0,+0)->RMUX1","14","2","afexe_bitgen_20260919"
"RMUX27@14,7->RMUX4@14,8","RMUX27(+0,-1)->RMUX4","14","2","afexe_bitgen_20260919"
"RMUX27@14,7->RMUX11@14,8","RMUX27(+0,-1)->RMUX11","14","2","afexe_bitgen_20260919"
"RMUX27@14,7->RMUX15@14,8","RMUX27(+0,-1)->RMUX15","14","2","afexe_bitgen_20260919"
"RMUX32@14,7->RMUX33@14,5","RMUX32(+0,+2)->RMUX33","14","2","afexe_bitgen_20260919"
"RMUX33@14,7->RMUX45@14,7","RMUX33(+0,+0)->RMUX45","14","2","afexe_bitgen_20260919"
"RMUX37@14,7->RMUX48@14,9","RMUX37(+0,-2)->RMUX48","14","2","afexe_bitgen_20260919"
"RMUX39@14,7->RMUX52@14,6","RMUX39(+0,+1)->RMUX52","14","2","afexe_bitgen_20260919"
"RMUX39@14,7->RMUX53@14,6","RMUX39(+0,+1)->RMUX53","14","2","afexe_bitgen_20260919"
"RMUX39@14,7->RMUX58@14,6","RMUX39(+0,+1)->RMUX58","14","2","afexe_bitgen_20260919"
"RMUX44@14,7->RMUX85@14,7","RMUX44(+0,+0)->RMUX85","14","2","afexe_bitgen_20260919"
"RMUX51@14,7->RMUX15@14,7","RMUX51(+0,+0)->RMUX15","14","2","afexe_bitgen_20260919"
"RMUX55@14,7->RMUX24@14,5","RMUX55(+0,+2)->RMUX24","14","2","afexe_bitgen_20260919"
"RMUX55@14,7->RMUX31@14,6","RMUX55(+0,+1)->RMUX31","14","2","afexe_bitgen_20260919"
"RMUX57@14,7->RMUX34@14,8","RMUX57(+0,-1)->RMUX34","14","2","afexe_bitgen_20260919"
"RMUX57@14,7->RMUX38@14,8","RMUX57(+0,-1)->RMUX38","14","2","afexe_bitgen_20260919"
"RMUX67@14,7->RMUX72@14,7","RMUX67(+0,+0)->RMUX72","14","2","afexe_bitgen_20260919"
"RMUX67@14,7->RMUX94@14,8","RMUX67(+0,-1)->RMUX94","14","2","afexe_bitgen_20260919"
"RMUX69@14,7->RMUX93@14,6","RMUX69(+0,+1)->RMUX93","14","2","afexe_bitgen_20260919"
"RMUX73@14,7->RMUX1@14,7","RMUX73(+0,+0)->RMUX1","14","2","afexe_bitgen_20260919"
"RMUX73@14,7->RMUX0@14,9","RMUX73(+0,-2)->RMUX0","14","2","afexe_bitgen_20260919"
"RMUX75@14,7->RMUX10@14,6","RMUX75(+0,+1)->RMUX10","14","2","afexe_bitgen_20260919"
"RMUX80@14,7->RMUX26@14,9","RMUX80(+0,-2)->RMUX26","14","2","afexe_bitgen_20260919"
"RMUX86@14,7->RMUX50@15,7","RMUX86(-1,+0)->RMUX50","15","2","afexe_bitgen_20260919"
"RMUX92@14,7->RMUX81@14,7","RMUX92(+0,+0)->RMUX81","14","2","afexe_bitgen_20260919"
"RMUX2@14,8->RMUX18@14,7","RMUX2(+0,+1)->RMUX18","14","2","afexe_bitgen_20260919"
"RMUX3@14,8->RMUX15@14,8","RMUX3(+0,+0)->RMUX15","14","2","afexe_bitgen_20260919"
"RMUX7@14,8->RMUX25@14,8","RMUX7(+0,+0)->RMUX25","14","2","afexe_bitgen_20260919"
"RMUX9@14,8->RMUX38@14,7","RMUX9(+0,+1)->RMUX38","14","2","afexe_bitgen_20260919"
"RMUX9@14,8->RMUX38@14,8","RMUX9(+0,+0)->RMUX38","14","2","afexe_bitgen_20260919"
"RMUX14@14,8->RMUX61@14,9","RMUX14(+0,-1)->RMUX61","14","2","afexe_bitgen_20260919"
"RMUX19@14,8->RMUX88@14,7","RMUX19(+0,+1)->RMUX88","14","2","afexe_bitgen_20260919"
"RMUX19@14,8->RMUX89@14,7","RMUX19(+0,+1)->RMUX89","14","2","afexe_bitgen_20260919"
"RMUX19@14,8->RMUX95@14,7","RMUX19(+0,+1)->RMUX95","14","2","afexe_bitgen_20260919"
"RMUX25@14,8->RMUX0@14,5","RMUX25(+0,+3)->RMUX0","14","2","afexe_bitgen_20260919"
"RMUX25@14,8->RMUX0@14,8","RMUX25(+0,+0)->RMUX0","14","2","afexe_bitgen_20260919"
"RMUX25@14,8->RMUX1@14,8","RMUX25(+0,+0)->RMUX1","14","2","afexe_bitgen_20260919"
"RMUX27@14,8->RMUX4@14,9","RMUX27(+0,-1)->RMUX4","14","2","afexe_bitgen_20260919"
"RMUX27@14,8->RMUX11@14,9","RMUX27(+0,-1)->RMUX11","14","2","afexe_bitgen_20260919"
"RMUX27@14,8->RMUX15@14,9","RMUX27(+0,-1)->RMUX15","14","2","afexe_bitgen_20260919"
"RMUX32@14,8->RMUX33@14,6","RMUX32(+0,+2)->RMUX33","14","2","afexe_bitgen_20260919"
"RMUX33@14,8->RMUX45@14,8","RMUX33(+0,+0)->RMUX45","14","2","afexe_bitgen_20260919"
"RMUX37@14,8->RMUX48@14,10","RMUX37(+0,-2)->RMUX48","14","2","afexe_bitgen_20260919"
"RMUX39@14,8->RMUX52@14,7","RMUX39(+0,+1)->RMUX52","14","2","afexe_bitgen_20260919"
"RMUX39@14,8->RMUX53@14,7","RMUX39(+0,+1)->RMUX53","14","2","afexe_bitgen_20260919"
"RMUX39@14,8->RMUX58@14,7","RMUX39(+0,+1)->RMUX58","14","2","afexe_bitgen_20260919"
"RMUX44@14,8->RMUX85@14,8","RMUX44(+0,+0)->RMUX85","14","2","afexe_bitgen_20260919"
"RMUX51@14,8->RMUX15@14,8","RMUX51(+0,+0)->RMUX15","14","2","afexe_bitgen_20260919"
"RMUX55@14,8->RMUX24@14,6","RMUX55(+0,+2)->RMUX24","14","2","afexe_bitgen_20260919"
"RMUX55@14,8->RMUX31@14,7","RMUX55(+0,+1)->RMUX31","14","2","afexe_bitgen_20260919"
"RMUX57@14,8->RMUX45@14,8","RMUX57(+0,+0)->RMUX45","14","2","afexe_bitgen_20260919"
"RMUX57@14,8->RMUX34@14,9","RMUX57(+0,-1)->RMUX34","14","2","afexe_bitgen_20260919"
"RMUX57@14,8->RMUX38@14,9","RMUX57(+0,-1)->RMUX38","14","2","afexe_bitgen_20260919"
"RMUX67@14,8->RMUX72@14,8","RMUX67(+0,+0)->RMUX72","14","2","afexe_bitgen_20260919"
"RMUX67@14,8->RMUX94@14,9","RMUX67(+0,-1)->RMUX94","14","2","afexe_bitgen_20260919"
"RMUX69@14,8->RMUX93@14,7","RMUX69(+0,+1)->RMUX93","14","2","afexe_bitgen_20260919"
"RMUX73@14,8->RMUX1@14,8","RMUX73(+0,+0)->RMUX1","14","2","afexe_bitgen_20260919"
"RMUX73@14,8->RMUX0@14,10","RMUX73(+0,-2)->RMUX0","14","2","afexe_bitgen_20260919"
"RMUX75@14,8->RMUX10@14,7","RMUX75(+0,+1)->RMUX10","14","2","afexe_bitgen_20260919"
"RMUX80@14,8->RMUX26@14,10","RMUX80(+0,-2)->RMUX26","14","2","afexe_bitgen_20260919"
"RMUX86@14,8->RMUX50@15,8","RMUX86(-1,+0)->RMUX50","15","2","afexe_bitgen_20260919"
"RMUX92@14,8->RMUX81@14,8","RMUX92(+0,+0)->RMUX81","14","2","afexe_bitgen_20260919"
"RMUX2@14,9->RMUX18@14,8","RMUX2(+0,+1)->RMUX18","14","2","afexe_bitgen_20260919"
"RMUX3@14,9->RMUX15@14,9","RMUX3(+0,+0)->RMUX15","14","2","afexe_bitgen_20260919"
"RMUX3@14,9->RMUX21@14,9","RMUX3(+0,+0)->RMUX21","14","2","afexe_bitgen_20260919"
"RMUX7@14,9->RMUX25@14,9","RMUX7(+0,+0)->RMUX25","14","2","afexe_bitgen_20260919"
"RMUX9@14,9->RMUX38@14,8","RMUX9(+0,+1)->RMUX38","14","2","afexe_bitgen_20260919"
"RMUX9@14,9->RMUX38@14,9","RMUX9(+0,+0)->RMUX38","14","2","afexe_bitgen_20260919"
"RMUX14@14,9->RMUX61@14,10","RMUX14(+0,-1)->RMUX61","14","2","afexe_bitgen_20260919"
"RMUX19@14,9->RMUX88@14,8","RMUX19(+0,+1)->RMUX88","14","2","afexe_bitgen_20260919"
"RMUX19@14,9->RMUX89@14,8","RMUX19(+0,+1)->RMUX89","14","2","afexe_bitgen_20260919"
"RMUX19@14,9->RMUX95@14,8","RMUX19(+0,+1)->RMUX95","14","2","afexe_bitgen_20260919"
"RMUX25@14,9->RMUX0@14,6","RMUX25(+0,+3)->RMUX0","14","2","afexe_bitgen_20260919"
"RMUX25@14,9->RMUX0@14,9","RMUX25(+0,+0)->RMUX0","14","2","afexe_bitgen_20260919"
"RMUX25@14,9->RMUX1@14,9","RMUX25(+0,+0)->RMUX1","14","2","afexe_bitgen_20260919"
"RMUX27@14,9->RMUX4@14,10","RMUX27(+0,-1)->RMUX4","14","2","afexe_bitgen_20260919"
"RMUX27@14,9->RMUX11@14,10","RMUX27(+0,-1)->RMUX11","14","2","afexe_bitgen_20260919"
"RMUX27@14,9->RMUX15@14,10","RMUX27(+0,-1)->RMUX15","14","2","afexe_bitgen_20260919"
"RMUX32@14,9->RMUX33@14,7","RMUX32(+0,+2)->RMUX33","14","2","afexe_bitgen_20260919"
"RMUX33@14,9->RMUX45@14,9","RMUX33(+0,+0)->RMUX45","14","2","afexe_bitgen_20260919"
"RMUX37@14,9->RMUX48@14,11","RMUX37(+0,-2)->RMUX48","14","2","afexe_bitgen_20260919"
"RMUX39@14,9->RMUX52@14,8","RMUX39(+0,+1)->RMUX52","14","2","afexe_bitgen_20260919"
"RMUX39@14,9->RMUX53@14,8","RMUX39(+0,+1)->RMUX53","14","2","afexe_bitgen_20260919"
"RMUX39@14,9->RMUX58@14,8","RMUX39(+0,+1)->RMUX58","14","2","afexe_bitgen_20260919"
"RMUX44@14,9->RMUX85@14,9","RMUX44(+0,+0)->RMUX85","14","2","afexe_bitgen_20260919"
"RMUX51@14,9->RMUX15@14,9","RMUX51(+0,+0)->RMUX15","14","2","afexe_bitgen_20260919"
"RMUX55@14,9->RMUX24@14,7","RMUX55(+0,+2)->RMUX24","14","2","afexe_bitgen_20260919"
"RMUX55@14,9->RMUX31@14,8","RMUX55(+0,+1)->RMUX31","14","2","afexe_bitgen_20260919"
"RMUX57@14,9->RMUX45@14,9","RMUX57(+0,+0)->RMUX45","14","2","afexe_bitgen_20260919"
"RMUX57@14,9->RMUX34@14,10","RMUX57(+0,-1)->RMUX34","14","2","afexe_bitgen_20260919"
"RMUX57@14,9->RMUX38@14,10","RMUX57(+0,-1)->RMUX38","14","2","afexe_bitgen_20260919"
"RMUX67@14,9->RMUX72@14,9","RMUX67(+0,+0)->RMUX72","14","2","afexe_bitgen_20260919"
"RMUX67@14,9->RMUX94@14,10","RMUX67(+0,-1)->RMUX94","14","2","afexe_bitgen_20260919"
"RMUX69@14,9->RMUX93@14,8","RMUX69(+0,+1)->RMUX93","14","2","afexe_bitgen_20260919"
"RMUX73@14,9->RMUX1@14,9","RMUX73(+0,+0)->RMUX1","14","2","afexe_bitgen_20260919"
"RMUX73@14,9->RMUX0@14,11","RMUX73(+0,-2)->RMUX0","14","2","afexe_bitgen_20260919"
"RMUX75@14,9->RMUX10@14,8","RMUX75(+0,+1)->RMUX10","14","2","afexe_bitgen_20260919"
"RMUX80@14,9->RMUX26@14,11","RMUX80(+0,-2)->RMUX26","14","2","afexe_bitgen_20260919"
"RMUX92@14,9->RMUX81@14,9","RMUX92(+0,+0)->RMUX81","14","2","afexe_bitgen_20260919"
"RMUX2@14,10->RMUX18@14,9","RMUX2(+0,+1)->RMUX18","14","2","afexe_bitgen_20260919"
"RMUX7@14,10->RMUX25@14,10","RMUX7(+0,+0)->RMUX25","14","2","afexe_bitgen_20260919"
"RMUX9@14,10->RMUX38@14,9","RMUX9(+0,+1)->RMUX38","14","2","afexe_bitgen_20260919"
"RMUX14@14,10->RMUX61@14,11","RMUX14(+0,-1)->RMUX61","14","2","afexe_bitgen_20260919"
"RMUX19@14,10->RMUX88@14,9","RMUX19(+0,+1)->RMUX88","14","2","afexe_bitgen_20260919"
"RMUX19@14,10->RMUX89@14,9","RMUX19(+0,+1)->RMUX89","14","2","afexe_bitgen_20260919"
"RMUX19@14,10->RMUX95@14,9","RMUX19(+0,+1)->RMUX95","14","2","afexe_bitgen_20260919"
"RMUX25@14,10->RMUX0@14,7","RMUX25(+0,+3)->RMUX0","14","2","afexe_bitgen_20260919"
"RMUX25@14,10->RMUX0@14,10","RMUX25(+0,+0)->RMUX0","14","2","afexe_bitgen_20260919"
"RMUX25@14,10->RMUX1@14,10","RMUX25(+0,+0)->RMUX1","14","2","afexe_bitgen_20260919"
"RMUX27@14,10->RMUX4@14,11","RMUX27(+0,-1)->RMUX4","14","2","afexe_bitgen_20260919"
"RMUX27@14,10->RMUX11@14,11","RMUX27(+0,-1)->RMUX11","14","2","afexe_bitgen_20260919"
"RMUX27@14,10->RMUX15@14,11","RMUX27(+0,-1)->RMUX15","14","2","afexe_bitgen_20260919"
"RMUX32@14,10->RMUX33@14,8","RMUX32(+0,+2)->RMUX33","14","2","afexe_bitgen_20260919"
"RMUX33@14,10->RMUX45@14,10","RMUX33(+0,+0)->RMUX45","14","2","afexe_bitgen_20260919"
"RMUX37@14,10->RMUX48@14,12","RMUX37(+0,-2)->RMUX48","14","2","afexe_bitgen_20260919"
"RMUX39@14,10->RMUX52@14,9","RMUX39(+0,+1)->RMUX52","14","2","afexe_bitgen_20260919"
"RMUX39@14,10->RMUX53@14,9","RMUX39(+0,+1)->RMUX53","14","2","afexe_bitgen_20260919"
"RMUX39@14,10->RMUX58@14,9","RMUX39(+0,+1)->RMUX58","14","2","afexe_bitgen_20260919"
"RMUX44@14,10->RMUX85@14,10","RMUX44(+0,+0)->RMUX85","14","2","afexe_bitgen_20260919"
"RMUX51@14,10->RMUX15@14,10","RMUX51(+0,+0)->RMUX15","14","2","afexe_bitgen_20260919"
"RMUX55@14,10->RMUX24@14,8","RMUX55(+0,+2)->RMUX24","14","2","afexe_bitgen_20260919"
"RMUX55@14,10->RMUX31@14,9","RMUX55(+0,+1)->RMUX31","14","2","afexe_bitgen_20260919"
"RMUX57@14,10->RMUX45@14,10","RMUX57(+0,+0)->RMUX45","14","2","afexe_bitgen_20260919"
"RMUX57@14,10->RMUX34@14,11","RMUX57(+0,-1)->RMUX34","14","2","afexe_bitgen_20260919"
"RMUX67@14,10->RMUX72@14,10","RMUX67(+0,+0)->RMUX72","14","2","afexe_bitgen_20260919"
"RMUX67@14,10->RMUX94@14,11","RMUX67(+0,-1)->RMUX94","14","2","afexe_bitgen_20260919"
"RMUX69@14,10->RMUX93@14,9","RMUX69(+0,+1)->RMUX93","14","2","afexe_bitgen_20260919"
"RMUX73@14,10->RMUX1@14,10","RMUX73(+0,+0)->RMUX1","14","2","afexe_bitgen_20260919"
"RMUX73@14,10->RMUX0@14,12","RMUX73(+0,-2)->RMUX0","14","2","afexe_bitgen_20260919"
"RMUX75@14,10->RMUX10@14,9","RMUX75(+0,+1)->RMUX10","14","2","afexe_bitgen_20260919"
"RMUX80@14,10->RMUX26@14,12","RMUX80(+0,-2)->RMUX26","14","2","afexe_bitgen_20260919"
"RMUX86@14,10->RMUX50@15,10","RMUX86(-1,+0)->RMUX50","15","2","afexe_bitgen_20260919"
"RMUX92@14,10->RMUX81@14,10","RMUX92(+0,+0)->RMUX81","14","2","afexe_bitgen_20260919"
"RMUX3@14,11->RMUX15@14,11","RMUX3(+0,+0)->RMUX15","14","2","afexe_bitgen_20260919"
"RMUX7@14,11->RMUX25@14,11","RMUX7(+0,+0)->RMUX25","14","2","afexe_bitgen_20260919"
"RMUX14@14,11->RMUX61@14,12","RMUX14(+0,-1)->RMUX61","14","2","afexe_bitgen_20260919"
"RMUX25@14,11->RMUX0@14,8","RMUX25(+0,+3)->RMUX0","14","2","afexe_bitgen_20260919"
"RMUX27@14,11->RMUX4@14,12","RMUX27(+0,-1)->RMUX4","14","2","afexe_bitgen_20260919"
"RMUX27@14,11->RMUX11@14,12","RMUX27(+0,-1)->RMUX11","14","2","afexe_bitgen_20260919"
"RMUX27@14,11->RMUX15@14,12","RMUX27(+0,-1)->RMUX15","14","2","afexe_bitgen_20260919"
"RMUX32@14,11->RMUX33@14,9","RMUX32(+0,+2)->RMUX33","14","2","afexe_bitgen_20260919"
"RMUX33@14,11->RMUX45@14,11","RMUX33(+0,+0)->RMUX45","14","2","afexe_bitgen_20260919"
"RMUX44@14,11->RMUX85@14,11","RMUX44(+0,+0)->RMUX85","14","2","afexe_bitgen_20260919"
"RMUX49@14,11->RMUX7@15,11","RMUX49(-1,+0)->RMUX7","15","2","afexe_bitgen_20260919"
"RMUX51@14,11->RMUX15@14,11","RMUX51(+0,+0)->RMUX15","14","2","afexe_bitgen_20260919"
"RMUX55@14,11->RMUX24@14,9","RMUX55(+0,+2)->RMUX24","14","2","afexe_bitgen_20260919"
"RMUX57@14,11->RMUX45@14,11","RMUX57(+0,+0)->RMUX45","14","2","afexe_bitgen_20260919"
"RMUX57@14,11->RMUX34@14,12","RMUX57(+0,-1)->RMUX34","14","2","afexe_bitgen_20260919"
"RMUX57@14,11->RMUX38@14,12","RMUX57(+0,-1)->RMUX38","14","2","afexe_bitgen_20260919"
"RMUX67@14,11->RMUX72@14,11","RMUX67(+0,+0)->RMUX72","14","2","afexe_bitgen_20260919"
"RMUX67@14,11->RMUX94@14,12","RMUX67(+0,-1)->RMUX94","14","2","afexe_bitgen_20260919"
"RMUX73@14,11->RMUX1@14,11","RMUX73(+0,+0)->RMUX1","14","2","afexe_bitgen_20260919"
"RMUX86@14,11->RMUX50@15,11","RMUX86(-1,+0)->RMUX50","15","2","afexe_bitgen_20260919"
"RMUX3@14,12->RMUX15@14,12","RMUX3(+0,+0)->RMUX15","14","2","afexe_bitgen_20260919"
"RMUX7@14,12->RMUX25@14,12","RMUX7(+0,+0)->RMUX25","14","2","afexe_bitgen_20260919"
"RMUX32@14,12->RMUX33@14,10","RMUX32(+0,+2)->RMUX33","14","2","afexe_bitgen_20260919"
"RMUX33@14,12->RMUX45@14,12","RMUX33(+0,+0)->RMUX45","14","2","afexe_bitgen_20260919"
"RMUX44@14,12->RMUX85@14,12","RMUX44(+0,+0)->RMUX85","14","2","afexe_bitgen_20260919"
"RMUX49@14,12->RMUX7@15,12","RMUX49(-1,+0)->RMUX7","15","2","afexe_bitgen_20260919"
"RMUX57@14,12->RMUX45@14,12","RMUX57(+0,+0)->RMUX45","14","2","afexe_bitgen_20260919"
"RMUX67@14,12->RMUX72@14,12","RMUX67(+0,+0)->RMUX72","14","2","afexe_bitgen_20260919"
"RMUX73@14,12->RMUX1@14,12","RMUX73(+0,+0)->RMUX1","14","2","afexe_bitgen_20260919"
"RMUX75@14,12->RMUX10@14,11","RMUX75(+0,+1)->RMUX10","14","2","afexe_bitgen_20260919"
"RMUX86@14,12->RMUX50@15,12","RMUX86(-1,+0)->RMUX50","15","2","afexe_bitgen_20260919"
"RMUX3@15,1->RMUX15@15,1","RMUX3(+0,+0)->RMUX15","15","2","afexe_bitgen_20260919"
"RMUX3@15,1->RMUX21@15,1","RMUX3(+0,+0)->RMUX21","15","2","afexe_bitgen_20260919"
"RMUX8@15,1->RMUX26@14,1","RMUX8(+1,+0)->RMUX26","14","2","afexe_bitgen_20260919"
"RMUX8@15,1->RMUX27@14,1","RMUX8(+1,+0)->RMUX27","14","2","afexe_bitgen_20260919"
"RMUX8@15,1->RMUX33@14,1","RMUX8(+1,+0)->RMUX33","14","2","afexe_bitgen_20260919"
"RMUX8@15,1->RMUX37@14,1","RMUX8(+1,+0)->RMUX37","14","2","afexe_bitgen_20260919"
"RMUX9@15,1->RMUX38@15,1","RMUX9(+0,+0)->RMUX38","15","2","afexe_bitgen_20260919"
"RMUX14@15,1->RMUX61@15,2","RMUX14(+0,-1)->RMUX61","15","2","afexe_bitgen_20260919"
"RMUX15@15,1->RMUX63@14,1","RMUX15(+1,+0)->RMUX63","14","2","afexe_bitgen_20260919"
"RMUX25@15,1->RMUX0@15,1","RMUX25(+0,+0)->RMUX0","15","2","afexe_bitgen_20260919"
"RMUX25@15,1->RMUX1@15,1","RMUX25(+0,+0)->RMUX1","15","2","afexe_bitgen_20260919"
"RMUX27@15,1->RMUX4@15,2","RMUX27(+0,-1)->RMUX4","15","2","afexe_bitgen_20260919"
"RMUX27@15,1->RMUX11@15,2","RMUX27(+0,-1)->RMUX11","15","2","afexe_bitgen_20260919"
"RMUX27@15,1->RMUX15@15,2","RMUX27(+0,-1)->RMUX15","15","2","afexe_bitgen_20260919"
"RMUX33@15,1->RMUX45@15,1","RMUX33(+0,+0)->RMUX45","15","2","afexe_bitgen_20260919"
"RMUX38@15,1->RMUX50@14,1","RMUX38(+1,+0)->RMUX50","14","2","afexe_bitgen_20260919"
"RMUX44@15,1->RMUX85@15,1","RMUX44(+0,+0)->RMUX85","15","2","afexe_bitgen_20260919"
"RMUX45@15,1->RMUX86@14,1","RMUX45(+1,+0)->RMUX86","14","2","afexe_bitgen_20260919"
"RMUX49@15,1->RMUX7@16,1","RMUX49(-1,+0)->RMUX7","16","2","afexe_bitgen_20260919"
"RMUX51@15,1->RMUX15@15,1","RMUX51(+0,+0)->RMUX15","15","2","afexe_bitgen_20260919"
"RMUX57@15,1->RMUX45@15,1","RMUX57(+0,+0)->RMUX45","15","2","afexe_bitgen_20260919"
"RMUX57@15,1->RMUX34@15,2","RMUX57(+0,-1)->RMUX34","15","2","afexe_bitgen_20260919"
"RMUX57@15,1->RMUX38@15,2","RMUX57(+0,-1)->RMUX38","15","2","afexe_bitgen_20260919"
"RMUX68@15,1->RMUX80@14,1","RMUX68(+1,+0)->RMUX80","14","2","afexe_bitgen_20260919"
"RMUX68@15,1->RMUX85@14,1","RMUX68(+1,+0)->RMUX85","14","2","afexe_bitgen_20260919"
"RMUX80@15,1->RMUX26@15,3","RMUX80(+0,-2)->RMUX26","15","2","afexe_bitgen_20260919"
"RMUX86@15,1->RMUX50@16,1","RMUX86(-1,+0)->RMUX50","16","2","afexe_bitgen_20260919"
"RMUX91@15,1->RMUX72@14,1","RMUX91(+1,+0)->RMUX72","14","2","afexe_bitgen_20260919"
"RMUX91@15,1->RMUX89@14,1","RMUX91(+1,+0)->RMUX89","14","2","afexe_bitgen_20260919"
"RMUX92@15,1->RMUX81@15,1","RMUX92(+0,+0)->RMUX81","15","2","afexe_bitgen_20260919"
"RMUX2@15,2->RMUX18@15,1","RMUX2(+0,+1)->RMUX18","15","2","afexe_bitgen_20260919"
"RMUX3@15,2->RMUX15@15,2","RMUX3(+0,+0)->RMUX15","15","2","afexe_bitgen_20260919"
"RMUX3@15,2->RMUX21@15,2","RMUX3(+0,+0)->RMUX21","15","2","afexe_bitgen_20260919"
"RMUX8@15,2->RMUX26@14,2","RMUX8(+1,+0)->RMUX26","14","2","afexe_bitgen_20260919"
"RMUX8@15,2->RMUX27@14,2","RMUX8(+1,+0)->RMUX27","14","2","afexe_bitgen_20260919"
"RMUX8@15,2->RMUX33@14,2","RMUX8(+1,+0)->RMUX33","14","2","afexe_bitgen_20260919"
"RMUX8@15,2->RMUX37@14,2","RMUX8(+1,+0)->RMUX37","14","2","afexe_bitgen_20260919"
"RMUX9@15,2->RMUX38@15,1","RMUX9(+0,+1)->RMUX38","15","2","afexe_bitgen_20260919"
"RMUX9@15,2->RMUX38@15,2","RMUX9(+0,+0)->RMUX38","15","2","afexe_bitgen_20260919"
"RMUX15@15,2->RMUX63@14,2","RMUX15(+1,+0)->RMUX63","14","2","afexe_bitgen_20260919"
"RMUX19@15,2->RMUX88@15,1","RMUX19(+0,+1)->RMUX88","15","2","afexe_bitgen_20260919"
"RMUX19@15,2->RMUX89@15,1","RMUX19(+0,+1)->RMUX89","15","2","afexe_bitgen_20260919"
"RMUX19@15,2->RMUX95@15,1","RMUX19(+0,+1)->RMUX95","15","2","afexe_bitgen_20260919"
"RMUX25@15,2->RMUX0@15,2","RMUX25(+0,+0)->RMUX0","15","2","afexe_bitgen_20260919"
"RMUX25@15,2->RMUX1@15,2","RMUX25(+0,+0)->RMUX1","15","2","afexe_bitgen_20260919"
"RMUX33@15,2->RMUX45@15,2","RMUX33(+0,+0)->RMUX45","15","2","afexe_bitgen_20260919"
"RMUX37@15,2->RMUX48@15,4","RMUX37(+0,-2)->RMUX48","15","2","afexe_bitgen_20260919"
"RMUX38@15,2->RMUX50@14,2","RMUX38(+1,+0)->RMUX50","14","2","afexe_bitgen_20260919"
"RMUX39@15,2->RMUX52@15,1","RMUX39(+0,+1)->RMUX52","15","2","afexe_bitgen_20260919"
"RMUX39@15,2->RMUX53@15,1","RMUX39(+0,+1)->RMUX53","15","2","afexe_bitgen_20260919"
"RMUX39@15,2->RMUX58@15,1","RMUX39(+0,+1)->RMUX58","15","2","afexe_bitgen_20260919"
"RMUX45@15,2->RMUX86@14,2","RMUX45(+1,+0)->RMUX86","14","2","afexe_bitgen_20260919"
"RMUX49@15,2->RMUX7@16,2","RMUX49(-1,+0)->RMUX7","16","2","afexe_bitgen_20260919"
"RMUX51@15,2->RMUX15@15,2","RMUX51(+0,+0)->RMUX15","15","2","afexe_bitgen_20260919"
"RMUX55@15,2->RMUX31@15,1","RMUX55(+0,+1)->RMUX31","15","2","afexe_bitgen_20260919"
"RMUX68@15,2->RMUX80@14,2","RMUX68(+1,+0)->RMUX80","14","2","afexe_bitgen_20260919"
"RMUX68@15,2->RMUX85@14,2","RMUX68(+1,+0)->RMUX85","14","2","afexe_bitgen_20260919"
"RMUX69@15,2->RMUX93@15,1","RMUX69(+0,+1)->RMUX93","15","2","afexe_bitgen_20260919"
"RMUX73@15,2->RMUX0@15,4","RMUX73(+0,-2)->RMUX0","15","2","afexe_bitgen_20260919"
"RMUX75@15,2->RMUX10@15,1","RMUX75(+0,+1)->RMUX10","15","2","afexe_bitgen_20260919"
"RMUX80@15,2->RMUX26@15,4","RMUX80(+0,-2)->RMUX26","15","2","afexe_bitgen_20260919"
"RMUX86@15,2->RMUX50@16,2","RMUX86(-1,+0)->RMUX50","16","2","afexe_bitgen_20260919"
"RMUX91@15,2->RMUX72@14,2","RMUX91(+1,+0)->RMUX72","14","2","afexe_bitgen_20260919"
"RMUX91@15,2->RMUX89@14,2","RMUX91(+1,+0)->RMUX89","14","2","afexe_bitgen_20260919"
"RMUX92@15,2->RMUX81@15,2","RMUX92(+0,+0)->RMUX81","15","2","afexe_bitgen_20260919"
"RMUX2@15,3->RMUX18@15,2","RMUX2(+0,+1)->RMUX18","15","2","afexe_bitgen_20260919"
"RMUX3@15,3->RMUX15@15,3","RMUX3(+0,+0)->RMUX15","15","2","afexe_bitgen_20260919"
"RMUX3@15,3->RMUX21@15,3","RMUX3(+0,+0)->RMUX21","15","2","afexe_bitgen_20260919"
"RMUX7@15,3->RMUX25@15,3","RMUX7(+0,+0)->RMUX25","15","2","afexe_bitgen_20260919"
"RMUX8@15,3->RMUX26@14,3","RMUX8(+1,+0)->RMUX26","14","2","afexe_bitgen_20260919"
"RMUX8@15,3->RMUX27@14,3","RMUX8(+1,+0)->RMUX27","14","2","afexe_bitgen_20260919"
"RMUX8@15,3->RMUX33@14,3","RMUX8(+1,+0)->RMUX33","14","2","afexe_bitgen_20260919"
"RMUX8@15,3->RMUX37@14,3","RMUX8(+1,+0)->RMUX37","14","2","afexe_bitgen_20260919"
"RMUX9@15,3->RMUX38@15,2","RMUX9(+0,+1)->RMUX38","15","2","afexe_bitgen_20260919"
"RMUX9@15,3->RMUX38@15,3","RMUX9(+0,+0)->RMUX38","15","2","afexe_bitgen_20260919"
"RMUX15@15,3->RMUX63@14,3","RMUX15(+1,+0)->RMUX63","14","2","afexe_bitgen_20260919"
"RMUX19@15,3->RMUX88@15,2","RMUX19(+0,+1)->RMUX88","15","2","afexe_bitgen_20260919"
"RMUX19@15,3->RMUX89@15,2","RMUX19(+0,+1)->RMUX89","15","2","afexe_bitgen_20260919"
"RMUX19@15,3->RMUX95@15,2","RMUX19(+0,+1)->RMUX95","15","2","afexe_bitgen_20260919"
"RMUX25@15,3->RMUX0@15,3","RMUX25(+0,+0)->RMUX0","15","2","afexe_bitgen_20260919"
"RMUX25@15,3->RMUX1@15,3","RMUX25(+0,+0)->RMUX1","15","2","afexe_bitgen_20260919"
"RMUX27@15,3->RMUX4@15,4","RMUX27(+0,-1)->RMUX4","15","2","afexe_bitgen_20260919"
"RMUX27@15,3->RMUX11@15,4","RMUX27(+0,-1)->RMUX11","15","2","afexe_bitgen_20260919"
"RMUX27@15,3->RMUX15@15,4","RMUX27(+0,-1)->RMUX15","15","2","afexe_bitgen_20260919"
"RMUX32@15,3->RMUX33@15,1","RMUX32(+0,+2)->RMUX33","15","2","afexe_bitgen_20260919"
"RMUX33@15,3->RMUX45@15,3","RMUX33(+0,+0)->RMUX45","15","2","afexe_bitgen_20260919"
"RMUX37@15,3->RMUX48@15,5","RMUX37(+0,-2)->RMUX48","15","2","afexe_bitgen_20260919"
"RMUX38@15,3->RMUX50@14,3","RMUX38(+1,+0)->RMUX50","14","2","afexe_bitgen_20260919"
"RMUX39@15,3->RMUX52@15,2","RMUX39(+0,+1)->RMUX52","15","2","afexe_bitgen_20260919"
"RMUX39@15,3->RMUX53@15,2","RMUX39(+0,+1)->RMUX53","15","2","afexe_bitgen_20260919"
"RMUX39@15,3->RMUX58@15,2","RMUX39(+0,+1)->RMUX58","15","2","afexe_bitgen_20260919"
"RMUX44@15,3->RMUX85@15,3","RMUX44(+0,+0)->RMUX85","15","2","afexe_bitgen_20260919"
"RMUX45@15,3->RMUX86@14,3","RMUX45(+1,+0)->RMUX86","14","2","afexe_bitgen_20260919"
"RMUX49@15,3->RMUX7@16,3","RMUX49(-1,+0)->RMUX7","16","2","afexe_bitgen_20260919"
"RMUX51@15,3->RMUX15@15,3","RMUX51(+0,+0)->RMUX15","15","2","afexe_bitgen_20260919"
"RMUX55@15,3->RMUX24@15,1","RMUX55(+0,+2)->RMUX24","15","2","afexe_bitgen_20260919"
"RMUX55@15,3->RMUX31@15,2","RMUX55(+0,+1)->RMUX31","15","2","afexe_bitgen_20260919"
"RMUX57@15,3->RMUX45@15,3","RMUX57(+0,+0)->RMUX45","15","2","afexe_bitgen_20260919"
"RMUX57@15,3->RMUX34@15,4","RMUX57(+0,-1)->RMUX34","15","2","afexe_bitgen_20260919"
"RMUX57@15,3->RMUX38@15,4","RMUX57(+0,-1)->RMUX38","15","2","afexe_bitgen_20260919"
"RMUX67@15,3->RMUX72@15,3","RMUX67(+0,+0)->RMUX72","15","2","afexe_bitgen_20260919"
"RMUX67@15,3->RMUX94@15,4","RMUX67(+0,-1)->RMUX94","15","2","afexe_bitgen_20260919"
"RMUX68@15,3->RMUX80@14,3","RMUX68(+1,+0)->RMUX80","14","2","afexe_bitgen_20260919"
"RMUX68@15,3->RMUX85@14,3","RMUX68(+1,+0)->RMUX85","14","2","afexe_bitgen_20260919"
"RMUX69@15,3->RMUX93@15,2","RMUX69(+0,+1)->RMUX93","15","2","afexe_bitgen_20260919"
"RMUX73@15,3->RMUX1@15,3","RMUX73(+0,+0)->RMUX1","15","2","afexe_bitgen_20260919"
"RMUX73@15,3->RMUX0@15,5","RMUX73(+0,-2)->RMUX0","15","2","afexe_bitgen_20260919"
"RMUX75@15,3->RMUX10@15,2","RMUX75(+0,+1)->RMUX10","15","2","afexe_bitgen_20260919"
"RMUX80@15,3->RMUX26@15,5","RMUX80(+0,-2)->RMUX26","15","2","afexe_bitgen_20260919"
"RMUX86@15,3->RMUX50@16,3","RMUX86(-1,+0)->RMUX50","16","2","afexe_bitgen_20260919"
"RMUX91@15,3->RMUX72@14,3","RMUX91(+1,+0)->RMUX72","14","2","afexe_bitgen_20260919"
"RMUX91@15,3->RMUX89@14,3","RMUX91(+1,+0)->RMUX89","14","2","afexe_bitgen_20260919"
"RMUX92@15,3->RMUX81@15,3","RMUX92(+0,+0)->RMUX81","15","2","afexe_bitgen_20260919"
"RMUX2@15,4->RMUX18@15,3","RMUX2(+0,+1)->RMUX18","15","2","afexe_bitgen_20260919"
"RMUX3@15,4->RMUX15@15,4","RMUX3(+0,+0)->RMUX15","15","2","afexe_bitgen_20260919"
"RMUX3@15,4->RMUX21@15,4","RMUX3(+0,+0)->RMUX21","15","2","afexe_bitgen_20260919"
"RMUX7@15,4->RMUX25@15,4","RMUX7(+0,+0)->RMUX25","15","2","afexe_bitgen_20260919"
"RMUX8@15,4->RMUX26@14,4","RMUX8(+1,+0)->RMUX26","14","2","afexe_bitgen_20260919"
"RMUX8@15,4->RMUX27@14,4","RMUX8(+1,+0)->RMUX27","14","2","afexe_bitgen_20260919"
"RMUX8@15,4->RMUX33@14,4","RMUX8(+1,+0)->RMUX33","14","2","afexe_bitgen_20260919"
"RMUX8@15,4->RMUX37@14,4","RMUX8(+1,+0)->RMUX37","14","2","afexe_bitgen_20260919"
"RMUX9@15,4->RMUX38@15,3","RMUX9(+0,+1)->RMUX38","15","2","afexe_bitgen_20260919"
"RMUX9@15,4->RMUX38@15,4","RMUX9(+0,+0)->RMUX38","15","2","afexe_bitgen_20260919"
"RMUX14@15,4->RMUX61@15,5","RMUX14(+0,-1)->RMUX61","15","2","afexe_bitgen_20260919"
"RMUX19@15,4->RMUX88@15,3","RMUX19(+0,+1)->RMUX88","15","2","afexe_bitgen_20260919"
"RMUX19@15,4->RMUX89@15,3","RMUX19(+0,+1)->RMUX89","15","2","afexe_bitgen_20260919"
"RMUX19@15,4->RMUX95@15,3","RMUX19(+0,+1)->RMUX95","15","2","afexe_bitgen_20260919"
"RMUX25@15,4->RMUX0@15,1","RMUX25(+0,+3)->RMUX0","15","2","afexe_bitgen_20260919"
"RMUX25@15,4->RMUX0@15,4","RMUX25(+0,+0)->RMUX0","15","2","afexe_bitgen_20260919"
"RMUX25@15,4->RMUX1@15,4","RMUX25(+0,+0)->RMUX1","15","2","afexe_bitgen_20260919"
"RMUX27@15,4->RMUX4@15,5","RMUX27(+0,-1)->RMUX4","15","2","afexe_bitgen_20260919"
"RMUX27@15,4->RMUX11@15,5","RMUX27(+0,-1)->RMUX11","15","2","afexe_bitgen_20260919"
"RMUX27@15,4->RMUX15@15,5","RMUX27(+0,-1)->RMUX15","15","2","afexe_bitgen_20260919"
"RMUX32@15,4->RMUX33@15,2","RMUX32(+0,+2)->RMUX33","15","2","afexe_bitgen_20260919"
"RMUX33@15,4->RMUX45@15,4","RMUX33(+0,+0)->RMUX45","15","2","afexe_bitgen_20260919"
"RMUX37@15,4->RMUX48@15,6","RMUX37(+0,-2)->RMUX48","15","2","afexe_bitgen_20260919"
"RMUX38@15,4->RMUX50@14,4","RMUX38(+1,+0)->RMUX50","14","2","afexe_bitgen_20260919"
"RMUX39@15,4->RMUX52@15,3","RMUX39(+0,+1)->RMUX52","15","2","afexe_bitgen_20260919"
"RMUX39@15,4->RMUX53@15,3","RMUX39(+0,+1)->RMUX53","15","2","afexe_bitgen_20260919"
"RMUX39@15,4->RMUX58@15,3","RMUX39(+0,+1)->RMUX58","15","2","afexe_bitgen_20260919"
"RMUX44@15,4->RMUX85@15,4","RMUX44(+0,+0)->RMUX85","15","2","afexe_bitgen_20260919"
"RMUX45@15,4->RMUX86@14,4","RMUX45(+1,+0)->RMUX86","14","2","afexe_bitgen_20260919"
"RMUX49@15,4->RMUX7@16,4","RMUX49(-1,+0)->RMUX7","16","2","afexe_bitgen_20260919"
"RMUX51@15,4->RMUX15@15,4","RMUX51(+0,+0)->RMUX15","15","2","afexe_bitgen_20260919"
"RMUX55@15,4->RMUX24@15,2","RMUX55(+0,+2)->RMUX24","15","2","afexe_bitgen_20260919"
"RMUX55@15,4->RMUX31@15,3","RMUX55(+0,+1)->RMUX31","15","2","afexe_bitgen_20260919"
"RMUX57@15,4->RMUX45@15,4","RMUX57(+0,+0)->RMUX45","15","2","afexe_bitgen_20260919"
"RMUX57@15,4->RMUX34@15,5","RMUX57(+0,-1)->RMUX34","15","2","afexe_bitgen_20260919"
"RMUX57@15,4->RMUX38@15,5","RMUX57(+0,-1)->RMUX38","15","2","afexe_bitgen_20260919"
"RMUX67@15,4->RMUX72@15,4","RMUX67(+0,+0)->RMUX72","15","2","afexe_bitgen_20260919"
"RMUX67@15,4->RMUX94@15,5","RMUX67(+0,-1)->RMUX94","15","2","afexe_bitgen_20260919"
"RMUX68@15,4->RMUX80@14,4","RMUX68(+1,+0)->RMUX80","14","2","afexe_bitgen_20260919"
"RMUX68@15,4->RMUX85@14,4","RMUX68(+1,+0)->RMUX85","14","2","afexe_bitgen_20260919"
"RMUX69@15,4->RMUX93@15,3","RMUX69(+0,+1)->RMUX93","15","2","afexe_bitgen_20260919"
"RMUX73@15,4->RMUX1@15,4","RMUX73(+0,+0)->RMUX1","15","2","afexe_bitgen_20260919"
"RMUX73@15,4->RMUX0@15,6","RMUX73(+0,-2)->RMUX0","15","2","afexe_bitgen_20260919"
"RMUX75@15,4->RMUX10@15,3","RMUX75(+0,+1)->RMUX10","15","2","afexe_bitgen_20260919"
"RMUX80@15,4->RMUX26@15,6","RMUX80(+0,-2)->RMUX26","15","2","afexe_bitgen_20260919"
"RMUX86@15,4->RMUX50@16,4","RMUX86(-1,+0)->RMUX50","16","2","afexe_bitgen_20260919"
"RMUX91@15,4->RMUX72@14,4","RMUX91(+1,+0)->RMUX72","14","2","afexe_bitgen_20260919"
"RMUX92@15,4->RMUX81@15,4","RMUX92(+0,+0)->RMUX81","15","2","afexe_bitgen_20260919"
"RMUX2@15,5->RMUX18@15,4","RMUX2(+0,+1)->RMUX18","15","2","afexe_bitgen_20260919"
"RMUX7@15,5->RMUX25@15,5","RMUX7(+0,+0)->RMUX25","15","2","afexe_bitgen_20260919"
"RMUX8@15,5->RMUX26@14,5","RMUX8(+1,+0)->RMUX26","14","2","afexe_bitgen_20260919"
"RMUX8@15,5->RMUX33@14,5","RMUX8(+1,+0)->RMUX33","14","2","afexe_bitgen_20260919"
"RMUX8@15,5->RMUX37@14,5","RMUX8(+1,+0)->RMUX37","14","2","afexe_bitgen_20260919"
"RMUX9@15,5->RMUX38@15,4","RMUX9(+0,+1)->RMUX38","15","2","afexe_bitgen_20260919"
"RMUX9@15,5->RMUX38@15,5","RMUX9(+0,+0)->RMUX38","15","2","afexe_bitgen_20260919"
"RMUX14@15,5->RMUX61@15,6","RMUX14(+0,-1)->RMUX61","15","2","afexe_bitgen_20260919"
"RMUX15@15,5->RMUX63@14,5","RMUX15(+1,+0)->RMUX63","14","2","afexe_bitgen_20260919"
"RMUX19@15,5->RMUX88@15,4","RMUX19(+0,+1)->RMUX88","15","2","afexe_bitgen_20260919"
"RMUX19@15,5->RMUX89@15,4","RMUX19(+0,+1)->RMUX89","15","2","afexe_bitgen_20260919"
"RMUX19@15,5->RMUX95@15,4","RMUX19(+0,+1)->RMUX95","15","2","afexe_bitgen_20260919"
"RMUX25@15,5->RMUX0@15,2","RMUX25(+0,+3)->RMUX0","15","2","afexe_bitgen_20260919"
"RMUX25@15,5->RMUX0@15,5","RMUX25(+0,+0)->RMUX0","15","2","afexe_bitgen_20260919"
"RMUX25@15,5->RMUX1@15,5","RMUX25(+0,+0)->RMUX1","15","2","afexe_bitgen_20260919"
"RMUX27@15,5->RMUX4@15,6","RMUX27(+0,-1)->RMUX4","15","2","afexe_bitgen_20260919"
"RMUX27@15,5->RMUX11@15,6","RMUX27(+0,-1)->RMUX11","15","2","afexe_bitgen_20260919"
"RMUX27@15,5->RMUX15@15,6","RMUX27(+0,-1)->RMUX15","15","2","afexe_bitgen_20260919"
"RMUX32@15,5->RMUX33@15,3","RMUX32(+0,+2)->RMUX33","15","2","afexe_bitgen_20260919"
"RMUX37@15,5->RMUX48@15,7","RMUX37(+0,-2)->RMUX48","15","2","afexe_bitgen_20260919"
"RMUX39@15,5->RMUX52@15,4","RMUX39(+0,+1)->RMUX52","15","2","afexe_bitgen_20260919"
"RMUX39@15,5->RMUX53@15,4","RMUX39(+0,+1)->RMUX53","15","2","afexe_bitgen_20260919"
"RMUX39@15,5->RMUX58@15,4","RMUX39(+0,+1)->RMUX58","15","2","afexe_bitgen_20260919"
"RMUX44@15,5->RMUX85@15,5","RMUX44(+0,+0)->RMUX85","15","2","afexe_bitgen_20260919"
"RMUX45@15,5->RMUX86@14,5","RMUX45(+1,+0)->RMUX86","14","2","afexe_bitgen_20260919"
"RMUX51@15,5->RMUX15@15,5","RMUX51(+0,+0)->RMUX15","15","2","afexe_bitgen_20260919"
"RMUX55@15,5->RMUX24@15,3","RMUX55(+0,+2)->RMUX24","15","2","afexe_bitgen_20260919"
"RMUX55@15,5->RMUX31@15,4","RMUX55(+0,+1)->RMUX31","15","2","afexe_bitgen_20260919"
"RMUX57@15,5->RMUX45@15,5","RMUX57(+0,+0)->RMUX45","15","2","afexe_bitgen_20260919"
"RMUX57@15,5->RMUX34@15,6","RMUX57(+0,-1)->RMUX34","15","2","afexe_bitgen_20260919"
"RMUX57@15,5->RMUX38@15,6","RMUX57(+0,-1)->RMUX38","15","2","afexe_bitgen_20260919"
"RMUX67@15,5->RMUX72@15,5","RMUX67(+0,+0)->RMUX72","15","2","afexe_bitgen_20260919"
"RMUX67@15,5->RMUX94@15,6","RMUX67(+0,-1)->RMUX94","15","2","afexe_bitgen_20260919"
"RMUX68@15,5->RMUX80@14,5","RMUX68(+1,+0)->RMUX80","14","2","afexe_bitgen_20260919"
"RMUX68@15,5->RMUX85@14,5","RMUX68(+1,+0)->RMUX85","14","2","afexe_bitgen_20260919"
"RMUX69@15,5->RMUX93@15,4","RMUX69(+0,+1)->RMUX93","15","2","afexe_bitgen_20260919"
"RMUX73@15,5->RMUX1@15,5","RMUX73(+0,+0)->RMUX1","15","2","afexe_bitgen_20260919"
"RMUX73@15,5->RMUX0@15,7","RMUX73(+0,-2)->RMUX0","15","2","afexe_bitgen_20260919"
"RMUX75@15,5->RMUX10@15,4","RMUX75(+0,+1)->RMUX10","15","2","afexe_bitgen_20260919"
"RMUX80@15,5->RMUX26@15,7","RMUX80(+0,-2)->RMUX26","15","2","afexe_bitgen_20260919"
"RMUX91@15,5->RMUX72@14,5","RMUX91(+1,+0)->RMUX72","14","2","afexe_bitgen_20260919"
"RMUX91@15,5->RMUX89@14,5","RMUX91(+1,+0)->RMUX89","14","2","afexe_bitgen_20260919"
"RMUX92@15,5->RMUX81@15,5","RMUX92(+0,+0)->RMUX81","15","2","afexe_bitgen_20260919"
"RMUX2@15,6->RMUX18@15,5","RMUX2(+0,+1)->RMUX18","15","2","afexe_bitgen_20260919"
"RMUX7@15,6->RMUX25@15,6","RMUX7(+0,+0)->RMUX25","15","2","afexe_bitgen_20260919"
"RMUX8@15,6->RMUX26@14,6","RMUX8(+1,+0)->RMUX26","14","2","afexe_bitgen_20260919"
"RMUX8@15,6->RMUX27@14,6","RMUX8(+1,+0)->RMUX27","14","2","afexe_bitgen_20260919"
"RMUX8@15,6->RMUX33@14,6","RMUX8(+1,+0)->RMUX33","14","2","afexe_bitgen_20260919"
"RMUX9@15,6->RMUX38@15,5","RMUX9(+0,+1)->RMUX38","15","2","afexe_bitgen_20260919"
"RMUX9@15,6->RMUX38@15,6","RMUX9(+0,+0)->RMUX38","15","2","afexe_bitgen_20260919"
"RMUX14@15,6->RMUX61@15,7","RMUX14(+0,-1)->RMUX61","15","2","afexe_bitgen_20260919"
"RMUX15@15,6->RMUX63@14,6","RMUX15(+1,+0)->RMUX63","14","2","afexe_bitgen_20260919"
"RMUX19@15,6->RMUX88@15,5","RMUX19(+0,+1)->RMUX88","15","2","afexe_bitgen_20260919"
"RMUX19@15,6->RMUX89@15,5","RMUX19(+0,+1)->RMUX89","15","2","afexe_bitgen_20260919"
"RMUX19@15,6->RMUX95@15,5","RMUX19(+0,+1)->RMUX95","15","2","afexe_bitgen_20260919"
"RMUX25@15,6->RMUX0@15,3","RMUX25(+0,+3)->RMUX0","15","2","afexe_bitgen_20260919"
"RMUX25@15,6->RMUX0@15,6","RMUX25(+0,+0)->RMUX0","15","2","afexe_bitgen_20260919"
"RMUX25@15,6->RMUX1@15,6","RMUX25(+0,+0)->RMUX1","15","2","afexe_bitgen_20260919"
"RMUX27@15,6->RMUX4@15,7","RMUX27(+0,-1)->RMUX4","15","2","afexe_bitgen_20260919"
"RMUX27@15,6->RMUX11@15,7","RMUX27(+0,-1)->RMUX11","15","2","afexe_bitgen_20260919"
"RMUX27@15,6->RMUX15@15,7","RMUX27(+0,-1)->RMUX15","15","2","afexe_bitgen_20260919"
"RMUX32@15,6->RMUX33@15,4","RMUX32(+0,+2)->RMUX33","15","2","afexe_bitgen_20260919"
"RMUX37@15,6->RMUX48@15,8","RMUX37(+0,-2)->RMUX48","15","2","afexe_bitgen_20260919"
"RMUX38@15,6->RMUX50@14,6","RMUX38(+1,+0)->RMUX50","14","2","afexe_bitgen_20260919"
"RMUX39@15,6->RMUX52@15,5","RMUX39(+0,+1)->RMUX52","15","2","afexe_bitgen_20260919"
"RMUX39@15,6->RMUX58@15,5","RMUX39(+0,+1)->RMUX58","15","2","afexe_bitgen_20260919"
"RMUX44@15,6->RMUX85@15,6","RMUX44(+0,+0)->RMUX85","15","2","afexe_bitgen_20260919"
"RMUX45@15,6->RMUX86@14,6","RMUX45(+1,+0)->RMUX86","14","2","afexe_bitgen_20260919"
"RMUX51@15,6->RMUX15@15,6","RMUX51(+0,+0)->RMUX15","15","2","afexe_bitgen_20260919"
"RMUX55@15,6->RMUX24@15,4","RMUX55(+0,+2)->RMUX24","15","2","afexe_bitgen_20260919"
"RMUX55@15,6->RMUX31@15,5","RMUX55(+0,+1)->RMUX31","15","2","afexe_bitgen_20260919"
"RMUX57@15,6->RMUX45@15,6","RMUX57(+0,+0)->RMUX45","15","2","afexe_bitgen_20260919"
"RMUX57@15,6->RMUX34@15,7","RMUX57(+0,-1)->RMUX34","15","2","afexe_bitgen_20260919"
"RMUX57@15,6->RMUX38@15,7","RMUX57(+0,-1)->RMUX38","15","2","afexe_bitgen_20260919"
"RMUX67@15,6->RMUX72@15,6","RMUX67(+0,+0)->RMUX72","15","2","afexe_bitgen_20260919"
"RMUX67@15,6->RMUX94@15,7","RMUX67(+0,-1)->RMUX94","15","2","afexe_bitgen_20260919"
"RMUX68@15,6->RMUX80@14,6","RMUX68(+1,+0)->RMUX80","14","2","afexe_bitgen_20260919"
"RMUX69@15,6->RMUX93@15,5","RMUX69(+0,+1)->RMUX93","15","2","afexe_bitgen_20260919"
"RMUX73@15,6->RMUX1@15,6","RMUX73(+0,+0)->RMUX1","15","2","afexe_bitgen_20260919"
"RMUX73@15,6->RMUX0@15,8","RMUX73(+0,-2)->RMUX0","15","2","afexe_bitgen_20260919"
"RMUX75@15,6->RMUX10@15,5","RMUX75(+0,+1)->RMUX10","15","2","afexe_bitgen_20260919"
"RMUX80@15,6->RMUX26@15,8","RMUX80(+0,-2)->RMUX26","15","2","afexe_bitgen_20260919"
"RMUX91@15,6->RMUX72@14,6","RMUX91(+1,+0)->RMUX72","14","2","afexe_bitgen_20260919"
"RMUX91@15,6->RMUX89@14,6","RMUX91(+1,+0)->RMUX89","14","2","afexe_bitgen_20260919"
"RMUX92@15,6->RMUX81@15,6","RMUX92(+0,+0)->RMUX81","15","2","afexe_bitgen_20260919"
"RMUX2@15,7->RMUX18@15,6","RMUX2(+0,+1)->RMUX18","15","2","afexe_bitgen_20260919"
"RMUX7@15,7->RMUX25@15,7","RMUX7(+0,+0)->RMUX25","15","2","afexe_bitgen_20260919"
"RMUX8@15,7->RMUX26@14,7","RMUX8(+1,+0)->RMUX26","14","2","afexe_bitgen_20260919"
"RMUX8@15,7->RMUX27@14,7","RMUX8(+1,+0)->RMUX27","14","2","afexe_bitgen_20260919"
"RMUX8@15,7->RMUX33@14,7","RMUX8(+1,+0)->RMUX33","14","2","afexe_bitgen_20260919"
"RMUX9@15,7->RMUX38@15,6","RMUX9(+0,+1)->RMUX38","15","2","afexe_bitgen_20260919"
"RMUX9@15,7->RMUX38@15,7","RMUX9(+0,+0)->RMUX38","15","2","afexe_bitgen_20260919"
"RMUX14@15,7->RMUX61@15,8","RMUX14(+0,-1)->RMUX61","15","2","afexe_bitgen_20260919"
"RMUX15@15,7->RMUX63@14,7","RMUX15(+1,+0)->RMUX63","14","2","afexe_bitgen_20260919"
"RMUX19@15,7->RMUX88@15,6","RMUX19(+0,+1)->RMUX88","15","2","afexe_bitgen_20260919"
"RMUX19@15,7->RMUX89@15,6","RMUX19(+0,+1)->RMUX89","15","2","afexe_bitgen_20260919"
"RMUX19@15,7->RMUX95@15,6","RMUX19(+0,+1)->RMUX95","15","2","afexe_bitgen_20260919"
"RMUX25@15,7->RMUX0@15,4","RMUX25(+0,+3)->RMUX0","15","2","afexe_bitgen_20260919"
"RMUX25@15,7->RMUX0@15,7","RMUX25(+0,+0)->RMUX0","15","2","afexe_bitgen_20260919"
"RMUX25@15,7->RMUX1@15,7","RMUX25(+0,+0)->RMUX1","15","2","afexe_bitgen_20260919"
"RMUX27@15,7->RMUX4@15,8","RMUX27(+0,-1)->RMUX4","15","2","afexe_bitgen_20260919"
"RMUX27@15,7->RMUX11@15,8","RMUX27(+0,-1)->RMUX11","15","2","afexe_bitgen_20260919"
"RMUX27@15,7->RMUX15@15,8","RMUX27(+0,-1)->RMUX15","15","2","afexe_bitgen_20260919"
"RMUX37@15,7->RMUX48@15,9","RMUX37(+0,-2)->RMUX48","15","2","afexe_bitgen_20260919"
"RMUX38@15,7->RMUX50@14,7","RMUX38(+1,+0)->RMUX50","14","2","afexe_bitgen_20260919"
"RMUX39@15,7->RMUX52@15,6","RMUX39(+0,+1)->RMUX52","15","2","afexe_bitgen_20260919"
"RMUX39@15,7->RMUX53@15,6","RMUX39(+0,+1)->RMUX53","15","2","afexe_bitgen_20260919"
"RMUX44@15,7->RMUX85@15,7","RMUX44(+0,+0)->RMUX85","15","2","afexe_bitgen_20260919"
"RMUX45@15,7->RMUX86@14,7","RMUX45(+1,+0)->RMUX86","14","2","afexe_bitgen_20260919"
"RMUX51@15,7->RMUX15@15,7","RMUX51(+0,+0)->RMUX15","15","2","afexe_bitgen_20260919"
"RMUX55@15,7->RMUX24@15,5","RMUX55(+0,+2)->RMUX24","15","2","afexe_bitgen_20260919"
"RMUX55@15,7->RMUX31@15,6","RMUX55(+0,+1)->RMUX31","15","2","afexe_bitgen_20260919"
"RMUX57@15,7->RMUX45@15,7","RMUX57(+0,+0)->RMUX45","15","2","afexe_bitgen_20260919"
"RMUX57@15,7->RMUX34@15,8","RMUX57(+0,-1)->RMUX34","15","2","afexe_bitgen_20260919"
"RMUX57@15,7->RMUX38@15,8","RMUX57(+0,-1)->RMUX38","15","2","afexe_bitgen_20260919"
"RMUX67@15,7->RMUX72@15,7","RMUX67(+0,+0)->RMUX72","15","2","afexe_bitgen_20260919"
"RMUX67@15,7->RMUX94@15,8","RMUX67(+0,-1)->RMUX94","15","2","afexe_bitgen_20260919"
"RMUX68@15,7->RMUX80@14,7","RMUX68(+1,+0)->RMUX80","14","2","afexe_bitgen_20260919"
"RMUX68@15,7->RMUX85@14,7","RMUX68(+1,+0)->RMUX85","14","2","afexe_bitgen_20260919"
"RMUX69@15,7->RMUX93@15,6","RMUX69(+0,+1)->RMUX93","15","2","afexe_bitgen_20260919"
"RMUX73@15,7->RMUX1@15,7","RMUX73(+0,+0)->RMUX1","15","2","afexe_bitgen_20260919"
"RMUX73@15,7->RMUX0@15,9","RMUX73(+0,-2)->RMUX0","15","2","afexe_bitgen_20260919"
"RMUX75@15,7->RMUX10@15,6","RMUX75(+0,+1)->RMUX10","15","2","afexe_bitgen_20260919"
"RMUX80@15,7->RMUX26@15,9","RMUX80(+0,-2)->RMUX26","15","2","afexe_bitgen_20260919"
"RMUX91@15,7->RMUX72@14,7","RMUX91(+1,+0)->RMUX72","14","2","afexe_bitgen_20260919"
"RMUX92@15,7->RMUX81@15,7","RMUX92(+0,+0)->RMUX81","15","2","afexe_bitgen_20260919"
"RMUX2@15,8->RMUX18@15,7","RMUX2(+0,+1)->RMUX18","15","2","afexe_bitgen_20260919"
"RMUX7@15,8->RMUX25@15,8","RMUX7(+0,+0)->RMUX25","15","2","afexe_bitgen_20260919"
"RMUX8@15,8->RMUX26@14,8","RMUX8(+1,+0)->RMUX26","14","2","afexe_bitgen_20260919"
"RMUX8@15,8->RMUX27@14,8","RMUX8(+1,+0)->RMUX27","14","2","afexe_bitgen_20260919"
"RMUX8@15,8->RMUX33@14,8","RMUX8(+1,+0)->RMUX33","14","2","afexe_bitgen_20260919"
"RMUX8@15,8->RMUX37@14,8","RMUX8(+1,+0)->RMUX37","14","2","afexe_bitgen_20260919"
"RMUX9@15,8->RMUX38@15,7","RMUX9(+0,+1)->RMUX38","15","2","afexe_bitgen_20260919"
"RMUX9@15,8->RMUX38@15,8","RMUX9(+0,+0)->RMUX38","15","2","afexe_bitgen_20260919"
"RMUX14@15,8->RMUX61@15,9","RMUX14(+0,-1)->RMUX61","15","2","afexe_bitgen_20260919"
"RMUX15@15,8->RMUX63@14,8","RMUX15(+1,+0)->RMUX63","14","2","afexe_bitgen_20260919"
"RMUX19@15,8->RMUX88@15,7","RMUX19(+0,+1)->RMUX88","15","2","afexe_bitgen_20260919"
"RMUX19@15,8->RMUX89@15,7","RMUX19(+0,+1)->RMUX89","15","2","afexe_bitgen_20260919"
"RMUX19@15,8->RMUX95@15,7","RMUX19(+0,+1)->RMUX95","15","2","afexe_bitgen_20260919"
"RMUX25@15,8->RMUX0@15,5","RMUX25(+0,+3)->RMUX0","15","2","afexe_bitgen_20260919"
"RMUX25@15,8->RMUX0@15,8","RMUX25(+0,+0)->RMUX0","15","2","afexe_bitgen_20260919"
"RMUX25@15,8->RMUX1@15,8","RMUX25(+0,+0)->RMUX1","15","2","afexe_bitgen_20260919"
"RMUX27@15,8->RMUX4@15,9","RMUX27(+0,-1)->RMUX4","15","2","afexe_bitgen_20260919"
"RMUX27@15,8->RMUX11@15,9","RMUX27(+0,-1)->RMUX11","15","2","afexe_bitgen_20260919"
"RMUX27@15,8->RMUX15@15,9","RMUX27(+0,-1)->RMUX15","15","2","afexe_bitgen_20260919"
"RMUX37@15,8->RMUX48@15,10","RMUX37(+0,-2)->RMUX48","15","2","afexe_bitgen_20260919"
"RMUX38@15,8->RMUX50@14,8","RMUX38(+1,+0)->RMUX50","14","2","afexe_bitgen_20260919"
"RMUX39@15,8->RMUX52@15,7","RMUX39(+0,+1)->RMUX52","15","2","afexe_bitgen_20260919"
"RMUX39@15,8->RMUX53@15,7","RMUX39(+0,+1)->RMUX53","15","2","afexe_bitgen_20260919"
"RMUX39@15,8->RMUX58@15,7","RMUX39(+0,+1)->RMUX58","15","2","afexe_bitgen_20260919"
"RMUX44@15,8->RMUX85@15,8","RMUX44(+0,+0)->RMUX85","15","2","afexe_bitgen_20260919"
"RMUX45@15,8->RMUX86@14,8","RMUX45(+1,+0)->RMUX86","14","2","afexe_bitgen_20260919"
"RMUX51@15,8->RMUX15@15,8","RMUX51(+0,+0)->RMUX15","15","2","afexe_bitgen_20260919"
"RMUX55@15,8->RMUX24@15,6","RMUX55(+0,+2)->RMUX24","15","2","afexe_bitgen_20260919"
"RMUX55@15,8->RMUX31@15,7","RMUX55(+0,+1)->RMUX31","15","2","afexe_bitgen_20260919"
"RMUX57@15,8->RMUX45@15,8","RMUX57(+0,+0)->RMUX45","15","2","afexe_bitgen_20260919"
"RMUX57@15,8->RMUX34@15,9","RMUX57(+0,-1)->RMUX34","15","2","afexe_bitgen_20260919"
"RMUX57@15,8->RMUX38@15,9","RMUX57(+0,-1)->RMUX38","15","2","afexe_bitgen_20260919"
"RMUX67@15,8->RMUX72@15,8","RMUX67(+0,+0)->RMUX72","15","2","afexe_bitgen_20260919"
"RMUX67@15,8->RMUX94@15,9","RMUX67(+0,-1)->RMUX94","15","2","afexe_bitgen_20260919"
"RMUX68@15,8->RMUX80@14,8","RMUX68(+1,+0)->RMUX80","14","2","afexe_bitgen_20260919"
"RMUX68@15,8->RMUX85@14,8","RMUX68(+1,+0)->RMUX85","14","2","afexe_bitgen_20260919"
"RMUX69@15,8->RMUX93@15,7","RMUX69(+0,+1)->RMUX93","15","2","afexe_bitgen_20260919"
"RMUX73@15,8->RMUX1@15,8","RMUX73(+0,+0)->RMUX1","15","2","afexe_bitgen_20260919"
"RMUX73@15,8->RMUX0@15,10","RMUX73(+0,-2)->RMUX0","15","2","afexe_bitgen_20260919"
"RMUX75@15,8->RMUX10@15,7","RMUX75(+0,+1)->RMUX10","15","2","afexe_bitgen_20260919"
"RMUX80@15,8->RMUX26@15,10","RMUX80(+0,-2)->RMUX26","15","2","afexe_bitgen_20260919"
"RMUX91@15,8->RMUX72@14,8","RMUX91(+1,+0)->RMUX72","14","2","afexe_bitgen_20260919"
"RMUX91@15,8->RMUX89@14,8","RMUX91(+1,+0)->RMUX89","14","2","afexe_bitgen_20260919"
"RMUX92@15,8->RMUX81@15,8","RMUX92(+0,+0)->RMUX81","15","2","afexe_bitgen_20260919"
"RMUX2@15,9->RMUX18@15,8","RMUX2(+0,+1)->RMUX18","15","2","afexe_bitgen_20260919"
"RMUX7@15,9->RMUX25@15,9","RMUX7(+0,+0)->RMUX25","15","2","afexe_bitgen_20260919"
"RMUX8@15,9->RMUX26@14,9","RMUX8(+1,+0)->RMUX26","14","2","afexe_bitgen_20260919"
"RMUX8@15,9->RMUX33@14,9","RMUX8(+1,+0)->RMUX33","14","2","afexe_bitgen_20260919"
"RMUX8@15,9->RMUX37@14,9","RMUX8(+1,+0)->RMUX37","14","2","afexe_bitgen_20260919"
"RMUX9@15,9->RMUX38@15,8","RMUX9(+0,+1)->RMUX38","15","2","afexe_bitgen_20260919"
"RMUX14@15,9->RMUX61@15,10","RMUX14(+0,-1)->RMUX61","15","2","afexe_bitgen_20260919"
"RMUX15@15,9->RMUX63@14,9","RMUX15(+1,+0)->RMUX63","14","2","afexe_bitgen_20260919"
"RMUX19@15,9->RMUX88@15,8","RMUX19(+0,+1)->RMUX88","15","2","afexe_bitgen_20260919"
"RMUX19@15,9->RMUX89@15,8","RMUX19(+0,+1)->RMUX89","15","2","afexe_bitgen_20260919"
"RMUX19@15,9->RMUX95@15,8","RMUX19(+0,+1)->RMUX95","15","2","afexe_bitgen_20260919"
"RMUX25@15,9->RMUX0@15,9","RMUX25(+0,+0)->RMUX0","15","2","afexe_bitgen_20260919"
"RMUX25@15,9->RMUX1@15,9","RMUX25(+0,+0)->RMUX1","15","2","afexe_bitgen_20260919"
"RMUX27@15,9->RMUX4@15,10","RMUX27(+0,-1)->RMUX4","15","2","afexe_bitgen_20260919"
"RMUX27@15,9->RMUX11@15,10","RMUX27(+0,-1)->RMUX11","15","2","afexe_bitgen_20260919"
"RMUX27@15,9->RMUX15@15,10","RMUX27(+0,-1)->RMUX15","15","2","afexe_bitgen_20260919"
"RMUX37@15,9->RMUX48@15,11","RMUX37(+0,-2)->RMUX48","15","2","afexe_bitgen_20260919"
"RMUX38@15,9->RMUX50@14,9","RMUX38(+1,+0)->RMUX50","14","2","afexe_bitgen_20260919"
"RMUX39@15,9->RMUX52@15,8","RMUX39(+0,+1)->RMUX52","15","2","afexe_bitgen_20260919"
"RMUX39@15,9->RMUX53@15,8","RMUX39(+0,+1)->RMUX53","15","2","afexe_bitgen_20260919"
"RMUX39@15,9->RMUX58@15,8","RMUX39(+0,+1)->RMUX58","15","2","afexe_bitgen_20260919"
"RMUX44@15,9->RMUX85@15,9","RMUX44(+0,+0)->RMUX85","15","2","afexe_bitgen_20260919"
"RMUX45@15,9->RMUX86@14,9","RMUX45(+1,+0)->RMUX86","14","2","afexe_bitgen_20260919"
"RMUX51@15,9->RMUX15@15,9","RMUX51(+0,+0)->RMUX15","15","2","afexe_bitgen_20260919"
"RMUX55@15,9->RMUX24@15,7","RMUX55(+0,+2)->RMUX24","15","2","afexe_bitgen_20260919"
"RMUX55@15,9->RMUX31@15,8","RMUX55(+0,+1)->RMUX31","15","2","afexe_bitgen_20260919"
"RMUX57@15,9->RMUX45@15,9","RMUX57(+0,+0)->RMUX45","15","2","afexe_bitgen_20260919"
"RMUX57@15,9->RMUX34@15,10","RMUX57(+0,-1)->RMUX34","15","2","afexe_bitgen_20260919"
"RMUX57@15,9->RMUX38@15,10","RMUX57(+0,-1)->RMUX38","15","2","afexe_bitgen_20260919"
"RMUX67@15,9->RMUX72@15,9","RMUX67(+0,+0)->RMUX72","15","2","afexe_bitgen_20260919"
"RMUX67@15,9->RMUX94@15,10","RMUX67(+0,-1)->RMUX94","15","2","afexe_bitgen_20260919"
"RMUX68@15,9->RMUX80@14,9","RMUX68(+1,+0)->RMUX80","14","2","afexe_bitgen_20260919"
"RMUX68@15,9->RMUX85@14,9","RMUX68(+1,+0)->RMUX85","14","2","afexe_bitgen_20260919"
"RMUX69@15,9->RMUX93@15,8","RMUX69(+0,+1)->RMUX93","15","2","afexe_bitgen_20260919"
"RMUX73@15,9->RMUX1@15,9","RMUX73(+0,+0)->RMUX1","15","2","afexe_bitgen_20260919"
"RMUX73@15,9->RMUX0@15,11","RMUX73(+0,-2)->RMUX0","15","2","afexe_bitgen_20260919"
"RMUX75@15,9->RMUX10@15,8","RMUX75(+0,+1)->RMUX10","15","2","afexe_bitgen_20260919"
"RMUX80@15,9->RMUX26@15,11","RMUX80(+0,-2)->RMUX26","15","2","afexe_bitgen_20260919"
"RMUX91@15,9->RMUX72@14,9","RMUX91(+1,+0)->RMUX72","14","2","afexe_bitgen_20260919"
"RMUX91@15,9->RMUX89@14,9","RMUX91(+1,+0)->RMUX89","14","2","afexe_bitgen_20260919"
"RMUX92@15,9->RMUX81@15,9","RMUX92(+0,+0)->RMUX81","15","2","afexe_bitgen_20260919"
"RMUX2@15,10->RMUX18@15,9","RMUX2(+0,+1)->RMUX18","15","2","afexe_bitgen_20260919"
"RMUX7@15,10->RMUX25@15,10","RMUX7(+0,+0)->RMUX25","15","2","afexe_bitgen_20260919"
"RMUX8@15,10->RMUX26@14,10","RMUX8(+1,+0)->RMUX26","14","2","afexe_bitgen_20260919"
"RMUX8@15,10->RMUX27@14,10","RMUX8(+1,+0)->RMUX27","14","2","afexe_bitgen_20260919"
"RMUX8@15,10->RMUX33@14,10","RMUX8(+1,+0)->RMUX33","14","2","afexe_bitgen_20260919"
"RMUX8@15,10->RMUX37@14,10","RMUX8(+1,+0)->RMUX37","14","2","afexe_bitgen_20260919"
"RMUX9@15,10->RMUX38@15,9","RMUX9(+0,+1)->RMUX38","15","2","afexe_bitgen_20260919"
"RMUX14@15,10->RMUX61@15,11","RMUX14(+0,-1)->RMUX61","15","2","afexe_bitgen_20260919"
"RMUX15@15,10->RMUX63@14,10","RMUX15(+1,+0)->RMUX63","14","2","afexe_bitgen_20260919"
"RMUX19@15,10->RMUX88@15,9","RMUX19(+0,+1)->RMUX88","15","2","afexe_bitgen_20260919"
"RMUX19@15,10->RMUX89@15,9","RMUX19(+0,+1)->RMUX89","15","2","afexe_bitgen_20260919"
"RMUX19@15,10->RMUX95@15,9","RMUX19(+0,+1)->RMUX95","15","2","afexe_bitgen_20260919"
"RMUX25@15,10->RMUX0@15,10","RMUX25(+0,+0)->RMUX0","15","2","afexe_bitgen_20260919"
"RMUX25@15,10->RMUX1@15,10","RMUX25(+0,+0)->RMUX1","15","2","afexe_bitgen_20260919"
"RMUX27@15,10->RMUX4@15,11","RMUX27(+0,-1)->RMUX4","15","2","afexe_bitgen_20260919"
"RMUX27@15,10->RMUX11@15,11","RMUX27(+0,-1)->RMUX11","15","2","afexe_bitgen_20260919"
"RMUX27@15,10->RMUX15@15,11","RMUX27(+0,-1)->RMUX15","15","2","afexe_bitgen_20260919"
"RMUX37@15,10->RMUX48@15,12","RMUX37(+0,-2)->RMUX48","15","2","afexe_bitgen_20260919"
"RMUX38@15,10->RMUX50@14,10","RMUX38(+1,+0)->RMUX50","14","2","afexe_bitgen_20260919"
"RMUX39@15,10->RMUX52@15,9","RMUX39(+0,+1)->RMUX52","15","2","afexe_bitgen_20260919"
"RMUX39@15,10->RMUX53@15,9","RMUX39(+0,+1)->RMUX53","15","2","afexe_bitgen_20260919"
"RMUX39@15,10->RMUX58@15,9","RMUX39(+0,+1)->RMUX58","15","2","afexe_bitgen_20260919"
"RMUX44@15,10->RMUX85@15,10","RMUX44(+0,+0)->RMUX85","15","2","afexe_bitgen_20260919"
"RMUX45@15,10->RMUX86@14,10","RMUX45(+1,+0)->RMUX86","14","2","afexe_bitgen_20260919"
"RMUX51@15,10->RMUX15@15,10","RMUX51(+0,+0)->RMUX15","15","2","afexe_bitgen_20260919"
"RMUX55@15,10->RMUX24@15,8","RMUX55(+0,+2)->RMUX24","15","2","afexe_bitgen_20260919"
"RMUX55@15,10->RMUX31@15,9","RMUX55(+0,+1)->RMUX31","15","2","afexe_bitgen_20260919"
"RMUX57@15,10->RMUX45@15,10","RMUX57(+0,+0)->RMUX45","15","2","afexe_bitgen_20260919"
"RMUX57@15,10->RMUX34@15,11","RMUX57(+0,-1)->RMUX34","15","2","afexe_bitgen_20260919"
"RMUX57@15,10->RMUX38@15,11","RMUX57(+0,-1)->RMUX38","15","2","afexe_bitgen_20260919"
"RMUX67@15,10->RMUX72@15,10","RMUX67(+0,+0)->RMUX72","15","2","afexe_bitgen_20260919"
"RMUX67@15,10->RMUX94@15,11","RMUX67(+0,-1)->RMUX94","15","2","afexe_bitgen_20260919"
"RMUX68@15,10->RMUX80@14,10","RMUX68(+1,+0)->RMUX80","14","2","afexe_bitgen_20260919"
"RMUX68@15,10->RMUX85@14,10","RMUX68(+1,+0)->RMUX85","14","2","afexe_bitgen_20260919"
"RMUX69@15,10->RMUX93@15,9","RMUX69(+0,+1)->RMUX93","15","2","afexe_bitgen_20260919"
"RMUX73@15,10->RMUX1@15,10","RMUX73(+0,+0)->RMUX1","15","2","afexe_bitgen_20260919"
"RMUX73@15,10->RMUX0@15,12","RMUX73(+0,-2)->RMUX0","15","2","afexe_bitgen_20260919"
"RMUX75@15,10->RMUX10@15,9","RMUX75(+0,+1)->RMUX10","15","2","afexe_bitgen_20260919"
"RMUX80@15,10->RMUX26@15,12","RMUX80(+0,-2)->RMUX26","15","2","afexe_bitgen_20260919"
"RMUX91@15,10->RMUX72@14,10","RMUX91(+1,+0)->RMUX72","14","2","afexe_bitgen_20260919"
"RMUX91@15,10->RMUX89@14,10","RMUX91(+1,+0)->RMUX89","14","2","afexe_bitgen_20260919"
"RMUX92@15,10->RMUX81@15,10","RMUX92(+0,+0)->RMUX81","15","2","afexe_bitgen_20260919"
"RMUX7@15,11->RMUX25@15,11","RMUX7(+0,+0)->RMUX25","15","2","afexe_bitgen_20260919"
"RMUX8@15,11->RMUX26@14,11","RMUX8(+1,+0)->RMUX26","14","2","afexe_bitgen_20260919"
"RMUX8@15,11->RMUX33@14,11","RMUX8(+1,+0)->RMUX33","14","2","afexe_bitgen_20260919"
"RMUX8@15,11->RMUX37@14,11","RMUX8(+1,+0)->RMUX37","14","2","afexe_bitgen_20260919"
"RMUX14@15,11->RMUX61@15,12","RMUX14(+0,-1)->RMUX61","15","2","afexe_bitgen_20260919"
"RMUX15@15,11->RMUX63@14,11","RMUX15(+1,+0)->RMUX63","14","2","afexe_bitgen_20260919"
"RMUX25@15,11->RMUX0@15,8","RMUX25(+0,+3)->RMUX0","15","2","afexe_bitgen_20260919"
"RMUX27@15,11->RMUX4@15,12","RMUX27(+0,-1)->RMUX4","15","2","afexe_bitgen_20260919"
"RMUX27@15,11->RMUX11@15,12","RMUX27(+0,-1)->RMUX11","15","2","afexe_bitgen_20260919"
"RMUX27@15,11->RMUX15@15,12","RMUX27(+0,-1)->RMUX15","15","2","afexe_bitgen_20260919"
"RMUX38@15,11->RMUX50@14,11","RMUX38(+1,+0)->RMUX50","14","2","afexe_bitgen_20260919"
"RMUX45@15,11->RMUX86@14,11","RMUX45(+1,+0)->RMUX86","14","2","afexe_bitgen_20260919"
"RMUX51@15,11->RMUX15@15,11","RMUX51(+0,+0)->RMUX15","15","2","afexe_bitgen_20260919"
"RMUX55@15,11->RMUX24@15,9","RMUX55(+0,+2)->RMUX24","15","2","afexe_bitgen_20260919"
"RMUX57@15,11->RMUX45@15,11","RMUX57(+0,+0)->RMUX45","15","2","afexe_bitgen_20260919"
"RMUX57@15,11->RMUX34@15,12","RMUX57(+0,-1)->RMUX34","15","2","afexe_bitgen_20260919"
"RMUX57@15,11->RMUX38@15,12","RMUX57(+0,-1)->RMUX38","15","2","afexe_bitgen_20260919"
"RMUX67@15,11->RMUX72@15,11","RMUX67(+0,+0)->RMUX72","15","2","afexe_bitgen_20260919"
"RMUX67@15,11->RMUX94@15,12","RMUX67(+0,-1)->RMUX94","15","2","afexe_bitgen_20260919"
"RMUX68@15,11->RMUX80@14,11","RMUX68(+1,+0)->RMUX80","14","2","afexe_bitgen_20260919"
"RMUX68@15,11->RMUX85@14,11","RMUX68(+1,+0)->RMUX85","14","2","afexe_bitgen_20260919"
"RMUX73@15,11->RMUX1@15,11","RMUX73(+0,+0)->RMUX1","15","2","afexe_bitgen_20260919"
"RMUX91@15,11->RMUX72@14,11","RMUX91(+1,+0)->RMUX72","14","2","afexe_bitgen_20260919"
"RMUX91@15,11->RMUX89@14,11","RMUX91(+1,+0)->RMUX89","14","2","afexe_bitgen_20260919"
"RMUX2@15,12->RMUX18@15,11","RMUX2(+0,+1)->RMUX18","15","2","afexe_bitgen_20260919"
"RMUX7@15,12->RMUX25@15,12","RMUX7(+0,+0)->RMUX25","15","2","afexe_bitgen_20260919"
"RMUX8@15,12->RMUX26@14,12","RMUX8(+1,+0)->RMUX26","14","2","afexe_bitgen_20260919"
"RMUX8@15,12->RMUX27@14,12","RMUX8(+1,+0)->RMUX27","14","2","afexe_bitgen_20260919"
"RMUX8@15,12->RMUX33@14,12","RMUX8(+1,+0)->RMUX33","14","2","afexe_bitgen_20260919"
"RMUX8@15,12->RMUX37@14,12","RMUX8(+1,+0)->RMUX37","14","2","afexe_bitgen_20260919"
"RMUX9@15,12->RMUX38@15,11","RMUX9(+0,+1)->RMUX38","15","2","afexe_bitgen_20260919"
"RMUX9@15,12->RMUX38@15,12","RMUX9(+0,+0)->RMUX38","15","2","afexe_bitgen_20260919"
"RMUX15@15,12->RMUX63@14,12","RMUX15(+1,+0)->RMUX63","14","2","afexe_bitgen_20260919"
"RMUX38@15,12->RMUX50@14,12","RMUX38(+1,+0)->RMUX50","14","2","afexe_bitgen_20260919"
"RMUX44@15,12->RMUX85@15,12","RMUX44(+0,+0)->RMUX85","15","2","afexe_bitgen_20260919"
"RMUX45@15,12->RMUX86@14,12","RMUX45(+1,+0)->RMUX86","14","2","afexe_bitgen_20260919"
"RMUX51@15,12->RMUX15@15,12","RMUX51(+0,+0)->RMUX15","15","2","afexe_bitgen_20260919"
"RMUX57@15,12->RMUX45@15,12","RMUX57(+0,+0)->RMUX45","15","2","afexe_bitgen_20260919"
"RMUX67@15,12->RMUX72@15,12","RMUX67(+0,+0)->RMUX72","15","2","afexe_bitgen_20260919"
"RMUX68@15,12->RMUX80@14,12","RMUX68(+1,+0)->RMUX80","14","2","afexe_bitgen_20260919"
"RMUX68@15,12->RMUX85@14,12","RMUX68(+1,+0)->RMUX85","14","2","afexe_bitgen_20260919"
"RMUX73@15,12->RMUX1@15,12","RMUX73(+0,+0)->RMUX1","15","2","afexe_bitgen_20260919"
"RMUX75@15,12->RMUX10@15,11","RMUX75(+0,+1)->RMUX10","15","2","afexe_bitgen_20260919"
"RMUX91@15,12->RMUX72@14,12","RMUX91(+1,+0)->RMUX72","14","2","afexe_bitgen_20260919"
"RMUX91@15,12->RMUX89@14,12","RMUX91(+1,+0)->RMUX89","14","2","afexe_bitgen_20260919"
"RMUX3@16,1->RMUX15@16,1","RMUX3(+0,+0)->RMUX15","16","2","afexe_bitgen_20260919"
"RMUX3@16,1->RMUX21@16,1","RMUX3(+0,+0)->RMUX21","16","2","afexe_bitgen_20260919"
"RMUX8@16,1->RMUX26@15,1","RMUX8(+1,+0)->RMUX26","15","2","afexe_bitgen_20260919"
"RMUX8@16,1->RMUX27@15,1","RMUX8(+1,+0)->RMUX27","15","2","afexe_bitgen_20260919"
"RMUX8@16,1->RMUX33@15,1","RMUX8(+1,+0)->RMUX33","15","2","afexe_bitgen_20260919"
"RMUX8@16,1->RMUX37@15,1","RMUX8(+1,+0)->RMUX37","15","2","afexe_bitgen_20260919"
"RMUX9@16,1->RMUX38@16,1","RMUX9(+0,+0)->RMUX38","16","2","afexe_bitgen_20260919"
"RMUX15@16,1->RMUX63@15,1","RMUX15(+1,+0)->RMUX63","15","2","afexe_bitgen_20260919"
"RMUX25@16,1->RMUX0@16,1","RMUX25(+0,+0)->RMUX0","16","2","afexe_bitgen_20260919"
"RMUX25@16,1->RMUX1@16,1","RMUX25(+0,+0)->RMUX1","16","2","afexe_bitgen_20260919"
"RMUX27@16,1->RMUX4@16,2","RMUX27(+0,-1)->RMUX4","16","2","afexe_bitgen_20260919"
"RMUX27@16,1->RMUX11@16,2","RMUX27(+0,-1)->RMUX11","16","2","afexe_bitgen_20260919"
"RMUX27@16,1->RMUX15@16,2","RMUX27(+0,-1)->RMUX15","16","2","afexe_bitgen_20260919"
"RMUX33@16,1->RMUX45@16,1","RMUX33(+0,+0)->RMUX45","16","2","afexe_bitgen_20260919"
"RMUX38@16,1->RMUX50@15,1","RMUX38(+1,+0)->RMUX50","15","2","afexe_bitgen_20260919"
"RMUX44@16,1->RMUX85@16,1","RMUX44(+0,+0)->RMUX85","16","2","afexe_bitgen_20260919"
"RMUX45@16,1->RMUX86@15,1","RMUX45(+1,+0)->RMUX86","15","2","afexe_bitgen_20260919"
"RMUX49@16,1->RMUX7@17,1","RMUX49(-1,+0)->RMUX7","17","2","afexe_bitgen_20260919"
"RMUX51@16,1->RMUX15@16,1","RMUX51(+0,+0)->RMUX15","16","2","afexe_bitgen_20260919"
"RMUX57@16,1->RMUX45@16,1","RMUX57(+0,+0)->RMUX45","16","2","afexe_bitgen_20260919"
"RMUX57@16,1->RMUX34@16,2","RMUX57(+0,-1)->RMUX34","16","2","afexe_bitgen_20260919"
"RMUX57@16,1->RMUX38@16,2","RMUX57(+0,-1)->RMUX38","16","2","afexe_bitgen_20260919"
"RMUX68@16,1->RMUX80@15,1","RMUX68(+1,+0)->RMUX80","15","2","afexe_bitgen_20260919"
"RMUX68@16,1->RMUX85@15,1","RMUX68(+1,+0)->RMUX85","15","2","afexe_bitgen_20260919"
"RMUX80@16,1->RMUX26@16,3","RMUX80(+0,-2)->RMUX26","16","2","afexe_bitgen_20260919"
"RMUX86@16,1->RMUX50@17,1","RMUX86(-1,+0)->RMUX50","17","2","afexe_bitgen_20260919"
"RMUX91@16,1->RMUX72@15,1","RMUX91(+1,+0)->RMUX72","15","2","afexe_bitgen_20260919"
"RMUX91@16,1->RMUX89@15,1","RMUX91(+1,+0)->RMUX89","15","2","afexe_bitgen_20260919"
"RMUX92@16,1->RMUX81@16,1","RMUX92(+0,+0)->RMUX81","16","2","afexe_bitgen_20260919"
"RMUX2@16,2->RMUX18@16,1","RMUX2(+0,+1)->RMUX18","16","2","afexe_bitgen_20260919"
"RMUX3@16,2->RMUX15@16,2","RMUX3(+0,+0)->RMUX15","16","2","afexe_bitgen_20260919"
"RMUX3@16,2->RMUX21@16,2","RMUX3(+0,+0)->RMUX21","16","2","afexe_bitgen_20260919"
"RMUX8@16,2->RMUX26@15,2","RMUX8(+1,+0)->RMUX26","15","2","afexe_bitgen_20260919"
"RMUX8@16,2->RMUX27@15,2","RMUX8(+1,+0)->RMUX27","15","2","afexe_bitgen_20260919"
"RMUX8@16,2->RMUX33@15,2","RMUX8(+1,+0)->RMUX33","15","2","afexe_bitgen_20260919"
"RMUX8@16,2->RMUX37@15,2","RMUX8(+1,+0)->RMUX37","15","2","afexe_bitgen_20260919"
"RMUX9@16,2->RMUX38@16,1","RMUX9(+0,+1)->RMUX38","16","2","afexe_bitgen_20260919"
"RMUX9@16,2->RMUX38@16,2","RMUX9(+0,+0)->RMUX38","16","2","afexe_bitgen_20260919"
"RMUX15@16,2->RMUX63@15,2","RMUX15(+1,+0)->RMUX63","15","2","afexe_bitgen_20260919"
"RMUX19@16,2->RMUX88@16,1","RMUX19(+0,+1)->RMUX88","16","2","afexe_bitgen_20260919"
"RMUX19@16,2->RMUX89@16,1","RMUX19(+0,+1)->RMUX89","16","2","afexe_bitgen_20260919"
"RMUX19@16,2->RMUX95@16,1","RMUX19(+0,+1)->RMUX95","16","2","afexe_bitgen_20260919"
"RMUX25@16,2->RMUX0@16,2","RMUX25(+0,+0)->RMUX0","16","2","afexe_bitgen_20260919"
"RMUX25@16,2->RMUX1@16,2","RMUX25(+0,+0)->RMUX1","16","2","afexe_bitgen_20260919"
"RMUX33@16,2->RMUX45@16,2","RMUX33(+0,+0)->RMUX45","16","2","afexe_bitgen_20260919"
"RMUX37@16,2->RMUX48@16,4","RMUX37(+0,-2)->RMUX48","16","2","afexe_bitgen_20260919"
"RMUX38@16,2->RMUX50@15,2","RMUX38(+1,+0)->RMUX50","15","2","afexe_bitgen_20260919"
"RMUX39@16,2->RMUX52@16,1","RMUX39(+0,+1)->RMUX52","16","2","afexe_bitgen_20260919"
"RMUX39@16,2->RMUX53@16,1","RMUX39(+0,+1)->RMUX53","16","2","afexe_bitgen_20260919"
"RMUX39@16,2->RMUX58@16,1","RMUX39(+0,+1)->RMUX58","16","2","afexe_bitgen_20260919"
"RMUX45@16,2->RMUX86@15,2","RMUX45(+1,+0)->RMUX86","15","2","afexe_bitgen_20260919"
"RMUX49@16,2->RMUX7@17,2","RMUX49(-1,+0)->RMUX7","17","2","afexe_bitgen_20260919"
"RMUX51@16,2->RMUX15@16,2","RMUX51(+0,+0)->RMUX15","16","2","afexe_bitgen_20260919"
"RMUX55@16,2->RMUX31@16,1","RMUX55(+0,+1)->RMUX31","16","2","afexe_bitgen_20260919"
"RMUX68@16,2->RMUX80@15,2","RMUX68(+1,+0)->RMUX80","15","2","afexe_bitgen_20260919"
"RMUX68@16,2->RMUX85@15,2","RMUX68(+1,+0)->RMUX85","15","2","afexe_bitgen_20260919"
"RMUX69@16,2->RMUX93@16,1","RMUX69(+0,+1)->RMUX93","16","2","afexe_bitgen_20260919"
"RMUX69@16,2->RMUX87@16,4","RMUX69(+0,-2)->RMUX87","16","2","afexe_bitgen_20260919"
"RMUX73@16,2->RMUX0@16,4","RMUX73(+0,-2)->RMUX0","16","2","afexe_bitgen_20260919"
"RMUX75@16,2->RMUX10@16,1","RMUX75(+0,+1)->RMUX10","16","2","afexe_bitgen_20260919"
"RMUX80@16,2->RMUX26@16,4","RMUX80(+0,-2)->RMUX26","16","2","afexe_bitgen_20260919"
"RMUX86@16,2->RMUX50@17,2","RMUX86(-1,+0)->RMUX50","17","2","afexe_bitgen_20260919"
"RMUX91@16,2->RMUX72@15,2","RMUX91(+1,+0)->RMUX72","15","2","afexe_bitgen_20260919"
"RMUX91@16,2->RMUX89@15,2","RMUX91(+1,+0)->RMUX89","15","2","afexe_bitgen_20260919"
"RMUX92@16,2->RMUX81@16,2","RMUX92(+0,+0)->RMUX81","16","2","afexe_bitgen_20260919"
"RMUX2@16,3->RMUX18@16,2","RMUX2(+0,+1)->RMUX18","16","2","afexe_bitgen_20260919"
"RMUX3@16,3->RMUX15@16,3","RMUX3(+0,+0)->RMUX15","16","2","afexe_bitgen_20260919"
"RMUX3@16,3->RMUX21@16,3","RMUX3(+0,+0)->RMUX21","16","2","afexe_bitgen_20260919"
"RMUX7@16,3->RMUX25@16,3","RMUX7(+0,+0)->RMUX25","16","2","afexe_bitgen_20260919"
"RMUX8@16,3->RMUX26@15,3","RMUX8(+1,+0)->RMUX26","15","2","afexe_bitgen_20260919"
"RMUX8@16,3->RMUX27@15,3","RMUX8(+1,+0)->RMUX27","15","2","afexe_bitgen_20260919"
"RMUX8@16,3->RMUX33@15,3","RMUX8(+1,+0)->RMUX33","15","2","afexe_bitgen_20260919"
"RMUX8@16,3->RMUX37@15,3","RMUX8(+1,+0)->RMUX37","15","2","afexe_bitgen_20260919"
"RMUX9@16,3->RMUX38@16,2","RMUX9(+0,+1)->RMUX38","16","2","afexe_bitgen_20260919"
"RMUX9@16,3->RMUX38@16,3","RMUX9(+0,+0)->RMUX38","16","2","afexe_bitgen_20260919"
"RMUX14@16,3->RMUX61@16,4","RMUX14(+0,-1)->RMUX61","16","2","afexe_bitgen_20260919"
"RMUX15@16,3->RMUX63@15,3","RMUX15(+1,+0)->RMUX63","15","2","afexe_bitgen_20260919"
"RMUX19@16,3->RMUX88@16,2","RMUX19(+0,+1)->RMUX88","16","2","afexe_bitgen_20260919"
"RMUX19@16,3->RMUX89@16,2","RMUX19(+0,+1)->RMUX89","16","2","afexe_bitgen_20260919"
"RMUX19@16,3->RMUX95@16,2","RMUX19(+0,+1)->RMUX95","16","2","afexe_bitgen_20260919"
"RMUX25@16,3->RMUX0@16,3","RMUX25(+0,+0)->RMUX0","16","2","afexe_bitgen_20260919"
"RMUX25@16,3->RMUX1@16,3","RMUX25(+0,+0)->RMUX1","16","2","afexe_bitgen_20260919"
"RMUX27@16,3->RMUX4@16,4","RMUX27(+0,-1)->RMUX4","16","2","afexe_bitgen_20260919"
"RMUX27@16,3->RMUX11@16,4","RMUX27(+0,-1)->RMUX11","16","2","afexe_bitgen_20260919"
"RMUX27@16,3->RMUX15@16,4","RMUX27(+0,-1)->RMUX15","16","2","afexe_bitgen_20260919"
"RMUX32@16,3->RMUX33@16,1","RMUX32(+0,+2)->RMUX33","16","2","afexe_bitgen_20260919"
"RMUX33@16,3->RMUX45@16,3","RMUX33(+0,+0)->RMUX45","16","2","afexe_bitgen_20260919"
"RMUX37@16,3->RMUX48@16,5","RMUX37(+0,-2)->RMUX48","16","2","afexe_bitgen_20260919"
"RMUX38@16,3->RMUX50@15,3","RMUX38(+1,+0)->RMUX50","15","2","afexe_bitgen_20260919"
"RMUX39@16,3->RMUX52@16,2","RMUX39(+0,+1)->RMUX52","16","2","afexe_bitgen_20260919"
"RMUX39@16,3->RMUX53@16,2","RMUX39(+0,+1)->RMUX53","16","2","afexe_bitgen_20260919"
"RMUX39@16,3->RMUX58@16,2","RMUX39(+0,+1)->RMUX58","16","2","afexe_bitgen_20260919"
"RMUX44@16,3->RMUX85@16,3","RMUX44(+0,+0)->RMUX85","16","2","afexe_bitgen_20260919"
"RMUX45@16,3->RMUX86@15,3","RMUX45(+1,+0)->RMUX86","15","2","afexe_bitgen_20260919"
"RMUX49@16,3->RMUX7@17,3","RMUX49(-1,+0)->RMUX7","17","2","afexe_bitgen_20260919"
"RMUX51@16,3->RMUX15@16,3","RMUX51(+0,+0)->RMUX15","16","2","afexe_bitgen_20260919"
"RMUX55@16,3->RMUX24@16,1","RMUX55(+0,+2)->RMUX24","16","2","afexe_bitgen_20260919"
"RMUX55@16,3->RMUX31@16,2","RMUX55(+0,+1)->RMUX31","16","2","afexe_bitgen_20260919"
"RMUX57@16,3->RMUX45@16,3","RMUX57(+0,+0)->RMUX45","16","2","afexe_bitgen_20260919"
"RMUX57@16,3->RMUX38@16,4","RMUX57(+0,-1)->RMUX38","16","2","afexe_bitgen_20260919"
"RMUX67@16,3->RMUX72@16,3","RMUX67(+0,+0)->RMUX72","16","2","afexe_bitgen_20260919"
"RMUX67@16,3->RMUX94@16,4","RMUX67(+0,-1)->RMUX94","16","2","afexe_bitgen_20260919"
"RMUX68@16,3->RMUX80@15,3","RMUX68(+1,+0)->RMUX80","15","2","afexe_bitgen_20260919"
"RMUX68@16,3->RMUX85@15,3","RMUX68(+1,+0)->RMUX85","15","2","afexe_bitgen_20260919"
"RMUX69@16,3->RMUX93@16,2","RMUX69(+0,+1)->RMUX93","16","2","afexe_bitgen_20260919"
"RMUX73@16,3->RMUX1@16,3","RMUX73(+0,+0)->RMUX1","16","2","afexe_bitgen_20260919"
"RMUX73@16,3->RMUX0@16,5","RMUX73(+0,-2)->RMUX0","16","2","afexe_bitgen_20260919"
"RMUX75@16,3->RMUX10@16,2","RMUX75(+0,+1)->RMUX10","16","2","afexe_bitgen_20260919"
"RMUX80@16,3->RMUX26@16,5","RMUX80(+0,-2)->RMUX26","16","2","afexe_bitgen_20260919"
"RMUX86@16,3->RMUX50@17,3","RMUX86(-1,+0)->RMUX50","17","2","afexe_bitgen_20260919"
"RMUX91@16,3->RMUX72@15,3","RMUX91(+1,+0)->RMUX72","15","2","afexe_bitgen_20260919"
"RMUX91@16,3->RMUX89@15,3","RMUX91(+1,+0)->RMUX89","15","2","afexe_bitgen_20260919"
"RMUX92@16,3->RMUX81@16,3","RMUX92(+0,+0)->RMUX81","16","2","afexe_bitgen_20260919"
"RMUX2@16,4->RMUX18@16,3","RMUX2(+0,+1)->RMUX18","16","2","afexe_bitgen_20260919"
"RMUX3@16,4->RMUX15@16,4","RMUX3(+0,+0)->RMUX15","16","2","afexe_bitgen_20260919"
"RMUX3@16,4->RMUX21@16,4","RMUX3(+0,+0)->RMUX21","16","2","afexe_bitgen_20260919"
"RMUX7@16,4->RMUX25@16,4","RMUX7(+0,+0)->RMUX25","16","2","afexe_bitgen_20260919"
"RMUX8@16,4->RMUX26@15,4","RMUX8(+1,+0)->RMUX26","15","2","afexe_bitgen_20260919"
"RMUX8@16,4->RMUX27@15,4","RMUX8(+1,+0)->RMUX27","15","2","afexe_bitgen_20260919"
"RMUX8@16,4->RMUX33@15,4","RMUX8(+1,+0)->RMUX33","15","2","afexe_bitgen_20260919"
"RMUX8@16,4->RMUX37@15,4","RMUX8(+1,+0)->RMUX37","15","2","afexe_bitgen_20260919"
"RMUX9@16,4->RMUX38@16,3","RMUX9(+0,+1)->RMUX38","16","2","afexe_bitgen_20260919"
"RMUX9@16,4->RMUX38@16,4","RMUX9(+0,+0)->RMUX38","16","2","afexe_bitgen_20260919"
"RMUX14@16,4->RMUX61@16,5","RMUX14(+0,-1)->RMUX61","16","2","afexe_bitgen_20260919"
"RMUX15@16,4->RMUX63@15,4","RMUX15(+1,+0)->RMUX63","15","2","afexe_bitgen_20260919"
"RMUX19@16,4->RMUX88@16,3","RMUX19(+0,+1)->RMUX88","16","2","afexe_bitgen_20260919"
"RMUX19@16,4->RMUX89@16,3","RMUX19(+0,+1)->RMUX89","16","2","afexe_bitgen_20260919"
"RMUX19@16,4->RMUX95@16,3","RMUX19(+0,+1)->RMUX95","16","2","afexe_bitgen_20260919"
"RMUX25@16,4->RMUX0@16,1","RMUX25(+0,+3)->RMUX0","16","2","afexe_bitgen_20260919"
"RMUX25@16,4->RMUX0@16,4","RMUX25(+0,+0)->RMUX0","16","2","afexe_bitgen_20260919"
"RMUX25@16,4->RMUX1@16,4","RMUX25(+0,+0)->RMUX1","16","2","afexe_bitgen_20260919"
"RMUX27@16,4->RMUX4@16,5","RMUX27(+0,-1)->RMUX4","16","2","afexe_bitgen_20260919"
"RMUX27@16,4->RMUX11@16,5","RMUX27(+0,-1)->RMUX11","16","2","afexe_bitgen_20260919"
"RMUX27@16,4->RMUX15@16,5","RMUX27(+0,-1)->RMUX15","16","2","afexe_bitgen_20260919"
"RMUX32@16,4->RMUX33@16,2","RMUX32(+0,+2)->RMUX33","16","2","afexe_bitgen_20260919"
"RMUX33@16,4->RMUX45@16,4","RMUX33(+0,+0)->RMUX45","16","2","afexe_bitgen_20260919"
"RMUX37@16,4->RMUX48@16,6","RMUX37(+0,-2)->RMUX48","16","2","afexe_bitgen_20260919"
"RMUX38@16,4->RMUX50@15,4","RMUX38(+1,+0)->RMUX50","15","2","afexe_bitgen_20260919"
"RMUX39@16,4->RMUX52@16,3","RMUX39(+0,+1)->RMUX52","16","2","afexe_bitgen_20260919"
"RMUX39@16,4->RMUX53@16,3","RMUX39(+0,+1)->RMUX53","16","2","afexe_bitgen_20260919"
"RMUX39@16,4->RMUX58@16,3","RMUX39(+0,+1)->RMUX58","16","2","afexe_bitgen_20260919"
"RMUX44@16,4->RMUX85@16,4","RMUX44(+0,+0)->RMUX85","16","2","afexe_bitgen_20260919"
"RMUX45@16,4->RMUX86@15,4","RMUX45(+1,+0)->RMUX86","15","2","afexe_bitgen_20260919"
"RMUX49@16,4->RMUX7@17,4","RMUX49(-1,+0)->RMUX7","17","2","afexe_bitgen_20260919"
"RMUX51@16,4->RMUX15@16,4","RMUX51(+0,+0)->RMUX15","16","2","afexe_bitgen_20260919"
"RMUX55@16,4->RMUX24@16,2","RMUX55(+0,+2)->RMUX24","16","2","afexe_bitgen_20260919"
"RMUX55@16,4->RMUX31@16,3","RMUX55(+0,+1)->RMUX31","16","2","afexe_bitgen_20260919"
"RMUX57@16,4->RMUX45@16,4","RMUX57(+0,+0)->RMUX45","16","2","afexe_bitgen_20260919"
"RMUX57@16,4->RMUX38@16,5","RMUX57(+0,-1)->RMUX38","16","2","afexe_bitgen_20260919"
"RMUX67@16,4->RMUX72@16,4","RMUX67(+0,+0)->RMUX72","16","2","afexe_bitgen_20260919"
"RMUX67@16,4->RMUX94@16,5","RMUX67(+0,-1)->RMUX94","16","2","afexe_bitgen_20260919"
"RMUX68@16,4->RMUX80@15,4","RMUX68(+1,+0)->RMUX80","15","2","afexe_bitgen_20260919"
"RMUX68@16,4->RMUX85@15,4","RMUX68(+1,+0)->RMUX85","15","2","afexe_bitgen_20260919"
"RMUX69@16,4->RMUX93@16,3","RMUX69(+0,+1)->RMUX93","16","2","afexe_bitgen_20260919"
"RMUX73@16,4->RMUX1@16,4","RMUX73(+0,+0)->RMUX1","16","2","afexe_bitgen_20260919"
"RMUX73@16,4->RMUX0@16,6","RMUX73(+0,-2)->RMUX0","16","2","afexe_bitgen_20260919"
"RMUX75@16,4->RMUX10@16,3","RMUX75(+0,+1)->RMUX10","16","2","afexe_bitgen_20260919"
"RMUX80@16,4->RMUX26@16,6","RMUX80(+0,-2)->RMUX26","16","2","afexe_bitgen_20260919"
"RMUX86@16,4->RMUX50@17,4","RMUX86(-1,+0)->RMUX50","17","2","afexe_bitgen_20260919"
"RMUX91@16,4->RMUX72@15,4","RMUX91(+1,+0)->RMUX72","15","2","afexe_bitgen_20260919"
"RMUX91@16,4->RMUX89@15,4","RMUX91(+1,+0)->RMUX89","15","2","afexe_bitgen_20260919"
"RMUX92@16,4->RMUX81@16,4","RMUX92(+0,+0)->RMUX81","16","2","afexe_bitgen_20260919"
"RMUX2@16,5->RMUX18@16,4","RMUX2(+0,+1)->RMUX18","16","2","afexe_bitgen_20260919"
"RMUX3@16,5->RMUX15@16,5","RMUX3(+0,+0)->RMUX15","16","2","afexe_bitgen_20260919"
"RMUX3@16,5->RMUX21@16,5","RMUX3(+0,+0)->RMUX21","16","2","afexe_bitgen_20260919"
"RMUX7@16,5->RMUX25@16,5","RMUX7(+0,+0)->RMUX25","16","2","afexe_bitgen_20260919"
"RMUX8@16,5->RMUX26@15,5","RMUX8(+1,+0)->RMUX26","15","2","afexe_bitgen_20260919"
"RMUX8@16,5->RMUX27@15,5","RMUX8(+1,+0)->RMUX27","15","2","afexe_bitgen_20260919"
"RMUX8@16,5->RMUX33@15,5","RMUX8(+1,+0)->RMUX33","15","2","afexe_bitgen_20260919"
"RMUX8@16,5->RMUX37@15,5","RMUX8(+1,+0)->RMUX37","15","2","afexe_bitgen_20260919"
"RMUX9@16,5->RMUX38@16,4","RMUX9(+0,+1)->RMUX38","16","2","afexe_bitgen_20260919"
"RMUX9@16,5->RMUX38@16,5","RMUX9(+0,+0)->RMUX38","16","2","afexe_bitgen_20260919"
"RMUX14@16,5->RMUX61@16,6","RMUX14(+0,-1)->RMUX61","16","2","afexe_bitgen_20260919"
"RMUX15@16,5->RMUX63@15,5","RMUX15(+1,+0)->RMUX63","15","2","afexe_bitgen_20260919"
"RMUX19@16,5->RMUX88@16,4","RMUX19(+0,+1)->RMUX88","16","2","afexe_bitgen_20260919"
"RMUX19@16,5->RMUX89@16,4","RMUX19(+0,+1)->RMUX89","16","2","afexe_bitgen_20260919"
"RMUX25@16,5->RMUX0@16,2","RMUX25(+0,+3)->RMUX0","16","2","afexe_bitgen_20260919"
"RMUX25@16,5->RMUX1@16,5","RMUX25(+0,+0)->RMUX1","16","2","afexe_bitgen_20260919"
"RMUX27@16,5->RMUX4@16,6","RMUX27(+0,-1)->RMUX4","16","2","afexe_bitgen_20260919"
"RMUX27@16,5->RMUX11@16,6","RMUX27(+0,-1)->RMUX11","16","2","afexe_bitgen_20260919"
"RMUX27@16,5->RMUX15@16,6","RMUX27(+0,-1)->RMUX15","16","2","afexe_bitgen_20260919"
"RMUX32@16,5->RMUX33@16,3","RMUX32(+0,+2)->RMUX33","16","2","afexe_bitgen_20260919"
"RMUX33@16,5->RMUX45@16,5","RMUX33(+0,+0)->RMUX45","16","2","afexe_bitgen_20260919"
"RMUX37@16,5->RMUX48@16,7","RMUX37(+0,-2)->RMUX48","16","2","afexe_bitgen_20260919"
"RMUX38@16,5->RMUX50@15,5","RMUX38(+1,+0)->RMUX50","15","2","afexe_bitgen_20260919"
"RMUX39@16,5->RMUX53@16,4","RMUX39(+0,+1)->RMUX53","16","2","afexe_bitgen_20260919"
"RMUX39@16,5->RMUX58@16,4","RMUX39(+0,+1)->RMUX58","16","2","afexe_bitgen_20260919"
"RMUX44@16,5->RMUX85@16,5","RMUX44(+0,+0)->RMUX85","16","2","afexe_bitgen_20260919"
"RMUX45@16,5->RMUX86@15,5","RMUX45(+1,+0)->RMUX86","15","2","afexe_bitgen_20260919"
"RMUX49@16,5->RMUX7@17,5","RMUX49(-1,+0)->RMUX7","17","2","afexe_bitgen_20260919"
"RMUX51@16,5->RMUX15@16,5","RMUX51(+0,+0)->RMUX15","16","2","afexe_bitgen_20260919"
"RMUX55@16,5->RMUX24@16,3","RMUX55(+0,+2)->RMUX24","16","2","afexe_bitgen_20260919"
"RMUX55@16,5->RMUX31@16,4","RMUX55(+0,+1)->RMUX31","16","2","afexe_bitgen_20260919"
"RMUX57@16,5->RMUX45@16,5","RMUX57(+0,+0)->RMUX45","16","2","afexe_bitgen_20260919"
"RMUX57@16,5->RMUX34@16,6","RMUX57(+0,-1)->RMUX34","16","2","afexe_bitgen_20260919"
"RMUX57@16,5->RMUX38@16,6","RMUX57(+0,-1)->RMUX38","16","2","afexe_bitgen_20260919"
"RMUX67@16,5->RMUX72@16,5","RMUX67(+0,+0)->RMUX72","16","2","afexe_bitgen_20260919"
"RMUX67@16,5->RMUX94@16,6","RMUX67(+0,-1)->RMUX94","16","2","afexe_bitgen_20260919"
"RMUX68@16,5->RMUX80@15,5","RMUX68(+1,+0)->RMUX80","15","2","afexe_bitgen_20260919"
"RMUX68@16,5->RMUX85@15,5","RMUX68(+1,+0)->RMUX85","15","2","afexe_bitgen_20260919"
"RMUX69@16,5->RMUX93@16,4","RMUX69(+0,+1)->RMUX93","16","2","afexe_bitgen_20260919"
"RMUX73@16,5->RMUX1@16,5","RMUX73(+0,+0)->RMUX1","16","2","afexe_bitgen_20260919"
"RMUX73@16,5->RMUX0@16,7","RMUX73(+0,-2)->RMUX0","16","2","afexe_bitgen_20260919"
"RMUX75@16,5->RMUX10@16,4","RMUX75(+0,+1)->RMUX10","16","2","afexe_bitgen_20260919"
"RMUX80@16,5->RMUX26@16,7","RMUX80(+0,-2)->RMUX26","16","2","afexe_bitgen_20260919"
"RMUX86@16,5->RMUX50@17,5","RMUX86(-1,+0)->RMUX50","17","2","afexe_bitgen_20260919"
"RMUX91@16,5->RMUX72@15,5","RMUX91(+1,+0)->RMUX72","15","2","afexe_bitgen_20260919"
"RMUX91@16,5->RMUX89@15,5","RMUX91(+1,+0)->RMUX89","15","2","afexe_bitgen_20260919"
"RMUX92@16,5->RMUX81@16,5","RMUX92(+0,+0)->RMUX81","16","2","afexe_bitgen_20260919"
"RMUX2@16,6->RMUX18@16,5","RMUX2(+0,+1)->RMUX18","16","2","afexe_bitgen_20260919"
"RMUX3@16,6->RMUX15@16,6","RMUX3(+0,+0)->RMUX15","16","2","afexe_bitgen_20260919"
"RMUX3@16,6->RMUX21@16,6","RMUX3(+0,+0)->RMUX21","16","2","afexe_bitgen_20260919"
"RMUX7@16,6->RMUX25@16,6","RMUX7(+0,+0)->RMUX25","16","2","afexe_bitgen_20260919"
"RMUX8@16,6->RMUX26@15,6","RMUX8(+1,+0)->RMUX26","15","2","afexe_bitgen_20260919"
"RMUX8@16,6->RMUX27@15,6","RMUX8(+1,+0)->RMUX27","15","2","afexe_bitgen_20260919"
"RMUX8@16,6->RMUX33@15,6","RMUX8(+1,+0)->RMUX33","15","2","afexe_bitgen_20260919"
"RMUX8@16,6->RMUX37@15,6","RMUX8(+1,+0)->RMUX37","15","2","afexe_bitgen_20260919"
"RMUX9@16,6->RMUX38@16,5","RMUX9(+0,+1)->RMUX38","16","2","afexe_bitgen_20260919"
"RMUX9@16,6->RMUX38@16,6","RMUX9(+0,+0)->RMUX38","16","2","afexe_bitgen_20260919"
"RMUX14@16,6->RMUX61@16,7","RMUX14(+0,-1)->RMUX61","16","2","afexe_bitgen_20260919"
"RMUX15@16,6->RMUX63@15,6","RMUX15(+1,+0)->RMUX63","15","2","afexe_bitgen_20260919"
"RMUX19@16,6->RMUX88@16,5","RMUX19(+0,+1)->RMUX88","16","2","afexe_bitgen_20260919"
"RMUX19@16,6->RMUX89@16,5","RMUX19(+0,+1)->RMUX89","16","2","afexe_bitgen_20260919"
"RMUX19@16,6->RMUX95@16,5","RMUX19(+0,+1)->RMUX95","16","2","afexe_bitgen_20260919"
"RMUX25@16,6->RMUX0@16,3","RMUX25(+0,+3)->RMUX0","16","2","afexe_bitgen_20260919"
"RMUX25@16,6->RMUX0@16,6","RMUX25(+0,+0)->RMUX0","16","2","afexe_bitgen_20260919"
"RMUX25@16,6->RMUX1@16,6","RMUX25(+0,+0)->RMUX1","16","2","afexe_bitgen_20260919"
"RMUX27@16,6->RMUX4@16,7","RMUX27(+0,-1)->RMUX4","16","2","afexe_bitgen_20260919"
"RMUX27@16,6->RMUX11@16,7","RMUX27(+0,-1)->RMUX11","16","2","afexe_bitgen_20260919"
"RMUX27@16,6->RMUX15@16,7","RMUX27(+0,-1)->RMUX15","16","2","afexe_bitgen_20260919"
"RMUX32@16,6->RMUX33@16,4","RMUX32(+0,+2)->RMUX33","16","2","afexe_bitgen_20260919"
"RMUX33@16,6->RMUX45@16,6","RMUX33(+0,+0)->RMUX45","16","2","afexe_bitgen_20260919"
"RMUX37@16,6->RMUX48@16,8","RMUX37(+0,-2)->RMUX48","16","2","afexe_bitgen_20260919"
"RMUX38@16,6->RMUX50@15,6","RMUX38(+1,+0)->RMUX50","15","2","afexe_bitgen_20260919"
"RMUX39@16,6->RMUX52@16,5","RMUX39(+0,+1)->RMUX52","16","2","afexe_bitgen_20260919"
"RMUX39@16,6->RMUX53@16,5","RMUX39(+0,+1)->RMUX53","16","2","afexe_bitgen_20260919"
"RMUX39@16,6->RMUX58@16,5","RMUX39(+0,+1)->RMUX58","16","2","afexe_bitgen_20260919"
"RMUX44@16,6->RMUX85@16,6","RMUX44(+0,+0)->RMUX85","16","2","afexe_bitgen_20260919"
"RMUX45@16,6->RMUX86@15,6","RMUX45(+1,+0)->RMUX86","15","2","afexe_bitgen_20260919"
"RMUX49@16,6->RMUX7@17,6","RMUX49(-1,+0)->RMUX7","17","2","afexe_bitgen_20260919"
"RMUX51@16,6->RMUX15@16,6","RMUX51(+0,+0)->RMUX15","16","2","afexe_bitgen_20260919"
"RMUX55@16,6->RMUX24@16,4","RMUX55(+0,+2)->RMUX24","16","2","afexe_bitgen_20260919"
"RMUX55@16,6->RMUX31@16,5","RMUX55(+0,+1)->RMUX31","16","2","afexe_bitgen_20260919"
"RMUX57@16,6->RMUX45@16,6","RMUX57(+0,+0)->RMUX45","16","2","afexe_bitgen_20260919"
"RMUX57@16,6->RMUX34@16,7","RMUX57(+0,-1)->RMUX34","16","2","afexe_bitgen_20260919"
"RMUX57@16,6->RMUX38@16,7","RMUX57(+0,-1)->RMUX38","16","2","afexe_bitgen_20260919"
"RMUX67@16,6->RMUX72@16,6","RMUX67(+0,+0)->RMUX72","16","2","afexe_bitgen_20260919"
"RMUX67@16,6->RMUX94@16,7","RMUX67(+0,-1)->RMUX94","16","2","afexe_bitgen_20260919"
"RMUX68@16,6->RMUX80@15,6","RMUX68(+1,+0)->RMUX80","15","2","afexe_bitgen_20260919"
"RMUX68@16,6->RMUX85@15,6","RMUX68(+1,+0)->RMUX85","15","2","afexe_bitgen_20260919"
"RMUX69@16,6->RMUX93@16,5","RMUX69(+0,+1)->RMUX93","16","2","afexe_bitgen_20260919"
"RMUX73@16,6->RMUX1@16,6","RMUX73(+0,+0)->RMUX1","16","2","afexe_bitgen_20260919"
"RMUX73@16,6->RMUX0@16,8","RMUX73(+0,-2)->RMUX0","16","2","afexe_bitgen_20260919"
"RMUX75@16,6->RMUX10@16,5","RMUX75(+0,+1)->RMUX10","16","2","afexe_bitgen_20260919"
"RMUX80@16,6->RMUX26@16,8","RMUX80(+0,-2)->RMUX26","16","2","afexe_bitgen_20260919"
"RMUX86@16,6->RMUX50@17,6","RMUX86(-1,+0)->RMUX50","17","2","afexe_bitgen_20260919"
"RMUX91@16,6->RMUX72@15,6","RMUX91(+1,+0)->RMUX72","15","2","afexe_bitgen_20260919"
"RMUX91@16,6->RMUX89@15,6","RMUX91(+1,+0)->RMUX89","15","2","afexe_bitgen_20260919"
"RMUX92@16,6->RMUX81@16,6","RMUX92(+0,+0)->RMUX81","16","2","afexe_bitgen_20260919"
"RMUX2@16,7->RMUX18@16,6","RMUX2(+0,+1)->RMUX18","16","2","afexe_bitgen_20260919"
"RMUX3@16,7->RMUX15@16,7","RMUX3(+0,+0)->RMUX15","16","2","afexe_bitgen_20260919"
"RMUX3@16,7->RMUX21@16,7","RMUX3(+0,+0)->RMUX21","16","2","afexe_bitgen_20260919"
"RMUX7@16,7->RMUX25@16,7","RMUX7(+0,+0)->RMUX25","16","2","afexe_bitgen_20260919"
"RMUX8@16,7->RMUX26@15,7","RMUX8(+1,+0)->RMUX26","15","2","afexe_bitgen_20260919"
"RMUX8@16,7->RMUX33@15,7","RMUX8(+1,+0)->RMUX33","15","2","afexe_bitgen_20260919"
"RMUX8@16,7->RMUX37@15,7","RMUX8(+1,+0)->RMUX37","15","2","afexe_bitgen_20260919"
"RMUX9@16,7->RMUX38@16,6","RMUX9(+0,+1)->RMUX38","16","2","afexe_bitgen_20260919"
"RMUX14@16,7->RMUX61@16,8","RMUX14(+0,-1)->RMUX61","16","2","afexe_bitgen_20260919"
"RMUX15@16,7->RMUX63@15,7","RMUX15(+1,+0)->RMUX63","15","2","afexe_bitgen_20260919"
"RMUX19@16,7->RMUX88@16,6","RMUX19(+0,+1)->RMUX88","16","2","afexe_bitgen_20260919"
"RMUX19@16,7->RMUX89@16,6","RMUX19(+0,+1)->RMUX89","16","2","afexe_bitgen_20260919"
"RMUX19@16,7->RMUX95@16,6","RMUX19(+0,+1)->RMUX95","16","2","afexe_bitgen_20260919"
"RMUX25@16,7->RMUX0@16,4","RMUX25(+0,+3)->RMUX0","16","2","afexe_bitgen_20260919"
"RMUX25@16,7->RMUX0@16,7","RMUX25(+0,+0)->RMUX0","16","2","afexe_bitgen_20260919"
"RMUX25@16,7->RMUX1@16,7","RMUX25(+0,+0)->RMUX1","16","2","afexe_bitgen_20260919"
"RMUX27@16,7->RMUX4@16,8","RMUX27(+0,-1)->RMUX4","16","2","afexe_bitgen_20260919"
"RMUX27@16,7->RMUX11@16,8","RMUX27(+0,-1)->RMUX11","16","2","afexe_bitgen_20260919"
"RMUX27@16,7->RMUX15@16,8","RMUX27(+0,-1)->RMUX15","16","2","afexe_bitgen_20260919"
"RMUX32@16,7->RMUX33@16,5","RMUX32(+0,+2)->RMUX33","16","2","afexe_bitgen_20260919"
"RMUX33@16,7->RMUX45@16,7","RMUX33(+0,+0)->RMUX45","16","2","afexe_bitgen_20260919"
"RMUX37@16,7->RMUX48@16,9","RMUX37(+0,-2)->RMUX48","16","2","afexe_bitgen_20260919"
"RMUX38@16,7->RMUX50@15,7","RMUX38(+1,+0)->RMUX50","15","2","afexe_bitgen_20260919"
"RMUX39@16,7->RMUX52@16,6","RMUX39(+0,+1)->RMUX52","16","2","afexe_bitgen_20260919"
"RMUX39@16,7->RMUX53@16,6","RMUX39(+0,+1)->RMUX53","16","2","afexe_bitgen_20260919"
"RMUX39@16,7->RMUX58@16,6","RMUX39(+0,+1)->RMUX58","16","2","afexe_bitgen_20260919"
"RMUX44@16,7->RMUX85@16,7","RMUX44(+0,+0)->RMUX85","16","2","afexe_bitgen_20260919"
"RMUX45@16,7->RMUX86@15,7","RMUX45(+1,+0)->RMUX86","15","2","afexe_bitgen_20260919"
"RMUX49@16,7->RMUX7@17,7","RMUX49(-1,+0)->RMUX7","17","2","afexe_bitgen_20260919"
"RMUX51@16,7->RMUX15@16,7","RMUX51(+0,+0)->RMUX15","16","2","afexe_bitgen_20260919"
"RMUX55@16,7->RMUX24@16,5","RMUX55(+0,+2)->RMUX24","16","2","afexe_bitgen_20260919"
"RMUX55@16,7->RMUX31@16,6","RMUX55(+0,+1)->RMUX31","16","2","afexe_bitgen_20260919"
"RMUX57@16,7->RMUX45@16,7","RMUX57(+0,+0)->RMUX45","16","2","afexe_bitgen_20260919"
"RMUX57@16,7->RMUX34@16,8","RMUX57(+0,-1)->RMUX34","16","2","afexe_bitgen_20260919"
"RMUX57@16,7->RMUX38@16,8","RMUX57(+0,-1)->RMUX38","16","2","afexe_bitgen_20260919"
"RMUX67@16,7->RMUX72@16,7","RMUX67(+0,+0)->RMUX72","16","2","afexe_bitgen_20260919"
"RMUX67@16,7->RMUX94@16,8","RMUX67(+0,-1)->RMUX94","16","2","afexe_bitgen_20260919"
"RMUX68@16,7->RMUX80@15,7","RMUX68(+1,+0)->RMUX80","15","2","afexe_bitgen_20260919"
"RMUX68@16,7->RMUX85@15,7","RMUX68(+1,+0)->RMUX85","15","2","afexe_bitgen_20260919"
"RMUX69@16,7->RMUX93@16,6","RMUX69(+0,+1)->RMUX93","16","2","afexe_bitgen_20260919"
"RMUX73@16,7->RMUX1@16,7","RMUX73(+0,+0)->RMUX1","16","2","afexe_bitgen_20260919"
"RMUX73@16,7->RMUX0@16,9","RMUX73(+0,-2)->RMUX0","16","2","afexe_bitgen_20260919"
"RMUX75@16,7->RMUX10@16,6","RMUX75(+0,+1)->RMUX10","16","2","afexe_bitgen_20260919"
"RMUX80@16,7->RMUX26@16,9","RMUX80(+0,-2)->RMUX26","16","2","afexe_bitgen_20260919"
"RMUX86@16,7->RMUX50@17,7","RMUX86(-1,+0)->RMUX50","17","2","afexe_bitgen_20260919"
"RMUX91@16,7->RMUX72@15,7","RMUX91(+1,+0)->RMUX72","15","2","afexe_bitgen_20260919"
"RMUX91@16,7->RMUX89@15,7","RMUX91(+1,+0)->RMUX89","15","2","afexe_bitgen_20260919"
"RMUX92@16,7->RMUX81@16,7","RMUX92(+0,+0)->RMUX81","16","2","afexe_bitgen_20260919"
"RMUX2@16,8->RMUX18@16,7","RMUX2(+0,+1)->RMUX18","16","2","afexe_bitgen_20260919"
"RMUX3@16,8->RMUX15@16,8","RMUX3(+0,+0)->RMUX15","16","2","afexe_bitgen_20260919"
"RMUX3@16,8->RMUX21@16,8","RMUX3(+0,+0)->RMUX21","16","2","afexe_bitgen_20260919"
"RMUX7@16,8->RMUX25@16,8","RMUX7(+0,+0)->RMUX25","16","2","afexe_bitgen_20260919"
"RMUX8@16,8->RMUX26@15,8","RMUX8(+1,+0)->RMUX26","15","2","afexe_bitgen_20260919"
"RMUX8@16,8->RMUX27@15,8","RMUX8(+1,+0)->RMUX27","15","2","afexe_bitgen_20260919"
"RMUX9@16,8->RMUX38@16,7","RMUX9(+0,+1)->RMUX38","16","2","afexe_bitgen_20260919"
"RMUX9@16,8->RMUX38@16,8","RMUX9(+0,+0)->RMUX38","16","2","afexe_bitgen_20260919"
"RMUX14@16,8->RMUX61@16,9","RMUX14(+0,-1)->RMUX61","16","2","afexe_bitgen_20260919"
"RMUX15@16,8->RMUX63@15,8","RMUX15(+1,+0)->RMUX63","15","2","afexe_bitgen_20260919"
"RMUX19@16,8->RMUX88@16,7","RMUX19(+0,+1)->RMUX88","16","2","afexe_bitgen_20260919"
"RMUX19@16,8->RMUX89@16,7","RMUX19(+0,+1)->RMUX89","16","2","afexe_bitgen_20260919"
"RMUX19@16,8->RMUX95@16,7","RMUX19(+0,+1)->RMUX95","16","2","afexe_bitgen_20260919"
"RMUX25@16,8->RMUX0@16,5","RMUX25(+0,+3)->RMUX0","16","2","afexe_bitgen_20260919"
"RMUX25@16,8->RMUX0@16,8","RMUX25(+0,+0)->RMUX0","16","2","afexe_bitgen_20260919"
"RMUX25@16,8->RMUX1@16,8","RMUX25(+0,+0)->RMUX1","16","2","afexe_bitgen_20260919"
"RMUX27@16,8->RMUX4@16,9","RMUX27(+0,-1)->RMUX4","16","2","afexe_bitgen_20260919"
"RMUX27@16,8->RMUX11@16,9","RMUX27(+0,-1)->RMUX11","16","2","afexe_bitgen_20260919"
"RMUX27@16,8->RMUX15@16,9","RMUX27(+0,-1)->RMUX15","16","2","afexe_bitgen_20260919"
"RMUX32@16,8->RMUX33@16,6","RMUX32(+0,+2)->RMUX33","16","2","afexe_bitgen_20260919"
"RMUX33@16,8->RMUX45@16,8","RMUX33(+0,+0)->RMUX45","16","2","afexe_bitgen_20260919"
"RMUX37@16,8->RMUX48@16,10","RMUX37(+0,-2)->RMUX48","16","2","afexe_bitgen_20260919"
"RMUX38@16,8->RMUX50@15,8","RMUX38(+1,+0)->RMUX50","15","2","afexe_bitgen_20260919"
"RMUX39@16,8->RMUX52@16,7","RMUX39(+0,+1)->RMUX52","16","2","afexe_bitgen_20260919"
"RMUX39@16,8->RMUX53@16,7","RMUX39(+0,+1)->RMUX53","16","2","afexe_bitgen_20260919"
"RMUX39@16,8->RMUX58@16,7","RMUX39(+0,+1)->RMUX58","16","2","afexe_bitgen_20260919"
"RMUX44@16,8->RMUX85@16,8","RMUX44(+0,+0)->RMUX85","16","2","afexe_bitgen_20260919"
"RMUX45@16,8->RMUX86@15,8","RMUX45(+1,+0)->RMUX86","15","2","afexe_bitgen_20260919"
"RMUX49@16,8->RMUX7@17,8","RMUX49(-1,+0)->RMUX7","17","2","afexe_bitgen_20260919"
"RMUX51@16,8->RMUX15@16,8","RMUX51(+0,+0)->RMUX15","16","2","afexe_bitgen_20260919"
"RMUX55@16,8->RMUX24@16,6","RMUX55(+0,+2)->RMUX24","16","2","afexe_bitgen_20260919"
"RMUX55@16,8->RMUX31@16,7","RMUX55(+0,+1)->RMUX31","16","2","afexe_bitgen_20260919"
"RMUX57@16,8->RMUX45@16,8","RMUX57(+0,+0)->RMUX45","16","2","afexe_bitgen_20260919"
"RMUX57@16,8->RMUX34@16,9","RMUX57(+0,-1)->RMUX34","16","2","afexe_bitgen_20260919"
"RMUX57@16,8->RMUX38@16,9","RMUX57(+0,-1)->RMUX38","16","2","afexe_bitgen_20260919"
"RMUX67@16,8->RMUX72@16,8","RMUX67(+0,+0)->RMUX72","16","2","afexe_bitgen_20260919"
"RMUX67@16,8->RMUX94@16,9","RMUX67(+0,-1)->RMUX94","16","2","afexe_bitgen_20260919"
"RMUX68@16,8->RMUX80@15,8","RMUX68(+1,+0)->RMUX80","15","2","afexe_bitgen_20260919"
"RMUX68@16,8->RMUX85@15,8","RMUX68(+1,+0)->RMUX85","15","2","afexe_bitgen_20260919"
"RMUX69@16,8->RMUX93@16,7","RMUX69(+0,+1)->RMUX93","16","2","afexe_bitgen_20260919"
"RMUX73@16,8->RMUX1@16,8","RMUX73(+0,+0)->RMUX1","16","2","afexe_bitgen_20260919"
"RMUX73@16,8->RMUX0@16,10","RMUX73(+0,-2)->RMUX0","16","2","afexe_bitgen_20260919"
"RMUX75@16,8->RMUX10@16,7","RMUX75(+0,+1)->RMUX10","16","2","afexe_bitgen_20260919"
"RMUX80@16,8->RMUX26@16,10","RMUX80(+0,-2)->RMUX26","16","2","afexe_bitgen_20260919"
"RMUX86@16,8->RMUX50@17,8","RMUX86(-1,+0)->RMUX50","17","2","afexe_bitgen_20260919"
"RMUX91@16,8->RMUX72@15,8","RMUX91(+1,+0)->RMUX72","15","2","afexe_bitgen_20260919"
"RMUX91@16,8->RMUX89@15,8","RMUX91(+1,+0)->RMUX89","15","2","afexe_bitgen_20260919"
"RMUX92@16,8->RMUX81@16,8","RMUX92(+0,+0)->RMUX81","16","2","afexe_bitgen_20260919"
"RMUX2@16,9->RMUX18@16,8","RMUX2(+0,+1)->RMUX18","16","2","afexe_bitgen_20260919"
"RMUX3@16,9->RMUX15@16,9","RMUX3(+0,+0)->RMUX15","16","2","afexe_bitgen_20260919"
"RMUX7@16,9->RMUX25@16,9","RMUX7(+0,+0)->RMUX25","16","2","afexe_bitgen_20260919"
"RMUX8@16,9->RMUX27@15,9","RMUX8(+1,+0)->RMUX27","15","2","afexe_bitgen_20260919"
"RMUX8@16,9->RMUX33@15,9","RMUX8(+1,+0)->RMUX33","15","2","afexe_bitgen_20260919"
"RMUX8@16,9->RMUX37@15,9","RMUX8(+1,+0)->RMUX37","15","2","afexe_bitgen_20260919"
"RMUX9@16,9->RMUX38@16,9","RMUX9(+0,+0)->RMUX38","16","2","afexe_bitgen_20260919"
"RMUX14@16,9->RMUX61@16,10","RMUX14(+0,-1)->RMUX61","16","2","afexe_bitgen_20260919"
"RMUX15@16,9->RMUX63@15,9","RMUX15(+1,+0)->RMUX63","15","2","afexe_bitgen_20260919"
"RMUX19@16,9->RMUX88@16,8","RMUX19(+0,+1)->RMUX88","16","2","afexe_bitgen_20260919"
"RMUX19@16,9->RMUX89@16,8","RMUX19(+0,+1)->RMUX89","16","2","afexe_bitgen_20260919"
"RMUX19@16,9->RMUX95@16,8","RMUX19(+0,+1)->RMUX95","16","2","afexe_bitgen_20260919"
"RMUX25@16,9->RMUX0@16,6","RMUX25(+0,+3)->RMUX0","16","2","afexe_bitgen_20260919"
"RMUX25@16,9->RMUX0@16,9","RMUX25(+0,+0)->RMUX0","16","2","afexe_bitgen_20260919"
"RMUX25@16,9->RMUX1@16,9","RMUX25(+0,+0)->RMUX1","16","2","afexe_bitgen_20260919"
"RMUX27@16,9->RMUX4@16,10","RMUX27(+0,-1)->RMUX4","16","2","afexe_bitgen_20260919"
"RMUX27@16,9->RMUX11@16,10","RMUX27(+0,-1)->RMUX11","16","2","afexe_bitgen_20260919"
"RMUX27@16,9->RMUX15@16,10","RMUX27(+0,-1)->RMUX15","16","2","afexe_bitgen_20260919"
"RMUX32@16,9->RMUX33@16,7","RMUX32(+0,+2)->RMUX33","16","2","afexe_bitgen_20260919"
"RMUX33@16,9->RMUX45@16,9","RMUX33(+0,+0)->RMUX45","16","2","afexe_bitgen_20260919"
"RMUX37@16,9->RMUX48@16,11","RMUX37(+0,-2)->RMUX48","16","2","afexe_bitgen_20260919"
"RMUX38@16,9->RMUX50@15,9","RMUX38(+1,+0)->RMUX50","15","2","afexe_bitgen_20260919"
"RMUX39@16,9->RMUX52@16,8","RMUX39(+0,+1)->RMUX52","16","2","afexe_bitgen_20260919"
"RMUX39@16,9->RMUX53@16,8","RMUX39(+0,+1)->RMUX53","16","2","afexe_bitgen_20260919"
"RMUX39@16,9->RMUX58@16,8","RMUX39(+0,+1)->RMUX58","16","2","afexe_bitgen_20260919"
"RMUX45@16,9->RMUX86@15,9","RMUX45(+1,+0)->RMUX86","15","2","afexe_bitgen_20260919"
"RMUX49@16,9->RMUX7@17,9","RMUX49(-1,+0)->RMUX7","17","2","afexe_bitgen_20260919"
"RMUX51@16,9->RMUX15@16,9","RMUX51(+0,+0)->RMUX15","16","2","afexe_bitgen_20260919"
"RMUX55@16,9->RMUX24@16,7","RMUX55(+0,+2)->RMUX24","16","2","afexe_bitgen_20260919"
"RMUX55@16,9->RMUX31@16,8","RMUX55(+0,+1)->RMUX31","16","2","afexe_bitgen_20260919"
"RMUX57@16,9->RMUX45@16,9","RMUX57(+0,+0)->RMUX45","16","2","afexe_bitgen_20260919"
"RMUX57@16,9->RMUX34@16,10","RMUX57(+0,-1)->RMUX34","16","2","afexe_bitgen_20260919"
"RMUX57@16,9->RMUX38@16,10","RMUX57(+0,-1)->RMUX38","16","2","afexe_bitgen_20260919"
"RMUX67@16,9->RMUX72@16,9","RMUX67(+0,+0)->RMUX72","16","2","afexe_bitgen_20260919"
"RMUX67@16,9->RMUX94@16,10","RMUX67(+0,-1)->RMUX94","16","2","afexe_bitgen_20260919"
"RMUX68@16,9->RMUX80@15,9","RMUX68(+1,+0)->RMUX80","15","2","afexe_bitgen_20260919"
"RMUX68@16,9->RMUX85@15,9","RMUX68(+1,+0)->RMUX85","15","2","afexe_bitgen_20260919"
"RMUX69@16,9->RMUX93@16,8","RMUX69(+0,+1)->RMUX93","16","2","afexe_bitgen_20260919"
"RMUX73@16,9->RMUX1@16,9","RMUX73(+0,+0)->RMUX1","16","2","afexe_bitgen_20260919"
"RMUX73@16,9->RMUX0@16,11","RMUX73(+0,-2)->RMUX0","16","2","afexe_bitgen_20260919"
"RMUX75@16,9->RMUX10@16,8","RMUX75(+0,+1)->RMUX10","16","2","afexe_bitgen_20260919"
"RMUX80@16,9->RMUX26@16,11","RMUX80(+0,-2)->RMUX26","16","2","afexe_bitgen_20260919"
"RMUX86@16,9->RMUX50@17,9","RMUX86(-1,+0)->RMUX50","17","2","afexe_bitgen_20260919"
"RMUX91@16,9->RMUX72@15,9","RMUX91(+1,+0)->RMUX72","15","2","afexe_bitgen_20260919"
"RMUX91@16,9->RMUX89@15,9","RMUX91(+1,+0)->RMUX89","15","2","afexe_bitgen_20260919"
"RMUX92@16,9->RMUX81@16,9","RMUX92(+0,+0)->RMUX81","16","2","afexe_bitgen_20260919"
"RMUX2@16,10->RMUX18@16,9","RMUX2(+0,+1)->RMUX18","16","2","afexe_bitgen_20260919"
"RMUX7@16,10->RMUX25@16,10","RMUX7(+0,+0)->RMUX25","16","2","afexe_bitgen_20260919"
"RMUX8@16,10->RMUX26@15,10","RMUX8(+1,+0)->RMUX26","15","2","afexe_bitgen_20260919"
"RMUX8@16,10->RMUX27@15,10","RMUX8(+1,+0)->RMUX27","15","2","afexe_bitgen_20260919"
"RMUX9@16,10->RMUX38@16,9","RMUX9(+0,+1)->RMUX38","16","2","afexe_bitgen_20260919"
"RMUX9@16,10->RMUX38@16,10","RMUX9(+0,+0)->RMUX38","16","2","afexe_bitgen_20260919"
"RMUX14@16,10->RMUX61@16,11","RMUX14(+0,-1)->RMUX61","16","2","afexe_bitgen_20260919"
"RMUX15@16,10->RMUX63@15,10","RMUX15(+1,+0)->RMUX63","15","2","afexe_bitgen_20260919"
"RMUX19@16,10->RMUX88@16,9","RMUX19(+0,+1)->RMUX88","16","2","afexe_bitgen_20260919"
"RMUX19@16,10->RMUX89@16,9","RMUX19(+0,+1)->RMUX89","16","2","afexe_bitgen_20260919"
"RMUX19@16,10->RMUX95@16,9","RMUX19(+0,+1)->RMUX95","16","2","afexe_bitgen_20260919"
"RMUX25@16,10->RMUX0@16,7","RMUX25(+0,+3)->RMUX0","16","2","afexe_bitgen_20260919"
"RMUX25@16,10->RMUX0@16,10","RMUX25(+0,+0)->RMUX0","16","2","afexe_bitgen_20260919"
"RMUX25@16,10->RMUX1@16,10","RMUX25(+0,+0)->RMUX1","16","2","afexe_bitgen_20260919"
"RMUX27@16,10->RMUX4@16,11","RMUX27(+0,-1)->RMUX4","16","2","afexe_bitgen_20260919"
"RMUX27@16,10->RMUX11@16,11","RMUX27(+0,-1)->RMUX11","16","2","afexe_bitgen_20260919"
"RMUX27@16,10->RMUX15@16,11","RMUX27(+0,-1)->RMUX15","16","2","afexe_bitgen_20260919"
"RMUX32@16,10->RMUX33@16,8","RMUX32(+0,+2)->RMUX33","16","2","afexe_bitgen_20260919"
"RMUX33@16,10->RMUX45@16,10","RMUX33(+0,+0)->RMUX45","16","2","afexe_bitgen_20260919"
"RMUX37@16,10->RMUX48@16,12","RMUX37(+0,-2)->RMUX48","16","2","afexe_bitgen_20260919"
"RMUX38@16,10->RMUX50@15,10","RMUX38(+1,+0)->RMUX50","15","2","afexe_bitgen_20260919"
"RMUX39@16,10->RMUX52@16,9","RMUX39(+0,+1)->RMUX52","16","2","afexe_bitgen_20260919"
"RMUX39@16,10->RMUX53@16,9","RMUX39(+0,+1)->RMUX53","16","2","afexe_bitgen_20260919"
"RMUX39@16,10->RMUX58@16,9","RMUX39(+0,+1)->RMUX58","16","2","afexe_bitgen_20260919"
"RMUX45@16,10->RMUX86@15,10","RMUX45(+1,+0)->RMUX86","15","2","afexe_bitgen_20260919"
"RMUX49@16,10->RMUX7@17,10","RMUX49(-1,+0)->RMUX7","17","2","afexe_bitgen_20260919"
"RMUX51@16,10->RMUX15@16,10","RMUX51(+0,+0)->RMUX15","16","2","afexe_bitgen_20260919"
"RMUX55@16,10->RMUX24@16,8","RMUX55(+0,+2)->RMUX24","16","2","afexe_bitgen_20260919"
"RMUX55@16,10->RMUX31@16,9","RMUX55(+0,+1)->RMUX31","16","2","afexe_bitgen_20260919"
"RMUX57@16,10->RMUX45@16,10","RMUX57(+0,+0)->RMUX45","16","2","afexe_bitgen_20260919"
"RMUX57@16,10->RMUX34@16,11","RMUX57(+0,-1)->RMUX34","16","2","afexe_bitgen_20260919"
"RMUX57@16,10->RMUX38@16,11","RMUX57(+0,-1)->RMUX38","16","2","afexe_bitgen_20260919"
"RMUX67@16,10->RMUX72@16,10","RMUX67(+0,+0)->RMUX72","16","2","afexe_bitgen_20260919"
"RMUX67@16,10->RMUX94@16,11","RMUX67(+0,-1)->RMUX94","16","2","afexe_bitgen_20260919"
"RMUX68@16,10->RMUX80@15,10","RMUX68(+1,+0)->RMUX80","15","2","afexe_bitgen_20260919"
"RMUX68@16,10->RMUX85@15,10","RMUX68(+1,+0)->RMUX85","15","2","afexe_bitgen_20260919"
"RMUX69@16,10->RMUX93@16,9","RMUX69(+0,+1)->RMUX93","16","2","afexe_bitgen_20260919"
"RMUX73@16,10->RMUX1@16,10","RMUX73(+0,+0)->RMUX1","16","2","afexe_bitgen_20260919"
"RMUX73@16,10->RMUX0@16,12","RMUX73(+0,-2)->RMUX0","16","2","afexe_bitgen_20260919"
"RMUX75@16,10->RMUX10@16,9","RMUX75(+0,+1)->RMUX10","16","2","afexe_bitgen_20260919"
"RMUX80@16,10->RMUX26@16,12","RMUX80(+0,-2)->RMUX26","16","2","afexe_bitgen_20260919"
"RMUX86@16,10->RMUX50@17,10","RMUX86(-1,+0)->RMUX50","17","2","afexe_bitgen_20260919"
"RMUX91@16,10->RMUX72@15,10","RMUX91(+1,+0)->RMUX72","15","2","afexe_bitgen_20260919"
"RMUX91@16,10->RMUX89@15,10","RMUX91(+1,+0)->RMUX89","15","2","afexe_bitgen_20260919"
"RMUX92@16,10->RMUX81@16,10","RMUX92(+0,+0)->RMUX81","16","2","afexe_bitgen_20260919"
"RMUX3@16,11->RMUX15@16,11","RMUX3(+0,+0)->RMUX15","16","2","afexe_bitgen_20260919"
"RMUX7@16,11->RMUX25@16,11","RMUX7(+0,+0)->RMUX25","16","2","afexe_bitgen_20260919"
"RMUX8@16,11->RMUX26@15,11","RMUX8(+1,+0)->RMUX26","15","2","afexe_bitgen_20260919"
"RMUX8@16,11->RMUX33@15,11","RMUX8(+1,+0)->RMUX33","15","2","afexe_bitgen_20260919"
"RMUX14@16,11->RMUX61@16,12","RMUX14(+0,-1)->RMUX61","16","2","afexe_bitgen_20260919"
"RMUX15@16,11->RMUX63@15,11","RMUX15(+1,+0)->RMUX63","15","2","afexe_bitgen_20260919"
"RMUX25@16,11->RMUX0@16,8","RMUX25(+0,+3)->RMUX0","16","2","afexe_bitgen_20260919"
"RMUX27@16,11->RMUX4@16,12","RMUX27(+0,-1)->RMUX4","16","2","afexe_bitgen_20260919"
"RMUX27@16,11->RMUX11@16,12","RMUX27(+0,-1)->RMUX11","16","2","afexe_bitgen_20260919"
"RMUX27@16,11->RMUX15@16,12","RMUX27(+0,-1)->RMUX15","16","2","afexe_bitgen_20260919"
"RMUX32@16,11->RMUX33@16,9","RMUX32(+0,+2)->RMUX33","16","2","afexe_bitgen_20260919"
"RMUX33@16,11->RMUX45@16,11","RMUX33(+0,+0)->RMUX45","16","2","afexe_bitgen_20260919"
"RMUX38@16,11->RMUX50@15,11","RMUX38(+1,+0)->RMUX50","15","2","afexe_bitgen_20260919"
"RMUX44@16,11->RMUX85@16,11","RMUX44(+0,+0)->RMUX85","16","2","afexe_bitgen_20260919"
"RMUX45@16,11->RMUX86@15,11","RMUX45(+1,+0)->RMUX86","15","2","afexe_bitgen_20260919"
"RMUX49@16,11->RMUX7@17,11","RMUX49(-1,+0)->RMUX7","17","2","afexe_bitgen_20260919"
"RMUX51@16,11->RMUX15@16,11","RMUX51(+0,+0)->RMUX15","16","2","afexe_bitgen_20260919"
"RMUX55@16,11->RMUX24@16,9","RMUX55(+0,+2)->RMUX24","16","2","afexe_bitgen_20260919"
"RMUX57@16,11->RMUX45@16,11","RMUX57(+0,+0)->RMUX45","16","2","afexe_bitgen_20260919"
"RMUX57@16,11->RMUX34@16,12","RMUX57(+0,-1)->RMUX34","16","2","afexe_bitgen_20260919"
"RMUX57@16,11->RMUX38@16,12","RMUX57(+0,-1)->RMUX38","16","2","afexe_bitgen_20260919"
"RMUX67@16,11->RMUX72@16,11","RMUX67(+0,+0)->RMUX72","16","2","afexe_bitgen_20260919"
"RMUX67@16,11->RMUX94@16,12","RMUX67(+0,-1)->RMUX94","16","2","afexe_bitgen_20260919"
"RMUX68@16,11->RMUX80@15,11","RMUX68(+1,+0)->RMUX80","15","2","afexe_bitgen_20260919"
"RMUX68@16,11->RMUX85@15,11","RMUX68(+1,+0)->RMUX85","15","2","afexe_bitgen_20260919"
"RMUX73@16,11->RMUX1@16,11","RMUX73(+0,+0)->RMUX1","16","2","afexe_bitgen_20260919"
"RMUX86@16,11->RMUX50@17,11","RMUX86(-1,+0)->RMUX50","17","2","afexe_bitgen_20260919"
"RMUX91@16,11->RMUX72@15,11","RMUX91(+1,+0)->RMUX72","15","2","afexe_bitgen_20260919"
"RMUX91@16,11->RMUX89@15,11","RMUX91(+1,+0)->RMUX89","15","2","afexe_bitgen_20260919"
"RMUX2@16,12->RMUX18@16,11","RMUX2(+0,+1)->RMUX18","16","2","afexe_bitgen_20260919"
"RMUX3@16,12->RMUX15@16,12","RMUX3(+0,+0)->RMUX15","16","2","afexe_bitgen_20260919"
"RMUX3@16,12->RMUX21@16,12","RMUX3(+0,+0)->RMUX21","16","2","afexe_bitgen_20260919"
"RMUX7@16,12->RMUX25@16,12","RMUX7(+0,+0)->RMUX25","16","2","afexe_bitgen_20260919"
"RMUX8@16,12->RMUX26@15,12","RMUX8(+1,+0)->RMUX26","15","2","afexe_bitgen_20260919"
"RMUX8@16,12->RMUX27@15,12","RMUX8(+1,+0)->RMUX27","15","2","afexe_bitgen_20260919"
"RMUX8@16,12->RMUX33@15,12","RMUX8(+1,+0)->RMUX33","15","2","afexe_bitgen_20260919"
"RMUX15@16,12->RMUX63@15,12","RMUX15(+1,+0)->RMUX63","15","2","afexe_bitgen_20260919"
"RMUX19@16,12->RMUX88@16,11","RMUX19(+0,+1)->RMUX88","16","2","afexe_bitgen_20260919"
"RMUX19@16,12->RMUX89@16,11","RMUX19(+0,+1)->RMUX89","16","2","afexe_bitgen_20260919"
"RMUX19@16,12->RMUX95@16,11","RMUX19(+0,+1)->RMUX95","16","2","afexe_bitgen_20260919"
"RMUX25@16,12->RMUX0@16,9","RMUX25(+0,+3)->RMUX0","16","2","afexe_bitgen_20260919"
"RMUX25@16,12->RMUX0@16,12","RMUX25(+0,+0)->RMUX0","16","2","afexe_bitgen_20260919"
"RMUX25@16,12->RMUX1@16,12","RMUX25(+0,+0)->RMUX1","16","2","afexe_bitgen_20260919"
"RMUX32@16,12->RMUX33@16,10","RMUX32(+0,+2)->RMUX33","16","2","afexe_bitgen_20260919"
"RMUX33@16,12->RMUX45@16,12","RMUX33(+0,+0)->RMUX45","16","2","afexe_bitgen_20260919"
"RMUX38@16,12->RMUX50@15,12","RMUX38(+1,+0)->RMUX50","15","2","afexe_bitgen_20260919"
"RMUX39@16,12->RMUX52@16,11","RMUX39(+0,+1)->RMUX52","16","2","afexe_bitgen_20260919"
"RMUX39@16,12->RMUX53@16,11","RMUX39(+0,+1)->RMUX53","16","2","afexe_bitgen_20260919"
"RMUX39@16,12->RMUX58@16,11","RMUX39(+0,+1)->RMUX58","16","2","afexe_bitgen_20260919"
"RMUX44@16,12->RMUX85@16,12","RMUX44(+0,+0)->RMUX85","16","2","afexe_bitgen_20260919"
"RMUX45@16,12->RMUX86@15,12","RMUX45(+1,+0)->RMUX86","15","2","afexe_bitgen_20260919"
"RMUX49@16,12->RMUX7@17,12","RMUX49(-1,+0)->RMUX7","17","2","afexe_bitgen_20260919"
"RMUX51@16,12->RMUX15@16,12","RMUX51(+0,+0)->RMUX15","16","2","afexe_bitgen_20260919"
"RMUX55@16,12->RMUX24@16,10","RMUX55(+0,+2)->RMUX24","16","2","afexe_bitgen_20260919"
"RMUX55@16,12->RMUX31@16,11","RMUX55(+0,+1)->RMUX31","16","2","afexe_bitgen_20260919"
"RMUX57@16,12->RMUX45@16,12","RMUX57(+0,+0)->RMUX45","16","2","afexe_bitgen_20260919"
"RMUX67@16,12->RMUX72@16,12","RMUX67(+0,+0)->RMUX72","16","2","afexe_bitgen_20260919"
"RMUX68@16,12->RMUX80@15,12","RMUX68(+1,+0)->RMUX80","15","2","afexe_bitgen_20260919"
"RMUX68@16,12->RMUX85@15,12","RMUX68(+1,+0)->RMUX85","15","2","afexe_bitgen_20260919"
"RMUX69@16,12->RMUX93@16,11","RMUX69(+0,+1)->RMUX93","16","2","afexe_bitgen_20260919"
"RMUX73@16,12->RMUX1@16,12","RMUX73(+0,+0)->RMUX1","16","2","afexe_bitgen_20260919"
"RMUX75@16,12->RMUX10@16,11","RMUX75(+0,+1)->RMUX10","16","2","afexe_bitgen_20260919"
"RMUX86@16,12->RMUX50@17,12","RMUX86(-1,+0)->RMUX50","17","2","afexe_bitgen_20260919"
"RMUX91@16,12->RMUX72@15,12","RMUX91(+1,+0)->RMUX72","15","2","afexe_bitgen_20260919"
"RMUX91@16,12->RMUX89@15,12","RMUX91(+1,+0)->RMUX89","15","2","afexe_bitgen_20260919"
"RMUX92@16,12->RMUX81@16,12","RMUX92(+0,+0)->RMUX81","16","2","afexe_bitgen_20260919"
"RMUX3@17,1->RMUX15@17,1","RMUX3(+0,+0)->RMUX15","17","2","afexe_bitgen_20260919"
"RMUX3@17,1->RMUX21@17,1","RMUX3(+0,+0)->RMUX21","17","2","afexe_bitgen_20260919"
"RMUX8@17,1->RMUX27@16,1","RMUX8(+1,+0)->RMUX27","16","2","afexe_bitgen_20260919"
"RMUX8@17,1->RMUX33@16,1","RMUX8(+1,+0)->RMUX33","16","2","afexe_bitgen_20260919"
"RMUX8@17,1->RMUX37@16,1","RMUX8(+1,+0)->RMUX37","16","2","afexe_bitgen_20260919"
"RMUX9@17,1->RMUX38@17,1","RMUX9(+0,+0)->RMUX38","17","2","afexe_bitgen_20260919"
"RMUX14@17,1->RMUX61@17,2","RMUX14(+0,-1)->RMUX61","17","2","afexe_bitgen_20260919"
"RMUX15@17,1->RMUX63@16,1","RMUX15(+1,+0)->RMUX63","16","2","afexe_bitgen_20260919"
"RMUX25@17,1->RMUX0@17,1","RMUX25(+0,+0)->RMUX0","17","2","afexe_bitgen_20260919"
"RMUX25@17,1->RMUX1@17,1","RMUX25(+0,+0)->RMUX1","17","2","afexe_bitgen_20260919"
"RMUX27@17,1->RMUX4@17,2","RMUX27(+0,-1)->RMUX4","17","2","afexe_bitgen_20260919"
"RMUX27@17,1->RMUX11@17,2","RMUX27(+0,-1)->RMUX11","17","2","afexe_bitgen_20260919"
"RMUX27@17,1->RMUX15@17,2","RMUX27(+0,-1)->RMUX15","17","2","afexe_bitgen_20260919"
"RMUX33@17,1->RMUX45@17,1","RMUX33(+0,+0)->RMUX45","17","2","afexe_bitgen_20260919"
"RMUX38@17,1->RMUX50@16,1","RMUX38(+1,+0)->RMUX50","16","2","afexe_bitgen_20260919"
"RMUX44@17,1->RMUX85@17,1","RMUX44(+0,+0)->RMUX85","17","2","afexe_bitgen_20260919"
"RMUX45@17,1->RMUX86@16,1","RMUX45(+1,+0)->RMUX86","16","2","afexe_bitgen_20260919"
"RMUX49@17,1->RMUX7@18,1","RMUX49(-1,+0)->RMUX7","18","2","afexe_bitgen_20260919"
"RMUX51@17,1->RMUX15@17,1","RMUX51(+0,+0)->RMUX15","17","2","afexe_bitgen_20260919"
"RMUX57@17,1->RMUX45@17,1","RMUX57(+0,+0)->RMUX45","17","2","afexe_bitgen_20260919"
"RMUX57@17,1->RMUX34@17,2","RMUX57(+0,-1)->RMUX34","17","2","afexe_bitgen_20260919"
"RMUX57@17,1->RMUX38@17,2","RMUX57(+0,-1)->RMUX38","17","2","afexe_bitgen_20260919"
"RMUX67@17,1->RMUX72@17,1","RMUX67(+0,+0)->RMUX72","17","2","afexe_bitgen_20260919"
"RMUX67@17,1->RMUX94@17,2","RMUX67(+0,-1)->RMUX94","17","2","afexe_bitgen_20260919"
"RMUX68@17,1->RMUX80@16,1","RMUX68(+1,+0)->RMUX80","16","2","afexe_bitgen_20260919"
"RMUX68@17,1->RMUX85@16,1","RMUX68(+1,+0)->RMUX85","16","2","afexe_bitgen_20260919"
"RMUX73@17,1->RMUX1@17,1","RMUX73(+0,+0)->RMUX1","17","2","afexe_bitgen_20260919"
"RMUX73@17,1->RMUX0@17,3","RMUX73(+0,-2)->RMUX0","17","2","afexe_bitgen_20260919"
"RMUX80@17,1->RMUX26@17,3","RMUX80(+0,-2)->RMUX26","17","2","afexe_bitgen_20260919"
"RMUX86@17,1->RMUX50@18,1","RMUX86(-1,+0)->RMUX50","18","2","afexe_bitgen_20260919"
"RMUX91@17,1->RMUX72@16,1","RMUX91(+1,+0)->RMUX72","16","2","afexe_bitgen_20260919"
"RMUX91@17,1->RMUX89@16,1","RMUX91(+1,+0)->RMUX89","16","2","afexe_bitgen_20260919"
"RMUX92@17,1->RMUX81@17,1","RMUX92(+0,+0)->RMUX81","17","2","afexe_bitgen_20260919"
"RMUX2@17,2->RMUX18@17,1","RMUX2(+0,+1)->RMUX18","17","2","afexe_bitgen_20260919"
"RMUX3@17,2->RMUX15@17,2","RMUX3(+0,+0)->RMUX15","17","2","afexe_bitgen_20260919"
"RMUX3@17,2->RMUX21@17,2","RMUX3(+0,+0)->RMUX21","17","2","afexe_bitgen_20260919"
"RMUX8@17,2->RMUX26@16,2","RMUX8(+1,+0)->RMUX26","16","2","afexe_bitgen_20260919"
"RMUX8@17,2->RMUX27@16,2","RMUX8(+1,+0)->RMUX27","16","2","afexe_bitgen_20260919"
"RMUX8@17,2->RMUX33@16,2","RMUX8(+1,+0)->RMUX33","16","2","afexe_bitgen_20260919"
"RMUX8@17,2->RMUX37@16,2","RMUX8(+1,+0)->RMUX37","16","2","afexe_bitgen_20260919"
"RMUX9@17,2->RMUX38@17,1","RMUX9(+0,+1)->RMUX38","17","2","afexe_bitgen_20260919"
"RMUX9@17,2->RMUX38@17,2","RMUX9(+0,+0)->RMUX38","17","2","afexe_bitgen_20260919"
"RMUX15@17,2->RMUX63@16,2","RMUX15(+1,+0)->RMUX63","16","2","afexe_bitgen_20260919"
"RMUX19@17,2->RMUX88@17,1","RMUX19(+0,+1)->RMUX88","17","2","afexe_bitgen_20260919"
"RMUX19@17,2->RMUX89@17,1","RMUX19(+0,+1)->RMUX89","17","2","afexe_bitgen_20260919"
"RMUX19@17,2->RMUX95@17,1","RMUX19(+0,+1)->RMUX95","17","2","afexe_bitgen_20260919"
"RMUX25@17,2->RMUX0@17,2","RMUX25(+0,+0)->RMUX0","17","2","afexe_bitgen_20260919"
"RMUX25@17,2->RMUX1@17,2","RMUX25(+0,+0)->RMUX1","17","2","afexe_bitgen_20260919"
"RMUX33@17,2->RMUX45@17,2","RMUX33(+0,+0)->RMUX45","17","2","afexe_bitgen_20260919"
"RMUX37@17,2->RMUX48@17,4","RMUX37(+0,-2)->RMUX48","17","2","afexe_bitgen_20260919"
"RMUX38@17,2->RMUX50@16,2","RMUX38(+1,+0)->RMUX50","16","2","afexe_bitgen_20260919"
"RMUX39@17,2->RMUX52@17,1","RMUX39(+0,+1)->RMUX52","17","2","afexe_bitgen_20260919"
"RMUX39@17,2->RMUX53@17,1","RMUX39(+0,+1)->RMUX53","17","2","afexe_bitgen_20260919"
"RMUX39@17,2->RMUX58@17,1","RMUX39(+0,+1)->RMUX58","17","2","afexe_bitgen_20260919"
"RMUX45@17,2->RMUX86@16,2","RMUX45(+1,+0)->RMUX86","16","2","afexe_bitgen_20260919"
"RMUX49@17,2->RMUX7@18,2","RMUX49(-1,+0)->RMUX7","18","2","afexe_bitgen_20260919"
"RMUX51@17,2->RMUX15@17,2","RMUX51(+0,+0)->RMUX15","17","2","afexe_bitgen_20260919"
"RMUX55@17,2->RMUX31@17,1","RMUX55(+0,+1)->RMUX31","17","2","afexe_bitgen_20260919"
"RMUX68@17,2->RMUX80@16,2","RMUX68(+1,+0)->RMUX80","16","2","afexe_bitgen_20260919"
"RMUX68@17,2->RMUX85@16,2","RMUX68(+1,+0)->RMUX85","16","2","afexe_bitgen_20260919"
"RMUX69@17,2->RMUX93@17,1","RMUX69(+0,+1)->RMUX93","17","2","afexe_bitgen_20260919"
"RMUX73@17,2->RMUX0@17,4","RMUX73(+0,-2)->RMUX0","17","2","afexe_bitgen_20260919"
"RMUX75@17,2->RMUX10@17,1","RMUX75(+0,+1)->RMUX10","17","2","afexe_bitgen_20260919"
"RMUX80@17,2->RMUX26@17,4","RMUX80(+0,-2)->RMUX26","17","2","afexe_bitgen_20260919"
"RMUX86@17,2->RMUX50@18,2","RMUX86(-1,+0)->RMUX50","18","2","afexe_bitgen_20260919"
"RMUX91@17,2->RMUX72@16,2","RMUX91(+1,+0)->RMUX72","16","2","afexe_bitgen_20260919"
"RMUX91@17,2->RMUX89@16,2","RMUX91(+1,+0)->RMUX89","16","2","afexe_bitgen_20260919"
"RMUX92@17,2->RMUX81@17,2","RMUX92(+0,+0)->RMUX81","17","2","afexe_bitgen_20260919"
"RMUX2@17,3->RMUX18@17,2","RMUX2(+0,+1)->RMUX18","17","2","afexe_bitgen_20260919"
"RMUX3@17,3->RMUX15@17,3","RMUX3(+0,+0)->RMUX15","17","2","afexe_bitgen_20260919"
"RMUX3@17,3->RMUX21@17,3","RMUX3(+0,+0)->RMUX21","17","2","afexe_bitgen_20260919"
"RMUX7@17,3->RMUX25@17,3","RMUX7(+0,+0)->RMUX25","17","2","afexe_bitgen_20260919"
"RMUX8@17,3->RMUX26@16,3","RMUX8(+1,+0)->RMUX26","16","2","afexe_bitgen_20260919"
"RMUX8@17,3->RMUX27@16,3","RMUX8(+1,+0)->RMUX27","16","2","afexe_bitgen_20260919"
"RMUX8@17,3->RMUX33@16,3","RMUX8(+1,+0)->RMUX33","16","2","afexe_bitgen_20260919"
"RMUX8@17,3->RMUX37@16,3","RMUX8(+1,+0)->RMUX37","16","2","afexe_bitgen_20260919"
"RMUX9@17,3->RMUX38@17,2","RMUX9(+0,+1)->RMUX38","17","2","afexe_bitgen_20260919"
"RMUX9@17,3->RMUX38@17,3","RMUX9(+0,+0)->RMUX38","17","2","afexe_bitgen_20260919"
"RMUX14@17,3->RMUX61@17,4","RMUX14(+0,-1)->RMUX61","17","2","afexe_bitgen_20260919"
"RMUX15@17,3->RMUX63@16,3","RMUX15(+1,+0)->RMUX63","16","2","afexe_bitgen_20260919"
"RMUX19@17,3->RMUX88@17,2","RMUX19(+0,+1)->RMUX88","17","2","afexe_bitgen_20260919"
"RMUX19@17,3->RMUX89@17,2","RMUX19(+0,+1)->RMUX89","17","2","afexe_bitgen_20260919"
"RMUX19@17,3->RMUX95@17,2","RMUX19(+0,+1)->RMUX95","17","2","afexe_bitgen_20260919"
"RMUX25@17,3->RMUX0@17,3","RMUX25(+0,+0)->RMUX0","17","2","afexe_bitgen_20260919"
"RMUX25@17,3->RMUX1@17,3","RMUX25(+0,+0)->RMUX1","17","2","afexe_bitgen_20260919"
"RMUX27@17,3->RMUX4@17,4","RMUX27(+0,-1)->RMUX4","17","2","afexe_bitgen_20260919"
"RMUX27@17,3->RMUX11@17,4","RMUX27(+0,-1)->RMUX11","17","2","afexe_bitgen_20260919"
"RMUX27@17,3->RMUX15@17,4","RMUX27(+0,-1)->RMUX15","17","2","afexe_bitgen_20260919"
"RMUX32@17,3->RMUX33@17,1","RMUX32(+0,+2)->RMUX33","17","2","afexe_bitgen_20260919"
"RMUX37@17,3->RMUX48@17,5","RMUX37(+0,-2)->RMUX48","17","2","afexe_bitgen_20260919"
"RMUX38@17,3->RMUX50@16,3","RMUX38(+1,+0)->RMUX50","16","2","afexe_bitgen_20260919"
"RMUX39@17,3->RMUX52@17,2","RMUX39(+0,+1)->RMUX52","17","2","afexe_bitgen_20260919"
"RMUX39@17,3->RMUX53@17,2","RMUX39(+0,+1)->RMUX53","17","2","afexe_bitgen_20260919"
"RMUX39@17,3->RMUX58@17,2","RMUX39(+0,+1)->RMUX58","17","2","afexe_bitgen_20260919"
"RMUX44@17,3->RMUX85@17,3","RMUX44(+0,+0)->RMUX85","17","2","afexe_bitgen_20260919"
"RMUX45@17,3->RMUX86@16,3","RMUX45(+1,+0)->RMUX86","16","2","afexe_bitgen_20260919"
"RMUX49@17,3->RMUX7@18,3","RMUX49(-1,+0)->RMUX7","18","2","afexe_bitgen_20260919"
"RMUX51@17,3->RMUX15@17,3","RMUX51(+0,+0)->RMUX15","17","2","afexe_bitgen_20260919"
"RMUX55@17,3->RMUX24@17,1","RMUX55(+0,+2)->RMUX24","17","2","afexe_bitgen_20260919"
"RMUX55@17,3->RMUX31@17,2","RMUX55(+0,+1)->RMUX31","17","2","afexe_bitgen_20260919"
"RMUX57@17,3->RMUX45@17,3","RMUX57(+0,+0)->RMUX45","17","2","afexe_bitgen_20260919"
"RMUX57@17,3->RMUX34@17,4","RMUX57(+0,-1)->RMUX34","17","2","afexe_bitgen_20260919"
"RMUX57@17,3->RMUX38@17,4","RMUX57(+0,-1)->RMUX38","17","2","afexe_bitgen_20260919"
"RMUX67@17,3->RMUX72@17,3","RMUX67(+0,+0)->RMUX72","17","2","afexe_bitgen_20260919"
"RMUX67@17,3->RMUX94@17,4","RMUX67(+0,-1)->RMUX94","17","2","afexe_bitgen_20260919"
"RMUX68@17,3->RMUX80@16,3","RMUX68(+1,+0)->RMUX80","16","2","afexe_bitgen_20260919"
"RMUX68@17,3->RMUX85@16,3","RMUX68(+1,+0)->RMUX85","16","2","afexe_bitgen_20260919"
"RMUX69@17,3->RMUX93@17,2","RMUX69(+0,+1)->RMUX93","17","2","afexe_bitgen_20260919"
"RMUX73@17,3->RMUX1@17,3","RMUX73(+0,+0)->RMUX1","17","2","afexe_bitgen_20260919"
"RMUX73@17,3->RMUX0@17,5","RMUX73(+0,-2)->RMUX0","17","2","afexe_bitgen_20260919"
"RMUX75@17,3->RMUX10@17,2","RMUX75(+0,+1)->RMUX10","17","2","afexe_bitgen_20260919"
"RMUX80@17,3->RMUX26@17,5","RMUX80(+0,-2)->RMUX26","17","2","afexe_bitgen_20260919"
"RMUX91@17,3->RMUX72@16,3","RMUX91(+1,+0)->RMUX72","16","2","afexe_bitgen_20260919"
"RMUX91@17,3->RMUX89@16,3","RMUX91(+1,+0)->RMUX89","16","2","afexe_bitgen_20260919"
"RMUX92@17,3->RMUX81@17,3","RMUX92(+0,+0)->RMUX81","17","2","afexe_bitgen_20260919"
"RMUX2@17,4->RMUX18@17,3","RMUX2(+0,+1)->RMUX18","17","2","afexe_bitgen_20260919"
"RMUX7@17,4->RMUX25@17,4","RMUX7(+0,+0)->RMUX25","17","2","afexe_bitgen_20260919"
"RMUX8@17,4->RMUX26@16,4","RMUX8(+1,+0)->RMUX26","16","2","afexe_bitgen_20260919"
"RMUX8@17,4->RMUX27@16,4","RMUX8(+1,+0)->RMUX27","16","2","afexe_bitgen_20260919"
"RMUX8@17,4->RMUX33@16,4","RMUX8(+1,+0)->RMUX33","16","2","afexe_bitgen_20260919"
"RMUX8@17,4->RMUX37@16,4","RMUX8(+1,+0)->RMUX37","16","2","afexe_bitgen_20260919"
"RMUX9@17,4->RMUX38@17,3","RMUX9(+0,+1)->RMUX38","17","2","afexe_bitgen_20260919"
"RMUX14@17,4->RMUX61@17,5","RMUX14(+0,-1)->RMUX61","17","2","afexe_bitgen_20260919"
"RMUX15@17,4->RMUX63@16,4","RMUX15(+1,+0)->RMUX63","16","2","afexe_bitgen_20260919"
"RMUX19@17,4->RMUX88@17,3","RMUX19(+0,+1)->RMUX88","17","2","afexe_bitgen_20260919"
"RMUX19@17,4->RMUX95@17,3","RMUX19(+0,+1)->RMUX95","17","2","afexe_bitgen_20260919"
"RMUX25@17,4->RMUX0@17,1","RMUX25(+0,+3)->RMUX0","17","2","afexe_bitgen_20260919"
"RMUX25@17,4->RMUX0@17,4","RMUX25(+0,+0)->RMUX0","17","2","afexe_bitgen_20260919"
"RMUX25@17,4->RMUX1@17,4","RMUX25(+0,+0)->RMUX1","17","2","afexe_bitgen_20260919"
"RMUX27@17,4->RMUX4@17,5","RMUX27(+0,-1)->RMUX4","17","2","afexe_bitgen_20260919"
"RMUX27@17,4->RMUX11@17,5","RMUX27(+0,-1)->RMUX11","17","2","afexe_bitgen_20260919"
"RMUX27@17,4->RMUX15@17,5","RMUX27(+0,-1)->RMUX15","17","2","afexe_bitgen_20260919"
"RMUX32@17,4->RMUX33@17,2","RMUX32(+0,+2)->RMUX33","17","2","afexe_bitgen_20260919"
"RMUX33@17,4->RMUX45@17,4","RMUX33(+0,+0)->RMUX45","17","2","afexe_bitgen_20260919"
"RMUX37@17,4->RMUX48@17,6","RMUX37(+0,-2)->RMUX48","17","2","afexe_bitgen_20260919"
"RMUX38@17,4->RMUX50@16,4","RMUX38(+1,+0)->RMUX50","16","2","afexe_bitgen_20260919"
"RMUX39@17,4->RMUX52@17,3","RMUX39(+0,+1)->RMUX52","17","2","afexe_bitgen_20260919"
"RMUX39@17,4->RMUX53@17,3","RMUX39(+0,+1)->RMUX53","17","2","afexe_bitgen_20260919"
"RMUX39@17,4->RMUX58@17,3","RMUX39(+0,+1)->RMUX58","17","2","afexe_bitgen_20260919"
"RMUX44@17,4->RMUX85@17,4","RMUX44(+0,+0)->RMUX85","17","2","afexe_bitgen_20260919"
"RMUX45@17,4->RMUX86@16,4","RMUX45(+1,+0)->RMUX86","16","2","afexe_bitgen_20260919"
"RMUX49@17,4->RMUX7@18,4","RMUX49(-1,+0)->RMUX7","18","2","afexe_bitgen_20260919"
"RMUX51@17,4->RMUX15@17,4","RMUX51(+0,+0)->RMUX15","17","2","afexe_bitgen_20260919"
"RMUX55@17,4->RMUX24@17,2","RMUX55(+0,+2)->RMUX24","17","2","afexe_bitgen_20260919"
"RMUX55@17,4->RMUX31@17,3","RMUX55(+0,+1)->RMUX31","17","2","afexe_bitgen_20260919"
"RMUX57@17,4->RMUX45@17,4","RMUX57(+0,+0)->RMUX45","17","2","afexe_bitgen_20260919"
"RMUX57@17,4->RMUX34@17,5","RMUX57(+0,-1)->RMUX34","17","2","afexe_bitgen_20260919"
"RMUX57@17,4->RMUX38@17,5","RMUX57(+0,-1)->RMUX38","17","2","afexe_bitgen_20260919"
"RMUX67@17,4->RMUX72@17,4","RMUX67(+0,+0)->RMUX72","17","2","afexe_bitgen_20260919"
"RMUX67@17,4->RMUX94@17,5","RMUX67(+0,-1)->RMUX94","17","2","afexe_bitgen_20260919"
"RMUX68@17,4->RMUX80@16,4","RMUX68(+1,+0)->RMUX80","16","2","afexe_bitgen_20260919"
"RMUX68@17,4->RMUX85@16,4","RMUX68(+1,+0)->RMUX85","16","2","afexe_bitgen_20260919"
"RMUX69@17,4->RMUX93@17,3","RMUX69(+0,+1)->RMUX93","17","2","afexe_bitgen_20260919"
"RMUX73@17,4->RMUX1@17,4","RMUX73(+0,+0)->RMUX1","17","2","afexe_bitgen_20260919"
"RMUX73@17,4->RMUX0@17,6","RMUX73(+0,-2)->RMUX0","17","2","afexe_bitgen_20260919"
"RMUX75@17,4->RMUX10@17,3","RMUX75(+0,+1)->RMUX10","17","2","afexe_bitgen_20260919"
"RMUX80@17,4->RMUX26@17,6","RMUX80(+0,-2)->RMUX26","17","2","afexe_bitgen_20260919"
"RMUX86@17,4->RMUX50@18,4","RMUX86(-1,+0)->RMUX50","18","2","afexe_bitgen_20260919"
"RMUX91@17,4->RMUX72@16,4","RMUX91(+1,+0)->RMUX72","16","2","afexe_bitgen_20260919"
"RMUX91@17,4->RMUX89@16,4","RMUX91(+1,+0)->RMUX89","16","2","afexe_bitgen_20260919"
"RMUX92@17,4->RMUX81@17,4","RMUX92(+0,+0)->RMUX81","17","2","afexe_bitgen_20260919"
"RMUX2@17,5->RMUX18@17,4","RMUX2(+0,+1)->RMUX18","17","2","afexe_bitgen_20260919"
"RMUX7@17,5->RMUX25@17,5","RMUX7(+0,+0)->RMUX25","17","2","afexe_bitgen_20260919"
"RMUX8@17,5->RMUX26@16,5","RMUX8(+1,+0)->RMUX26","16","2","afexe_bitgen_20260919"
"RMUX8@17,5->RMUX27@16,5","RMUX8(+1,+0)->RMUX27","16","2","afexe_bitgen_20260919"
"RMUX8@17,5->RMUX33@16,5","RMUX8(+1,+0)->RMUX33","16","2","afexe_bitgen_20260919"
"RMUX8@17,5->RMUX37@16,5","RMUX8(+1,+0)->RMUX37","16","2","afexe_bitgen_20260919"
"RMUX9@17,5->RMUX38@17,4","RMUX9(+0,+1)->RMUX38","17","2","afexe_bitgen_20260919"
"RMUX9@17,5->RMUX38@17,5","RMUX9(+0,+0)->RMUX38","17","2","afexe_bitgen_20260919"
"RMUX14@17,5->RMUX61@17,6","RMUX14(+0,-1)->RMUX61","17","2","afexe_bitgen_20260919"
"RMUX15@17,5->RMUX63@16,5","RMUX15(+1,+0)->RMUX63","16","2","afexe_bitgen_20260919"
"RMUX19@17,5->RMUX88@17,4","RMUX19(+0,+1)->RMUX88","17","2","afexe_bitgen_20260919"
"RMUX19@17,5->RMUX89@17,4","RMUX19(+0,+1)->RMUX89","17","2","afexe_bitgen_20260919"
"RMUX19@17,5->RMUX95@17,4","RMUX19(+0,+1)->RMUX95","17","2","afexe_bitgen_20260919"
"RMUX25@17,5->RMUX0@17,2","RMUX25(+0,+3)->RMUX0","17","2","afexe_bitgen_20260919"
"RMUX25@17,5->RMUX0@17,5","RMUX25(+0,+0)->RMUX0","17","2","afexe_bitgen_20260919"
"RMUX25@17,5->RMUX1@17,5","RMUX25(+0,+0)->RMUX1","17","2","afexe_bitgen_20260919"
"RMUX27@17,5->RMUX4@17,6","RMUX27(+0,-1)->RMUX4","17","2","afexe_bitgen_20260919"
"RMUX27@17,5->RMUX11@17,6","RMUX27(+0,-1)->RMUX11","17","2","afexe_bitgen_20260919"
"RMUX27@17,5->RMUX15@17,6","RMUX27(+0,-1)->RMUX15","17","2","afexe_bitgen_20260919"
"RMUX32@17,5->RMUX33@17,3","RMUX32(+0,+2)->RMUX33","17","2","afexe_bitgen_20260919"
"RMUX33@17,5->RMUX45@17,5","RMUX33(+0,+0)->RMUX45","17","2","afexe_bitgen_20260919"
"RMUX37@17,5->RMUX48@17,7","RMUX37(+0,-2)->RMUX48","17","2","afexe_bitgen_20260919"
"RMUX38@17,5->RMUX50@16,5","RMUX38(+1,+0)->RMUX50","16","2","afexe_bitgen_20260919"
"RMUX39@17,5->RMUX52@17,4","RMUX39(+0,+1)->RMUX52","17","2","afexe_bitgen_20260919"
"RMUX39@17,5->RMUX53@17,4","RMUX39(+0,+1)->RMUX53","17","2","afexe_bitgen_20260919"
"RMUX39@17,5->RMUX58@17,4","RMUX39(+0,+1)->RMUX58","17","2","afexe_bitgen_20260919"
"RMUX44@17,5->RMUX85@17,5","RMUX44(+0,+0)->RMUX85","17","2","afexe_bitgen_20260919"
"RMUX45@17,5->RMUX86@16,5","RMUX45(+1,+0)->RMUX86","16","2","afexe_bitgen_20260919"
"RMUX49@17,5->RMUX7@18,5","RMUX49(-1,+0)->RMUX7","18","2","afexe_bitgen_20260919"
"RMUX51@17,5->RMUX15@17,5","RMUX51(+0,+0)->RMUX15","17","2","afexe_bitgen_20260919"
"RMUX55@17,5->RMUX24@17,3","RMUX55(+0,+2)->RMUX24","17","2","afexe_bitgen_20260919"
"RMUX55@17,5->RMUX31@17,4","RMUX55(+0,+1)->RMUX31","17","2","afexe_bitgen_20260919"
"RMUX57@17,5->RMUX45@17,5","RMUX57(+0,+0)->RMUX45","17","2","afexe_bitgen_20260919"
"RMUX57@17,5->RMUX34@17,6","RMUX57(+0,-1)->RMUX34","17","2","afexe_bitgen_20260919"
"RMUX57@17,5->RMUX38@17,6","RMUX57(+0,-1)->RMUX38","17","2","afexe_bitgen_20260919"
"RMUX67@17,5->RMUX72@17,5","RMUX67(+0,+0)->RMUX72","17","2","afexe_bitgen_20260919"
"RMUX67@17,5->RMUX94@17,6","RMUX67(+0,-1)->RMUX94","17","2","afexe_bitgen_20260919"
"RMUX68@17,5->RMUX80@16,5","RMUX68(+1,+0)->RMUX80","16","2","afexe_bitgen_20260919"
"RMUX68@17,5->RMUX85@16,5","RMUX68(+1,+0)->RMUX85","16","2","afexe_bitgen_20260919"
"RMUX69@17,5->RMUX93@17,4","RMUX69(+0,+1)->RMUX93","17","2","afexe_bitgen_20260919"
"RMUX73@17,5->RMUX1@17,5","RMUX73(+0,+0)->RMUX1","17","2","afexe_bitgen_20260919"
"RMUX73@17,5->RMUX0@17,7","RMUX73(+0,-2)->RMUX0","17","2","afexe_bitgen_20260919"
"RMUX75@17,5->RMUX10@17,4","RMUX75(+0,+1)->RMUX10","17","2","afexe_bitgen_20260919"
"RMUX80@17,5->RMUX26@17,7","RMUX80(+0,-2)->RMUX26","17","2","afexe_bitgen_20260919"
"RMUX86@17,5->RMUX50@18,5","RMUX86(-1,+0)->RMUX50","18","2","afexe_bitgen_20260919"
"RMUX91@17,5->RMUX72@16,5","RMUX91(+1,+0)->RMUX72","16","2","afexe_bitgen_20260919"
"RMUX91@17,5->RMUX89@16,5","RMUX91(+1,+0)->RMUX89","16","2","afexe_bitgen_20260919"
"RMUX92@17,5->RMUX81@17,5","RMUX92(+0,+0)->RMUX81","17","2","afexe_bitgen_20260919"
"RMUX2@17,6->RMUX18@17,5","RMUX2(+0,+1)->RMUX18","17","2","afexe_bitgen_20260919"
"RMUX3@17,6->RMUX15@17,6","RMUX3(+0,+0)->RMUX15","17","2","afexe_bitgen_20260919"
"RMUX3@17,6->RMUX21@17,6","RMUX3(+0,+0)->RMUX21","17","2","afexe_bitgen_20260919"
"RMUX7@17,6->RMUX25@17,6","RMUX7(+0,+0)->RMUX25","17","2","afexe_bitgen_20260919"
"RMUX8@17,6->RMUX26@16,6","RMUX8(+1,+0)->RMUX26","16","2","afexe_bitgen_20260919"
"RMUX8@17,6->RMUX27@16,6","RMUX8(+1,+0)->RMUX27","16","2","afexe_bitgen_20260919"
"RMUX8@17,6->RMUX33@16,6","RMUX8(+1,+0)->RMUX33","16","2","afexe_bitgen_20260919"
"RMUX8@17,6->RMUX37@16,6","RMUX8(+1,+0)->RMUX37","16","2","afexe_bitgen_20260919"
"RMUX9@17,6->RMUX38@17,5","RMUX9(+0,+1)->RMUX38","17","2","afexe_bitgen_20260919"
"RMUX9@17,6->RMUX38@17,6","RMUX9(+0,+0)->RMUX38","17","2","afexe_bitgen_20260919"
"RMUX14@17,6->RMUX61@17,7","RMUX14(+0,-1)->RMUX61","17","2","afexe_bitgen_20260919"
"RMUX15@17,6->RMUX63@16,6","RMUX15(+1,+0)->RMUX63","16","2","afexe_bitgen_20260919"
"RMUX19@17,6->RMUX88@17,5","RMUX19(+0,+1)->RMUX88","17","2","afexe_bitgen_20260919"
"RMUX19@17,6->RMUX89@17,5","RMUX19(+0,+1)->RMUX89","17","2","afexe_bitgen_20260919"
"RMUX19@17,6->RMUX95@17,5","RMUX19(+0,+1)->RMUX95","17","2","afexe_bitgen_20260919"
"RMUX25@17,6->RMUX0@17,3","RMUX25(+0,+3)->RMUX0","17","2","afexe_bitgen_20260919"
"RMUX25@17,6->RMUX0@17,6","RMUX25(+0,+0)->RMUX0","17","2","afexe_bitgen_20260919"
"RMUX25@17,6->RMUX1@17,6","RMUX25(+0,+0)->RMUX1","17","2","afexe_bitgen_20260919"
"RMUX27@17,6->RMUX4@17,7","RMUX27(+0,-1)->RMUX4","17","2","afexe_bitgen_20260919"
"RMUX27@17,6->RMUX11@17,7","RMUX27(+0,-1)->RMUX11","17","2","afexe_bitgen_20260919"
"RMUX27@17,6->RMUX15@17,7","RMUX27(+0,-1)->RMUX15","17","2","afexe_bitgen_20260919"
"RMUX32@17,6->RMUX33@17,4","RMUX32(+0,+2)->RMUX33","17","2","afexe_bitgen_20260919"
"RMUX33@17,6->RMUX45@17,6","RMUX33(+0,+0)->RMUX45","17","2","afexe_bitgen_20260919"
"RMUX37@17,6->RMUX48@17,8","RMUX37(+0,-2)->RMUX48","17","2","afexe_bitgen_20260919"
"RMUX38@17,6->RMUX50@16,6","RMUX38(+1,+0)->RMUX50","16","2","afexe_bitgen_20260919"
"RMUX39@17,6->RMUX52@17,5","RMUX39(+0,+1)->RMUX52","17","2","afexe_bitgen_20260919"
"RMUX39@17,6->RMUX53@17,5","RMUX39(+0,+1)->RMUX53","17","2","afexe_bitgen_20260919"
"RMUX39@17,6->RMUX58@17,5","RMUX39(+0,+1)->RMUX58","17","2","afexe_bitgen_20260919"
"RMUX44@17,6->RMUX85@17,6","RMUX44(+0,+0)->RMUX85","17","2","afexe_bitgen_20260919"
"RMUX45@17,6->RMUX86@16,6","RMUX45(+1,+0)->RMUX86","16","2","afexe_bitgen_20260919"
"RMUX49@17,6->RMUX7@18,6","RMUX49(-1,+0)->RMUX7","18","2","afexe_bitgen_20260919"
"RMUX51@17,6->RMUX15@17,6","RMUX51(+0,+0)->RMUX15","17","2","afexe_bitgen_20260919"
"RMUX55@17,6->RMUX24@17,4","RMUX55(+0,+2)->RMUX24","17","2","afexe_bitgen_20260919"
"RMUX55@17,6->RMUX31@17,5","RMUX55(+0,+1)->RMUX31","17","2","afexe_bitgen_20260919"
"RMUX57@17,6->RMUX45@17,6","RMUX57(+0,+0)->RMUX45","17","2","afexe_bitgen_20260919"
"RMUX57@17,6->RMUX34@17,7","RMUX57(+0,-1)->RMUX34","17","2","afexe_bitgen_20260919"
"RMUX57@17,6->RMUX38@17,7","RMUX57(+0,-1)->RMUX38","17","2","afexe_bitgen_20260919"
"RMUX67@17,6->RMUX72@17,6","RMUX67(+0,+0)->RMUX72","17","2","afexe_bitgen_20260919"
"RMUX67@17,6->RMUX94@17,7","RMUX67(+0,-1)->RMUX94","17","2","afexe_bitgen_20260919"
"RMUX68@17,6->RMUX80@16,6","RMUX68(+1,+0)->RMUX80","16","2","afexe_bitgen_20260919"
"RMUX68@17,6->RMUX85@16,6","RMUX68(+1,+0)->RMUX85","16","2","afexe_bitgen_20260919"
"RMUX69@17,6->RMUX93@17,5","RMUX69(+0,+1)->RMUX93","17","2","afexe_bitgen_20260919"
"RMUX73@17,6->RMUX1@17,6","RMUX73(+0,+0)->RMUX1","17","2","afexe_bitgen_20260919"
"RMUX73@17,6->RMUX0@17,8","RMUX73(+0,-2)->RMUX0","17","2","afexe_bitgen_20260919"
"RMUX75@17,6->RMUX10@17,5","RMUX75(+0,+1)->RMUX10","17","2","afexe_bitgen_20260919"
"RMUX80@17,6->RMUX26@17,8","RMUX80(+0,-2)->RMUX26","17","2","afexe_bitgen_20260919"
"RMUX86@17,6->RMUX50@18,6","RMUX86(-1,+0)->RMUX50","18","2","afexe_bitgen_20260919"
"RMUX91@17,6->RMUX72@16,6","RMUX91(+1,+0)->RMUX72","16","2","afexe_bitgen_20260919"
"RMUX91@17,6->RMUX89@16,6","RMUX91(+1,+0)->RMUX89","16","2","afexe_bitgen_20260919"
"RMUX92@17,6->RMUX81@17,6","RMUX92(+0,+0)->RMUX81","17","2","afexe_bitgen_20260919"
"RMUX2@17,7->RMUX18@17,6","RMUX2(+0,+1)->RMUX18","17","2","afexe_bitgen_20260919"
"RMUX3@17,7->RMUX21@17,7","RMUX3(+0,+0)->RMUX21","17","2","afexe_bitgen_20260919"
"RMUX7@17,7->RMUX25@17,7","RMUX7(+0,+0)->RMUX25","17","2","afexe_bitgen_20260919"
"RMUX8@17,7->RMUX26@16,7","RMUX8(+1,+0)->RMUX26","16","2","afexe_bitgen_20260919"
"RMUX8@17,7->RMUX27@16,7","RMUX8(+1,+0)->RMUX27","16","2","afexe_bitgen_20260919"
"RMUX8@17,7->RMUX37@16,7","RMUX8(+1,+0)->RMUX37","16","2","afexe_bitgen_20260919"
"RMUX9@17,7->RMUX38@17,6","RMUX9(+0,+1)->RMUX38","17","2","afexe_bitgen_20260919"
"RMUX14@17,7->RMUX61@17,8","RMUX14(+0,-1)->RMUX61","17","2","afexe_bitgen_20260919"
"RMUX15@17,7->RMUX63@16,7","RMUX15(+1,+0)->RMUX63","16","2","afexe_bitgen_20260919"
"RMUX19@17,7->RMUX88@17,6","RMUX19(+0,+1)->RMUX88","17","2","afexe_bitgen_20260919"
"RMUX19@17,7->RMUX89@17,6","RMUX19(+0,+1)->RMUX89","17","2","afexe_bitgen_20260919"
"RMUX19@17,7->RMUX95@17,6","RMUX19(+0,+1)->RMUX95","17","2","afexe_bitgen_20260919"
"RMUX25@17,7->RMUX0@17,4","RMUX25(+0,+3)->RMUX0","17","2","afexe_bitgen_20260919"
"RMUX25@17,7->RMUX0@17,7","RMUX25(+0,+0)->RMUX0","17","2","afexe_bitgen_20260919"
"RMUX25@17,7->RMUX1@17,7","RMUX25(+0,+0)->RMUX1","17","2","afexe_bitgen_20260919"
"RMUX27@17,7->RMUX4@17,8","RMUX27(+0,-1)->RMUX4","17","2","afexe_bitgen_20260919"
"RMUX27@17,7->RMUX11@17,8","RMUX27(+0,-1)->RMUX11","17","2","afexe_bitgen_20260919"
"RMUX27@17,7->RMUX15@17,8","RMUX27(+0,-1)->RMUX15","17","2","afexe_bitgen_20260919"
"RMUX32@17,7->RMUX33@17,5","RMUX32(+0,+2)->RMUX33","17","2","afexe_bitgen_20260919"
"RMUX37@17,7->RMUX48@17,9","RMUX37(+0,-2)->RMUX48","17","2","afexe_bitgen_20260919"
"RMUX38@17,7->RMUX50@16,7","RMUX38(+1,+0)->RMUX50","16","2","afexe_bitgen_20260919"
"RMUX39@17,7->RMUX52@17,6","RMUX39(+0,+1)->RMUX52","17","2","afexe_bitgen_20260919"
"RMUX39@17,7->RMUX53@17,6","RMUX39(+0,+1)->RMUX53","17","2","afexe_bitgen_20260919"
"RMUX39@17,7->RMUX58@17,6","RMUX39(+0,+1)->RMUX58","17","2","afexe_bitgen_20260919"
"RMUX44@17,7->RMUX85@17,7","RMUX44(+0,+0)->RMUX85","17","2","afexe_bitgen_20260919"
"RMUX45@17,7->RMUX86@16,7","RMUX45(+1,+0)->RMUX86","16","2","afexe_bitgen_20260919"
"RMUX49@17,7->RMUX7@18,7","RMUX49(-1,+0)->RMUX7","18","2","afexe_bitgen_20260919"
"RMUX51@17,7->RMUX15@17,7","RMUX51(+0,+0)->RMUX15","17","2","afexe_bitgen_20260919"
"RMUX55@17,7->RMUX24@17,5","RMUX55(+0,+2)->RMUX24","17","2","afexe_bitgen_20260919"
"RMUX55@17,7->RMUX31@17,6","RMUX55(+0,+1)->RMUX31","17","2","afexe_bitgen_20260919"
"RMUX57@17,7->RMUX45@17,7","RMUX57(+0,+0)->RMUX45","17","2","afexe_bitgen_20260919"
"RMUX57@17,7->RMUX34@17,8","RMUX57(+0,-1)->RMUX34","17","2","afexe_bitgen_20260919"
"RMUX57@17,7->RMUX38@17,8","RMUX57(+0,-1)->RMUX38","17","2","afexe_bitgen_20260919"
"RMUX67@17,7->RMUX72@17,7","RMUX67(+0,+0)->RMUX72","17","2","afexe_bitgen_20260919"
"RMUX67@17,7->RMUX94@17,8","RMUX67(+0,-1)->RMUX94","17","2","afexe_bitgen_20260919"
"RMUX68@17,7->RMUX80@16,7","RMUX68(+1,+0)->RMUX80","16","2","afexe_bitgen_20260919"
"RMUX68@17,7->RMUX85@16,7","RMUX68(+1,+0)->RMUX85","16","2","afexe_bitgen_20260919"
"RMUX69@17,7->RMUX93@17,6","RMUX69(+0,+1)->RMUX93","17","2","afexe_bitgen_20260919"
"RMUX73@17,7->RMUX1@17,7","RMUX73(+0,+0)->RMUX1","17","2","afexe_bitgen_20260919"
"RMUX73@17,7->RMUX0@17,9","RMUX73(+0,-2)->RMUX0","17","2","afexe_bitgen_20260919"
"RMUX75@17,7->RMUX10@17,6","RMUX75(+0,+1)->RMUX10","17","2","afexe_bitgen_20260919"
"RMUX80@17,7->RMUX26@17,9","RMUX80(+0,-2)->RMUX26","17","2","afexe_bitgen_20260919"
"RMUX86@17,7->RMUX50@18,7","RMUX86(-1,+0)->RMUX50","18","2","afexe_bitgen_20260919"
"RMUX91@17,7->RMUX72@16,7","RMUX91(+1,+0)->RMUX72","16","2","afexe_bitgen_20260919"
"RMUX91@17,7->RMUX89@16,7","RMUX91(+1,+0)->RMUX89","16","2","afexe_bitgen_20260919"
"RMUX92@17,7->RMUX81@17,7","RMUX92(+0,+0)->RMUX81","17","2","afexe_bitgen_20260919"
"RMUX2@17,8->RMUX18@17,7","RMUX2(+0,+1)->RMUX18","17","2","afexe_bitgen_20260919"
"RMUX3@17,8->RMUX21@17,8","RMUX3(+0,+0)->RMUX21","17","2","afexe_bitgen_20260919"
"RMUX7@17,8->RMUX25@17,8","RMUX7(+0,+0)->RMUX25","17","2","afexe_bitgen_20260919"
"RMUX8@17,8->RMUX26@16,8","RMUX8(+1,+0)->RMUX26","16","2","afexe_bitgen_20260919"
"RMUX8@17,8->RMUX37@16,8","RMUX8(+1,+0)->RMUX37","16","2","afexe_bitgen_20260919"
"RMUX9@17,8->RMUX38@17,8","RMUX9(+0,+0)->RMUX38","17","2","afexe_bitgen_20260919"
"RMUX14@17,8->RMUX61@17,9","RMUX14(+0,-1)->RMUX61","17","2","afexe_bitgen_20260919"
"RMUX15@17,8->RMUX63@16,8","RMUX15(+1,+0)->RMUX63","16","2","afexe_bitgen_20260919"
"RMUX19@17,8->RMUX88@17,7","RMUX19(+0,+1)->RMUX88","17","2","afexe_bitgen_20260919"
"RMUX19@17,8->RMUX89@17,7","RMUX19(+0,+1)->RMUX89","17","2","afexe_bitgen_20260919"
"RMUX19@17,8->RMUX95@17,7","RMUX19(+0,+1)->RMUX95","17","2","afexe_bitgen_20260919"
"RMUX25@17,8->RMUX0@17,5","RMUX25(+0,+3)->RMUX0","17","2","afexe_bitgen_20260919"
"RMUX25@17,8->RMUX0@17,8","RMUX25(+0,+0)->RMUX0","17","2","afexe_bitgen_20260919"
"RMUX25@17,8->RMUX1@17,8","RMUX25(+0,+0)->RMUX1","17","2","afexe_bitgen_20260919"
"RMUX27@17,8->RMUX4@17,9","RMUX27(+0,-1)->RMUX4","17","2","afexe_bitgen_20260919"
"RMUX27@17,8->RMUX11@17,9","RMUX27(+0,-1)->RMUX11","17","2","afexe_bitgen_20260919"
"RMUX27@17,8->RMUX15@17,9","RMUX27(+0,-1)->RMUX15","17","2","afexe_bitgen_20260919"
"RMUX32@17,8->RMUX33@17,6","RMUX32(+0,+2)->RMUX33","17","2","afexe_bitgen_20260919"
"RMUX37@17,8->RMUX48@17,10","RMUX37(+0,-2)->RMUX48","17","2","afexe_bitgen_20260919"
"RMUX38@17,8->RMUX50@16,8","RMUX38(+1,+0)->RMUX50","16","2","afexe_bitgen_20260919"
"RMUX39@17,8->RMUX52@17,7","RMUX39(+0,+1)->RMUX52","17","2","afexe_bitgen_20260919"
"RMUX39@17,8->RMUX53@17,7","RMUX39(+0,+1)->RMUX53","17","2","afexe_bitgen_20260919"
"RMUX39@17,8->RMUX58@17,7","RMUX39(+0,+1)->RMUX58","17","2","afexe_bitgen_20260919"
"RMUX44@17,8->RMUX85@17,8","RMUX44(+0,+0)->RMUX85","17","2","afexe_bitgen_20260919"
"RMUX45@17,8->RMUX86@16,8","RMUX45(+1,+0)->RMUX86","16","2","afexe_bitgen_20260919"
"RMUX49@17,8->RMUX7@18,8","RMUX49(-1,+0)->RMUX7","18","2","afexe_bitgen_20260919"
"RMUX51@17,8->RMUX15@17,8","RMUX51(+0,+0)->RMUX15","17","2","afexe_bitgen_20260919"
"RMUX55@17,8->RMUX24@17,6","RMUX55(+0,+2)->RMUX24","17","2","afexe_bitgen_20260919"
"RMUX55@17,8->RMUX31@17,7","RMUX55(+0,+1)->RMUX31","17","2","afexe_bitgen_20260919"
"RMUX57@17,8->RMUX45@17,8","RMUX57(+0,+0)->RMUX45","17","2","afexe_bitgen_20260919"
"RMUX57@17,8->RMUX34@17,9","RMUX57(+0,-1)->RMUX34","17","2","afexe_bitgen_20260919"
"RMUX57@17,8->RMUX38@17,9","RMUX57(+0,-1)->RMUX38","17","2","afexe_bitgen_20260919"
"RMUX67@17,8->RMUX72@17,8","RMUX67(+0,+0)->RMUX72","17","2","afexe_bitgen_20260919"
"RMUX67@17,8->RMUX94@17,9","RMUX67(+0,-1)->RMUX94","17","2","afexe_bitgen_20260919"
"RMUX68@17,8->RMUX80@16,8","RMUX68(+1,+0)->RMUX80","16","2","afexe_bitgen_20260919"
"RMUX68@17,8->RMUX85@16,8","RMUX68(+1,+0)->RMUX85","16","2","afexe_bitgen_20260919"
"RMUX69@17,8->RMUX93@17,7","RMUX69(+0,+1)->RMUX93","17","2","afexe_bitgen_20260919"
"RMUX73@17,8->RMUX1@17,8","RMUX73(+0,+0)->RMUX1","17","2","afexe_bitgen_20260919"
"RMUX73@17,8->RMUX0@17,10","RMUX73(+0,-2)->RMUX0","17","2","afexe_bitgen_20260919"
"RMUX75@17,8->RMUX10@17,7","RMUX75(+0,+1)->RMUX10","17","2","afexe_bitgen_20260919"
"RMUX80@17,8->RMUX26@17,10","RMUX80(+0,-2)->RMUX26","17","2","afexe_bitgen_20260919"
"RMUX86@17,8->RMUX50@18,8","RMUX86(-1,+0)->RMUX50","18","2","afexe_bitgen_20260919"
"RMUX91@17,8->RMUX72@16,8","RMUX91(+1,+0)->RMUX72","16","2","afexe_bitgen_20260919"
"RMUX91@17,8->RMUX89@16,8","RMUX91(+1,+0)->RMUX89","16","2","afexe_bitgen_20260919"
"RMUX92@17,8->RMUX81@17,8","RMUX92(+0,+0)->RMUX81","17","2","afexe_bitgen_20260919"
"RMUX2@17,9->RMUX18@17,8","RMUX2(+0,+1)->RMUX18","17","2","afexe_bitgen_20260919"
"RMUX3@17,9->RMUX15@17,9","RMUX3(+0,+0)->RMUX15","17","2","afexe_bitgen_20260919"
"RMUX3@17,9->RMUX21@17,9","RMUX3(+0,+0)->RMUX21","17","2","afexe_bitgen_20260919"
"RMUX8@17,9->RMUX26@16,9","RMUX8(+1,+0)->RMUX26","16","2","afexe_bitgen_20260919"
"RMUX8@17,9->RMUX33@16,9","RMUX8(+1,+0)->RMUX33","16","2","afexe_bitgen_20260919"
"RMUX8@17,9->RMUX37@16,9","RMUX8(+1,+0)->RMUX37","16","2","afexe_bitgen_20260919"
"RMUX9@17,9->RMUX38@17,8","RMUX9(+0,+1)->RMUX38","17","2","afexe_bitgen_20260919"
"RMUX14@17,9->RMUX61@17,10","RMUX14(+0,-1)->RMUX61","17","2","afexe_bitgen_20260919"
"RMUX15@17,9->RMUX63@16,9","RMUX15(+1,+0)->RMUX63","16","2","afexe_bitgen_20260919"
"RMUX19@17,9->RMUX88@17,8","RMUX19(+0,+1)->RMUX88","17","2","afexe_bitgen_20260919"
"RMUX19@17,9->RMUX89@17,8","RMUX19(+0,+1)->RMUX89","17","2","afexe_bitgen_20260919"
"RMUX19@17,9->RMUX95@17,8","RMUX19(+0,+1)->RMUX95","17","2","afexe_bitgen_20260919"
"RMUX25@17,9->RMUX0@17,6","RMUX25(+0,+3)->RMUX0","17","2","afexe_bitgen_20260919"
"RMUX25@17,9->RMUX0@17,9","RMUX25(+0,+0)->RMUX0","17","2","afexe_bitgen_20260919"
"RMUX25@17,9->RMUX1@17,9","RMUX25(+0,+0)->RMUX1","17","2","afexe_bitgen_20260919"
"RMUX27@17,9->RMUX4@17,10","RMUX27(+0,-1)->RMUX4","17","2","afexe_bitgen_20260919"
"RMUX27@17,9->RMUX11@17,10","RMUX27(+0,-1)->RMUX11","17","2","afexe_bitgen_20260919"
"RMUX27@17,9->RMUX15@17,10","RMUX27(+0,-1)->RMUX15","17","2","afexe_bitgen_20260919"
"RMUX32@17,9->RMUX33@17,7","RMUX32(+0,+2)->RMUX33","17","2","afexe_bitgen_20260919"
"RMUX33@17,9->RMUX45@17,9","RMUX33(+0,+0)->RMUX45","17","2","afexe_bitgen_20260919"
"RMUX37@17,9->RMUX48@17,11","RMUX37(+0,-2)->RMUX48","17","2","afexe_bitgen_20260919"
"RMUX38@17,9->RMUX50@16,9","RMUX38(+1,+0)->RMUX50","16","2","afexe_bitgen_20260919"
"RMUX39@17,9->RMUX52@17,8","RMUX39(+0,+1)->RMUX52","17","2","afexe_bitgen_20260919"
"RMUX39@17,9->RMUX53@17,8","RMUX39(+0,+1)->RMUX53","17","2","afexe_bitgen_20260919"
"RMUX39@17,9->RMUX58@17,8","RMUX39(+0,+1)->RMUX58","17","2","afexe_bitgen_20260919"
"RMUX44@17,9->RMUX85@17,9","RMUX44(+0,+0)->RMUX85","17","2","afexe_bitgen_20260919"
"RMUX45@17,9->RMUX86@16,9","RMUX45(+1,+0)->RMUX86","16","2","afexe_bitgen_20260919"
"RMUX49@17,9->RMUX7@18,9","RMUX49(-1,+0)->RMUX7","18","2","afexe_bitgen_20260919"
"RMUX51@17,9->RMUX15@17,9","RMUX51(+0,+0)->RMUX15","17","2","afexe_bitgen_20260919"
"RMUX55@17,9->RMUX24@17,7","RMUX55(+0,+2)->RMUX24","17","2","afexe_bitgen_20260919"
"RMUX55@17,9->RMUX31@17,8","RMUX55(+0,+1)->RMUX31","17","2","afexe_bitgen_20260919"
"RMUX57@17,9->RMUX45@17,9","RMUX57(+0,+0)->RMUX45","17","2","afexe_bitgen_20260919"
"RMUX57@17,9->RMUX34@17,10","RMUX57(+0,-1)->RMUX34","17","2","afexe_bitgen_20260919"
"RMUX57@17,9->RMUX38@17,10","RMUX57(+0,-1)->RMUX38","17","2","afexe_bitgen_20260919"
"RMUX67@17,9->RMUX72@17,9","RMUX67(+0,+0)->RMUX72","17","2","afexe_bitgen_20260919"
"RMUX67@17,9->RMUX94@17,10","RMUX67(+0,-1)->RMUX94","17","2","afexe_bitgen_20260919"
"RMUX68@17,9->RMUX80@16,9","RMUX68(+1,+0)->RMUX80","16","2","afexe_bitgen_20260919"
"RMUX68@17,9->RMUX85@16,9","RMUX68(+1,+0)->RMUX85","16","2","afexe_bitgen_20260919"
"RMUX69@17,9->RMUX93@17,8","RMUX69(+0,+1)->RMUX93","17","2","afexe_bitgen_20260919"
"RMUX73@17,9->RMUX1@17,9","RMUX73(+0,+0)->RMUX1","17","2","afexe_bitgen_20260919"
"RMUX73@17,9->RMUX0@17,11","RMUX73(+0,-2)->RMUX0","17","2","afexe_bitgen_20260919"
"RMUX75@17,9->RMUX10@17,8","RMUX75(+0,+1)->RMUX10","17","2","afexe_bitgen_20260919"
"RMUX80@17,9->RMUX26@17,11","RMUX80(+0,-2)->RMUX26","17","2","afexe_bitgen_20260919"
"RMUX86@17,9->RMUX50@18,9","RMUX86(-1,+0)->RMUX50","18","2","afexe_bitgen_20260919"
"RMUX91@17,9->RMUX72@16,9","RMUX91(+1,+0)->RMUX72","16","2","afexe_bitgen_20260919"
"RMUX91@17,9->RMUX89@16,9","RMUX91(+1,+0)->RMUX89","16","2","afexe_bitgen_20260919"
"RMUX92@17,9->RMUX81@17,9","RMUX92(+0,+0)->RMUX81","17","2","afexe_bitgen_20260919"
"RMUX2@17,10->RMUX18@17,9","RMUX2(+0,+1)->RMUX18","17","2","afexe_bitgen_20260919"
"RMUX3@17,10->RMUX21@17,10","RMUX3(+0,+0)->RMUX21","17","2","afexe_bitgen_20260919"
"RMUX8@17,10->RMUX26@16,10","RMUX8(+1,+0)->RMUX26","16","2","afexe_bitgen_20260919"
"RMUX8@17,10->RMUX27@16,10","RMUX8(+1,+0)->RMUX27","16","2","afexe_bitgen_20260919"
"RMUX8@17,10->RMUX33@16,10","RMUX8(+1,+0)->RMUX33","16","2","afexe_bitgen_20260919"
"RMUX8@17,10->RMUX37@16,10","RMUX8(+1,+0)->RMUX37","16","2","afexe_bitgen_20260919"
"RMUX9@17,10->RMUX38@17,9","RMUX9(+0,+1)->RMUX38","17","2","afexe_bitgen_20260919"
"RMUX9@17,10->RMUX38@17,10","RMUX9(+0,+0)->RMUX38","17","2","afexe_bitgen_20260919"
"RMUX14@17,10->RMUX61@17,11","RMUX14(+0,-1)->RMUX61","17","2","afexe_bitgen_20260919"
"RMUX15@17,10->RMUX63@16,10","RMUX15(+1,+0)->RMUX63","16","2","afexe_bitgen_20260919"
"RMUX19@17,10->RMUX88@17,9","RMUX19(+0,+1)->RMUX88","17","2","afexe_bitgen_20260919"
"RMUX19@17,10->RMUX89@17,9","RMUX19(+0,+1)->RMUX89","17","2","afexe_bitgen_20260919"
"RMUX19@17,10->RMUX95@17,9","RMUX19(+0,+1)->RMUX95","17","2","afexe_bitgen_20260919"
"RMUX25@17,10->RMUX0@17,7","RMUX25(+0,+3)->RMUX0","17","2","afexe_bitgen_20260919"
"RMUX25@17,10->RMUX0@17,10","RMUX25(+0,+0)->RMUX0","17","2","afexe_bitgen_20260919"
"RMUX25@17,10->RMUX1@17,10","RMUX25(+0,+0)->RMUX1","17","2","afexe_bitgen_20260919"
"RMUX27@17,10->RMUX4@17,11","RMUX27(+0,-1)->RMUX4","17","2","afexe_bitgen_20260919"
"RMUX27@17,10->RMUX11@17,11","RMUX27(+0,-1)->RMUX11","17","2","afexe_bitgen_20260919"
"RMUX32@17,10->RMUX33@17,8","RMUX32(+0,+2)->RMUX33","17","2","afexe_bitgen_20260919"
"RMUX37@17,10->RMUX48@17,12","RMUX37(+0,-2)->RMUX48","17","2","afexe_bitgen_20260919"
"RMUX38@17,10->RMUX50@16,10","RMUX38(+1,+0)->RMUX50","16","2","afexe_bitgen_20260919"
"RMUX39@17,10->RMUX52@17,9","RMUX39(+0,+1)->RMUX52","17","2","afexe_bitgen_20260919"
"RMUX39@17,10->RMUX53@17,9","RMUX39(+0,+1)->RMUX53","17","2","afexe_bitgen_20260919"
"RMUX39@17,10->RMUX58@17,9","RMUX39(+0,+1)->RMUX58","17","2","afexe_bitgen_20260919"
"RMUX44@17,10->RMUX85@17,10","RMUX44(+0,+0)->RMUX85","17","2","afexe_bitgen_20260919"
"RMUX45@17,10->RMUX86@16,10","RMUX45(+1,+0)->RMUX86","16","2","afexe_bitgen_20260919"
"RMUX49@17,10->RMUX7@18,10","RMUX49(-1,+0)->RMUX7","18","2","afexe_bitgen_20260919"
"RMUX51@17,10->RMUX15@17,10","RMUX51(+0,+0)->RMUX15","17","2","afexe_bitgen_20260919"
"RMUX55@17,10->RMUX24@17,8","RMUX55(+0,+2)->RMUX24","17","2","afexe_bitgen_20260919"
"RMUX55@17,10->RMUX31@17,9","RMUX55(+0,+1)->RMUX31","17","2","afexe_bitgen_20260919"
"RMUX57@17,10->RMUX45@17,10","RMUX57(+0,+0)->RMUX45","17","2","afexe_bitgen_20260919"
"RMUX57@17,10->RMUX34@17,11","RMUX57(+0,-1)->RMUX34","17","2","afexe_bitgen_20260919"
"RMUX57@17,10->RMUX38@17,11","RMUX57(+0,-1)->RMUX38","17","2","afexe_bitgen_20260919"
"RMUX67@17,10->RMUX72@17,10","RMUX67(+0,+0)->RMUX72","17","2","afexe_bitgen_20260919"
"RMUX67@17,10->RMUX94@17,11","RMUX67(+0,-1)->RMUX94","17","2","afexe_bitgen_20260919"
"RMUX68@17,10->RMUX80@16,10","RMUX68(+1,+0)->RMUX80","16","2","afexe_bitgen_20260919"
"RMUX68@17,10->RMUX85@16,10","RMUX68(+1,+0)->RMUX85","16","2","afexe_bitgen_20260919"
"RMUX69@17,10->RMUX93@17,9","RMUX69(+0,+1)->RMUX93","17","2","afexe_bitgen_20260919"
"RMUX73@17,10->RMUX1@17,10","RMUX73(+0,+0)->RMUX1","17","2","afexe_bitgen_20260919"
"RMUX73@17,10->RMUX0@17,12","RMUX73(+0,-2)->RMUX0","17","2","afexe_bitgen_20260919"
"RMUX75@17,10->RMUX10@17,9","RMUX75(+0,+1)->RMUX10","17","2","afexe_bitgen_20260919"
"RMUX80@17,10->RMUX26@17,12","RMUX80(+0,-2)->RMUX26","17","2","afexe_bitgen_20260919"
"RMUX86@17,10->RMUX50@18,10","RMUX86(-1,+0)->RMUX50","18","2","afexe_bitgen_20260919"
"RMUX91@17,10->RMUX72@16,10","RMUX91(+1,+0)->RMUX72","16","2","afexe_bitgen_20260919"
"RMUX91@17,10->RMUX89@16,10","RMUX91(+1,+0)->RMUX89","16","2","afexe_bitgen_20260919"
"RMUX92@17,10->RMUX81@17,10","RMUX92(+0,+0)->RMUX81","17","2","afexe_bitgen_20260919"
"RMUX3@17,11->RMUX21@17,11","RMUX3(+0,+0)->RMUX21","17","2","afexe_bitgen_20260919"
"RMUX8@17,11->RMUX26@16,11","RMUX8(+1,+0)->RMUX26","16","2","afexe_bitgen_20260919"
"RMUX8@17,11->RMUX37@16,11","RMUX8(+1,+0)->RMUX37","16","2","afexe_bitgen_20260919"
"RMUX14@17,11->RMUX61@17,12","RMUX14(+0,-1)->RMUX61","17","2","afexe_bitgen_20260919"
"RMUX25@17,11->RMUX0@17,8","RMUX25(+0,+3)->RMUX0","17","2","afexe_bitgen_20260919"
"RMUX27@17,11->RMUX4@17,12","RMUX27(+0,-1)->RMUX4","17","2","afexe_bitgen_20260919"
"RMUX27@17,11->RMUX11@17,12","RMUX27(+0,-1)->RMUX11","17","2","afexe_bitgen_20260919"
"RMUX32@17,11->RMUX33@17,9","RMUX32(+0,+2)->RMUX33","17","2","afexe_bitgen_20260919"
"RMUX38@17,11->RMUX50@16,11","RMUX38(+1,+0)->RMUX50","16","2","afexe_bitgen_20260919"
"RMUX44@17,11->RMUX85@17,11","RMUX44(+0,+0)->RMUX85","17","2","afexe_bitgen_20260919"
"RMUX45@17,11->RMUX86@16,11","RMUX45(+1,+0)->RMUX86","16","2","afexe_bitgen_20260919"
"RMUX49@17,11->RMUX7@18,11","RMUX49(-1,+0)->RMUX7","18","2","afexe_bitgen_20260919"
"RMUX55@17,11->RMUX24@17,9","RMUX55(+0,+2)->RMUX24","17","2","afexe_bitgen_20260919"
"RMUX57@17,11->RMUX45@17,11","RMUX57(+0,+0)->RMUX45","17","2","afexe_bitgen_20260919"
"RMUX57@17,11->RMUX34@17,12","RMUX57(+0,-1)->RMUX34","17","2","afexe_bitgen_20260919"
"RMUX57@17,11->RMUX38@17,12","RMUX57(+0,-1)->RMUX38","17","2","afexe_bitgen_20260919"
"RMUX67@17,11->RMUX72@17,11","RMUX67(+0,+0)->RMUX72","17","2","afexe_bitgen_20260919"
"RMUX67@17,11->RMUX94@17,12","RMUX67(+0,-1)->RMUX94","17","2","afexe_bitgen_20260919"
"RMUX68@17,11->RMUX80@16,11","RMUX68(+1,+0)->RMUX80","16","2","afexe_bitgen_20260919"
"RMUX68@17,11->RMUX85@16,11","RMUX68(+1,+0)->RMUX85","16","2","afexe_bitgen_20260919"
"RMUX73@17,11->RMUX1@17,11","RMUX73(+0,+0)->RMUX1","17","2","afexe_bitgen_20260919"
"RMUX86@17,11->RMUX50@18,11","RMUX86(-1,+0)->RMUX50","18","2","afexe_bitgen_20260919"
"RMUX91@17,11->RMUX72@16,11","RMUX91(+1,+0)->RMUX72","16","2","afexe_bitgen_20260919"
"RMUX91@17,11->RMUX89@16,11","RMUX91(+1,+0)->RMUX89","16","2","afexe_bitgen_20260919"
"RMUX2@17,12->RMUX18@17,11","RMUX2(+0,+1)->RMUX18","17","2","afexe_bitgen_20260919"
"RMUX3@17,12->RMUX15@17,12","RMUX3(+0,+0)->RMUX15","17","2","afexe_bitgen_20260919"
"RMUX7@17,12->RMUX25@17,12","RMUX7(+0,+0)->RMUX25","17","2","afexe_bitgen_20260919"
"RMUX8@17,12->RMUX27@16,12","RMUX8(+1,+0)->RMUX27","16","2","afexe_bitgen_20260919"
"RMUX8@17,12->RMUX37@16,12","RMUX8(+1,+0)->RMUX37","16","2","afexe_bitgen_20260919"
"RMUX9@17,12->RMUX38@17,12","RMUX9(+0,+0)->RMUX38","17","2","afexe_bitgen_20260919"
"RMUX15@17,12->RMUX63@16,12","RMUX15(+1,+0)->RMUX63","16","2","afexe_bitgen_20260919"
"RMUX19@17,12->RMUX88@17,11","RMUX19(+0,+1)->RMUX88","17","2","afexe_bitgen_20260919"
"RMUX19@17,12->RMUX89@17,11","RMUX19(+0,+1)->RMUX89","17","2","afexe_bitgen_20260919"
"RMUX19@17,12->RMUX95@17,11","RMUX19(+0,+1)->RMUX95","17","2","afexe_bitgen_20260919"
"RMUX25@17,12->RMUX0@17,9","RMUX25(+0,+3)->RMUX0","17","2","afexe_bitgen_20260919"
"RMUX25@17,12->RMUX0@17,12","RMUX25(+0,+0)->RMUX0","17","2","afexe_bitgen_20260919"
"RMUX25@17,12->RMUX1@17,12","RMUX25(+0,+0)->RMUX1","17","2","afexe_bitgen_20260919"
"RMUX33@17,12->RMUX45@17,12","RMUX33(+0,+0)->RMUX45","17","2","afexe_bitgen_20260919"
"RMUX38@17,12->RMUX50@16,12","RMUX38(+1,+0)->RMUX50","16","2","afexe_bitgen_20260919"
"RMUX39@17,12->RMUX52@17,11","RMUX39(+0,+1)->RMUX52","17","2","afexe_bitgen_20260919"
"RMUX39@17,12->RMUX53@17,11","RMUX39(+0,+1)->RMUX53","17","2","afexe_bitgen_20260919"
"RMUX39@17,12->RMUX58@17,11","RMUX39(+0,+1)->RMUX58","17","2","afexe_bitgen_20260919"
"RMUX44@17,12->RMUX85@17,12","RMUX44(+0,+0)->RMUX85","17","2","afexe_bitgen_20260919"
"RMUX45@17,12->RMUX86@16,12","RMUX45(+1,+0)->RMUX86","16","2","afexe_bitgen_20260919"
"RMUX49@17,12->RMUX7@18,12","RMUX49(-1,+0)->RMUX7","18","2","afexe_bitgen_20260919"
"RMUX51@17,12->RMUX15@17,12","RMUX51(+0,+0)->RMUX15","17","2","afexe_bitgen_20260919"
"RMUX55@17,12->RMUX24@17,10","RMUX55(+0,+2)->RMUX24","17","2","afexe_bitgen_20260919"
"RMUX55@17,12->RMUX31@17,11","RMUX55(+0,+1)->RMUX31","17","2","afexe_bitgen_20260919"
"RMUX67@17,12->RMUX72@17,12","RMUX67(+0,+0)->RMUX72","17","2","afexe_bitgen_20260919"
"RMUX68@17,12->RMUX85@16,12","RMUX68(+1,+0)->RMUX85","16","2","afexe_bitgen_20260919"
"RMUX69@17,12->RMUX93@17,11","RMUX69(+0,+1)->RMUX93","17","2","afexe_bitgen_20260919"
"RMUX73@17,12->RMUX1@17,12","RMUX73(+0,+0)->RMUX1","17","2","afexe_bitgen_20260919"
"RMUX75@17,12->RMUX10@17,11","RMUX75(+0,+1)->RMUX10","17","2","afexe_bitgen_20260919"
"RMUX86@17,12->RMUX50@18,12","RMUX86(-1,+0)->RMUX50","18","2","afexe_bitgen_20260919"
"RMUX91@17,12->RMUX72@16,12","RMUX91(+1,+0)->RMUX72","16","2","afexe_bitgen_20260919"
"RMUX91@17,12->RMUX89@16,12","RMUX91(+1,+0)->RMUX89","16","2","afexe_bitgen_20260919"
"RMUX92@17,12->RMUX81@17,12","RMUX92(+0,+0)->RMUX81","17","2","afexe_bitgen_20260919"
"RMUX3@18,1->RMUX15@18,1","RMUX3(+0,+0)->RMUX15","18","2","afexe_bitgen_20260919"
"RMUX3@18,1->RMUX21@18,1","RMUX3(+0,+0)->RMUX21","18","2","afexe_bitgen_20260919"
"RMUX7@18,1->RMUX25@18,1","RMUX7(+0,+0)->RMUX25","18","2","afexe_bitgen_20260919"
"RMUX8@18,1->RMUX26@17,1","RMUX8(+1,+0)->RMUX26","17","2","afexe_bitgen_20260919"
"RMUX8@18,1->RMUX27@17,1","RMUX8(+1,+0)->RMUX27","17","2","afexe_bitgen_20260919"
"RMUX8@18,1->RMUX33@17,1","RMUX8(+1,+0)->RMUX33","17","2","afexe_bitgen_20260919"
"RMUX8@18,1->RMUX37@17,1","RMUX8(+1,+0)->RMUX37","17","2","afexe_bitgen_20260919"
"RMUX9@18,1->RMUX38@18,1","RMUX9(+0,+0)->RMUX38","18","2","afexe_bitgen_20260919"
"RMUX15@18,1->RMUX63@17,1","RMUX15(+1,+0)->RMUX63","17","2","afexe_bitgen_20260919"
"RMUX25@18,1->RMUX0@18,1","RMUX25(+0,+0)->RMUX0","18","2","afexe_bitgen_20260919"
"RMUX25@18,1->RMUX1@18,1","RMUX25(+0,+0)->RMUX1","18","2","afexe_bitgen_20260919"
"RMUX27@18,1->RMUX4@18,2","RMUX27(+0,-1)->RMUX4","18","2","afexe_bitgen_20260919"
"RMUX27@18,1->RMUX11@18,2","RMUX27(+0,-1)->RMUX11","18","2","afexe_bitgen_20260919"
"RMUX27@18,1->RMUX15@18,2","RMUX27(+0,-1)->RMUX15","18","2","afexe_bitgen_20260919"
"RMUX33@18,1->RMUX45@18,1","RMUX33(+0,+0)->RMUX45","18","2","afexe_bitgen_20260919"
"RMUX37@18,1->RMUX48@18,3","RMUX37(+0,-2)->RMUX48","18","2","afexe_bitgen_20260919"
"RMUX38@18,1->RMUX50@17,1","RMUX38(+1,+0)->RMUX50","17","2","afexe_bitgen_20260919"
"RMUX45@18,1->RMUX86@17,1","RMUX45(+1,+0)->RMUX86","17","2","afexe_bitgen_20260919"
"RMUX49@18,1->RMUX7@19,1","RMUX49(-1,+0)->RMUX7","19","2","afexe_bitgen_20260919"
"RMUX51@18,1->RMUX15@18,1","RMUX51(+0,+0)->RMUX15","18","2","afexe_bitgen_20260919"
"RMUX57@18,1->RMUX45@18,1","RMUX57(+0,+0)->RMUX45","18","2","afexe_bitgen_20260919"
"RMUX57@18,1->RMUX34@18,2","RMUX57(+0,-1)->RMUX34","18","2","afexe_bitgen_20260919"
"RMUX57@18,1->RMUX38@18,2","RMUX57(+0,-1)->RMUX38","18","2","afexe_bitgen_20260919"
"RMUX68@18,1->RMUX80@17,1","RMUX68(+1,+0)->RMUX80","17","2","afexe_bitgen_20260919"
"RMUX68@18,1->RMUX85@17,1","RMUX68(+1,+0)->RMUX85","17","2","afexe_bitgen_20260919"
"RMUX73@18,1->RMUX1@18,1","RMUX73(+0,+0)->RMUX1","18","2","afexe_bitgen_20260919"
"RMUX73@18,1->RMUX0@18,3","RMUX73(+0,-2)->RMUX0","18","2","afexe_bitgen_20260919"
"RMUX80@18,1->RMUX26@18,3","RMUX80(+0,-2)->RMUX26","18","2","afexe_bitgen_20260919"
"RMUX86@18,1->RMUX50@19,1","RMUX86(-1,+0)->RMUX50","19","2","afexe_bitgen_20260919"
"RMUX91@18,1->RMUX72@17,1","RMUX91(+1,+0)->RMUX72","17","2","afexe_bitgen_20260919"
"RMUX91@18,1->RMUX89@17,1","RMUX91(+1,+0)->RMUX89","17","2","afexe_bitgen_20260919"
"RMUX92@18,1->RMUX81@18,1","RMUX92(+0,+0)->RMUX81","18","2","afexe_bitgen_20260919"
"RMUX2@18,2->RMUX18@18,1","RMUX2(+0,+1)->RMUX18","18","2","afexe_bitgen_20260919"
"RMUX3@18,2->RMUX15@18,2","RMUX3(+0,+0)->RMUX15","18","2","afexe_bitgen_20260919"
"RMUX3@18,2->RMUX21@18,2","RMUX3(+0,+0)->RMUX21","18","2","afexe_bitgen_20260919"
"RMUX8@18,2->RMUX26@17,2","RMUX8(+1,+0)->RMUX26","17","2","afexe_bitgen_20260919"
"RMUX8@18,2->RMUX27@17,2","RMUX8(+1,+0)->RMUX27","17","2","afexe_bitgen_20260919"
"RMUX8@18,2->RMUX33@17,2","RMUX8(+1,+0)->RMUX33","17","2","afexe_bitgen_20260919"
"RMUX8@18,2->RMUX37@17,2","RMUX8(+1,+0)->RMUX37","17","2","afexe_bitgen_20260919"
"RMUX9@18,2->RMUX38@18,1","RMUX9(+0,+1)->RMUX38","18","2","afexe_bitgen_20260919"
"RMUX9@18,2->RMUX38@18,2","RMUX9(+0,+0)->RMUX38","18","2","afexe_bitgen_20260919"
"RMUX15@18,2->RMUX63@17,2","RMUX15(+1,+0)->RMUX63","17","2","afexe_bitgen_20260919"
"RMUX19@18,2->RMUX88@18,1","RMUX19(+0,+1)->RMUX88","18","2","afexe_bitgen_20260919"
"RMUX19@18,2->RMUX89@18,1","RMUX19(+0,+1)->RMUX89","18","2","afexe_bitgen_20260919"
"RMUX19@18,2->RMUX95@18,1","RMUX19(+0,+1)->RMUX95","18","2","afexe_bitgen_20260919"
"RMUX25@18,2->RMUX0@18,2","RMUX25(+0,+0)->RMUX0","18","2","afexe_bitgen_20260919"
"RMUX25@18,2->RMUX1@18,2","RMUX25(+0,+0)->RMUX1","18","2","afexe_bitgen_20260919"
"RMUX33@18,2->RMUX45@18,2","RMUX33(+0,+0)->RMUX45","18","2","afexe_bitgen_20260919"
"RMUX37@18,2->RMUX48@18,4","RMUX37(+0,-2)->RMUX48","18","2","afexe_bitgen_20260919"
"RMUX38@18,2->RMUX50@17,2","RMUX38(+1,+0)->RMUX50","17","2","afexe_bitgen_20260919"
"RMUX39@18,2->RMUX52@18,1","RMUX39(+0,+1)->RMUX52","18","2","afexe_bitgen_20260919"
"RMUX39@18,2->RMUX53@18,1","RMUX39(+0,+1)->RMUX53","18","2","afexe_bitgen_20260919"
"RMUX39@18,2->RMUX58@18,1","RMUX39(+0,+1)->RMUX58","18","2","afexe_bitgen_20260919"
"RMUX45@18,2->RMUX86@17,2","RMUX45(+1,+0)->RMUX86","17","2","afexe_bitgen_20260919"
"RMUX49@18,2->RMUX7@19,2","RMUX49(-1,+0)->RMUX7","19","2","afexe_bitgen_20260919"
"RMUX51@18,2->RMUX15@18,2","RMUX51(+0,+0)->RMUX15","18","2","afexe_bitgen_20260919"
"RMUX68@18,2->RMUX80@17,2","RMUX68(+1,+0)->RMUX80","17","2","afexe_bitgen_20260919"
"RMUX68@18,2->RMUX85@17,2","RMUX68(+1,+0)->RMUX85","17","2","afexe_bitgen_20260919"
"RMUX69@18,2->RMUX93@18,1","RMUX69(+0,+1)->RMUX93","18","2","afexe_bitgen_20260919"
"RMUX73@18,2->RMUX0@18,4","RMUX73(+0,-2)->RMUX0","18","2","afexe_bitgen_20260919"
"RMUX75@18,2->RMUX10@18,1","RMUX75(+0,+1)->RMUX10","18","2","afexe_bitgen_20260919"
"RMUX80@18,2->RMUX26@18,4","RMUX80(+0,-2)->RMUX26","18","2","afexe_bitgen_20260919"
"RMUX86@18,2->RMUX50@19,2","RMUX86(-1,+0)->RMUX50","19","2","afexe_bitgen_20260919"
"RMUX91@18,2->RMUX72@17,2","RMUX91(+1,+0)->RMUX72","17","2","afexe_bitgen_20260919"
"RMUX91@18,2->RMUX89@17,2","RMUX91(+1,+0)->RMUX89","17","2","afexe_bitgen_20260919"
"RMUX92@18,2->RMUX81@18,2","RMUX92(+0,+0)->RMUX81","18","2","afexe_bitgen_20260919"
"RMUX2@18,3->RMUX18@18,2","RMUX2(+0,+1)->RMUX18","18","2","afexe_bitgen_20260919"
"RMUX3@18,3->RMUX15@18,3","RMUX3(+0,+0)->RMUX15","18","2","afexe_bitgen_20260919"
"RMUX3@18,3->RMUX21@18,3","RMUX3(+0,+0)->RMUX21","18","2","afexe_bitgen_20260919"
"RMUX7@18,3->RMUX25@18,3","RMUX7(+0,+0)->RMUX25","18","2","afexe_bitgen_20260919"
"RMUX8@18,3->RMUX26@17,3","RMUX8(+1,+0)->RMUX26","17","2","afexe_bitgen_20260919"
"RMUX8@18,3->RMUX27@17,3","RMUX8(+1,+0)->RMUX27","17","2","afexe_bitgen_20260919"
"RMUX8@18,3->RMUX33@17,3","RMUX8(+1,+0)->RMUX33","17","2","afexe_bitgen_20260919"
"RMUX8@18,3->RMUX37@17,3","RMUX8(+1,+0)->RMUX37","17","2","afexe_bitgen_20260919"
"RMUX9@18,3->RMUX38@18,2","RMUX9(+0,+1)->RMUX38","18","2","afexe_bitgen_20260919"
"RMUX9@18,3->RMUX38@18,3","RMUX9(+0,+0)->RMUX38","18","2","afexe_bitgen_20260919"
"RMUX14@18,3->RMUX61@18,4","RMUX14(+0,-1)->RMUX61","18","2","afexe_bitgen_20260919"
"RMUX15@18,3->RMUX63@17,3","RMUX15(+1,+0)->RMUX63","17","2","afexe_bitgen_20260919"
"RMUX19@18,3->RMUX88@18,2","RMUX19(+0,+1)->RMUX88","18","2","afexe_bitgen_20260919"
"RMUX19@18,3->RMUX89@18,2","RMUX19(+0,+1)->RMUX89","18","2","afexe_bitgen_20260919"
"RMUX19@18,3->RMUX95@18,2","RMUX19(+0,+1)->RMUX95","18","2","afexe_bitgen_20260919"
"RMUX25@18,3->RMUX0@18,3","RMUX25(+0,+0)->RMUX0","18","2","afexe_bitgen_20260919"
"RMUX25@18,3->RMUX1@18,3","RMUX25(+0,+0)->RMUX1","18","2","afexe_bitgen_20260919"
"RMUX27@18,3->RMUX4@18,4","RMUX27(+0,-1)->RMUX4","18","2","afexe_bitgen_20260919"
"RMUX27@18,3->RMUX11@18,4","RMUX27(+0,-1)->RMUX11","18","2","afexe_bitgen_20260919"
"RMUX27@18,3->RMUX15@18,4","RMUX27(+0,-1)->RMUX15","18","2","afexe_bitgen_20260919"
"RMUX33@18,3->RMUX45@18,3","RMUX33(+0,+0)->RMUX45","18","2","afexe_bitgen_20260919"
"RMUX37@18,3->RMUX48@18,5","RMUX37(+0,-2)->RMUX48","18","2","afexe_bitgen_20260919"
"RMUX38@18,3->RMUX50@17,3","RMUX38(+1,+0)->RMUX50","17","2","afexe_bitgen_20260919"
"RMUX39@18,3->RMUX52@18,2","RMUX39(+0,+1)->RMUX52","18","2","afexe_bitgen_20260919"
"RMUX39@18,3->RMUX53@18,2","RMUX39(+0,+1)->RMUX53","18","2","afexe_bitgen_20260919"
"RMUX39@18,3->RMUX58@18,2","RMUX39(+0,+1)->RMUX58","18","2","afexe_bitgen_20260919"
"RMUX44@18,3->RMUX85@18,3","RMUX44(+0,+0)->RMUX85","18","2","afexe_bitgen_20260919"
"RMUX45@18,3->RMUX86@17,3","RMUX45(+1,+0)->RMUX86","17","2","afexe_bitgen_20260919"
"RMUX49@18,3->RMUX7@19,3","RMUX49(-1,+0)->RMUX7","19","2","afexe_bitgen_20260919"
"RMUX51@18,3->RMUX15@18,3","RMUX51(+0,+0)->RMUX15","18","2","afexe_bitgen_20260919"
"RMUX55@18,3->RMUX24@18,1","RMUX55(+0,+2)->RMUX24","18","2","afexe_bitgen_20260919"
"RMUX55@18,3->RMUX31@18,2","RMUX55(+0,+1)->RMUX31","18","2","afexe_bitgen_20260919"
"RMUX57@18,3->RMUX45@18,3","RMUX57(+0,+0)->RMUX45","18","2","afexe_bitgen_20260919"
"RMUX57@18,3->RMUX34@18,4","RMUX57(+0,-1)->RMUX34","18","2","afexe_bitgen_20260919"
"RMUX57@18,3->RMUX38@18,4","RMUX57(+0,-1)->RMUX38","18","2","afexe_bitgen_20260919"
"RMUX67@18,3->RMUX72@18,3","RMUX67(+0,+0)->RMUX72","18","2","afexe_bitgen_20260919"
"RMUX67@18,3->RMUX94@18,4","RMUX67(+0,-1)->RMUX94","18","2","afexe_bitgen_20260919"
"RMUX68@18,3->RMUX80@17,3","RMUX68(+1,+0)->RMUX80","17","2","afexe_bitgen_20260919"
"RMUX68@18,3->RMUX85@17,3","RMUX68(+1,+0)->RMUX85","17","2","afexe_bitgen_20260919"
"RMUX69@18,3->RMUX93@18,2","RMUX69(+0,+1)->RMUX93","18","2","afexe_bitgen_20260919"
"RMUX73@18,3->RMUX1@18,3","RMUX73(+0,+0)->RMUX1","18","2","afexe_bitgen_20260919"
"RMUX73@18,3->RMUX0@18,5","RMUX73(+0,-2)->RMUX0","18","2","afexe_bitgen_20260919"
"RMUX75@18,3->RMUX10@18,2","RMUX75(+0,+1)->RMUX10","18","2","afexe_bitgen_20260919"
"RMUX80@18,3->RMUX26@18,5","RMUX80(+0,-2)->RMUX26","18","2","afexe_bitgen_20260919"
"RMUX86@18,3->RMUX50@19,3","RMUX86(-1,+0)->RMUX50","19","2","afexe_bitgen_20260919"
"RMUX91@18,3->RMUX72@17,3","RMUX91(+1,+0)->RMUX72","17","2","afexe_bitgen_20260919"
"RMUX91@18,3->RMUX89@17,3","RMUX91(+1,+0)->RMUX89","17","2","afexe_bitgen_20260919"
"RMUX92@18,3->RMUX81@18,3","RMUX92(+0,+0)->RMUX81","18","2","afexe_bitgen_20260919"
"RMUX2@18,4->RMUX18@18,3","RMUX2(+0,+1)->RMUX18","18","2","afexe_bitgen_20260919"
"RMUX3@18,4->RMUX15@18,4","RMUX3(+0,+0)->RMUX15","18","2","afexe_bitgen_20260919"
"RMUX3@18,4->RMUX21@18,4","RMUX3(+0,+0)->RMUX21","18","2","afexe_bitgen_20260919"
"RMUX7@18,4->RMUX25@18,4","RMUX7(+0,+0)->RMUX25","18","2","afexe_bitgen_20260919"
"RMUX8@18,4->RMUX26@17,4","RMUX8(+1,+0)->RMUX26","17","2","afexe_bitgen_20260919"
"RMUX8@18,4->RMUX27@17,4","RMUX8(+1,+0)->RMUX27","17","2","afexe_bitgen_20260919"
"RMUX8@18,4->RMUX33@17,4","RMUX8(+1,+0)->RMUX33","17","2","afexe_bitgen_20260919"
"RMUX8@18,4->RMUX37@17,4","RMUX8(+1,+0)->RMUX37","17","2","afexe_bitgen_20260919"
"RMUX9@18,4->RMUX38@18,3","RMUX9(+0,+1)->RMUX38","18","2","afexe_bitgen_20260919"
"RMUX9@18,4->RMUX38@18,4","RMUX9(+0,+0)->RMUX38","18","2","afexe_bitgen_20260919"
"RMUX14@18,4->RMUX61@18,5","RMUX14(+0,-1)->RMUX61","18","2","afexe_bitgen_20260919"
"RMUX15@18,4->RMUX63@17,4","RMUX15(+1,+0)->RMUX63","17","2","afexe_bitgen_20260919"
"RMUX19@18,4->RMUX88@18,3","RMUX19(+0,+1)->RMUX88","18","2","afexe_bitgen_20260919"
"RMUX19@18,4->RMUX89@18,3","RMUX19(+0,+1)->RMUX89","18","2","afexe_bitgen_20260919"
"RMUX19@18,4->RMUX95@18,3","RMUX19(+0,+1)->RMUX95","18","2","afexe_bitgen_20260919"
"RMUX25@18,4->RMUX0@18,1","RMUX25(+0,+3)->RMUX0","18","2","afexe_bitgen_20260919"
"RMUX25@18,4->RMUX0@18,4","RMUX25(+0,+0)->RMUX0","18","2","afexe_bitgen_20260919"
"RMUX25@18,4->RMUX1@18,4","RMUX25(+0,+0)->RMUX1","18","2","afexe_bitgen_20260919"
"RMUX27@18,4->RMUX4@18,5","RMUX27(+0,-1)->RMUX4","18","2","afexe_bitgen_20260919"
"RMUX27@18,4->RMUX11@18,5","RMUX27(+0,-1)->RMUX11","18","2","afexe_bitgen_20260919"
"RMUX27@18,4->RMUX15@18,5","RMUX27(+0,-1)->RMUX15","18","2","afexe_bitgen_20260919"
"RMUX33@18,4->RMUX45@18,4","RMUX33(+0,+0)->RMUX45","18","2","afexe_bitgen_20260919"
"RMUX37@18,4->RMUX48@18,6","RMUX37(+0,-2)->RMUX48","18","2","afexe_bitgen_20260919"
"RMUX38@18,4->RMUX50@17,4","RMUX38(+1,+0)->RMUX50","17","2","afexe_bitgen_20260919"
"RMUX39@18,4->RMUX52@18,3","RMUX39(+0,+1)->RMUX52","18","2","afexe_bitgen_20260919"
"RMUX39@18,4->RMUX53@18,3","RMUX39(+0,+1)->RMUX53","18","2","afexe_bitgen_20260919"
"RMUX39@18,4->RMUX58@18,3","RMUX39(+0,+1)->RMUX58","18","2","afexe_bitgen_20260919"
"RMUX44@18,4->RMUX85@18,4","RMUX44(+0,+0)->RMUX85","18","2","afexe_bitgen_20260919"
"RMUX45@18,4->RMUX86@17,4","RMUX45(+1,+0)->RMUX86","17","2","afexe_bitgen_20260919"
"RMUX49@18,4->RMUX7@19,4","RMUX49(-1,+0)->RMUX7","19","2","afexe_bitgen_20260919"
"RMUX51@18,4->RMUX15@18,4","RMUX51(+0,+0)->RMUX15","18","2","afexe_bitgen_20260919"
"RMUX55@18,4->RMUX24@18,2","RMUX55(+0,+2)->RMUX24","18","2","afexe_bitgen_20260919"
"RMUX55@18,4->RMUX31@18,3","RMUX55(+0,+1)->RMUX31","18","2","afexe_bitgen_20260919"
"RMUX57@18,4->RMUX45@18,4","RMUX57(+0,+0)->RMUX45","18","2","afexe_bitgen_20260919"
"RMUX57@18,4->RMUX34@18,5","RMUX57(+0,-1)->RMUX34","18","2","afexe_bitgen_20260919"
"RMUX57@18,4->RMUX38@18,5","RMUX57(+0,-1)->RMUX38","18","2","afexe_bitgen_20260919"
"RMUX67@18,4->RMUX72@18,4","RMUX67(+0,+0)->RMUX72","18","2","afexe_bitgen_20260919"
"RMUX67@18,4->RMUX94@18,5","RMUX67(+0,-1)->RMUX94","18","2","afexe_bitgen_20260919"
"RMUX68@18,4->RMUX80@17,4","RMUX68(+1,+0)->RMUX80","17","2","afexe_bitgen_20260919"
"RMUX68@18,4->RMUX85@17,4","RMUX68(+1,+0)->RMUX85","17","2","afexe_bitgen_20260919"
"RMUX69@18,4->RMUX93@18,3","RMUX69(+0,+1)->RMUX93","18","2","afexe_bitgen_20260919"
"RMUX73@18,4->RMUX1@18,4","RMUX73(+0,+0)->RMUX1","18","2","afexe_bitgen_20260919"
"RMUX73@18,4->RMUX0@18,6","RMUX73(+0,-2)->RMUX0","18","2","afexe_bitgen_20260919"
"RMUX75@18,4->RMUX10@18,3","RMUX75(+0,+1)->RMUX10","18","2","afexe_bitgen_20260919"
"RMUX80@18,4->RMUX26@18,6","RMUX80(+0,-2)->RMUX26","18","2","afexe_bitgen_20260919"
"RMUX86@18,4->RMUX50@19,4","RMUX86(-1,+0)->RMUX50","19","2","afexe_bitgen_20260919"
"RMUX91@18,4->RMUX89@17,4","RMUX91(+1,+0)->RMUX89","17","2","afexe_bitgen_20260919"
"RMUX92@18,4->RMUX81@18,4","RMUX92(+0,+0)->RMUX81","18","2","afexe_bitgen_20260919"
"RMUX2@18,5->RMUX18@18,4","RMUX2(+0,+1)->RMUX18","18","2","afexe_bitgen_20260919"
"RMUX3@18,5->RMUX15@18,5","RMUX3(+0,+0)->RMUX15","18","2","afexe_bitgen_20260919"
"RMUX3@18,5->RMUX21@18,5","RMUX3(+0,+0)->RMUX21","18","2","afexe_bitgen_20260919"
"RMUX7@18,5->RMUX25@18,5","RMUX7(+0,+0)->RMUX25","18","2","afexe_bitgen_20260919"
"RMUX8@18,5->RMUX26@17,5","RMUX8(+1,+0)->RMUX26","17","2","afexe_bitgen_20260919"
"RMUX8@18,5->RMUX33@17,5","RMUX8(+1,+0)->RMUX33","17","2","afexe_bitgen_20260919"
"RMUX8@18,5->RMUX37@17,5","RMUX8(+1,+0)->RMUX37","17","2","afexe_bitgen_20260919"
"RMUX9@18,5->RMUX38@18,4","RMUX9(+0,+1)->RMUX38","18","2","afexe_bitgen_20260919"
"RMUX9@18,5->RMUX38@18,5","RMUX9(+0,+0)->RMUX38","18","2","afexe_bitgen_20260919"
"RMUX14@18,5->RMUX61@18,6","RMUX14(+0,-1)->RMUX61","18","2","afexe_bitgen_20260919"
"RMUX15@18,5->RMUX63@17,5","RMUX15(+1,+0)->RMUX63","17","2","afexe_bitgen_20260919"
"RMUX19@18,5->RMUX88@18,4","RMUX19(+0,+1)->RMUX88","18","2","afexe_bitgen_20260919"
"RMUX19@18,5->RMUX89@18,4","RMUX19(+0,+1)->RMUX89","18","2","afexe_bitgen_20260919"
"RMUX19@18,5->RMUX95@18,4","RMUX19(+0,+1)->RMUX95","18","2","afexe_bitgen_20260919"
"RMUX25@18,5->RMUX0@18,2","RMUX25(+0,+3)->RMUX0","18","2","afexe_bitgen_20260919"
"RMUX25@18,5->RMUX0@18,5","RMUX25(+0,+0)->RMUX0","18","2","afexe_bitgen_20260919"
"RMUX25@18,5->RMUX1@18,5","RMUX25(+0,+0)->RMUX1","18","2","afexe_bitgen_20260919"
"RMUX27@18,5->RMUX4@18,6","RMUX27(+0,-1)->RMUX4","18","2","afexe_bitgen_20260919"
"RMUX27@18,5->RMUX11@18,6","RMUX27(+0,-1)->RMUX11","18","2","afexe_bitgen_20260919"
"RMUX27@18,5->RMUX15@18,6","RMUX27(+0,-1)->RMUX15","18","2","afexe_bitgen_20260919"
"RMUX33@18,5->RMUX45@18,5","RMUX33(+0,+0)->RMUX45","18","2","afexe_bitgen_20260919"
"RMUX37@18,5->RMUX48@18,7","RMUX37(+0,-2)->RMUX48","18","2","afexe_bitgen_20260919"
"RMUX38@18,5->RMUX50@17,5","RMUX38(+1,+0)->RMUX50","17","2","afexe_bitgen_20260919"
"RMUX39@18,5->RMUX52@18,4","RMUX39(+0,+1)->RMUX52","18","2","afexe_bitgen_20260919"
"RMUX39@18,5->RMUX53@18,4","RMUX39(+0,+1)->RMUX53","18","2","afexe_bitgen_20260919"
"RMUX39@18,5->RMUX58@18,4","RMUX39(+0,+1)->RMUX58","18","2","afexe_bitgen_20260919"
"RMUX44@18,5->RMUX85@18,5","RMUX44(+0,+0)->RMUX85","18","2","afexe_bitgen_20260919"
"RMUX45@18,5->RMUX86@17,5","RMUX45(+1,+0)->RMUX86","17","2","afexe_bitgen_20260919"
"RMUX49@18,5->RMUX7@19,5","RMUX49(-1,+0)->RMUX7","19","2","afexe_bitgen_20260919"
"RMUX51@18,5->RMUX15@18,5","RMUX51(+0,+0)->RMUX15","18","2","afexe_bitgen_20260919"
"RMUX55@18,5->RMUX24@18,3","RMUX55(+0,+2)->RMUX24","18","2","afexe_bitgen_20260919"
"RMUX55@18,5->RMUX31@18,4","RMUX55(+0,+1)->RMUX31","18","2","afexe_bitgen_20260919"
"RMUX57@18,5->RMUX45@18,5","RMUX57(+0,+0)->RMUX45","18","2","afexe_bitgen_20260919"
"RMUX57@18,5->RMUX34@18,6","RMUX57(+0,-1)->RMUX34","18","2","afexe_bitgen_20260919"
"RMUX57@18,5->RMUX38@18,6","RMUX57(+0,-1)->RMUX38","18","2","afexe_bitgen_20260919"
"RMUX67@18,5->RMUX72@18,5","RMUX67(+0,+0)->RMUX72","18","2","afexe_bitgen_20260919"
"RMUX67@18,5->RMUX94@18,6","RMUX67(+0,-1)->RMUX94","18","2","afexe_bitgen_20260919"
"RMUX68@18,5->RMUX80@17,5","RMUX68(+1,+0)->RMUX80","17","2","afexe_bitgen_20260919"
"RMUX68@18,5->RMUX85@17,5","RMUX68(+1,+0)->RMUX85","17","2","afexe_bitgen_20260919"
"RMUX69@18,5->RMUX93@18,4","RMUX69(+0,+1)->RMUX93","18","2","afexe_bitgen_20260919"
"RMUX73@18,5->RMUX1@18,5","RMUX73(+0,+0)->RMUX1","18","2","afexe_bitgen_20260919"
"RMUX73@18,5->RMUX0@18,7","RMUX73(+0,-2)->RMUX0","18","2","afexe_bitgen_20260919"
"RMUX75@18,5->RMUX10@18,4","RMUX75(+0,+1)->RMUX10","18","2","afexe_bitgen_20260919"
"RMUX80@18,5->RMUX26@18,7","RMUX80(+0,-2)->RMUX26","18","2","afexe_bitgen_20260919"
"RMUX86@18,5->RMUX50@19,5","RMUX86(-1,+0)->RMUX50","19","2","afexe_bitgen_20260919"
"RMUX91@18,5->RMUX72@17,5","RMUX91(+1,+0)->RMUX72","17","2","afexe_bitgen_20260919"
"RMUX91@18,5->RMUX89@17,5","RMUX91(+1,+0)->RMUX89","17","2","afexe_bitgen_20260919"
"RMUX92@18,5->RMUX81@18,5","RMUX92(+0,+0)->RMUX81","18","2","afexe_bitgen_20260919"
"RMUX2@18,6->RMUX18@18,5","RMUX2(+0,+1)->RMUX18","18","2","afexe_bitgen_20260919"
"RMUX7@18,6->RMUX25@18,6","RMUX7(+0,+0)->RMUX25","18","2","afexe_bitgen_20260919"
"RMUX8@18,6->RMUX26@17,6","RMUX8(+1,+0)->RMUX26","17","2","afexe_bitgen_20260919"
"RMUX8@18,6->RMUX37@17,6","RMUX8(+1,+0)->RMUX37","17","2","afexe_bitgen_20260919"
"RMUX9@18,6->RMUX38@18,5","RMUX9(+0,+1)->RMUX38","18","2","afexe_bitgen_20260919"
"RMUX9@18,6->RMUX38@18,6","RMUX9(+0,+0)->RMUX38","18","2","afexe_bitgen_20260919"
"RMUX14@18,6->RMUX61@18,7","RMUX14(+0,-1)->RMUX61","18","2","afexe_bitgen_20260919"
"RMUX15@18,6->RMUX63@17,6","RMUX15(+1,+0)->RMUX63","17","2","afexe_bitgen_20260919"
"RMUX19@18,6->RMUX88@18,5","RMUX19(+0,+1)->RMUX88","18","2","afexe_bitgen_20260919"
"RMUX19@18,6->RMUX89@18,5","RMUX19(+0,+1)->RMUX89","18","2","afexe_bitgen_20260919"
"RMUX19@18,6->RMUX95@18,5","RMUX19(+0,+1)->RMUX95","18","2","afexe_bitgen_20260919"
"RMUX25@18,6->RMUX0@18,3","RMUX25(+0,+3)->RMUX0","18","2","afexe_bitgen_20260919"
"RMUX25@18,6->RMUX0@18,6","RMUX25(+0,+0)->RMUX0","18","2","afexe_bitgen_20260919"
"RMUX25@18,6->RMUX1@18,6","RMUX25(+0,+0)->RMUX1","18","2","afexe_bitgen_20260919"
"RMUX27@18,6->RMUX4@18,7","RMUX27(+0,-1)->RMUX4","18","2","afexe_bitgen_20260919"
"RMUX27@18,6->RMUX11@18,7","RMUX27(+0,-1)->RMUX11","18","2","afexe_bitgen_20260919"
"RMUX27@18,6->RMUX15@18,7","RMUX27(+0,-1)->RMUX15","18","2","afexe_bitgen_20260919"
"RMUX37@18,6->RMUX48@18,8","RMUX37(+0,-2)->RMUX48","18","2","afexe_bitgen_20260919"
"RMUX38@18,6->RMUX50@17,6","RMUX38(+1,+0)->RMUX50","17","2","afexe_bitgen_20260919"
"RMUX39@18,6->RMUX52@18,5","RMUX39(+0,+1)->RMUX52","18","2","afexe_bitgen_20260919"
"RMUX39@18,6->RMUX53@18,5","RMUX39(+0,+1)->RMUX53","18","2","afexe_bitgen_20260919"
"RMUX39@18,6->RMUX58@18,5","RMUX39(+0,+1)->RMUX58","18","2","afexe_bitgen_20260919"
"RMUX45@18,6->RMUX86@17,6","RMUX45(+1,+0)->RMUX86","17","2","afexe_bitgen_20260919"
"RMUX49@18,6->RMUX7@19,6","RMUX49(-1,+0)->RMUX7","19","2","afexe_bitgen_20260919"
"RMUX51@18,6->RMUX15@18,6","RMUX51(+0,+0)->RMUX15","18","2","afexe_bitgen_20260919"
"RMUX55@18,6->RMUX24@18,4","RMUX55(+0,+2)->RMUX24","18","2","afexe_bitgen_20260919"
"RMUX55@18,6->RMUX31@18,5","RMUX55(+0,+1)->RMUX31","18","2","afexe_bitgen_20260919"
"RMUX57@18,6->RMUX45@18,6","RMUX57(+0,+0)->RMUX45","18","2","afexe_bitgen_20260919"
"RMUX57@18,6->RMUX34@18,7","RMUX57(+0,-1)->RMUX34","18","2","afexe_bitgen_20260919"
"RMUX57@18,6->RMUX38@18,7","RMUX57(+0,-1)->RMUX38","18","2","afexe_bitgen_20260919"
"RMUX67@18,6->RMUX72@18,6","RMUX67(+0,+0)->RMUX72","18","2","afexe_bitgen_20260919"
"RMUX67@18,6->RMUX94@18,7","RMUX67(+0,-1)->RMUX94","18","2","afexe_bitgen_20260919"
"RMUX68@18,6->RMUX80@17,6","RMUX68(+1,+0)->RMUX80","17","2","afexe_bitgen_20260919"
"RMUX68@18,6->RMUX85@17,6","RMUX68(+1,+0)->RMUX85","17","2","afexe_bitgen_20260919"
"RMUX69@18,6->RMUX93@18,5","RMUX69(+0,+1)->RMUX93","18","2","afexe_bitgen_20260919"
"RMUX73@18,6->RMUX1@18,6","RMUX73(+0,+0)->RMUX1","18","2","afexe_bitgen_20260919"
"RMUX73@18,6->RMUX0@18,8","RMUX73(+0,-2)->RMUX0","18","2","afexe_bitgen_20260919"
"RMUX75@18,6->RMUX10@18,5","RMUX75(+0,+1)->RMUX10","18","2","afexe_bitgen_20260919"
"RMUX80@18,6->RMUX26@18,8","RMUX80(+0,-2)->RMUX26","18","2","afexe_bitgen_20260919"
"RMUX86@18,6->RMUX50@19,6","RMUX86(-1,+0)->RMUX50","19","2","afexe_bitgen_20260919"
"RMUX91@18,6->RMUX72@17,6","RMUX91(+1,+0)->RMUX72","17","2","afexe_bitgen_20260919"
"RMUX91@18,6->RMUX89@17,6","RMUX91(+1,+0)->RMUX89","17","2","afexe_bitgen_20260919"
"RMUX92@18,6->RMUX81@18,6","RMUX92(+0,+0)->RMUX81","18","2","afexe_bitgen_20260919"
"RMUX2@18,7->RMUX18@18,6","RMUX2(+0,+1)->RMUX18","18","2","afexe_bitgen_20260919"
"RMUX3@18,7->RMUX21@18,7","RMUX3(+0,+0)->RMUX21","18","2","afexe_bitgen_20260919"
"RMUX7@18,7->RMUX25@18,7","RMUX7(+0,+0)->RMUX25","18","2","afexe_bitgen_20260919"
"RMUX8@18,7->RMUX26@17,7","RMUX8(+1,+0)->RMUX26","17","2","afexe_bitgen_20260919"
"RMUX8@18,7->RMUX33@17,7","RMUX8(+1,+0)->RMUX33","17","2","afexe_bitgen_20260919"
"RMUX8@18,7->RMUX37@17,7","RMUX8(+1,+0)->RMUX37","17","2","afexe_bitgen_20260919"
"RMUX9@18,7->RMUX38@18,7","RMUX9(+0,+0)->RMUX38","18","2","afexe_bitgen_20260919"
"RMUX14@18,7->RMUX61@18,8","RMUX14(+0,-1)->RMUX61","18","2","afexe_bitgen_20260919"
"RMUX15@18,7->RMUX63@17,7","RMUX15(+1,+0)->RMUX63","17","2","afexe_bitgen_20260919"
"RMUX19@18,7->RMUX88@18,6","RMUX19(+0,+1)->RMUX88","18","2","afexe_bitgen_20260919"
"RMUX19@18,7->RMUX89@18,6","RMUX19(+0,+1)->RMUX89","18","2","afexe_bitgen_20260919"
"RMUX19@18,7->RMUX95@18,6","RMUX19(+0,+1)->RMUX95","18","2","afexe_bitgen_20260919"
"RMUX25@18,7->RMUX0@18,4","RMUX25(+0,+3)->RMUX0","18","2","afexe_bitgen_20260919"
"RMUX25@18,7->RMUX0@18,7","RMUX25(+0,+0)->RMUX0","18","2","afexe_bitgen_20260919"
"RMUX25@18,7->RMUX1@18,7","RMUX25(+0,+0)->RMUX1","18","2","afexe_bitgen_20260919"
"RMUX27@18,7->RMUX4@18,8","RMUX27(+0,-1)->RMUX4","18","2","afexe_bitgen_20260919"
"RMUX27@18,7->RMUX11@18,8","RMUX27(+0,-1)->RMUX11","18","2","afexe_bitgen_20260919"
"RMUX27@18,7->RMUX15@18,8","RMUX27(+0,-1)->RMUX15","18","2","afexe_bitgen_20260919"
"RMUX37@18,7->RMUX48@18,9","RMUX37(+0,-2)->RMUX48","18","2","afexe_bitgen_20260919"
"RMUX38@18,7->RMUX50@17,7","RMUX38(+1,+0)->RMUX50","17","2","afexe_bitgen_20260919"
"RMUX39@18,7->RMUX52@18,6","RMUX39(+0,+1)->RMUX52","18","2","afexe_bitgen_20260919"
"RMUX39@18,7->RMUX53@18,6","RMUX39(+0,+1)->RMUX53","18","2","afexe_bitgen_20260919"
"RMUX39@18,7->RMUX58@18,6","RMUX39(+0,+1)->RMUX58","18","2","afexe_bitgen_20260919"
"RMUX44@18,7->RMUX85@18,7","RMUX44(+0,+0)->RMUX85","18","2","afexe_bitgen_20260919"
"RMUX45@18,7->RMUX86@17,7","RMUX45(+1,+0)->RMUX86","17","2","afexe_bitgen_20260919"
"RMUX49@18,7->RMUX7@19,7","RMUX49(-1,+0)->RMUX7","19","2","afexe_bitgen_20260919"
"RMUX51@18,7->RMUX15@18,7","RMUX51(+0,+0)->RMUX15","18","2","afexe_bitgen_20260919"
"RMUX55@18,7->RMUX24@18,5","RMUX55(+0,+2)->RMUX24","18","2","afexe_bitgen_20260919"
"RMUX55@18,7->RMUX31@18,6","RMUX55(+0,+1)->RMUX31","18","2","afexe_bitgen_20260919"
"RMUX57@18,7->RMUX45@18,7","RMUX57(+0,+0)->RMUX45","18","2","afexe_bitgen_20260919"
"RMUX57@18,7->RMUX34@18,8","RMUX57(+0,-1)->RMUX34","18","2","afexe_bitgen_20260919"
"RMUX57@18,7->RMUX38@18,8","RMUX57(+0,-1)->RMUX38","18","2","afexe_bitgen_20260919"
"RMUX67@18,7->RMUX72@18,7","RMUX67(+0,+0)->RMUX72","18","2","afexe_bitgen_20260919"
"RMUX67@18,7->RMUX94@18,8","RMUX67(+0,-1)->RMUX94","18","2","afexe_bitgen_20260919"
"RMUX68@18,7->RMUX80@17,7","RMUX68(+1,+0)->RMUX80","17","2","afexe_bitgen_20260919"
"RMUX68@18,7->RMUX85@17,7","RMUX68(+1,+0)->RMUX85","17","2","afexe_bitgen_20260919"
"RMUX69@18,7->RMUX93@18,6","RMUX69(+0,+1)->RMUX93","18","2","afexe_bitgen_20260919"
"RMUX73@18,7->RMUX1@18,7","RMUX73(+0,+0)->RMUX1","18","2","afexe_bitgen_20260919"
"RMUX73@18,7->RMUX0@18,9","RMUX73(+0,-2)->RMUX0","18","2","afexe_bitgen_20260919"
"RMUX75@18,7->RMUX10@18,6","RMUX75(+0,+1)->RMUX10","18","2","afexe_bitgen_20260919"
"RMUX80@18,7->RMUX26@18,9","RMUX80(+0,-2)->RMUX26","18","2","afexe_bitgen_20260919"
"RMUX86@18,7->RMUX50@19,7","RMUX86(-1,+0)->RMUX50","19","2","afexe_bitgen_20260919"
"RMUX91@18,7->RMUX72@17,7","RMUX91(+1,+0)->RMUX72","17","2","afexe_bitgen_20260919"
"RMUX91@18,7->RMUX89@17,7","RMUX91(+1,+0)->RMUX89","17","2","afexe_bitgen_20260919"
"RMUX92@18,7->RMUX81@18,7","RMUX92(+0,+0)->RMUX81","18","2","afexe_bitgen_20260919"
"RMUX2@18,8->RMUX18@18,7","RMUX2(+0,+1)->RMUX18","18","2","afexe_bitgen_20260919"
"RMUX3@18,8->RMUX21@18,8","RMUX3(+0,+0)->RMUX21","18","2","afexe_bitgen_20260919"
"RMUX7@18,8->RMUX25@18,8","RMUX7(+0,+0)->RMUX25","18","2","afexe_bitgen_20260919"
"RMUX8@18,8->RMUX26@17,8","RMUX8(+1,+0)->RMUX26","17","2","afexe_bitgen_20260919"
"RMUX8@18,8->RMUX27@17,8","RMUX8(+1,+0)->RMUX27","17","2","afexe_bitgen_20260919"
"RMUX8@18,8->RMUX33@17,8","RMUX8(+1,+0)->RMUX33","17","2","afexe_bitgen_20260919"
"RMUX8@18,8->RMUX37@17,8","RMUX8(+1,+0)->RMUX37","17","2","afexe_bitgen_20260919"
"RMUX9@18,8->RMUX38@18,7","RMUX9(+0,+1)->RMUX38","18","2","afexe_bitgen_20260919"
"RMUX14@18,8->RMUX61@18,9","RMUX14(+0,-1)->RMUX61","18","2","afexe_bitgen_20260919"
"RMUX15@18,8->RMUX63@17,8","RMUX15(+1,+0)->RMUX63","17","2","afexe_bitgen_20260919"
"RMUX19@18,8->RMUX88@18,7","RMUX19(+0,+1)->RMUX88","18","2","afexe_bitgen_20260919"
"RMUX19@18,8->RMUX89@18,7","RMUX19(+0,+1)->RMUX89","18","2","afexe_bitgen_20260919"
"RMUX19@18,8->RMUX95@18,7","RMUX19(+0,+1)->RMUX95","18","2","afexe_bitgen_20260919"
"RMUX25@18,8->RMUX0@18,5","RMUX25(+0,+3)->RMUX0","18","2","afexe_bitgen_20260919"
"RMUX25@18,8->RMUX0@18,8","RMUX25(+0,+0)->RMUX0","18","2","afexe_bitgen_20260919"
"RMUX25@18,8->RMUX1@18,8","RMUX25(+0,+0)->RMUX1","18","2","afexe_bitgen_20260919"
"RMUX27@18,8->RMUX4@18,9","RMUX27(+0,-1)->RMUX4","18","2","afexe_bitgen_20260919"
"RMUX27@18,8->RMUX11@18,9","RMUX27(+0,-1)->RMUX11","18","2","afexe_bitgen_20260919"
"RMUX27@18,8->RMUX15@18,9","RMUX27(+0,-1)->RMUX15","18","2","afexe_bitgen_20260919"
"RMUX37@18,8->RMUX48@18,10","RMUX37(+0,-2)->RMUX48","18","2","afexe_bitgen_20260919"
"RMUX38@18,8->RMUX50@17,8","RMUX38(+1,+0)->RMUX50","17","2","afexe_bitgen_20260919"
"RMUX39@18,8->RMUX52@18,7","RMUX39(+0,+1)->RMUX52","18","2","afexe_bitgen_20260919"
"RMUX39@18,8->RMUX53@18,7","RMUX39(+0,+1)->RMUX53","18","2","afexe_bitgen_20260919"
"RMUX39@18,8->RMUX58@18,7","RMUX39(+0,+1)->RMUX58","18","2","afexe_bitgen_20260919"
"RMUX45@18,8->RMUX86@17,8","RMUX45(+1,+0)->RMUX86","17","2","afexe_bitgen_20260919"
"RMUX49@18,8->RMUX7@19,8","RMUX49(-1,+0)->RMUX7","19","2","afexe_bitgen_20260919"
"RMUX51@18,8->RMUX15@18,8","RMUX51(+0,+0)->RMUX15","18","2","afexe_bitgen_20260919"
"RMUX55@18,8->RMUX24@18,6","RMUX55(+0,+2)->RMUX24","18","2","afexe_bitgen_20260919"
"RMUX55@18,8->RMUX31@18,7","RMUX55(+0,+1)->RMUX31","18","2","afexe_bitgen_20260919"
"RMUX57@18,8->RMUX45@18,8","RMUX57(+0,+0)->RMUX45","18","2","afexe_bitgen_20260919"
"RMUX57@18,8->RMUX34@18,9","RMUX57(+0,-1)->RMUX34","18","2","afexe_bitgen_20260919"
"RMUX57@18,8->RMUX38@18,9","RMUX57(+0,-1)->RMUX38","18","2","afexe_bitgen_20260919"
"RMUX67@18,8->RMUX72@18,8","RMUX67(+0,+0)->RMUX72","18","2","afexe_bitgen_20260919"
"RMUX67@18,8->RMUX94@18,9","RMUX67(+0,-1)->RMUX94","18","2","afexe_bitgen_20260919"
"RMUX68@18,8->RMUX80@17,8","RMUX68(+1,+0)->RMUX80","17","2","afexe_bitgen_20260919"
"RMUX68@18,8->RMUX85@17,8","RMUX68(+1,+0)->RMUX85","17","2","afexe_bitgen_20260919"
"RMUX69@18,8->RMUX93@18,7","RMUX69(+0,+1)->RMUX93","18","2","afexe_bitgen_20260919"
"RMUX73@18,8->RMUX1@18,8","RMUX73(+0,+0)->RMUX1","18","2","afexe_bitgen_20260919"
"RMUX73@18,8->RMUX0@18,10","RMUX73(+0,-2)->RMUX0","18","2","afexe_bitgen_20260919"
"RMUX75@18,8->RMUX10@18,7","RMUX75(+0,+1)->RMUX10","18","2","afexe_bitgen_20260919"
"RMUX80@18,8->RMUX26@18,10","RMUX80(+0,-2)->RMUX26","18","2","afexe_bitgen_20260919"
"RMUX86@18,8->RMUX50@19,8","RMUX86(-1,+0)->RMUX50","19","2","afexe_bitgen_20260919"
"RMUX91@18,8->RMUX72@17,8","RMUX91(+1,+0)->RMUX72","17","2","afexe_bitgen_20260919"
"RMUX91@18,8->RMUX89@17,8","RMUX91(+1,+0)->RMUX89","17","2","afexe_bitgen_20260919"
"RMUX92@18,8->RMUX81@18,8","RMUX92(+0,+0)->RMUX81","18","2","afexe_bitgen_20260919"
"RMUX2@18,9->RMUX18@18,8","RMUX2(+0,+1)->RMUX18","18","2","afexe_bitgen_20260919"
"RMUX3@18,9->RMUX21@18,9","RMUX3(+0,+0)->RMUX21","18","2","afexe_bitgen_20260919"
"RMUX7@18,9->RMUX25@18,9","RMUX7(+0,+0)->RMUX25","18","2","afexe_bitgen_20260919"
"RMUX8@18,9->RMUX26@17,9","RMUX8(+1,+0)->RMUX26","17","2","afexe_bitgen_20260919"
"RMUX8@18,9->RMUX27@17,9","RMUX8(+1,+0)->RMUX27","17","2","afexe_bitgen_20260919"
"RMUX8@18,9->RMUX33@17,9","RMUX8(+1,+0)->RMUX33","17","2","afexe_bitgen_20260919"
"RMUX9@18,9->RMUX38@18,8","RMUX9(+0,+1)->RMUX38","18","2","afexe_bitgen_20260919"
"RMUX9@18,9->RMUX38@18,9","RMUX9(+0,+0)->RMUX38","18","2","afexe_bitgen_20260919"
"RMUX14@18,9->RMUX61@18,10","RMUX14(+0,-1)->RMUX61","18","2","afexe_bitgen_20260919"
"RMUX15@18,9->RMUX63@17,9","RMUX15(+1,+0)->RMUX63","17","2","afexe_bitgen_20260919"
"RMUX19@18,9->RMUX88@18,8","RMUX19(+0,+1)->RMUX88","18","2","afexe_bitgen_20260919"
"RMUX19@18,9->RMUX89@18,8","RMUX19(+0,+1)->RMUX89","18","2","afexe_bitgen_20260919"
"RMUX19@18,9->RMUX95@18,8","RMUX19(+0,+1)->RMUX95","18","2","afexe_bitgen_20260919"
"RMUX25@18,9->RMUX0@18,6","RMUX25(+0,+3)->RMUX0","18","2","afexe_bitgen_20260919"
"RMUX25@18,9->RMUX0@18,9","RMUX25(+0,+0)->RMUX0","18","2","afexe_bitgen_20260919"
"RMUX25@18,9->RMUX1@18,9","RMUX25(+0,+0)->RMUX1","18","2","afexe_bitgen_20260919"
"RMUX27@18,9->RMUX4@18,10","RMUX27(+0,-1)->RMUX4","18","2","afexe_bitgen_20260919"
"RMUX27@18,9->RMUX11@18,10","RMUX27(+0,-1)->RMUX11","18","2","afexe_bitgen_20260919"
"RMUX32@18,9->RMUX33@18,7","RMUX32(+0,+2)->RMUX33","18","2","afexe_bitgen_20260919"
"RMUX37@18,9->RMUX48@18,11","RMUX37(+0,-2)->RMUX48","18","2","afexe_bitgen_20260919"
"RMUX38@18,9->RMUX50@17,9","RMUX38(+1,+0)->RMUX50","17","2","afexe_bitgen_20260919"
"RMUX39@18,9->RMUX52@18,8","RMUX39(+0,+1)->RMUX52","18","2","afexe_bitgen_20260919"
"RMUX39@18,9->RMUX53@18,8","RMUX39(+0,+1)->RMUX53","18","2","afexe_bitgen_20260919"
"RMUX39@18,9->RMUX58@18,8","RMUX39(+0,+1)->RMUX58","18","2","afexe_bitgen_20260919"
"RMUX45@18,9->RMUX86@17,9","RMUX45(+1,+0)->RMUX86","17","2","afexe_bitgen_20260919"
"RMUX49@18,9->RMUX7@19,9","RMUX49(-1,+0)->RMUX7","19","2","afexe_bitgen_20260919"
"RMUX51@18,9->RMUX15@18,9","RMUX51(+0,+0)->RMUX15","18","2","afexe_bitgen_20260919"
"RMUX55@18,9->RMUX24@18,7","RMUX55(+0,+2)->RMUX24","18","2","afexe_bitgen_20260919"
"RMUX55@18,9->RMUX31@18,8","RMUX55(+0,+1)->RMUX31","18","2","afexe_bitgen_20260919"
"RMUX57@18,9->RMUX45@18,9","RMUX57(+0,+0)->RMUX45","18","2","afexe_bitgen_20260919"
"RMUX57@18,9->RMUX34@18,10","RMUX57(+0,-1)->RMUX34","18","2","afexe_bitgen_20260919"
"RMUX57@18,9->RMUX38@18,10","RMUX57(+0,-1)->RMUX38","18","2","afexe_bitgen_20260919"
"RMUX67@18,9->RMUX72@18,9","RMUX67(+0,+0)->RMUX72","18","2","afexe_bitgen_20260919"
"RMUX67@18,9->RMUX94@18,10","RMUX67(+0,-1)->RMUX94","18","2","afexe_bitgen_20260919"
"RMUX68@18,9->RMUX80@17,9","RMUX68(+1,+0)->RMUX80","17","2","afexe_bitgen_20260919"
"RMUX68@18,9->RMUX85@17,9","RMUX68(+1,+0)->RMUX85","17","2","afexe_bitgen_20260919"
"RMUX69@18,9->RMUX93@18,8","RMUX69(+0,+1)->RMUX93","18","2","afexe_bitgen_20260919"
"RMUX73@18,9->RMUX1@18,9","RMUX73(+0,+0)->RMUX1","18","2","afexe_bitgen_20260919"
"RMUX73@18,9->RMUX0@18,11","RMUX73(+0,-2)->RMUX0","18","2","afexe_bitgen_20260919"
"RMUX75@18,9->RMUX10@18,8","RMUX75(+0,+1)->RMUX10","18","2","afexe_bitgen_20260919"
"RMUX80@18,9->RMUX26@18,11","RMUX80(+0,-2)->RMUX26","18","2","afexe_bitgen_20260919"
"RMUX86@18,9->RMUX50@19,9","RMUX86(-1,+0)->RMUX50","19","2","afexe_bitgen_20260919"
"RMUX91@18,9->RMUX72@17,9","RMUX91(+1,+0)->RMUX72","17","2","afexe_bitgen_20260919"
"RMUX91@18,9->RMUX89@17,9","RMUX91(+1,+0)->RMUX89","17","2","afexe_bitgen_20260919"
"RMUX92@18,9->RMUX81@18,9","RMUX92(+0,+0)->RMUX81","18","2","afexe_bitgen_20260919"
"RMUX2@18,10->RMUX18@18,9","RMUX2(+0,+1)->RMUX18","18","2","afexe_bitgen_20260919"
"RMUX3@18,10->RMUX15@18,10","RMUX3(+0,+0)->RMUX15","18","2","afexe_bitgen_20260919"
"RMUX7@18,10->RMUX25@18,10","RMUX7(+0,+0)->RMUX25","18","2","afexe_bitgen_20260919"
"RMUX8@18,10->RMUX26@17,10","RMUX8(+1,+0)->RMUX26","17","2","afexe_bitgen_20260919"
"RMUX8@18,10->RMUX33@17,10","RMUX8(+1,+0)->RMUX33","17","2","afexe_bitgen_20260919"
"RMUX8@18,10->RMUX37@17,10","RMUX8(+1,+0)->RMUX37","17","2","afexe_bitgen_20260919"
"RMUX9@18,10->RMUX38@18,10","RMUX9(+0,+0)->RMUX38","18","2","afexe_bitgen_20260919"
"RMUX14@18,10->RMUX61@18,11","RMUX14(+0,-1)->RMUX61","18","2","afexe_bitgen_20260919"
"RMUX19@18,10->RMUX88@18,9","RMUX19(+0,+1)->RMUX88","18","2","afexe_bitgen_20260919"
"RMUX19@18,10->RMUX89@18,9","RMUX19(+0,+1)->RMUX89","18","2","afexe_bitgen_20260919"
"RMUX19@18,10->RMUX95@18,9","RMUX19(+0,+1)->RMUX95","18","2","afexe_bitgen_20260919"
"RMUX25@18,10->RMUX0@18,7","RMUX25(+0,+3)->RMUX0","18","2","afexe_bitgen_20260919"
"RMUX25@18,10->RMUX0@18,10","RMUX25(+0,+0)->RMUX0","18","2","afexe_bitgen_20260919"
"RMUX25@18,10->RMUX1@18,10","RMUX25(+0,+0)->RMUX1","18","2","afexe_bitgen_20260919"
"RMUX27@18,10->RMUX4@18,11","RMUX27(+0,-1)->RMUX4","18","2","afexe_bitgen_20260919"
"RMUX27@18,10->RMUX11@18,11","RMUX27(+0,-1)->RMUX11","18","2","afexe_bitgen_20260919"
"RMUX27@18,10->RMUX15@18,11","RMUX27(+0,-1)->RMUX15","18","2","afexe_bitgen_20260919"
"RMUX33@18,10->RMUX45@18,10","RMUX33(+0,+0)->RMUX45","18","2","afexe_bitgen_20260919"
"RMUX37@18,10->RMUX48@18,12","RMUX37(+0,-2)->RMUX48","18","2","afexe_bitgen_20260919"
"RMUX38@18,10->RMUX50@17,10","RMUX38(+1,+0)->RMUX50","17","2","afexe_bitgen_20260919"
"RMUX39@18,10->RMUX52@18,9","RMUX39(+0,+1)->RMUX52","18","2","afexe_bitgen_20260919"
"RMUX39@18,10->RMUX53@18,9","RMUX39(+0,+1)->RMUX53","18","2","afexe_bitgen_20260919"
"RMUX39@18,10->RMUX58@18,9","RMUX39(+0,+1)->RMUX58","18","2","afexe_bitgen_20260919"
"RMUX44@18,10->RMUX85@18,10","RMUX44(+0,+0)->RMUX85","18","2","afexe_bitgen_20260919"
"RMUX45@18,10->RMUX86@17,10","RMUX45(+1,+0)->RMUX86","17","2","afexe_bitgen_20260919"
"RMUX49@18,10->RMUX7@19,10","RMUX49(-1,+0)->RMUX7","19","2","afexe_bitgen_20260919"
"RMUX51@18,10->RMUX15@18,10","RMUX51(+0,+0)->RMUX15","18","2","afexe_bitgen_20260919"
"RMUX55@18,10->RMUX24@18,8","RMUX55(+0,+2)->RMUX24","18","2","afexe_bitgen_20260919"
"RMUX55@18,10->RMUX31@18,9","RMUX55(+0,+1)->RMUX31","18","2","afexe_bitgen_20260919"
"RMUX57@18,10->RMUX45@18,10","RMUX57(+0,+0)->RMUX45","18","2","afexe_bitgen_20260919"
"RMUX57@18,10->RMUX34@18,11","RMUX57(+0,-1)->RMUX34","18","2","afexe_bitgen_20260919"
"RMUX57@18,10->RMUX38@18,11","RMUX57(+0,-1)->RMUX38","18","2","afexe_bitgen_20260919"
"RMUX67@18,10->RMUX72@18,10","RMUX67(+0,+0)->RMUX72","18","2","afexe_bitgen_20260919"
"RMUX67@18,10->RMUX94@18,11","RMUX67(+0,-1)->RMUX94","18","2","afexe_bitgen_20260919"
"RMUX68@18,10->RMUX80@17,10","RMUX68(+1,+0)->RMUX80","17","2","afexe_bitgen_20260919"
"RMUX68@18,10->RMUX85@17,10","RMUX68(+1,+0)->RMUX85","17","2","afexe_bitgen_20260919"
"RMUX69@18,10->RMUX93@18,9","RMUX69(+0,+1)->RMUX93","18","2","afexe_bitgen_20260919"
"RMUX73@18,10->RMUX1@18,10","RMUX73(+0,+0)->RMUX1","18","2","afexe_bitgen_20260919"
"RMUX73@18,10->RMUX0@18,12","RMUX73(+0,-2)->RMUX0","18","2","afexe_bitgen_20260919"
"RMUX75@18,10->RMUX10@18,9","RMUX75(+0,+1)->RMUX10","18","2","afexe_bitgen_20260919"
"RMUX80@18,10->RMUX26@18,12","RMUX80(+0,-2)->RMUX26","18","2","afexe_bitgen_20260919"
"RMUX86@18,10->RMUX50@19,10","RMUX86(-1,+0)->RMUX50","19","2","afexe_bitgen_20260919"
"RMUX91@18,10->RMUX72@17,10","RMUX91(+1,+0)->RMUX72","17","2","afexe_bitgen_20260919"
"RMUX91@18,10->RMUX89@17,10","RMUX91(+1,+0)->RMUX89","17","2","afexe_bitgen_20260919"
"RMUX92@18,10->RMUX81@18,10","RMUX92(+0,+0)->RMUX81","18","2","afexe_bitgen_20260919"
"RMUX7@18,11->RMUX25@18,11","RMUX7(+0,+0)->RMUX25","18","2","afexe_bitgen_20260919"
"RMUX8@18,11->RMUX27@17,11","RMUX8(+1,+0)->RMUX27","17","2","afexe_bitgen_20260919"
"RMUX8@18,11->RMUX33@17,11","RMUX8(+1,+0)->RMUX33","17","2","afexe_bitgen_20260919"
"RMUX8@18,11->RMUX37@17,11","RMUX8(+1,+0)->RMUX37","17","2","afexe_bitgen_20260919"
"RMUX14@18,11->RMUX61@18,12","RMUX14(+0,-1)->RMUX61","18","2","afexe_bitgen_20260919"
"RMUX15@18,11->RMUX63@17,11","RMUX15(+1,+0)->RMUX63","17","2","afexe_bitgen_20260919"
"RMUX25@18,11->RMUX0@18,8","RMUX25(+0,+3)->RMUX0","18","2","afexe_bitgen_20260919"
"RMUX27@18,11->RMUX4@18,12","RMUX27(+0,-1)->RMUX4","18","2","afexe_bitgen_20260919"
"RMUX27@18,11->RMUX11@18,12","RMUX27(+0,-1)->RMUX11","18","2","afexe_bitgen_20260919"
"RMUX27@18,11->RMUX15@18,12","RMUX27(+0,-1)->RMUX15","18","2","afexe_bitgen_20260919"
"RMUX38@18,11->RMUX50@17,11","RMUX38(+1,+0)->RMUX50","17","2","afexe_bitgen_20260919"
"RMUX45@18,11->RMUX86@17,11","RMUX45(+1,+0)->RMUX86","17","2","afexe_bitgen_20260919"
"RMUX49@18,11->RMUX7@19,11","RMUX49(-1,+0)->RMUX7","19","2","afexe_bitgen_20260919"
"RMUX51@18,11->RMUX15@18,11","RMUX51(+0,+0)->RMUX15","18","2","afexe_bitgen_20260919"
"RMUX55@18,11->RMUX24@18,9","RMUX55(+0,+2)->RMUX24","18","2","afexe_bitgen_20260919"
"RMUX57@18,11->RMUX45@18,11","RMUX57(+0,+0)->RMUX45","18","2","afexe_bitgen_20260919"
"RMUX57@18,11->RMUX34@18,12","RMUX57(+0,-1)->RMUX34","18","2","afexe_bitgen_20260919"
"RMUX57@18,11->RMUX38@18,12","RMUX57(+0,-1)->RMUX38","18","2","afexe_bitgen_20260919"
"RMUX67@18,11->RMUX72@18,11","RMUX67(+0,+0)->RMUX72","18","2","afexe_bitgen_20260919"
"RMUX67@18,11->RMUX94@18,12","RMUX67(+0,-1)->RMUX94","18","2","afexe_bitgen_20260919"
"RMUX68@18,11->RMUX80@17,11","RMUX68(+1,+0)->RMUX80","17","2","afexe_bitgen_20260919"
"RMUX68@18,11->RMUX85@17,11","RMUX68(+1,+0)->RMUX85","17","2","afexe_bitgen_20260919"
"RMUX73@18,11->RMUX1@18,11","RMUX73(+0,+0)->RMUX1","18","2","afexe_bitgen_20260919"
"RMUX86@18,11->RMUX50@19,11","RMUX86(-1,+0)->RMUX50","19","2","afexe_bitgen_20260919"
"RMUX91@18,11->RMUX72@17,11","RMUX91(+1,+0)->RMUX72","17","2","afexe_bitgen_20260919"
"RMUX91@18,11->RMUX89@17,11","RMUX91(+1,+0)->RMUX89","17","2","afexe_bitgen_20260919"
"RMUX3@18,12->RMUX15@18,12","RMUX3(+0,+0)->RMUX15","18","2","afexe_bitgen_20260919"
"RMUX3@18,12->RMUX21@18,12","RMUX3(+0,+0)->RMUX21","18","2","afexe_bitgen_20260919"
"RMUX7@18,12->RMUX25@18,12","RMUX7(+0,+0)->RMUX25","18","2","afexe_bitgen_20260919"
"RMUX8@18,12->RMUX27@17,12","RMUX8(+1,+0)->RMUX27","17","2","afexe_bitgen_20260919"
"RMUX8@18,12->RMUX37@17,12","RMUX8(+1,+0)->RMUX37","17","2","afexe_bitgen_20260919"
"RMUX15@18,12->RMUX63@17,12","RMUX15(+1,+0)->RMUX63","17","2","afexe_bitgen_20260919"
"RMUX32@18,12->RMUX33@18,10","RMUX32(+0,+2)->RMUX33","18","2","afexe_bitgen_20260919"
"RMUX38@18,12->RMUX50@17,12","RMUX38(+1,+0)->RMUX50","17","2","afexe_bitgen_20260919"
"RMUX39@18,12->RMUX52@18,11","RMUX39(+0,+1)->RMUX52","18","2","afexe_bitgen_20260919"
"RMUX39@18,12->RMUX53@18,11","RMUX39(+0,+1)->RMUX53","18","2","afexe_bitgen_20260919"
"RMUX39@18,12->RMUX58@18,11","RMUX39(+0,+1)->RMUX58","18","2","afexe_bitgen_20260919"
"RMUX44@18,12->RMUX85@18,12","RMUX44(+0,+0)->RMUX85","18","2","afexe_bitgen_20260919"
"RMUX45@18,12->RMUX86@17,12","RMUX45(+1,+0)->RMUX86","17","2","afexe_bitgen_20260919"
"RMUX49@18,12->RMUX7@19,12","RMUX49(-1,+0)->RMUX7","19","2","afexe_bitgen_20260919"
"RMUX51@18,12->RMUX15@18,12","RMUX51(+0,+0)->RMUX15","18","2","afexe_bitgen_20260919"
"RMUX57@18,12->RMUX45@18,12","RMUX57(+0,+0)->RMUX45","18","2","afexe_bitgen_20260919"
"RMUX67@18,12->RMUX72@18,12","RMUX67(+0,+0)->RMUX72","18","2","afexe_bitgen_20260919"
"RMUX68@18,12->RMUX80@17,12","RMUX68(+1,+0)->RMUX80","17","2","afexe_bitgen_20260919"
"RMUX68@18,12->RMUX85@17,12","RMUX68(+1,+0)->RMUX85","17","2","afexe_bitgen_20260919"
"RMUX73@18,12->RMUX1@18,12","RMUX73(+0,+0)->RMUX1","18","2","afexe_bitgen_20260919"
"RMUX75@18,12->RMUX10@18,11","RMUX75(+0,+1)->RMUX10","18","2","afexe_bitgen_20260919"
"RMUX86@18,12->RMUX50@19,12","RMUX86(-1,+0)->RMUX50","19","2","afexe_bitgen_20260919"
"RMUX91@18,12->RMUX72@17,12","RMUX91(+1,+0)->RMUX72","17","2","afexe_bitgen_20260919"
"RMUX91@18,12->RMUX89@17,12","RMUX91(+1,+0)->RMUX89","17","2","afexe_bitgen_20260919"
"RMUX92@18,12->RMUX81@18,12","RMUX92(+0,+0)->RMUX81","18","2","afexe_bitgen_20260919"
"RMUX3@19,1->RMUX15@19,1","RMUX3(+0,+0)->RMUX15","19","2","afexe_bitgen_20260919"
"RMUX3@19,1->RMUX21@19,1","RMUX3(+0,+0)->RMUX21","19","2","afexe_bitgen_20260919"
"RMUX8@19,1->RMUX26@18,1","RMUX8(+1,+0)->RMUX26","18","2","afexe_bitgen_20260919"
"RMUX8@19,1->RMUX27@18,1","RMUX8(+1,+0)->RMUX27","18","2","afexe_bitgen_20260919"
"RMUX8@19,1->RMUX33@18,1","RMUX8(+1,+0)->RMUX33","18","2","afexe_bitgen_20260919"
"RMUX8@19,1->RMUX37@18,1","RMUX8(+1,+0)->RMUX37","18","2","afexe_bitgen_20260919"
"RMUX9@19,1->RMUX38@19,1","RMUX9(+0,+0)->RMUX38","19","2","afexe_bitgen_20260919"
"RMUX15@19,1->RMUX63@18,1","RMUX15(+1,+0)->RMUX63","18","2","afexe_bitgen_20260919"
"RMUX25@19,1->RMUX0@19,1","RMUX25(+0,+0)->RMUX0","19","2","afexe_bitgen_20260919"
"RMUX25@19,1->RMUX1@19,1","RMUX25(+0,+0)->RMUX1","19","2","afexe_bitgen_20260919"
"RMUX27@19,1->RMUX4@19,2","RMUX27(+0,-1)->RMUX4","19","2","afexe_bitgen_20260919"
"RMUX27@19,1->RMUX11@19,2","RMUX27(+0,-1)->RMUX11","19","2","afexe_bitgen_20260919"
"RMUX27@19,1->RMUX15@19,2","RMUX27(+0,-1)->RMUX15","19","2","afexe_bitgen_20260919"
"RMUX33@19,1->RMUX45@19,1","RMUX33(+0,+0)->RMUX45","19","2","afexe_bitgen_20260919"
"RMUX37@19,1->RMUX48@19,3","RMUX37(+0,-2)->RMUX48","19","2","afexe_bitgen_20260919"
"RMUX38@19,1->RMUX50@18,1","RMUX38(+1,+0)->RMUX50","18","2","afexe_bitgen_20260919"
"RMUX45@19,1->RMUX86@18,1","RMUX45(+1,+0)->RMUX86","18","2","afexe_bitgen_20260919"
"RMUX49@19,1->RMUX7@20,1","RMUX49(-1,+0)->RMUX7","20","2","afexe_bitgen_20260919"
"RMUX51@19,1->RMUX15@19,1","RMUX51(+0,+0)->RMUX15","19","2","afexe_bitgen_20260919"
"RMUX57@19,1->RMUX45@19,1","RMUX57(+0,+0)->RMUX45","19","2","afexe_bitgen_20260919"
"RMUX57@19,1->RMUX34@19,2","RMUX57(+0,-1)->RMUX34","19","2","afexe_bitgen_20260919"
"RMUX57@19,1->RMUX38@19,2","RMUX57(+0,-1)->RMUX38","19","2","afexe_bitgen_20260919"
"RMUX68@19,1->RMUX80@18,1","RMUX68(+1,+0)->RMUX80","18","2","afexe_bitgen_20260919"
"RMUX68@19,1->RMUX85@18,1","RMUX68(+1,+0)->RMUX85","18","2","afexe_bitgen_20260919"
"RMUX80@19,1->RMUX26@19,3","RMUX80(+0,-2)->RMUX26","19","2","afexe_bitgen_20260919"
"RMUX86@19,1->RMUX50@20,1","RMUX86(-1,+0)->RMUX50","20","2","afexe_bitgen_20260919"
"RMUX91@19,1->RMUX72@18,1","RMUX91(+1,+0)->RMUX72","18","2","afexe_bitgen_20260919"
"RMUX91@19,1->RMUX89@18,1","RMUX91(+1,+0)->RMUX89","18","2","afexe_bitgen_20260919"
"RMUX92@19,1->RMUX81@19,1","RMUX92(+0,+0)->RMUX81","19","2","afexe_bitgen_20260919"
"RMUX2@19,2->RMUX18@19,1","RMUX2(+0,+1)->RMUX18","19","2","afexe_bitgen_20260919"
"RMUX3@19,2->RMUX15@19,2","RMUX3(+0,+0)->RMUX15","19","2","afexe_bitgen_20260919"
"RMUX3@19,2->RMUX21@19,2","RMUX3(+0,+0)->RMUX21","19","2","afexe_bitgen_20260919"
"RMUX8@19,2->RMUX26@18,2","RMUX8(+1,+0)->RMUX26","18","2","afexe_bitgen_20260919"
"RMUX8@19,2->RMUX27@18,2","RMUX8(+1,+0)->RMUX27","18","2","afexe_bitgen_20260919"
"RMUX8@19,2->RMUX33@18,2","RMUX8(+1,+0)->RMUX33","18","2","afexe_bitgen_20260919"
"RMUX8@19,2->RMUX37@18,2","RMUX8(+1,+0)->RMUX37","18","2","afexe_bitgen_20260919"
"RMUX9@19,2->RMUX38@19,1","RMUX9(+0,+1)->RMUX38","19","2","afexe_bitgen_20260919"
"RMUX9@19,2->RMUX38@19,2","RMUX9(+0,+0)->RMUX38","19","2","afexe_bitgen_20260919"
"RMUX15@19,2->RMUX63@18,2","RMUX15(+1,+0)->RMUX63","18","2","afexe_bitgen_20260919"
"RMUX19@19,2->RMUX88@19,1","RMUX19(+0,+1)->RMUX88","19","2","afexe_bitgen_20260919"
"RMUX19@19,2->RMUX89@19,1","RMUX19(+0,+1)->RMUX89","19","2","afexe_bitgen_20260919"
"RMUX19@19,2->RMUX95@19,1","RMUX19(+0,+1)->RMUX95","19","2","afexe_bitgen_20260919"
"RMUX25@19,2->RMUX0@19,2","RMUX25(+0,+0)->RMUX0","19","2","afexe_bitgen_20260919"
"RMUX25@19,2->RMUX1@19,2","RMUX25(+0,+0)->RMUX1","19","2","afexe_bitgen_20260919"
"RMUX33@19,2->RMUX45@19,2","RMUX33(+0,+0)->RMUX45","19","2","afexe_bitgen_20260919"
"RMUX37@19,2->RMUX48@19,4","RMUX37(+0,-2)->RMUX48","19","2","afexe_bitgen_20260919"
"RMUX38@19,2->RMUX50@18,2","RMUX38(+1,+0)->RMUX50","18","2","afexe_bitgen_20260919"
"RMUX39@19,2->RMUX52@19,1","RMUX39(+0,+1)->RMUX52","19","2","afexe_bitgen_20260919"
"RMUX39@19,2->RMUX53@19,1","RMUX39(+0,+1)->RMUX53","19","2","afexe_bitgen_20260919"
"RMUX39@19,2->RMUX58@19,1","RMUX39(+0,+1)->RMUX58","19","2","afexe_bitgen_20260919"
"RMUX45@19,2->RMUX86@18,2","RMUX45(+1,+0)->RMUX86","18","2","afexe_bitgen_20260919"
"RMUX49@19,2->RMUX7@20,2","RMUX49(-1,+0)->RMUX7","20","2","afexe_bitgen_20260919"
"RMUX51@19,2->RMUX15@19,2","RMUX51(+0,+0)->RMUX15","19","2","afexe_bitgen_20260919"
"RMUX55@19,2->RMUX31@19,1","RMUX55(+0,+1)->RMUX31","19","2","afexe_bitgen_20260919"
"RMUX68@19,2->RMUX80@18,2","RMUX68(+1,+0)->RMUX80","18","2","afexe_bitgen_20260919"
"RMUX68@19,2->RMUX85@18,2","RMUX68(+1,+0)->RMUX85","18","2","afexe_bitgen_20260919"
"RMUX69@19,2->RMUX93@19,1","RMUX69(+0,+1)->RMUX93","19","2","afexe_bitgen_20260919"
"RMUX73@19,2->RMUX0@19,4","RMUX73(+0,-2)->RMUX0","19","2","afexe_bitgen_20260919"
"RMUX75@19,2->RMUX10@19,1","RMUX75(+0,+1)->RMUX10","19","2","afexe_bitgen_20260919"
"RMUX80@19,2->RMUX26@19,4","RMUX80(+0,-2)->RMUX26","19","2","afexe_bitgen_20260919"
"RMUX86@19,2->RMUX50@20,2","RMUX86(-1,+0)->RMUX50","20","2","afexe_bitgen_20260919"
"RMUX91@19,2->RMUX72@18,2","RMUX91(+1,+0)->RMUX72","18","2","afexe_bitgen_20260919"
"RMUX91@19,2->RMUX89@18,2","RMUX91(+1,+0)->RMUX89","18","2","afexe_bitgen_20260919"
"RMUX92@19,2->RMUX81@19,2","RMUX92(+0,+0)->RMUX81","19","2","afexe_bitgen_20260919"
"RMUX2@19,3->RMUX18@19,2","RMUX2(+0,+1)->RMUX18","19","2","afexe_bitgen_20260919"
"RMUX3@19,3->RMUX15@19,3","RMUX3(+0,+0)->RMUX15","19","2","afexe_bitgen_20260919"
"RMUX3@19,3->RMUX21@19,3","RMUX3(+0,+0)->RMUX21","19","2","afexe_bitgen_20260919"
"RMUX7@19,3->RMUX25@19,3","RMUX7(+0,+0)->RMUX25","19","2","afexe_bitgen_20260919"
"RMUX8@19,3->RMUX26@18,3","RMUX8(+1,+0)->RMUX26","18","2","afexe_bitgen_20260919"
"RMUX8@19,3->RMUX27@18,3","RMUX8(+1,+0)->RMUX27","18","2","afexe_bitgen_20260919"
"RMUX8@19,3->RMUX33@18,3","RMUX8(+1,+0)->RMUX33","18","2","afexe_bitgen_20260919"
"RMUX8@19,3->RMUX37@18,3","RMUX8(+1,+0)->RMUX37","18","2","afexe_bitgen_20260919"
"RMUX9@19,3->RMUX38@19,2","RMUX9(+0,+1)->RMUX38","19","2","afexe_bitgen_20260919"
"RMUX9@19,3->RMUX38@19,3","RMUX9(+0,+0)->RMUX38","19","2","afexe_bitgen_20260919"
"RMUX14@19,3->RMUX61@19,4","RMUX14(+0,-1)->RMUX61","19","2","afexe_bitgen_20260919"
"RMUX15@19,3->RMUX63@18,3","RMUX15(+1,+0)->RMUX63","18","2","afexe_bitgen_20260919"
"RMUX19@19,3->RMUX88@19,2","RMUX19(+0,+1)->RMUX88","19","2","afexe_bitgen_20260919"
"RMUX19@19,3->RMUX89@19,2","RMUX19(+0,+1)->RMUX89","19","2","afexe_bitgen_20260919"
"RMUX19@19,3->RMUX95@19,2","RMUX19(+0,+1)->RMUX95","19","2","afexe_bitgen_20260919"
"RMUX25@19,3->RMUX0@19,3","RMUX25(+0,+0)->RMUX0","19","2","afexe_bitgen_20260919"
"RMUX25@19,3->RMUX1@19,3","RMUX25(+0,+0)->RMUX1","19","2","afexe_bitgen_20260919"
"RMUX27@19,3->RMUX4@19,4","RMUX27(+0,-1)->RMUX4","19","2","afexe_bitgen_20260919"
"RMUX27@19,3->RMUX11@19,4","RMUX27(+0,-1)->RMUX11","19","2","afexe_bitgen_20260919"
"RMUX27@19,3->RMUX15@19,4","RMUX27(+0,-1)->RMUX15","19","2","afexe_bitgen_20260919"
"RMUX32@19,3->RMUX33@19,1","RMUX32(+0,+2)->RMUX33","19","2","afexe_bitgen_20260919"
"RMUX33@19,3->RMUX45@19,3","RMUX33(+0,+0)->RMUX45","19","2","afexe_bitgen_20260919"
"RMUX37@19,3->RMUX48@19,5","RMUX37(+0,-2)->RMUX48","19","2","afexe_bitgen_20260919"
"RMUX38@19,3->RMUX50@18,3","RMUX38(+1,+0)->RMUX50","18","2","afexe_bitgen_20260919"
"RMUX39@19,3->RMUX52@19,2","RMUX39(+0,+1)->RMUX52","19","2","afexe_bitgen_20260919"
"RMUX39@19,3->RMUX53@19,2","RMUX39(+0,+1)->RMUX53","19","2","afexe_bitgen_20260919"
"RMUX39@19,3->RMUX58@19,2","RMUX39(+0,+1)->RMUX58","19","2","afexe_bitgen_20260919"
"RMUX44@19,3->RMUX85@19,3","RMUX44(+0,+0)->RMUX85","19","2","afexe_bitgen_20260919"
"RMUX45@19,3->RMUX86@18,3","RMUX45(+1,+0)->RMUX86","18","2","afexe_bitgen_20260919"
"RMUX49@19,3->RMUX7@20,3","RMUX49(-1,+0)->RMUX7","20","2","afexe_bitgen_20260919"
"RMUX51@19,3->RMUX15@19,3","RMUX51(+0,+0)->RMUX15","19","2","afexe_bitgen_20260919"
"RMUX55@19,3->RMUX24@19,1","RMUX55(+0,+2)->RMUX24","19","2","afexe_bitgen_20260919"
"RMUX55@19,3->RMUX31@19,2","RMUX55(+0,+1)->RMUX31","19","2","afexe_bitgen_20260919"
"RMUX57@19,3->RMUX45@19,3","RMUX57(+0,+0)->RMUX45","19","2","afexe_bitgen_20260919"
"RMUX57@19,3->RMUX34@19,4","RMUX57(+0,-1)->RMUX34","19","2","afexe_bitgen_20260919"
"RMUX57@19,3->RMUX38@19,4","RMUX57(+0,-1)->RMUX38","19","2","afexe_bitgen_20260919"
"RMUX67@19,3->RMUX72@19,3","RMUX67(+0,+0)->RMUX72","19","2","afexe_bitgen_20260919"
"RMUX67@19,3->RMUX94@19,4","RMUX67(+0,-1)->RMUX94","19","2","afexe_bitgen_20260919"
"RMUX68@19,3->RMUX80@18,3","RMUX68(+1,+0)->RMUX80","18","2","afexe_bitgen_20260919"
"RMUX68@19,3->RMUX85@18,3","RMUX68(+1,+0)->RMUX85","18","2","afexe_bitgen_20260919"
"RMUX69@19,3->RMUX93@19,2","RMUX69(+0,+1)->RMUX93","19","2","afexe_bitgen_20260919"
"RMUX73@19,3->RMUX1@19,3","RMUX73(+0,+0)->RMUX1","19","2","afexe_bitgen_20260919"
"RMUX73@19,3->RMUX0@19,5","RMUX73(+0,-2)->RMUX0","19","2","afexe_bitgen_20260919"
"RMUX75@19,3->RMUX10@19,2","RMUX75(+0,+1)->RMUX10","19","2","afexe_bitgen_20260919"
"RMUX80@19,3->RMUX26@19,5","RMUX80(+0,-2)->RMUX26","19","2","afexe_bitgen_20260919"
"RMUX86@19,3->RMUX50@20,3","RMUX86(-1,+0)->RMUX50","20","2","afexe_bitgen_20260919"
"RMUX91@19,3->RMUX72@18,3","RMUX91(+1,+0)->RMUX72","18","2","afexe_bitgen_20260919"
"RMUX91@19,3->RMUX89@18,3","RMUX91(+1,+0)->RMUX89","18","2","afexe_bitgen_20260919"
"RMUX92@19,3->RMUX81@19,3","RMUX92(+0,+0)->RMUX81","19","2","afexe_bitgen_20260919"
"RMUX2@19,4->RMUX18@19,3","RMUX2(+0,+1)->RMUX18","19","2","afexe_bitgen_20260919"
"RMUX3@19,4->RMUX15@19,4","RMUX3(+0,+0)->RMUX15","19","2","afexe_bitgen_20260919"
"RMUX3@19,4->RMUX21@19,4","RMUX3(+0,+0)->RMUX21","19","2","afexe_bitgen_20260919"
"RMUX7@19,4->RMUX25@19,4","RMUX7(+0,+0)->RMUX25","19","2","afexe_bitgen_20260919"
"RMUX8@19,4->RMUX26@18,4","RMUX8(+1,+0)->RMUX26","18","2","afexe_bitgen_20260919"
"RMUX8@19,4->RMUX27@18,4","RMUX8(+1,+0)->RMUX27","18","2","afexe_bitgen_20260919"
"RMUX8@19,4->RMUX33@18,4","RMUX8(+1,+0)->RMUX33","18","2","afexe_bitgen_20260919"
"RMUX8@19,4->RMUX37@18,4","RMUX8(+1,+0)->RMUX37","18","2","afexe_bitgen_20260919"
"RMUX14@19,4->RMUX61@19,5","RMUX14(+0,-1)->RMUX61","19","2","afexe_bitgen_20260919"
"RMUX15@19,4->RMUX63@18,4","RMUX15(+1,+0)->RMUX63","18","2","afexe_bitgen_20260919"
"RMUX19@19,4->RMUX88@19,3","RMUX19(+0,+1)->RMUX88","19","2","afexe_bitgen_20260919"
"RMUX19@19,4->RMUX89@19,3","RMUX19(+0,+1)->RMUX89","19","2","afexe_bitgen_20260919"
"RMUX19@19,4->RMUX95@19,3","RMUX19(+0,+1)->RMUX95","19","2","afexe_bitgen_20260919"
"RMUX25@19,4->RMUX0@19,1","RMUX25(+0,+3)->RMUX0","19","2","afexe_bitgen_20260919"
"RMUX25@19,4->RMUX0@19,4","RMUX25(+0,+0)->RMUX0","19","2","afexe_bitgen_20260919"
"RMUX25@19,4->RMUX1@19,4","RMUX25(+0,+0)->RMUX1","19","2","afexe_bitgen_20260919"
"RMUX27@19,4->RMUX4@19,5","RMUX27(+0,-1)->RMUX4","19","2","afexe_bitgen_20260919"
"RMUX27@19,4->RMUX11@19,5","RMUX27(+0,-1)->RMUX11","19","2","afexe_bitgen_20260919"
"RMUX27@19,4->RMUX15@19,5","RMUX27(+0,-1)->RMUX15","19","2","afexe_bitgen_20260919"
"RMUX32@19,4->RMUX33@19,2","RMUX32(+0,+2)->RMUX33","19","2","afexe_bitgen_20260919"
"RMUX33@19,4->RMUX45@19,4","RMUX33(+0,+0)->RMUX45","19","2","afexe_bitgen_20260919"
"RMUX37@19,4->RMUX48@19,6","RMUX37(+0,-2)->RMUX48","19","2","afexe_bitgen_20260919"
"RMUX38@19,4->RMUX50@18,4","RMUX38(+1,+0)->RMUX50","18","2","afexe_bitgen_20260919"
"RMUX39@19,4->RMUX52@19,3","RMUX39(+0,+1)->RMUX52","19","2","afexe_bitgen_20260919"
"RMUX39@19,4->RMUX53@19,3","RMUX39(+0,+1)->RMUX53","19","2","afexe_bitgen_20260919"
"RMUX39@19,4->RMUX58@19,3","RMUX39(+0,+1)->RMUX58","19","2","afexe_bitgen_20260919"
"RMUX44@19,4->RMUX85@19,4","RMUX44(+0,+0)->RMUX85","19","2","afexe_bitgen_20260919"
"RMUX45@19,4->RMUX86@18,4","RMUX45(+1,+0)->RMUX86","18","2","afexe_bitgen_20260919"
"RMUX51@19,4->RMUX15@19,4","RMUX51(+0,+0)->RMUX15","19","2","afexe_bitgen_20260919"
"RMUX55@19,4->RMUX24@19,2","RMUX55(+0,+2)->RMUX24","19","2","afexe_bitgen_20260919"
"RMUX55@19,4->RMUX31@19,3","RMUX55(+0,+1)->RMUX31","19","2","afexe_bitgen_20260919"
"RMUX57@19,4->RMUX45@19,4","RMUX57(+0,+0)->RMUX45","19","2","afexe_bitgen_20260919"
"RMUX57@19,4->RMUX34@19,5","RMUX57(+0,-1)->RMUX34","19","2","afexe_bitgen_20260919"
"RMUX57@19,4->RMUX38@19,5","RMUX57(+0,-1)->RMUX38","19","2","afexe_bitgen_20260919"
"RMUX67@19,4->RMUX72@19,4","RMUX67(+0,+0)->RMUX72","19","2","afexe_bitgen_20260919"
"RMUX67@19,4->RMUX94@19,5","RMUX67(+0,-1)->RMUX94","19","2","afexe_bitgen_20260919"
"RMUX68@19,4->RMUX80@18,4","RMUX68(+1,+0)->RMUX80","18","2","afexe_bitgen_20260919"
"RMUX68@19,4->RMUX85@18,4","RMUX68(+1,+0)->RMUX85","18","2","afexe_bitgen_20260919"
"RMUX69@19,4->RMUX93@19,3","RMUX69(+0,+1)->RMUX93","19","2","afexe_bitgen_20260919"
"RMUX73@19,4->RMUX1@19,4","RMUX73(+0,+0)->RMUX1","19","2","afexe_bitgen_20260919"
"RMUX73@19,4->RMUX0@19,6","RMUX73(+0,-2)->RMUX0","19","2","afexe_bitgen_20260919"
"RMUX75@19,4->RMUX10@19,3","RMUX75(+0,+1)->RMUX10","19","2","afexe_bitgen_20260919"
"RMUX80@19,4->RMUX26@19,6","RMUX80(+0,-2)->RMUX26","19","2","afexe_bitgen_20260919"
"RMUX86@19,4->RMUX50@20,4","RMUX86(-1,+0)->RMUX50","20","2","afexe_bitgen_20260919"
"RMUX91@19,4->RMUX72@18,4","RMUX91(+1,+0)->RMUX72","18","2","afexe_bitgen_20260919"
"RMUX91@19,4->RMUX89@18,4","RMUX91(+1,+0)->RMUX89","18","2","afexe_bitgen_20260919"
"RMUX92@19,4->RMUX81@19,4","RMUX92(+0,+0)->RMUX81","19","2","afexe_bitgen_20260919"
"RMUX2@19,5->RMUX18@19,4","RMUX2(+0,+1)->RMUX18","19","2","afexe_bitgen_20260919"
"RMUX3@19,5->RMUX15@19,5","RMUX3(+0,+0)->RMUX15","19","2","afexe_bitgen_20260919"
"RMUX3@19,5->RMUX21@19,5","RMUX3(+0,+0)->RMUX21","19","2","afexe_bitgen_20260919"
"RMUX7@19,5->RMUX25@19,5","RMUX7(+0,+0)->RMUX25","19","2","afexe_bitgen_20260919"
"RMUX8@19,5->RMUX26@18,5","RMUX8(+1,+0)->RMUX26","18","2","afexe_bitgen_20260919"
"RMUX8@19,5->RMUX27@18,5","RMUX8(+1,+0)->RMUX27","18","2","afexe_bitgen_20260919"
"RMUX8@19,5->RMUX33@18,5","RMUX8(+1,+0)->RMUX33","18","2","afexe_bitgen_20260919"
"RMUX8@19,5->RMUX37@18,5","RMUX8(+1,+0)->RMUX37","18","2","afexe_bitgen_20260919"
"RMUX9@19,5->RMUX38@19,4","RMUX9(+0,+1)->RMUX38","19","2","afexe_bitgen_20260919"
"RMUX9@19,5->RMUX38@19,5","RMUX9(+0,+0)->RMUX38","19","2","afexe_bitgen_20260919"
"RMUX14@19,5->RMUX61@19,6","RMUX14(+0,-1)->RMUX61","19","2","afexe_bitgen_20260919"
"RMUX15@19,5->RMUX63@18,5","RMUX15(+1,+0)->RMUX63","18","2","afexe_bitgen_20260919"
"RMUX19@19,5->RMUX88@19,4","RMUX19(+0,+1)->RMUX88","19","2","afexe_bitgen_20260919"
"RMUX19@19,5->RMUX89@19,4","RMUX19(+0,+1)->RMUX89","19","2","afexe_bitgen_20260919"
"RMUX19@19,5->RMUX95@19,4","RMUX19(+0,+1)->RMUX95","19","2","afexe_bitgen_20260919"
"RMUX25@19,5->RMUX0@19,2","RMUX25(+0,+3)->RMUX0","19","2","afexe_bitgen_20260919"
"RMUX25@19,5->RMUX0@19,5","RMUX25(+0,+0)->RMUX0","19","2","afexe_bitgen_20260919"
"RMUX25@19,5->RMUX1@19,5","RMUX25(+0,+0)->RMUX1","19","2","afexe_bitgen_20260919"
"RMUX27@19,5->RMUX4@19,6","RMUX27(+0,-1)->RMUX4","19","2","afexe_bitgen_20260919"
"RMUX27@19,5->RMUX11@19,6","RMUX27(+0,-1)->RMUX11","19","2","afexe_bitgen_20260919"
"RMUX27@19,5->RMUX15@19,6","RMUX27(+0,-1)->RMUX15","19","2","afexe_bitgen_20260919"
"RMUX32@19,5->RMUX33@19,3","RMUX32(+0,+2)->RMUX33","19","2","afexe_bitgen_20260919"
"RMUX33@19,5->RMUX45@19,5","RMUX33(+0,+0)->RMUX45","19","2","afexe_bitgen_20260919"
"RMUX37@19,5->RMUX48@19,7","RMUX37(+0,-2)->RMUX48","19","2","afexe_bitgen_20260919"
"RMUX38@19,5->RMUX50@18,5","RMUX38(+1,+0)->RMUX50","18","2","afexe_bitgen_20260919"
"RMUX39@19,5->RMUX52@19,4","RMUX39(+0,+1)->RMUX52","19","2","afexe_bitgen_20260919"
"RMUX39@19,5->RMUX53@19,4","RMUX39(+0,+1)->RMUX53","19","2","afexe_bitgen_20260919"
"RMUX39@19,5->RMUX58@19,4","RMUX39(+0,+1)->RMUX58","19","2","afexe_bitgen_20260919"
"RMUX44@19,5->RMUX85@19,5","RMUX44(+0,+0)->RMUX85","19","2","afexe_bitgen_20260919"
"RMUX45@19,5->RMUX86@18,5","RMUX45(+1,+0)->RMUX86","18","2","afexe_bitgen_20260919"
"RMUX49@19,5->RMUX7@20,5","RMUX49(-1,+0)->RMUX7","20","2","afexe_bitgen_20260919"
"RMUX51@19,5->RMUX15@19,5","RMUX51(+0,+0)->RMUX15","19","2","afexe_bitgen_20260919"
"RMUX55@19,5->RMUX24@19,3","RMUX55(+0,+2)->RMUX24","19","2","afexe_bitgen_20260919"
"RMUX55@19,5->RMUX31@19,4","RMUX55(+0,+1)->RMUX31","19","2","afexe_bitgen_20260919"
"RMUX57@19,5->RMUX45@19,5","RMUX57(+0,+0)->RMUX45","19","2","afexe_bitgen_20260919"
"RMUX57@19,5->RMUX34@19,6","RMUX57(+0,-1)->RMUX34","19","2","afexe_bitgen_20260919"
"RMUX57@19,5->RMUX38@19,6","RMUX57(+0,-1)->RMUX38","19","2","afexe_bitgen_20260919"
"RMUX67@19,5->RMUX72@19,5","RMUX67(+0,+0)->RMUX72","19","2","afexe_bitgen_20260919"
"RMUX67@19,5->RMUX94@19,6","RMUX67(+0,-1)->RMUX94","19","2","afexe_bitgen_20260919"
"RMUX68@19,5->RMUX80@18,5","RMUX68(+1,+0)->RMUX80","18","2","afexe_bitgen_20260919"
"RMUX68@19,5->RMUX85@18,5","RMUX68(+1,+0)->RMUX85","18","2","afexe_bitgen_20260919"
"RMUX69@19,5->RMUX93@19,4","RMUX69(+0,+1)->RMUX93","19","2","afexe_bitgen_20260919"
"RMUX73@19,5->RMUX1@19,5","RMUX73(+0,+0)->RMUX1","19","2","afexe_bitgen_20260919"
"RMUX73@19,5->RMUX0@19,7","RMUX73(+0,-2)->RMUX0","19","2","afexe_bitgen_20260919"
"RMUX75@19,5->RMUX10@19,4","RMUX75(+0,+1)->RMUX10","19","2","afexe_bitgen_20260919"
"RMUX80@19,5->RMUX26@19,7","RMUX80(+0,-2)->RMUX26","19","2","afexe_bitgen_20260919"
"RMUX86@19,5->RMUX50@20,5","RMUX86(-1,+0)->RMUX50","20","2","afexe_bitgen_20260919"
"RMUX91@19,5->RMUX72@18,5","RMUX91(+1,+0)->RMUX72","18","2","afexe_bitgen_20260919"
"RMUX91@19,5->RMUX89@18,5","RMUX91(+1,+0)->RMUX89","18","2","afexe_bitgen_20260919"
"RMUX92@19,5->RMUX81@19,5","RMUX92(+0,+0)->RMUX81","19","2","afexe_bitgen_20260919"
"RMUX2@19,6->RMUX18@19,5","RMUX2(+0,+1)->RMUX18","19","2","afexe_bitgen_20260919"
"RMUX3@19,6->RMUX15@19,6","RMUX3(+0,+0)->RMUX15","19","2","afexe_bitgen_20260919"
"RMUX3@19,6->RMUX21@19,6","RMUX3(+0,+0)->RMUX21","19","2","afexe_bitgen_20260919"
"RMUX7@19,6->RMUX25@19,6","RMUX7(+0,+0)->RMUX25","19","2","afexe_bitgen_20260919"
"RMUX8@19,6->RMUX26@18,6","RMUX8(+1,+0)->RMUX26","18","2","afexe_bitgen_20260919"
"RMUX8@19,6->RMUX27@18,6","RMUX8(+1,+0)->RMUX27","18","2","afexe_bitgen_20260919"
"RMUX8@19,6->RMUX33@18,6","RMUX8(+1,+0)->RMUX33","18","2","afexe_bitgen_20260919"
"RMUX8@19,6->RMUX37@18,6","RMUX8(+1,+0)->RMUX37","18","2","afexe_bitgen_20260919"
"RMUX9@19,6->RMUX38@19,5","RMUX9(+0,+1)->RMUX38","19","2","afexe_bitgen_20260919"
"RMUX9@19,6->RMUX38@19,6","RMUX9(+0,+0)->RMUX38","19","2","afexe_bitgen_20260919"
"RMUX14@19,6->RMUX61@19,7","RMUX14(+0,-1)->RMUX61","19","2","afexe_bitgen_20260919"
"RMUX15@19,6->RMUX63@18,6","RMUX15(+1,+0)->RMUX63","18","2","afexe_bitgen_20260919"
"RMUX19@19,6->RMUX88@19,5","RMUX19(+0,+1)->RMUX88","19","2","afexe_bitgen_20260919"
"RMUX19@19,6->RMUX89@19,5","RMUX19(+0,+1)->RMUX89","19","2","afexe_bitgen_20260919"
"RMUX19@19,6->RMUX95@19,5","RMUX19(+0,+1)->RMUX95","19","2","afexe_bitgen_20260919"
"RMUX25@19,6->RMUX0@19,3","RMUX25(+0,+3)->RMUX0","19","2","afexe_bitgen_20260919"
"RMUX25@19,6->RMUX0@19,6","RMUX25(+0,+0)->RMUX0","19","2","afexe_bitgen_20260919"
"RMUX25@19,6->RMUX1@19,6","RMUX25(+0,+0)->RMUX1","19","2","afexe_bitgen_20260919"
"RMUX27@19,6->RMUX4@19,7","RMUX27(+0,-1)->RMUX4","19","2","afexe_bitgen_20260919"
"RMUX27@19,6->RMUX11@19,7","RMUX27(+0,-1)->RMUX11","19","2","afexe_bitgen_20260919"
"RMUX27@19,6->RMUX15@19,7","RMUX27(+0,-1)->RMUX15","19","2","afexe_bitgen_20260919"
"RMUX37@19,6->RMUX48@19,8","RMUX37(+0,-2)->RMUX48","19","2","afexe_bitgen_20260919"
"RMUX38@19,6->RMUX50@18,6","RMUX38(+1,+0)->RMUX50","18","2","afexe_bitgen_20260919"
"RMUX39@19,6->RMUX52@19,5","RMUX39(+0,+1)->RMUX52","19","2","afexe_bitgen_20260919"
"RMUX39@19,6->RMUX53@19,5","RMUX39(+0,+1)->RMUX53","19","2","afexe_bitgen_20260919"
"RMUX39@19,6->RMUX58@19,5","RMUX39(+0,+1)->RMUX58","19","2","afexe_bitgen_20260919"
"RMUX44@19,6->RMUX85@19,6","RMUX44(+0,+0)->RMUX85","19","2","afexe_bitgen_20260919"
"RMUX45@19,6->RMUX86@18,6","RMUX45(+1,+0)->RMUX86","18","2","afexe_bitgen_20260919"
"RMUX49@19,6->RMUX7@20,6","RMUX49(-1,+0)->RMUX7","20","2","afexe_bitgen_20260919"
"RMUX51@19,6->RMUX15@19,6","RMUX51(+0,+0)->RMUX15","19","2","afexe_bitgen_20260919"
"RMUX55@19,6->RMUX24@19,4","RMUX55(+0,+2)->RMUX24","19","2","afexe_bitgen_20260919"
"RMUX55@19,6->RMUX31@19,5","RMUX55(+0,+1)->RMUX31","19","2","afexe_bitgen_20260919"
"RMUX57@19,6->RMUX45@19,6","RMUX57(+0,+0)->RMUX45","19","2","afexe_bitgen_20260919"
"RMUX57@19,6->RMUX34@19,7","RMUX57(+0,-1)->RMUX34","19","2","afexe_bitgen_20260919"
"RMUX57@19,6->RMUX38@19,7","RMUX57(+0,-1)->RMUX38","19","2","afexe_bitgen_20260919"
"RMUX67@19,6->RMUX72@19,6","RMUX67(+0,+0)->RMUX72","19","2","afexe_bitgen_20260919"
"RMUX67@19,6->RMUX94@19,7","RMUX67(+0,-1)->RMUX94","19","2","afexe_bitgen_20260919"
"RMUX68@19,6->RMUX80@18,6","RMUX68(+1,+0)->RMUX80","18","2","afexe_bitgen_20260919"
"RMUX68@19,6->RMUX85@18,6","RMUX68(+1,+0)->RMUX85","18","2","afexe_bitgen_20260919"
"RMUX69@19,6->RMUX93@19,5","RMUX69(+0,+1)->RMUX93","19","2","afexe_bitgen_20260919"
"RMUX73@19,6->RMUX1@19,6","RMUX73(+0,+0)->RMUX1","19","2","afexe_bitgen_20260919"
"RMUX73@19,6->RMUX0@19,8","RMUX73(+0,-2)->RMUX0","19","2","afexe_bitgen_20260919"
"RMUX75@19,6->RMUX10@19,5","RMUX75(+0,+1)->RMUX10","19","2","afexe_bitgen_20260919"
"RMUX80@19,6->RMUX26@19,8","RMUX80(+0,-2)->RMUX26","19","2","afexe_bitgen_20260919"
"RMUX86@19,6->RMUX50@20,6","RMUX86(-1,+0)->RMUX50","20","2","afexe_bitgen_20260919"
"RMUX91@19,6->RMUX72@18,6","RMUX91(+1,+0)->RMUX72","18","2","afexe_bitgen_20260919"
"RMUX91@19,6->RMUX89@18,6","RMUX91(+1,+0)->RMUX89","18","2","afexe_bitgen_20260919"
"RMUX92@19,6->RMUX81@19,6","RMUX92(+0,+0)->RMUX81","19","2","afexe_bitgen_20260919"
"RMUX2@19,7->RMUX18@19,6","RMUX2(+0,+1)->RMUX18","19","2","afexe_bitgen_20260919"
"RMUX3@19,7->RMUX15@19,7","RMUX3(+0,+0)->RMUX15","19","2","afexe_bitgen_20260919"
"RMUX7@19,7->RMUX25@19,7","RMUX7(+0,+0)->RMUX25","19","2","afexe_bitgen_20260919"
"RMUX8@19,7->RMUX26@18,7","RMUX8(+1,+0)->RMUX26","18","2","afexe_bitgen_20260919"
"RMUX8@19,7->RMUX27@18,7","RMUX8(+1,+0)->RMUX27","18","2","afexe_bitgen_20260919"
"RMUX8@19,7->RMUX33@18,7","RMUX8(+1,+0)->RMUX33","18","2","afexe_bitgen_20260919"
"RMUX8@19,7->RMUX37@18,7","RMUX8(+1,+0)->RMUX37","18","2","afexe_bitgen_20260919"
"RMUX9@19,7->RMUX38@19,6","RMUX9(+0,+1)->RMUX38","19","2","afexe_bitgen_20260919"
"RMUX14@19,7->RMUX61@19,8","RMUX14(+0,-1)->RMUX61","19","2","afexe_bitgen_20260919"
"RMUX15@19,7->RMUX63@18,7","RMUX15(+1,+0)->RMUX63","18","2","afexe_bitgen_20260919"
"RMUX19@19,7->RMUX88@19,6","RMUX19(+0,+1)->RMUX88","19","2","afexe_bitgen_20260919"
"RMUX19@19,7->RMUX89@19,6","RMUX19(+0,+1)->RMUX89","19","2","afexe_bitgen_20260919"
"RMUX19@19,7->RMUX95@19,6","RMUX19(+0,+1)->RMUX95","19","2","afexe_bitgen_20260919"
"RMUX25@19,7->RMUX0@19,4","RMUX25(+0,+3)->RMUX0","19","2","afexe_bitgen_20260919"
"RMUX25@19,7->RMUX0@19,7","RMUX25(+0,+0)->RMUX0","19","2","afexe_bitgen_20260919"
"RMUX25@19,7->RMUX1@19,7","RMUX25(+0,+0)->RMUX1","19","2","afexe_bitgen_20260919"
"RMUX27@19,7->RMUX4@19,8","RMUX27(+0,-1)->RMUX4","19","2","afexe_bitgen_20260919"
"RMUX27@19,7->RMUX11@19,8","RMUX27(+0,-1)->RMUX11","19","2","afexe_bitgen_20260919"
"RMUX27@19,7->RMUX15@19,8","RMUX27(+0,-1)->RMUX15","19","2","afexe_bitgen_20260919"
"RMUX37@19,7->RMUX48@19,9","RMUX37(+0,-2)->RMUX48","19","2","afexe_bitgen_20260919"
"RMUX38@19,7->RMUX50@18,7","RMUX38(+1,+0)->RMUX50","18","2","afexe_bitgen_20260919"
"RMUX39@19,7->RMUX52@19,6","RMUX39(+0,+1)->RMUX52","19","2","afexe_bitgen_20260919"
"RMUX39@19,7->RMUX53@19,6","RMUX39(+0,+1)->RMUX53","19","2","afexe_bitgen_20260919"
"RMUX39@19,7->RMUX58@19,6","RMUX39(+0,+1)->RMUX58","19","2","afexe_bitgen_20260919"
"RMUX44@19,7->RMUX85@19,7","RMUX44(+0,+0)->RMUX85","19","2","afexe_bitgen_20260919"
"RMUX45@19,7->RMUX86@18,7","RMUX45(+1,+0)->RMUX86","18","2","afexe_bitgen_20260919"
"RMUX49@19,7->RMUX7@20,7","RMUX49(-1,+0)->RMUX7","20","2","afexe_bitgen_20260919"
"RMUX51@19,7->RMUX15@19,7","RMUX51(+0,+0)->RMUX15","19","2","afexe_bitgen_20260919"
"RMUX55@19,7->RMUX24@19,5","RMUX55(+0,+2)->RMUX24","19","2","afexe_bitgen_20260919"
"RMUX55@19,7->RMUX31@19,6","RMUX55(+0,+1)->RMUX31","19","2","afexe_bitgen_20260919"
"RMUX57@19,7->RMUX45@19,7","RMUX57(+0,+0)->RMUX45","19","2","afexe_bitgen_20260919"
"RMUX57@19,7->RMUX34@19,8","RMUX57(+0,-1)->RMUX34","19","2","afexe_bitgen_20260919"
"RMUX57@19,7->RMUX38@19,8","RMUX57(+0,-1)->RMUX38","19","2","afexe_bitgen_20260919"
"RMUX67@19,7->RMUX72@19,7","RMUX67(+0,+0)->RMUX72","19","2","afexe_bitgen_20260919"
"RMUX67@19,7->RMUX94@19,8","RMUX67(+0,-1)->RMUX94","19","2","afexe_bitgen_20260919"
"RMUX68@19,7->RMUX80@18,7","RMUX68(+1,+0)->RMUX80","18","2","afexe_bitgen_20260919"
"RMUX68@19,7->RMUX85@18,7","RMUX68(+1,+0)->RMUX85","18","2","afexe_bitgen_20260919"
"RMUX69@19,7->RMUX93@19,6","RMUX69(+0,+1)->RMUX93","19","2","afexe_bitgen_20260919"
"RMUX73@19,7->RMUX1@19,7","RMUX73(+0,+0)->RMUX1","19","2","afexe_bitgen_20260919"
"RMUX73@19,7->RMUX0@19,9","RMUX73(+0,-2)->RMUX0","19","2","afexe_bitgen_20260919"
"RMUX75@19,7->RMUX10@19,6","RMUX75(+0,+1)->RMUX10","19","2","afexe_bitgen_20260919"
"RMUX80@19,7->RMUX26@19,9","RMUX80(+0,-2)->RMUX26","19","2","afexe_bitgen_20260919"
"RMUX86@19,7->RMUX50@20,7","RMUX86(-1,+0)->RMUX50","20","2","afexe_bitgen_20260919"
"RMUX91@19,7->RMUX72@18,7","RMUX91(+1,+0)->RMUX72","18","2","afexe_bitgen_20260919"
"RMUX91@19,7->RMUX89@18,7","RMUX91(+1,+0)->RMUX89","18","2","afexe_bitgen_20260919"
"RMUX92@19,7->RMUX81@19,7","RMUX92(+0,+0)->RMUX81","19","2","afexe_bitgen_20260919"
"RMUX2@19,8->RMUX18@19,7","RMUX2(+0,+1)->RMUX18","19","2","afexe_bitgen_20260919"
"RMUX3@19,8->RMUX15@19,8","RMUX3(+0,+0)->RMUX15","19","2","afexe_bitgen_20260919"
"RMUX7@19,8->RMUX25@19,8","RMUX7(+0,+0)->RMUX25","19","2","afexe_bitgen_20260919"
"RMUX8@19,8->RMUX26@18,8","RMUX8(+1,+0)->RMUX26","18","2","afexe_bitgen_20260919"
"RMUX8@19,8->RMUX27@18,8","RMUX8(+1,+0)->RMUX27","18","2","afexe_bitgen_20260919"
"RMUX8@19,8->RMUX37@18,8","RMUX8(+1,+0)->RMUX37","18","2","afexe_bitgen_20260919"
"RMUX9@19,8->RMUX38@19,8","RMUX9(+0,+0)->RMUX38","19","2","afexe_bitgen_20260919"
"RMUX14@19,8->RMUX61@19,9","RMUX14(+0,-1)->RMUX61","19","2","afexe_bitgen_20260919"
"RMUX15@19,8->RMUX63@18,8","RMUX15(+1,+0)->RMUX63","18","2","afexe_bitgen_20260919"
"RMUX19@19,8->RMUX88@19,7","RMUX19(+0,+1)->RMUX88","19","2","afexe_bitgen_20260919"
"RMUX19@19,8->RMUX89@19,7","RMUX19(+0,+1)->RMUX89","19","2","afexe_bitgen_20260919"
"RMUX19@19,8->RMUX95@19,7","RMUX19(+0,+1)->RMUX95","19","2","afexe_bitgen_20260919"
"RMUX25@19,8->RMUX0@19,5","RMUX25(+0,+3)->RMUX0","19","2","afexe_bitgen_20260919"
"RMUX25@19,8->RMUX0@19,8","RMUX25(+0,+0)->RMUX0","19","2","afexe_bitgen_20260919"
"RMUX25@19,8->RMUX1@19,8","RMUX25(+0,+0)->RMUX1","19","2","afexe_bitgen_20260919"
"RMUX27@19,8->RMUX4@19,9","RMUX27(+0,-1)->RMUX4","19","2","afexe_bitgen_20260919"
"RMUX27@19,8->RMUX11@19,9","RMUX27(+0,-1)->RMUX11","19","2","afexe_bitgen_20260919"
"RMUX27@19,8->RMUX15@19,9","RMUX27(+0,-1)->RMUX15","19","2","afexe_bitgen_20260919"
"RMUX32@19,8->RMUX33@19,6","RMUX32(+0,+2)->RMUX33","19","2","afexe_bitgen_20260919"
"RMUX37@19,8->RMUX48@19,10","RMUX37(+0,-2)->RMUX48","19","2","afexe_bitgen_20260919"
"RMUX38@19,8->RMUX50@18,8","RMUX38(+1,+0)->RMUX50","18","2","afexe_bitgen_20260919"
"RMUX39@19,8->RMUX52@19,7","RMUX39(+0,+1)->RMUX52","19","2","afexe_bitgen_20260919"
"RMUX39@19,8->RMUX53@19,7","RMUX39(+0,+1)->RMUX53","19","2","afexe_bitgen_20260919"
"RMUX39@19,8->RMUX58@19,7","RMUX39(+0,+1)->RMUX58","19","2","afexe_bitgen_20260919"
"RMUX45@19,8->RMUX86@18,8","RMUX45(+1,+0)->RMUX86","18","2","afexe_bitgen_20260919"
"RMUX49@19,8->RMUX7@20,8","RMUX49(-1,+0)->RMUX7","20","2","afexe_bitgen_20260919"
"RMUX51@19,8->RMUX15@19,8","RMUX51(+0,+0)->RMUX15","19","2","afexe_bitgen_20260919"
"RMUX55@19,8->RMUX24@19,6","RMUX55(+0,+2)->RMUX24","19","2","afexe_bitgen_20260919"
"RMUX57@19,8->RMUX45@19,8","RMUX57(+0,+0)->RMUX45","19","2","afexe_bitgen_20260919"
"RMUX57@19,8->RMUX34@19,9","RMUX57(+0,-1)->RMUX34","19","2","afexe_bitgen_20260919"
"RMUX57@19,8->RMUX38@19,9","RMUX57(+0,-1)->RMUX38","19","2","afexe_bitgen_20260919"
"RMUX67@19,8->RMUX72@19,8","RMUX67(+0,+0)->RMUX72","19","2","afexe_bitgen_20260919"
"RMUX67@19,8->RMUX94@19,9","RMUX67(+0,-1)->RMUX94","19","2","afexe_bitgen_20260919"
"RMUX68@19,8->RMUX80@18,8","RMUX68(+1,+0)->RMUX80","18","2","afexe_bitgen_20260919"
"RMUX68@19,8->RMUX85@18,8","RMUX68(+1,+0)->RMUX85","18","2","afexe_bitgen_20260919"
"RMUX69@19,8->RMUX93@19,7","RMUX69(+0,+1)->RMUX93","19","2","afexe_bitgen_20260919"
"RMUX73@19,8->RMUX1@19,8","RMUX73(+0,+0)->RMUX1","19","2","afexe_bitgen_20260919"
"RMUX73@19,8->RMUX0@19,10","RMUX73(+0,-2)->RMUX0","19","2","afexe_bitgen_20260919"
"RMUX75@19,8->RMUX10@19,7","RMUX75(+0,+1)->RMUX10","19","2","afexe_bitgen_20260919"
"RMUX80@19,8->RMUX26@19,10","RMUX80(+0,-2)->RMUX26","19","2","afexe_bitgen_20260919"
"RMUX86@19,8->RMUX50@20,8","RMUX86(-1,+0)->RMUX50","20","2","afexe_bitgen_20260919"
"RMUX91@19,8->RMUX72@18,8","RMUX91(+1,+0)->RMUX72","18","2","afexe_bitgen_20260919"
"RMUX91@19,8->RMUX89@18,8","RMUX91(+1,+0)->RMUX89","18","2","afexe_bitgen_20260919"
"RMUX92@19,8->RMUX81@19,8","RMUX92(+0,+0)->RMUX81","19","2","afexe_bitgen_20260919"
"RMUX2@19,9->RMUX18@19,8","RMUX2(+0,+1)->RMUX18","19","2","afexe_bitgen_20260919"
"RMUX3@19,9->RMUX15@19,9","RMUX3(+0,+0)->RMUX15","19","2","afexe_bitgen_20260919"
"RMUX3@19,9->RMUX21@19,9","RMUX3(+0,+0)->RMUX21","19","2","afexe_bitgen_20260919"
"RMUX7@19,9->RMUX25@19,9","RMUX7(+0,+0)->RMUX25","19","2","afexe_bitgen_20260919"
"RMUX8@19,9->RMUX26@18,9","RMUX8(+1,+0)->RMUX26","18","2","afexe_bitgen_20260919"
"RMUX8@19,9->RMUX33@18,9","RMUX8(+1,+0)->RMUX33","18","2","afexe_bitgen_20260919"
"RMUX8@19,9->RMUX37@18,9","RMUX8(+1,+0)->RMUX37","18","2","afexe_bitgen_20260919"
"RMUX9@19,9->RMUX38@19,8","RMUX9(+0,+1)->RMUX38","19","2","afexe_bitgen_20260919"
"RMUX9@19,9->RMUX38@19,9","RMUX9(+0,+0)->RMUX38","19","2","afexe_bitgen_20260919"
"RMUX14@19,9->RMUX61@19,10","RMUX14(+0,-1)->RMUX61","19","2","afexe_bitgen_20260919"
"RMUX15@19,9->RMUX63@18,9","RMUX15(+1,+0)->RMUX63","18","2","afexe_bitgen_20260919"
"RMUX19@19,9->RMUX88@19,8","RMUX19(+0,+1)->RMUX88","19","2","afexe_bitgen_20260919"
"RMUX19@19,9->RMUX89@19,8","RMUX19(+0,+1)->RMUX89","19","2","afexe_bitgen_20260919"
"RMUX19@19,9->RMUX95@19,8","RMUX19(+0,+1)->RMUX95","19","2","afexe_bitgen_20260919"
"RMUX25@19,9->RMUX0@19,6","RMUX25(+0,+3)->RMUX0","19","2","afexe_bitgen_20260919"
"RMUX25@19,9->RMUX0@19,9","RMUX25(+0,+0)->RMUX0","19","2","afexe_bitgen_20260919"
"RMUX25@19,9->RMUX1@19,9","RMUX25(+0,+0)->RMUX1","19","2","afexe_bitgen_20260919"
"RMUX27@19,9->RMUX4@19,10","RMUX27(+0,-1)->RMUX4","19","2","afexe_bitgen_20260919"
"RMUX27@19,9->RMUX11@19,10","RMUX27(+0,-1)->RMUX11","19","2","afexe_bitgen_20260919"
"RMUX27@19,9->RMUX15@19,10","RMUX27(+0,-1)->RMUX15","19","2","afexe_bitgen_20260919"
"RMUX32@19,9->RMUX33@19,7","RMUX32(+0,+2)->RMUX33","19","2","afexe_bitgen_20260919"
"RMUX33@19,9->RMUX45@19,9","RMUX33(+0,+0)->RMUX45","19","2","afexe_bitgen_20260919"
"RMUX37@19,9->RMUX48@19,11","RMUX37(+0,-2)->RMUX48","19","2","afexe_bitgen_20260919"
"RMUX38@19,9->RMUX50@18,9","RMUX38(+1,+0)->RMUX50","18","2","afexe_bitgen_20260919"
"RMUX39@19,9->RMUX52@19,8","RMUX39(+0,+1)->RMUX52","19","2","afexe_bitgen_20260919"
"RMUX39@19,9->RMUX53@19,8","RMUX39(+0,+1)->RMUX53","19","2","afexe_bitgen_20260919"
"RMUX39@19,9->RMUX58@19,8","RMUX39(+0,+1)->RMUX58","19","2","afexe_bitgen_20260919"
"RMUX44@19,9->RMUX85@19,9","RMUX44(+0,+0)->RMUX85","19","2","afexe_bitgen_20260919"
"RMUX45@19,9->RMUX86@18,9","RMUX45(+1,+0)->RMUX86","18","2","afexe_bitgen_20260919"
"RMUX49@19,9->RMUX7@20,9","RMUX49(-1,+0)->RMUX7","20","2","afexe_bitgen_20260919"
"RMUX51@19,9->RMUX15@19,9","RMUX51(+0,+0)->RMUX15","19","2","afexe_bitgen_20260919"
"RMUX55@19,9->RMUX24@19,7","RMUX55(+0,+2)->RMUX24","19","2","afexe_bitgen_20260919"
"RMUX55@19,9->RMUX31@19,8","RMUX55(+0,+1)->RMUX31","19","2","afexe_bitgen_20260919"
"RMUX57@19,9->RMUX45@19,9","RMUX57(+0,+0)->RMUX45","19","2","afexe_bitgen_20260919"
"RMUX57@19,9->RMUX34@19,10","RMUX57(+0,-1)->RMUX34","19","2","afexe_bitgen_20260919"
"RMUX57@19,9->RMUX38@19,10","RMUX57(+0,-1)->RMUX38","19","2","afexe_bitgen_20260919"
"RMUX67@19,9->RMUX72@19,9","RMUX67(+0,+0)->RMUX72","19","2","afexe_bitgen_20260919"
"RMUX67@19,9->RMUX94@19,10","RMUX67(+0,-1)->RMUX94","19","2","afexe_bitgen_20260919"
"RMUX68@19,9->RMUX80@18,9","RMUX68(+1,+0)->RMUX80","18","2","afexe_bitgen_20260919"
"RMUX68@19,9->RMUX85@18,9","RMUX68(+1,+0)->RMUX85","18","2","afexe_bitgen_20260919"
"RMUX69@19,9->RMUX93@19,8","RMUX69(+0,+1)->RMUX93","19","2","afexe_bitgen_20260919"
"RMUX73@19,9->RMUX1@19,9","RMUX73(+0,+0)->RMUX1","19","2","afexe_bitgen_20260919"
"RMUX73@19,9->RMUX0@19,11","RMUX73(+0,-2)->RMUX0","19","2","afexe_bitgen_20260919"
"RMUX75@19,9->RMUX10@19,8","RMUX75(+0,+1)->RMUX10","19","2","afexe_bitgen_20260919"
"RMUX80@19,9->RMUX26@19,11","RMUX80(+0,-2)->RMUX26","19","2","afexe_bitgen_20260919"
"RMUX86@19,9->RMUX50@20,9","RMUX86(-1,+0)->RMUX50","20","2","afexe_bitgen_20260919"
"RMUX91@19,9->RMUX72@18,9","RMUX91(+1,+0)->RMUX72","18","2","afexe_bitgen_20260919"
"RMUX91@19,9->RMUX89@18,9","RMUX91(+1,+0)->RMUX89","18","2","afexe_bitgen_20260919"
"RMUX92@19,9->RMUX81@19,9","RMUX92(+0,+0)->RMUX81","19","2","afexe_bitgen_20260919"
"RMUX2@19,10->RMUX18@19,9","RMUX2(+0,+1)->RMUX18","19","2","afexe_bitgen_20260919"
"RMUX3@19,10->RMUX15@19,10","RMUX3(+0,+0)->RMUX15","19","2","afexe_bitgen_20260919"
"RMUX7@19,10->RMUX25@19,10","RMUX7(+0,+0)->RMUX25","19","2","afexe_bitgen_20260919"
"RMUX8@19,10->RMUX26@18,10","RMUX8(+1,+0)->RMUX26","18","2","afexe_bitgen_20260919"
"RMUX8@19,10->RMUX37@18,10","RMUX8(+1,+0)->RMUX37","18","2","afexe_bitgen_20260919"
"RMUX9@19,10->RMUX38@19,10","RMUX9(+0,+0)->RMUX38","19","2","afexe_bitgen_20260919"
"RMUX14@19,10->RMUX61@19,11","RMUX14(+0,-1)->RMUX61","19","2","afexe_bitgen_20260919"
"RMUX15@19,10->RMUX63@18,10","RMUX15(+1,+0)->RMUX63","18","2","afexe_bitgen_20260919"
"RMUX19@19,10->RMUX88@19,9","RMUX19(+0,+1)->RMUX88","19","2","afexe_bitgen_20260919"
"RMUX19@19,10->RMUX89@19,9","RMUX19(+0,+1)->RMUX89","19","2","afexe_bitgen_20260919"
"RMUX19@19,10->RMUX95@19,9","RMUX19(+0,+1)->RMUX95","19","2","afexe_bitgen_20260919"
"RMUX25@19,10->RMUX0@19,7","RMUX25(+0,+3)->RMUX0","19","2","afexe_bitgen_20260919"
"RMUX25@19,10->RMUX0@19,10","RMUX25(+0,+0)->RMUX0","19","2","afexe_bitgen_20260919"
"RMUX25@19,10->RMUX1@19,10","RMUX25(+0,+0)->RMUX1","19","2","afexe_bitgen_20260919"
"RMUX27@19,10->RMUX4@19,11","RMUX27(+0,-1)->RMUX4","19","2","afexe_bitgen_20260919"
"RMUX27@19,10->RMUX11@19,11","RMUX27(+0,-1)->RMUX11","19","2","afexe_bitgen_20260919"
"RMUX27@19,10->RMUX15@19,11","RMUX27(+0,-1)->RMUX15","19","2","afexe_bitgen_20260919"
"RMUX32@19,10->RMUX33@19,8","RMUX32(+0,+2)->RMUX33","19","2","afexe_bitgen_20260919"
"RMUX33@19,10->RMUX45@19,10","RMUX33(+0,+0)->RMUX45","19","2","afexe_bitgen_20260919"
"RMUX37@19,10->RMUX48@19,12","RMUX37(+0,-2)->RMUX48","19","2","afexe_bitgen_20260919"
"RMUX38@19,10->RMUX50@18,10","RMUX38(+1,+0)->RMUX50","18","2","afexe_bitgen_20260919"
"RMUX39@19,10->RMUX52@19,9","RMUX39(+0,+1)->RMUX52","19","2","afexe_bitgen_20260919"
"RMUX39@19,10->RMUX53@19,9","RMUX39(+0,+1)->RMUX53","19","2","afexe_bitgen_20260919"
"RMUX39@19,10->RMUX58@19,9","RMUX39(+0,+1)->RMUX58","19","2","afexe_bitgen_20260919"
"RMUX44@19,10->RMUX85@19,10","RMUX44(+0,+0)->RMUX85","19","2","afexe_bitgen_20260919"
"RMUX45@19,10->RMUX86@18,10","RMUX45(+1,+0)->RMUX86","18","2","afexe_bitgen_20260919"
"RMUX49@19,10->RMUX7@20,10","RMUX49(-1,+0)->RMUX7","20","2","afexe_bitgen_20260919"
"RMUX51@19,10->RMUX15@19,10","RMUX51(+0,+0)->RMUX15","19","2","afexe_bitgen_20260919"
"RMUX55@19,10->RMUX24@19,8","RMUX55(+0,+2)->RMUX24","19","2","afexe_bitgen_20260919"
"RMUX55@19,10->RMUX31@19,9","RMUX55(+0,+1)->RMUX31","19","2","afexe_bitgen_20260919"
"RMUX57@19,10->RMUX34@19,11","RMUX57(+0,-1)->RMUX34","19","2","afexe_bitgen_20260919"
"RMUX57@19,10->RMUX38@19,11","RMUX57(+0,-1)->RMUX38","19","2","afexe_bitgen_20260919"
"RMUX67@19,10->RMUX72@19,10","RMUX67(+0,+0)->RMUX72","19","2","afexe_bitgen_20260919"
"RMUX67@19,10->RMUX94@19,11","RMUX67(+0,-1)->RMUX94","19","2","afexe_bitgen_20260919"
"RMUX68@19,10->RMUX80@18,10","RMUX68(+1,+0)->RMUX80","18","2","afexe_bitgen_20260919"
"RMUX68@19,10->RMUX85@18,10","RMUX68(+1,+0)->RMUX85","18","2","afexe_bitgen_20260919"
"RMUX69@19,10->RMUX93@19,9","RMUX69(+0,+1)->RMUX93","19","2","afexe_bitgen_20260919"
"RMUX73@19,10->RMUX1@19,10","RMUX73(+0,+0)->RMUX1","19","2","afexe_bitgen_20260919"
"RMUX73@19,10->RMUX0@19,12","RMUX73(+0,-2)->RMUX0","19","2","afexe_bitgen_20260919"
"RMUX75@19,10->RMUX10@19,9","RMUX75(+0,+1)->RMUX10","19","2","afexe_bitgen_20260919"
"RMUX80@19,10->RMUX26@19,12","RMUX80(+0,-2)->RMUX26","19","2","afexe_bitgen_20260919"
"RMUX86@19,10->RMUX50@20,10","RMUX86(-1,+0)->RMUX50","20","2","afexe_bitgen_20260919"
"RMUX91@19,10->RMUX72@18,10","RMUX91(+1,+0)->RMUX72","18","2","afexe_bitgen_20260919"
"RMUX91@19,10->RMUX89@18,10","RMUX91(+1,+0)->RMUX89","18","2","afexe_bitgen_20260919"
"RMUX92@19,10->RMUX81@19,10","RMUX92(+0,+0)->RMUX81","19","2","afexe_bitgen_20260919"
"RMUX3@19,11->RMUX15@19,11","RMUX3(+0,+0)->RMUX15","19","2","afexe_bitgen_20260919"
"RMUX3@19,11->RMUX21@19,11","RMUX3(+0,+0)->RMUX21","19","2","afexe_bitgen_20260919"
"RMUX7@19,11->RMUX25@19,11","RMUX7(+0,+0)->RMUX25","19","2","afexe_bitgen_20260919"
"RMUX8@19,11->RMUX26@18,11","RMUX8(+1,+0)->RMUX26","18","2","afexe_bitgen_20260919"
"RMUX8@19,11->RMUX27@18,11","RMUX8(+1,+0)->RMUX27","18","2","afexe_bitgen_20260919"
"RMUX8@19,11->RMUX37@18,11","RMUX8(+1,+0)->RMUX37","18","2","afexe_bitgen_20260919"
"RMUX14@19,11->RMUX61@19,12","RMUX14(+0,-1)->RMUX61","19","2","afexe_bitgen_20260919"
"RMUX15@19,11->RMUX63@18,11","RMUX15(+1,+0)->RMUX63","18","2","afexe_bitgen_20260919"
"RMUX25@19,11->RMUX0@19,8","RMUX25(+0,+3)->RMUX0","19","2","afexe_bitgen_20260919"
"RMUX27@19,11->RMUX4@19,12","RMUX27(+0,-1)->RMUX4","19","2","afexe_bitgen_20260919"
"RMUX27@19,11->RMUX11@19,12","RMUX27(+0,-1)->RMUX11","19","2","afexe_bitgen_20260919"
"RMUX27@19,11->RMUX15@19,12","RMUX27(+0,-1)->RMUX15","19","2","afexe_bitgen_20260919"
"RMUX32@19,11->RMUX33@19,9","RMUX32(+0,+2)->RMUX33","19","2","afexe_bitgen_20260919"
"RMUX33@19,11->RMUX45@19,11","RMUX33(+0,+0)->RMUX45","19","2","afexe_bitgen_20260919"
"RMUX38@19,11->RMUX50@18,11","RMUX38(+1,+0)->RMUX50","18","2","afexe_bitgen_20260919"
"RMUX44@19,11->RMUX85@19,11","RMUX44(+0,+0)->RMUX85","19","2","afexe_bitgen_20260919"
"RMUX45@19,11->RMUX86@18,11","RMUX45(+1,+0)->RMUX86","18","2","afexe_bitgen_20260919"
"RMUX49@19,11->RMUX7@20,11","RMUX49(-1,+0)->RMUX7","20","2","afexe_bitgen_20260919"
"RMUX51@19,11->RMUX15@19,11","RMUX51(+0,+0)->RMUX15","19","2","afexe_bitgen_20260919"
"RMUX55@19,11->RMUX24@19,9","RMUX55(+0,+2)->RMUX24","19","2","afexe_bitgen_20260919"
"RMUX57@19,11->RMUX45@19,11","RMUX57(+0,+0)->RMUX45","19","2","afexe_bitgen_20260919"
"RMUX57@19,11->RMUX34@19,12","RMUX57(+0,-1)->RMUX34","19","2","afexe_bitgen_20260919"
"RMUX57@19,11->RMUX38@19,12","RMUX57(+0,-1)->RMUX38","19","2","afexe_bitgen_20260919"
"RMUX67@19,11->RMUX72@19,11","RMUX67(+0,+0)->RMUX72","19","2","afexe_bitgen_20260919"
"RMUX67@19,11->RMUX94@19,12","RMUX67(+0,-1)->RMUX94","19","2","afexe_bitgen_20260919"
"RMUX68@19,11->RMUX80@18,11","RMUX68(+1,+0)->RMUX80","18","2","afexe_bitgen_20260919"
"RMUX68@19,11->RMUX85@18,11","RMUX68(+1,+0)->RMUX85","18","2","afexe_bitgen_20260919"
"RMUX73@19,11->RMUX1@19,11","RMUX73(+0,+0)->RMUX1","19","2","afexe_bitgen_20260919"
"RMUX86@19,11->RMUX50@20,11","RMUX86(-1,+0)->RMUX50","20","2","afexe_bitgen_20260919"
"RMUX91@19,11->RMUX72@18,11","RMUX91(+1,+0)->RMUX72","18","2","afexe_bitgen_20260919"
"RMUX91@19,11->RMUX89@18,11","RMUX91(+1,+0)->RMUX89","18","2","afexe_bitgen_20260919"
"RMUX2@19,12->RMUX18@19,11","RMUX2(+0,+1)->RMUX18","19","2","afexe_bitgen_20260919"
"RMUX3@19,12->RMUX15@19,12","RMUX3(+0,+0)->RMUX15","19","2","afexe_bitgen_20260919"
"RMUX3@19,12->RMUX21@19,12","RMUX3(+0,+0)->RMUX21","19","2","afexe_bitgen_20260919"
"RMUX7@19,12->RMUX25@19,12","RMUX7(+0,+0)->RMUX25","19","2","afexe_bitgen_20260919"
"RMUX8@19,12->RMUX26@18,12","RMUX8(+1,+0)->RMUX26","18","2","afexe_bitgen_20260919"
"RMUX8@19,12->RMUX27@18,12","RMUX8(+1,+0)->RMUX27","18","2","afexe_bitgen_20260919"
"RMUX8@19,12->RMUX33@18,12","RMUX8(+1,+0)->RMUX33","18","2","afexe_bitgen_20260919"
"RMUX8@19,12->RMUX37@18,12","RMUX8(+1,+0)->RMUX37","18","2","afexe_bitgen_20260919"
"RMUX9@19,12->RMUX38@19,12","RMUX9(+0,+0)->RMUX38","19","2","afexe_bitgen_20260919"
"RMUX15@19,12->RMUX63@18,12","RMUX15(+1,+0)->RMUX63","18","2","afexe_bitgen_20260919"
"RMUX25@19,12->RMUX0@19,9","RMUX25(+0,+3)->RMUX0","19","2","afexe_bitgen_20260919"
"RMUX25@19,12->RMUX0@19,12","RMUX25(+0,+0)->RMUX0","19","2","afexe_bitgen_20260919"
"RMUX25@19,12->RMUX1@19,12","RMUX25(+0,+0)->RMUX1","19","2","afexe_bitgen_20260919"
"RMUX39@19,12->RMUX52@19,11","RMUX39(+0,+1)->RMUX52","19","2","afexe_bitgen_20260919"
"RMUX39@19,12->RMUX53@19,11","RMUX39(+0,+1)->RMUX53","19","2","afexe_bitgen_20260919"
"RMUX39@19,12->RMUX58@19,11","RMUX39(+0,+1)->RMUX58","19","2","afexe_bitgen_20260919"
"RMUX44@19,12->RMUX85@19,12","RMUX44(+0,+0)->RMUX85","19","2","afexe_bitgen_20260919"
"RMUX45@19,12->RMUX86@18,12","RMUX45(+1,+0)->RMUX86","18","2","afexe_bitgen_20260919"
"RMUX49@19,12->RMUX7@20,12","RMUX49(-1,+0)->RMUX7","20","2","afexe_bitgen_20260919"
"RMUX51@19,12->RMUX15@19,12","RMUX51(+0,+0)->RMUX15","19","2","afexe_bitgen_20260919"
"RMUX55@19,12->RMUX24@19,10","RMUX55(+0,+2)->RMUX24","19","2","afexe_bitgen_20260919"
"RMUX55@19,12->RMUX31@19,11","RMUX55(+0,+1)->RMUX31","19","2","afexe_bitgen_20260919"
"RMUX67@19,12->RMUX72@19,12","RMUX67(+0,+0)->RMUX72","19","2","afexe_bitgen_20260919"
"RMUX68@19,12->RMUX80@18,12","RMUX68(+1,+0)->RMUX80","18","2","afexe_bitgen_20260919"
"RMUX68@19,12->RMUX85@18,12","RMUX68(+1,+0)->RMUX85","18","2","afexe_bitgen_20260919"
"RMUX73@19,12->RMUX1@19,12","RMUX73(+0,+0)->RMUX1","19","2","afexe_bitgen_20260919"
"RMUX75@19,12->RMUX10@19,11","RMUX75(+0,+1)->RMUX10","19","2","afexe_bitgen_20260919"
"RMUX86@19,12->RMUX50@20,12","RMUX86(-1,+0)->RMUX50","20","2","afexe_bitgen_20260919"
"RMUX91@19,12->RMUX72@18,12","RMUX91(+1,+0)->RMUX72","18","2","afexe_bitgen_20260919"
"RMUX91@19,12->RMUX89@18,12","RMUX91(+1,+0)->RMUX89","18","2","afexe_bitgen_20260919"
"RMUX92@19,12->RMUX81@19,12","RMUX92(+0,+0)->RMUX81","19","2","afexe_bitgen_20260919"
"RMUX3@20,1->RMUX15@20,1","RMUX3(+0,+0)->RMUX15","20","2","afexe_bitgen_20260919"
"RMUX3@20,1->RMUX21@20,1","RMUX3(+0,+0)->RMUX21","20","2","afexe_bitgen_20260919"
"RMUX7@20,1->RMUX25@20,1","RMUX7(+0,+0)->RMUX25","20","2","afexe_bitgen_20260919"
"RMUX9@20,1->RMUX38@20,1","RMUX9(+0,+0)->RMUX38","20","2","afexe_bitgen_20260919"
"RMUX14@20,1->RMUX61@20,2","RMUX14(+0,-1)->RMUX61","20","2","afexe_bitgen_20260919"
"RMUX25@20,1->RMUX0@20,1","RMUX25(+0,+0)->RMUX0","20","2","afexe_bitgen_20260919"
"RMUX25@20,1->RMUX1@20,1","RMUX25(+0,+0)->RMUX1","20","2","afexe_bitgen_20260919"
"RMUX27@20,1->RMUX4@20,2","RMUX27(+0,-1)->RMUX4","20","2","afexe_bitgen_20260919"
"RMUX27@20,1->RMUX11@20,2","RMUX27(+0,-1)->RMUX11","20","2","afexe_bitgen_20260919"
"RMUX27@20,1->RMUX15@20,2","RMUX27(+0,-1)->RMUX15","20","2","afexe_bitgen_20260919"
"RMUX33@20,1->RMUX45@20,1","RMUX33(+0,+0)->RMUX45","20","2","afexe_bitgen_20260919"
"RMUX57@20,1->RMUX45@20,1","RMUX57(+0,+0)->RMUX45","20","2","afexe_bitgen_20260919"
"RMUX57@20,1->RMUX34@20,2","RMUX57(+0,-1)->RMUX34","20","2","afexe_bitgen_20260919"
"RMUX57@20,1->RMUX38@20,2","RMUX57(+0,-1)->RMUX38","20","2","afexe_bitgen_20260919"
"RMUX67@20,1->RMUX72@20,1","RMUX67(+0,+0)->RMUX72","20","2","afexe_bitgen_20260919"
"RMUX67@20,1->RMUX94@20,2","RMUX67(+0,-1)->RMUX94","20","2","afexe_bitgen_20260919"
"RMUX80@20,1->RMUX26@20,3","RMUX80(+0,-2)->RMUX26","20","2","afexe_bitgen_20260919"
"RMUX92@20,1->RMUX81@20,1","RMUX92(+0,+0)->RMUX81","20","2","afexe_bitgen_20260919"
"RMUX2@20,2->RMUX18@20,1","RMUX2(+0,+1)->RMUX18","20","2","afexe_bitgen_20260919"
"RMUX3@20,2->RMUX15@20,2","RMUX3(+0,+0)->RMUX15","20","2","afexe_bitgen_20260919"
"RMUX3@20,2->RMUX21@20,2","RMUX3(+0,+0)->RMUX21","20","2","afexe_bitgen_20260919"
"RMUX9@20,2->RMUX38@20,1","RMUX9(+0,+1)->RMUX38","20","2","afexe_bitgen_20260919"
"RMUX9@20,2->RMUX38@20,2","RMUX9(+0,+0)->RMUX38","20","2","afexe_bitgen_20260919"
"RMUX19@20,2->RMUX88@20,1","RMUX19(+0,+1)->RMUX88","20","2","afexe_bitgen_20260919"
"RMUX19@20,2->RMUX89@20,1","RMUX19(+0,+1)->RMUX89","20","2","afexe_bitgen_20260919"
"RMUX19@20,2->RMUX95@20,1","RMUX19(+0,+1)->RMUX95","20","2","afexe_bitgen_20260919"
"RMUX25@20,2->RMUX0@20,2","RMUX25(+0,+0)->RMUX0","20","2","afexe_bitgen_20260919"
"RMUX25@20,2->RMUX1@20,2","RMUX25(+0,+0)->RMUX1","20","2","afexe_bitgen_20260919"
"RMUX33@20,2->RMUX45@20,2","RMUX33(+0,+0)->RMUX45","20","2","afexe_bitgen_20260919"
"RMUX37@20,2->RMUX48@20,4","RMUX37(+0,-2)->RMUX48","20","2","afexe_bitgen_20260919"
"RMUX39@20,2->RMUX52@20,1","RMUX39(+0,+1)->RMUX52","20","2","afexe_bitgen_20260919"
"RMUX39@20,2->RMUX53@20,1","RMUX39(+0,+1)->RMUX53","20","2","afexe_bitgen_20260919"
"RMUX39@20,2->RMUX58@20,1","RMUX39(+0,+1)->RMUX58","20","2","afexe_bitgen_20260919"
"RMUX55@20,2->RMUX31@20,1","RMUX55(+0,+1)->RMUX31","20","2","afexe_bitgen_20260919"
"RMUX69@20,2->RMUX93@20,1","RMUX69(+0,+1)->RMUX93","20","2","afexe_bitgen_20260919"
"RMUX73@20,2->RMUX0@20,4","RMUX73(+0,-2)->RMUX0","20","2","afexe_bitgen_20260919"
"RMUX75@20,2->RMUX10@20,1","RMUX75(+0,+1)->RMUX10","20","2","afexe_bitgen_20260919"
"RMUX80@20,2->RMUX26@20,4","RMUX80(+0,-2)->RMUX26","20","2","afexe_bitgen_20260919"
"RMUX92@20,2->RMUX81@20,2","RMUX92(+0,+0)->RMUX81","20","2","afexe_bitgen_20260919"
"RMUX2@20,3->RMUX18@20,2","RMUX2(+0,+1)->RMUX18","20","2","afexe_bitgen_20260919"
"RMUX3@20,3->RMUX15@20,3","RMUX3(+0,+0)->RMUX15","20","2","afexe_bitgen_20260919"
"RMUX3@20,3->RMUX21@20,3","RMUX3(+0,+0)->RMUX21","20","2","afexe_bitgen_20260919"
"RMUX7@20,3->RMUX25@20,3","RMUX7(+0,+0)->RMUX25","20","2","afexe_bitgen_20260919"
"RMUX9@20,3->RMUX38@20,2","RMUX9(+0,+1)->RMUX38","20","2","afexe_bitgen_20260919"
"RMUX9@20,3->RMUX38@20,3","RMUX9(+0,+0)->RMUX38","20","2","afexe_bitgen_20260919"
"RMUX14@20,3->RMUX61@20,4","RMUX14(+0,-1)->RMUX61","20","2","afexe_bitgen_20260919"
"RMUX19@20,3->RMUX88@20,2","RMUX19(+0,+1)->RMUX88","20","2","afexe_bitgen_20260919"
"RMUX19@20,3->RMUX89@20,2","RMUX19(+0,+1)->RMUX89","20","2","afexe_bitgen_20260919"
"RMUX19@20,3->RMUX95@20,2","RMUX19(+0,+1)->RMUX95","20","2","afexe_bitgen_20260919"
"RMUX25@20,3->RMUX0@20,3","RMUX25(+0,+0)->RMUX0","20","2","afexe_bitgen_20260919"
"RMUX25@20,3->RMUX1@20,3","RMUX25(+0,+0)->RMUX1","20","2","afexe_bitgen_20260919"
"RMUX27@20,3->RMUX4@20,4","RMUX27(+0,-1)->RMUX4","20","2","afexe_bitgen_20260919"
"RMUX27@20,3->RMUX11@20,4","RMUX27(+0,-1)->RMUX11","20","2","afexe_bitgen_20260919"
"RMUX27@20,3->RMUX15@20,4","RMUX27(+0,-1)->RMUX15","20","2","afexe_bitgen_20260919"
"RMUX32@20,3->RMUX33@20,1","RMUX32(+0,+2)->RMUX33","20","2","afexe_bitgen_20260919"
"RMUX33@20,3->RMUX45@20,3","RMUX33(+0,+0)->RMUX45","20","2","afexe_bitgen_20260919"
"RMUX37@20,3->RMUX48@20,5","RMUX37(+0,-2)->RMUX48","20","2","afexe_bitgen_20260919"
"RMUX39@20,3->RMUX52@20,2","RMUX39(+0,+1)->RMUX52","20","2","afexe_bitgen_20260919"
"RMUX39@20,3->RMUX53@20,2","RMUX39(+0,+1)->RMUX53","20","2","afexe_bitgen_20260919"
"RMUX39@20,3->RMUX58@20,2","RMUX39(+0,+1)->RMUX58","20","2","afexe_bitgen_20260919"
"RMUX44@20,3->RMUX85@20,3","RMUX44(+0,+0)->RMUX85","20","2","afexe_bitgen_20260919"
"RMUX55@20,3->RMUX24@20,1","RMUX55(+0,+2)->RMUX24","20","2","afexe_bitgen_20260919"
"RMUX55@20,3->RMUX31@20,2","RMUX55(+0,+1)->RMUX31","20","2","afexe_bitgen_20260919"
"RMUX57@20,3->RMUX45@20,3","RMUX57(+0,+0)->RMUX45","20","2","afexe_bitgen_20260919"
"RMUX57@20,3->RMUX34@20,4","RMUX57(+0,-1)->RMUX34","20","2","afexe_bitgen_20260919"
"RMUX57@20,3->RMUX38@20,4","RMUX57(+0,-1)->RMUX38","20","2","afexe_bitgen_20260919"
"RMUX67@20,3->RMUX72@20,3","RMUX67(+0,+0)->RMUX72","20","2","afexe_bitgen_20260919"
"RMUX67@20,3->RMUX94@20,4","RMUX67(+0,-1)->RMUX94","20","2","afexe_bitgen_20260919"
"RMUX69@20,3->RMUX93@20,2","RMUX69(+0,+1)->RMUX93","20","2","afexe_bitgen_20260919"
"RMUX73@20,3->RMUX1@20,3","RMUX73(+0,+0)->RMUX1","20","2","afexe_bitgen_20260919"
"RMUX73@20,3->RMUX0@20,5","RMUX73(+0,-2)->RMUX0","20","2","afexe_bitgen_20260919"
"RMUX75@20,3->RMUX10@20,2","RMUX75(+0,+1)->RMUX10","20","2","afexe_bitgen_20260919"
"RMUX80@20,3->RMUX26@20,5","RMUX80(+0,-2)->RMUX26","20","2","afexe_bitgen_20260919"
"RMUX92@20,3->RMUX81@20,3","RMUX92(+0,+0)->RMUX81","20","2","afexe_bitgen_20260919"
"RMUX2@20,4->RMUX18@20,3","RMUX2(+0,+1)->RMUX18","20","2","afexe_bitgen_20260919"
"RMUX3@20,4->RMUX15@20,4","RMUX3(+0,+0)->RMUX15","20","2","afexe_bitgen_20260919"
"RMUX3@20,4->RMUX21@20,4","RMUX3(+0,+0)->RMUX21","20","2","afexe_bitgen_20260919"
"RMUX7@20,4->RMUX25@20,4","RMUX7(+0,+0)->RMUX25","20","2","afexe_bitgen_20260919"
"RMUX9@20,4->RMUX38@20,3","RMUX9(+0,+1)->RMUX38","20","2","afexe_bitgen_20260919"
"RMUX9@20,4->RMUX38@20,4","RMUX9(+0,+0)->RMUX38","20","2","afexe_bitgen_20260919"
"RMUX14@20,4->RMUX61@20,5","RMUX14(+0,-1)->RMUX61","20","2","afexe_bitgen_20260919"
"RMUX19@20,4->RMUX88@20,3","RMUX19(+0,+1)->RMUX88","20","2","afexe_bitgen_20260919"
"RMUX19@20,4->RMUX89@20,3","RMUX19(+0,+1)->RMUX89","20","2","afexe_bitgen_20260919"
"RMUX19@20,4->RMUX95@20,3","RMUX19(+0,+1)->RMUX95","20","2","afexe_bitgen_20260919"
"RMUX25@20,4->RMUX0@20,1","RMUX25(+0,+3)->RMUX0","20","2","afexe_bitgen_20260919"
"RMUX25@20,4->RMUX0@20,4","RMUX25(+0,+0)->RMUX0","20","2","afexe_bitgen_20260919"
"RMUX25@20,4->RMUX1@20,4","RMUX25(+0,+0)->RMUX1","20","2","afexe_bitgen_20260919"
"RMUX27@20,4->RMUX4@20,5","RMUX27(+0,-1)->RMUX4","20","2","afexe_bitgen_20260919"
"RMUX27@20,4->RMUX11@20,5","RMUX27(+0,-1)->RMUX11","20","2","afexe_bitgen_20260919"
"RMUX27@20,4->RMUX15@20,5","RMUX27(+0,-1)->RMUX15","20","2","afexe_bitgen_20260919"
"RMUX32@20,4->RMUX33@20,2","RMUX32(+0,+2)->RMUX33","20","2","afexe_bitgen_20260919"
"RMUX33@20,4->RMUX45@20,4","RMUX33(+0,+0)->RMUX45","20","2","afexe_bitgen_20260919"
"RMUX37@20,4->RMUX48@20,6","RMUX37(+0,-2)->RMUX48","20","2","afexe_bitgen_20260919"
"RMUX39@20,4->RMUX52@20,3","RMUX39(+0,+1)->RMUX52","20","2","afexe_bitgen_20260919"
"RMUX39@20,4->RMUX53@20,3","RMUX39(+0,+1)->RMUX53","20","2","afexe_bitgen_20260919"
"RMUX39@20,4->RMUX58@20,3","RMUX39(+0,+1)->RMUX58","20","2","afexe_bitgen_20260919"
"RMUX44@20,4->RMUX85@20,4","RMUX44(+0,+0)->RMUX85","20","2","afexe_bitgen_20260919"
"RMUX55@20,4->RMUX24@20,2","RMUX55(+0,+2)->RMUX24","20","2","afexe_bitgen_20260919"
"RMUX55@20,4->RMUX31@20,3","RMUX55(+0,+1)->RMUX31","20","2","afexe_bitgen_20260919"
"RMUX57@20,4->RMUX45@20,4","RMUX57(+0,+0)->RMUX45","20","2","afexe_bitgen_20260919"
"RMUX57@20,4->RMUX34@20,5","RMUX57(+0,-1)->RMUX34","20","2","afexe_bitgen_20260919"
"RMUX57@20,4->RMUX38@20,5","RMUX57(+0,-1)->RMUX38","20","2","afexe_bitgen_20260919"
"RMUX67@20,4->RMUX72@20,4","RMUX67(+0,+0)->RMUX72","20","2","afexe_bitgen_20260919"
"RMUX67@20,4->RMUX94@20,5","RMUX67(+0,-1)->RMUX94","20","2","afexe_bitgen_20260919"
"RMUX69@20,4->RMUX93@20,3","RMUX69(+0,+1)->RMUX93","20","2","afexe_bitgen_20260919"
"RMUX73@20,4->RMUX1@20,4","RMUX73(+0,+0)->RMUX1","20","2","afexe_bitgen_20260919"
"RMUX73@20,4->RMUX0@20,6","RMUX73(+0,-2)->RMUX0","20","2","afexe_bitgen_20260919"
"RMUX75@20,4->RMUX10@20,3","RMUX75(+0,+1)->RMUX10","20","2","afexe_bitgen_20260919"
"RMUX80@20,4->RMUX26@20,6","RMUX80(+0,-2)->RMUX26","20","2","afexe_bitgen_20260919"
"RMUX92@20,4->RMUX81@20,4","RMUX92(+0,+0)->RMUX81","20","2","afexe_bitgen_20260919"
"RMUX2@20,5->RMUX18@20,4","RMUX2(+0,+1)->RMUX18","20","2","afexe_bitgen_20260919"
"RMUX3@20,5->RMUX15@20,5","RMUX3(+0,+0)->RMUX15","20","2","afexe_bitgen_20260919"
"RMUX3@20,5->RMUX21@20,5","RMUX3(+0,+0)->RMUX21","20","2","afexe_bitgen_20260919"
"RMUX7@20,5->RMUX25@20,5","RMUX7(+0,+0)->RMUX25","20","2","afexe_bitgen_20260919"
"RMUX9@20,5->RMUX38@20,4","RMUX9(+0,+1)->RMUX38","20","2","afexe_bitgen_20260919"
"RMUX9@20,5->RMUX38@20,5","RMUX9(+0,+0)->RMUX38","20","2","afexe_bitgen_20260919"
"RMUX14@20,5->RMUX61@20,6","RMUX14(+0,-1)->RMUX61","20","2","afexe_bitgen_20260919"
"RMUX19@20,5->RMUX88@20,4","RMUX19(+0,+1)->RMUX88","20","2","afexe_bitgen_20260919"
"RMUX19@20,5->RMUX89@20,4","RMUX19(+0,+1)->RMUX89","20","2","afexe_bitgen_20260919"
"RMUX19@20,5->RMUX95@20,4","RMUX19(+0,+1)->RMUX95","20","2","afexe_bitgen_20260919"
"RMUX25@20,5->RMUX0@20,2","RMUX25(+0,+3)->RMUX0","20","2","afexe_bitgen_20260919"
"RMUX25@20,5->RMUX0@20,5","RMUX25(+0,+0)->RMUX0","20","2","afexe_bitgen_20260919"
"RMUX25@20,5->RMUX1@20,5","RMUX25(+0,+0)->RMUX1","20","2","afexe_bitgen_20260919"
"RMUX27@20,5->RMUX4@20,6","RMUX27(+0,-1)->RMUX4","20","2","afexe_bitgen_20260919"
"RMUX27@20,5->RMUX11@20,6","RMUX27(+0,-1)->RMUX11","20","2","afexe_bitgen_20260919"
"RMUX32@20,5->RMUX33@20,3","RMUX32(+0,+2)->RMUX33","20","2","afexe_bitgen_20260919"
"RMUX37@20,5->RMUX48@20,7","RMUX37(+0,-2)->RMUX48","20","2","afexe_bitgen_20260919"
"RMUX39@20,5->RMUX52@20,4","RMUX39(+0,+1)->RMUX52","20","2","afexe_bitgen_20260919"
"RMUX39@20,5->RMUX53@20,4","RMUX39(+0,+1)->RMUX53","20","2","afexe_bitgen_20260919"
"RMUX39@20,5->RMUX58@20,4","RMUX39(+0,+1)->RMUX58","20","2","afexe_bitgen_20260919"
"RMUX44@20,5->RMUX85@20,5","RMUX44(+0,+0)->RMUX85","20","2","afexe_bitgen_20260919"
"RMUX55@20,5->RMUX24@20,3","RMUX55(+0,+2)->RMUX24","20","2","afexe_bitgen_20260919"
"RMUX55@20,5->RMUX31@20,4","RMUX55(+0,+1)->RMUX31","20","2","afexe_bitgen_20260919"
"RMUX57@20,5->RMUX45@20,5","RMUX57(+0,+0)->RMUX45","20","2","afexe_bitgen_20260919"
"RMUX57@20,5->RMUX34@20,6","RMUX57(+0,-1)->RMUX34","20","2","afexe_bitgen_20260919"
"RMUX57@20,5->RMUX38@20,6","RMUX57(+0,-1)->RMUX38","20","2","afexe_bitgen_20260919"
"RMUX67@20,5->RMUX72@20,5","RMUX67(+0,+0)->RMUX72","20","2","afexe_bitgen_20260919"
"RMUX67@20,5->RMUX94@20,6","RMUX67(+0,-1)->RMUX94","20","2","afexe_bitgen_20260919"
"RMUX69@20,5->RMUX93@20,4","RMUX69(+0,+1)->RMUX93","20","2","afexe_bitgen_20260919"
"RMUX73@20,5->RMUX1@20,5","RMUX73(+0,+0)->RMUX1","20","2","afexe_bitgen_20260919"
"RMUX73@20,5->RMUX0@20,7","RMUX73(+0,-2)->RMUX0","20","2","afexe_bitgen_20260919"
"RMUX75@20,5->RMUX10@20,4","RMUX75(+0,+1)->RMUX10","20","2","afexe_bitgen_20260919"
"RMUX80@20,5->RMUX26@20,7","RMUX80(+0,-2)->RMUX26","20","2","afexe_bitgen_20260919"
"RMUX92@20,5->RMUX81@20,5","RMUX92(+0,+0)->RMUX81","20","2","afexe_bitgen_20260919"
"RMUX2@20,6->RMUX18@20,5","RMUX2(+0,+1)->RMUX18","20","2","afexe_bitgen_20260919"
"RMUX3@20,6->RMUX15@20,6","RMUX3(+0,+0)->RMUX15","20","2","afexe_bitgen_20260919"
"RMUX3@20,6->RMUX21@20,6","RMUX3(+0,+0)->RMUX21","20","2","afexe_bitgen_20260919"
"RMUX7@20,6->RMUX25@20,6","RMUX7(+0,+0)->RMUX25","20","2","afexe_bitgen_20260919"
"RMUX9@20,6->RMUX38@20,5","RMUX9(+0,+1)->RMUX38","20","2","afexe_bitgen_20260919"
"RMUX9@20,6->RMUX38@20,6","RMUX9(+0,+0)->RMUX38","20","2","afexe_bitgen_20260919"
"RMUX14@20,6->RMUX61@20,7","RMUX14(+0,-1)->RMUX61","20","2","afexe_bitgen_20260919"
"RMUX19@20,6->RMUX88@20,5","RMUX19(+0,+1)->RMUX88","20","2","afexe_bitgen_20260919"
"RMUX19@20,6->RMUX89@20,5","RMUX19(+0,+1)->RMUX89","20","2","afexe_bitgen_20260919"
"RMUX19@20,6->RMUX95@20,5","RMUX19(+0,+1)->RMUX95","20","2","afexe_bitgen_20260919"
"RMUX25@20,6->RMUX0@20,3","RMUX25(+0,+3)->RMUX0","20","2","afexe_bitgen_20260919"
"RMUX25@20,6->RMUX0@20,6","RMUX25(+0,+0)->RMUX0","20","2","afexe_bitgen_20260919"
"RMUX25@20,6->RMUX1@20,6","RMUX25(+0,+0)->RMUX1","20","2","afexe_bitgen_20260919"
"RMUX27@20,6->RMUX4@20,7","RMUX27(+0,-1)->RMUX4","20","2","afexe_bitgen_20260919"
"RMUX27@20,6->RMUX11@20,7","RMUX27(+0,-1)->RMUX11","20","2","afexe_bitgen_20260919"
"RMUX27@20,6->RMUX15@20,7","RMUX27(+0,-1)->RMUX15","20","2","afexe_bitgen_20260919"
"RMUX33@20,6->RMUX45@20,6","RMUX33(+0,+0)->RMUX45","20","2","afexe_bitgen_20260919"
"RMUX37@20,6->RMUX48@20,8","RMUX37(+0,-2)->RMUX48","20","2","afexe_bitgen_20260919"
"RMUX39@20,6->RMUX52@20,5","RMUX39(+0,+1)->RMUX52","20","2","afexe_bitgen_20260919"
"RMUX39@20,6->RMUX53@20,5","RMUX39(+0,+1)->RMUX53","20","2","afexe_bitgen_20260919"
"RMUX39@20,6->RMUX58@20,5","RMUX39(+0,+1)->RMUX58","20","2","afexe_bitgen_20260919"
"RMUX44@20,6->RMUX85@20,6","RMUX44(+0,+0)->RMUX85","20","2","afexe_bitgen_20260919"
"RMUX55@20,6->RMUX24@20,4","RMUX55(+0,+2)->RMUX24","20","2","afexe_bitgen_20260919"
"RMUX55@20,6->RMUX31@20,5","RMUX55(+0,+1)->RMUX31","20","2","afexe_bitgen_20260919"
"RMUX57@20,6->RMUX45@20,6","RMUX57(+0,+0)->RMUX45","20","2","afexe_bitgen_20260919"
"RMUX57@20,6->RMUX34@20,7","RMUX57(+0,-1)->RMUX34","20","2","afexe_bitgen_20260919"
"RMUX57@20,6->RMUX38@20,7","RMUX57(+0,-1)->RMUX38","20","2","afexe_bitgen_20260919"
"RMUX67@20,6->RMUX72@20,6","RMUX67(+0,+0)->RMUX72","20","2","afexe_bitgen_20260919"
"RMUX67@20,6->RMUX94@20,7","RMUX67(+0,-1)->RMUX94","20","2","afexe_bitgen_20260919"
"RMUX69@20,6->RMUX93@20,5","RMUX69(+0,+1)->RMUX93","20","2","afexe_bitgen_20260919"
"RMUX73@20,6->RMUX1@20,6","RMUX73(+0,+0)->RMUX1","20","2","afexe_bitgen_20260919"
"RMUX73@20,6->RMUX0@20,8","RMUX73(+0,-2)->RMUX0","20","2","afexe_bitgen_20260919"
"RMUX75@20,6->RMUX10@20,5","RMUX75(+0,+1)->RMUX10","20","2","afexe_bitgen_20260919"
"RMUX80@20,6->RMUX26@20,8","RMUX80(+0,-2)->RMUX26","20","2","afexe_bitgen_20260919"
"RMUX92@20,6->RMUX81@20,6","RMUX92(+0,+0)->RMUX81","20","2","afexe_bitgen_20260919"
"RMUX2@20,7->RMUX18@20,6","RMUX2(+0,+1)->RMUX18","20","2","afexe_bitgen_20260919"
"RMUX3@20,7->RMUX21@20,7","RMUX3(+0,+0)->RMUX21","20","2","afexe_bitgen_20260919"
"RMUX7@20,7->RMUX25@20,7","RMUX7(+0,+0)->RMUX25","20","2","afexe_bitgen_20260919"
"RMUX9@20,7->RMUX38@20,6","RMUX9(+0,+1)->RMUX38","20","2","afexe_bitgen_20260919"
"RMUX14@20,7->RMUX61@20,8","RMUX14(+0,-1)->RMUX61","20","2","afexe_bitgen_20260919"
"RMUX19@20,7->RMUX88@20,6","RMUX19(+0,+1)->RMUX88","20","2","afexe_bitgen_20260919"
"RMUX19@20,7->RMUX89@20,6","RMUX19(+0,+1)->RMUX89","20","2","afexe_bitgen_20260919"
"RMUX19@20,7->RMUX95@20,6","RMUX19(+0,+1)->RMUX95","20","2","afexe_bitgen_20260919"
"RMUX25@20,7->RMUX0@20,4","RMUX25(+0,+3)->RMUX0","20","2","afexe_bitgen_20260919"
"RMUX25@20,7->RMUX0@20,7","RMUX25(+0,+0)->RMUX0","20","2","afexe_bitgen_20260919"
"RMUX25@20,7->RMUX1@20,7","RMUX25(+0,+0)->RMUX1","20","2","afexe_bitgen_20260919"
"RMUX27@20,7->RMUX4@20,8","RMUX27(+0,-1)->RMUX4","20","2","afexe_bitgen_20260919"
"RMUX27@20,7->RMUX11@20,8","RMUX27(+0,-1)->RMUX11","20","2","afexe_bitgen_20260919"
"RMUX27@20,7->RMUX15@20,8","RMUX27(+0,-1)->RMUX15","20","2","afexe_bitgen_20260919"
"RMUX32@20,7->RMUX33@20,5","RMUX32(+0,+2)->RMUX33","20","2","afexe_bitgen_20260919"
"RMUX37@20,7->RMUX48@20,9","RMUX37(+0,-2)->RMUX48","20","2","afexe_bitgen_20260919"
"RMUX39@20,7->RMUX52@20,6","RMUX39(+0,+1)->RMUX52","20","2","afexe_bitgen_20260919"
"RMUX39@20,7->RMUX53@20,6","RMUX39(+0,+1)->RMUX53","20","2","afexe_bitgen_20260919"
"RMUX39@20,7->RMUX58@20,6","RMUX39(+0,+1)->RMUX58","20","2","afexe_bitgen_20260919"
"RMUX44@20,7->RMUX85@20,7","RMUX44(+0,+0)->RMUX85","20","2","afexe_bitgen_20260919"
"RMUX55@20,7->RMUX24@20,5","RMUX55(+0,+2)->RMUX24","20","2","afexe_bitgen_20260919"
"RMUX55@20,7->RMUX31@20,6","RMUX55(+0,+1)->RMUX31","20","2","afexe_bitgen_20260919"
"RMUX57@20,7->RMUX45@20,7","RMUX57(+0,+0)->RMUX45","20","2","afexe_bitgen_20260919"
"RMUX57@20,7->RMUX34@20,8","RMUX57(+0,-1)->RMUX34","20","2","afexe_bitgen_20260919"
"RMUX57@20,7->RMUX38@20,8","RMUX57(+0,-1)->RMUX38","20","2","afexe_bitgen_20260919"
"RMUX67@20,7->RMUX72@20,7","RMUX67(+0,+0)->RMUX72","20","2","afexe_bitgen_20260919"
"RMUX67@20,7->RMUX94@20,8","RMUX67(+0,-1)->RMUX94","20","2","afexe_bitgen_20260919"
"RMUX69@20,7->RMUX93@20,6","RMUX69(+0,+1)->RMUX93","20","2","afexe_bitgen_20260919"
"RMUX73@20,7->RMUX1@20,7","RMUX73(+0,+0)->RMUX1","20","2","afexe_bitgen_20260919"
"RMUX73@20,7->RMUX0@20,9","RMUX73(+0,-2)->RMUX0","20","2","afexe_bitgen_20260919"
"RMUX75@20,7->RMUX10@20,6","RMUX75(+0,+1)->RMUX10","20","2","afexe_bitgen_20260919"
"RMUX80@20,7->RMUX26@20,9","RMUX80(+0,-2)->RMUX26","20","2","afexe_bitgen_20260919"
"RMUX92@20,7->RMUX81@20,7","RMUX92(+0,+0)->RMUX81","20","2","afexe_bitgen_20260919"
"RMUX2@20,8->RMUX18@20,7","RMUX2(+0,+1)->RMUX18","20","2","afexe_bitgen_20260919"
"RMUX3@20,8->RMUX15@20,8","RMUX3(+0,+0)->RMUX15","20","2","afexe_bitgen_20260919"
"RMUX3@20,8->RMUX21@20,8","RMUX3(+0,+0)->RMUX21","20","2","afexe_bitgen_20260919"
"RMUX7@20,8->RMUX25@20,8","RMUX7(+0,+0)->RMUX25","20","2","afexe_bitgen_20260919"
"RMUX9@20,8->RMUX38@20,7","RMUX9(+0,+1)->RMUX38","20","2","afexe_bitgen_20260919"
"RMUX14@20,8->RMUX61@20,9","RMUX14(+0,-1)->RMUX61","20","2","afexe_bitgen_20260919"
"RMUX19@20,8->RMUX88@20,7","RMUX19(+0,+1)->RMUX88","20","2","afexe_bitgen_20260919"
"RMUX19@20,8->RMUX89@20,7","RMUX19(+0,+1)->RMUX89","20","2","afexe_bitgen_20260919"
"RMUX19@20,8->RMUX95@20,7","RMUX19(+0,+1)->RMUX95","20","2","afexe_bitgen_20260919"
"RMUX25@20,8->RMUX0@20,5","RMUX25(+0,+3)->RMUX0","20","2","afexe_bitgen_20260919"
"RMUX25@20,8->RMUX0@20,8","RMUX25(+0,+0)->RMUX0","20","2","afexe_bitgen_20260919"
"RMUX25@20,8->RMUX1@20,8","RMUX25(+0,+0)->RMUX1","20","2","afexe_bitgen_20260919"
"RMUX27@20,8->RMUX4@20,9","RMUX27(+0,-1)->RMUX4","20","2","afexe_bitgen_20260919"
"RMUX27@20,8->RMUX11@20,9","RMUX27(+0,-1)->RMUX11","20","2","afexe_bitgen_20260919"
"RMUX27@20,8->RMUX15@20,9","RMUX27(+0,-1)->RMUX15","20","2","afexe_bitgen_20260919"
"RMUX32@20,8->RMUX33@20,6","RMUX32(+0,+2)->RMUX33","20","2","afexe_bitgen_20260919"
"RMUX37@20,8->RMUX48@20,10","RMUX37(+0,-2)->RMUX48","20","2","afexe_bitgen_20260919"
"RMUX39@20,8->RMUX52@20,7","RMUX39(+0,+1)->RMUX52","20","2","afexe_bitgen_20260919"
"RMUX39@20,8->RMUX53@20,7","RMUX39(+0,+1)->RMUX53","20","2","afexe_bitgen_20260919"
"RMUX39@20,8->RMUX58@20,7","RMUX39(+0,+1)->RMUX58","20","2","afexe_bitgen_20260919"
"RMUX44@20,8->RMUX85@20,8","RMUX44(+0,+0)->RMUX85","20","2","afexe_bitgen_20260919"
"RMUX55@20,8->RMUX24@20,6","RMUX55(+0,+2)->RMUX24","20","2","afexe_bitgen_20260919"
"RMUX55@20,8->RMUX31@20,7","RMUX55(+0,+1)->RMUX31","20","2","afexe_bitgen_20260919"
"RMUX57@20,8->RMUX45@20,8","RMUX57(+0,+0)->RMUX45","20","2","afexe_bitgen_20260919"
"RMUX57@20,8->RMUX34@20,9","RMUX57(+0,-1)->RMUX34","20","2","afexe_bitgen_20260919"
"RMUX57@20,8->RMUX38@20,9","RMUX57(+0,-1)->RMUX38","20","2","afexe_bitgen_20260919"
"RMUX67@20,8->RMUX72@20,8","RMUX67(+0,+0)->RMUX72","20","2","afexe_bitgen_20260919"
"RMUX67@20,8->RMUX94@20,9","RMUX67(+0,-1)->RMUX94","20","2","afexe_bitgen_20260919"
"RMUX69@20,8->RMUX93@20,7","RMUX69(+0,+1)->RMUX93","20","2","afexe_bitgen_20260919"
"RMUX73@20,8->RMUX1@20,8","RMUX73(+0,+0)->RMUX1","20","2","afexe_bitgen_20260919"
"RMUX73@20,8->RMUX0@20,10","RMUX73(+0,-2)->RMUX0","20","2","afexe_bitgen_20260919"
"RMUX75@20,8->RMUX10@20,7","RMUX75(+0,+1)->RMUX10","20","2","afexe_bitgen_20260919"
"RMUX80@20,8->RMUX26@20,10","RMUX80(+0,-2)->RMUX26","20","2","afexe_bitgen_20260919"
"RMUX92@20,8->RMUX81@20,8","RMUX92(+0,+0)->RMUX81","20","2","afexe_bitgen_20260919"
"RMUX2@20,9->RMUX18@20,8","RMUX2(+0,+1)->RMUX18","20","2","afexe_bitgen_20260919"
"RMUX3@20,9->RMUX15@20,9","RMUX3(+0,+0)->RMUX15","20","2","afexe_bitgen_20260919"
"RMUX7@20,9->RMUX25@20,9","RMUX7(+0,+0)->RMUX25","20","2","afexe_bitgen_20260919"
"RMUX9@20,9->RMUX38@20,8","RMUX9(+0,+1)->RMUX38","20","2","afexe_bitgen_20260919"
"RMUX14@20,9->RMUX61@20,10","RMUX14(+0,-1)->RMUX61","20","2","afexe_bitgen_20260919"
"RMUX19@20,9->RMUX88@20,8","RMUX19(+0,+1)->RMUX88","20","2","afexe_bitgen_20260919"
"RMUX19@20,9->RMUX89@20,8","RMUX19(+0,+1)->RMUX89","20","2","afexe_bitgen_20260919"
"RMUX19@20,9->RMUX95@20,8","RMUX19(+0,+1)->RMUX95","20","2","afexe_bitgen_20260919"
"RMUX25@20,9->RMUX0@20,6","RMUX25(+0,+3)->RMUX0","20","2","afexe_bitgen_20260919"
"RMUX25@20,9->RMUX0@20,9","RMUX25(+0,+0)->RMUX0","20","2","afexe_bitgen_20260919"
"RMUX25@20,9->RMUX1@20,9","RMUX25(+0,+0)->RMUX1","20","2","afexe_bitgen_20260919"
"RMUX27@20,9->RMUX4@20,10","RMUX27(+0,-1)->RMUX4","20","2","afexe_bitgen_20260919"
"RMUX27@20,9->RMUX11@20,10","RMUX27(+0,-1)->RMUX11","20","2","afexe_bitgen_20260919"
"RMUX27@20,9->RMUX15@20,10","RMUX27(+0,-1)->RMUX15","20","2","afexe_bitgen_20260919"
"RMUX37@20,9->RMUX48@20,11","RMUX37(+0,-2)->RMUX48","20","2","afexe_bitgen_20260919"
"RMUX39@20,9->RMUX52@20,8","RMUX39(+0,+1)->RMUX52","20","2","afexe_bitgen_20260919"
"RMUX39@20,9->RMUX53@20,8","RMUX39(+0,+1)->RMUX53","20","2","afexe_bitgen_20260919"
"RMUX39@20,9->RMUX58@20,8","RMUX39(+0,+1)->RMUX58","20","2","afexe_bitgen_20260919"
"RMUX44@20,9->RMUX85@20,9","RMUX44(+0,+0)->RMUX85","20","2","afexe_bitgen_20260919"
"RMUX55@20,9->RMUX24@20,7","RMUX55(+0,+2)->RMUX24","20","2","afexe_bitgen_20260919"
"RMUX55@20,9->RMUX31@20,8","RMUX55(+0,+1)->RMUX31","20","2","afexe_bitgen_20260919"
"RMUX57@20,9->RMUX45@20,9","RMUX57(+0,+0)->RMUX45","20","2","afexe_bitgen_20260919"
"RMUX57@20,9->RMUX34@20,10","RMUX57(+0,-1)->RMUX34","20","2","afexe_bitgen_20260919"
"RMUX57@20,9->RMUX38@20,10","RMUX57(+0,-1)->RMUX38","20","2","afexe_bitgen_20260919"
"RMUX67@20,9->RMUX72@20,9","RMUX67(+0,+0)->RMUX72","20","2","afexe_bitgen_20260919"
"RMUX67@20,9->RMUX94@20,10","RMUX67(+0,-1)->RMUX94","20","2","afexe_bitgen_20260919"
"RMUX69@20,9->RMUX93@20,8","RMUX69(+0,+1)->RMUX93","20","2","afexe_bitgen_20260919"
"RMUX73@20,9->RMUX1@20,9","RMUX73(+0,+0)->RMUX1","20","2","afexe_bitgen_20260919"
"RMUX73@20,9->RMUX0@20,11","RMUX73(+0,-2)->RMUX0","20","2","afexe_bitgen_20260919"
"RMUX75@20,9->RMUX10@20,8","RMUX75(+0,+1)->RMUX10","20","2","afexe_bitgen_20260919"
"RMUX80@20,9->RMUX26@20,11","RMUX80(+0,-2)->RMUX26","20","2","afexe_bitgen_20260919"
"RMUX92@20,9->RMUX81@20,9","RMUX92(+0,+0)->RMUX81","20","2","afexe_bitgen_20260919"
"RMUX2@20,10->RMUX18@20,9","RMUX2(+0,+1)->RMUX18","20","2","afexe_bitgen_20260919"
"RMUX3@20,10->RMUX15@20,10","RMUX3(+0,+0)->RMUX15","20","2","afexe_bitgen_20260919"
"RMUX7@20,10->RMUX25@20,10","RMUX7(+0,+0)->RMUX25","20","2","afexe_bitgen_20260919"
"RMUX9@20,10->RMUX38@20,9","RMUX9(+0,+1)->RMUX38","20","2","afexe_bitgen_20260919"
"RMUX14@20,10->RMUX61@20,11","RMUX14(+0,-1)->RMUX61","20","2","afexe_bitgen_20260919"
"RMUX19@20,10->RMUX88@20,9","RMUX19(+0,+1)->RMUX88","20","2","afexe_bitgen_20260919"
"RMUX19@20,10->RMUX89@20,9","RMUX19(+0,+1)->RMUX89","20","2","afexe_bitgen_20260919"
"RMUX19@20,10->RMUX95@20,9","RMUX19(+0,+1)->RMUX95","20","2","afexe_bitgen_20260919"
"RMUX25@20,10->RMUX0@20,7","RMUX25(+0,+3)->RMUX0","20","2","afexe_bitgen_20260919"
"RMUX25@20,10->RMUX0@20,10","RMUX25(+0,+0)->RMUX0","20","2","afexe_bitgen_20260919"
"RMUX25@20,10->RMUX1@20,10","RMUX25(+0,+0)->RMUX1","20","2","afexe_bitgen_20260919"
"RMUX27@20,10->RMUX4@20,11","RMUX27(+0,-1)->RMUX4","20","2","afexe_bitgen_20260919"
"RMUX27@20,10->RMUX11@20,11","RMUX27(+0,-1)->RMUX11","20","2","afexe_bitgen_20260919"
"RMUX27@20,10->RMUX15@20,11","RMUX27(+0,-1)->RMUX15","20","2","afexe_bitgen_20260919"
"RMUX32@20,10->RMUX33@20,8","RMUX32(+0,+2)->RMUX33","20","2","afexe_bitgen_20260919"
"RMUX37@20,10->RMUX48@20,12","RMUX37(+0,-2)->RMUX48","20","2","afexe_bitgen_20260919"
"RMUX39@20,10->RMUX52@20,9","RMUX39(+0,+1)->RMUX52","20","2","afexe_bitgen_20260919"
"RMUX39@20,10->RMUX53@20,9","RMUX39(+0,+1)->RMUX53","20","2","afexe_bitgen_20260919"
"RMUX39@20,10->RMUX58@20,9","RMUX39(+0,+1)->RMUX58","20","2","afexe_bitgen_20260919"
"RMUX44@20,10->RMUX85@20,10","RMUX44(+0,+0)->RMUX85","20","2","afexe_bitgen_20260919"
"RMUX55@20,10->RMUX24@20,8","RMUX55(+0,+2)->RMUX24","20","2","afexe_bitgen_20260919"
"RMUX55@20,10->RMUX31@20,9","RMUX55(+0,+1)->RMUX31","20","2","afexe_bitgen_20260919"
"RMUX57@20,10->RMUX34@20,11","RMUX57(+0,-1)->RMUX34","20","2","afexe_bitgen_20260919"
"RMUX67@20,10->RMUX72@20,10","RMUX67(+0,+0)->RMUX72","20","2","afexe_bitgen_20260919"
"RMUX67@20,10->RMUX94@20,11","RMUX67(+0,-1)->RMUX94","20","2","afexe_bitgen_20260919"
"RMUX69@20,10->RMUX93@20,9","RMUX69(+0,+1)->RMUX93","20","2","afexe_bitgen_20260919"
"RMUX73@20,10->RMUX1@20,10","RMUX73(+0,+0)->RMUX1","20","2","afexe_bitgen_20260919"
"RMUX73@20,10->RMUX0@20,12","RMUX73(+0,-2)->RMUX0","20","2","afexe_bitgen_20260919"
"RMUX75@20,10->RMUX10@20,9","RMUX75(+0,+1)->RMUX10","20","2","afexe_bitgen_20260919"
"RMUX80@20,10->RMUX26@20,12","RMUX80(+0,-2)->RMUX26","20","2","afexe_bitgen_20260919"
"RMUX92@20,10->RMUX81@20,10","RMUX92(+0,+0)->RMUX81","20","2","afexe_bitgen_20260919"
"RMUX3@20,11->RMUX15@20,11","RMUX3(+0,+0)->RMUX15","20","2","afexe_bitgen_20260919"
"RMUX3@20,11->RMUX21@20,11","RMUX3(+0,+0)->RMUX21","20","2","afexe_bitgen_20260919"
"RMUX7@20,11->RMUX25@20,11","RMUX7(+0,+0)->RMUX25","20","2","afexe_bitgen_20260919"
"RMUX14@20,11->RMUX61@20,12","RMUX14(+0,-1)->RMUX61","20","2","afexe_bitgen_20260919"
"RMUX25@20,11->RMUX0@20,8","RMUX25(+0,+3)->RMUX0","20","2","afexe_bitgen_20260919"
"RMUX27@20,11->RMUX4@20,12","RMUX27(+0,-1)->RMUX4","20","2","afexe_bitgen_20260919"
"RMUX27@20,11->RMUX11@20,12","RMUX27(+0,-1)->RMUX11","20","2","afexe_bitgen_20260919"
"RMUX27@20,11->RMUX15@20,12","RMUX27(+0,-1)->RMUX15","20","2","afexe_bitgen_20260919"
"RMUX33@20,11->RMUX45@20,11","RMUX33(+0,+0)->RMUX45","20","2","afexe_bitgen_20260919"
"RMUX44@20,11->RMUX85@20,11","RMUX44(+0,+0)->RMUX85","20","2","afexe_bitgen_20260919"
"RMUX55@20,11->RMUX24@20,9","RMUX55(+0,+2)->RMUX24","20","2","afexe_bitgen_20260919"
"RMUX57@20,11->RMUX45@20,11","RMUX57(+0,+0)->RMUX45","20","2","afexe_bitgen_20260919"
"RMUX57@20,11->RMUX34@20,12","RMUX57(+0,-1)->RMUX34","20","2","afexe_bitgen_20260919"
"RMUX57@20,11->RMUX38@20,12","RMUX57(+0,-1)->RMUX38","20","2","afexe_bitgen_20260919"
"RMUX67@20,11->RMUX72@20,11","RMUX67(+0,+0)->RMUX72","20","2","afexe_bitgen_20260919"
"RMUX67@20,11->RMUX94@20,12","RMUX67(+0,-1)->RMUX94","20","2","afexe_bitgen_20260919"
"RMUX73@20,11->RMUX1@20,11","RMUX73(+0,+0)->RMUX1","20","2","afexe_bitgen_20260919"
"RMUX2@20,12->RMUX18@20,11","RMUX2(+0,+1)->RMUX18","20","2","afexe_bitgen_20260919"
"RMUX3@20,12->RMUX15@20,12","RMUX3(+0,+0)->RMUX15","20","2","afexe_bitgen_20260919"
"RMUX7@20,12->RMUX25@20,12","RMUX7(+0,+0)->RMUX25","20","2","afexe_bitgen_20260919"
"RMUX9@20,12->RMUX38@20,11","RMUX9(+0,+1)->RMUX38","20","2","afexe_bitgen_20260919"
"RMUX9@20,12->RMUX38@20,12","RMUX9(+0,+0)->RMUX38","20","2","afexe_bitgen_20260919"
"RMUX19@20,12->RMUX88@20,11","RMUX19(+0,+1)->RMUX88","20","2","afexe_bitgen_20260919"
"RMUX19@20,12->RMUX89@20,11","RMUX19(+0,+1)->RMUX89","20","2","afexe_bitgen_20260919"
"RMUX19@20,12->RMUX95@20,11","RMUX19(+0,+1)->RMUX95","20","2","afexe_bitgen_20260919"
"RMUX25@20,12->RMUX0@20,9","RMUX25(+0,+3)->RMUX0","20","2","afexe_bitgen_20260919"
"RMUX25@20,12->RMUX0@20,12","RMUX25(+0,+0)->RMUX0","20","2","afexe_bitgen_20260919"
"RMUX25@20,12->RMUX1@20,12","RMUX25(+0,+0)->RMUX1","20","2","afexe_bitgen_20260919"
"RMUX33@20,12->RMUX45@20,12","RMUX33(+0,+0)->RMUX45","20","2","afexe_bitgen_20260919"
"RMUX39@20,12->RMUX52@20,11","RMUX39(+0,+1)->RMUX52","20","2","afexe_bitgen_20260919"
"RMUX39@20,12->RMUX53@20,11","RMUX39(+0,+1)->RMUX53","20","2","afexe_bitgen_20260919"
"RMUX39@20,12->RMUX58@20,11","RMUX39(+0,+1)->RMUX58","20","2","afexe_bitgen_20260919"
"RMUX44@20,12->RMUX85@20,12","RMUX44(+0,+0)->RMUX85","20","2","afexe_bitgen_20260919"
"RMUX55@20,12->RMUX24@20,10","RMUX55(+0,+2)->RMUX24","20","2","afexe_bitgen_20260919"
"RMUX55@20,12->RMUX31@20,11","RMUX55(+0,+1)->RMUX31","20","2","afexe_bitgen_20260919"
"RMUX57@20,12->RMUX45@20,12","RMUX57(+0,+0)->RMUX45","20","2","afexe_bitgen_20260919"
"RMUX67@20,12->RMUX72@20,12","RMUX67(+0,+0)->RMUX72","20","2","afexe_bitgen_20260919"
"RMUX73@20,12->RMUX1@20,12","RMUX73(+0,+0)->RMUX1","20","2","afexe_bitgen_20260919"
"RMUX75@20,12->RMUX10@20,11","RMUX75(+0,+1)->RMUX10","20","2","afexe_bitgen_20260919"
"RMUX92@20,12->RMUX81@20,12","RMUX92(+0,+0)->RMUX81","20","2","afexe_bitgen_20260919"
"RMUX3@1,1->RMUX14@2,1","RMUX3(-1,+0)->RMUX14","2",2,"afexe_bitgen_pass2_20260920"
"RMUX15@1,1->RMUX69@1,1","RMUX15(+0,+0)->RMUX69","1",2,"afexe_bitgen_pass2_20260920"
"RMUX27@1,1->RMUX20@1,2","RMUX27(+0,-1)->RMUX20","1",2,"afexe_bitgen_pass2_20260920"
"RMUX27@1,1->RMUX20@1,4","RMUX27(+0,-3)->RMUX20","1",2,"afexe_bitgen_pass2_20260920"
"RMUX33@1,1->RMUX39@2,1","RMUX33(-1,+0)->RMUX39","2",2,"afexe_bitgen_pass2_20260920"
"RMUX50@1,1->RMUX2@1,1","RMUX50(+0,+0)->RMUX2","1",2,"afexe_bitgen_pass2_20260920"
"RMUX50@1,1->RMUX8@1,2","RMUX50(+0,-1)->RMUX8","1",2,"afexe_bitgen_pass2_20260920"
"RMUX50@1,1->RMUX13@1,2","RMUX50(+0,-1)->RMUX13","1",2,"afexe_bitgen_pass2_20260920"
"RMUX69@1,1->RMUX86@1,1","RMUX69(+0,+0)->RMUX86","1",2,"afexe_bitgen_pass2_20260920"
"RMUX69@1,1->RMUX87@1,1","RMUX69(+0,+0)->RMUX87","1",2,"afexe_bitgen_pass2_20260920"
"RMUX9@1,2->RMUX38@1,1","RMUX9(+0,+1)->RMUX38","1",2,"afexe_bitgen_pass2_20260920"
"RMUX9@1,2->RMUX44@1,1","RMUX9(+0,+1)->RMUX44","1",2,"afexe_bitgen_pass2_20260920"
"RMUX15@1,2->RMUX69@1,2","RMUX15(+0,+0)->RMUX69","1",2,"afexe_bitgen_pass2_20260920"
"RMUX19@1,2->RMUX72@1,1","RMUX19(+0,+1)->RMUX72","1",2,"afexe_bitgen_pass2_20260920"
"RMUX25@1,2->RMUX0@1,1","RMUX25(+0,+1)->RMUX0","1",2,"afexe_bitgen_pass2_20260920"
"RMUX32@1,2->RMUX27@1,1","RMUX32(+0,+1)->RMUX27","1",2,"afexe_bitgen_pass2_20260920"
"RMUX33@1,2->RMUX45@1,2","RMUX33(+0,+0)->RMUX45","1",2,"afexe_bitgen_pass2_20260920"
"RMUX33@1,2->RMUX39@2,2","RMUX33(-1,+0)->RMUX39","2",2,"afexe_bitgen_pass2_20260920"
"RMUX44@1,2->RMUX74@1,4","RMUX44(+0,-2)->RMUX74","1",2,"afexe_bitgen_pass2_20260920"
"RMUX62@1,2->RMUX67@1,1","RMUX62(+0,+1)->RMUX67","1",2,"afexe_bitgen_pass2_20260920"
"RMUX69@1,2->RMUX83@1,1","RMUX69(+0,+1)->RMUX83","1",2,"afexe_bitgen_pass2_20260920"
"RMUX69@1,2->RMUX86@1,2","RMUX69(+0,+0)->RMUX86","1",2,"afexe_bitgen_pass2_20260920"
"RMUX69@1,2->RMUX87@1,2","RMUX69(+0,+0)->RMUX87","1",2,"afexe_bitgen_pass2_20260920"
"RMUX85@1,2->RMUX65@1,1","RMUX85(+0,+1)->RMUX65","1",2,"afexe_bitgen_pass2_20260920"
"RMUX3@1,3->RMUX14@2,3","RMUX3(-1,+0)->RMUX14","2",2,"afexe_bitgen_pass2_20260920"
"RMUX7@1,3->RMUX24@1,4","RMUX7(+0,-1)->RMUX24","1",2,"afexe_bitgen_pass2_20260920"
"RMUX7@1,3->RMUX46@1,4","RMUX7(+0,-1)->RMUX46","1",2,"afexe_bitgen_pass2_20260920"
"RMUX9@1,3->RMUX38@1,1","RMUX9(+0,+2)->RMUX38","1",2,"afexe_bitgen_pass2_20260920"
"RMUX15@1,3->RMUX69@1,3","RMUX15(+0,+0)->RMUX69","1",2,"afexe_bitgen_pass2_20260920"
"RMUX21@1,3->RMUX86@1,3","RMUX21(+0,+0)->RMUX86","1",2,"afexe_bitgen_pass2_20260920"
"RMUX21@1,3->RMUX92@1,3","RMUX21(+0,+0)->RMUX92","1",2,"afexe_bitgen_pass2_20260920"
"RMUX21@1,3->RMUX92@1,4","RMUX21(+0,-1)->RMUX92","1",2,"afexe_bitgen_pass2_20260920"
"RMUX27@1,3->RMUX20@1,4","RMUX27(+0,-1)->RMUX20","1",2,"afexe_bitgen_pass2_20260920"
"RMUX37@1,3->RMUX49@1,4","RMUX37(+0,-1)->RMUX49","1",2,"afexe_bitgen_pass2_20260920"
"RMUX50@1,3->RMUX2@1,3","RMUX50(+0,+0)->RMUX2","1",2,"afexe_bitgen_pass2_20260920"
"RMUX50@1,3->RMUX8@1,4","RMUX50(+0,-1)->RMUX8","1",2,"afexe_bitgen_pass2_20260920"
"RMUX50@1,3->RMUX13@1,4","RMUX50(+0,-1)->RMUX13","1",2,"afexe_bitgen_pass2_20260920"
"RMUX73@1,3->RMUX1@1,3","RMUX73(+0,+0)->RMUX1","1",2,"afexe_bitgen_pass2_20260920"
"RMUX80@1,3->RMUX26@1,3","RMUX80(+0,+0)->RMUX26","1",2,"afexe_bitgen_pass2_20260920"
"RMUX87@1,3->RMUX68@1,3","RMUX87(+0,+0)->RMUX68","1",2,"afexe_bitgen_pass2_20260920"
"RMUX87@1,3->RMUX59@1,4","RMUX87(+0,-1)->RMUX59","1",2,"afexe_bitgen_pass2_20260920"
"RMUX87@1,3->RMUX63@1,4","RMUX87(+0,-1)->RMUX63","1",2,"afexe_bitgen_pass2_20260920"
"RMUX3@1,4->RMUX14@2,4","RMUX3(-1,+0)->RMUX14","2",2,"afexe_bitgen_pass2_20260920"
"RMUX9@1,4->RMUX38@1,1","RMUX9(+0,+3)->RMUX38","1",2,"afexe_bitgen_pass2_20260920"
"RMUX9@1,4->RMUX38@1,2","RMUX9(+0,+2)->RMUX38","1",2,"afexe_bitgen_pass2_20260920"
"RMUX9@1,4->RMUX44@1,3","RMUX9(+0,+1)->RMUX44","1",2,"afexe_bitgen_pass2_20260920"
"RMUX9@1,4->RMUX38@1,4","RMUX9(+0,+0)->RMUX38","1",2,"afexe_bitgen_pass2_20260920"
"RMUX21@1,4->RMUX86@1,4","RMUX21(+0,+0)->RMUX86","1",2,"afexe_bitgen_pass2_20260920"
"RMUX21@1,4->RMUX92@1,4","RMUX21(+0,+0)->RMUX92","1",2,"afexe_bitgen_pass2_20260920"
"RMUX25@1,4->RMUX0@1,3","RMUX25(+0,+1)->RMUX0","1",2,"afexe_bitgen_pass2_20260920"
"RMUX32@1,4->RMUX27@1,3","RMUX32(+0,+1)->RMUX27","1",2,"afexe_bitgen_pass2_20260920"
"RMUX33@1,4->RMUX39@2,4","RMUX33(-1,+0)->RMUX39","2",2,"afexe_bitgen_pass2_20260920"
"RMUX62@1,4->RMUX67@1,3","RMUX62(+0,+1)->RMUX67","1",2,"afexe_bitgen_pass2_20260920"
"RMUX80@1,4->RMUX26@1,4","RMUX80(+0,+0)->RMUX26","1",2,"afexe_bitgen_pass2_20260920"
"RMUX87@1,4->RMUX68@1,4","RMUX87(+0,+0)->RMUX68","1",2,"afexe_bitgen_pass2_20260920"
"RMUX9@2,1->RMUX38@2,1","RMUX9(+0,+0)->RMUX38","2",2,"afexe_bitgen_pass2_20260920"
"RMUX15@2,1->RMUX69@2,1","RMUX15(+0,+0)->RMUX69","2",2,"afexe_bitgen_pass2_20260920"
"RMUX27@2,1->RMUX20@2,2","RMUX27(+0,-1)->RMUX20","2",2,"afexe_bitgen_pass2_20260920"
"RMUX27@2,1->RMUX20@2,4","RMUX27(+0,-3)->RMUX20","2",2,"afexe_bitgen_pass2_20260920"
"RMUX31@2,1->RMUX25@1,1","RMUX31(+1,+0)->RMUX25","1",2,"afexe_bitgen_pass2_20260920"
"RMUX57@2,1->RMUX45@2,1","RMUX57(+0,+0)->RMUX45","2",2,"afexe_bitgen_pass2_20260920"
"RMUX57@2,1->RMUX38@2,2","RMUX57(+0,-1)->RMUX38","2",2,"afexe_bitgen_pass2_20260920"
"RMUX61@2,1->RMUX54@1,1","RMUX61(+1,+0)->RMUX54","1",2,"afexe_bitgen_pass2_20260920"
"RMUX69@2,1->RMUX86@2,1","RMUX69(+0,+0)->RMUX86","2",2,"afexe_bitgen_pass2_20260920"
"RMUX69@2,1->RMUX87@2,1","RMUX69(+0,+0)->RMUX87","2",2,"afexe_bitgen_pass2_20260920"
"RMUX80@2,1->RMUX26@2,1","RMUX80(+0,+0)->RMUX26","2",2,"afexe_bitgen_pass2_20260920"
"RMUX9@2,2->RMUX44@2,1","RMUX9(+0,+1)->RMUX44","2",2,"afexe_bitgen_pass2_20260920"
"RMUX15@2,2->RMUX69@2,2","RMUX15(+0,+0)->RMUX69","2",2,"afexe_bitgen_pass2_20260920"
"RMUX19@2,2->RMUX72@2,1","RMUX19(+0,+1)->RMUX72","2",2,"afexe_bitgen_pass2_20260920"
"RMUX25@2,2->RMUX0@2,1","RMUX25(+0,+1)->RMUX0","2",2,"afexe_bitgen_pass2_20260920"
"RMUX31@2,2->RMUX25@1,2","RMUX31(+1,+0)->RMUX25","1",2,"afexe_bitgen_pass2_20260920"
"RMUX32@2,2->RMUX27@2,1","RMUX32(+0,+1)->RMUX27","2",2,"afexe_bitgen_pass2_20260920"
"RMUX44@2,2->RMUX74@2,4","RMUX44(+0,-2)->RMUX74","2",2,"afexe_bitgen_pass2_20260920"
"RMUX61@2,2->RMUX54@1,2","RMUX61(+1,+0)->RMUX54","1",2,"afexe_bitgen_pass2_20260920"
"RMUX69@2,2->RMUX83@2,1","RMUX69(+0,+1)->RMUX83","2",2,"afexe_bitgen_pass2_20260920"
"RMUX69@2,2->RMUX86@2,2","RMUX69(+0,+0)->RMUX86","2",2,"afexe_bitgen_pass2_20260920"
"RMUX69@2,2->RMUX87@2,2","RMUX69(+0,+0)->RMUX87","2",2,"afexe_bitgen_pass2_20260920"
"RMUX85@2,2->RMUX65@2,1","RMUX85(+0,+1)->RMUX65","2",2,"afexe_bitgen_pass2_20260920"
"RMUX7@2,3->RMUX24@2,4","RMUX7(+0,-1)->RMUX24","2",2,"afexe_bitgen_pass2_20260920"
"RMUX7@2,3->RMUX46@2,4","RMUX7(+0,-1)->RMUX46","2",2,"afexe_bitgen_pass2_20260920"
"RMUX9@2,3->RMUX38@2,1","RMUX9(+0,+2)->RMUX38","2",2,"afexe_bitgen_pass2_20260920"
"RMUX15@2,3->RMUX69@2,3","RMUX15(+0,+0)->RMUX69","2",2,"afexe_bitgen_pass2_20260920"
"RMUX21@2,3->RMUX86@2,3","RMUX21(+0,+0)->RMUX86","2",2,"afexe_bitgen_pass2_20260920"
"RMUX21@2,3->RMUX92@2,3","RMUX21(+0,+0)->RMUX92","2",2,"afexe_bitgen_pass2_20260920"
"RMUX21@2,3->RMUX92@2,4","RMUX21(+0,-1)->RMUX92","2",2,"afexe_bitgen_pass2_20260920"
"RMUX27@2,3->RMUX20@2,4","RMUX27(+0,-1)->RMUX20","2",2,"afexe_bitgen_pass2_20260920"
"RMUX31@2,3->RMUX25@1,3","RMUX31(+1,+0)->RMUX25","1",2,"afexe_bitgen_pass2_20260920"
"RMUX37@2,3->RMUX49@2,4","RMUX37(+0,-1)->RMUX49","2",2,"afexe_bitgen_pass2_20260920"
"RMUX50@2,3->RMUX2@2,3","RMUX50(+0,+0)->RMUX2","2",2,"afexe_bitgen_pass2_20260920"
"RMUX50@2,3->RMUX8@2,4","RMUX50(+0,-1)->RMUX8","2",2,"afexe_bitgen_pass2_20260920"
"RMUX50@2,3->RMUX13@2,4","RMUX50(+0,-1)->RMUX13","2",2,"afexe_bitgen_pass2_20260920"
"RMUX61@2,3->RMUX54@1,3","RMUX61(+1,+0)->RMUX54","1",2,"afexe_bitgen_pass2_20260920"
"RMUX73@2,3->RMUX1@2,3","RMUX73(+0,+0)->RMUX1","2",2,"afexe_bitgen_pass2_20260920"
"RMUX80@2,3->RMUX26@2,3","RMUX80(+0,+0)->RMUX26","2",2,"afexe_bitgen_pass2_20260920"
"RMUX87@2,3->RMUX68@2,3","RMUX87(+0,+0)->RMUX68","2",2,"afexe_bitgen_pass2_20260920"
"RMUX87@2,3->RMUX59@2,4","RMUX87(+0,-1)->RMUX59","2",2,"afexe_bitgen_pass2_20260920"
"RMUX87@2,3->RMUX63@2,4","RMUX87(+0,-1)->RMUX63","2",2,"afexe_bitgen_pass2_20260920"
"RMUX9@2,4->RMUX38@2,1","RMUX9(+0,+3)->RMUX38","2",2,"afexe_bitgen_pass2_20260920"
"RMUX9@2,4->RMUX38@2,2","RMUX9(+0,+2)->RMUX38","2",2,"afexe_bitgen_pass2_20260920"
"RMUX9@2,4->RMUX38@2,3","RMUX9(+0,+1)->RMUX38","2",2,"afexe_bitgen_pass2_20260920"
"RMUX9@2,4->RMUX44@2,3","RMUX9(+0,+1)->RMUX44","2",2,"afexe_bitgen_pass2_20260920"
"RMUX15@2,4->RMUX69@2,4","RMUX15(+0,+0)->RMUX69","2",2,"afexe_bitgen_pass2_20260920"
"RMUX21@2,4->RMUX86@2,4","RMUX21(+0,+0)->RMUX86","2",2,"afexe_bitgen_pass2_20260920"
"RMUX21@2,4->RMUX92@2,4","RMUX21(+0,+0)->RMUX92","2",2,"afexe_bitgen_pass2_20260920"
"RMUX25@2,4->RMUX0@2,3","RMUX25(+0,+1)->RMUX0","2",2,"afexe_bitgen_pass2_20260920"
"RMUX25@2,4->RMUX1@2,4","RMUX25(+0,+0)->RMUX1","2",2,"afexe_bitgen_pass2_20260920"
"RMUX31@2,4->RMUX25@1,4","RMUX31(+1,+0)->RMUX25","1",2,"afexe_bitgen_pass2_20260920"
"RMUX32@2,4->RMUX27@2,3","RMUX32(+0,+1)->RMUX27","2",2,"afexe_bitgen_pass2_20260920"
"RMUX50@2,4->RMUX2@2,4","RMUX50(+0,+0)->RMUX2","2",2,"afexe_bitgen_pass2_20260920"
"RMUX61@2,4->RMUX54@1,4","RMUX61(+1,+0)->RMUX54","1",2,"afexe_bitgen_pass2_20260920"
"RMUX80@2,4->RMUX26@2,4","RMUX80(+0,+0)->RMUX26","2",2,"afexe_bitgen_pass2_20260920"
"RMUX85@2,4->RMUX65@2,3","RMUX85(+0,+1)->RMUX65","2",2,"afexe_bitgen_pass2_20260920"
"RMUX87@2,4->RMUX68@2,4","RMUX87(+0,+0)->RMUX68","2",2,"afexe_bitgen_pass2_20260920"
"RMUX92@2,4->RMUX74@2,3","RMUX92(+0,+1)->RMUX74","2",2,"afexe_bitgen_pass2_20260920"
"RMUX92@2,4->RMUX80@2,3","RMUX92(+0,+1)->RMUX80","2",2,"afexe_bitgen_pass2_20260920"
"RMUX92@2,4->RMUX81@2,3","RMUX92(+0,+1)->RMUX81","2",2,"afexe_bitgen_pass2_20260920"
"RMUX92@2,4->RMUX81@2,4","RMUX92(+0,+0)->RMUX81","2",2,"afexe_bitgen_pass2_20260920"
"RMUX3@3,1->RMUX14@4,1","RMUX3(-1,+0)->RMUX14","4",2,"afexe_bitgen_pass2_20260920"
"RMUX8@3,1->RMUX33@2,1","RMUX8(+1,+0)->RMUX33","2",2,"afexe_bitgen_pass2_20260920"
"RMUX15@3,1->RMUX69@3,1","RMUX15(+0,+0)->RMUX69","3",2,"afexe_bitgen_pass2_20260920"
"RMUX27@3,1->RMUX20@3,2","RMUX27(+0,-1)->RMUX20","3",2,"afexe_bitgen_pass2_20260920"
"RMUX27@3,1->RMUX20@3,4","RMUX27(+0,-3)->RMUX20","3",2,"afexe_bitgen_pass2_20260920"
"RMUX31@3,1->RMUX25@2,1","RMUX31(+1,+0)->RMUX25","2",2,"afexe_bitgen_pass2_20260920"
"RMUX33@3,1->RMUX39@4,1","RMUX33(-1,+0)->RMUX39","4",2,"afexe_bitgen_pass2_20260920"
"RMUX49@3,1->RMUX7@3,1","RMUX49(+0,+0)->RMUX7","3",2,"afexe_bitgen_pass2_20260920"
"RMUX50@3,1->RMUX2@3,1","RMUX50(+0,+0)->RMUX2","3",2,"afexe_bitgen_pass2_20260920"
"RMUX50@3,1->RMUX8@3,2","RMUX50(+0,-1)->RMUX8","3",2,"afexe_bitgen_pass2_20260920"
"RMUX50@3,1->RMUX13@3,2","RMUX50(+0,-1)->RMUX13","3",2,"afexe_bitgen_pass2_20260920"
"RMUX61@3,1->RMUX54@2,1","RMUX61(+1,+0)->RMUX54","2",2,"afexe_bitgen_pass2_20260920"
"RMUX69@3,1->RMUX86@3,1","RMUX69(+0,+0)->RMUX86","3",2,"afexe_bitgen_pass2_20260920"
"RMUX69@3,1->RMUX87@3,1","RMUX69(+0,+0)->RMUX87","3",2,"afexe_bitgen_pass2_20260920"
"RMUX80@3,1->RMUX26@3,1","RMUX80(+0,+0)->RMUX26","3",2,"afexe_bitgen_pass2_20260920"
"RMUX86@3,1->RMUX57@3,1","RMUX86(+0,+0)->RMUX57","3",2,"afexe_bitgen_pass2_20260920"
"RMUX93@3,1->RMUX87@4,1","RMUX93(-1,+0)->RMUX87","4",2,"afexe_bitgen_pass2_20260920"
"RMUX3@3,2->RMUX14@4,2","RMUX3(-1,+0)->RMUX14","4",2,"afexe_bitgen_pass2_20260920"
"RMUX8@3,2->RMUX33@2,2","RMUX8(+1,+0)->RMUX33","2",2,"afexe_bitgen_pass2_20260920"
"RMUX9@3,2->RMUX38@3,1","RMUX9(+0,+1)->RMUX38","3",2,"afexe_bitgen_pass2_20260920"
"RMUX9@3,2->RMUX44@3,1","RMUX9(+0,+1)->RMUX44","3",2,"afexe_bitgen_pass2_20260920"
"RMUX9@3,2->RMUX38@3,2","RMUX9(+0,+0)->RMUX38","3",2,"afexe_bitgen_pass2_20260920"
"RMUX15@3,2->RMUX69@3,2","RMUX15(+0,+0)->RMUX69","3",2,"afexe_bitgen_pass2_20260920"
"RMUX19@3,2->RMUX72@3,1","RMUX19(+0,+1)->RMUX72","3",2,"afexe_bitgen_pass2_20260920"
"RMUX25@3,2->RMUX0@3,1","RMUX25(+0,+1)->RMUX0","3",2,"afexe_bitgen_pass2_20260920"
"RMUX31@3,2->RMUX25@2,2","RMUX31(+1,+0)->RMUX25","2",2,"afexe_bitgen_pass2_20260920"
"RMUX32@3,2->RMUX27@3,1","RMUX32(+0,+1)->RMUX27","3",2,"afexe_bitgen_pass2_20260920"
"RMUX33@3,2->RMUX39@4,2","RMUX33(-1,+0)->RMUX39","4",2,"afexe_bitgen_pass2_20260920"
"RMUX44@3,2->RMUX74@3,4","RMUX44(+0,-2)->RMUX74","3",2,"afexe_bitgen_pass2_20260920"
"RMUX49@3,2->RMUX7@3,2","RMUX49(+0,+0)->RMUX7","3",2,"afexe_bitgen_pass2_20260920"
"RMUX61@3,2->RMUX54@2,2","RMUX61(+1,+0)->RMUX54","2",2,"afexe_bitgen_pass2_20260920"
"RMUX62@3,2->RMUX67@3,1","RMUX62(+0,+1)->RMUX67","3",2,"afexe_bitgen_pass2_20260920"
"RMUX69@3,2->RMUX83@3,1","RMUX69(+0,+1)->RMUX83","3",2,"afexe_bitgen_pass2_20260920"
"RMUX69@3,2->RMUX86@3,2","RMUX69(+0,+0)->RMUX86","3",2,"afexe_bitgen_pass2_20260920"
"RMUX69@3,2->RMUX87@3,2","RMUX69(+0,+0)->RMUX87","3",2,"afexe_bitgen_pass2_20260920"
"RMUX85@3,2->RMUX65@3,1","RMUX85(+0,+1)->RMUX65","3",2,"afexe_bitgen_pass2_20260920"
"RMUX86@3,2->RMUX57@3,2","RMUX86(+0,+0)->RMUX57","3",2,"afexe_bitgen_pass2_20260920"
"RMUX92@3,2->RMUX74@3,1","RMUX92(+0,+1)->RMUX74","3",2,"afexe_bitgen_pass2_20260920"
"RMUX92@3,2->RMUX80@3,1","RMUX92(+0,+1)->RMUX80","3",2,"afexe_bitgen_pass2_20260920"
"RMUX92@3,2->RMUX81@3,1","RMUX92(+0,+1)->RMUX81","3",2,"afexe_bitgen_pass2_20260920"
"RMUX93@3,2->RMUX87@4,2","RMUX93(-1,+0)->RMUX87","4",2,"afexe_bitgen_pass2_20260920"
"RMUX3@3,3->RMUX21@3,3","RMUX3(+0,+0)->RMUX21","3",2,"afexe_bitgen_pass2_20260920"
"RMUX3@3,3->RMUX14@4,3","RMUX3(-1,+0)->RMUX14","4",2,"afexe_bitgen_pass2_20260920"
"RMUX7@3,3->RMUX24@3,4","RMUX7(+0,-1)->RMUX24","3",2,"afexe_bitgen_pass2_20260920"
"RMUX7@3,3->RMUX46@3,4","RMUX7(+0,-1)->RMUX46","3",2,"afexe_bitgen_pass2_20260920"
"RMUX8@3,3->RMUX37@2,3","RMUX8(+1,+0)->RMUX37","2",2,"afexe_bitgen_pass2_20260920"
"RMUX9@3,3->RMUX38@3,1","RMUX9(+0,+2)->RMUX38","3",2,"afexe_bitgen_pass2_20260920"
"RMUX15@3,3->RMUX69@3,3","RMUX15(+0,+0)->RMUX69","3",2,"afexe_bitgen_pass2_20260920"
"RMUX21@3,3->RMUX86@3,3","RMUX21(+0,+0)->RMUX86","3",2,"afexe_bitgen_pass2_20260920"
"RMUX21@3,3->RMUX92@3,3","RMUX21(+0,+0)->RMUX92","3",2,"afexe_bitgen_pass2_20260920"
"RMUX21@3,3->RMUX92@3,4","RMUX21(+0,-1)->RMUX92","3",2,"afexe_bitgen_pass2_20260920"
"RMUX27@3,3->RMUX20@3,4","RMUX27(+0,-1)->RMUX20","3",2,"afexe_bitgen_pass2_20260920"
"RMUX31@3,3->RMUX25@2,3","RMUX31(+1,+0)->RMUX25","2",2,"afexe_bitgen_pass2_20260920"
"RMUX33@3,3->RMUX39@4,3","RMUX33(-1,+0)->RMUX39","4",2,"afexe_bitgen_pass2_20260920"
"RMUX37@3,3->RMUX49@3,4","RMUX37(+0,-1)->RMUX49","3",2,"afexe_bitgen_pass2_20260920"
"RMUX38@3,3->RMUX50@2,3","RMUX38(+1,+0)->RMUX50","2",2,"afexe_bitgen_pass2_20260920"
"RMUX49@3,3->RMUX7@3,3","RMUX49(+0,+0)->RMUX7","3",2,"afexe_bitgen_pass2_20260920"
"RMUX50@3,3->RMUX2@3,3","RMUX50(+0,+0)->RMUX2","3",2,"afexe_bitgen_pass2_20260920"
"RMUX50@3,3->RMUX8@3,4","RMUX50(+0,-1)->RMUX8","3",2,"afexe_bitgen_pass2_20260920"
"RMUX50@3,3->RMUX13@3,4","RMUX50(+0,-1)->RMUX13","3",2,"afexe_bitgen_pass2_20260920"
"RMUX57@3,3->RMUX45@3,3","RMUX57(+0,+0)->RMUX45","3",2,"afexe_bitgen_pass2_20260920"
"RMUX61@3,3->RMUX54@2,3","RMUX61(+1,+0)->RMUX54","2",2,"afexe_bitgen_pass2_20260920"
"RMUX80@3,3->RMUX26@3,3","RMUX80(+0,+0)->RMUX26","3",2,"afexe_bitgen_pass2_20260920"
"RMUX86@3,3->RMUX57@3,3","RMUX86(+0,+0)->RMUX57","3",2,"afexe_bitgen_pass2_20260920"
"RMUX87@3,3->RMUX68@3,3","RMUX87(+0,+0)->RMUX68","3",2,"afexe_bitgen_pass2_20260920"
"RMUX87@3,3->RMUX59@3,4","RMUX87(+0,-1)->RMUX59","3",2,"afexe_bitgen_pass2_20260920"
"RMUX87@3,3->RMUX63@3,4","RMUX87(+0,-1)->RMUX63","3",2,"afexe_bitgen_pass2_20260920"
"RMUX93@3,3->RMUX87@4,3","RMUX93(-1,+0)->RMUX87","4",2,"afexe_bitgen_pass2_20260920"
"RMUX3@3,4->RMUX15@3,4","RMUX3(+0,+0)->RMUX15","3",2,"afexe_bitgen_pass2_20260920"
"RMUX3@3,4->RMUX21@3,4","RMUX3(+0,+0)->RMUX21","3",2,"afexe_bitgen_pass2_20260920"
"RMUX3@3,4->RMUX14@4,4","RMUX3(-1,+0)->RMUX14","4",2,"afexe_bitgen_pass2_20260920"
"RMUX8@3,4->RMUX27@2,4","RMUX8(+1,+0)->RMUX27","2",2,"afexe_bitgen_pass2_20260920"
"RMUX8@3,4->RMUX33@2,4","RMUX8(+1,+0)->RMUX33","2",2,"afexe_bitgen_pass2_20260920"
"RMUX9@3,4->RMUX38@3,1","RMUX9(+0,+3)->RMUX38","3",2,"afexe_bitgen_pass2_20260920"
"RMUX9@3,4->RMUX38@3,2","RMUX9(+0,+2)->RMUX38","3",2,"afexe_bitgen_pass2_20260920"
"RMUX9@3,4->RMUX44@3,3","RMUX9(+0,+1)->RMUX44","3",2,"afexe_bitgen_pass2_20260920"
"RMUX9@3,4->RMUX38@3,4","RMUX9(+0,+0)->RMUX38","3",2,"afexe_bitgen_pass2_20260920"
"RMUX15@3,4->RMUX69@3,4","RMUX15(+0,+0)->RMUX69","3",2,"afexe_bitgen_pass2_20260920"
"RMUX19@3,4->RMUX72@3,3","RMUX19(+0,+1)->RMUX72","3",2,"afexe_bitgen_pass2_20260920"
"RMUX21@3,4->RMUX86@3,4","RMUX21(+0,+0)->RMUX86","3",2,"afexe_bitgen_pass2_20260920"
"RMUX21@3,4->RMUX92@3,4","RMUX21(+0,+0)->RMUX92","3",2,"afexe_bitgen_pass2_20260920"
"RMUX31@3,4->RMUX25@2,4","RMUX31(+1,+0)->RMUX25","2",2,"afexe_bitgen_pass2_20260920"
"RMUX32@3,4->RMUX27@3,3","RMUX32(+0,+1)->RMUX27","3",2,"afexe_bitgen_pass2_20260920"
"RMUX33@3,4->RMUX39@4,4","RMUX33(-1,+0)->RMUX39","4",2,"afexe_bitgen_pass2_20260920"
"RMUX49@3,4->RMUX7@3,4","RMUX49(+0,+0)->RMUX7","3",2,"afexe_bitgen_pass2_20260920"
"RMUX50@3,4->RMUX2@3,4","RMUX50(+0,+0)->RMUX2","3",2,"afexe_bitgen_pass2_20260920"
"RMUX57@3,4->RMUX45@3,4","RMUX57(+0,+0)->RMUX45","3",2,"afexe_bitgen_pass2_20260920"
"RMUX61@3,4->RMUX54@2,4","RMUX61(+1,+0)->RMUX54","2",2,"afexe_bitgen_pass2_20260920"
"RMUX62@3,4->RMUX67@3,3","RMUX62(+0,+1)->RMUX67","3",2,"afexe_bitgen_pass2_20260920"
"RMUX80@3,4->RMUX26@3,4","RMUX80(+0,+0)->RMUX26","3",2,"afexe_bitgen_pass2_20260920"
"RMUX86@3,4->RMUX57@3,4","RMUX86(+0,+0)->RMUX57","3",2,"afexe_bitgen_pass2_20260920"
"RMUX87@3,4->RMUX68@3,4","RMUX87(+0,+0)->RMUX68","3",2,"afexe_bitgen_pass2_20260920"
"RMUX93@3,4->RMUX87@4,4","RMUX93(-1,+0)->RMUX87","4",2,"afexe_bitgen_pass2_20260920"
"RMUX3@4,1->RMUX15@4,1","RMUX3(+0,+0)->RMUX15","4",2,"afexe_bitgen_pass2_20260920"
"RMUX3@4,1->RMUX14@5,1","RMUX3(-1,+0)->RMUX14","5",2,"afexe_bitgen_pass2_20260920"
"RMUX15@4,1->RMUX69@4,1","RMUX15(+0,+0)->RMUX69","4",2,"afexe_bitgen_pass2_20260920"
"RMUX27@4,1->RMUX20@4,2","RMUX27(+0,-1)->RMUX20","4",2,"afexe_bitgen_pass2_20260920"
"RMUX27@4,1->RMUX20@4,4","RMUX27(+0,-3)->RMUX20","4",2,"afexe_bitgen_pass2_20260920"
"RMUX31@4,1->RMUX25@3,1","RMUX31(+1,+0)->RMUX25","3",2,"afexe_bitgen_pass2_20260920"
"RMUX33@4,1->RMUX39@5,1","RMUX33(-1,+0)->RMUX39","5",2,"afexe_bitgen_pass2_20260920"
"RMUX49@4,1->RMUX7@4,1","RMUX49(+0,+0)->RMUX7","4",2,"afexe_bitgen_pass2_20260920"
"RMUX50@4,1->RMUX2@4,1","RMUX50(+0,+0)->RMUX2","4",2,"afexe_bitgen_pass2_20260920"
"RMUX50@4,1->RMUX8@4,2","RMUX50(+0,-1)->RMUX8","4",2,"afexe_bitgen_pass2_20260920"
"RMUX50@4,1->RMUX13@4,2","RMUX50(+0,-1)->RMUX13","4",2,"afexe_bitgen_pass2_20260920"
"RMUX61@4,1->RMUX54@3,1","RMUX61(+1,+0)->RMUX54","3",2,"afexe_bitgen_pass2_20260920"
"RMUX69@4,1->RMUX86@4,1","RMUX69(+0,+0)->RMUX86","4",2,"afexe_bitgen_pass2_20260920"
"RMUX69@4,1->RMUX87@4,1","RMUX69(+0,+0)->RMUX87","4",2,"afexe_bitgen_pass2_20260920"
"RMUX80@4,1->RMUX26@4,1","RMUX80(+0,+0)->RMUX26","4",2,"afexe_bitgen_pass2_20260920"
"RMUX86@4,1->RMUX57@4,1","RMUX86(+0,+0)->RMUX57","4",2,"afexe_bitgen_pass2_20260920"
"RMUX93@4,1->RMUX87@5,1","RMUX93(-1,+0)->RMUX87","5",2,"afexe_bitgen_pass2_20260920"
"RMUX3@4,2->RMUX15@4,2","RMUX3(+0,+0)->RMUX15","4",2,"afexe_bitgen_pass2_20260920"
"RMUX3@4,2->RMUX14@5,2","RMUX3(-1,+0)->RMUX14","5",2,"afexe_bitgen_pass2_20260920"
"RMUX8@4,2->RMUX27@3,2","RMUX8(+1,+0)->RMUX27","3",2,"afexe_bitgen_pass2_20260920"
"RMUX8@4,2->RMUX33@3,2","RMUX8(+1,+0)->RMUX33","3",2,"afexe_bitgen_pass2_20260920"
"RMUX9@4,2->RMUX38@4,1","RMUX9(+0,+1)->RMUX38","4",2,"afexe_bitgen_pass2_20260920"
"RMUX9@4,2->RMUX44@4,1","RMUX9(+0,+1)->RMUX44","4",2,"afexe_bitgen_pass2_20260920"
"RMUX9@4,2->RMUX38@4,2","RMUX9(+0,+0)->RMUX38","4",2,"afexe_bitgen_pass2_20260920"
"RMUX15@4,2->RMUX69@4,2","RMUX15(+0,+0)->RMUX69","4",2,"afexe_bitgen_pass2_20260920"
"RMUX19@4,2->RMUX72@4,1","RMUX19(+0,+1)->RMUX72","4",2,"afexe_bitgen_pass2_20260920"
"RMUX25@4,2->RMUX0@4,1","RMUX25(+0,+1)->RMUX0","4",2,"afexe_bitgen_pass2_20260920"
"RMUX31@4,2->RMUX25@3,2","RMUX31(+1,+0)->RMUX25","3",2,"afexe_bitgen_pass2_20260920"
"RMUX32@4,2->RMUX27@4,1","RMUX32(+0,+1)->RMUX27","4",2,"afexe_bitgen_pass2_20260920"
"RMUX33@4,2->RMUX45@4,2","RMUX33(+0,+0)->RMUX45","4",2,"afexe_bitgen_pass2_20260920"
"RMUX33@4,2->RMUX39@5,2","RMUX33(-1,+0)->RMUX39","5",2,"afexe_bitgen_pass2_20260920"
"RMUX44@4,2->RMUX74@4,4","RMUX44(+0,-2)->RMUX74","4",2,"afexe_bitgen_pass2_20260920"
"RMUX49@4,2->RMUX7@4,2","RMUX49(+0,+0)->RMUX7","4",2,"afexe_bitgen_pass2_20260920"
"RMUX61@4,2->RMUX54@3,2","RMUX61(+1,+0)->RMUX54","3",2,"afexe_bitgen_pass2_20260920"
"RMUX62@4,2->RMUX67@4,1","RMUX62(+0,+1)->RMUX67","4",2,"afexe_bitgen_pass2_20260920"
"RMUX69@4,2->RMUX83@4,1","RMUX69(+0,+1)->RMUX83","4",2,"afexe_bitgen_pass2_20260920"
"RMUX69@4,2->RMUX86@4,2","RMUX69(+0,+0)->RMUX86","4",2,"afexe_bitgen_pass2_20260920"
"RMUX69@4,2->RMUX87@4,2","RMUX69(+0,+0)->RMUX87","4",2,"afexe_bitgen_pass2_20260920"
"RMUX85@4,2->RMUX65@4,1","RMUX85(+0,+1)->RMUX65","4",2,"afexe_bitgen_pass2_20260920"
"RMUX86@4,2->RMUX57@4,2","RMUX86(+0,+0)->RMUX57","4",2,"afexe_bitgen_pass2_20260920"
"RMUX92@4,2->RMUX74@4,1","RMUX92(+0,+1)->RMUX74","4",2,"afexe_bitgen_pass2_20260920"
"RMUX92@4,2->RMUX80@4,1","RMUX92(+0,+1)->RMUX80","4",2,"afexe_bitgen_pass2_20260920"
"RMUX92@4,2->RMUX81@4,1","RMUX92(+0,+1)->RMUX81","4",2,"afexe_bitgen_pass2_20260920"
"RMUX93@4,2->RMUX87@5,2","RMUX93(-1,+0)->RMUX87","5",2,"afexe_bitgen_pass2_20260920"
"RMUX3@4,3->RMUX21@4,3","RMUX3(+0,+0)->RMUX21","4",2,"afexe_bitgen_pass2_20260920"
"RMUX3@4,3->RMUX14@5,3","RMUX3(-1,+0)->RMUX14","5",2,"afexe_bitgen_pass2_20260920"
"RMUX7@4,3->RMUX24@4,4","RMUX7(+0,-1)->RMUX24","4",2,"afexe_bitgen_pass2_20260920"
"RMUX7@4,3->RMUX46@4,4","RMUX7(+0,-1)->RMUX46","4",2,"afexe_bitgen_pass2_20260920"
"RMUX8@4,3->RMUX26@3,3","RMUX8(+1,+0)->RMUX26","3",2,"afexe_bitgen_pass2_20260920"
"RMUX8@4,3->RMUX37@3,3","RMUX8(+1,+0)->RMUX37","3",2,"afexe_bitgen_pass2_20260920"
"RMUX9@4,3->RMUX38@4,1","RMUX9(+0,+2)->RMUX38","4",2,"afexe_bitgen_pass2_20260920"
"RMUX15@4,3->RMUX69@4,3","RMUX15(+0,+0)->RMUX69","4",2,"afexe_bitgen_pass2_20260920"
"RMUX21@4,3->RMUX86@4,3","RMUX21(+0,+0)->RMUX86","4",2,"afexe_bitgen_pass2_20260920"
"RMUX21@4,3->RMUX92@4,3","RMUX21(+0,+0)->RMUX92","4",2,"afexe_bitgen_pass2_20260920"
"RMUX21@4,3->RMUX92@4,4","RMUX21(+0,-1)->RMUX92","4",2,"afexe_bitgen_pass2_20260920"
"RMUX27@4,3->RMUX20@4,4","RMUX27(+0,-1)->RMUX20","4",2,"afexe_bitgen_pass2_20260920"
"RMUX31@4,3->RMUX25@3,3","RMUX31(+1,+0)->RMUX25","3",2,"afexe_bitgen_pass2_20260920"
"RMUX33@4,3->RMUX45@4,3","RMUX33(+0,+0)->RMUX45","4",2,"afexe_bitgen_pass2_20260920"
"RMUX33@4,3->RMUX39@5,3","RMUX33(-1,+0)->RMUX39","5",2,"afexe_bitgen_pass2_20260920"
"RMUX37@4,3->RMUX49@4,4","RMUX37(+0,-1)->RMUX49","4",2,"afexe_bitgen_pass2_20260920"
"RMUX44@4,3->RMUX85@4,3","RMUX44(+0,+0)->RMUX85","4",2,"afexe_bitgen_pass2_20260920"
"RMUX49@4,3->RMUX7@4,3","RMUX49(+0,+0)->RMUX7","4",2,"afexe_bitgen_pass2_20260920"
"RMUX50@4,3->RMUX2@4,3","RMUX50(+0,+0)->RMUX2","4",2,"afexe_bitgen_pass2_20260920"
"RMUX50@4,3->RMUX8@4,4","RMUX50(+0,-1)->RMUX8","4",2,"afexe_bitgen_pass2_20260920"
"RMUX50@4,3->RMUX13@4,4","RMUX50(+0,-1)->RMUX13","4",2,"afexe_bitgen_pass2_20260920"
"RMUX61@4,3->RMUX54@3,3","RMUX61(+1,+0)->RMUX54","3",2,"afexe_bitgen_pass2_20260920"
"RMUX80@4,3->RMUX26@4,3","RMUX80(+0,+0)->RMUX26","4",2,"afexe_bitgen_pass2_20260920"
"RMUX86@4,3->RMUX57@4,3","RMUX86(+0,+0)->RMUX57","4",2,"afexe_bitgen_pass2_20260920"
"RMUX87@4,3->RMUX68@4,3","RMUX87(+0,+0)->RMUX68","4",2,"afexe_bitgen_pass2_20260920"
"RMUX87@4,3->RMUX59@4,4","RMUX87(+0,-1)->RMUX59","4",2,"afexe_bitgen_pass2_20260920"
"RMUX87@4,3->RMUX63@4,4","RMUX87(+0,-1)->RMUX63","4",2,"afexe_bitgen_pass2_20260920"
"RMUX93@4,3->RMUX87@5,3","RMUX93(-1,+0)->RMUX87","5",2,"afexe_bitgen_pass2_20260920"
"RMUX3@4,4->RMUX21@4,4","RMUX3(+0,+0)->RMUX21","4",2,"afexe_bitgen_pass2_20260920"
"RMUX3@4,4->RMUX14@5,4","RMUX3(-1,+0)->RMUX14","5",2,"afexe_bitgen_pass2_20260920"
"RMUX8@4,4->RMUX33@3,4","RMUX8(+1,+0)->RMUX33","3",2,"afexe_bitgen_pass2_20260920"
"RMUX8@4,4->RMUX37@3,4","RMUX8(+1,+0)->RMUX37","3",2,"afexe_bitgen_pass2_20260920"
"RMUX9@4,4->RMUX38@4,1","RMUX9(+0,+3)->RMUX38","4",2,"afexe_bitgen_pass2_20260920"
"RMUX9@4,4->RMUX38@4,2","RMUX9(+0,+2)->RMUX38","4",2,"afexe_bitgen_pass2_20260920"
"RMUX9@4,4->RMUX44@4,3","RMUX9(+0,+1)->RMUX44","4",2,"afexe_bitgen_pass2_20260920"
"RMUX15@4,4->RMUX69@4,4","RMUX15(+0,+0)->RMUX69","4",2,"afexe_bitgen_pass2_20260920"
"RMUX21@4,4->RMUX86@4,4","RMUX21(+0,+0)->RMUX86","4",2,"afexe_bitgen_pass2_20260920"
"RMUX21@4,4->RMUX92@4,4","RMUX21(+0,+0)->RMUX92","4",2,"afexe_bitgen_pass2_20260920"
"RMUX31@4,4->RMUX25@3,4","RMUX31(+1,+0)->RMUX25","3",2,"afexe_bitgen_pass2_20260920"
"RMUX32@4,4->RMUX27@4,3","RMUX32(+0,+1)->RMUX27","4",2,"afexe_bitgen_pass2_20260920"
"RMUX33@4,4->RMUX39@5,4","RMUX33(-1,+0)->RMUX39","5",2,"afexe_bitgen_pass2_20260920"
"RMUX49@4,4->RMUX7@4,4","RMUX49(+0,+0)->RMUX7","4",2,"afexe_bitgen_pass2_20260920"
"RMUX50@4,4->RMUX2@4,4","RMUX50(+0,+0)->RMUX2","4",2,"afexe_bitgen_pass2_20260920"
"RMUX57@4,4->RMUX45@4,4","RMUX57(+0,+0)->RMUX45","4",2,"afexe_bitgen_pass2_20260920"
"RMUX61@4,4->RMUX54@3,4","RMUX61(+1,+0)->RMUX54","3",2,"afexe_bitgen_pass2_20260920"
"RMUX80@4,4->RMUX26@4,4","RMUX80(+0,+0)->RMUX26","4",2,"afexe_bitgen_pass2_20260920"
"RMUX86@4,4->RMUX57@4,4","RMUX86(+0,+0)->RMUX57","4",2,"afexe_bitgen_pass2_20260920"
"RMUX87@4,4->RMUX68@4,4","RMUX87(+0,+0)->RMUX68","4",2,"afexe_bitgen_pass2_20260920"
"RMUX93@4,4->RMUX87@5,4","RMUX93(-1,+0)->RMUX87","5",2,"afexe_bitgen_pass2_20260920"
"RMUX3@5,1->RMUX14@6,1","RMUX3(-1,+0)->RMUX14","6",2,"afexe_bitgen_pass2_20260920"
"RMUX15@5,1->RMUX69@5,1","RMUX15(+0,+0)->RMUX69","5",2,"afexe_bitgen_pass2_20260920"
"RMUX27@5,1->RMUX20@5,2","RMUX27(+0,-1)->RMUX20","5",2,"afexe_bitgen_pass2_20260920"
"RMUX27@5,1->RMUX20@5,4","RMUX27(+0,-3)->RMUX20","5",2,"afexe_bitgen_pass2_20260920"
"RMUX31@5,1->RMUX25@4,1","RMUX31(+1,+0)->RMUX25","4",2,"afexe_bitgen_pass2_20260920"
"RMUX33@5,1->RMUX39@6,1","RMUX33(-1,+0)->RMUX39","6",2,"afexe_bitgen_pass2_20260920"
"RMUX49@5,1->RMUX7@5,1","RMUX49(+0,+0)->RMUX7","5",2,"afexe_bitgen_pass2_20260920"
"RMUX50@5,1->RMUX2@5,1","RMUX50(+0,+0)->RMUX2","5",2,"afexe_bitgen_pass2_20260920"
"RMUX50@5,1->RMUX8@5,2","RMUX50(+0,-1)->RMUX8","5",2,"afexe_bitgen_pass2_20260920"
"RMUX50@5,1->RMUX13@5,2","RMUX50(+0,-1)->RMUX13","5",2,"afexe_bitgen_pass2_20260920"
"RMUX61@5,1->RMUX54@4,1","RMUX61(+1,+0)->RMUX54","4",2,"afexe_bitgen_pass2_20260920"
"RMUX69@5,1->RMUX86@5,1","RMUX69(+0,+0)->RMUX86","5",2,"afexe_bitgen_pass2_20260920"
"RMUX69@5,1->RMUX87@5,1","RMUX69(+0,+0)->RMUX87","5",2,"afexe_bitgen_pass2_20260920"
"RMUX80@5,1->RMUX26@5,1","RMUX80(+0,+0)->RMUX26","5",2,"afexe_bitgen_pass2_20260920"
"RMUX86@5,1->RMUX57@5,1","RMUX86(+0,+0)->RMUX57","5",2,"afexe_bitgen_pass2_20260920"
"RMUX93@5,1->RMUX87@6,1","RMUX93(-1,+0)->RMUX87","6",2,"afexe_bitgen_pass2_20260920"
"RMUX3@5,2->RMUX15@5,2","RMUX3(+0,+0)->RMUX15","5",2,"afexe_bitgen_pass2_20260920"
"RMUX3@5,2->RMUX21@5,2","RMUX3(+0,+0)->RMUX21","5",2,"afexe_bitgen_pass2_20260920"
"RMUX3@5,2->RMUX14@6,2","RMUX3(-1,+0)->RMUX14","6",2,"afexe_bitgen_pass2_20260920"
"RMUX8@5,2->RMUX33@4,2","RMUX8(+1,+0)->RMUX33","4",2,"afexe_bitgen_pass2_20260920"
"RMUX8@5,2->RMUX37@4,2","RMUX8(+1,+0)->RMUX37","4",2,"afexe_bitgen_pass2_20260920"
"RMUX9@5,2->RMUX44@5,1","RMUX9(+0,+1)->RMUX44","5",2,"afexe_bitgen_pass2_20260920"
"RMUX9@5,2->RMUX38@5,2","RMUX9(+0,+0)->RMUX38","5",2,"afexe_bitgen_pass2_20260920"
"RMUX15@5,2->RMUX69@5,2","RMUX15(+0,+0)->RMUX69","5",2,"afexe_bitgen_pass2_20260920"
"RMUX19@5,2->RMUX72@5,1","RMUX19(+0,+1)->RMUX72","5",2,"afexe_bitgen_pass2_20260920"
"RMUX25@5,2->RMUX0@5,1","RMUX25(+0,+1)->RMUX0","5",2,"afexe_bitgen_pass2_20260920"
"RMUX31@5,2->RMUX25@4,2","RMUX31(+1,+0)->RMUX25","4",2,"afexe_bitgen_pass2_20260920"
"RMUX32@5,2->RMUX27@5,1","RMUX32(+0,+1)->RMUX27","5",2,"afexe_bitgen_pass2_20260920"
"RMUX33@5,2->RMUX39@6,2","RMUX33(-1,+0)->RMUX39","6",2,"afexe_bitgen_pass2_20260920"
"RMUX44@5,2->RMUX74@5,4","RMUX44(+0,-2)->RMUX74","5",2,"afexe_bitgen_pass2_20260920"
"RMUX49@5,2->RMUX7@5,2","RMUX49(+0,+0)->RMUX7","5",2,"afexe_bitgen_pass2_20260920"
"RMUX61@5,2->RMUX54@4,2","RMUX61(+1,+0)->RMUX54","4",2,"afexe_bitgen_pass2_20260920"
"RMUX62@5,2->RMUX67@5,1","RMUX62(+0,+1)->RMUX67","5",2,"afexe_bitgen_pass2_20260920"
"RMUX69@5,2->RMUX83@5,1","RMUX69(+0,+1)->RMUX83","5",2,"afexe_bitgen_pass2_20260920"
"RMUX69@5,2->RMUX86@5,2","RMUX69(+0,+0)->RMUX86","5",2,"afexe_bitgen_pass2_20260920"
"RMUX69@5,2->RMUX87@5,2","RMUX69(+0,+0)->RMUX87","5",2,"afexe_bitgen_pass2_20260920"
"RMUX85@5,2->RMUX65@5,1","RMUX85(+0,+1)->RMUX65","5",2,"afexe_bitgen_pass2_20260920"
"RMUX86@5,2->RMUX57@5,2","RMUX86(+0,+0)->RMUX57","5",2,"afexe_bitgen_pass2_20260920"
"RMUX92@5,2->RMUX74@5,1","RMUX92(+0,+1)->RMUX74","5",2,"afexe_bitgen_pass2_20260920"
"RMUX92@5,2->RMUX80@5,1","RMUX92(+0,+1)->RMUX80","5",2,"afexe_bitgen_pass2_20260920"
"RMUX92@5,2->RMUX81@5,1","RMUX92(+0,+1)->RMUX81","5",2,"afexe_bitgen_pass2_20260920"
"RMUX93@5,2->RMUX87@6,2","RMUX93(-1,+0)->RMUX87","6",2,"afexe_bitgen_pass2_20260920"
"RMUX3@5,3->RMUX15@5,3","RMUX3(+0,+0)->RMUX15","5",2,"afexe_bitgen_pass2_20260920"
"RMUX3@5,3->RMUX21@5,3","RMUX3(+0,+0)->RMUX21","5",2,"afexe_bitgen_pass2_20260920"
"RMUX3@5,3->RMUX14@6,3","RMUX3(-1,+0)->RMUX14","6",2,"afexe_bitgen_pass2_20260920"
"RMUX7@5,3->RMUX24@5,4","RMUX7(+0,-1)->RMUX24","5",2,"afexe_bitgen_pass2_20260920"
"RMUX7@5,3->RMUX46@5,4","RMUX7(+0,-1)->RMUX46","5",2,"afexe_bitgen_pass2_20260920"
"RMUX9@5,3->RMUX38@5,1","RMUX9(+0,+2)->RMUX38","5",2,"afexe_bitgen_pass2_20260920"
"RMUX15@5,3->RMUX69@5,3","RMUX15(+0,+0)->RMUX69","5",2,"afexe_bitgen_pass2_20260920"
"RMUX21@5,3->RMUX86@5,3","RMUX21(+0,+0)->RMUX86","5",2,"afexe_bitgen_pass2_20260920"
"RMUX21@5,3->RMUX92@5,3","RMUX21(+0,+0)->RMUX92","5",2,"afexe_bitgen_pass2_20260920"
"RMUX21@5,3->RMUX92@5,4","RMUX21(+0,-1)->RMUX92","5",2,"afexe_bitgen_pass2_20260920"
"RMUX27@5,3->RMUX15@5,4","RMUX27(+0,-1)->RMUX15","5",2,"afexe_bitgen_pass2_20260920"
"RMUX27@5,3->RMUX20@5,4","RMUX27(+0,-1)->RMUX20","5",2,"afexe_bitgen_pass2_20260920"
"RMUX31@5,3->RMUX25@4,3","RMUX31(+1,+0)->RMUX25","4",2,"afexe_bitgen_pass2_20260920"
"RMUX33@5,3->RMUX45@5,3","RMUX33(+0,+0)->RMUX45","5",2,"afexe_bitgen_pass2_20260920"
"RMUX33@5,3->RMUX39@6,3","RMUX33(-1,+0)->RMUX39","6",2,"afexe_bitgen_pass2_20260920"
"RMUX37@5,3->RMUX49@5,4","RMUX37(+0,-1)->RMUX49","5",2,"afexe_bitgen_pass2_20260920"
"RMUX44@5,3->RMUX85@5,3","RMUX44(+0,+0)->RMUX85","5",2,"afexe_bitgen_pass2_20260920"
"RMUX49@5,3->RMUX7@5,3","RMUX49(+0,+0)->RMUX7","5",2,"afexe_bitgen_pass2_20260920"
"RMUX50@5,3->RMUX2@5,3","RMUX50(+0,+0)->RMUX2","5",2,"afexe_bitgen_pass2_20260920"
"RMUX50@5,3->RMUX8@5,4","RMUX50(+0,-1)->RMUX8","5",2,"afexe_bitgen_pass2_20260920"
"RMUX50@5,3->RMUX13@5,4","RMUX50(+0,-1)->RMUX13","5",2,"afexe_bitgen_pass2_20260920"
"RMUX61@5,3->RMUX54@4,3","RMUX61(+1,+0)->RMUX54","4",2,"afexe_bitgen_pass2_20260920"
"RMUX80@5,3->RMUX26@5,3","RMUX80(+0,+0)->RMUX26","5",2,"afexe_bitgen_pass2_20260920"
"RMUX86@5,3->RMUX57@5,3","RMUX86(+0,+0)->RMUX57","5",2,"afexe_bitgen_pass2_20260920"
"RMUX87@5,3->RMUX68@5,3","RMUX87(+0,+0)->RMUX68","5",2,"afexe_bitgen_pass2_20260920"
"RMUX87@5,3->RMUX59@5,4","RMUX87(+0,-1)->RMUX59","5",2,"afexe_bitgen_pass2_20260920"
"RMUX87@5,3->RMUX63@5,4","RMUX87(+0,-1)->RMUX63","5",2,"afexe_bitgen_pass2_20260920"
"RMUX93@5,3->RMUX87@6,3","RMUX93(-1,+0)->RMUX87","6",2,"afexe_bitgen_pass2_20260920"
"RMUX3@5,4->RMUX15@5,4","RMUX3(+0,+0)->RMUX15","5",2,"afexe_bitgen_pass2_20260920"
"RMUX3@5,4->RMUX14@6,4","RMUX3(-1,+0)->RMUX14","6",2,"afexe_bitgen_pass2_20260920"
"RMUX8@5,4->RMUX26@4,4","RMUX8(+1,+0)->RMUX26","4",2,"afexe_bitgen_pass2_20260920"
"RMUX8@5,4->RMUX27@4,4","RMUX8(+1,+0)->RMUX27","4",2,"afexe_bitgen_pass2_20260920"
"RMUX9@5,4->RMUX38@5,1","RMUX9(+0,+3)->RMUX38","5",2,"afexe_bitgen_pass2_20260920"
"RMUX9@5,4->RMUX38@5,2","RMUX9(+0,+2)->RMUX38","5",2,"afexe_bitgen_pass2_20260920"
"RMUX9@5,4->RMUX44@5,3","RMUX9(+0,+1)->RMUX44","5",2,"afexe_bitgen_pass2_20260920"
"RMUX9@5,4->RMUX38@5,4","RMUX9(+0,+0)->RMUX38","5",2,"afexe_bitgen_pass2_20260920"
"RMUX15@5,4->RMUX69@5,4","RMUX15(+0,+0)->RMUX69","5",2,"afexe_bitgen_pass2_20260920"
"RMUX21@5,4->RMUX86@5,4","RMUX21(+0,+0)->RMUX86","5",2,"afexe_bitgen_pass2_20260920"
"RMUX21@5,4->RMUX92@5,4","RMUX21(+0,+0)->RMUX92","5",2,"afexe_bitgen_pass2_20260920"
"RMUX31@5,4->RMUX25@4,4","RMUX31(+1,+0)->RMUX25","4",2,"afexe_bitgen_pass2_20260920"
"RMUX32@5,4->RMUX27@5,3","RMUX32(+0,+1)->RMUX27","5",2,"afexe_bitgen_pass2_20260920"
"RMUX33@5,4->RMUX45@5,4","RMUX33(+0,+0)->RMUX45","5",2,"afexe_bitgen_pass2_20260920"
"RMUX33@5,4->RMUX39@6,4","RMUX33(-1,+0)->RMUX39","6",2,"afexe_bitgen_pass2_20260920"
"RMUX38@5,4->RMUX50@4,4","RMUX38(+1,+0)->RMUX50","4",2,"afexe_bitgen_pass2_20260920"
"RMUX49@5,4->RMUX7@5,4","RMUX49(+0,+0)->RMUX7","5",2,"afexe_bitgen_pass2_20260920"
"RMUX50@5,4->RMUX2@5,4","RMUX50(+0,+0)->RMUX2","5",2,"afexe_bitgen_pass2_20260920"
"RMUX61@5,4->RMUX54@4,4","RMUX61(+1,+0)->RMUX54","4",2,"afexe_bitgen_pass2_20260920"
"RMUX62@5,4->RMUX67@5,3","RMUX62(+0,+1)->RMUX67","5",2,"afexe_bitgen_pass2_20260920"
"RMUX73@5,4->RMUX1@5,4","RMUX73(+0,+0)->RMUX1","5",2,"afexe_bitgen_pass2_20260920"
"RMUX80@5,4->RMUX26@5,4","RMUX80(+0,+0)->RMUX26","5",2,"afexe_bitgen_pass2_20260920"
"RMUX86@5,4->RMUX57@5,4","RMUX86(+0,+0)->RMUX57","5",2,"afexe_bitgen_pass2_20260920"
"RMUX87@5,4->RMUX68@5,4","RMUX87(+0,+0)->RMUX68","5",2,"afexe_bitgen_pass2_20260920"
"RMUX93@5,4->RMUX87@6,4","RMUX93(-1,+0)->RMUX87","6",2,"afexe_bitgen_pass2_20260920"
"RMUX3@6,1->RMUX14@7,1","RMUX3(-1,+0)->RMUX14","7",2,"afexe_bitgen_pass2_20260920"
"RMUX7@6,1->RMUX24@6,2","RMUX7(+0,-1)->RMUX24","6",2,"afexe_bitgen_pass2_20260920"
"RMUX7@6,1->RMUX46@6,2","RMUX7(+0,-1)->RMUX46","6",2,"afexe_bitgen_pass2_20260920"
"RMUX7@6,1->RMUX31@6,4","RMUX7(+0,-3)->RMUX31","6",2,"afexe_bitgen_pass2_20260920"
"RMUX15@6,1->RMUX69@6,1","RMUX15(+0,+0)->RMUX69","6",2,"afexe_bitgen_pass2_20260920"
"RMUX21@6,1->RMUX86@6,1","RMUX21(+0,+0)->RMUX86","6",2,"afexe_bitgen_pass2_20260920"
"RMUX21@6,1->RMUX92@6,1","RMUX21(+0,+0)->RMUX92","6",2,"afexe_bitgen_pass2_20260920"
"RMUX21@6,1->RMUX92@6,2","RMUX21(+0,-1)->RMUX92","6",2,"afexe_bitgen_pass2_20260920"
"RMUX27@6,1->RMUX20@6,2","RMUX27(+0,-1)->RMUX20","6",2,"afexe_bitgen_pass2_20260920"
"RMUX27@6,1->RMUX20@6,4","RMUX27(+0,-3)->RMUX20","6",2,"afexe_bitgen_pass2_20260920"
"RMUX31@6,1->RMUX25@5,1","RMUX31(+1,+0)->RMUX25","5",2,"afexe_bitgen_pass2_20260920"
"RMUX33@6,1->RMUX39@7,1","RMUX33(-1,+0)->RMUX39","7",2,"afexe_bitgen_pass2_20260920"
"RMUX37@6,1->RMUX49@6,2","RMUX37(+0,-1)->RMUX49","6",2,"afexe_bitgen_pass2_20260920"
"RMUX44@6,1->RMUX74@6,3","RMUX44(+0,-2)->RMUX74","6",2,"afexe_bitgen_pass2_20260920"
"RMUX49@6,1->RMUX7@6,1","RMUX49(+0,+0)->RMUX7","6",2,"afexe_bitgen_pass2_20260920"
"RMUX50@6,1->RMUX2@6,1","RMUX50(+0,+0)->RMUX2","6",2,"afexe_bitgen_pass2_20260920"
"RMUX50@6,1->RMUX8@6,2","RMUX50(+0,-1)->RMUX8","6",2,"afexe_bitgen_pass2_20260920"
"RMUX50@6,1->RMUX13@6,2","RMUX50(+0,-1)->RMUX13","6",2,"afexe_bitgen_pass2_20260920"
"RMUX61@6,1->RMUX54@5,1","RMUX61(+1,+0)->RMUX54","5",2,"afexe_bitgen_pass2_20260920"
"RMUX69@6,1->RMUX86@6,1","RMUX69(+0,+0)->RMUX86","6",2,"afexe_bitgen_pass2_20260920"
"RMUX69@6,1->RMUX87@6,1","RMUX69(+0,+0)->RMUX87","6",2,"afexe_bitgen_pass2_20260920"
"RMUX73@6,1->RMUX1@6,4","RMUX73(+0,-3)->RMUX1","6",2,"afexe_bitgen_pass2_20260920"
"RMUX80@6,1->RMUX26@6,1","RMUX80(+0,+0)->RMUX26","6",2,"afexe_bitgen_pass2_20260920"
"RMUX86@6,1->RMUX57@6,1","RMUX86(+0,+0)->RMUX57","6",2,"afexe_bitgen_pass2_20260920"
"RMUX93@6,1->RMUX87@7,1","RMUX93(-1,+0)->RMUX87","7",2,"afexe_bitgen_pass2_20260920"
"RMUX3@6,2->RMUX15@6,2","RMUX3(+0,+0)->RMUX15","6",2,"afexe_bitgen_pass2_20260920"
"RMUX3@6,2->RMUX21@6,2","RMUX3(+0,+0)->RMUX21","6",2,"afexe_bitgen_pass2_20260920"
"RMUX3@6,2->RMUX14@7,2","RMUX3(-1,+0)->RMUX14","7",2,"afexe_bitgen_pass2_20260920"
"RMUX9@6,2->RMUX44@6,1","RMUX9(+0,+1)->RMUX44","6",2,"afexe_bitgen_pass2_20260920"
"RMUX15@6,2->RMUX69@6,2","RMUX15(+0,+0)->RMUX69","6",2,"afexe_bitgen_pass2_20260920"
"RMUX19@6,2->RMUX72@6,1","RMUX19(+0,+1)->RMUX72","6",2,"afexe_bitgen_pass2_20260920"
"RMUX25@6,2->RMUX0@6,1","RMUX25(+0,+1)->RMUX0","6",2,"afexe_bitgen_pass2_20260920"
"RMUX31@6,2->RMUX25@5,2","RMUX31(+1,+0)->RMUX25","5",2,"afexe_bitgen_pass2_20260920"
"RMUX32@6,2->RMUX27@6,1","RMUX32(+0,+1)->RMUX27","6",2,"afexe_bitgen_pass2_20260920"
"RMUX33@6,2->RMUX39@7,2","RMUX33(-1,+0)->RMUX39","7",2,"afexe_bitgen_pass2_20260920"
"RMUX44@6,2->RMUX74@6,4","RMUX44(+0,-2)->RMUX74","6",2,"afexe_bitgen_pass2_20260920"
"RMUX49@6,2->RMUX7@6,2","RMUX49(+0,+0)->RMUX7","6",2,"afexe_bitgen_pass2_20260920"
"RMUX61@6,2->RMUX54@5,2","RMUX61(+1,+0)->RMUX54","5",2,"afexe_bitgen_pass2_20260920"
"RMUX62@6,2->RMUX67@6,1","RMUX62(+0,+1)->RMUX67","6",2,"afexe_bitgen_pass2_20260920"
"RMUX69@6,2->RMUX83@6,1","RMUX69(+0,+1)->RMUX83","6",2,"afexe_bitgen_pass2_20260920"
"RMUX69@6,2->RMUX86@6,2","RMUX69(+0,+0)->RMUX86","6",2,"afexe_bitgen_pass2_20260920"
"RMUX69@6,2->RMUX87@6,2","RMUX69(+0,+0)->RMUX87","6",2,"afexe_bitgen_pass2_20260920"
"RMUX80@6,2->RMUX26@6,4","RMUX80(+0,-2)->RMUX26","6",2,"afexe_bitgen_pass2_20260920"
"RMUX85@6,2->RMUX65@6,1","RMUX85(+0,+1)->RMUX65","6",2,"afexe_bitgen_pass2_20260920"
"RMUX86@6,2->RMUX57@6,2","RMUX86(+0,+0)->RMUX57","6",2,"afexe_bitgen_pass2_20260920"
"RMUX92@6,2->RMUX74@6,1","RMUX92(+0,+1)->RMUX74","6",2,"afexe_bitgen_pass2_20260920"
"RMUX92@6,2->RMUX80@6,1","RMUX92(+0,+1)->RMUX80","6",2,"afexe_bitgen_pass2_20260920"
"RMUX92@6,2->RMUX81@6,1","RMUX92(+0,+1)->RMUX81","6",2,"afexe_bitgen_pass2_20260920"
"RMUX93@6,2->RMUX87@7,2","RMUX93(-1,+0)->RMUX87","7",2,"afexe_bitgen_pass2_20260920"
"RMUX3@6,3->RMUX15@6,3","RMUX3(+0,+0)->RMUX15","6",2,"afexe_bitgen_pass2_20260920"
"RMUX3@6,3->RMUX14@7,3","RMUX3(-1,+0)->RMUX14","7",2,"afexe_bitgen_pass2_20260920"
"RMUX7@6,3->RMUX24@6,4","RMUX7(+0,-1)->RMUX24","6",2,"afexe_bitgen_pass2_20260920"
"RMUX7@6,3->RMUX46@6,4","RMUX7(+0,-1)->RMUX46","6",2,"afexe_bitgen_pass2_20260920"
"RMUX8@6,3->RMUX26@5,3","RMUX8(+1,+0)->RMUX26","5",2,"afexe_bitgen_pass2_20260920"
"RMUX8@6,3->RMUX27@5,3","RMUX8(+1,+0)->RMUX27","5",2,"afexe_bitgen_pass2_20260920"
"RMUX9@6,3->RMUX38@6,1","RMUX9(+0,+2)->RMUX38","6",2,"afexe_bitgen_pass2_20260920"
"RMUX15@6,3->RMUX69@6,3","RMUX15(+0,+0)->RMUX69","6",2,"afexe_bitgen_pass2_20260920"
"RMUX21@6,3->RMUX86@6,3","RMUX21(+0,+0)->RMUX86","6",2,"afexe_bitgen_pass2_20260920"
"RMUX21@6,3->RMUX92@6,3","RMUX21(+0,+0)->RMUX92","6",2,"afexe_bitgen_pass2_20260920"
"RMUX21@6,3->RMUX92@6,4","RMUX21(+0,-1)->RMUX92","6",2,"afexe_bitgen_pass2_20260920"
"RMUX27@6,3->RMUX20@6,4","RMUX27(+0,-1)->RMUX20","6",2,"afexe_bitgen_pass2_20260920"
"RMUX31@6,3->RMUX25@5,3","RMUX31(+1,+0)->RMUX25","5",2,"afexe_bitgen_pass2_20260920"
"RMUX33@6,3->RMUX39@7,3","RMUX33(-1,+0)->RMUX39","7",2,"afexe_bitgen_pass2_20260920"
"RMUX37@6,3->RMUX49@6,4","RMUX37(+0,-1)->RMUX49","6",2,"afexe_bitgen_pass2_20260920"
"RMUX49@6,3->RMUX7@6,3","RMUX49(+0,+0)->RMUX7","6",2,"afexe_bitgen_pass2_20260920"
"RMUX50@6,3->RMUX2@6,3","RMUX50(+0,+0)->RMUX2","6",2,"afexe_bitgen_pass2_20260920"
"RMUX50@6,3->RMUX8@6,4","RMUX50(+0,-1)->RMUX8","6",2,"afexe_bitgen_pass2_20260920"
"RMUX50@6,3->RMUX13@6,4","RMUX50(+0,-1)->RMUX13","6",2,"afexe_bitgen_pass2_20260920"
"RMUX57@6,3->RMUX45@6,3","RMUX57(+0,+0)->RMUX45","6",2,"afexe_bitgen_pass2_20260920"
"RMUX61@6,3->RMUX54@5,3","RMUX61(+1,+0)->RMUX54","5",2,"afexe_bitgen_pass2_20260920"
"RMUX68@6,3->RMUX80@5,3","RMUX68(+1,+0)->RMUX80","5",2,"afexe_bitgen_pass2_20260920"
"RMUX80@6,3->RMUX26@6,3","RMUX80(+0,+0)->RMUX26","6",2,"afexe_bitgen_pass2_20260920"
"RMUX86@6,3->RMUX57@6,3","RMUX86(+0,+0)->RMUX57","6",2,"afexe_bitgen_pass2_20260920"
"RMUX87@6,3->RMUX68@6,3","RMUX87(+0,+0)->RMUX68","6",2,"afexe_bitgen_pass2_20260920"
"RMUX87@6,3->RMUX59@6,4","RMUX87(+0,-1)->RMUX59","6",2,"afexe_bitgen_pass2_20260920"
"RMUX87@6,3->RMUX63@6,4","RMUX87(+0,-1)->RMUX63","6",2,"afexe_bitgen_pass2_20260920"
"RMUX93@6,3->RMUX87@7,3","RMUX93(-1,+0)->RMUX87","7",2,"afexe_bitgen_pass2_20260920"
"RMUX3@6,4->RMUX14@7,4","RMUX3(-1,+0)->RMUX14","7",2,"afexe_bitgen_pass2_20260920"
"RMUX8@6,4->RMUX33@5,4","RMUX8(+1,+0)->RMUX33","5",2,"afexe_bitgen_pass2_20260920"
"RMUX9@6,4->RMUX38@6,1","RMUX9(+0,+3)->RMUX38","6",2,"afexe_bitgen_pass2_20260920"
"RMUX9@6,4->RMUX38@6,2","RMUX9(+0,+2)->RMUX38","6",2,"afexe_bitgen_pass2_20260920"
"RMUX9@6,4->RMUX44@6,3","RMUX9(+0,+1)->RMUX44","6",2,"afexe_bitgen_pass2_20260920"
"RMUX9@6,4->RMUX38@6,4","RMUX9(+0,+0)->RMUX38","6",2,"afexe_bitgen_pass2_20260920"
"RMUX15@6,4->RMUX69@6,4","RMUX15(+0,+0)->RMUX69","6",2,"afexe_bitgen_pass2_20260920"
"RMUX21@6,4->RMUX86@6,4","RMUX21(+0,+0)->RMUX86","6",2,"afexe_bitgen_pass2_20260920"
"RMUX21@6,4->RMUX92@6,4","RMUX21(+0,+0)->RMUX92","6",2,"afexe_bitgen_pass2_20260920"
"RMUX31@6,4->RMUX25@5,4","RMUX31(+1,+0)->RMUX25","5",2,"afexe_bitgen_pass2_20260920"
"RMUX32@6,4->RMUX27@6,3","RMUX32(+0,+1)->RMUX27","6",2,"afexe_bitgen_pass2_20260920"
"RMUX33@6,4->RMUX39@7,4","RMUX33(-1,+0)->RMUX39","7",2,"afexe_bitgen_pass2_20260920"
"RMUX49@6,4->RMUX7@6,4","RMUX49(+0,+0)->RMUX7","6",2,"afexe_bitgen_pass2_20260920"
"RMUX50@6,4->RMUX2@6,4","RMUX50(+0,+0)->RMUX2","6",2,"afexe_bitgen_pass2_20260920"
"RMUX57@6,4->RMUX45@6,4","RMUX57(+0,+0)->RMUX45","6",2,"afexe_bitgen_pass2_20260920"
"RMUX61@6,4->RMUX54@5,4","RMUX61(+1,+0)->RMUX54","5",2,"afexe_bitgen_pass2_20260920"
"RMUX62@6,4->RMUX67@6,3","RMUX62(+0,+1)->RMUX67","6",2,"afexe_bitgen_pass2_20260920"
"RMUX80@6,4->RMUX26@6,4","RMUX80(+0,+0)->RMUX26","6",2,"afexe_bitgen_pass2_20260920"
"RMUX86@6,4->RMUX57@6,4","RMUX86(+0,+0)->RMUX57","6",2,"afexe_bitgen_pass2_20260920"
"RMUX87@6,4->RMUX68@6,4","RMUX87(+0,+0)->RMUX68","6",2,"afexe_bitgen_pass2_20260920"
"RMUX93@6,4->RMUX87@7,4","RMUX93(-1,+0)->RMUX87","7",2,"afexe_bitgen_pass2_20260920"
"RMUX3@7,1->RMUX14@8,1","RMUX3(-1,+0)->RMUX14","8",2,"afexe_bitgen_pass2_20260920"
"RMUX7@7,1->RMUX24@7,2","RMUX7(+0,-1)->RMUX24","7",2,"afexe_bitgen_pass2_20260920"
"RMUX7@7,1->RMUX46@7,2","RMUX7(+0,-1)->RMUX46","7",2,"afexe_bitgen_pass2_20260920"
"RMUX7@7,1->RMUX31@7,4","RMUX7(+0,-3)->RMUX31","7",2,"afexe_bitgen_pass2_20260920"
"RMUX15@7,1->RMUX69@7,1","RMUX15(+0,+0)->RMUX69","7",2,"afexe_bitgen_pass2_20260920"
"RMUX21@7,1->RMUX86@7,1","RMUX21(+0,+0)->RMUX86","7",2,"afexe_bitgen_pass2_20260920"
"RMUX21@7,1->RMUX92@7,1","RMUX21(+0,+0)->RMUX92","7",2,"afexe_bitgen_pass2_20260920"
"RMUX21@7,1->RMUX92@7,2","RMUX21(+0,-1)->RMUX92","7",2,"afexe_bitgen_pass2_20260920"
"RMUX27@7,1->RMUX20@7,2","RMUX27(+0,-1)->RMUX20","7",2,"afexe_bitgen_pass2_20260920"
"RMUX27@7,1->RMUX20@7,4","RMUX27(+0,-3)->RMUX20","7",2,"afexe_bitgen_pass2_20260920"
"RMUX31@7,1->RMUX25@6,1","RMUX31(+1,+0)->RMUX25","6",2,"afexe_bitgen_pass2_20260920"
"RMUX33@7,1->RMUX39@8,1","RMUX33(-1,+0)->RMUX39","8",2,"afexe_bitgen_pass2_20260920"
"RMUX44@7,1->RMUX74@7,3","RMUX44(+0,-2)->RMUX74","7",2,"afexe_bitgen_pass2_20260920"
"RMUX49@7,1->RMUX7@7,1","RMUX49(+0,+0)->RMUX7","7",2,"afexe_bitgen_pass2_20260920"
"RMUX50@7,1->RMUX2@7,1","RMUX50(+0,+0)->RMUX2","7",2,"afexe_bitgen_pass2_20260920"
"RMUX50@7,1->RMUX8@7,2","RMUX50(+0,-1)->RMUX8","7",2,"afexe_bitgen_pass2_20260920"
"RMUX50@7,1->RMUX13@7,2","RMUX50(+0,-1)->RMUX13","7",2,"afexe_bitgen_pass2_20260920"
"RMUX61@7,1->RMUX54@6,1","RMUX61(+1,+0)->RMUX54","6",2,"afexe_bitgen_pass2_20260920"
"RMUX69@7,1->RMUX86@7,1","RMUX69(+0,+0)->RMUX86","7",2,"afexe_bitgen_pass2_20260920"
"RMUX69@7,1->RMUX87@7,1","RMUX69(+0,+0)->RMUX87","7",2,"afexe_bitgen_pass2_20260920"
"RMUX73@7,1->RMUX1@7,4","RMUX73(+0,-3)->RMUX1","7",2,"afexe_bitgen_pass2_20260920"
"RMUX80@7,1->RMUX26@7,1","RMUX80(+0,+0)->RMUX26","7",2,"afexe_bitgen_pass2_20260920"
"RMUX86@7,1->RMUX57@7,1","RMUX86(+0,+0)->RMUX57","7",2,"afexe_bitgen_pass2_20260920"
"RMUX87@7,1->RMUX68@7,1","RMUX87(+0,+0)->RMUX68","7",2,"afexe_bitgen_pass2_20260920"
"RMUX87@7,1->RMUX59@7,2","RMUX87(+0,-1)->RMUX59","7",2,"afexe_bitgen_pass2_20260920"
"RMUX87@7,1->RMUX63@7,2","RMUX87(+0,-1)->RMUX63","7",2,"afexe_bitgen_pass2_20260920"
"RMUX93@7,1->RMUX87@8,1","RMUX93(-1,+0)->RMUX87","8",2,"afexe_bitgen_pass2_20260920"
"RMUX3@7,2->RMUX15@7,2","RMUX3(+0,+0)->RMUX15","7",2,"afexe_bitgen_pass2_20260920"
"RMUX3@7,2->RMUX21@7,2","RMUX3(+0,+0)->RMUX21","7",2,"afexe_bitgen_pass2_20260920"
"RMUX3@7,2->RMUX14@8,2","RMUX3(-1,+0)->RMUX14","8",2,"afexe_bitgen_pass2_20260920"
"RMUX8@7,2->RMUX26@6,2","RMUX8(+1,+0)->RMUX26","6",2,"afexe_bitgen_pass2_20260920"
"RMUX8@7,2->RMUX27@6,2","RMUX8(+1,+0)->RMUX27","6",2,"afexe_bitgen_pass2_20260920"
"RMUX9@7,2->RMUX44@7,1","RMUX9(+0,+1)->RMUX44","7",2,"afexe_bitgen_pass2_20260920"
"RMUX15@7,2->RMUX69@7,2","RMUX15(+0,+0)->RMUX69","7",2,"afexe_bitgen_pass2_20260920"
"RMUX19@7,2->RMUX72@7,1","RMUX19(+0,+1)->RMUX72","7",2,"afexe_bitgen_pass2_20260920"
"RMUX25@7,2->RMUX0@7,1","RMUX25(+0,+1)->RMUX0","7",2,"afexe_bitgen_pass2_20260920"
"RMUX31@7,2->RMUX25@6,2","RMUX31(+1,+0)->RMUX25","6",2,"afexe_bitgen_pass2_20260920"
"RMUX32@7,2->RMUX27@7,1","RMUX32(+0,+1)->RMUX27","7",2,"afexe_bitgen_pass2_20260920"
"RMUX33@7,2->RMUX39@8,2","RMUX33(-1,+0)->RMUX39","8",2,"afexe_bitgen_pass2_20260920"
"RMUX44@7,2->RMUX74@7,4","RMUX44(+0,-2)->RMUX74","7",2,"afexe_bitgen_pass2_20260920"
"RMUX49@7,2->RMUX7@7,2","RMUX49(+0,+0)->RMUX7","7",2,"afexe_bitgen_pass2_20260920"
"RMUX61@7,2->RMUX54@6,2","RMUX61(+1,+0)->RMUX54","6",2,"afexe_bitgen_pass2_20260920"
"RMUX62@7,2->RMUX67@7,1","RMUX62(+0,+1)->RMUX67","7",2,"afexe_bitgen_pass2_20260920"
"RMUX68@7,2->RMUX80@6,2","RMUX68(+1,+0)->RMUX80","6",2,"afexe_bitgen_pass2_20260920"
"RMUX69@7,2->RMUX83@7,1","RMUX69(+0,+1)->RMUX83","7",2,"afexe_bitgen_pass2_20260920"
"RMUX69@7,2->RMUX86@7,2","RMUX69(+0,+0)->RMUX86","7",2,"afexe_bitgen_pass2_20260920"
"RMUX69@7,2->RMUX87@7,2","RMUX69(+0,+0)->RMUX87","7",2,"afexe_bitgen_pass2_20260920"
"RMUX85@7,2->RMUX65@7,1","RMUX85(+0,+1)->RMUX65","7",2,"afexe_bitgen_pass2_20260920"
"RMUX86@7,2->RMUX57@7,2","RMUX86(+0,+0)->RMUX57","7",2,"afexe_bitgen_pass2_20260920"
"RMUX92@7,2->RMUX74@7,1","RMUX92(+0,+1)->RMUX74","7",2,"afexe_bitgen_pass2_20260920"
"RMUX92@7,2->RMUX80@7,1","RMUX92(+0,+1)->RMUX80","7",2,"afexe_bitgen_pass2_20260920"
"RMUX92@7,2->RMUX81@7,1","RMUX92(+0,+1)->RMUX81","7",2,"afexe_bitgen_pass2_20260920"
"RMUX93@7,2->RMUX87@8,2","RMUX93(-1,+0)->RMUX87","8",2,"afexe_bitgen_pass2_20260920"
"RMUX3@7,3->RMUX15@7,3","RMUX3(+0,+0)->RMUX15","7",2,"afexe_bitgen_pass2_20260920"
"RMUX3@7,3->RMUX21@7,3","RMUX3(+0,+0)->RMUX21","7",2,"afexe_bitgen_pass2_20260920"
"RMUX3@7,3->RMUX14@8,3","RMUX3(-1,+0)->RMUX14","8",2,"afexe_bitgen_pass2_20260920"
"RMUX7@7,3->RMUX24@7,4","RMUX7(+0,-1)->RMUX24","7",2,"afexe_bitgen_pass2_20260920"
"RMUX7@7,3->RMUX46@7,4","RMUX7(+0,-1)->RMUX46","7",2,"afexe_bitgen_pass2_20260920"
"RMUX8@7,3->RMUX26@6,3","RMUX8(+1,+0)->RMUX26","6",2,"afexe_bitgen_pass2_20260920"
"RMUX8@7,3->RMUX33@6,3","RMUX8(+1,+0)->RMUX33","6",2,"afexe_bitgen_pass2_20260920"
"RMUX9@7,3->RMUX38@7,1","RMUX9(+0,+2)->RMUX38","7",2,"afexe_bitgen_pass2_20260920"
"RMUX15@7,3->RMUX69@7,3","RMUX15(+0,+0)->RMUX69","7",2,"afexe_bitgen_pass2_20260920"
"RMUX21@7,3->RMUX86@7,3","RMUX21(+0,+0)->RMUX86","7",2,"afexe_bitgen_pass2_20260920"
"RMUX21@7,3->RMUX92@7,3","RMUX21(+0,+0)->RMUX92","7",2,"afexe_bitgen_pass2_20260920"
"RMUX21@7,3->RMUX92@7,4","RMUX21(+0,-1)->RMUX92","7",2,"afexe_bitgen_pass2_20260920"
"RMUX27@7,3->RMUX20@7,4","RMUX27(+0,-1)->RMUX20","7",2,"afexe_bitgen_pass2_20260920"
"RMUX31@7,3->RMUX25@6,3","RMUX31(+1,+0)->RMUX25","6",2,"afexe_bitgen_pass2_20260920"
"RMUX33@7,3->RMUX39@8,3","RMUX33(-1,+0)->RMUX39","8",2,"afexe_bitgen_pass2_20260920"
"RMUX37@7,3->RMUX49@7,4","RMUX37(+0,-1)->RMUX49","7",2,"afexe_bitgen_pass2_20260920"
"RMUX49@7,3->RMUX7@7,3","RMUX49(+0,+0)->RMUX7","7",2,"afexe_bitgen_pass2_20260920"
"RMUX50@7,3->RMUX2@7,3","RMUX50(+0,+0)->RMUX2","7",2,"afexe_bitgen_pass2_20260920"
"RMUX50@7,3->RMUX8@7,4","RMUX50(+0,-1)->RMUX8","7",2,"afexe_bitgen_pass2_20260920"
"RMUX50@7,3->RMUX13@7,4","RMUX50(+0,-1)->RMUX13","7",2,"afexe_bitgen_pass2_20260920"
"RMUX57@7,3->RMUX45@7,3","RMUX57(+0,+0)->RMUX45","7",2,"afexe_bitgen_pass2_20260920"
"RMUX61@7,3->RMUX54@6,3","RMUX61(+1,+0)->RMUX54","6",2,"afexe_bitgen_pass2_20260920"
"RMUX68@7,3->RMUX85@6,3","RMUX68(+1,+0)->RMUX85","6",2,"afexe_bitgen_pass2_20260920"
"RMUX80@7,3->RMUX26@7,3","RMUX80(+0,+0)->RMUX26","7",2,"afexe_bitgen_pass2_20260920"
"RMUX86@7,3->RMUX57@7,3","RMUX86(+0,+0)->RMUX57","7",2,"afexe_bitgen_pass2_20260920"
"RMUX87@7,3->RMUX68@7,3","RMUX87(+0,+0)->RMUX68","7",2,"afexe_bitgen_pass2_20260920"
"RMUX87@7,3->RMUX59@7,4","RMUX87(+0,-1)->RMUX59","7",2,"afexe_bitgen_pass2_20260920"
"RMUX87@7,3->RMUX63@7,4","RMUX87(+0,-1)->RMUX63","7",2,"afexe_bitgen_pass2_20260920"
"RMUX93@7,3->RMUX87@8,3","RMUX93(-1,+0)->RMUX87","8",2,"afexe_bitgen_pass2_20260920"
"RMUX3@7,4->RMUX14@8,4","RMUX3(-1,+0)->RMUX14","8",2,"afexe_bitgen_pass2_20260920"
"RMUX8@7,4->RMUX27@6,4","RMUX8(+1,+0)->RMUX27","6",2,"afexe_bitgen_pass2_20260920"
"RMUX8@7,4->RMUX33@6,4","RMUX8(+1,+0)->RMUX33","6",2,"afexe_bitgen_pass2_20260920"
"RMUX8@7,4->RMUX37@6,4","RMUX8(+1,+0)->RMUX37","6",2,"afexe_bitgen_pass2_20260920"
"RMUX9@7,4->RMUX38@7,1","RMUX9(+0,+3)->RMUX38","7",2,"afexe_bitgen_pass2_20260920"
"RMUX9@7,4->RMUX38@7,2","RMUX9(+0,+2)->RMUX38","7",2,"afexe_bitgen_pass2_20260920"
"RMUX9@7,4->RMUX38@7,3","RMUX9(+0,+1)->RMUX38","7",2,"afexe_bitgen_pass2_20260920"
"RMUX9@7,4->RMUX44@7,3","RMUX9(+0,+1)->RMUX44","7",2,"afexe_bitgen_pass2_20260920"
"RMUX15@7,4->RMUX69@7,4","RMUX15(+0,+0)->RMUX69","7",2,"afexe_bitgen_pass2_20260920"
"RMUX21@7,4->RMUX86@7,4","RMUX21(+0,+0)->RMUX86","7",2,"afexe_bitgen_pass2_20260920"
"RMUX21@7,4->RMUX92@7,4","RMUX21(+0,+0)->RMUX92","7",2,"afexe_bitgen_pass2_20260920"
"RMUX31@7,4->RMUX25@6,4","RMUX31(+1,+0)->RMUX25","6",2,"afexe_bitgen_pass2_20260920"
"RMUX32@7,4->RMUX27@7,3","RMUX32(+0,+1)->RMUX27","7",2,"afexe_bitgen_pass2_20260920"
"RMUX33@7,4->RMUX39@8,4","RMUX33(-1,+0)->RMUX39","8",2,"afexe_bitgen_pass2_20260920"
"RMUX49@7,4->RMUX7@7,4","RMUX49(+0,+0)->RMUX7","7",2,"afexe_bitgen_pass2_20260920"
"RMUX50@7,4->RMUX2@7,4","RMUX50(+0,+0)->RMUX2","7",2,"afexe_bitgen_pass2_20260920"
"RMUX61@7,4->RMUX54@6,4","RMUX61(+1,+0)->RMUX54","6",2,"afexe_bitgen_pass2_20260920"
"RMUX80@7,4->RMUX26@7,4","RMUX80(+0,+0)->RMUX26","7",2,"afexe_bitgen_pass2_20260920"
"RMUX86@7,4->RMUX57@7,4","RMUX86(+0,+0)->RMUX57","7",2,"afexe_bitgen_pass2_20260920"
"RMUX87@7,4->RMUX68@7,4","RMUX87(+0,+0)->RMUX68","7",2,"afexe_bitgen_pass2_20260920"
"RMUX93@7,4->RMUX87@8,4","RMUX93(-1,+0)->RMUX87","8",2,"afexe_bitgen_pass2_20260920"
"RMUX3@8,1->RMUX14@9,1","RMUX3(-1,+0)->RMUX14","9",2,"afexe_bitgen_pass2_20260920"
"RMUX7@8,1->RMUX24@8,2","RMUX7(+0,-1)->RMUX24","8",2,"afexe_bitgen_pass2_20260920"
"RMUX7@8,1->RMUX46@8,2","RMUX7(+0,-1)->RMUX46","8",2,"afexe_bitgen_pass2_20260920"
"RMUX7@8,1->RMUX31@8,4","RMUX7(+0,-3)->RMUX31","8",2,"afexe_bitgen_pass2_20260920"
"RMUX15@8,1->RMUX69@8,1","RMUX15(+0,+0)->RMUX69","8",2,"afexe_bitgen_pass2_20260920"
"RMUX21@8,1->RMUX86@8,1","RMUX21(+0,+0)->RMUX86","8",2,"afexe_bitgen_pass2_20260920"
"RMUX21@8,1->RMUX92@8,1","RMUX21(+0,+0)->RMUX92","8",2,"afexe_bitgen_pass2_20260920"
"RMUX21@8,1->RMUX92@8,2","RMUX21(+0,-1)->RMUX92","8",2,"afexe_bitgen_pass2_20260920"
"RMUX27@8,1->RMUX20@8,2","RMUX27(+0,-1)->RMUX20","8",2,"afexe_bitgen_pass2_20260920"
"RMUX27@8,1->RMUX20@8,4","RMUX27(+0,-3)->RMUX20","8",2,"afexe_bitgen_pass2_20260920"
"RMUX31@8,1->RMUX25@7,1","RMUX31(+1,+0)->RMUX25","7",2,"afexe_bitgen_pass2_20260920"
"RMUX33@8,1->RMUX39@9,1","RMUX33(-1,+0)->RMUX39","9",2,"afexe_bitgen_pass2_20260920"
"RMUX37@8,1->RMUX49@8,2","RMUX37(+0,-1)->RMUX49","8",2,"afexe_bitgen_pass2_20260920"
"RMUX44@8,1->RMUX74@8,3","RMUX44(+0,-2)->RMUX74","8",2,"afexe_bitgen_pass2_20260920"
"RMUX49@8,1->RMUX7@8,1","RMUX49(+0,+0)->RMUX7","8",2,"afexe_bitgen_pass2_20260920"
"RMUX50@8,1->RMUX2@8,1","RMUX50(+0,+0)->RMUX2","8",2,"afexe_bitgen_pass2_20260920"
"RMUX50@8,1->RMUX8@8,2","RMUX50(+0,-1)->RMUX8","8",2,"afexe_bitgen_pass2_20260920"
"RMUX50@8,1->RMUX13@8,2","RMUX50(+0,-1)->RMUX13","8",2,"afexe_bitgen_pass2_20260920"
"RMUX61@8,1->RMUX54@7,1","RMUX61(+1,+0)->RMUX54","7",2,"afexe_bitgen_pass2_20260920"
"RMUX69@8,1->RMUX86@8,1","RMUX69(+0,+0)->RMUX86","8",2,"afexe_bitgen_pass2_20260920"
"RMUX69@8,1->RMUX87@8,1","RMUX69(+0,+0)->RMUX87","8",2,"afexe_bitgen_pass2_20260920"
"RMUX73@8,1->RMUX1@8,4","RMUX73(+0,-3)->RMUX1","8",2,"afexe_bitgen_pass2_20260920"
"RMUX80@8,1->RMUX26@8,1","RMUX80(+0,+0)->RMUX26","8",2,"afexe_bitgen_pass2_20260920"
"RMUX86@8,1->RMUX57@8,1","RMUX86(+0,+0)->RMUX57","8",2,"afexe_bitgen_pass2_20260920"
"RMUX87@8,1->RMUX68@8,1","RMUX87(+0,+0)->RMUX68","8",2,"afexe_bitgen_pass2_20260920"
"RMUX87@8,1->RMUX59@8,2","RMUX87(+0,-1)->RMUX59","8",2,"afexe_bitgen_pass2_20260920"
"RMUX87@8,1->RMUX63@8,2","RMUX87(+0,-1)->RMUX63","8",2,"afexe_bitgen_pass2_20260920"
"RMUX93@8,1->RMUX87@9,1","RMUX93(-1,+0)->RMUX87","9",2,"afexe_bitgen_pass2_20260920"
"RMUX3@8,2->RMUX14@9,2","RMUX3(-1,+0)->RMUX14","9",2,"afexe_bitgen_pass2_20260920"
"RMUX8@8,2->RMUX27@7,2","RMUX8(+1,+0)->RMUX27","7",2,"afexe_bitgen_pass2_20260920"
"RMUX9@8,2->RMUX44@8,1","RMUX9(+0,+1)->RMUX44","8",2,"afexe_bitgen_pass2_20260920"
"RMUX15@8,2->RMUX69@8,2","RMUX15(+0,+0)->RMUX69","8",2,"afexe_bitgen_pass2_20260920"
"RMUX19@8,2->RMUX72@8,1","RMUX19(+0,+1)->RMUX72","8",2,"afexe_bitgen_pass2_20260920"
"RMUX25@8,2->RMUX0@8,1","RMUX25(+0,+1)->RMUX0","8",2,"afexe_bitgen_pass2_20260920"
"RMUX31@8,2->RMUX25@7,2","RMUX31(+1,+0)->RMUX25","7",2,"afexe_bitgen_pass2_20260920"
"RMUX32@8,2->RMUX27@8,1","RMUX32(+0,+1)->RMUX27","8",2,"afexe_bitgen_pass2_20260920"
"RMUX33@8,2->RMUX39@9,2","RMUX33(-1,+0)->RMUX39","9",2,"afexe_bitgen_pass2_20260920"
"RMUX44@8,2->RMUX74@8,4","RMUX44(+0,-2)->RMUX74","8",2,"afexe_bitgen_pass2_20260920"
"RMUX49@8,2->RMUX7@8,2","RMUX49(+0,+0)->RMUX7","8",2,"afexe_bitgen_pass2_20260920"
"RMUX61@8,2->RMUX54@7,2","RMUX61(+1,+0)->RMUX54","7",2,"afexe_bitgen_pass2_20260920"
"RMUX62@8,2->RMUX67@8,1","RMUX62(+0,+1)->RMUX67","8",2,"afexe_bitgen_pass2_20260920"
"RMUX69@8,2->RMUX83@8,1","RMUX69(+0,+1)->RMUX83","8",2,"afexe_bitgen_pass2_20260920"
"RMUX69@8,2->RMUX86@8,2","RMUX69(+0,+0)->RMUX86","8",2,"afexe_bitgen_pass2_20260920"
"RMUX69@8,2->RMUX87@8,2","RMUX69(+0,+0)->RMUX87","8",2,"afexe_bitgen_pass2_20260920"
"RMUX85@8,2->RMUX65@8,1","RMUX85(+0,+1)->RMUX65","8",2,"afexe_bitgen_pass2_20260920"
"RMUX86@8,2->RMUX57@8,2","RMUX86(+0,+0)->RMUX57","8",2,"afexe_bitgen_pass2_20260920"
"RMUX92@8,2->RMUX74@8,1","RMUX92(+0,+1)->RMUX74","8",2,"afexe_bitgen_pass2_20260920"
"RMUX92@8,2->RMUX80@8,1","RMUX92(+0,+1)->RMUX80","8",2,"afexe_bitgen_pass2_20260920"
"RMUX92@8,2->RMUX81@8,1","RMUX92(+0,+1)->RMUX81","8",2,"afexe_bitgen_pass2_20260920"
"RMUX93@8,2->RMUX87@9,2","RMUX93(-1,+0)->RMUX87","9",2,"afexe_bitgen_pass2_20260920"
"RMUX3@8,3->RMUX21@8,3","RMUX3(+0,+0)->RMUX21","8",2,"afexe_bitgen_pass2_20260920"
"RMUX3@8,3->RMUX14@9,3","RMUX3(-1,+0)->RMUX14","9",2,"afexe_bitgen_pass2_20260920"
"RMUX7@8,3->RMUX24@8,4","RMUX7(+0,-1)->RMUX24","8",2,"afexe_bitgen_pass2_20260920"
"RMUX7@8,3->RMUX46@8,4","RMUX7(+0,-1)->RMUX46","8",2,"afexe_bitgen_pass2_20260920"
"RMUX8@8,3->RMUX33@7,3","RMUX8(+1,+0)->RMUX33","7",2,"afexe_bitgen_pass2_20260920"
"RMUX9@8,3->RMUX38@8,1","RMUX9(+0,+2)->RMUX38","8",2,"afexe_bitgen_pass2_20260920"
"RMUX15@8,3->RMUX69@8,3","RMUX15(+0,+0)->RMUX69","8",2,"afexe_bitgen_pass2_20260920"
"RMUX21@8,3->RMUX86@8,3","RMUX21(+0,+0)->RMUX86","8",2,"afexe_bitgen_pass2_20260920"
"RMUX21@8,3->RMUX92@8,3","RMUX21(+0,+0)->RMUX92","8",2,"afexe_bitgen_pass2_20260920"
"RMUX21@8,3->RMUX92@8,4","RMUX21(+0,-1)->RMUX92","8",2,"afexe_bitgen_pass2_20260920"
"RMUX27@8,3->RMUX20@8,4","RMUX27(+0,-1)->RMUX20","8",2,"afexe_bitgen_pass2_20260920"
"RMUX31@8,3->RMUX25@7,3","RMUX31(+1,+0)->RMUX25","7",2,"afexe_bitgen_pass2_20260920"
"RMUX33@8,3->RMUX45@8,3","RMUX33(+0,+0)->RMUX45","8",2,"afexe_bitgen_pass2_20260920"
"RMUX33@8,3->RMUX39@9,3","RMUX33(-1,+0)->RMUX39","9",2,"afexe_bitgen_pass2_20260920"
"RMUX37@8,3->RMUX49@8,4","RMUX37(+0,-1)->RMUX49","8",2,"afexe_bitgen_pass2_20260920"
"RMUX49@8,3->RMUX7@8,3","RMUX49(+0,+0)->RMUX7","8",2,"afexe_bitgen_pass2_20260920"
"RMUX50@8,3->RMUX2@8,3","RMUX50(+0,+0)->RMUX2","8",2,"afexe_bitgen_pass2_20260920"
"RMUX50@8,3->RMUX8@8,4","RMUX50(+0,-1)->RMUX8","8",2,"afexe_bitgen_pass2_20260920"
"RMUX50@8,3->RMUX13@8,4","RMUX50(+0,-1)->RMUX13","8",2,"afexe_bitgen_pass2_20260920"
"RMUX61@8,3->RMUX54@7,3","RMUX61(+1,+0)->RMUX54","7",2,"afexe_bitgen_pass2_20260920"
"RMUX80@8,3->RMUX26@8,3","RMUX80(+0,+0)->RMUX26","8",2,"afexe_bitgen_pass2_20260920"
"RMUX86@8,3->RMUX57@8,3","RMUX86(+0,+0)->RMUX57","8",2,"afexe_bitgen_pass2_20260920"
"RMUX87@8,3->RMUX68@8,3","RMUX87(+0,+0)->RMUX68","8",2,"afexe_bitgen_pass2_20260920"
"RMUX87@8,3->RMUX59@8,4","RMUX87(+0,-1)->RMUX59","8",2,"afexe_bitgen_pass2_20260920"
"RMUX87@8,3->RMUX63@8,4","RMUX87(+0,-1)->RMUX63","8",2,"afexe_bitgen_pass2_20260920"
"RMUX93@8,3->RMUX87@9,3","RMUX93(-1,+0)->RMUX87","9",2,"afexe_bitgen_pass2_20260920"
"RMUX3@8,4->RMUX15@8,4","RMUX3(+0,+0)->RMUX15","8",2,"afexe_bitgen_pass2_20260920"
"RMUX3@8,4->RMUX21@8,4","RMUX3(+0,+0)->RMUX21","8",2,"afexe_bitgen_pass2_20260920"
"RMUX3@8,4->RMUX14@9,4","RMUX3(-1,+0)->RMUX14","9",2,"afexe_bitgen_pass2_20260920"
"RMUX8@8,4->RMUX27@7,4","RMUX8(+1,+0)->RMUX27","7",2,"afexe_bitgen_pass2_20260920"
"RMUX9@8,4->RMUX38@8,1","RMUX9(+0,+3)->RMUX38","8",2,"afexe_bitgen_pass2_20260920"
"RMUX9@8,4->RMUX38@8,2","RMUX9(+0,+2)->RMUX38","8",2,"afexe_bitgen_pass2_20260920"
"RMUX9@8,4->RMUX44@8,3","RMUX9(+0,+1)->RMUX44","8",2,"afexe_bitgen_pass2_20260920"
"RMUX9@8,4->RMUX38@8,4","RMUX9(+0,+0)->RMUX38","8",2,"afexe_bitgen_pass2_20260920"
"RMUX15@8,4->RMUX69@8,4","RMUX15(+0,+0)->RMUX69","8",2,"afexe_bitgen_pass2_20260920"
"RMUX21@8,4->RMUX86@8,4","RMUX21(+0,+0)->RMUX86","8",2,"afexe_bitgen_pass2_20260920"
"RMUX21@8,4->RMUX92@8,4","RMUX21(+0,+0)->RMUX92","8",2,"afexe_bitgen_pass2_20260920"
"RMUX31@8,4->RMUX25@7,4","RMUX31(+1,+0)->RMUX25","7",2,"afexe_bitgen_pass2_20260920"
"RMUX32@8,4->RMUX27@8,3","RMUX32(+0,+1)->RMUX27","8",2,"afexe_bitgen_pass2_20260920"
"RMUX33@8,4->RMUX39@9,4","RMUX33(-1,+0)->RMUX39","9",2,"afexe_bitgen_pass2_20260920"
"RMUX49@8,4->RMUX7@8,4","RMUX49(+0,+0)->RMUX7","8",2,"afexe_bitgen_pass2_20260920"
"RMUX50@8,4->RMUX2@8,4","RMUX50(+0,+0)->RMUX2","8",2,"afexe_bitgen_pass2_20260920"
"RMUX61@8,4->RMUX54@7,4","RMUX61(+1,+0)->RMUX54","7",2,"afexe_bitgen_pass2_20260920"
"RMUX62@8,4->RMUX67@8,3","RMUX62(+0,+1)->RMUX67","8",2,"afexe_bitgen_pass2_20260920"
"RMUX80@8,4->RMUX26@8,4","RMUX80(+0,+0)->RMUX26","8",2,"afexe_bitgen_pass2_20260920"
"RMUX86@8,4->RMUX57@8,4","RMUX86(+0,+0)->RMUX57","8",2,"afexe_bitgen_pass2_20260920"
"RMUX87@8,4->RMUX68@8,4","RMUX87(+0,+0)->RMUX68","8",2,"afexe_bitgen_pass2_20260920"
"RMUX93@8,4->RMUX87@9,4","RMUX93(-1,+0)->RMUX87","9",2,"afexe_bitgen_pass2_20260920"
"RMUX3@9,1->RMUX14@10,1","RMUX3(-1,+0)->RMUX14","10",2,"afexe_bitgen_pass2_20260920"
"RMUX15@9,1->RMUX69@9,1","RMUX15(+0,+0)->RMUX69","9",2,"afexe_bitgen_pass2_20260920"
"RMUX27@9,1->RMUX20@9,2","RMUX27(+0,-1)->RMUX20","9",2,"afexe_bitgen_pass2_20260920"
"RMUX27@9,1->RMUX20@9,4","RMUX27(+0,-3)->RMUX20","9",2,"afexe_bitgen_pass2_20260920"
"RMUX31@9,1->RMUX25@8,1","RMUX31(+1,+0)->RMUX25","8",2,"afexe_bitgen_pass2_20260920"
"RMUX33@9,1->RMUX39@10,1","RMUX33(-1,+0)->RMUX39","10",2,"afexe_bitgen_pass2_20260920"
"RMUX49@9,1->RMUX7@9,1","RMUX49(+0,+0)->RMUX7","9",2,"afexe_bitgen_pass2_20260920"
"RMUX50@9,1->RMUX2@9,1","RMUX50(+0,+0)->RMUX2","9",2,"afexe_bitgen_pass2_20260920"
"RMUX50@9,1->RMUX8@9,2","RMUX50(+0,-1)->RMUX8","9",2,"afexe_bitgen_pass2_20260920"
"RMUX50@9,1->RMUX13@9,2","RMUX50(+0,-1)->RMUX13","9",2,"afexe_bitgen_pass2_20260920"
"RMUX61@9,1->RMUX54@8,1","RMUX61(+1,+0)->RMUX54","8",2,"afexe_bitgen_pass2_20260920"
"RMUX69@9,1->RMUX86@9,1","RMUX69(+0,+0)->RMUX86","9",2,"afexe_bitgen_pass2_20260920"
"RMUX69@9,1->RMUX87@9,1","RMUX69(+0,+0)->RMUX87","9",2,"afexe_bitgen_pass2_20260920"
"RMUX80@9,1->RMUX26@9,1","RMUX80(+0,+0)->RMUX26","9",2,"afexe_bitgen_pass2_20260920"
"RMUX86@9,1->RMUX57@9,1","RMUX86(+0,+0)->RMUX57","9",2,"afexe_bitgen_pass2_20260920"
"RMUX93@9,1->RMUX87@10,1","RMUX93(-1,+0)->RMUX87","10",2,"afexe_bitgen_pass2_20260920"
"RMUX3@9,2->RMUX14@10,2","RMUX3(-1,+0)->RMUX14","10",2,"afexe_bitgen_pass2_20260920"
"RMUX8@9,2->RMUX26@8,2","RMUX8(+1,+0)->RMUX26","8",2,"afexe_bitgen_pass2_20260920"
"RMUX8@9,2->RMUX27@8,2","RMUX8(+1,+0)->RMUX27","8",2,"afexe_bitgen_pass2_20260920"
"RMUX9@9,2->RMUX44@9,1","RMUX9(+0,+1)->RMUX44","9",2,"afexe_bitgen_pass2_20260920"
"RMUX9@9,2->RMUX38@9,2","RMUX9(+0,+0)->RMUX38","9",2,"afexe_bitgen_pass2_20260920"
"RMUX15@9,2->RMUX69@9,2","RMUX15(+0,+0)->RMUX69","9",2,"afexe_bitgen_pass2_20260920"
"RMUX19@9,2->RMUX72@9,1","RMUX19(+0,+1)->RMUX72","9",2,"afexe_bitgen_pass2_20260920"
"RMUX25@9,2->RMUX0@9,1","RMUX25(+0,+1)->RMUX0","9",2,"afexe_bitgen_pass2_20260920"
"RMUX31@9,2->RMUX25@8,2","RMUX31(+1,+0)->RMUX25","8",2,"afexe_bitgen_pass2_20260920"
"RMUX32@9,2->RMUX27@9,1","RMUX32(+0,+1)->RMUX27","9",2,"afexe_bitgen_pass2_20260920"
"RMUX33@9,2->RMUX39@10,2","RMUX33(-1,+0)->RMUX39","10",2,"afexe_bitgen_pass2_20260920"
"RMUX44@9,2->RMUX74@9,4","RMUX44(+0,-2)->RMUX74","9",2,"afexe_bitgen_pass2_20260920"
"RMUX49@9,2->RMUX7@9,2","RMUX49(+0,+0)->RMUX7","9",2,"afexe_bitgen_pass2_20260920"
"RMUX61@9,2->RMUX54@8,2","RMUX61(+1,+0)->RMUX54","8",2,"afexe_bitgen_pass2_20260920"
"RMUX62@9,2->RMUX67@9,1","RMUX62(+0,+1)->RMUX67","9",2,"afexe_bitgen_pass2_20260920"
"RMUX69@9,2->RMUX83@9,1","RMUX69(+0,+1)->RMUX83","9",2,"afexe_bitgen_pass2_20260920"
"RMUX69@9,2->RMUX86@9,2","RMUX69(+0,+0)->RMUX86","9",2,"afexe_bitgen_pass2_20260920"
"RMUX69@9,2->RMUX87@9,2","RMUX69(+0,+0)->RMUX87","9",2,"afexe_bitgen_pass2_20260920"
"RMUX85@9,2->RMUX65@9,1","RMUX85(+0,+1)->RMUX65","9",2,"afexe_bitgen_pass2_20260920"
"RMUX86@9,2->RMUX57@9,2","RMUX86(+0,+0)->RMUX57","9",2,"afexe_bitgen_pass2_20260920"
"RMUX92@9,2->RMUX74@9,1","RMUX92(+0,+1)->RMUX74","9",2,"afexe_bitgen_pass2_20260920"
"RMUX92@9,2->RMUX80@9,1","RMUX92(+0,+1)->RMUX80","9",2,"afexe_bitgen_pass2_20260920"
"RMUX92@9,2->RMUX81@9,1","RMUX92(+0,+1)->RMUX81","9",2,"afexe_bitgen_pass2_20260920"
"RMUX93@9,2->RMUX87@10,2","RMUX93(-1,+0)->RMUX87","10",2,"afexe_bitgen_pass2_20260920"
"RMUX3@9,3->RMUX14@10,3","RMUX3(-1,+0)->RMUX14","10",2,"afexe_bitgen_pass2_20260920"
"RMUX7@9,3->RMUX24@9,4","RMUX7(+0,-1)->RMUX24","9",2,"afexe_bitgen_pass2_20260920"
"RMUX7@9,3->RMUX46@9,4","RMUX7(+0,-1)->RMUX46","9",2,"afexe_bitgen_pass2_20260920"
"RMUX9@9,3->RMUX38@9,1","RMUX9(+0,+2)->RMUX38","9",2,"afexe_bitgen_pass2_20260920"
"RMUX15@9,3->RMUX69@9,3","RMUX15(+0,+0)->RMUX69","9",2,"afexe_bitgen_pass2_20260920"
"RMUX21@9,3->RMUX86@9,3","RMUX21(+0,+0)->RMUX86","9",2,"afexe_bitgen_pass2_20260920"
"RMUX21@9,3->RMUX92@9,3","RMUX21(+0,+0)->RMUX92","9",2,"afexe_bitgen_pass2_20260920"
"RMUX21@9,3->RMUX92@9,4","RMUX21(+0,-1)->RMUX92","9",2,"afexe_bitgen_pass2_20260920"
"RMUX27@9,3->RMUX20@9,4","RMUX27(+0,-1)->RMUX20","9",2,"afexe_bitgen_pass2_20260920"
"RMUX31@9,3->RMUX25@8,3","RMUX31(+1,+0)->RMUX25","8",2,"afexe_bitgen_pass2_20260920"
"RMUX32@9,3->RMUX33@9,1","RMUX32(+0,+2)->RMUX33","9",2,"afexe_bitgen_pass2_20260920"
"RMUX33@9,3->RMUX39@10,3","RMUX33(-1,+0)->RMUX39","10",2,"afexe_bitgen_pass2_20260920"
"RMUX37@9,3->RMUX49@9,4","RMUX37(+0,-1)->RMUX49","9",2,"afexe_bitgen_pass2_20260920"
"RMUX49@9,3->RMUX7@9,3","RMUX49(+0,+0)->RMUX7","9",2,"afexe_bitgen_pass2_20260920"
"RMUX50@9,3->RMUX2@9,3","RMUX50(+0,+0)->RMUX2","9",2,"afexe_bitgen_pass2_20260920"
"RMUX50@9,3->RMUX8@9,4","RMUX50(+0,-1)->RMUX8","9",2,"afexe_bitgen_pass2_20260920"
"RMUX50@9,3->RMUX13@9,4","RMUX50(+0,-1)->RMUX13","9",2,"afexe_bitgen_pass2_20260920"
"RMUX61@9,3->RMUX54@8,3","RMUX61(+1,+0)->RMUX54","8",2,"afexe_bitgen_pass2_20260920"
"RMUX80@9,3->RMUX26@9,3","RMUX80(+0,+0)->RMUX26","9",2,"afexe_bitgen_pass2_20260920"
"RMUX86@9,3->RMUX57@9,3","RMUX86(+0,+0)->RMUX57","9",2,"afexe_bitgen_pass2_20260920"
"RMUX87@9,3->RMUX68@9,3","RMUX87(+0,+0)->RMUX68","9",2,"afexe_bitgen_pass2_20260920"
"RMUX87@9,3->RMUX59@9,4","RMUX87(+0,-1)->RMUX59","9",2,"afexe_bitgen_pass2_20260920"
"RMUX87@9,3->RMUX63@9,4","RMUX87(+0,-1)->RMUX63","9",2,"afexe_bitgen_pass2_20260920"
"RMUX93@9,3->RMUX87@10,3","RMUX93(-1,+0)->RMUX87","10",2,"afexe_bitgen_pass2_20260920"
"RMUX3@9,4->RMUX14@10,4","RMUX3(-1,+0)->RMUX14","10",2,"afexe_bitgen_pass2_20260920"
"RMUX9@9,4->RMUX38@9,1","RMUX9(+0,+3)->RMUX38","9",2,"afexe_bitgen_pass2_20260920"
"RMUX9@9,4->RMUX38@9,2","RMUX9(+0,+2)->RMUX38","9",2,"afexe_bitgen_pass2_20260920"
"RMUX9@9,4->RMUX38@9,3","RMUX9(+0,+1)->RMUX38","9",2,"afexe_bitgen_pass2_20260920"
"RMUX9@9,4->RMUX44@9,3","RMUX9(+0,+1)->RMUX44","9",2,"afexe_bitgen_pass2_20260920"
"RMUX15@9,4->RMUX69@9,4","RMUX15(+0,+0)->RMUX69","9",2,"afexe_bitgen_pass2_20260920"
"RMUX21@9,4->RMUX86@9,4","RMUX21(+0,+0)->RMUX86","9",2,"afexe_bitgen_pass2_20260920"
"RMUX21@9,4->RMUX92@9,4","RMUX21(+0,+0)->RMUX92","9",2,"afexe_bitgen_pass2_20260920"
"RMUX31@9,4->RMUX25@8,4","RMUX31(+1,+0)->RMUX25","8",2,"afexe_bitgen_pass2_20260920"
"RMUX32@9,4->RMUX27@9,3","RMUX32(+0,+1)->RMUX27","9",2,"afexe_bitgen_pass2_20260920"
"RMUX33@9,4->RMUX39@10,4","RMUX33(-1,+0)->RMUX39","10",2,"afexe_bitgen_pass2_20260920"
"RMUX49@9,4->RMUX7@9,4","RMUX49(+0,+0)->RMUX7","9",2,"afexe_bitgen_pass2_20260920"
"RMUX50@9,4->RMUX2@9,4","RMUX50(+0,+0)->RMUX2","9",2,"afexe_bitgen_pass2_20260920"
"RMUX57@9,4->RMUX45@9,4","RMUX57(+0,+0)->RMUX45","9",2,"afexe_bitgen_pass2_20260920"
"RMUX61@9,4->RMUX54@8,4","RMUX61(+1,+0)->RMUX54","8",2,"afexe_bitgen_pass2_20260920"
"RMUX69@9,4->RMUX83@9,3","RMUX69(+0,+1)->RMUX83","9",2,"afexe_bitgen_pass2_20260920"
"RMUX69@9,4->RMUX86@9,4","RMUX69(+0,+0)->RMUX86","9",2,"afexe_bitgen_pass2_20260920"
"RMUX69@9,4->RMUX87@9,4","RMUX69(+0,+0)->RMUX87","9",2,"afexe_bitgen_pass2_20260920"
"RMUX80@9,4->RMUX26@9,4","RMUX80(+0,+0)->RMUX26","9",2,"afexe_bitgen_pass2_20260920"
"RMUX86@9,4->RMUX57@9,4","RMUX86(+0,+0)->RMUX57","9",2,"afexe_bitgen_pass2_20260920"
"RMUX87@9,4->RMUX68@9,4","RMUX87(+0,+0)->RMUX68","9",2,"afexe_bitgen_pass2_20260920"
"RMUX93@9,4->RMUX87@10,4","RMUX93(-1,+0)->RMUX87","10",2,"afexe_bitgen_pass2_20260920"
"RMUX3@10,1->RMUX14@11,1","RMUX3(-1,+0)->RMUX14","11",2,"afexe_bitgen_pass2_20260920"
"RMUX15@10,1->RMUX69@10,1","RMUX15(+0,+0)->RMUX69","10",2,"afexe_bitgen_pass2_20260920"
"RMUX27@10,1->RMUX20@10,2","RMUX27(+0,-1)->RMUX20","10",2,"afexe_bitgen_pass2_20260920"
"RMUX27@10,1->RMUX20@10,4","RMUX27(+0,-3)->RMUX20","10",2,"afexe_bitgen_pass2_20260920"
"RMUX31@10,1->RMUX25@9,1","RMUX31(+1,+0)->RMUX25","9",2,"afexe_bitgen_pass2_20260920"
"RMUX33@10,1->RMUX39@11,1","RMUX33(-1,+0)->RMUX39","11",2,"afexe_bitgen_pass2_20260920"
"RMUX49@10,1->RMUX7@10,1","RMUX49(+0,+0)->RMUX7","10",2,"afexe_bitgen_pass2_20260920"
"RMUX50@10,1->RMUX2@10,1","RMUX50(+0,+0)->RMUX2","10",2,"afexe_bitgen_pass2_20260920"
"RMUX50@10,1->RMUX8@10,2","RMUX50(+0,-1)->RMUX8","10",2,"afexe_bitgen_pass2_20260920"
"RMUX50@10,1->RMUX13@10,2","RMUX50(+0,-1)->RMUX13","10",2,"afexe_bitgen_pass2_20260920"
"RMUX61@10,1->RMUX54@9,1","RMUX61(+1,+0)->RMUX54","9",2,"afexe_bitgen_pass2_20260920"
"RMUX69@10,1->RMUX86@10,1","RMUX69(+0,+0)->RMUX86","10",2,"afexe_bitgen_pass2_20260920"
"RMUX69@10,1->RMUX87@10,1","RMUX69(+0,+0)->RMUX87","10",2,"afexe_bitgen_pass2_20260920"
"RMUX80@10,1->RMUX26@10,1","RMUX80(+0,+0)->RMUX26","10",2,"afexe_bitgen_pass2_20260920"
"RMUX86@10,1->RMUX57@10,1","RMUX86(+0,+0)->RMUX57","10",2,"afexe_bitgen_pass2_20260920"
"RMUX87@10,1->RMUX68@10,1","RMUX87(+0,+0)->RMUX68","10",2,"afexe_bitgen_pass2_20260920"
"RMUX87@10,1->RMUX59@10,2","RMUX87(+0,-1)->RMUX59","10",2,"afexe_bitgen_pass2_20260920"
"RMUX87@10,1->RMUX63@10,2","RMUX87(+0,-1)->RMUX63","10",2,"afexe_bitgen_pass2_20260920"
"RMUX93@10,1->RMUX87@11,1","RMUX93(-1,+0)->RMUX87","11",2,"afexe_bitgen_pass2_20260920"
"RMUX3@10,2->RMUX14@11,2","RMUX3(-1,+0)->RMUX14","11",2,"afexe_bitgen_pass2_20260920"
"RMUX9@10,2->RMUX44@10,1","RMUX9(+0,+1)->RMUX44","10",2,"afexe_bitgen_pass2_20260920"
"RMUX15@10,2->RMUX69@10,2","RMUX15(+0,+0)->RMUX69","10",2,"afexe_bitgen_pass2_20260920"
"RMUX19@10,2->RMUX72@10,1","RMUX19(+0,+1)->RMUX72","10",2,"afexe_bitgen_pass2_20260920"
"RMUX25@10,2->RMUX0@10,1","RMUX25(+0,+1)->RMUX0","10",2,"afexe_bitgen_pass2_20260920"
"RMUX31@10,2->RMUX25@9,2","RMUX31(+1,+0)->RMUX25","9",2,"afexe_bitgen_pass2_20260920"
"RMUX32@10,2->RMUX27@10,1","RMUX32(+0,+1)->RMUX27","10",2,"afexe_bitgen_pass2_20260920"
"RMUX33@10,2->RMUX39@11,2","RMUX33(-1,+0)->RMUX39","11",2,"afexe_bitgen_pass2_20260920"
"RMUX44@10,2->RMUX74@10,4","RMUX44(+0,-2)->RMUX74","10",2,"afexe_bitgen_pass2_20260920"
"RMUX49@10,2->RMUX7@10,2","RMUX49(+0,+0)->RMUX7","10",2,"afexe_bitgen_pass2_20260920"
"RMUX61@10,2->RMUX54@9,2","RMUX61(+1,+0)->RMUX54","9",2,"afexe_bitgen_pass2_20260920"
"RMUX62@10,2->RMUX67@10,1","RMUX62(+0,+1)->RMUX67","10",2,"afexe_bitgen_pass2_20260920"
"RMUX69@10,2->RMUX83@10,1","RMUX69(+0,+1)->RMUX83","10",2,"afexe_bitgen_pass2_20260920"
"RMUX69@10,2->RMUX86@10,2","RMUX69(+0,+0)->RMUX86","10",2,"afexe_bitgen_pass2_20260920"
"RMUX69@10,2->RMUX87@10,2","RMUX69(+0,+0)->RMUX87","10",2,"afexe_bitgen_pass2_20260920"
"RMUX85@10,2->RMUX65@10,1","RMUX85(+0,+1)->RMUX65","10",2,"afexe_bitgen_pass2_20260920"
"RMUX86@10,2->RMUX57@10,2","RMUX86(+0,+0)->RMUX57","10",2,"afexe_bitgen_pass2_20260920"
"RMUX92@10,2->RMUX74@10,1","RMUX92(+0,+1)->RMUX74","10",2,"afexe_bitgen_pass2_20260920"
"RMUX92@10,2->RMUX80@10,1","RMUX92(+0,+1)->RMUX80","10",2,"afexe_bitgen_pass2_20260920"
"RMUX92@10,2->RMUX81@10,1","RMUX92(+0,+1)->RMUX81","10",2,"afexe_bitgen_pass2_20260920"
"RMUX93@10,2->RMUX87@11,2","RMUX93(-1,+0)->RMUX87","11",2,"afexe_bitgen_pass2_20260920"
"RMUX3@10,3->RMUX14@11,3","RMUX3(-1,+0)->RMUX14","11",2,"afexe_bitgen_pass2_20260920"
"RMUX7@10,3->RMUX24@10,4","RMUX7(+0,-1)->RMUX24","10",2,"afexe_bitgen_pass2_20260920"
"RMUX7@10,3->RMUX46@10,4","RMUX7(+0,-1)->RMUX46","10",2,"afexe_bitgen_pass2_20260920"
"RMUX9@10,3->RMUX38@10,1","RMUX9(+0,+2)->RMUX38","10",2,"afexe_bitgen_pass2_20260920"
"RMUX15@10,3->RMUX69@10,3","RMUX15(+0,+0)->RMUX69","10",2,"afexe_bitgen_pass2_20260920"
"RMUX21@10,3->RMUX86@10,3","RMUX21(+0,+0)->RMUX86","10",2,"afexe_bitgen_pass2_20260920"
"RMUX21@10,3->RMUX92@10,3","RMUX21(+0,+0)->RMUX92","10",2,"afexe_bitgen_pass2_20260920"
"RMUX21@10,3->RMUX92@10,4","RMUX21(+0,-1)->RMUX92","10",2,"afexe_bitgen_pass2_20260920"
"RMUX27@10,3->RMUX20@10,4","RMUX27(+0,-1)->RMUX20","10",2,"afexe_bitgen_pass2_20260920"
"RMUX31@10,3->RMUX25@9,3","RMUX31(+1,+0)->RMUX25","9",2,"afexe_bitgen_pass2_20260920"
"RMUX33@10,3->RMUX39@11,3","RMUX33(-1,+0)->RMUX39","11",2,"afexe_bitgen_pass2_20260920"
"RMUX37@10,3->RMUX49@10,4","RMUX37(+0,-1)->RMUX49","10",2,"afexe_bitgen_pass2_20260920"
"RMUX49@10,3->RMUX7@10,3","RMUX49(+0,+0)->RMUX7","10",2,"afexe_bitgen_pass2_20260920"
"RMUX50@10,3->RMUX2@10,3","RMUX50(+0,+0)->RMUX2","10",2,"afexe_bitgen_pass2_20260920"
"RMUX50@10,3->RMUX8@10,4","RMUX50(+0,-1)->RMUX8","10",2,"afexe_bitgen_pass2_20260920"
"RMUX50@10,3->RMUX13@10,4","RMUX50(+0,-1)->RMUX13","10",2,"afexe_bitgen_pass2_20260920"
"RMUX61@10,3->RMUX54@9,3","RMUX61(+1,+0)->RMUX54","9",2,"afexe_bitgen_pass2_20260920"
"RMUX80@10,3->RMUX26@10,3","RMUX80(+0,+0)->RMUX26","10",2,"afexe_bitgen_pass2_20260920"
"RMUX86@10,3->RMUX57@10,3","RMUX86(+0,+0)->RMUX57","10",2,"afexe_bitgen_pass2_20260920"
"RMUX87@10,3->RMUX68@10,3","RMUX87(+0,+0)->RMUX68","10",2,"afexe_bitgen_pass2_20260920"
"RMUX87@10,3->RMUX59@10,4","RMUX87(+0,-1)->RMUX59","10",2,"afexe_bitgen_pass2_20260920"
"RMUX87@10,3->RMUX63@10,4","RMUX87(+0,-1)->RMUX63","10",2,"afexe_bitgen_pass2_20260920"
"RMUX93@10,3->RMUX87@11,3","RMUX93(-1,+0)->RMUX87","11",2,"afexe_bitgen_pass2_20260920"
"RMUX3@10,4->RMUX14@11,4","RMUX3(-1,+0)->RMUX14","11",2,"afexe_bitgen_pass2_20260920"
"RMUX9@10,4->RMUX38@10,1","RMUX9(+0,+3)->RMUX38","10",2,"afexe_bitgen_pass2_20260920"
"RMUX9@10,4->RMUX38@10,2","RMUX9(+0,+2)->RMUX38","10",2,"afexe_bitgen_pass2_20260920"
"RMUX9@10,4->RMUX38@10,3","RMUX9(+0,+1)->RMUX38","10",2,"afexe_bitgen_pass2_20260920"
"RMUX9@10,4->RMUX44@10,3","RMUX9(+0,+1)->RMUX44","10",2,"afexe_bitgen_pass2_20260920"
"RMUX15@10,4->RMUX69@10,4","RMUX15(+0,+0)->RMUX69","10",2,"afexe_bitgen_pass2_20260920"
"RMUX19@10,4->RMUX72@10,3","RMUX19(+0,+1)->RMUX72","10",2,"afexe_bitgen_pass2_20260920"
"RMUX21@10,4->RMUX86@10,4","RMUX21(+0,+0)->RMUX86","10",2,"afexe_bitgen_pass2_20260920"
"RMUX21@10,4->RMUX92@10,4","RMUX21(+0,+0)->RMUX92","10",2,"afexe_bitgen_pass2_20260920"
"RMUX31@10,4->RMUX25@9,4","RMUX31(+1,+0)->RMUX25","9",2,"afexe_bitgen_pass2_20260920"
"RMUX32@10,4->RMUX33@10,2","RMUX32(+0,+2)->RMUX33","10",2,"afexe_bitgen_pass2_20260920"
"RMUX32@10,4->RMUX27@10,3","RMUX32(+0,+1)->RMUX27","10",2,"afexe_bitgen_pass2_20260920"
"RMUX33@10,4->RMUX39@11,4","RMUX33(-1,+0)->RMUX39","11",2,"afexe_bitgen_pass2_20260920"
"RMUX49@10,4->RMUX7@10,4","RMUX49(+0,+0)->RMUX7","10",2,"afexe_bitgen_pass2_20260920"
"RMUX50@10,4->RMUX2@10,4","RMUX50(+0,+0)->RMUX2","10",2,"afexe_bitgen_pass2_20260920"
"RMUX61@10,4->RMUX54@9,4","RMUX61(+1,+0)->RMUX54","9",2,"afexe_bitgen_pass2_20260920"
"RMUX62@10,4->RMUX67@10,3","RMUX62(+0,+1)->RMUX67","10",2,"afexe_bitgen_pass2_20260920"
"RMUX69@10,4->RMUX83@10,3","RMUX69(+0,+1)->RMUX83","10",2,"afexe_bitgen_pass2_20260920"
"RMUX69@10,4->RMUX86@10,4","RMUX69(+0,+0)->RMUX86","10",2,"afexe_bitgen_pass2_20260920"
"RMUX69@10,4->RMUX87@10,4","RMUX69(+0,+0)->RMUX87","10",2,"afexe_bitgen_pass2_20260920"
"RMUX80@10,4->RMUX26@10,4","RMUX80(+0,+0)->RMUX26","10",2,"afexe_bitgen_pass2_20260920"
"RMUX86@10,4->RMUX57@10,4","RMUX86(+0,+0)->RMUX57","10",2,"afexe_bitgen_pass2_20260920"
"RMUX87@10,4->RMUX68@10,4","RMUX87(+0,+0)->RMUX68","10",2,"afexe_bitgen_pass2_20260920"
"RMUX92@10,4->RMUX74@10,3","RMUX92(+0,+1)->RMUX74","10",2,"afexe_bitgen_pass2_20260920"
"RMUX92@10,4->RMUX80@10,3","RMUX92(+0,+1)->RMUX80","10",2,"afexe_bitgen_pass2_20260920"
"RMUX92@10,4->RMUX81@10,3","RMUX92(+0,+1)->RMUX81","10",2,"afexe_bitgen_pass2_20260920"
"RMUX93@10,4->RMUX87@11,4","RMUX93(-1,+0)->RMUX87","11",2,"afexe_bitgen_pass2_20260920"
"RMUX3@11,1->RMUX14@12,1","RMUX3(-1,+0)->RMUX14","12",2,"afexe_bitgen_pass2_20260920"
"RMUX15@11,1->RMUX69@11,1","RMUX15(+0,+0)->RMUX69","11",2,"afexe_bitgen_pass2_20260920"
"RMUX21@11,1->RMUX86@11,1","RMUX21(+0,+0)->RMUX86","11",2,"afexe_bitgen_pass2_20260920"
"RMUX21@11,1->RMUX92@11,1","RMUX21(+0,+0)->RMUX92","11",2,"afexe_bitgen_pass2_20260920"
"RMUX21@11,1->RMUX92@11,2","RMUX21(+0,-1)->RMUX92","11",2,"afexe_bitgen_pass2_20260920"
"RMUX27@11,1->RMUX20@11,2","RMUX27(+0,-1)->RMUX20","11",2,"afexe_bitgen_pass2_20260920"
"RMUX27@11,1->RMUX20@11,4","RMUX27(+0,-3)->RMUX20","11",2,"afexe_bitgen_pass2_20260920"
"RMUX31@11,1->RMUX25@10,1","RMUX31(+1,+0)->RMUX25","10",2,"afexe_bitgen_pass2_20260920"
"RMUX33@11,1->RMUX39@12,1","RMUX33(-1,+0)->RMUX39","12",2,"afexe_bitgen_pass2_20260920"
"RMUX44@11,1->RMUX74@11,3","RMUX44(+0,-2)->RMUX74","11",2,"afexe_bitgen_pass2_20260920"
"RMUX49@11,1->RMUX7@11,1","RMUX49(+0,+0)->RMUX7","11",2,"afexe_bitgen_pass2_20260920"
"RMUX50@11,1->RMUX2@11,1","RMUX50(+0,+0)->RMUX2","11",2,"afexe_bitgen_pass2_20260920"
"RMUX50@11,1->RMUX8@11,2","RMUX50(+0,-1)->RMUX8","11",2,"afexe_bitgen_pass2_20260920"
"RMUX50@11,1->RMUX13@11,2","RMUX50(+0,-1)->RMUX13","11",2,"afexe_bitgen_pass2_20260920"
"RMUX61@11,1->RMUX54@10,1","RMUX61(+1,+0)->RMUX54","10",2,"afexe_bitgen_pass2_20260920"
"RMUX69@11,1->RMUX86@11,1","RMUX69(+0,+0)->RMUX86","11",2,"afexe_bitgen_pass2_20260920"
"RMUX69@11,1->RMUX87@11,1","RMUX69(+0,+0)->RMUX87","11",2,"afexe_bitgen_pass2_20260920"
"RMUX80@11,1->RMUX26@11,1","RMUX80(+0,+0)->RMUX26","11",2,"afexe_bitgen_pass2_20260920"
"RMUX86@11,1->RMUX57@11,1","RMUX86(+0,+0)->RMUX57","11",2,"afexe_bitgen_pass2_20260920"
"RMUX87@11,1->RMUX68@11,1","RMUX87(+0,+0)->RMUX68","11",2,"afexe_bitgen_pass2_20260920"
"RMUX87@11,1->RMUX59@11,2","RMUX87(+0,-1)->RMUX59","11",2,"afexe_bitgen_pass2_20260920"
"RMUX87@11,1->RMUX63@11,2","RMUX87(+0,-1)->RMUX63","11",2,"afexe_bitgen_pass2_20260920"
"RMUX93@11,1->RMUX87@12,1","RMUX93(-1,+0)->RMUX87","12",2,"afexe_bitgen_pass2_20260920"
"RMUX3@11,2->RMUX14@12,2","RMUX3(-1,+0)->RMUX14","12",2,"afexe_bitgen_pass2_20260920"
"RMUX9@11,2->RMUX44@11,1","RMUX9(+0,+1)->RMUX44","11",2,"afexe_bitgen_pass2_20260920"
"RMUX15@11,2->RMUX69@11,2","RMUX15(+0,+0)->RMUX69","11",2,"afexe_bitgen_pass2_20260920"
"RMUX19@11,2->RMUX72@11,1","RMUX19(+0,+1)->RMUX72","11",2,"afexe_bitgen_pass2_20260920"
"RMUX25@11,2->RMUX0@11,1","RMUX25(+0,+1)->RMUX0","11",2,"afexe_bitgen_pass2_20260920"
"RMUX31@11,2->RMUX25@10,2","RMUX31(+1,+0)->RMUX25","10",2,"afexe_bitgen_pass2_20260920"
"RMUX32@11,2->RMUX27@11,1","RMUX32(+0,+1)->RMUX27","11",2,"afexe_bitgen_pass2_20260920"
"RMUX33@11,2->RMUX39@12,2","RMUX33(-1,+0)->RMUX39","12",2,"afexe_bitgen_pass2_20260920"
"RMUX44@11,2->RMUX74@11,4","RMUX44(+0,-2)->RMUX74","11",2,"afexe_bitgen_pass2_20260920"
"RMUX49@11,2->RMUX7@11,2","RMUX49(+0,+0)->RMUX7","11",2,"afexe_bitgen_pass2_20260920"
"RMUX61@11,2->RMUX54@10,2","RMUX61(+1,+0)->RMUX54","10",2,"afexe_bitgen_pass2_20260920"
"RMUX62@11,2->RMUX67@11,1","RMUX62(+0,+1)->RMUX67","11",2,"afexe_bitgen_pass2_20260920"
"RMUX69@11,2->RMUX83@11,1","RMUX69(+0,+1)->RMUX83","11",2,"afexe_bitgen_pass2_20260920"
"RMUX69@11,2->RMUX86@11,2","RMUX69(+0,+0)->RMUX86","11",2,"afexe_bitgen_pass2_20260920"
"RMUX69@11,2->RMUX87@11,2","RMUX69(+0,+0)->RMUX87","11",2,"afexe_bitgen_pass2_20260920"
"RMUX85@11,2->RMUX65@11,1","RMUX85(+0,+1)->RMUX65","11",2,"afexe_bitgen_pass2_20260920"
"RMUX86@11,2->RMUX57@11,2","RMUX86(+0,+0)->RMUX57","11",2,"afexe_bitgen_pass2_20260920"
"RMUX92@11,2->RMUX74@11,1","RMUX92(+0,+1)->RMUX74","11",2,"afexe_bitgen_pass2_20260920"
"RMUX92@11,2->RMUX80@11,1","RMUX92(+0,+1)->RMUX80","11",2,"afexe_bitgen_pass2_20260920"
"RMUX92@11,2->RMUX81@11,1","RMUX92(+0,+1)->RMUX81","11",2,"afexe_bitgen_pass2_20260920"
"RMUX93@11,2->RMUX87@12,2","RMUX93(-1,+0)->RMUX87","12",2,"afexe_bitgen_pass2_20260920"
"RMUX3@11,3->RMUX14@12,3","RMUX3(-1,+0)->RMUX14","12",2,"afexe_bitgen_pass2_20260920"
"RMUX7@11,3->RMUX24@11,4","RMUX7(+0,-1)->RMUX24","11",2,"afexe_bitgen_pass2_20260920"
"RMUX7@11,3->RMUX46@11,4","RMUX7(+0,-1)->RMUX46","11",2,"afexe_bitgen_pass2_20260920"
"RMUX9@11,3->RMUX38@11,1","RMUX9(+0,+2)->RMUX38","11",2,"afexe_bitgen_pass2_20260920"
"RMUX15@11,3->RMUX69@11,3","RMUX15(+0,+0)->RMUX69","11",2,"afexe_bitgen_pass2_20260920"
"RMUX21@11,3->RMUX86@11,3","RMUX21(+0,+0)->RMUX86","11",2,"afexe_bitgen_pass2_20260920"
"RMUX21@11,3->RMUX92@11,3","RMUX21(+0,+0)->RMUX92","11",2,"afexe_bitgen_pass2_20260920"
"RMUX21@11,3->RMUX92@11,4","RMUX21(+0,-1)->RMUX92","11",2,"afexe_bitgen_pass2_20260920"
"RMUX27@11,3->RMUX20@11,4","RMUX27(+0,-1)->RMUX20","11",2,"afexe_bitgen_pass2_20260920"
"RMUX31@11,3->RMUX25@10,3","RMUX31(+1,+0)->RMUX25","10",2,"afexe_bitgen_pass2_20260920"
"RMUX33@11,3->RMUX39@12,3","RMUX33(-1,+0)->RMUX39","12",2,"afexe_bitgen_pass2_20260920"
"RMUX37@11,3->RMUX49@11,4","RMUX37(+0,-1)->RMUX49","11",2,"afexe_bitgen_pass2_20260920"
"RMUX49@11,3->RMUX7@11,3","RMUX49(+0,+0)->RMUX7","11",2,"afexe_bitgen_pass2_20260920"
"RMUX50@11,3->RMUX2@11,3","RMUX50(+0,+0)->RMUX2","11",2,"afexe_bitgen_pass2_20260920"
"RMUX50@11,3->RMUX8@11,4","RMUX50(+0,-1)->RMUX8","11",2,"afexe_bitgen_pass2_20260920"
"RMUX50@11,3->RMUX13@11,4","RMUX50(+0,-1)->RMUX13","11",2,"afexe_bitgen_pass2_20260920"
"RMUX61@11,3->RMUX54@10,3","RMUX61(+1,+0)->RMUX54","10",2,"afexe_bitgen_pass2_20260920"
"RMUX80@11,3->RMUX26@11,3","RMUX80(+0,+0)->RMUX26","11",2,"afexe_bitgen_pass2_20260920"
"RMUX86@11,3->RMUX57@11,3","RMUX86(+0,+0)->RMUX57","11",2,"afexe_bitgen_pass2_20260920"
"RMUX87@11,3->RMUX68@11,3","RMUX87(+0,+0)->RMUX68","11",2,"afexe_bitgen_pass2_20260920"
"RMUX87@11,3->RMUX59@11,4","RMUX87(+0,-1)->RMUX59","11",2,"afexe_bitgen_pass2_20260920"
"RMUX87@11,3->RMUX63@11,4","RMUX87(+0,-1)->RMUX63","11",2,"afexe_bitgen_pass2_20260920"
"RMUX93@11,3->RMUX87@12,3","RMUX93(-1,+0)->RMUX87","12",2,"afexe_bitgen_pass2_20260920"
"RMUX3@11,4->RMUX14@12,4","RMUX3(-1,+0)->RMUX14","12",2,"afexe_bitgen_pass2_20260920"
"RMUX8@11,4->RMUX27@10,4","RMUX8(+1,+0)->RMUX27","10",2,"afexe_bitgen_pass2_20260920"
"RMUX9@11,4->RMUX38@11,1","RMUX9(+0,+3)->RMUX38","11",2,"afexe_bitgen_pass2_20260920"
"RMUX9@11,4->RMUX38@11,2","RMUX9(+0,+2)->RMUX38","11",2,"afexe_bitgen_pass2_20260920"
"RMUX9@11,4->RMUX44@11,3","RMUX9(+0,+1)->RMUX44","11",2,"afexe_bitgen_pass2_20260920"
"RMUX15@11,4->RMUX69@11,4","RMUX15(+0,+0)->RMUX69","11",2,"afexe_bitgen_pass2_20260920"
"RMUX21@11,4->RMUX86@11,4","RMUX21(+0,+0)->RMUX86","11",2,"afexe_bitgen_pass2_20260920"
"RMUX21@11,4->RMUX92@11,4","RMUX21(+0,+0)->RMUX92","11",2,"afexe_bitgen_pass2_20260920"
"RMUX31@11,4->RMUX25@10,4","RMUX31(+1,+0)->RMUX25","10",2,"afexe_bitgen_pass2_20260920"
"RMUX32@11,4->RMUX33@11,2","RMUX32(+0,+2)->RMUX33","11",2,"afexe_bitgen_pass2_20260920"
"RMUX32@11,4->RMUX27@11,3","RMUX32(+0,+1)->RMUX27","11",2,"afexe_bitgen_pass2_20260920"
"RMUX33@11,4->RMUX39@12,4","RMUX33(-1,+0)->RMUX39","12",2,"afexe_bitgen_pass2_20260920"
"RMUX49@11,4->RMUX7@11,4","RMUX49(+0,+0)->RMUX7","11",2,"afexe_bitgen_pass2_20260920"
"RMUX50@11,4->RMUX2@11,4","RMUX50(+0,+0)->RMUX2","11",2,"afexe_bitgen_pass2_20260920"
"RMUX61@11,4->RMUX54@10,4","RMUX61(+1,+0)->RMUX54","10",2,"afexe_bitgen_pass2_20260920"
"RMUX69@11,4->RMUX83@11,3","RMUX69(+0,+1)->RMUX83","11",2,"afexe_bitgen_pass2_20260920"
"RMUX69@11,4->RMUX86@11,4","RMUX69(+0,+0)->RMUX86","11",2,"afexe_bitgen_pass2_20260920"
"RMUX69@11,4->RMUX87@11,4","RMUX69(+0,+0)->RMUX87","11",2,"afexe_bitgen_pass2_20260920"
"RMUX80@11,4->RMUX26@11,4","RMUX80(+0,+0)->RMUX26","11",2,"afexe_bitgen_pass2_20260920"
"RMUX86@11,4->RMUX57@11,4","RMUX86(+0,+0)->RMUX57","11",2,"afexe_bitgen_pass2_20260920"
"RMUX87@11,4->RMUX68@11,4","RMUX87(+0,+0)->RMUX68","11",2,"afexe_bitgen_pass2_20260920"
"RMUX92@11,4->RMUX74@11,3","RMUX92(+0,+1)->RMUX74","11",2,"afexe_bitgen_pass2_20260920"
"RMUX92@11,4->RMUX80@11,3","RMUX92(+0,+1)->RMUX80","11",2,"afexe_bitgen_pass2_20260920"
"RMUX92@11,4->RMUX81@11,3","RMUX92(+0,+1)->RMUX81","11",2,"afexe_bitgen_pass2_20260920"
"RMUX93@11,4->RMUX87@12,4","RMUX93(-1,+0)->RMUX87","12",2,"afexe_bitgen_pass2_20260920"
"RMUX15@12,1->RMUX69@12,1","RMUX15(+0,+0)->RMUX69","12",2,"afexe_bitgen_pass2_20260920"
"RMUX21@12,1->RMUX86@12,1","RMUX21(+0,+0)->RMUX86","12",2,"afexe_bitgen_pass2_20260920"
"RMUX21@12,1->RMUX92@12,1","RMUX21(+0,+0)->RMUX92","12",2,"afexe_bitgen_pass2_20260920"
"RMUX21@12,1->RMUX92@12,2","RMUX21(+0,-1)->RMUX92","12",2,"afexe_bitgen_pass2_20260920"
"RMUX27@12,1->RMUX20@12,2","RMUX27(+0,-1)->RMUX20","12",2,"afexe_bitgen_pass2_20260920"
"RMUX27@12,1->RMUX20@12,4","RMUX27(+0,-3)->RMUX20","12",2,"afexe_bitgen_pass2_20260920"
"RMUX31@12,1->RMUX25@11,1","RMUX31(+1,+0)->RMUX25","11",2,"afexe_bitgen_pass2_20260920"
"RMUX44@12,1->RMUX74@12,3","RMUX44(+0,-2)->RMUX74","12",2,"afexe_bitgen_pass2_20260920"
"RMUX49@12,1->RMUX7@12,1","RMUX49(+0,+0)->RMUX7","12",2,"afexe_bitgen_pass2_20260920"
"RMUX50@12,1->RMUX2@12,1","RMUX50(+0,+0)->RMUX2","12",2,"afexe_bitgen_pass2_20260920"
"RMUX50@12,1->RMUX8@12,2","RMUX50(+0,-1)->RMUX8","12",2,"afexe_bitgen_pass2_20260920"
"RMUX50@12,1->RMUX13@12,2","RMUX50(+0,-1)->RMUX13","12",2,"afexe_bitgen_pass2_20260920"
"RMUX61@12,1->RMUX54@11,1","RMUX61(+1,+0)->RMUX54","11",2,"afexe_bitgen_pass2_20260920"
"RMUX69@12,1->RMUX86@12,1","RMUX69(+0,+0)->RMUX86","12",2,"afexe_bitgen_pass2_20260920"
"RMUX69@12,1->RMUX87@12,1","RMUX69(+0,+0)->RMUX87","12",2,"afexe_bitgen_pass2_20260920"
"RMUX80@12,1->RMUX26@12,1","RMUX80(+0,+0)->RMUX26","12",2,"afexe_bitgen_pass2_20260920"
"RMUX86@12,1->RMUX57@12,1","RMUX86(+0,+0)->RMUX57","12",2,"afexe_bitgen_pass2_20260920"
"RMUX87@12,1->RMUX68@12,1","RMUX87(+0,+0)->RMUX68","12",2,"afexe_bitgen_pass2_20260920"
"RMUX87@12,1->RMUX59@12,2","RMUX87(+0,-1)->RMUX59","12",2,"afexe_bitgen_pass2_20260920"
"RMUX87@12,1->RMUX63@12,2","RMUX87(+0,-1)->RMUX63","12",2,"afexe_bitgen_pass2_20260920"
"RMUX9@12,2->RMUX44@12,1","RMUX9(+0,+1)->RMUX44","12",2,"afexe_bitgen_pass2_20260920"
"RMUX15@12,2->RMUX69@12,2","RMUX15(+0,+0)->RMUX69","12",2,"afexe_bitgen_pass2_20260920"
"RMUX19@12,2->RMUX72@12,1","RMUX19(+0,+1)->RMUX72","12",2,"afexe_bitgen_pass2_20260920"
"RMUX25@12,2->RMUX0@12,1","RMUX25(+0,+1)->RMUX0","12",2,"afexe_bitgen_pass2_20260920"
"RMUX31@12,2->RMUX25@11,2","RMUX31(+1,+0)->RMUX25","11",2,"afexe_bitgen_pass2_20260920"
"RMUX32@12,2->RMUX27@12,1","RMUX32(+0,+1)->RMUX27","12",2,"afexe_bitgen_pass2_20260920"
"RMUX44@12,2->RMUX74@12,4","RMUX44(+0,-2)->RMUX74","12",2,"afexe_bitgen_pass2_20260920"
"RMUX49@12,2->RMUX7@12,2","RMUX49(+0,+0)->RMUX7","12",2,"afexe_bitgen_pass2_20260920"
"RMUX61@12,2->RMUX54@11,2","RMUX61(+1,+0)->RMUX54","11",2,"afexe_bitgen_pass2_20260920"
"RMUX62@12,2->RMUX67@12,1","RMUX62(+0,+1)->RMUX67","12",2,"afexe_bitgen_pass2_20260920"
"RMUX69@12,2->RMUX83@12,1","RMUX69(+0,+1)->RMUX83","12",2,"afexe_bitgen_pass2_20260920"
"RMUX69@12,2->RMUX86@12,2","RMUX69(+0,+0)->RMUX86","12",2,"afexe_bitgen_pass2_20260920"
"RMUX69@12,2->RMUX87@12,2","RMUX69(+0,+0)->RMUX87","12",2,"afexe_bitgen_pass2_20260920"
"RMUX85@12,2->RMUX65@12,1","RMUX85(+0,+1)->RMUX65","12",2,"afexe_bitgen_pass2_20260920"
"RMUX86@12,2->RMUX57@12,2","RMUX86(+0,+0)->RMUX57","12",2,"afexe_bitgen_pass2_20260920"
"RMUX92@12,2->RMUX74@12,1","RMUX92(+0,+1)->RMUX74","12",2,"afexe_bitgen_pass2_20260920"
"RMUX92@12,2->RMUX80@12,1","RMUX92(+0,+1)->RMUX80","12",2,"afexe_bitgen_pass2_20260920"
"RMUX92@12,2->RMUX81@12,1","RMUX92(+0,+1)->RMUX81","12",2,"afexe_bitgen_pass2_20260920"
"RMUX7@12,3->RMUX24@12,4","RMUX7(+0,-1)->RMUX24","12",2,"afexe_bitgen_pass2_20260920"
"RMUX7@12,3->RMUX46@12,4","RMUX7(+0,-1)->RMUX46","12",2,"afexe_bitgen_pass2_20260920"
"RMUX9@12,3->RMUX38@12,1","RMUX9(+0,+2)->RMUX38","12",2,"afexe_bitgen_pass2_20260920"
"RMUX15@12,3->RMUX69@12,3","RMUX15(+0,+0)->RMUX69","12",2,"afexe_bitgen_pass2_20260920"
"RMUX21@12,3->RMUX86@12,3","RMUX21(+0,+0)->RMUX86","12",2,"afexe_bitgen_pass2_20260920"
"RMUX21@12,3->RMUX92@12,3","RMUX21(+0,+0)->RMUX92","12",2,"afexe_bitgen_pass2_20260920"
"RMUX21@12,3->RMUX92@12,4","RMUX21(+0,-1)->RMUX92","12",2,"afexe_bitgen_pass2_20260920"
"RMUX27@12,3->RMUX20@12,4","RMUX27(+0,-1)->RMUX20","12",2,"afexe_bitgen_pass2_20260920"
"RMUX31@12,3->RMUX25@11,3","RMUX31(+1,+0)->RMUX25","11",2,"afexe_bitgen_pass2_20260920"
"RMUX37@12,3->RMUX49@12,4","RMUX37(+0,-1)->RMUX49","12",2,"afexe_bitgen_pass2_20260920"
"RMUX49@12,3->RMUX7@12,3","RMUX49(+0,+0)->RMUX7","12",2,"afexe_bitgen_pass2_20260920"
"RMUX50@12,3->RMUX2@12,3","RMUX50(+0,+0)->RMUX2","12",2,"afexe_bitgen_pass2_20260920"
"RMUX50@12,3->RMUX8@12,4","RMUX50(+0,-1)->RMUX8","12",2,"afexe_bitgen_pass2_20260920"
"RMUX50@12,3->RMUX13@12,4","RMUX50(+0,-1)->RMUX13","12",2,"afexe_bitgen_pass2_20260920"
"RMUX61@12,3->RMUX54@11,3","RMUX61(+1,+0)->RMUX54","11",2,"afexe_bitgen_pass2_20260920"
"RMUX80@12,3->RMUX26@12,3","RMUX80(+0,+0)->RMUX26","12",2,"afexe_bitgen_pass2_20260920"
"RMUX86@12,3->RMUX57@12,3","RMUX86(+0,+0)->RMUX57","12",2,"afexe_bitgen_pass2_20260920"
"RMUX87@12,3->RMUX68@12,3","RMUX87(+0,+0)->RMUX68","12",2,"afexe_bitgen_pass2_20260920"
"RMUX87@12,3->RMUX59@12,4","RMUX87(+0,-1)->RMUX59","12",2,"afexe_bitgen_pass2_20260920"
"RMUX87@12,3->RMUX63@12,4","RMUX87(+0,-1)->RMUX63","12",2,"afexe_bitgen_pass2_20260920"
"RMUX9@12,4->RMUX38@12,1","RMUX9(+0,+3)->RMUX38","12",2,"afexe_bitgen_pass2_20260920"
"RMUX9@12,4->RMUX38@12,2","RMUX9(+0,+2)->RMUX38","12",2,"afexe_bitgen_pass2_20260920"
"RMUX9@12,4->RMUX44@12,3","RMUX9(+0,+1)->RMUX44","12",2,"afexe_bitgen_pass2_20260920"
"RMUX15@12,4->RMUX69@12,4","RMUX15(+0,+0)->RMUX69","12",2,"afexe_bitgen_pass2_20260920"
"RMUX21@12,4->RMUX86@12,4","RMUX21(+0,+0)->RMUX86","12",2,"afexe_bitgen_pass2_20260920"
"RMUX21@12,4->RMUX92@12,4","RMUX21(+0,+0)->RMUX92","12",2,"afexe_bitgen_pass2_20260920"
"RMUX31@12,4->RMUX25@11,4","RMUX31(+1,+0)->RMUX25","11",2,"afexe_bitgen_pass2_20260920"
"RMUX32@12,4->RMUX27@12,3","RMUX32(+0,+1)->RMUX27","12",2,"afexe_bitgen_pass2_20260920"
"RMUX49@12,4->RMUX7@12,4","RMUX49(+0,+0)->RMUX7","12",2,"afexe_bitgen_pass2_20260920"
"RMUX50@12,4->RMUX2@12,4","RMUX50(+0,+0)->RMUX2","12",2,"afexe_bitgen_pass2_20260920"
"RMUX61@12,4->RMUX54@11,4","RMUX61(+1,+0)->RMUX54","11",2,"afexe_bitgen_pass2_20260920"
"RMUX69@12,4->RMUX83@12,3","RMUX69(+0,+1)->RMUX83","12",2,"afexe_bitgen_pass2_20260920"
"RMUX69@12,4->RMUX86@12,4","RMUX69(+0,+0)->RMUX86","12",2,"afexe_bitgen_pass2_20260920"
"RMUX69@12,4->RMUX87@12,4","RMUX69(+0,+0)->RMUX87","12",2,"afexe_bitgen_pass2_20260920"
"RMUX80@12,4->RMUX26@12,4","RMUX80(+0,+0)->RMUX26","12",2,"afexe_bitgen_pass2_20260920"
"RMUX86@12,4->RMUX57@12,4","RMUX86(+0,+0)->RMUX57","12",2,"afexe_bitgen_pass2_20260920"
"RMUX87@12,4->RMUX68@12,4","RMUX87(+0,+0)->RMUX68","12",2,"afexe_bitgen_pass2_20260920"
"RMUX3@14,1->RMUX14@15,1","RMUX3(-1,+0)->RMUX14","15",2,"afexe_bitgen_pass2_20260920"
"RMUX15@14,1->RMUX69@14,1","RMUX15(+0,+0)->RMUX69","14",2,"afexe_bitgen_pass2_20260920"
"RMUX27@14,1->RMUX20@14,2","RMUX27(+0,-1)->RMUX20","14",2,"afexe_bitgen_pass2_20260920"
"RMUX27@14,1->RMUX20@14,4","RMUX27(+0,-3)->RMUX20","14",2,"afexe_bitgen_pass2_20260920"
"RMUX33@14,1->RMUX39@15,1","RMUX33(-1,+0)->RMUX39","15",2,"afexe_bitgen_pass2_20260920"
"RMUX44@14,1->RMUX74@14,3","RMUX44(+0,-2)->RMUX74","14",2,"afexe_bitgen_pass2_20260920"
"RMUX49@14,1->RMUX7@14,1","RMUX49(+0,+0)->RMUX7","14",2,"afexe_bitgen_pass2_20260920"
"RMUX50@14,1->RMUX2@14,1","RMUX50(+0,+0)->RMUX2","14",2,"afexe_bitgen_pass2_20260920"
"RMUX50@14,1->RMUX8@14,2","RMUX50(+0,-1)->RMUX8","14",2,"afexe_bitgen_pass2_20260920"
"RMUX50@14,1->RMUX13@14,2","RMUX50(+0,-1)->RMUX13","14",2,"afexe_bitgen_pass2_20260920"
"RMUX69@14,1->RMUX86@14,1","RMUX69(+0,+0)->RMUX86","14",2,"afexe_bitgen_pass2_20260920"
"RMUX69@14,1->RMUX87@14,1","RMUX69(+0,+0)->RMUX87","14",2,"afexe_bitgen_pass2_20260920"
"RMUX80@14,1->RMUX26@14,1","RMUX80(+0,+0)->RMUX26","14",2,"afexe_bitgen_pass2_20260920"
"RMUX86@14,1->RMUX57@14,1","RMUX86(+0,+0)->RMUX57","14",2,"afexe_bitgen_pass2_20260920"
"RMUX87@14,1->RMUX68@14,1","RMUX87(+0,+0)->RMUX68","14",2,"afexe_bitgen_pass2_20260920"
"RMUX87@14,1->RMUX59@14,2","RMUX87(+0,-1)->RMUX59","14",2,"afexe_bitgen_pass2_20260920"
"RMUX87@14,1->RMUX63@14,2","RMUX87(+0,-1)->RMUX63","14",2,"afexe_bitgen_pass2_20260920"
"RMUX93@14,1->RMUX87@15,1","RMUX93(-1,+0)->RMUX87","15",2,"afexe_bitgen_pass2_20260920"
"RMUX3@14,2->RMUX14@15,2","RMUX3(-1,+0)->RMUX14","15",2,"afexe_bitgen_pass2_20260920"
"RMUX7@14,2->RMUX31@14,5","RMUX7(+0,-3)->RMUX31","14",2,"afexe_bitgen_pass2_20260920"
"RMUX9@14,2->RMUX44@14,1","RMUX9(+0,+1)->RMUX44","14",2,"afexe_bitgen_pass2_20260920"
"RMUX15@14,2->RMUX69@14,2","RMUX15(+0,+0)->RMUX69","14",2,"afexe_bitgen_pass2_20260920"
"RMUX19@14,2->RMUX72@14,1","RMUX19(+0,+1)->RMUX72","14",2,"afexe_bitgen_pass2_20260920"
"RMUX25@14,2->RMUX0@14,1","RMUX25(+0,+1)->RMUX0","14",2,"afexe_bitgen_pass2_20260920"
"RMUX27@14,2->RMUX20@14,5","RMUX27(+0,-3)->RMUX20","14",2,"afexe_bitgen_pass2_20260920"
"RMUX32@14,2->RMUX27@14,1","RMUX32(+0,+1)->RMUX27","14",2,"afexe_bitgen_pass2_20260920"
"RMUX33@14,2->RMUX39@15,2","RMUX33(-1,+0)->RMUX39","15",2,"afexe_bitgen_pass2_20260920"
"RMUX44@14,2->RMUX74@14,4","RMUX44(+0,-2)->RMUX74","14",2,"afexe_bitgen_pass2_20260920"
"RMUX49@14,2->RMUX7@14,2","RMUX49(+0,+0)->RMUX7","14",2,"afexe_bitgen_pass2_20260920"
"RMUX62@14,2->RMUX67@14,1","RMUX62(+0,+1)->RMUX67","14",2,"afexe_bitgen_pass2_20260920"
"RMUX69@14,2->RMUX83@14,1","RMUX69(+0,+1)->RMUX83","14",2,"afexe_bitgen_pass2_20260920"
"RMUX69@14,2->RMUX86@14,2","RMUX69(+0,+0)->RMUX86","14",2,"afexe_bitgen_pass2_20260920"
"RMUX69@14,2->RMUX87@14,2","RMUX69(+0,+0)->RMUX87","14",2,"afexe_bitgen_pass2_20260920"
"RMUX73@14,2->RMUX1@14,5","RMUX73(+0,-3)->RMUX1","14",2,"afexe_bitgen_pass2_20260920"
"RMUX85@14,2->RMUX65@14,1","RMUX85(+0,+1)->RMUX65","14",2,"afexe_bitgen_pass2_20260920"
"RMUX86@14,2->RMUX57@14,2","RMUX86(+0,+0)->RMUX57","14",2,"afexe_bitgen_pass2_20260920"
"RMUX92@14,2->RMUX74@14,1","RMUX92(+0,+1)->RMUX74","14",2,"afexe_bitgen_pass2_20260920"
"RMUX92@14,2->RMUX80@14,1","RMUX92(+0,+1)->RMUX80","14",2,"afexe_bitgen_pass2_20260920"
"RMUX92@14,2->RMUX81@14,1","RMUX92(+0,+1)->RMUX81","14",2,"afexe_bitgen_pass2_20260920"
"RMUX93@14,2->RMUX87@15,2","RMUX93(-1,+0)->RMUX87","15",2,"afexe_bitgen_pass2_20260920"
"RMUX3@14,3->RMUX14@15,3","RMUX3(-1,+0)->RMUX14","15",2,"afexe_bitgen_pass2_20260920"
"RMUX7@14,3->RMUX24@14,4","RMUX7(+0,-1)->RMUX24","14",2,"afexe_bitgen_pass2_20260920"
"RMUX7@14,3->RMUX46@14,4","RMUX7(+0,-1)->RMUX46","14",2,"afexe_bitgen_pass2_20260920"
"RMUX7@14,3->RMUX31@14,6","RMUX7(+0,-3)->RMUX31","14",2,"afexe_bitgen_pass2_20260920"
"RMUX9@14,3->RMUX38@14,1","RMUX9(+0,+2)->RMUX38","14",2,"afexe_bitgen_pass2_20260920"
"RMUX9@14,3->RMUX44@14,2","RMUX9(+0,+1)->RMUX44","14",2,"afexe_bitgen_pass2_20260920"
"RMUX15@14,3->RMUX69@14,3","RMUX15(+0,+0)->RMUX69","14",2,"afexe_bitgen_pass2_20260920"
"RMUX19@14,3->RMUX72@14,2","RMUX19(+0,+1)->RMUX72","14",2,"afexe_bitgen_pass2_20260920"
"RMUX21@14,3->RMUX86@14,3","RMUX21(+0,+0)->RMUX86","14",2,"afexe_bitgen_pass2_20260920"
"RMUX21@14,3->RMUX92@14,3","RMUX21(+0,+0)->RMUX92","14",2,"afexe_bitgen_pass2_20260920"
"RMUX21@14,3->RMUX92@14,4","RMUX21(+0,-1)->RMUX92","14",2,"afexe_bitgen_pass2_20260920"
"RMUX25@14,3->RMUX0@14,2","RMUX25(+0,+1)->RMUX0","14",2,"afexe_bitgen_pass2_20260920"
"RMUX27@14,3->RMUX20@14,4","RMUX27(+0,-1)->RMUX20","14",2,"afexe_bitgen_pass2_20260920"
"RMUX27@14,3->RMUX20@14,6","RMUX27(+0,-3)->RMUX20","14",2,"afexe_bitgen_pass2_20260920"
"RMUX32@14,3->RMUX27@14,2","RMUX32(+0,+1)->RMUX27","14",2,"afexe_bitgen_pass2_20260920"
"RMUX33@14,3->RMUX39@15,3","RMUX33(-1,+0)->RMUX39","15",2,"afexe_bitgen_pass2_20260920"
"RMUX37@14,3->RMUX49@14,4","RMUX37(+0,-1)->RMUX49","14",2,"afexe_bitgen_pass2_20260920"
"RMUX44@14,3->RMUX74@14,5","RMUX44(+0,-2)->RMUX74","14",2,"afexe_bitgen_pass2_20260920"
"RMUX49@14,3->RMUX7@14,3","RMUX49(+0,+0)->RMUX7","14",2,"afexe_bitgen_pass2_20260920"
"RMUX50@14,3->RMUX2@14,3","RMUX50(+0,+0)->RMUX2","14",2,"afexe_bitgen_pass2_20260920"
"RMUX50@14,3->RMUX8@14,4","RMUX50(+0,-1)->RMUX8","14",2,"afexe_bitgen_pass2_20260920"
"RMUX50@14,3->RMUX13@14,4","RMUX50(+0,-1)->RMUX13","14",2,"afexe_bitgen_pass2_20260920"
"RMUX62@14,3->RMUX67@14,2","RMUX62(+0,+1)->RMUX67","14",2,"afexe_bitgen_pass2_20260920"
"RMUX69@14,3->RMUX83@14,2","RMUX69(+0,+1)->RMUX83","14",2,"afexe_bitgen_pass2_20260920"
"RMUX69@14,3->RMUX86@14,3","RMUX69(+0,+0)->RMUX86","14",2,"afexe_bitgen_pass2_20260920"
"RMUX69@14,3->RMUX87@14,3","RMUX69(+0,+0)->RMUX87","14",2,"afexe_bitgen_pass2_20260920"
"RMUX73@14,3->RMUX1@14,6","RMUX73(+0,-3)->RMUX1","14",2,"afexe_bitgen_pass2_20260920"
"RMUX80@14,3->RMUX26@14,3","RMUX80(+0,+0)->RMUX26","14",2,"afexe_bitgen_pass2_20260920"
"RMUX85@14,3->RMUX65@14,2","RMUX85(+0,+1)->RMUX65","14",2,"afexe_bitgen_pass2_20260920"
"RMUX86@14,3->RMUX57@14,3","RMUX86(+0,+0)->RMUX57","14",2,"afexe_bitgen_pass2_20260920"
"RMUX87@14,3->RMUX68@14,3","RMUX87(+0,+0)->RMUX68","14",2,"afexe_bitgen_pass2_20260920"
"RMUX87@14,3->RMUX59@14,4","RMUX87(+0,-1)->RMUX59","14",2,"afexe_bitgen_pass2_20260920"
"RMUX87@14,3->RMUX63@14,4","RMUX87(+0,-1)->RMUX63","14",2,"afexe_bitgen_pass2_20260920"
"RMUX92@14,3->RMUX74@14,2","RMUX92(+0,+1)->RMUX74","14",2,"afexe_bitgen_pass2_20260920"
"RMUX92@14,3->RMUX80@14,2","RMUX92(+0,+1)->RMUX80","14",2,"afexe_bitgen_pass2_20260920"
"RMUX92@14,3->RMUX81@14,2","RMUX92(+0,+1)->RMUX81","14",2,"afexe_bitgen_pass2_20260920"
"RMUX93@14,3->RMUX87@15,3","RMUX93(-1,+0)->RMUX87","15",2,"afexe_bitgen_pass2_20260920"
"RMUX3@14,4->RMUX14@15,4","RMUX3(-1,+0)->RMUX14","15",2,"afexe_bitgen_pass2_20260920"
"RMUX7@14,4->RMUX24@14,5","RMUX7(+0,-1)->RMUX24","14",2,"afexe_bitgen_pass2_20260920"
"RMUX7@14,4->RMUX46@14,5","RMUX7(+0,-1)->RMUX46","14",2,"afexe_bitgen_pass2_20260920"
"RMUX7@14,4->RMUX31@14,7","RMUX7(+0,-3)->RMUX31","14",2,"afexe_bitgen_pass2_20260920"
"RMUX9@14,4->RMUX38@14,1","RMUX9(+0,+3)->RMUX38","14",2,"afexe_bitgen_pass2_20260920"
"RMUX9@14,4->RMUX38@14,2","RMUX9(+0,+2)->RMUX38","14",2,"afexe_bitgen_pass2_20260920"
"RMUX9@14,4->RMUX44@14,3","RMUX9(+0,+1)->RMUX44","14",2,"afexe_bitgen_pass2_20260920"
"RMUX15@14,4->RMUX69@14,4","RMUX15(+0,+0)->RMUX69","14",2,"afexe_bitgen_pass2_20260920"
"RMUX19@14,4->RMUX72@14,3","RMUX19(+0,+1)->RMUX72","14",2,"afexe_bitgen_pass2_20260920"
"RMUX21@14,4->RMUX86@14,4","RMUX21(+0,+0)->RMUX86","14",2,"afexe_bitgen_pass2_20260920"
"RMUX21@14,4->RMUX92@14,4","RMUX21(+0,+0)->RMUX92","14",2,"afexe_bitgen_pass2_20260920"
"RMUX21@14,4->RMUX92@14,5","RMUX21(+0,-1)->RMUX92","14",2,"afexe_bitgen_pass2_20260920"
"RMUX25@14,4->RMUX0@14,3","RMUX25(+0,+1)->RMUX0","14",2,"afexe_bitgen_pass2_20260920"
"RMUX27@14,4->RMUX20@14,5","RMUX27(+0,-1)->RMUX20","14",2,"afexe_bitgen_pass2_20260920"
"RMUX27@14,4->RMUX20@14,7","RMUX27(+0,-3)->RMUX20","14",2,"afexe_bitgen_pass2_20260920"
"RMUX32@14,4->RMUX27@14,3","RMUX32(+0,+1)->RMUX27","14",2,"afexe_bitgen_pass2_20260920"
"RMUX33@14,4->RMUX39@15,4","RMUX33(-1,+0)->RMUX39","15",2,"afexe_bitgen_pass2_20260920"
"RMUX37@14,4->RMUX49@14,5","RMUX37(+0,-1)->RMUX49","14",2,"afexe_bitgen_pass2_20260920"
"RMUX44@14,4->RMUX74@14,6","RMUX44(+0,-2)->RMUX74","14",2,"afexe_bitgen_pass2_20260920"
"RMUX49@14,4->RMUX7@14,4","RMUX49(+0,+0)->RMUX7","14",2,"afexe_bitgen_pass2_20260920"
"RMUX50@14,4->RMUX2@14,4","RMUX50(+0,+0)->RMUX2","14",2,"afexe_bitgen_pass2_20260920"
"RMUX50@14,4->RMUX8@14,5","RMUX50(+0,-1)->RMUX8","14",2,"afexe_bitgen_pass2_20260920"
"RMUX50@14,4->RMUX13@14,5","RMUX50(+0,-1)->RMUX13","14",2,"afexe_bitgen_pass2_20260920"
"RMUX62@14,4->RMUX67@14,3","RMUX62(+0,+1)->RMUX67","14",2,"afexe_bitgen_pass2_20260920"
"RMUX69@14,4->RMUX83@14,3","RMUX69(+0,+1)->RMUX83","14",2,"afexe_bitgen_pass2_20260920"
"RMUX69@14,4->RMUX86@14,4","RMUX69(+0,+0)->RMUX86","14",2,"afexe_bitgen_pass2_20260920"
"RMUX69@14,4->RMUX87@14,4","RMUX69(+0,+0)->RMUX87","14",2,"afexe_bitgen_pass2_20260920"
"RMUX73@14,4->RMUX1@14,7","RMUX73(+0,-3)->RMUX1","14",2,"afexe_bitgen_pass2_20260920"
"RMUX80@14,4->RMUX26@14,4","RMUX80(+0,+0)->RMUX26","14",2,"afexe_bitgen_pass2_20260920"
"RMUX85@14,4->RMUX65@14,3","RMUX85(+0,+1)->RMUX65","14",2,"afexe_bitgen_pass2_20260920"
"RMUX86@14,4->RMUX57@14,4","RMUX86(+0,+0)->RMUX57","14",2,"afexe_bitgen_pass2_20260920"
"RMUX87@14,4->RMUX68@14,4","RMUX87(+0,+0)->RMUX68","14",2,"afexe_bitgen_pass2_20260920"
"RMUX87@14,4->RMUX59@14,5","RMUX87(+0,-1)->RMUX59","14",2,"afexe_bitgen_pass2_20260920"
"RMUX87@14,4->RMUX63@14,5","RMUX87(+0,-1)->RMUX63","14",2,"afexe_bitgen_pass2_20260920"
"RMUX92@14,4->RMUX74@14,3","RMUX92(+0,+1)->RMUX74","14",2,"afexe_bitgen_pass2_20260920"
"RMUX92@14,4->RMUX80@14,3","RMUX92(+0,+1)->RMUX80","14",2,"afexe_bitgen_pass2_20260920"
"RMUX92@14,4->RMUX81@14,3","RMUX92(+0,+1)->RMUX81","14",2,"afexe_bitgen_pass2_20260920"
"RMUX93@14,4->RMUX87@15,4","RMUX93(-1,+0)->RMUX87","15",2,"afexe_bitgen_pass2_20260920"
"RMUX3@14,5->RMUX14@15,5","RMUX3(-1,+0)->RMUX14","15",2,"afexe_bitgen_pass2_20260920"
"RMUX7@14,5->RMUX24@14,6","RMUX7(+0,-1)->RMUX24","14",2,"afexe_bitgen_pass2_20260920"
"RMUX7@14,5->RMUX46@14,6","RMUX7(+0,-1)->RMUX46","14",2,"afexe_bitgen_pass2_20260920"
"RMUX7@14,5->RMUX31@14,8","RMUX7(+0,-3)->RMUX31","14",2,"afexe_bitgen_pass2_20260920"
"RMUX9@14,5->RMUX38@14,2","RMUX9(+0,+3)->RMUX38","14",2,"afexe_bitgen_pass2_20260920"
"RMUX9@14,5->RMUX38@14,3","RMUX9(+0,+2)->RMUX38","14",2,"afexe_bitgen_pass2_20260920"
"RMUX9@14,5->RMUX44@14,4","RMUX9(+0,+1)->RMUX44","14",2,"afexe_bitgen_pass2_20260920"
"RMUX15@14,5->RMUX69@14,5","RMUX15(+0,+0)->RMUX69","14",2,"afexe_bitgen_pass2_20260920"
"RMUX19@14,5->RMUX72@14,4","RMUX19(+0,+1)->RMUX72","14",2,"afexe_bitgen_pass2_20260920"
"RMUX21@14,5->RMUX86@14,5","RMUX21(+0,+0)->RMUX86","14",2,"afexe_bitgen_pass2_20260920"
"RMUX21@14,5->RMUX92@14,5","RMUX21(+0,+0)->RMUX92","14",2,"afexe_bitgen_pass2_20260920"
"RMUX21@14,5->RMUX92@14,6","RMUX21(+0,-1)->RMUX92","14",2,"afexe_bitgen_pass2_20260920"
"RMUX25@14,5->RMUX0@14,4","RMUX25(+0,+1)->RMUX0","14",2,"afexe_bitgen_pass2_20260920"
"RMUX27@14,5->RMUX20@14,6","RMUX27(+0,-1)->RMUX20","14",2,"afexe_bitgen_pass2_20260920"
"RMUX27@14,5->RMUX20@14,8","RMUX27(+0,-3)->RMUX20","14",2,"afexe_bitgen_pass2_20260920"
"RMUX32@14,5->RMUX27@14,4","RMUX32(+0,+1)->RMUX27","14",2,"afexe_bitgen_pass2_20260920"
"RMUX33@14,5->RMUX39@15,5","RMUX33(-1,+0)->RMUX39","15",2,"afexe_bitgen_pass2_20260920"
"RMUX37@14,5->RMUX49@14,6","RMUX37(+0,-1)->RMUX49","14",2,"afexe_bitgen_pass2_20260920"
"RMUX44@14,5->RMUX74@14,7","RMUX44(+0,-2)->RMUX74","14",2,"afexe_bitgen_pass2_20260920"
"RMUX50@14,5->RMUX2@14,5","RMUX50(+0,+0)->RMUX2","14",2,"afexe_bitgen_pass2_20260920"
"RMUX50@14,5->RMUX8@14,6","RMUX50(+0,-1)->RMUX8","14",2,"afexe_bitgen_pass2_20260920"
"RMUX50@14,5->RMUX13@14,6","RMUX50(+0,-1)->RMUX13","14",2,"afexe_bitgen_pass2_20260920"
"RMUX62@14,5->RMUX67@14,4","RMUX62(+0,+1)->RMUX67","14",2,"afexe_bitgen_pass2_20260920"
"RMUX69@14,5->RMUX83@14,4","RMUX69(+0,+1)->RMUX83","14",2,"afexe_bitgen_pass2_20260920"
"RMUX69@14,5->RMUX86@14,5","RMUX69(+0,+0)->RMUX86","14",2,"afexe_bitgen_pass2_20260920"
"RMUX69@14,5->RMUX87@14,5","RMUX69(+0,+0)->RMUX87","14",2,"afexe_bitgen_pass2_20260920"
"RMUX73@14,5->RMUX1@14,8","RMUX73(+0,-3)->RMUX1","14",2,"afexe_bitgen_pass2_20260920"
"RMUX80@14,5->RMUX26@14,5","RMUX80(+0,+0)->RMUX26","14",2,"afexe_bitgen_pass2_20260920"
"RMUX85@14,5->RMUX65@14,4","RMUX85(+0,+1)->RMUX65","14",2,"afexe_bitgen_pass2_20260920"
"RMUX86@14,5->RMUX57@14,5","RMUX86(+0,+0)->RMUX57","14",2,"afexe_bitgen_pass2_20260920"
"RMUX87@14,5->RMUX68@14,5","RMUX87(+0,+0)->RMUX68","14",2,"afexe_bitgen_pass2_20260920"
"RMUX87@14,5->RMUX59@14,6","RMUX87(+0,-1)->RMUX59","14",2,"afexe_bitgen_pass2_20260920"
"RMUX87@14,5->RMUX63@14,6","RMUX87(+0,-1)->RMUX63","14",2,"afexe_bitgen_pass2_20260920"
"RMUX92@14,5->RMUX74@14,4","RMUX92(+0,+1)->RMUX74","14",2,"afexe_bitgen_pass2_20260920"
"RMUX92@14,5->RMUX80@14,4","RMUX92(+0,+1)->RMUX80","14",2,"afexe_bitgen_pass2_20260920"
"RMUX92@14,5->RMUX81@14,4","RMUX92(+0,+1)->RMUX81","14",2,"afexe_bitgen_pass2_20260920"
"RMUX93@14,5->RMUX87@15,5","RMUX93(-1,+0)->RMUX87","15",2,"afexe_bitgen_pass2_20260920"
"RMUX3@14,6->RMUX14@15,6","RMUX3(-1,+0)->RMUX14","15",2,"afexe_bitgen_pass2_20260920"
"RMUX7@14,6->RMUX24@14,7","RMUX7(+0,-1)->RMUX24","14",2,"afexe_bitgen_pass2_20260920"
"RMUX7@14,6->RMUX46@14,7","RMUX7(+0,-1)->RMUX46","14",2,"afexe_bitgen_pass2_20260920"
"RMUX7@14,6->RMUX31@14,9","RMUX7(+0,-3)->RMUX31","14",2,"afexe_bitgen_pass2_20260920"
"RMUX9@14,6->RMUX38@14,3","RMUX9(+0,+3)->RMUX38","14",2,"afexe_bitgen_pass2_20260920"
"RMUX9@14,6->RMUX38@14,4","RMUX9(+0,+2)->RMUX38","14",2,"afexe_bitgen_pass2_20260920"
"RMUX9@14,6->RMUX44@14,5","RMUX9(+0,+1)->RMUX44","14",2,"afexe_bitgen_pass2_20260920"
"RMUX15@14,6->RMUX69@14,6","RMUX15(+0,+0)->RMUX69","14",2,"afexe_bitgen_pass2_20260920"
"RMUX19@14,6->RMUX72@14,5","RMUX19(+0,+1)->RMUX72","14",2,"afexe_bitgen_pass2_20260920"
"RMUX21@14,6->RMUX86@14,6","RMUX21(+0,+0)->RMUX86","14",2,"afexe_bitgen_pass2_20260920"
"RMUX21@14,6->RMUX92@14,6","RMUX21(+0,+0)->RMUX92","14",2,"afexe_bitgen_pass2_20260920"
"RMUX21@14,6->RMUX92@14,7","RMUX21(+0,-1)->RMUX92","14",2,"afexe_bitgen_pass2_20260920"
"RMUX25@14,6->RMUX0@14,5","RMUX25(+0,+1)->RMUX0","14",2,"afexe_bitgen_pass2_20260920"
"RMUX27@14,6->RMUX20@14,7","RMUX27(+0,-1)->RMUX20","14",2,"afexe_bitgen_pass2_20260920"
"RMUX27@14,6->RMUX20@14,9","RMUX27(+0,-3)->RMUX20","14",2,"afexe_bitgen_pass2_20260920"
"RMUX32@14,6->RMUX27@14,5","RMUX32(+0,+1)->RMUX27","14",2,"afexe_bitgen_pass2_20260920"
"RMUX33@14,6->RMUX39@15,6","RMUX33(-1,+0)->RMUX39","15",2,"afexe_bitgen_pass2_20260920"
"RMUX37@14,6->RMUX49@14,7","RMUX37(+0,-1)->RMUX49","14",2,"afexe_bitgen_pass2_20260920"
"RMUX44@14,6->RMUX74@14,8","RMUX44(+0,-2)->RMUX74","14",2,"afexe_bitgen_pass2_20260920"
"RMUX50@14,6->RMUX2@14,6","RMUX50(+0,+0)->RMUX2","14",2,"afexe_bitgen_pass2_20260920"
"RMUX50@14,6->RMUX8@14,7","RMUX50(+0,-1)->RMUX8","14",2,"afexe_bitgen_pass2_20260920"
"RMUX50@14,6->RMUX13@14,7","RMUX50(+0,-1)->RMUX13","14",2,"afexe_bitgen_pass2_20260920"
"RMUX62@14,6->RMUX67@14,5","RMUX62(+0,+1)->RMUX67","14",2,"afexe_bitgen_pass2_20260920"
"RMUX69@14,6->RMUX83@14,5","RMUX69(+0,+1)->RMUX83","14",2,"afexe_bitgen_pass2_20260920"
"RMUX69@14,6->RMUX86@14,6","RMUX69(+0,+0)->RMUX86","14",2,"afexe_bitgen_pass2_20260920"
"RMUX69@14,6->RMUX87@14,6","RMUX69(+0,+0)->RMUX87","14",2,"afexe_bitgen_pass2_20260920"
"RMUX73@14,6->RMUX1@14,9","RMUX73(+0,-3)->RMUX1","14",2,"afexe_bitgen_pass2_20260920"
"RMUX80@14,6->RMUX26@14,6","RMUX80(+0,+0)->RMUX26","14",2,"afexe_bitgen_pass2_20260920"
"RMUX85@14,6->RMUX65@14,5","RMUX85(+0,+1)->RMUX65","14",2,"afexe_bitgen_pass2_20260920"
"RMUX87@14,6->RMUX68@14,6","RMUX87(+0,+0)->RMUX68","14",2,"afexe_bitgen_pass2_20260920"
"RMUX87@14,6->RMUX59@14,7","RMUX87(+0,-1)->RMUX59","14",2,"afexe_bitgen_pass2_20260920"
"RMUX87@14,6->RMUX63@14,7","RMUX87(+0,-1)->RMUX63","14",2,"afexe_bitgen_pass2_20260920"
"RMUX92@14,6->RMUX74@14,5","RMUX92(+0,+1)->RMUX74","14",2,"afexe_bitgen_pass2_20260920"
"RMUX92@14,6->RMUX80@14,5","RMUX92(+0,+1)->RMUX80","14",2,"afexe_bitgen_pass2_20260920"
"RMUX92@14,6->RMUX81@14,5","RMUX92(+0,+1)->RMUX81","14",2,"afexe_bitgen_pass2_20260920"
"RMUX93@14,6->RMUX87@15,6","RMUX93(-1,+0)->RMUX87","15",2,"afexe_bitgen_pass2_20260920"
"RMUX3@14,7->RMUX21@14,7","RMUX3(+0,+0)->RMUX21","14",2,"afexe_bitgen_pass2_20260920"
"RMUX3@14,7->RMUX14@15,7","RMUX3(-1,+0)->RMUX14","15",2,"afexe_bitgen_pass2_20260920"
"RMUX7@14,7->RMUX24@14,8","RMUX7(+0,-1)->RMUX24","14",2,"afexe_bitgen_pass2_20260920"
"RMUX7@14,7->RMUX46@14,8","RMUX7(+0,-1)->RMUX46","14",2,"afexe_bitgen_pass2_20260920"
"RMUX7@14,7->RMUX31@14,10","RMUX7(+0,-3)->RMUX31","14",2,"afexe_bitgen_pass2_20260920"
"RMUX9@14,7->RMUX38@14,4","RMUX9(+0,+3)->RMUX38","14",2,"afexe_bitgen_pass2_20260920"
"RMUX9@14,7->RMUX38@14,5","RMUX9(+0,+2)->RMUX38","14",2,"afexe_bitgen_pass2_20260920"
"RMUX9@14,7->RMUX44@14,6","RMUX9(+0,+1)->RMUX44","14",2,"afexe_bitgen_pass2_20260920"
"RMUX15@14,7->RMUX69@14,7","RMUX15(+0,+0)->RMUX69","14",2,"afexe_bitgen_pass2_20260920"
"RMUX19@14,7->RMUX72@14,6","RMUX19(+0,+1)->RMUX72","14",2,"afexe_bitgen_pass2_20260920"
"RMUX21@14,7->RMUX86@14,7","RMUX21(+0,+0)->RMUX86","14",2,"afexe_bitgen_pass2_20260920"
"RMUX21@14,7->RMUX92@14,7","RMUX21(+0,+0)->RMUX92","14",2,"afexe_bitgen_pass2_20260920"
"RMUX21@14,7->RMUX92@14,8","RMUX21(+0,-1)->RMUX92","14",2,"afexe_bitgen_pass2_20260920"
"RMUX25@14,7->RMUX0@14,6","RMUX25(+0,+1)->RMUX0","14",2,"afexe_bitgen_pass2_20260920"
"RMUX27@14,7->RMUX20@14,8","RMUX27(+0,-1)->RMUX20","14",2,"afexe_bitgen_pass2_20260920"
"RMUX27@14,7->RMUX20@14,10","RMUX27(+0,-3)->RMUX20","14",2,"afexe_bitgen_pass2_20260920"
"RMUX32@14,7->RMUX27@14,6","RMUX32(+0,+1)->RMUX27","14",2,"afexe_bitgen_pass2_20260920"
"RMUX33@14,7->RMUX39@15,7","RMUX33(-1,+0)->RMUX39","15",2,"afexe_bitgen_pass2_20260920"
"RMUX37@14,7->RMUX49@14,8","RMUX37(+0,-1)->RMUX49","14",2,"afexe_bitgen_pass2_20260920"
"RMUX44@14,7->RMUX74@14,9","RMUX44(+0,-2)->RMUX74","14",2,"afexe_bitgen_pass2_20260920"
"RMUX50@14,7->RMUX2@14,7","RMUX50(+0,+0)->RMUX2","14",2,"afexe_bitgen_pass2_20260920"
"RMUX50@14,7->RMUX8@14,8","RMUX50(+0,-1)->RMUX8","14",2,"afexe_bitgen_pass2_20260920"
"RMUX50@14,7->RMUX13@14,8","RMUX50(+0,-1)->RMUX13","14",2,"afexe_bitgen_pass2_20260920"
"RMUX62@14,7->RMUX67@14,6","RMUX62(+0,+1)->RMUX67","14",2,"afexe_bitgen_pass2_20260920"
"RMUX69@14,7->RMUX83@14,6","RMUX69(+0,+1)->RMUX83","14",2,"afexe_bitgen_pass2_20260920"
"RMUX69@14,7->RMUX86@14,7","RMUX69(+0,+0)->RMUX86","14",2,"afexe_bitgen_pass2_20260920"
"RMUX69@14,7->RMUX87@14,7","RMUX69(+0,+0)->RMUX87","14",2,"afexe_bitgen_pass2_20260920"
"RMUX73@14,7->RMUX1@14,10","RMUX73(+0,-3)->RMUX1","14",2,"afexe_bitgen_pass2_20260920"
"RMUX80@14,7->RMUX26@14,7","RMUX80(+0,+0)->RMUX26","14",2,"afexe_bitgen_pass2_20260920"
"RMUX85@14,7->RMUX65@14,6","RMUX85(+0,+1)->RMUX65","14",2,"afexe_bitgen_pass2_20260920"
"RMUX86@14,7->RMUX57@14,7","RMUX86(+0,+0)->RMUX57","14",2,"afexe_bitgen_pass2_20260920"
"RMUX87@14,7->RMUX68@14,7","RMUX87(+0,+0)->RMUX68","14",2,"afexe_bitgen_pass2_20260920"
"RMUX87@14,7->RMUX59@14,8","RMUX87(+0,-1)->RMUX59","14",2,"afexe_bitgen_pass2_20260920"
"RMUX87@14,7->RMUX63@14,8","RMUX87(+0,-1)->RMUX63","14",2,"afexe_bitgen_pass2_20260920"
"RMUX92@14,7->RMUX74@14,6","RMUX92(+0,+1)->RMUX74","14",2,"afexe_bitgen_pass2_20260920"
"RMUX92@14,7->RMUX80@14,6","RMUX92(+0,+1)->RMUX80","14",2,"afexe_bitgen_pass2_20260920"
"RMUX92@14,7->RMUX81@14,6","RMUX92(+0,+1)->RMUX81","14",2,"afexe_bitgen_pass2_20260920"
"RMUX93@14,7->RMUX87@15,7","RMUX93(-1,+0)->RMUX87","15",2,"afexe_bitgen_pass2_20260920"
"RMUX3@14,8->RMUX14@15,8","RMUX3(-1,+0)->RMUX14","15",2,"afexe_bitgen_pass2_20260920"
"RMUX7@14,8->RMUX24@14,9","RMUX7(+0,-1)->RMUX24","14",2,"afexe_bitgen_pass2_20260920"
"RMUX7@14,8->RMUX46@14,9","RMUX7(+0,-1)->RMUX46","14",2,"afexe_bitgen_pass2_20260920"
"RMUX7@14,8->RMUX31@14,11","RMUX7(+0,-3)->RMUX31","14",2,"afexe_bitgen_pass2_20260920"
"RMUX9@14,8->RMUX38@14,5","RMUX9(+0,+3)->RMUX38","14",2,"afexe_bitgen_pass2_20260920"
"RMUX9@14,8->RMUX38@14,6","RMUX9(+0,+2)->RMUX38","14",2,"afexe_bitgen_pass2_20260920"
"RMUX9@14,8->RMUX44@14,7","RMUX9(+0,+1)->RMUX44","14",2,"afexe_bitgen_pass2_20260920"
"RMUX15@14,8->RMUX69@14,8","RMUX15(+0,+0)->RMUX69","14",2,"afexe_bitgen_pass2_20260920"
"RMUX19@14,8->RMUX72@14,7","RMUX19(+0,+1)->RMUX72","14",2,"afexe_bitgen_pass2_20260920"
"RMUX21@14,8->RMUX86@14,8","RMUX21(+0,+0)->RMUX86","14",2,"afexe_bitgen_pass2_20260920"
"RMUX21@14,8->RMUX92@14,8","RMUX21(+0,+0)->RMUX92","14",2,"afexe_bitgen_pass2_20260920"
"RMUX21@14,8->RMUX92@14,9","RMUX21(+0,-1)->RMUX92","14",2,"afexe_bitgen_pass2_20260920"
"RMUX25@14,8->RMUX0@14,7","RMUX25(+0,+1)->RMUX0","14",2,"afexe_bitgen_pass2_20260920"
"RMUX27@14,8->RMUX20@14,9","RMUX27(+0,-1)->RMUX20","14",2,"afexe_bitgen_pass2_20260920"
"RMUX27@14,8->RMUX20@14,11","RMUX27(+0,-3)->RMUX20","14",2,"afexe_bitgen_pass2_20260920"
"RMUX32@14,8->RMUX27@14,7","RMUX32(+0,+1)->RMUX27","14",2,"afexe_bitgen_pass2_20260920"
"RMUX33@14,8->RMUX39@15,8","RMUX33(-1,+0)->RMUX39","15",2,"afexe_bitgen_pass2_20260920"
"RMUX37@14,8->RMUX49@14,9","RMUX37(+0,-1)->RMUX49","14",2,"afexe_bitgen_pass2_20260920"
"RMUX44@14,8->RMUX74@14,10","RMUX44(+0,-2)->RMUX74","14",2,"afexe_bitgen_pass2_20260920"
"RMUX50@14,8->RMUX2@14,8","RMUX50(+0,+0)->RMUX2","14",2,"afexe_bitgen_pass2_20260920"
"RMUX50@14,8->RMUX8@14,9","RMUX50(+0,-1)->RMUX8","14",2,"afexe_bitgen_pass2_20260920"
"RMUX50@14,8->RMUX13@14,9","RMUX50(+0,-1)->RMUX13","14",2,"afexe_bitgen_pass2_20260920"
"RMUX62@14,8->RMUX67@14,7","RMUX62(+0,+1)->RMUX67","14",2,"afexe_bitgen_pass2_20260920"
"RMUX69@14,8->RMUX83@14,7","RMUX69(+0,+1)->RMUX83","14",2,"afexe_bitgen_pass2_20260920"
"RMUX69@14,8->RMUX86@14,8","RMUX69(+0,+0)->RMUX86","14",2,"afexe_bitgen_pass2_20260920"
"RMUX69@14,8->RMUX87@14,8","RMUX69(+0,+0)->RMUX87","14",2,"afexe_bitgen_pass2_20260920"
"RMUX73@14,8->RMUX1@14,11","RMUX73(+0,-3)->RMUX1","14",2,"afexe_bitgen_pass2_20260920"
"RMUX80@14,8->RMUX26@14,8","RMUX80(+0,+0)->RMUX26","14",2,"afexe_bitgen_pass2_20260920"
"RMUX85@14,8->RMUX65@14,7","RMUX85(+0,+1)->RMUX65","14",2,"afexe_bitgen_pass2_20260920"
"RMUX86@14,8->RMUX57@14,8","RMUX86(+0,+0)->RMUX57","14",2,"afexe_bitgen_pass2_20260920"
"RMUX87@14,8->RMUX68@14,8","RMUX87(+0,+0)->RMUX68","14",2,"afexe_bitgen_pass2_20260920"
"RMUX87@14,8->RMUX59@14,9","RMUX87(+0,-1)->RMUX59","14",2,"afexe_bitgen_pass2_20260920"
"RMUX87@14,8->RMUX63@14,9","RMUX87(+0,-1)->RMUX63","14",2,"afexe_bitgen_pass2_20260920"
"RMUX92@14,8->RMUX74@14,7","RMUX92(+0,+1)->RMUX74","14",2,"afexe_bitgen_pass2_20260920"
"RMUX92@14,8->RMUX80@14,7","RMUX92(+0,+1)->RMUX80","14",2,"afexe_bitgen_pass2_20260920"
"RMUX92@14,8->RMUX81@14,7","RMUX92(+0,+1)->RMUX81","14",2,"afexe_bitgen_pass2_20260920"
"RMUX93@14,8->RMUX87@15,8","RMUX93(-1,+0)->RMUX87","15",2,"afexe_bitgen_pass2_20260920"
"RMUX3@14,9->RMUX14@15,9","RMUX3(-1,+0)->RMUX14","15",2,"afexe_bitgen_pass2_20260920"
"RMUX7@14,9->RMUX24@14,10","RMUX7(+0,-1)->RMUX24","14",2,"afexe_bitgen_pass2_20260920"
"RMUX7@14,9->RMUX46@14,10","RMUX7(+0,-1)->RMUX46","14",2,"afexe_bitgen_pass2_20260920"
"RMUX7@14,9->RMUX31@14,12","RMUX7(+0,-3)->RMUX31","14",2,"afexe_bitgen_pass2_20260920"
"RMUX9@14,9->RMUX38@14,6","RMUX9(+0,+3)->RMUX38","14",2,"afexe_bitgen_pass2_20260920"
"RMUX9@14,9->RMUX38@14,7","RMUX9(+0,+2)->RMUX38","14",2,"afexe_bitgen_pass2_20260920"
"RMUX9@14,9->RMUX44@14,8","RMUX9(+0,+1)->RMUX44","14",2,"afexe_bitgen_pass2_20260920"
"RMUX15@14,9->RMUX69@14,9","RMUX15(+0,+0)->RMUX69","14",2,"afexe_bitgen_pass2_20260920"
"RMUX19@14,9->RMUX72@14,8","RMUX19(+0,+1)->RMUX72","14",2,"afexe_bitgen_pass2_20260920"
"RMUX21@14,9->RMUX86@14,9","RMUX21(+0,+0)->RMUX86","14",2,"afexe_bitgen_pass2_20260920"
"RMUX21@14,9->RMUX92@14,9","RMUX21(+0,+0)->RMUX92","14",2,"afexe_bitgen_pass2_20260920"
"RMUX21@14,9->RMUX92@14,10","RMUX21(+0,-1)->RMUX92","14",2,"afexe_bitgen_pass2_20260920"
"RMUX25@14,9->RMUX0@14,8","RMUX25(+0,+1)->RMUX0","14",2,"afexe_bitgen_pass2_20260920"
"RMUX27@14,9->RMUX20@14,10","RMUX27(+0,-1)->RMUX20","14",2,"afexe_bitgen_pass2_20260920"
"RMUX27@14,9->RMUX20@14,12","RMUX27(+0,-3)->RMUX20","14",2,"afexe_bitgen_pass2_20260920"
"RMUX32@14,9->RMUX27@14,8","RMUX32(+0,+1)->RMUX27","14",2,"afexe_bitgen_pass2_20260920"
"RMUX33@14,9->RMUX39@15,9","RMUX33(-1,+0)->RMUX39","15",2,"afexe_bitgen_pass2_20260920"
"RMUX37@14,9->RMUX49@14,10","RMUX37(+0,-1)->RMUX49","14",2,"afexe_bitgen_pass2_20260920"
"RMUX44@14,9->RMUX74@14,11","RMUX44(+0,-2)->RMUX74","14",2,"afexe_bitgen_pass2_20260920"
"RMUX50@14,9->RMUX2@14,9","RMUX50(+0,+0)->RMUX2","14",2,"afexe_bitgen_pass2_20260920"
"RMUX50@14,9->RMUX8@14,10","RMUX50(+0,-1)->RMUX8","14",2,"afexe_bitgen_pass2_20260920"
"RMUX50@14,9->RMUX13@14,10","RMUX50(+0,-1)->RMUX13","14",2,"afexe_bitgen_pass2_20260920"
"RMUX62@14,9->RMUX67@14,8","RMUX62(+0,+1)->RMUX67","14",2,"afexe_bitgen_pass2_20260920"
"RMUX69@14,9->RMUX83@14,8","RMUX69(+0,+1)->RMUX83","14",2,"afexe_bitgen_pass2_20260920"
"RMUX69@14,9->RMUX86@14,9","RMUX69(+0,+0)->RMUX86","14",2,"afexe_bitgen_pass2_20260920"
"RMUX69@14,9->RMUX87@14,9","RMUX69(+0,+0)->RMUX87","14",2,"afexe_bitgen_pass2_20260920"
"RMUX73@14,9->RMUX1@14,12","RMUX73(+0,-3)->RMUX1","14",2,"afexe_bitgen_pass2_20260920"
"RMUX80@14,9->RMUX26@14,9","RMUX80(+0,+0)->RMUX26","14",2,"afexe_bitgen_pass2_20260920"
"RMUX85@14,9->RMUX65@14,8","RMUX85(+0,+1)->RMUX65","14",2,"afexe_bitgen_pass2_20260920"
"RMUX87@14,9->RMUX68@14,9","RMUX87(+0,+0)->RMUX68","14",2,"afexe_bitgen_pass2_20260920"
"RMUX87@14,9->RMUX59@14,10","RMUX87(+0,-1)->RMUX59","14",2,"afexe_bitgen_pass2_20260920"
"RMUX87@14,9->RMUX63@14,10","RMUX87(+0,-1)->RMUX63","14",2,"afexe_bitgen_pass2_20260920"
"RMUX92@14,9->RMUX74@14,8","RMUX92(+0,+1)->RMUX74","14",2,"afexe_bitgen_pass2_20260920"
"RMUX92@14,9->RMUX80@14,8","RMUX92(+0,+1)->RMUX80","14",2,"afexe_bitgen_pass2_20260920"
"RMUX92@14,9->RMUX81@14,8","RMUX92(+0,+1)->RMUX81","14",2,"afexe_bitgen_pass2_20260920"
"RMUX93@14,9->RMUX87@15,9","RMUX93(-1,+0)->RMUX87","15",2,"afexe_bitgen_pass2_20260920"
"RMUX3@14,10->RMUX14@15,10","RMUX3(-1,+0)->RMUX14","15",2,"afexe_bitgen_pass2_20260920"
"RMUX7@14,10->RMUX24@14,11","RMUX7(+0,-1)->RMUX24","14",2,"afexe_bitgen_pass2_20260920"
"RMUX7@14,10->RMUX46@14,11","RMUX7(+0,-1)->RMUX46","14",2,"afexe_bitgen_pass2_20260920"
"RMUX9@14,10->RMUX38@14,7","RMUX9(+0,+3)->RMUX38","14",2,"afexe_bitgen_pass2_20260920"
"RMUX9@14,10->RMUX38@14,8","RMUX9(+0,+2)->RMUX38","14",2,"afexe_bitgen_pass2_20260920"
"RMUX9@14,10->RMUX44@14,9","RMUX9(+0,+1)->RMUX44","14",2,"afexe_bitgen_pass2_20260920"
"RMUX9@14,10->RMUX38@14,10","RMUX9(+0,+0)->RMUX38","14",2,"afexe_bitgen_pass2_20260920"
"RMUX15@14,10->RMUX69@14,10","RMUX15(+0,+0)->RMUX69","14",2,"afexe_bitgen_pass2_20260920"
"RMUX19@14,10->RMUX72@14,9","RMUX19(+0,+1)->RMUX72","14",2,"afexe_bitgen_pass2_20260920"
"RMUX21@14,10->RMUX86@14,10","RMUX21(+0,+0)->RMUX86","14",2,"afexe_bitgen_pass2_20260920"
"RMUX21@14,10->RMUX92@14,10","RMUX21(+0,+0)->RMUX92","14",2,"afexe_bitgen_pass2_20260920"
"RMUX21@14,10->RMUX92@14,11","RMUX21(+0,-1)->RMUX92","14",2,"afexe_bitgen_pass2_20260920"
"RMUX25@14,10->RMUX0@14,9","RMUX25(+0,+1)->RMUX0","14",2,"afexe_bitgen_pass2_20260920"
"RMUX27@14,10->RMUX20@14,11","RMUX27(+0,-1)->RMUX20","14",2,"afexe_bitgen_pass2_20260920"
"RMUX32@14,10->RMUX27@14,9","RMUX32(+0,+1)->RMUX27","14",2,"afexe_bitgen_pass2_20260920"
"RMUX33@14,10->RMUX39@15,10","RMUX33(-1,+0)->RMUX39","15",2,"afexe_bitgen_pass2_20260920"
"RMUX37@14,10->RMUX49@14,11","RMUX37(+0,-1)->RMUX49","14",2,"afexe_bitgen_pass2_20260920"
"RMUX44@14,10->RMUX74@14,12","RMUX44(+0,-2)->RMUX74","14",2,"afexe_bitgen_pass2_20260920"
"RMUX50@14,10->RMUX2@14,10","RMUX50(+0,+0)->RMUX2","14",2,"afexe_bitgen_pass2_20260920"
"RMUX50@14,10->RMUX8@14,11","RMUX50(+0,-1)->RMUX8","14",2,"afexe_bitgen_pass2_20260920"
"RMUX50@14,10->RMUX13@14,11","RMUX50(+0,-1)->RMUX13","14",2,"afexe_bitgen_pass2_20260920"
"RMUX62@14,10->RMUX67@14,9","RMUX62(+0,+1)->RMUX67","14",2,"afexe_bitgen_pass2_20260920"
"RMUX69@14,10->RMUX83@14,9","RMUX69(+0,+1)->RMUX83","14",2,"afexe_bitgen_pass2_20260920"
"RMUX69@14,10->RMUX86@14,10","RMUX69(+0,+0)->RMUX86","14",2,"afexe_bitgen_pass2_20260920"
"RMUX69@14,10->RMUX87@14,10","RMUX69(+0,+0)->RMUX87","14",2,"afexe_bitgen_pass2_20260920"
"RMUX80@14,10->RMUX26@14,10","RMUX80(+0,+0)->RMUX26","14",2,"afexe_bitgen_pass2_20260920"
"RMUX85@14,10->RMUX65@14,9","RMUX85(+0,+1)->RMUX65","14",2,"afexe_bitgen_pass2_20260920"
"RMUX86@14,10->RMUX57@14,10","RMUX86(+0,+0)->RMUX57","14",2,"afexe_bitgen_pass2_20260920"
"RMUX87@14,10->RMUX68@14,10","RMUX87(+0,+0)->RMUX68","14",2,"afexe_bitgen_pass2_20260920"
"RMUX87@14,10->RMUX59@14,11","RMUX87(+0,-1)->RMUX59","14",2,"afexe_bitgen_pass2_20260920"
"RMUX87@14,10->RMUX63@14,11","RMUX87(+0,-1)->RMUX63","14",2,"afexe_bitgen_pass2_20260920"
"RMUX92@14,10->RMUX74@14,9","RMUX92(+0,+1)->RMUX74","14",2,"afexe_bitgen_pass2_20260920"
"RMUX92@14,10->RMUX80@14,9","RMUX92(+0,+1)->RMUX80","14",2,"afexe_bitgen_pass2_20260920"
"RMUX92@14,10->RMUX81@14,9","RMUX92(+0,+1)->RMUX81","14",2,"afexe_bitgen_pass2_20260920"
"RMUX93@14,10->RMUX87@15,10","RMUX93(-1,+0)->RMUX87","15",2,"afexe_bitgen_pass2_20260920"
"RMUX3@14,11->RMUX21@14,11","RMUX3(+0,+0)->RMUX21","14",2,"afexe_bitgen_pass2_20260920"
"RMUX3@14,11->RMUX14@15,11","RMUX3(-1,+0)->RMUX14","15",2,"afexe_bitgen_pass2_20260920"
"RMUX7@14,11->RMUX24@14,12","RMUX7(+0,-1)->RMUX24","14",2,"afexe_bitgen_pass2_20260920"
"RMUX7@14,11->RMUX46@14,12","RMUX7(+0,-1)->RMUX46","14",2,"afexe_bitgen_pass2_20260920"
"RMUX9@14,11->RMUX38@14,8","RMUX9(+0,+3)->RMUX38","14",2,"afexe_bitgen_pass2_20260920"
"RMUX9@14,11->RMUX38@14,9","RMUX9(+0,+2)->RMUX38","14",2,"afexe_bitgen_pass2_20260920"
"RMUX15@14,11->RMUX69@14,11","RMUX15(+0,+0)->RMUX69","14",2,"afexe_bitgen_pass2_20260920"
"RMUX21@14,11->RMUX86@14,11","RMUX21(+0,+0)->RMUX86","14",2,"afexe_bitgen_pass2_20260920"
"RMUX21@14,11->RMUX92@14,11","RMUX21(+0,+0)->RMUX92","14",2,"afexe_bitgen_pass2_20260920"
"RMUX21@14,11->RMUX92@14,12","RMUX21(+0,-1)->RMUX92","14",2,"afexe_bitgen_pass2_20260920"
"RMUX27@14,11->RMUX20@14,12","RMUX27(+0,-1)->RMUX20","14",2,"afexe_bitgen_pass2_20260920"
"RMUX33@14,11->RMUX39@15,11","RMUX33(-1,+0)->RMUX39","15",2,"afexe_bitgen_pass2_20260920"
"RMUX37@14,11->RMUX49@14,12","RMUX37(+0,-1)->RMUX49","14",2,"afexe_bitgen_pass2_20260920"
"RMUX49@14,11->RMUX7@14,11","RMUX49(+0,+0)->RMUX7","14",2,"afexe_bitgen_pass2_20260920"
"RMUX50@14,11->RMUX2@14,11","RMUX50(+0,+0)->RMUX2","14",2,"afexe_bitgen_pass2_20260920"
"RMUX50@14,11->RMUX8@14,12","RMUX50(+0,-1)->RMUX8","14",2,"afexe_bitgen_pass2_20260920"
"RMUX50@14,11->RMUX13@14,12","RMUX50(+0,-1)->RMUX13","14",2,"afexe_bitgen_pass2_20260920"
"RMUX80@14,11->RMUX26@14,11","RMUX80(+0,+0)->RMUX26","14",2,"afexe_bitgen_pass2_20260920"
"RMUX86@14,11->RMUX57@14,11","RMUX86(+0,+0)->RMUX57","14",2,"afexe_bitgen_pass2_20260920"
"RMUX87@14,11->RMUX68@14,11","RMUX87(+0,+0)->RMUX68","14",2,"afexe_bitgen_pass2_20260920"
"RMUX87@14,11->RMUX59@14,12","RMUX87(+0,-1)->RMUX59","14",2,"afexe_bitgen_pass2_20260920"
"RMUX87@14,11->RMUX63@14,12","RMUX87(+0,-1)->RMUX63","14",2,"afexe_bitgen_pass2_20260920"
"RMUX93@14,11->RMUX87@15,11","RMUX93(-1,+0)->RMUX87","15",2,"afexe_bitgen_pass2_20260920"
"RMUX3@14,12->RMUX21@14,12","RMUX3(+0,+0)->RMUX21","14",2,"afexe_bitgen_pass2_20260920"
"RMUX3@14,12->RMUX14@15,12","RMUX3(-1,+0)->RMUX14","15",2,"afexe_bitgen_pass2_20260920"
"RMUX9@14,12->RMUX38@14,9","RMUX9(+0,+3)->RMUX38","14",2,"afexe_bitgen_pass2_20260920"
"RMUX9@14,12->RMUX38@14,10","RMUX9(+0,+2)->RMUX38","14",2,"afexe_bitgen_pass2_20260920"
"RMUX9@14,12->RMUX38@14,11","RMUX9(+0,+1)->RMUX38","14",2,"afexe_bitgen_pass2_20260920"
"RMUX9@14,12->RMUX44@14,11","RMUX9(+0,+1)->RMUX44","14",2,"afexe_bitgen_pass2_20260920"
"RMUX9@14,12->RMUX38@14,12","RMUX9(+0,+0)->RMUX38","14",2,"afexe_bitgen_pass2_20260920"
"RMUX15@14,12->RMUX69@14,12","RMUX15(+0,+0)->RMUX69","14",2,"afexe_bitgen_pass2_20260920"
"RMUX21@14,12->RMUX86@14,12","RMUX21(+0,+0)->RMUX86","14",2,"afexe_bitgen_pass2_20260920"
"RMUX21@14,12->RMUX92@14,12","RMUX21(+0,+0)->RMUX92","14",2,"afexe_bitgen_pass2_20260920"
"RMUX32@14,12->RMUX27@14,11","RMUX32(+0,+1)->RMUX27","14",2,"afexe_bitgen_pass2_20260920"
"RMUX33@14,12->RMUX39@15,12","RMUX33(-1,+0)->RMUX39","15",2,"afexe_bitgen_pass2_20260920"
"RMUX49@14,12->RMUX7@14,12","RMUX49(+0,+0)->RMUX7","14",2,"afexe_bitgen_pass2_20260920"
"RMUX50@14,12->RMUX2@14,12","RMUX50(+0,+0)->RMUX2","14",2,"afexe_bitgen_pass2_20260920"
"RMUX80@14,12->RMUX26@14,12","RMUX80(+0,+0)->RMUX26","14",2,"afexe_bitgen_pass2_20260920"
"RMUX86@14,12->RMUX57@14,12","RMUX86(+0,+0)->RMUX57","14",2,"afexe_bitgen_pass2_20260920"
"RMUX87@14,12->RMUX68@14,12","RMUX87(+0,+0)->RMUX68","14",2,"afexe_bitgen_pass2_20260920"
"RMUX93@14,12->RMUX87@15,12","RMUX93(-1,+0)->RMUX87","15",2,"afexe_bitgen_pass2_20260920"
"RMUX3@15,1->RMUX14@16,1","RMUX3(-1,+0)->RMUX14","16",2,"afexe_bitgen_pass2_20260920"
"RMUX15@15,1->RMUX69@15,1","RMUX15(+0,+0)->RMUX69","15",2,"afexe_bitgen_pass2_20260920"
"RMUX21@15,1->RMUX86@15,1","RMUX21(+0,+0)->RMUX86","15",2,"afexe_bitgen_pass2_20260920"
"RMUX21@15,1->RMUX92@15,1","RMUX21(+0,+0)->RMUX92","15",2,"afexe_bitgen_pass2_20260920"
"RMUX21@15,1->RMUX92@15,2","RMUX21(+0,-1)->RMUX92","15",2,"afexe_bitgen_pass2_20260920"
"RMUX27@15,1->RMUX20@15,2","RMUX27(+0,-1)->RMUX20","15",2,"afexe_bitgen_pass2_20260920"
"RMUX27@15,1->RMUX20@15,4","RMUX27(+0,-3)->RMUX20","15",2,"afexe_bitgen_pass2_20260920"
"RMUX31@15,1->RMUX25@14,1","RMUX31(+1,+0)->RMUX25","14",2,"afexe_bitgen_pass2_20260920"
"RMUX44@15,1->RMUX74@15,3","RMUX44(+0,-2)->RMUX74","15",2,"afexe_bitgen_pass2_20260920"
"RMUX49@15,1->RMUX7@15,1","RMUX49(+0,+0)->RMUX7","15",2,"afexe_bitgen_pass2_20260920"
"RMUX50@15,1->RMUX2@15,1","RMUX50(+0,+0)->RMUX2","15",2,"afexe_bitgen_pass2_20260920"
"RMUX50@15,1->RMUX8@15,2","RMUX50(+0,-1)->RMUX8","15",2,"afexe_bitgen_pass2_20260920"
"RMUX50@15,1->RMUX13@15,2","RMUX50(+0,-1)->RMUX13","15",2,"afexe_bitgen_pass2_20260920"
"RMUX61@15,1->RMUX54@14,1","RMUX61(+1,+0)->RMUX54","14",2,"afexe_bitgen_pass2_20260920"
"RMUX69@15,1->RMUX86@15,1","RMUX69(+0,+0)->RMUX86","15",2,"afexe_bitgen_pass2_20260920"
"RMUX69@15,1->RMUX87@15,1","RMUX69(+0,+0)->RMUX87","15",2,"afexe_bitgen_pass2_20260920"
"RMUX80@15,1->RMUX26@15,1","RMUX80(+0,+0)->RMUX26","15",2,"afexe_bitgen_pass2_20260920"
"RMUX86@15,1->RMUX57@15,1","RMUX86(+0,+0)->RMUX57","15",2,"afexe_bitgen_pass2_20260920"
"RMUX87@15,1->RMUX68@15,1","RMUX87(+0,+0)->RMUX68","15",2,"afexe_bitgen_pass2_20260920"
"RMUX87@15,1->RMUX59@15,2","RMUX87(+0,-1)->RMUX59","15",2,"afexe_bitgen_pass2_20260920"
"RMUX87@15,1->RMUX63@15,2","RMUX87(+0,-1)->RMUX63","15",2,"afexe_bitgen_pass2_20260920"
"RMUX93@15,1->RMUX87@16,1","RMUX93(-1,+0)->RMUX87","16",2,"afexe_bitgen_pass2_20260920"
"RMUX3@15,2->RMUX14@16,2","RMUX3(-1,+0)->RMUX14","16",2,"afexe_bitgen_pass2_20260920"
"RMUX7@15,2->RMUX31@15,5","RMUX7(+0,-3)->RMUX31","15",2,"afexe_bitgen_pass2_20260920"
"RMUX9@15,2->RMUX44@15,1","RMUX9(+0,+1)->RMUX44","15",2,"afexe_bitgen_pass2_20260920"
"RMUX15@15,2->RMUX69@15,2","RMUX15(+0,+0)->RMUX69","15",2,"afexe_bitgen_pass2_20260920"
"RMUX19@15,2->RMUX72@15,1","RMUX19(+0,+1)->RMUX72","15",2,"afexe_bitgen_pass2_20260920"
"RMUX25@15,2->RMUX0@15,1","RMUX25(+0,+1)->RMUX0","15",2,"afexe_bitgen_pass2_20260920"
"RMUX27@15,2->RMUX20@15,5","RMUX27(+0,-3)->RMUX20","15",2,"afexe_bitgen_pass2_20260920"
"RMUX31@15,2->RMUX25@14,2","RMUX31(+1,+0)->RMUX25","14",2,"afexe_bitgen_pass2_20260920"
"RMUX32@15,2->RMUX27@15,1","RMUX32(+0,+1)->RMUX27","15",2,"afexe_bitgen_pass2_20260920"
"RMUX33@15,2->RMUX39@16,2","RMUX33(-1,+0)->RMUX39","16",2,"afexe_bitgen_pass2_20260920"
"RMUX44@15,2->RMUX74@15,4","RMUX44(+0,-2)->RMUX74","15",2,"afexe_bitgen_pass2_20260920"
"RMUX49@15,2->RMUX7@15,2","RMUX49(+0,+0)->RMUX7","15",2,"afexe_bitgen_pass2_20260920"
"RMUX61@15,2->RMUX54@14,2","RMUX61(+1,+0)->RMUX54","14",2,"afexe_bitgen_pass2_20260920"
"RMUX62@15,2->RMUX67@15,1","RMUX62(+0,+1)->RMUX67","15",2,"afexe_bitgen_pass2_20260920"
"RMUX69@15,2->RMUX83@15,1","RMUX69(+0,+1)->RMUX83","15",2,"afexe_bitgen_pass2_20260920"
"RMUX69@15,2->RMUX86@15,2","RMUX69(+0,+0)->RMUX86","15",2,"afexe_bitgen_pass2_20260920"
"RMUX69@15,2->RMUX87@15,2","RMUX69(+0,+0)->RMUX87","15",2,"afexe_bitgen_pass2_20260920"
"RMUX73@15,2->RMUX1@15,5","RMUX73(+0,-3)->RMUX1","15",2,"afexe_bitgen_pass2_20260920"
"RMUX85@15,2->RMUX65@15,1","RMUX85(+0,+1)->RMUX65","15",2,"afexe_bitgen_pass2_20260920"
"RMUX86@15,2->RMUX57@15,2","RMUX86(+0,+0)->RMUX57","15",2,"afexe_bitgen_pass2_20260920"
"RMUX92@15,2->RMUX74@15,1","RMUX92(+0,+1)->RMUX74","15",2,"afexe_bitgen_pass2_20260920"
"RMUX92@15,2->RMUX80@15,1","RMUX92(+0,+1)->RMUX80","15",2,"afexe_bitgen_pass2_20260920"
"RMUX92@15,2->RMUX81@15,1","RMUX92(+0,+1)->RMUX81","15",2,"afexe_bitgen_pass2_20260920"
"RMUX93@15,2->RMUX87@16,2","RMUX93(-1,+0)->RMUX87","16",2,"afexe_bitgen_pass2_20260920"
"RMUX3@15,3->RMUX14@16,3","RMUX3(-1,+0)->RMUX14","16",2,"afexe_bitgen_pass2_20260920"
"RMUX7@15,3->RMUX24@15,4","RMUX7(+0,-1)->RMUX24","15",2,"afexe_bitgen_pass2_20260920"
"RMUX7@15,3->RMUX46@15,4","RMUX7(+0,-1)->RMUX46","15",2,"afexe_bitgen_pass2_20260920"
"RMUX7@15,3->RMUX31@15,6","RMUX7(+0,-3)->RMUX31","15",2,"afexe_bitgen_pass2_20260920"
"RMUX9@15,3->RMUX38@15,1","RMUX9(+0,+2)->RMUX38","15",2,"afexe_bitgen_pass2_20260920"
"RMUX9@15,3->RMUX44@15,2","RMUX9(+0,+1)->RMUX44","15",2,"afexe_bitgen_pass2_20260920"
"RMUX15@15,3->RMUX69@15,3","RMUX15(+0,+0)->RMUX69","15",2,"afexe_bitgen_pass2_20260920"
"RMUX19@15,3->RMUX72@15,2","RMUX19(+0,+1)->RMUX72","15",2,"afexe_bitgen_pass2_20260920"
"RMUX21@15,3->RMUX86@15,3","RMUX21(+0,+0)->RMUX86","15",2,"afexe_bitgen_pass2_20260920"
"RMUX21@15,3->RMUX92@15,3","RMUX21(+0,+0)->RMUX92","15",2,"afexe_bitgen_pass2_20260920"
"RMUX21@15,3->RMUX92@15,4","RMUX21(+0,-1)->RMUX92","15",2,"afexe_bitgen_pass2_20260920"
"RMUX25@15,3->RMUX0@15,2","RMUX25(+0,+1)->RMUX0","15",2,"afexe_bitgen_pass2_20260920"
"RMUX27@15,3->RMUX20@15,4","RMUX27(+0,-1)->RMUX20","15",2,"afexe_bitgen_pass2_20260920"
"RMUX27@15,3->RMUX20@15,6","RMUX27(+0,-3)->RMUX20","15",2,"afexe_bitgen_pass2_20260920"
"RMUX31@15,3->RMUX25@14,3","RMUX31(+1,+0)->RMUX25","14",2,"afexe_bitgen_pass2_20260920"
"RMUX32@15,3->RMUX27@15,2","RMUX32(+0,+1)->RMUX27","15",2,"afexe_bitgen_pass2_20260920"
"RMUX33@15,3->RMUX39@16,3","RMUX33(-1,+0)->RMUX39","16",2,"afexe_bitgen_pass2_20260920"
"RMUX37@15,3->RMUX49@15,4","RMUX37(+0,-1)->RMUX49","15",2,"afexe_bitgen_pass2_20260920"
"RMUX44@15,3->RMUX74@15,5","RMUX44(+0,-2)->RMUX74","15",2,"afexe_bitgen_pass2_20260920"
"RMUX49@15,3->RMUX7@15,3","RMUX49(+0,+0)->RMUX7","15",2,"afexe_bitgen_pass2_20260920"
"RMUX50@15,3->RMUX2@15,3","RMUX50(+0,+0)->RMUX2","15",2,"afexe_bitgen_pass2_20260920"
"RMUX50@15,3->RMUX8@15,4","RMUX50(+0,-1)->RMUX8","15",2,"afexe_bitgen_pass2_20260920"
"RMUX50@15,3->RMUX13@15,4","RMUX50(+0,-1)->RMUX13","15",2,"afexe_bitgen_pass2_20260920"
"RMUX61@15,3->RMUX54@14,3","RMUX61(+1,+0)->RMUX54","14",2,"afexe_bitgen_pass2_20260920"
"RMUX62@15,3->RMUX67@15,2","RMUX62(+0,+1)->RMUX67","15",2,"afexe_bitgen_pass2_20260920"
"RMUX69@15,3->RMUX83@15,2","RMUX69(+0,+1)->RMUX83","15",2,"afexe_bitgen_pass2_20260920"
"RMUX69@15,3->RMUX86@15,3","RMUX69(+0,+0)->RMUX86","15",2,"afexe_bitgen_pass2_20260920"
"RMUX69@15,3->RMUX87@15,3","RMUX69(+0,+0)->RMUX87","15",2,"afexe_bitgen_pass2_20260920"
"RMUX73@15,3->RMUX1@15,6","RMUX73(+0,-3)->RMUX1","15",2,"afexe_bitgen_pass2_20260920"
"RMUX80@15,3->RMUX26@15,3","RMUX80(+0,+0)->RMUX26","15",2,"afexe_bitgen_pass2_20260920"
"RMUX85@15,3->RMUX65@15,2","RMUX85(+0,+1)->RMUX65","15",2,"afexe_bitgen_pass2_20260920"
"RMUX86@15,3->RMUX57@15,3","RMUX86(+0,+0)->RMUX57","15",2,"afexe_bitgen_pass2_20260920"
"RMUX87@15,3->RMUX68@15,3","RMUX87(+0,+0)->RMUX68","15",2,"afexe_bitgen_pass2_20260920"
"RMUX87@15,3->RMUX59@15,4","RMUX87(+0,-1)->RMUX59","15",2,"afexe_bitgen_pass2_20260920"
"RMUX87@15,3->RMUX63@15,4","RMUX87(+0,-1)->RMUX63","15",2,"afexe_bitgen_pass2_20260920"
"RMUX92@15,3->RMUX74@15,2","RMUX92(+0,+1)->RMUX74","15",2,"afexe_bitgen_pass2_20260920"
"RMUX92@15,3->RMUX80@15,2","RMUX92(+0,+1)->RMUX80","15",2,"afexe_bitgen_pass2_20260920"
"RMUX92@15,3->RMUX81@15,2","RMUX92(+0,+1)->RMUX81","15",2,"afexe_bitgen_pass2_20260920"
"RMUX93@15,3->RMUX87@16,3","RMUX93(-1,+0)->RMUX87","16",2,"afexe_bitgen_pass2_20260920"
"RMUX3@15,4->RMUX14@16,4","RMUX3(-1,+0)->RMUX14","16",2,"afexe_bitgen_pass2_20260920"
"RMUX7@15,4->RMUX24@15,5","RMUX7(+0,-1)->RMUX24","15",2,"afexe_bitgen_pass2_20260920"
"RMUX7@15,4->RMUX46@15,5","RMUX7(+0,-1)->RMUX46","15",2,"afexe_bitgen_pass2_20260920"
"RMUX7@15,4->RMUX31@15,7","RMUX7(+0,-3)->RMUX31","15",2,"afexe_bitgen_pass2_20260920"
"RMUX9@15,4->RMUX38@15,1","RMUX9(+0,+3)->RMUX38","15",2,"afexe_bitgen_pass2_20260920"
"RMUX9@15,4->RMUX38@15,2","RMUX9(+0,+2)->RMUX38","15",2,"afexe_bitgen_pass2_20260920"
"RMUX9@15,4->RMUX44@15,3","RMUX9(+0,+1)->RMUX44","15",2,"afexe_bitgen_pass2_20260920"
"RMUX19@15,4->RMUX72@15,3","RMUX19(+0,+1)->RMUX72","15",2,"afexe_bitgen_pass2_20260920"
"RMUX21@15,4->RMUX86@15,4","RMUX21(+0,+0)->RMUX86","15",2,"afexe_bitgen_pass2_20260920"
"RMUX21@15,4->RMUX92@15,4","RMUX21(+0,+0)->RMUX92","15",2,"afexe_bitgen_pass2_20260920"
"RMUX21@15,4->RMUX92@15,5","RMUX21(+0,-1)->RMUX92","15",2,"afexe_bitgen_pass2_20260920"
"RMUX25@15,4->RMUX0@15,3","RMUX25(+0,+1)->RMUX0","15",2,"afexe_bitgen_pass2_20260920"
"RMUX27@15,4->RMUX20@15,5","RMUX27(+0,-1)->RMUX20","15",2,"afexe_bitgen_pass2_20260920"
"RMUX27@15,4->RMUX20@15,7","RMUX27(+0,-3)->RMUX20","15",2,"afexe_bitgen_pass2_20260920"
"RMUX31@15,4->RMUX25@14,4","RMUX31(+1,+0)->RMUX25","14",2,"afexe_bitgen_pass2_20260920"
"RMUX32@15,4->RMUX27@15,3","RMUX32(+0,+1)->RMUX27","15",2,"afexe_bitgen_pass2_20260920"
"RMUX33@15,4->RMUX39@16,4","RMUX33(-1,+0)->RMUX39","16",2,"afexe_bitgen_pass2_20260920"
"RMUX37@15,4->RMUX49@15,5","RMUX37(+0,-1)->RMUX49","15",2,"afexe_bitgen_pass2_20260920"
"RMUX44@15,4->RMUX74@15,6","RMUX44(+0,-2)->RMUX74","15",2,"afexe_bitgen_pass2_20260920"
"RMUX49@15,4->RMUX7@15,4","RMUX49(+0,+0)->RMUX7","15",2,"afexe_bitgen_pass2_20260920"
"RMUX50@15,4->RMUX2@15,4","RMUX50(+0,+0)->RMUX2","15",2,"afexe_bitgen_pass2_20260920"
"RMUX50@15,4->RMUX8@15,5","RMUX50(+0,-1)->RMUX8","15",2,"afexe_bitgen_pass2_20260920"
"RMUX50@15,4->RMUX13@15,5","RMUX50(+0,-1)->RMUX13","15",2,"afexe_bitgen_pass2_20260920"
"RMUX61@15,4->RMUX54@14,4","RMUX61(+1,+0)->RMUX54","14",2,"afexe_bitgen_pass2_20260920"
"RMUX62@15,4->RMUX67@15,3","RMUX62(+0,+1)->RMUX67","15",2,"afexe_bitgen_pass2_20260920"
"RMUX69@15,4->RMUX83@15,3","RMUX69(+0,+1)->RMUX83","15",2,"afexe_bitgen_pass2_20260920"
"RMUX69@15,4->RMUX86@15,4","RMUX69(+0,+0)->RMUX86","15",2,"afexe_bitgen_pass2_20260920"
"RMUX69@15,4->RMUX87@15,4","RMUX69(+0,+0)->RMUX87","15",2,"afexe_bitgen_pass2_20260920"
"RMUX73@15,4->RMUX1@15,7","RMUX73(+0,-3)->RMUX1","15",2,"afexe_bitgen_pass2_20260920"
"RMUX80@15,4->RMUX26@15,4","RMUX80(+0,+0)->RMUX26","15",2,"afexe_bitgen_pass2_20260920"
"RMUX85@15,4->RMUX65@15,3","RMUX85(+0,+1)->RMUX65","15",2,"afexe_bitgen_pass2_20260920"
"RMUX86@15,4->RMUX57@15,4","RMUX86(+0,+0)->RMUX57","15",2,"afexe_bitgen_pass2_20260920"
"RMUX87@15,4->RMUX68@15,4","RMUX87(+0,+0)->RMUX68","15",2,"afexe_bitgen_pass2_20260920"
"RMUX87@15,4->RMUX59@15,5","RMUX87(+0,-1)->RMUX59","15",2,"afexe_bitgen_pass2_20260920"
"RMUX87@15,4->RMUX63@15,5","RMUX87(+0,-1)->RMUX63","15",2,"afexe_bitgen_pass2_20260920"
"RMUX92@15,4->RMUX74@15,3","RMUX92(+0,+1)->RMUX74","15",2,"afexe_bitgen_pass2_20260920"
"RMUX92@15,4->RMUX80@15,3","RMUX92(+0,+1)->RMUX80","15",2,"afexe_bitgen_pass2_20260920"
"RMUX92@15,4->RMUX81@15,3","RMUX92(+0,+1)->RMUX81","15",2,"afexe_bitgen_pass2_20260920"
"RMUX93@15,4->RMUX87@16,4","RMUX93(-1,+0)->RMUX87","16",2,"afexe_bitgen_pass2_20260920"
"RMUX7@15,5->RMUX24@15,6","RMUX7(+0,-1)->RMUX24","15",2,"afexe_bitgen_pass2_20260920"
"RMUX7@15,5->RMUX46@15,6","RMUX7(+0,-1)->RMUX46","15",2,"afexe_bitgen_pass2_20260920"
"RMUX7@15,5->RMUX31@15,8","RMUX7(+0,-3)->RMUX31","15",2,"afexe_bitgen_pass2_20260920"
"RMUX8@15,5->RMUX27@14,5","RMUX8(+1,+0)->RMUX27","14",2,"afexe_bitgen_pass2_20260920"
"RMUX9@15,5->RMUX38@15,2","RMUX9(+0,+3)->RMUX38","15",2,"afexe_bitgen_pass2_20260920"
"RMUX9@15,5->RMUX38@15,3","RMUX9(+0,+2)->RMUX38","15",2,"afexe_bitgen_pass2_20260920"
"RMUX9@15,5->RMUX44@15,4","RMUX9(+0,+1)->RMUX44","15",2,"afexe_bitgen_pass2_20260920"
"RMUX15@15,5->RMUX69@15,5","RMUX15(+0,+0)->RMUX69","15",2,"afexe_bitgen_pass2_20260920"
"RMUX19@15,5->RMUX72@15,4","RMUX19(+0,+1)->RMUX72","15",2,"afexe_bitgen_pass2_20260920"
"RMUX21@15,5->RMUX86@15,5","RMUX21(+0,+0)->RMUX86","15",2,"afexe_bitgen_pass2_20260920"
"RMUX21@15,5->RMUX92@15,5","RMUX21(+0,+0)->RMUX92","15",2,"afexe_bitgen_pass2_20260920"
"RMUX21@15,5->RMUX92@15,6","RMUX21(+0,-1)->RMUX92","15",2,"afexe_bitgen_pass2_20260920"
"RMUX25@15,5->RMUX0@15,4","RMUX25(+0,+1)->RMUX0","15",2,"afexe_bitgen_pass2_20260920"
"RMUX27@15,5->RMUX20@15,6","RMUX27(+0,-1)->RMUX20","15",2,"afexe_bitgen_pass2_20260920"
"RMUX27@15,5->RMUX20@15,8","RMUX27(+0,-3)->RMUX20","15",2,"afexe_bitgen_pass2_20260920"
"RMUX31@15,5->RMUX25@14,5","RMUX31(+1,+0)->RMUX25","14",2,"afexe_bitgen_pass2_20260920"
"RMUX32@15,5->RMUX27@15,4","RMUX32(+0,+1)->RMUX27","15",2,"afexe_bitgen_pass2_20260920"
"RMUX37@15,5->RMUX49@15,6","RMUX37(+0,-1)->RMUX49","15",2,"afexe_bitgen_pass2_20260920"
"RMUX44@15,5->RMUX74@15,7","RMUX44(+0,-2)->RMUX74","15",2,"afexe_bitgen_pass2_20260920"
"RMUX50@15,5->RMUX2@15,5","RMUX50(+0,+0)->RMUX2","15",2,"afexe_bitgen_pass2_20260920"
"RMUX50@15,5->RMUX8@15,6","RMUX50(+0,-1)->RMUX8","15",2,"afexe_bitgen_pass2_20260920"
"RMUX50@15,5->RMUX13@15,6","RMUX50(+0,-1)->RMUX13","15",2,"afexe_bitgen_pass2_20260920"
"RMUX61@15,5->RMUX54@14,5","RMUX61(+1,+0)->RMUX54","14",2,"afexe_bitgen_pass2_20260920"
"RMUX62@15,5->RMUX67@15,4","RMUX62(+0,+1)->RMUX67","15",2,"afexe_bitgen_pass2_20260920"
"RMUX69@15,5->RMUX83@15,4","RMUX69(+0,+1)->RMUX83","15",2,"afexe_bitgen_pass2_20260920"
"RMUX69@15,5->RMUX86@15,5","RMUX69(+0,+0)->RMUX86","15",2,"afexe_bitgen_pass2_20260920"
"RMUX69@15,5->RMUX87@15,5","RMUX69(+0,+0)->RMUX87","15",2,"afexe_bitgen_pass2_20260920"
"RMUX73@15,5->RMUX1@15,8","RMUX73(+0,-3)->RMUX1","15",2,"afexe_bitgen_pass2_20260920"
"RMUX80@15,5->RMUX26@15,5","RMUX80(+0,+0)->RMUX26","15",2,"afexe_bitgen_pass2_20260920"
"RMUX85@15,5->RMUX65@15,4","RMUX85(+0,+1)->RMUX65","15",2,"afexe_bitgen_pass2_20260920"
"RMUX87@15,5->RMUX68@15,5","RMUX87(+0,+0)->RMUX68","15",2,"afexe_bitgen_pass2_20260920"
"RMUX87@15,5->RMUX59@15,6","RMUX87(+0,-1)->RMUX59","15",2,"afexe_bitgen_pass2_20260920"
"RMUX87@15,5->RMUX63@15,6","RMUX87(+0,-1)->RMUX63","15",2,"afexe_bitgen_pass2_20260920"
"RMUX92@15,5->RMUX74@15,4","RMUX92(+0,+1)->RMUX74","15",2,"afexe_bitgen_pass2_20260920"
"RMUX92@15,5->RMUX80@15,4","RMUX92(+0,+1)->RMUX80","15",2,"afexe_bitgen_pass2_20260920"
"RMUX92@15,5->RMUX81@15,4","RMUX92(+0,+1)->RMUX81","15",2,"afexe_bitgen_pass2_20260920"
"RMUX7@15,6->RMUX24@15,7","RMUX7(+0,-1)->RMUX24","15",2,"afexe_bitgen_pass2_20260920"
"RMUX7@15,6->RMUX46@15,7","RMUX7(+0,-1)->RMUX46","15",2,"afexe_bitgen_pass2_20260920"
"RMUX7@15,6->RMUX31@15,9","RMUX7(+0,-3)->RMUX31","15",2,"afexe_bitgen_pass2_20260920"
"RMUX8@15,6->RMUX37@14,6","RMUX8(+1,+0)->RMUX37","14",2,"afexe_bitgen_pass2_20260920"
"RMUX9@15,6->RMUX38@15,3","RMUX9(+0,+3)->RMUX38","15",2,"afexe_bitgen_pass2_20260920"
"RMUX9@15,6->RMUX38@15,4","RMUX9(+0,+2)->RMUX38","15",2,"afexe_bitgen_pass2_20260920"
"RMUX9@15,6->RMUX44@15,5","RMUX9(+0,+1)->RMUX44","15",2,"afexe_bitgen_pass2_20260920"
"RMUX15@15,6->RMUX69@15,6","RMUX15(+0,+0)->RMUX69","15",2,"afexe_bitgen_pass2_20260920"
"RMUX19@15,6->RMUX72@15,5","RMUX19(+0,+1)->RMUX72","15",2,"afexe_bitgen_pass2_20260920"
"RMUX21@15,6->RMUX86@15,6","RMUX21(+0,+0)->RMUX86","15",2,"afexe_bitgen_pass2_20260920"
"RMUX21@15,6->RMUX92@15,6","RMUX21(+0,+0)->RMUX92","15",2,"afexe_bitgen_pass2_20260920"
"RMUX21@15,6->RMUX92@15,7","RMUX21(+0,-1)->RMUX92","15",2,"afexe_bitgen_pass2_20260920"
"RMUX25@15,6->RMUX0@15,5","RMUX25(+0,+1)->RMUX0","15",2,"afexe_bitgen_pass2_20260920"
"RMUX27@15,6->RMUX20@15,7","RMUX27(+0,-1)->RMUX20","15",2,"afexe_bitgen_pass2_20260920"
"RMUX27@15,6->RMUX20@15,9","RMUX27(+0,-3)->RMUX20","15",2,"afexe_bitgen_pass2_20260920"
"RMUX31@15,6->RMUX25@14,6","RMUX31(+1,+0)->RMUX25","14",2,"afexe_bitgen_pass2_20260920"
"RMUX32@15,6->RMUX27@15,5","RMUX32(+0,+1)->RMUX27","15",2,"afexe_bitgen_pass2_20260920"
"RMUX37@15,6->RMUX49@15,7","RMUX37(+0,-1)->RMUX49","15",2,"afexe_bitgen_pass2_20260920"
"RMUX44@15,6->RMUX74@15,8","RMUX44(+0,-2)->RMUX74","15",2,"afexe_bitgen_pass2_20260920"
"RMUX50@15,6->RMUX2@15,6","RMUX50(+0,+0)->RMUX2","15",2,"afexe_bitgen_pass2_20260920"
"RMUX50@15,6->RMUX8@15,7","RMUX50(+0,-1)->RMUX8","15",2,"afexe_bitgen_pass2_20260920"
"RMUX50@15,6->RMUX13@15,7","RMUX50(+0,-1)->RMUX13","15",2,"afexe_bitgen_pass2_20260920"
"RMUX61@15,6->RMUX54@14,6","RMUX61(+1,+0)->RMUX54","14",2,"afexe_bitgen_pass2_20260920"
"RMUX62@15,6->RMUX67@15,5","RMUX62(+0,+1)->RMUX67","15",2,"afexe_bitgen_pass2_20260920"
"RMUX69@15,6->RMUX83@15,5","RMUX69(+0,+1)->RMUX83","15",2,"afexe_bitgen_pass2_20260920"
"RMUX69@15,6->RMUX86@15,6","RMUX69(+0,+0)->RMUX86","15",2,"afexe_bitgen_pass2_20260920"
"RMUX69@15,6->RMUX87@15,6","RMUX69(+0,+0)->RMUX87","15",2,"afexe_bitgen_pass2_20260920"
"RMUX73@15,6->RMUX1@15,9","RMUX73(+0,-3)->RMUX1","15",2,"afexe_bitgen_pass2_20260920"
"RMUX80@15,6->RMUX26@15,6","RMUX80(+0,+0)->RMUX26","15",2,"afexe_bitgen_pass2_20260920"
"RMUX85@15,6->RMUX65@15,5","RMUX85(+0,+1)->RMUX65","15",2,"afexe_bitgen_pass2_20260920"
"RMUX87@15,6->RMUX68@15,6","RMUX87(+0,+0)->RMUX68","15",2,"afexe_bitgen_pass2_20260920"
"RMUX87@15,6->RMUX59@15,7","RMUX87(+0,-1)->RMUX59","15",2,"afexe_bitgen_pass2_20260920"
"RMUX87@15,6->RMUX63@15,7","RMUX87(+0,-1)->RMUX63","15",2,"afexe_bitgen_pass2_20260920"
"RMUX92@15,6->RMUX74@15,5","RMUX92(+0,+1)->RMUX74","15",2,"afexe_bitgen_pass2_20260920"
"RMUX92@15,6->RMUX80@15,5","RMUX92(+0,+1)->RMUX80","15",2,"afexe_bitgen_pass2_20260920"
"RMUX92@15,6->RMUX81@15,5","RMUX92(+0,+1)->RMUX81","15",2,"afexe_bitgen_pass2_20260920"
"RMUX7@15,7->RMUX24@15,8","RMUX7(+0,-1)->RMUX24","15",2,"afexe_bitgen_pass2_20260920"
"RMUX7@15,7->RMUX46@15,8","RMUX7(+0,-1)->RMUX46","15",2,"afexe_bitgen_pass2_20260920"
"RMUX7@15,7->RMUX31@15,10","RMUX7(+0,-3)->RMUX31","15",2,"afexe_bitgen_pass2_20260920"
"RMUX8@15,7->RMUX37@14,7","RMUX8(+1,+0)->RMUX37","14",2,"afexe_bitgen_pass2_20260920"
"RMUX9@15,7->RMUX38@15,4","RMUX9(+0,+3)->RMUX38","15",2,"afexe_bitgen_pass2_20260920"
"RMUX9@15,7->RMUX38@15,5","RMUX9(+0,+2)->RMUX38","15",2,"afexe_bitgen_pass2_20260920"
"RMUX9@15,7->RMUX44@15,6","RMUX9(+0,+1)->RMUX44","15",2,"afexe_bitgen_pass2_20260920"
"RMUX15@15,7->RMUX69@15,7","RMUX15(+0,+0)->RMUX69","15",2,"afexe_bitgen_pass2_20260920"
"RMUX19@15,7->RMUX72@15,6","RMUX19(+0,+1)->RMUX72","15",2,"afexe_bitgen_pass2_20260920"
"RMUX21@15,7->RMUX86@15,7","RMUX21(+0,+0)->RMUX86","15",2,"afexe_bitgen_pass2_20260920"
"RMUX21@15,7->RMUX92@15,7","RMUX21(+0,+0)->RMUX92","15",2,"afexe_bitgen_pass2_20260920"
"RMUX21@15,7->RMUX92@15,8","RMUX21(+0,-1)->RMUX92","15",2,"afexe_bitgen_pass2_20260920"
"RMUX25@15,7->RMUX0@15,6","RMUX25(+0,+1)->RMUX0","15",2,"afexe_bitgen_pass2_20260920"
"RMUX27@15,7->RMUX20@15,8","RMUX27(+0,-1)->RMUX20","15",2,"afexe_bitgen_pass2_20260920"
"RMUX27@15,7->RMUX20@15,10","RMUX27(+0,-3)->RMUX20","15",2,"afexe_bitgen_pass2_20260920"
"RMUX31@15,7->RMUX25@14,7","RMUX31(+1,+0)->RMUX25","14",2,"afexe_bitgen_pass2_20260920"
"RMUX32@15,7->RMUX33@15,5","RMUX32(+0,+2)->RMUX33","15",2,"afexe_bitgen_pass2_20260920"
"RMUX32@15,7->RMUX27@15,6","RMUX32(+0,+1)->RMUX27","15",2,"afexe_bitgen_pass2_20260920"
"RMUX37@15,7->RMUX49@15,8","RMUX37(+0,-1)->RMUX49","15",2,"afexe_bitgen_pass2_20260920"
"RMUX44@15,7->RMUX74@15,9","RMUX44(+0,-2)->RMUX74","15",2,"afexe_bitgen_pass2_20260920"
"RMUX50@15,7->RMUX2@15,7","RMUX50(+0,+0)->RMUX2","15",2,"afexe_bitgen_pass2_20260920"
"RMUX50@15,7->RMUX8@15,8","RMUX50(+0,-1)->RMUX8","15",2,"afexe_bitgen_pass2_20260920"
"RMUX50@15,7->RMUX13@15,8","RMUX50(+0,-1)->RMUX13","15",2,"afexe_bitgen_pass2_20260920"
"RMUX61@15,7->RMUX54@14,7","RMUX61(+1,+0)->RMUX54","14",2,"afexe_bitgen_pass2_20260920"
"RMUX62@15,7->RMUX67@15,6","RMUX62(+0,+1)->RMUX67","15",2,"afexe_bitgen_pass2_20260920"
"RMUX69@15,7->RMUX83@15,6","RMUX69(+0,+1)->RMUX83","15",2,"afexe_bitgen_pass2_20260920"
"RMUX69@15,7->RMUX86@15,7","RMUX69(+0,+0)->RMUX86","15",2,"afexe_bitgen_pass2_20260920"
"RMUX69@15,7->RMUX87@15,7","RMUX69(+0,+0)->RMUX87","15",2,"afexe_bitgen_pass2_20260920"
"RMUX73@15,7->RMUX1@15,10","RMUX73(+0,-3)->RMUX1","15",2,"afexe_bitgen_pass2_20260920"
"RMUX80@15,7->RMUX26@15,7","RMUX80(+0,+0)->RMUX26","15",2,"afexe_bitgen_pass2_20260920"
"RMUX85@15,7->RMUX65@15,6","RMUX85(+0,+1)->RMUX65","15",2,"afexe_bitgen_pass2_20260920"
"RMUX87@15,7->RMUX68@15,7","RMUX87(+0,+0)->RMUX68","15",2,"afexe_bitgen_pass2_20260920"
"RMUX87@15,7->RMUX59@15,8","RMUX87(+0,-1)->RMUX59","15",2,"afexe_bitgen_pass2_20260920"
"RMUX87@15,7->RMUX63@15,8","RMUX87(+0,-1)->RMUX63","15",2,"afexe_bitgen_pass2_20260920"
"RMUX92@15,7->RMUX74@15,6","RMUX92(+0,+1)->RMUX74","15",2,"afexe_bitgen_pass2_20260920"
"RMUX92@15,7->RMUX80@15,6","RMUX92(+0,+1)->RMUX80","15",2,"afexe_bitgen_pass2_20260920"
"RMUX92@15,7->RMUX81@15,6","RMUX92(+0,+1)->RMUX81","15",2,"afexe_bitgen_pass2_20260920"
"RMUX7@15,8->RMUX24@15,9","RMUX7(+0,-1)->RMUX24","15",2,"afexe_bitgen_pass2_20260920"
"RMUX7@15,8->RMUX46@15,9","RMUX7(+0,-1)->RMUX46","15",2,"afexe_bitgen_pass2_20260920"
"RMUX7@15,8->RMUX31@15,11","RMUX7(+0,-3)->RMUX31","15",2,"afexe_bitgen_pass2_20260920"
"RMUX9@15,8->RMUX38@15,5","RMUX9(+0,+3)->RMUX38","15",2,"afexe_bitgen_pass2_20260920"
"RMUX9@15,8->RMUX38@15,6","RMUX9(+0,+2)->RMUX38","15",2,"afexe_bitgen_pass2_20260920"
"RMUX9@15,8->RMUX44@15,7","RMUX9(+0,+1)->RMUX44","15",2,"afexe_bitgen_pass2_20260920"
"RMUX15@15,8->RMUX69@15,8","RMUX15(+0,+0)->RMUX69","15",2,"afexe_bitgen_pass2_20260920"
"RMUX19@15,8->RMUX72@15,7","RMUX19(+0,+1)->RMUX72","15",2,"afexe_bitgen_pass2_20260920"
"RMUX21@15,8->RMUX86@15,8","RMUX21(+0,+0)->RMUX86","15",2,"afexe_bitgen_pass2_20260920"
"RMUX21@15,8->RMUX92@15,8","RMUX21(+0,+0)->RMUX92","15",2,"afexe_bitgen_pass2_20260920"
"RMUX21@15,8->RMUX92@15,9","RMUX21(+0,-1)->RMUX92","15",2,"afexe_bitgen_pass2_20260920"
"RMUX25@15,8->RMUX0@15,7","RMUX25(+0,+1)->RMUX0","15",2,"afexe_bitgen_pass2_20260920"
"RMUX27@15,8->RMUX20@15,9","RMUX27(+0,-1)->RMUX20","15",2,"afexe_bitgen_pass2_20260920"
"RMUX27@15,8->RMUX20@15,11","RMUX27(+0,-3)->RMUX20","15",2,"afexe_bitgen_pass2_20260920"
"RMUX31@15,8->RMUX25@14,8","RMUX31(+1,+0)->RMUX25","14",2,"afexe_bitgen_pass2_20260920"
"RMUX32@15,8->RMUX33@15,6","RMUX32(+0,+2)->RMUX33","15",2,"afexe_bitgen_pass2_20260920"
"RMUX32@15,8->RMUX27@15,7","RMUX32(+0,+1)->RMUX27","15",2,"afexe_bitgen_pass2_20260920"
"RMUX37@15,8->RMUX49@15,9","RMUX37(+0,-1)->RMUX49","15",2,"afexe_bitgen_pass2_20260920"
"RMUX44@15,8->RMUX74@15,10","RMUX44(+0,-2)->RMUX74","15",2,"afexe_bitgen_pass2_20260920"
"RMUX50@15,8->RMUX2@15,8","RMUX50(+0,+0)->RMUX2","15",2,"afexe_bitgen_pass2_20260920"
"RMUX50@15,8->RMUX8@15,9","RMUX50(+0,-1)->RMUX8","15",2,"afexe_bitgen_pass2_20260920"
"RMUX50@15,8->RMUX13@15,9","RMUX50(+0,-1)->RMUX13","15",2,"afexe_bitgen_pass2_20260920"
"RMUX61@15,8->RMUX54@14,8","RMUX61(+1,+0)->RMUX54","14",2,"afexe_bitgen_pass2_20260920"
"RMUX62@15,8->RMUX67@15,7","RMUX62(+0,+1)->RMUX67","15",2,"afexe_bitgen_pass2_20260920"
"RMUX69@15,8->RMUX83@15,7","RMUX69(+0,+1)->RMUX83","15",2,"afexe_bitgen_pass2_20260920"
"RMUX69@15,8->RMUX86@15,8","RMUX69(+0,+0)->RMUX86","15",2,"afexe_bitgen_pass2_20260920"
"RMUX69@15,8->RMUX87@15,8","RMUX69(+0,+0)->RMUX87","15",2,"afexe_bitgen_pass2_20260920"
"RMUX73@15,8->RMUX1@15,11","RMUX73(+0,-3)->RMUX1","15",2,"afexe_bitgen_pass2_20260920"
"RMUX80@15,8->RMUX26@15,8","RMUX80(+0,+0)->RMUX26","15",2,"afexe_bitgen_pass2_20260920"
"RMUX85@15,8->RMUX65@15,7","RMUX85(+0,+1)->RMUX65","15",2,"afexe_bitgen_pass2_20260920"
"RMUX87@15,8->RMUX68@15,8","RMUX87(+0,+0)->RMUX68","15",2,"afexe_bitgen_pass2_20260920"
"RMUX87@15,8->RMUX59@15,9","RMUX87(+0,-1)->RMUX59","15",2,"afexe_bitgen_pass2_20260920"
"RMUX87@15,8->RMUX63@15,9","RMUX87(+0,-1)->RMUX63","15",2,"afexe_bitgen_pass2_20260920"
"RMUX92@15,8->RMUX74@15,7","RMUX92(+0,+1)->RMUX74","15",2,"afexe_bitgen_pass2_20260920"
"RMUX92@15,8->RMUX80@15,7","RMUX92(+0,+1)->RMUX80","15",2,"afexe_bitgen_pass2_20260920"
"RMUX92@15,8->RMUX81@15,7","RMUX92(+0,+1)->RMUX81","15",2,"afexe_bitgen_pass2_20260920"
"RMUX7@15,9->RMUX24@15,10","RMUX7(+0,-1)->RMUX24","15",2,"afexe_bitgen_pass2_20260920"
"RMUX7@15,9->RMUX46@15,10","RMUX7(+0,-1)->RMUX46","15",2,"afexe_bitgen_pass2_20260920"
"RMUX7@15,9->RMUX31@15,12","RMUX7(+0,-3)->RMUX31","15",2,"afexe_bitgen_pass2_20260920"
"RMUX8@15,9->RMUX27@14,9","RMUX8(+1,+0)->RMUX27","14",2,"afexe_bitgen_pass2_20260920"
"RMUX9@15,9->RMUX38@15,6","RMUX9(+0,+3)->RMUX38","15",2,"afexe_bitgen_pass2_20260920"
"RMUX9@15,9->RMUX38@15,7","RMUX9(+0,+2)->RMUX38","15",2,"afexe_bitgen_pass2_20260920"
"RMUX9@15,9->RMUX44@15,8","RMUX9(+0,+1)->RMUX44","15",2,"afexe_bitgen_pass2_20260920"
"RMUX9@15,9->RMUX38@15,9","RMUX9(+0,+0)->RMUX38","15",2,"afexe_bitgen_pass2_20260920"
"RMUX15@15,9->RMUX69@15,9","RMUX15(+0,+0)->RMUX69","15",2,"afexe_bitgen_pass2_20260920"
"RMUX19@15,9->RMUX72@15,8","RMUX19(+0,+1)->RMUX72","15",2,"afexe_bitgen_pass2_20260920"
"RMUX21@15,9->RMUX86@15,9","RMUX21(+0,+0)->RMUX86","15",2,"afexe_bitgen_pass2_20260920"
"RMUX21@15,9->RMUX92@15,9","RMUX21(+0,+0)->RMUX92","15",2,"afexe_bitgen_pass2_20260920"
"RMUX21@15,9->RMUX92@15,10","RMUX21(+0,-1)->RMUX92","15",2,"afexe_bitgen_pass2_20260920"
"RMUX25@15,9->RMUX0@15,8","RMUX25(+0,+1)->RMUX0","15",2,"afexe_bitgen_pass2_20260920"
"RMUX27@15,9->RMUX20@15,10","RMUX27(+0,-1)->RMUX20","15",2,"afexe_bitgen_pass2_20260920"
"RMUX27@15,9->RMUX20@15,12","RMUX27(+0,-3)->RMUX20","15",2,"afexe_bitgen_pass2_20260920"
"RMUX31@15,9->RMUX25@14,9","RMUX31(+1,+0)->RMUX25","14",2,"afexe_bitgen_pass2_20260920"
"RMUX32@15,9->RMUX33@15,7","RMUX32(+0,+2)->RMUX33","15",2,"afexe_bitgen_pass2_20260920"
"RMUX32@15,9->RMUX27@15,8","RMUX32(+0,+1)->RMUX27","15",2,"afexe_bitgen_pass2_20260920"
"RMUX37@15,9->RMUX49@15,10","RMUX37(+0,-1)->RMUX49","15",2,"afexe_bitgen_pass2_20260920"
"RMUX44@15,9->RMUX74@15,11","RMUX44(+0,-2)->RMUX74","15",2,"afexe_bitgen_pass2_20260920"
"RMUX50@15,9->RMUX2@15,9","RMUX50(+0,+0)->RMUX2","15",2,"afexe_bitgen_pass2_20260920"
"RMUX50@15,9->RMUX8@15,10","RMUX50(+0,-1)->RMUX8","15",2,"afexe_bitgen_pass2_20260920"
"RMUX50@15,9->RMUX13@15,10","RMUX50(+0,-1)->RMUX13","15",2,"afexe_bitgen_pass2_20260920"
"RMUX61@15,9->RMUX54@14,9","RMUX61(+1,+0)->RMUX54","14",2,"afexe_bitgen_pass2_20260920"
"RMUX62@15,9->RMUX67@15,8","RMUX62(+0,+1)->RMUX67","15",2,"afexe_bitgen_pass2_20260920"
"RMUX69@15,9->RMUX83@15,8","RMUX69(+0,+1)->RMUX83","15",2,"afexe_bitgen_pass2_20260920"
"RMUX69@15,9->RMUX86@15,9","RMUX69(+0,+0)->RMUX86","15",2,"afexe_bitgen_pass2_20260920"
"RMUX69@15,9->RMUX87@15,9","RMUX69(+0,+0)->RMUX87","15",2,"afexe_bitgen_pass2_20260920"
"RMUX73@15,9->RMUX1@15,12","RMUX73(+0,-3)->RMUX1","15",2,"afexe_bitgen_pass2_20260920"
"RMUX80@15,9->RMUX26@15,9","RMUX80(+0,+0)->RMUX26","15",2,"afexe_bitgen_pass2_20260920"
"RMUX85@15,9->RMUX65@15,8","RMUX85(+0,+1)->RMUX65","15",2,"afexe_bitgen_pass2_20260920"
"RMUX87@15,9->RMUX68@15,9","RMUX87(+0,+0)->RMUX68","15",2,"afexe_bitgen_pass2_20260920"
"RMUX87@15,9->RMUX59@15,10","RMUX87(+0,-1)->RMUX59","15",2,"afexe_bitgen_pass2_20260920"
"RMUX87@15,9->RMUX63@15,10","RMUX87(+0,-1)->RMUX63","15",2,"afexe_bitgen_pass2_20260920"
"RMUX92@15,9->RMUX74@15,8","RMUX92(+0,+1)->RMUX74","15",2,"afexe_bitgen_pass2_20260920"
"RMUX92@15,9->RMUX80@15,8","RMUX92(+0,+1)->RMUX80","15",2,"afexe_bitgen_pass2_20260920"
"RMUX92@15,9->RMUX81@15,8","RMUX92(+0,+1)->RMUX81","15",2,"afexe_bitgen_pass2_20260920"
"RMUX7@15,10->RMUX24@15,11","RMUX7(+0,-1)->RMUX24","15",2,"afexe_bitgen_pass2_20260920"
"RMUX7@15,10->RMUX46@15,11","RMUX7(+0,-1)->RMUX46","15",2,"afexe_bitgen_pass2_20260920"
"RMUX9@15,10->RMUX38@15,7","RMUX9(+0,+3)->RMUX38","15",2,"afexe_bitgen_pass2_20260920"
"RMUX9@15,10->RMUX38@15,8","RMUX9(+0,+2)->RMUX38","15",2,"afexe_bitgen_pass2_20260920"
"RMUX9@15,10->RMUX44@15,9","RMUX9(+0,+1)->RMUX44","15",2,"afexe_bitgen_pass2_20260920"
"RMUX9@15,10->RMUX38@15,10","RMUX9(+0,+0)->RMUX38","15",2,"afexe_bitgen_pass2_20260920"
"RMUX15@15,10->RMUX69@15,10","RMUX15(+0,+0)->RMUX69","15",2,"afexe_bitgen_pass2_20260920"
"RMUX19@15,10->RMUX72@15,9","RMUX19(+0,+1)->RMUX72","15",2,"afexe_bitgen_pass2_20260920"
"RMUX21@15,10->RMUX86@15,10","RMUX21(+0,+0)->RMUX86","15",2,"afexe_bitgen_pass2_20260920"
"RMUX21@15,10->RMUX92@15,10","RMUX21(+0,+0)->RMUX92","15",2,"afexe_bitgen_pass2_20260920"
"RMUX21@15,10->RMUX92@15,11","RMUX21(+0,-1)->RMUX92","15",2,"afexe_bitgen_pass2_20260920"
"RMUX25@15,10->RMUX0@15,9","RMUX25(+0,+1)->RMUX0","15",2,"afexe_bitgen_pass2_20260920"
"RMUX27@15,10->RMUX20@15,11","RMUX27(+0,-1)->RMUX20","15",2,"afexe_bitgen_pass2_20260920"
"RMUX31@15,10->RMUX25@14,10","RMUX31(+1,+0)->RMUX25","14",2,"afexe_bitgen_pass2_20260920"
"RMUX32@15,10->RMUX33@15,8","RMUX32(+0,+2)->RMUX33","15",2,"afexe_bitgen_pass2_20260920"
"RMUX32@15,10->RMUX27@15,9","RMUX32(+0,+1)->RMUX27","15",2,"afexe_bitgen_pass2_20260920"
"RMUX37@15,10->RMUX49@15,11","RMUX37(+0,-1)->RMUX49","15",2,"afexe_bitgen_pass2_20260920"
"RMUX44@15,10->RMUX74@15,12","RMUX44(+0,-2)->RMUX74","15",2,"afexe_bitgen_pass2_20260920"
"RMUX50@15,10->RMUX2@15,10","RMUX50(+0,+0)->RMUX2","15",2,"afexe_bitgen_pass2_20260920"
"RMUX50@15,10->RMUX8@15,11","RMUX50(+0,-1)->RMUX8","15",2,"afexe_bitgen_pass2_20260920"
"RMUX50@15,10->RMUX13@15,11","RMUX50(+0,-1)->RMUX13","15",2,"afexe_bitgen_pass2_20260920"
"RMUX61@15,10->RMUX54@14,10","RMUX61(+1,+0)->RMUX54","14",2,"afexe_bitgen_pass2_20260920"
"RMUX62@15,10->RMUX67@15,9","RMUX62(+0,+1)->RMUX67","15",2,"afexe_bitgen_pass2_20260920"
"RMUX69@15,10->RMUX83@15,9","RMUX69(+0,+1)->RMUX83","15",2,"afexe_bitgen_pass2_20260920"
"RMUX69@15,10->RMUX86@15,10","RMUX69(+0,+0)->RMUX86","15",2,"afexe_bitgen_pass2_20260920"
"RMUX69@15,10->RMUX87@15,10","RMUX69(+0,+0)->RMUX87","15",2,"afexe_bitgen_pass2_20260920"
"RMUX80@15,10->RMUX26@15,10","RMUX80(+0,+0)->RMUX26","15",2,"afexe_bitgen_pass2_20260920"
"RMUX85@15,10->RMUX65@15,9","RMUX85(+0,+1)->RMUX65","15",2,"afexe_bitgen_pass2_20260920"
"RMUX87@15,10->RMUX68@15,10","RMUX87(+0,+0)->RMUX68","15",2,"afexe_bitgen_pass2_20260920"
"RMUX87@15,10->RMUX59@15,11","RMUX87(+0,-1)->RMUX59","15",2,"afexe_bitgen_pass2_20260920"
"RMUX87@15,10->RMUX63@15,11","RMUX87(+0,-1)->RMUX63","15",2,"afexe_bitgen_pass2_20260920"
"RMUX92@15,10->RMUX74@15,9","RMUX92(+0,+1)->RMUX74","15",2,"afexe_bitgen_pass2_20260920"
"RMUX92@15,10->RMUX80@15,9","RMUX92(+0,+1)->RMUX80","15",2,"afexe_bitgen_pass2_20260920"
"RMUX92@15,10->RMUX81@15,9","RMUX92(+0,+1)->RMUX81","15",2,"afexe_bitgen_pass2_20260920"
"RMUX7@15,11->RMUX24@15,12","RMUX7(+0,-1)->RMUX24","15",2,"afexe_bitgen_pass2_20260920"
"RMUX7@15,11->RMUX46@15,12","RMUX7(+0,-1)->RMUX46","15",2,"afexe_bitgen_pass2_20260920"
"RMUX8@15,11->RMUX27@14,11","RMUX8(+1,+0)->RMUX27","14",2,"afexe_bitgen_pass2_20260920"
"RMUX9@15,11->RMUX38@15,8","RMUX9(+0,+3)->RMUX38","15",2,"afexe_bitgen_pass2_20260920"
"RMUX9@15,11->RMUX38@15,9","RMUX9(+0,+2)->RMUX38","15",2,"afexe_bitgen_pass2_20260920"
"RMUX15@15,11->RMUX69@15,11","RMUX15(+0,+0)->RMUX69","15",2,"afexe_bitgen_pass2_20260920"
"RMUX21@15,11->RMUX86@15,11","RMUX21(+0,+0)->RMUX86","15",2,"afexe_bitgen_pass2_20260920"
"RMUX21@15,11->RMUX92@15,11","RMUX21(+0,+0)->RMUX92","15",2,"afexe_bitgen_pass2_20260920"
"RMUX21@15,11->RMUX92@15,12","RMUX21(+0,-1)->RMUX92","15",2,"afexe_bitgen_pass2_20260920"
"RMUX27@15,11->RMUX20@15,12","RMUX27(+0,-1)->RMUX20","15",2,"afexe_bitgen_pass2_20260920"
"RMUX31@15,11->RMUX25@14,11","RMUX31(+1,+0)->RMUX25","14",2,"afexe_bitgen_pass2_20260920"
"RMUX32@15,11->RMUX33@15,9","RMUX32(+0,+2)->RMUX33","15",2,"afexe_bitgen_pass2_20260920"
"RMUX37@15,11->RMUX49@15,12","RMUX37(+0,-1)->RMUX49","15",2,"afexe_bitgen_pass2_20260920"
"RMUX44@15,11->RMUX85@15,11","RMUX44(+0,+0)->RMUX85","15",2,"afexe_bitgen_pass2_20260920"
"RMUX50@15,11->RMUX2@15,11","RMUX50(+0,+0)->RMUX2","15",2,"afexe_bitgen_pass2_20260920"
"RMUX50@15,11->RMUX8@15,12","RMUX50(+0,-1)->RMUX8","15",2,"afexe_bitgen_pass2_20260920"
"RMUX50@15,11->RMUX13@15,12","RMUX50(+0,-1)->RMUX13","15",2,"afexe_bitgen_pass2_20260920"
"RMUX61@15,11->RMUX54@14,11","RMUX61(+1,+0)->RMUX54","14",2,"afexe_bitgen_pass2_20260920"
"RMUX80@15,11->RMUX26@15,11","RMUX80(+0,+0)->RMUX26","15",2,"afexe_bitgen_pass2_20260920"
"RMUX87@15,11->RMUX68@15,11","RMUX87(+0,+0)->RMUX68","15",2,"afexe_bitgen_pass2_20260920"
"RMUX87@15,11->RMUX59@15,12","RMUX87(+0,-1)->RMUX59","15",2,"afexe_bitgen_pass2_20260920"
"RMUX87@15,11->RMUX63@15,12","RMUX87(+0,-1)->RMUX63","15",2,"afexe_bitgen_pass2_20260920"
"RMUX9@15,12->RMUX38@15,9","RMUX9(+0,+3)->RMUX38","15",2,"afexe_bitgen_pass2_20260920"
"RMUX9@15,12->RMUX38@15,10","RMUX9(+0,+2)->RMUX38","15",2,"afexe_bitgen_pass2_20260920"
"RMUX9@15,12->RMUX44@15,11","RMUX9(+0,+1)->RMUX44","15",2,"afexe_bitgen_pass2_20260920"
"RMUX15@15,12->RMUX69@15,12","RMUX15(+0,+0)->RMUX69","15",2,"afexe_bitgen_pass2_20260920"
"RMUX21@15,12->RMUX86@15,12","RMUX21(+0,+0)->RMUX86","15",2,"afexe_bitgen_pass2_20260920"
"RMUX21@15,12->RMUX92@15,12","RMUX21(+0,+0)->RMUX92","15",2,"afexe_bitgen_pass2_20260920"
"RMUX31@15,12->RMUX25@14,12","RMUX31(+1,+0)->RMUX25","14",2,"afexe_bitgen_pass2_20260920"
"RMUX32@15,12->RMUX33@15,10","RMUX32(+0,+2)->RMUX33","15",2,"afexe_bitgen_pass2_20260920"
"RMUX32@15,12->RMUX27@15,11","RMUX32(+0,+1)->RMUX27","15",2,"afexe_bitgen_pass2_20260920"
"RMUX50@15,12->RMUX2@15,12","RMUX50(+0,+0)->RMUX2","15",2,"afexe_bitgen_pass2_20260920"
"RMUX61@15,12->RMUX54@14,12","RMUX61(+1,+0)->RMUX54","14",2,"afexe_bitgen_pass2_20260920"
"RMUX80@15,12->RMUX26@15,12","RMUX80(+0,+0)->RMUX26","15",2,"afexe_bitgen_pass2_20260920"
"RMUX87@15,12->RMUX68@15,12","RMUX87(+0,+0)->RMUX68","15",2,"afexe_bitgen_pass2_20260920"
"RMUX3@16,1->RMUX14@17,1","RMUX3(-1,+0)->RMUX14","17",2,"afexe_bitgen_pass2_20260920"
"RMUX15@16,1->RMUX69@16,1","RMUX15(+0,+0)->RMUX69","16",2,"afexe_bitgen_pass2_20260920"
"RMUX21@16,1->RMUX86@16,1","RMUX21(+0,+0)->RMUX86","16",2,"afexe_bitgen_pass2_20260920"
"RMUX21@16,1->RMUX92@16,1","RMUX21(+0,+0)->RMUX92","16",2,"afexe_bitgen_pass2_20260920"
"RMUX21@16,1->RMUX92@16,2","RMUX21(+0,-1)->RMUX92","16",2,"afexe_bitgen_pass2_20260920"
"RMUX27@16,1->RMUX20@16,2","RMUX27(+0,-1)->RMUX20","16",2,"afexe_bitgen_pass2_20260920"
"RMUX27@16,1->RMUX20@16,4","RMUX27(+0,-3)->RMUX20","16",2,"afexe_bitgen_pass2_20260920"
"RMUX29@16,1->IMUX19@16,1","RMUX29(+0,+0)->IMUX19","16",2,"afexe_bitgen_pass2_20260920"
"RMUX31@16,1->RMUX25@15,1","RMUX31(+1,+0)->RMUX25","15",2,"afexe_bitgen_pass2_20260920"
"RMUX33@16,1->RMUX39@17,1","RMUX33(-1,+0)->RMUX39","17",2,"afexe_bitgen_pass2_20260920"
"RMUX44@16,1->RMUX74@16,3","RMUX44(+0,-2)->RMUX74","16",2,"afexe_bitgen_pass2_20260920"
"RMUX49@16,1->RMUX7@16,1","RMUX49(+0,+0)->RMUX7","16",2,"afexe_bitgen_pass2_20260920"
"RMUX50@16,1->RMUX2@16,1","RMUX50(+0,+0)->RMUX2","16",2,"afexe_bitgen_pass2_20260920"
"RMUX50@16,1->RMUX8@16,2","RMUX50(+0,-1)->RMUX8","16",2,"afexe_bitgen_pass2_20260920"
"RMUX50@16,1->RMUX13@16,2","RMUX50(+0,-1)->RMUX13","16",2,"afexe_bitgen_pass2_20260920"
"RMUX61@16,1->RMUX54@15,1","RMUX61(+1,+0)->RMUX54","15",2,"afexe_bitgen_pass2_20260920"
"RMUX69@16,1->RMUX86@16,1","RMUX69(+0,+0)->RMUX86","16",2,"afexe_bitgen_pass2_20260920"
"RMUX69@16,1->RMUX87@16,1","RMUX69(+0,+0)->RMUX87","16",2,"afexe_bitgen_pass2_20260920"
"RMUX80@16,1->RMUX26@16,1","RMUX80(+0,+0)->RMUX26","16",2,"afexe_bitgen_pass2_20260920"
"RMUX86@16,1->RMUX57@16,1","RMUX86(+0,+0)->RMUX57","16",2,"afexe_bitgen_pass2_20260920"
"RMUX87@16,1->RMUX68@16,1","RMUX87(+0,+0)->RMUX68","16",2,"afexe_bitgen_pass2_20260920"
"RMUX87@16,1->RMUX59@16,2","RMUX87(+0,-1)->RMUX59","16",2,"afexe_bitgen_pass2_20260920"
"RMUX87@16,1->RMUX63@16,2","RMUX87(+0,-1)->RMUX63","16",2,"afexe_bitgen_pass2_20260920"
"RMUX93@16,1->RMUX87@17,1","RMUX93(-1,+0)->RMUX87","17",2,"afexe_bitgen_pass2_20260920"
"RMUX3@16,2->RMUX14@17,2","RMUX3(-1,+0)->RMUX14","17",2,"afexe_bitgen_pass2_20260920"
"RMUX7@16,2->RMUX31@16,5","RMUX7(+0,-3)->RMUX31","16",2,"afexe_bitgen_pass2_20260920"
"RMUX9@16,2->RMUX44@16,1","RMUX9(+0,+1)->RMUX44","16",2,"afexe_bitgen_pass2_20260920"
"RMUX15@16,2->RMUX69@16,2","RMUX15(+0,+0)->RMUX69","16",2,"afexe_bitgen_pass2_20260920"
"RMUX19@16,2->RMUX72@16,1","RMUX19(+0,+1)->RMUX72","16",2,"afexe_bitgen_pass2_20260920"
"RMUX25@16,2->RMUX0@16,1","RMUX25(+0,+1)->RMUX0","16",2,"afexe_bitgen_pass2_20260920"
"RMUX27@16,2->RMUX20@16,5","RMUX27(+0,-3)->RMUX20","16",2,"afexe_bitgen_pass2_20260920"
"RMUX31@16,2->RMUX25@15,2","RMUX31(+1,+0)->RMUX25","15",2,"afexe_bitgen_pass2_20260920"
"RMUX32@16,2->RMUX27@16,1","RMUX32(+0,+1)->RMUX27","16",2,"afexe_bitgen_pass2_20260920"
"RMUX33@16,2->RMUX39@17,2","RMUX33(-1,+0)->RMUX39","17",2,"afexe_bitgen_pass2_20260920"
"RMUX44@16,2->RMUX74@16,4","RMUX44(+0,-2)->RMUX74","16",2,"afexe_bitgen_pass2_20260920"
"RMUX49@16,2->RMUX7@16,2","RMUX49(+0,+0)->RMUX7","16",2,"afexe_bitgen_pass2_20260920"
"RMUX61@16,2->RMUX54@15,2","RMUX61(+1,+0)->RMUX54","15",2,"afexe_bitgen_pass2_20260920"
"RMUX62@16,2->RMUX67@16,1","RMUX62(+0,+1)->RMUX67","16",2,"afexe_bitgen_pass2_20260920"
"RMUX69@16,2->RMUX83@16,1","RMUX69(+0,+1)->RMUX83","16",2,"afexe_bitgen_pass2_20260920"
"RMUX69@16,2->RMUX86@16,2","RMUX69(+0,+0)->RMUX86","16",2,"afexe_bitgen_pass2_20260920"
"RMUX69@16,2->RMUX87@16,2","RMUX69(+0,+0)->RMUX87","16",2,"afexe_bitgen_pass2_20260920"
"RMUX73@16,2->RMUX1@16,5","RMUX73(+0,-3)->RMUX1","16",2,"afexe_bitgen_pass2_20260920"
"RMUX85@16,2->RMUX65@16,1","RMUX85(+0,+1)->RMUX65","16",2,"afexe_bitgen_pass2_20260920"
"RMUX86@16,2->RMUX57@16,2","RMUX86(+0,+0)->RMUX57","16",2,"afexe_bitgen_pass2_20260920"
"RMUX92@16,2->RMUX74@16,1","RMUX92(+0,+1)->RMUX74","16",2,"afexe_bitgen_pass2_20260920"
"RMUX92@16,2->RMUX80@16,1","RMUX92(+0,+1)->RMUX80","16",2,"afexe_bitgen_pass2_20260920"
"RMUX92@16,2->RMUX81@16,1","RMUX92(+0,+1)->RMUX81","16",2,"afexe_bitgen_pass2_20260920"
"RMUX93@16,2->RMUX87@17,2","RMUX93(-1,+0)->RMUX87","17",2,"afexe_bitgen_pass2_20260920"
"RMUX3@16,3->RMUX14@17,3","RMUX3(-1,+0)->RMUX14","17",2,"afexe_bitgen_pass2_20260920"
"RMUX7@16,3->RMUX24@16,4","RMUX7(+0,-1)->RMUX24","16",2,"afexe_bitgen_pass2_20260920"
"RMUX7@16,3->RMUX46@16,4","RMUX7(+0,-1)->RMUX46","16",2,"afexe_bitgen_pass2_20260920"
"RMUX7@16,3->RMUX31@16,6","RMUX7(+0,-3)->RMUX31","16",2,"afexe_bitgen_pass2_20260920"
"RMUX9@16,3->RMUX38@16,1","RMUX9(+0,+2)->RMUX38","16",2,"afexe_bitgen_pass2_20260920"
"RMUX9@16,3->RMUX44@16,2","RMUX9(+0,+1)->RMUX44","16",2,"afexe_bitgen_pass2_20260920"
"RMUX15@16,3->RMUX69@16,3","RMUX15(+0,+0)->RMUX69","16",2,"afexe_bitgen_pass2_20260920"
"RMUX19@16,3->RMUX72@16,2","RMUX19(+0,+1)->RMUX72","16",2,"afexe_bitgen_pass2_20260920"
"RMUX21@16,3->RMUX86@16,3","RMUX21(+0,+0)->RMUX86","16",2,"afexe_bitgen_pass2_20260920"
"RMUX21@16,3->RMUX92@16,3","RMUX21(+0,+0)->RMUX92","16",2,"afexe_bitgen_pass2_20260920"
"RMUX21@16,3->RMUX92@16,4","RMUX21(+0,-1)->RMUX92","16",2,"afexe_bitgen_pass2_20260920"
"RMUX25@16,3->RMUX0@16,2","RMUX25(+0,+1)->RMUX0","16",2,"afexe_bitgen_pass2_20260920"
"RMUX27@16,3->RMUX20@16,4","RMUX27(+0,-1)->RMUX20","16",2,"afexe_bitgen_pass2_20260920"
"RMUX27@16,3->RMUX20@16,6","RMUX27(+0,-3)->RMUX20","16",2,"afexe_bitgen_pass2_20260920"
"RMUX31@16,3->RMUX25@15,3","RMUX31(+1,+0)->RMUX25","15",2,"afexe_bitgen_pass2_20260920"
"RMUX32@16,3->RMUX27@16,2","RMUX32(+0,+1)->RMUX27","16",2,"afexe_bitgen_pass2_20260920"
"RMUX33@16,3->RMUX39@17,3","RMUX33(-1,+0)->RMUX39","17",2,"afexe_bitgen_pass2_20260920"
"RMUX37@16,3->RMUX49@16,4","RMUX37(+0,-1)->RMUX49","16",2,"afexe_bitgen_pass2_20260920"
"RMUX44@16,3->RMUX74@16,5","RMUX44(+0,-2)->RMUX74","16",2,"afexe_bitgen_pass2_20260920"
"RMUX49@16,3->RMUX7@16,3","RMUX49(+0,+0)->RMUX7","16",2,"afexe_bitgen_pass2_20260920"
"RMUX50@16,3->RMUX2@16,3","RMUX50(+0,+0)->RMUX2","16",2,"afexe_bitgen_pass2_20260920"
"RMUX50@16,3->RMUX8@16,4","RMUX50(+0,-1)->RMUX8","16",2,"afexe_bitgen_pass2_20260920"
"RMUX50@16,3->RMUX13@16,4","RMUX50(+0,-1)->RMUX13","16",2,"afexe_bitgen_pass2_20260920"
"RMUX61@16,3->RMUX54@15,3","RMUX61(+1,+0)->RMUX54","15",2,"afexe_bitgen_pass2_20260920"
"RMUX62@16,3->RMUX67@16,2","RMUX62(+0,+1)->RMUX67","16",2,"afexe_bitgen_pass2_20260920"
"RMUX69@16,3->RMUX83@16,2","RMUX69(+0,+1)->RMUX83","16",2,"afexe_bitgen_pass2_20260920"
"RMUX69@16,3->RMUX86@16,3","RMUX69(+0,+0)->RMUX86","16",2,"afexe_bitgen_pass2_20260920"
"RMUX69@16,3->RMUX87@16,3","RMUX69(+0,+0)->RMUX87","16",2,"afexe_bitgen_pass2_20260920"
"RMUX73@16,3->RMUX1@16,6","RMUX73(+0,-3)->RMUX1","16",2,"afexe_bitgen_pass2_20260920"
"RMUX80@16,3->RMUX26@16,3","RMUX80(+0,+0)->RMUX26","16",2,"afexe_bitgen_pass2_20260920"
"RMUX85@16,3->RMUX65@16,2","RMUX85(+0,+1)->RMUX65","16",2,"afexe_bitgen_pass2_20260920"
"RMUX86@16,3->RMUX57@16,3","RMUX86(+0,+0)->RMUX57","16",2,"afexe_bitgen_pass2_20260920"
"RMUX87@16,3->RMUX68@16,3","RMUX87(+0,+0)->RMUX68","16",2,"afexe_bitgen_pass2_20260920"
"RMUX87@16,3->RMUX59@16,4","RMUX87(+0,-1)->RMUX59","16",2,"afexe_bitgen_pass2_20260920"
"RMUX87@16,3->RMUX63@16,4","RMUX87(+0,-1)->RMUX63","16",2,"afexe_bitgen_pass2_20260920"
"RMUX92@16,3->RMUX74@16,2","RMUX92(+0,+1)->RMUX74","16",2,"afexe_bitgen_pass2_20260920"
"RMUX92@16,3->RMUX80@16,2","RMUX92(+0,+1)->RMUX80","16",2,"afexe_bitgen_pass2_20260920"
"RMUX92@16,3->RMUX81@16,2","RMUX92(+0,+1)->RMUX81","16",2,"afexe_bitgen_pass2_20260920"
"RMUX93@16,3->RMUX87@17,3","RMUX93(-1,+0)->RMUX87","17",2,"afexe_bitgen_pass2_20260920"
"RMUX3@16,4->RMUX14@17,4","RMUX3(-1,+0)->RMUX14","17",2,"afexe_bitgen_pass2_20260920"
"RMUX7@16,4->RMUX24@16,5","RMUX7(+0,-1)->RMUX24","16",2,"afexe_bitgen_pass2_20260920"
"RMUX7@16,4->RMUX46@16,5","RMUX7(+0,-1)->RMUX46","16",2,"afexe_bitgen_pass2_20260920"
"RMUX7@16,4->RMUX31@16,7","RMUX7(+0,-3)->RMUX31","16",2,"afexe_bitgen_pass2_20260920"
"RMUX9@16,4->RMUX38@16,1","RMUX9(+0,+3)->RMUX38","16",2,"afexe_bitgen_pass2_20260920"
"RMUX9@16,4->RMUX38@16,2","RMUX9(+0,+2)->RMUX38","16",2,"afexe_bitgen_pass2_20260920"
"RMUX9@16,4->RMUX44@16,3","RMUX9(+0,+1)->RMUX44","16",2,"afexe_bitgen_pass2_20260920"
"RMUX15@16,4->RMUX69@16,4","RMUX15(+0,+0)->RMUX69","16",2,"afexe_bitgen_pass2_20260920"
"RMUX19@16,4->RMUX72@16,3","RMUX19(+0,+1)->RMUX72","16",2,"afexe_bitgen_pass2_20260920"
"RMUX21@16,4->RMUX86@16,4","RMUX21(+0,+0)->RMUX86","16",2,"afexe_bitgen_pass2_20260920"
"RMUX21@16,4->RMUX92@16,4","RMUX21(+0,+0)->RMUX92","16",2,"afexe_bitgen_pass2_20260920"
"RMUX21@16,4->RMUX92@16,5","RMUX21(+0,-1)->RMUX92","16",2,"afexe_bitgen_pass2_20260920"
"RMUX25@16,4->RMUX0@16,3","RMUX25(+0,+1)->RMUX0","16",2,"afexe_bitgen_pass2_20260920"
"RMUX27@16,4->RMUX20@16,5","RMUX27(+0,-1)->RMUX20","16",2,"afexe_bitgen_pass2_20260920"
"RMUX27@16,4->RMUX20@16,7","RMUX27(+0,-3)->RMUX20","16",2,"afexe_bitgen_pass2_20260920"
"RMUX31@16,4->RMUX25@15,4","RMUX31(+1,+0)->RMUX25","15",2,"afexe_bitgen_pass2_20260920"
"RMUX32@16,4->RMUX27@16,3","RMUX32(+0,+1)->RMUX27","16",2,"afexe_bitgen_pass2_20260920"
"RMUX33@16,4->RMUX39@17,4","RMUX33(-1,+0)->RMUX39","17",2,"afexe_bitgen_pass2_20260920"
"RMUX37@16,4->RMUX49@16,5","RMUX37(+0,-1)->RMUX49","16",2,"afexe_bitgen_pass2_20260920"
"RMUX44@16,4->RMUX74@16,6","RMUX44(+0,-2)->RMUX74","16",2,"afexe_bitgen_pass2_20260920"
"RMUX49@16,4->RMUX7@16,4","RMUX49(+0,+0)->RMUX7","16",2,"afexe_bitgen_pass2_20260920"
"RMUX50@16,4->RMUX2@16,4","RMUX50(+0,+0)->RMUX2","16",2,"afexe_bitgen_pass2_20260920"
"RMUX50@16,4->RMUX8@16,5","RMUX50(+0,-1)->RMUX8","16",2,"afexe_bitgen_pass2_20260920"
"RMUX50@16,4->RMUX13@16,5","RMUX50(+0,-1)->RMUX13","16",2,"afexe_bitgen_pass2_20260920"
"RMUX61@16,4->RMUX54@15,4","RMUX61(+1,+0)->RMUX54","15",2,"afexe_bitgen_pass2_20260920"
"RMUX62@16,4->RMUX67@16,3","RMUX62(+0,+1)->RMUX67","16",2,"afexe_bitgen_pass2_20260920"
"RMUX69@16,4->RMUX83@16,3","RMUX69(+0,+1)->RMUX83","16",2,"afexe_bitgen_pass2_20260920"
"RMUX69@16,4->RMUX86@16,4","RMUX69(+0,+0)->RMUX86","16",2,"afexe_bitgen_pass2_20260920"
"RMUX69@16,4->RMUX87@16,4","RMUX69(+0,+0)->RMUX87","16",2,"afexe_bitgen_pass2_20260920"
"RMUX73@16,4->RMUX1@16,7","RMUX73(+0,-3)->RMUX1","16",2,"afexe_bitgen_pass2_20260920"
"RMUX80@16,4->RMUX26@16,4","RMUX80(+0,+0)->RMUX26","16",2,"afexe_bitgen_pass2_20260920"
"RMUX85@16,4->RMUX65@16,3","RMUX85(+0,+1)->RMUX65","16",2,"afexe_bitgen_pass2_20260920"
"RMUX86@16,4->RMUX57@16,4","RMUX86(+0,+0)->RMUX57","16",2,"afexe_bitgen_pass2_20260920"
"RMUX92@16,4->RMUX74@16,3","RMUX92(+0,+1)->RMUX74","16",2,"afexe_bitgen_pass2_20260920"
"RMUX92@16,4->RMUX80@16,3","RMUX92(+0,+1)->RMUX80","16",2,"afexe_bitgen_pass2_20260920"
"RMUX92@16,4->RMUX81@16,3","RMUX92(+0,+1)->RMUX81","16",2,"afexe_bitgen_pass2_20260920"
"RMUX93@16,4->RMUX87@17,4","RMUX93(-1,+0)->RMUX87","17",2,"afexe_bitgen_pass2_20260920"
"RMUX3@16,5->RMUX14@17,5","RMUX3(-1,+0)->RMUX14","17",2,"afexe_bitgen_pass2_20260920"
"RMUX7@16,5->RMUX24@16,6","RMUX7(+0,-1)->RMUX24","16",2,"afexe_bitgen_pass2_20260920"
"RMUX7@16,5->RMUX46@16,6","RMUX7(+0,-1)->RMUX46","16",2,"afexe_bitgen_pass2_20260920"
"RMUX7@16,5->RMUX31@16,8","RMUX7(+0,-3)->RMUX31","16",2,"afexe_bitgen_pass2_20260920"
"RMUX9@16,5->RMUX38@16,2","RMUX9(+0,+3)->RMUX38","16",2,"afexe_bitgen_pass2_20260920"
"RMUX9@16,5->RMUX38@16,3","RMUX9(+0,+2)->RMUX38","16",2,"afexe_bitgen_pass2_20260920"
"RMUX9@16,5->RMUX44@16,4","RMUX9(+0,+1)->RMUX44","16",2,"afexe_bitgen_pass2_20260920"
"RMUX15@16,5->RMUX69@16,5","RMUX15(+0,+0)->RMUX69","16",2,"afexe_bitgen_pass2_20260920"
"RMUX19@16,5->RMUX72@16,4","RMUX19(+0,+1)->RMUX72","16",2,"afexe_bitgen_pass2_20260920"
"RMUX21@16,5->RMUX86@16,5","RMUX21(+0,+0)->RMUX86","16",2,"afexe_bitgen_pass2_20260920"
"RMUX21@16,5->RMUX92@16,5","RMUX21(+0,+0)->RMUX92","16",2,"afexe_bitgen_pass2_20260920"
"RMUX21@16,5->RMUX92@16,6","RMUX21(+0,-1)->RMUX92","16",2,"afexe_bitgen_pass2_20260920"
"RMUX25@16,5->RMUX0@16,4","RMUX25(+0,+1)->RMUX0","16",2,"afexe_bitgen_pass2_20260920"
"RMUX27@16,5->RMUX20@16,6","RMUX27(+0,-1)->RMUX20","16",2,"afexe_bitgen_pass2_20260920"
"RMUX27@16,5->RMUX20@16,8","RMUX27(+0,-3)->RMUX20","16",2,"afexe_bitgen_pass2_20260920"
"RMUX31@16,5->RMUX25@15,5","RMUX31(+1,+0)->RMUX25","15",2,"afexe_bitgen_pass2_20260920"
"RMUX32@16,5->RMUX27@16,4","RMUX32(+0,+1)->RMUX27","16",2,"afexe_bitgen_pass2_20260920"
"RMUX33@16,5->RMUX39@17,5","RMUX33(-1,+0)->RMUX39","17",2,"afexe_bitgen_pass2_20260920"
"RMUX37@16,5->RMUX49@16,6","RMUX37(+0,-1)->RMUX49","16",2,"afexe_bitgen_pass2_20260920"
"RMUX44@16,5->RMUX74@16,7","RMUX44(+0,-2)->RMUX74","16",2,"afexe_bitgen_pass2_20260920"
"RMUX49@16,5->RMUX7@16,5","RMUX49(+0,+0)->RMUX7","16",2,"afexe_bitgen_pass2_20260920"
"RMUX50@16,5->RMUX2@16,5","RMUX50(+0,+0)->RMUX2","16",2,"afexe_bitgen_pass2_20260920"
"RMUX50@16,5->RMUX8@16,6","RMUX50(+0,-1)->RMUX8","16",2,"afexe_bitgen_pass2_20260920"
"RMUX50@16,5->RMUX13@16,6","RMUX50(+0,-1)->RMUX13","16",2,"afexe_bitgen_pass2_20260920"
"RMUX61@16,5->RMUX54@15,5","RMUX61(+1,+0)->RMUX54","15",2,"afexe_bitgen_pass2_20260920"
"RMUX62@16,5->RMUX67@16,4","RMUX62(+0,+1)->RMUX67","16",2,"afexe_bitgen_pass2_20260920"
"RMUX69@16,5->RMUX83@16,4","RMUX69(+0,+1)->RMUX83","16",2,"afexe_bitgen_pass2_20260920"
"RMUX69@16,5->RMUX86@16,5","RMUX69(+0,+0)->RMUX86","16",2,"afexe_bitgen_pass2_20260920"
"RMUX69@16,5->RMUX87@16,5","RMUX69(+0,+0)->RMUX87","16",2,"afexe_bitgen_pass2_20260920"
"RMUX73@16,5->RMUX1@16,8","RMUX73(+0,-3)->RMUX1","16",2,"afexe_bitgen_pass2_20260920"
"RMUX80@16,5->RMUX26@16,5","RMUX80(+0,+0)->RMUX26","16",2,"afexe_bitgen_pass2_20260920"
"RMUX85@16,5->RMUX65@16,4","RMUX85(+0,+1)->RMUX65","16",2,"afexe_bitgen_pass2_20260920"
"RMUX86@16,5->RMUX57@16,5","RMUX86(+0,+0)->RMUX57","16",2,"afexe_bitgen_pass2_20260920"
"RMUX87@16,5->RMUX68@16,5","RMUX87(+0,+0)->RMUX68","16",2,"afexe_bitgen_pass2_20260920"
"RMUX87@16,5->RMUX59@16,6","RMUX87(+0,-1)->RMUX59","16",2,"afexe_bitgen_pass2_20260920"
"RMUX87@16,5->RMUX63@16,6","RMUX87(+0,-1)->RMUX63","16",2,"afexe_bitgen_pass2_20260920"
"RMUX92@16,5->RMUX74@16,4","RMUX92(+0,+1)->RMUX74","16",2,"afexe_bitgen_pass2_20260920"
"RMUX92@16,5->RMUX80@16,4","RMUX92(+0,+1)->RMUX80","16",2,"afexe_bitgen_pass2_20260920"
"RMUX92@16,5->RMUX81@16,4","RMUX92(+0,+1)->RMUX81","16",2,"afexe_bitgen_pass2_20260920"
"RMUX93@16,5->RMUX87@17,5","RMUX93(-1,+0)->RMUX87","17",2,"afexe_bitgen_pass2_20260920"
"RMUX3@16,6->RMUX14@17,6","RMUX3(-1,+0)->RMUX14","17",2,"afexe_bitgen_pass2_20260920"
"RMUX7@16,6->RMUX24@16,7","RMUX7(+0,-1)->RMUX24","16",2,"afexe_bitgen_pass2_20260920"
"RMUX7@16,6->RMUX46@16,7","RMUX7(+0,-1)->RMUX46","16",2,"afexe_bitgen_pass2_20260920"
"RMUX7@16,6->RMUX31@16,9","RMUX7(+0,-3)->RMUX31","16",2,"afexe_bitgen_pass2_20260920"
"RMUX9@16,6->RMUX38@16,3","RMUX9(+0,+3)->RMUX38","16",2,"afexe_bitgen_pass2_20260920"
"RMUX9@16,6->RMUX38@16,4","RMUX9(+0,+2)->RMUX38","16",2,"afexe_bitgen_pass2_20260920"
"RMUX9@16,6->RMUX44@16,5","RMUX9(+0,+1)->RMUX44","16",2,"afexe_bitgen_pass2_20260920"
"RMUX15@16,6->RMUX69@16,6","RMUX15(+0,+0)->RMUX69","16",2,"afexe_bitgen_pass2_20260920"
"RMUX19@16,6->RMUX72@16,5","RMUX19(+0,+1)->RMUX72","16",2,"afexe_bitgen_pass2_20260920"
"RMUX21@16,6->RMUX86@16,6","RMUX21(+0,+0)->RMUX86","16",2,"afexe_bitgen_pass2_20260920"
"RMUX21@16,6->RMUX92@16,6","RMUX21(+0,+0)->RMUX92","16",2,"afexe_bitgen_pass2_20260920"
"RMUX21@16,6->RMUX92@16,7","RMUX21(+0,-1)->RMUX92","16",2,"afexe_bitgen_pass2_20260920"
"RMUX25@16,6->RMUX0@16,5","RMUX25(+0,+1)->RMUX0","16",2,"afexe_bitgen_pass2_20260920"
"RMUX27@16,6->RMUX20@16,7","RMUX27(+0,-1)->RMUX20","16",2,"afexe_bitgen_pass2_20260920"
"RMUX27@16,6->RMUX20@16,9","RMUX27(+0,-3)->RMUX20","16",2,"afexe_bitgen_pass2_20260920"
"RMUX31@16,6->RMUX25@15,6","RMUX31(+1,+0)->RMUX25","15",2,"afexe_bitgen_pass2_20260920"
"RMUX32@16,6->RMUX27@16,5","RMUX32(+0,+1)->RMUX27","16",2,"afexe_bitgen_pass2_20260920"
"RMUX33@16,6->RMUX39@17,6","RMUX33(-1,+0)->RMUX39","17",2,"afexe_bitgen_pass2_20260920"
"RMUX37@16,6->RMUX49@16,7","RMUX37(+0,-1)->RMUX49","16",2,"afexe_bitgen_pass2_20260920"
"RMUX44@16,6->RMUX74@16,8","RMUX44(+0,-2)->RMUX74","16",2,"afexe_bitgen_pass2_20260920"
"RMUX49@16,6->RMUX7@16,6","RMUX49(+0,+0)->RMUX7","16",2,"afexe_bitgen_pass2_20260920"
"RMUX50@16,6->RMUX2@16,6","RMUX50(+0,+0)->RMUX2","16",2,"afexe_bitgen_pass2_20260920"
"RMUX50@16,6->RMUX8@16,7","RMUX50(+0,-1)->RMUX8","16",2,"afexe_bitgen_pass2_20260920"
"RMUX50@16,6->RMUX13@16,7","RMUX50(+0,-1)->RMUX13","16",2,"afexe_bitgen_pass2_20260920"
"RMUX61@16,6->RMUX54@15,6","RMUX61(+1,+0)->RMUX54","15",2,"afexe_bitgen_pass2_20260920"
"RMUX62@16,6->RMUX67@16,5","RMUX62(+0,+1)->RMUX67","16",2,"afexe_bitgen_pass2_20260920"
"RMUX69@16,6->RMUX83@16,5","RMUX69(+0,+1)->RMUX83","16",2,"afexe_bitgen_pass2_20260920"
"RMUX69@16,6->RMUX86@16,6","RMUX69(+0,+0)->RMUX86","16",2,"afexe_bitgen_pass2_20260920"
"RMUX69@16,6->RMUX87@16,6","RMUX69(+0,+0)->RMUX87","16",2,"afexe_bitgen_pass2_20260920"
"RMUX73@16,6->RMUX1@16,9","RMUX73(+0,-3)->RMUX1","16",2,"afexe_bitgen_pass2_20260920"
"RMUX80@16,6->RMUX26@16,6","RMUX80(+0,+0)->RMUX26","16",2,"afexe_bitgen_pass2_20260920"
"RMUX85@16,6->RMUX65@16,5","RMUX85(+0,+1)->RMUX65","16",2,"afexe_bitgen_pass2_20260920"
"RMUX86@16,6->RMUX57@16,6","RMUX86(+0,+0)->RMUX57","16",2,"afexe_bitgen_pass2_20260920"
"RMUX87@16,6->RMUX68@16,6","RMUX87(+0,+0)->RMUX68","16",2,"afexe_bitgen_pass2_20260920"
"RMUX87@16,6->RMUX59@16,7","RMUX87(+0,-1)->RMUX59","16",2,"afexe_bitgen_pass2_20260920"
"RMUX87@16,6->RMUX63@16,7","RMUX87(+0,-1)->RMUX63","16",2,"afexe_bitgen_pass2_20260920"
"RMUX92@16,6->RMUX74@16,5","RMUX92(+0,+1)->RMUX74","16",2,"afexe_bitgen_pass2_20260920"
"RMUX92@16,6->RMUX80@16,5","RMUX92(+0,+1)->RMUX80","16",2,"afexe_bitgen_pass2_20260920"
"RMUX92@16,6->RMUX81@16,5","RMUX92(+0,+1)->RMUX81","16",2,"afexe_bitgen_pass2_20260920"
"RMUX93@16,6->RMUX87@17,6","RMUX93(-1,+0)->RMUX87","17",2,"afexe_bitgen_pass2_20260920"
"RMUX3@16,7->RMUX14@17,7","RMUX3(-1,+0)->RMUX14","17",2,"afexe_bitgen_pass2_20260920"
"RMUX7@16,7->RMUX24@16,8","RMUX7(+0,-1)->RMUX24","16",2,"afexe_bitgen_pass2_20260920"
"RMUX7@16,7->RMUX46@16,8","RMUX7(+0,-1)->RMUX46","16",2,"afexe_bitgen_pass2_20260920"
"RMUX7@16,7->RMUX31@16,10","RMUX7(+0,-3)->RMUX31","16",2,"afexe_bitgen_pass2_20260920"
"RMUX8@16,7->RMUX27@15,7","RMUX8(+1,+0)->RMUX27","15",2,"afexe_bitgen_pass2_20260920"
"RMUX9@16,7->RMUX38@16,4","RMUX9(+0,+3)->RMUX38","16",2,"afexe_bitgen_pass2_20260920"
"RMUX9@16,7->RMUX38@16,5","RMUX9(+0,+2)->RMUX38","16",2,"afexe_bitgen_pass2_20260920"
"RMUX9@16,7->RMUX44@16,6","RMUX9(+0,+1)->RMUX44","16",2,"afexe_bitgen_pass2_20260920"
"RMUX9@16,7->RMUX38@16,7","RMUX9(+0,+0)->RMUX38","16",2,"afexe_bitgen_pass2_20260920"
"RMUX15@16,7->RMUX69@16,7","RMUX15(+0,+0)->RMUX69","16",2,"afexe_bitgen_pass2_20260920"
"RMUX19@16,7->RMUX72@16,6","RMUX19(+0,+1)->RMUX72","16",2,"afexe_bitgen_pass2_20260920"
"RMUX21@16,7->RMUX86@16,7","RMUX21(+0,+0)->RMUX86","16",2,"afexe_bitgen_pass2_20260920"
"RMUX21@16,7->RMUX92@16,7","RMUX21(+0,+0)->RMUX92","16",2,"afexe_bitgen_pass2_20260920"
"RMUX21@16,7->RMUX92@16,8","RMUX21(+0,-1)->RMUX92","16",2,"afexe_bitgen_pass2_20260920"
"RMUX25@16,7->RMUX0@16,6","RMUX25(+0,+1)->RMUX0","16",2,"afexe_bitgen_pass2_20260920"
"RMUX27@16,7->RMUX20@16,8","RMUX27(+0,-1)->RMUX20","16",2,"afexe_bitgen_pass2_20260920"
"RMUX27@16,7->RMUX20@16,10","RMUX27(+0,-3)->RMUX20","16",2,"afexe_bitgen_pass2_20260920"
"RMUX31@16,7->RMUX25@15,7","RMUX31(+1,+0)->RMUX25","15",2,"afexe_bitgen_pass2_20260920"
"RMUX32@16,7->RMUX27@16,6","RMUX32(+0,+1)->RMUX27","16",2,"afexe_bitgen_pass2_20260920"
"RMUX33@16,7->RMUX39@17,7","RMUX33(-1,+0)->RMUX39","17",2,"afexe_bitgen_pass2_20260920"
"RMUX37@16,7->RMUX49@16,8","RMUX37(+0,-1)->RMUX49","16",2,"afexe_bitgen_pass2_20260920"
"RMUX44@16,7->RMUX74@16,9","RMUX44(+0,-2)->RMUX74","16",2,"afexe_bitgen_pass2_20260920"
"RMUX49@16,7->RMUX7@16,7","RMUX49(+0,+0)->RMUX7","16",2,"afexe_bitgen_pass2_20260920"
"RMUX50@16,7->RMUX2@16,7","RMUX50(+0,+0)->RMUX2","16",2,"afexe_bitgen_pass2_20260920"
"RMUX50@16,7->RMUX8@16,8","RMUX50(+0,-1)->RMUX8","16",2,"afexe_bitgen_pass2_20260920"
"RMUX50@16,7->RMUX13@16,8","RMUX50(+0,-1)->RMUX13","16",2,"afexe_bitgen_pass2_20260920"
"RMUX61@16,7->RMUX54@15,7","RMUX61(+1,+0)->RMUX54","15",2,"afexe_bitgen_pass2_20260920"
"RMUX62@16,7->RMUX67@16,6","RMUX62(+0,+1)->RMUX67","16",2,"afexe_bitgen_pass2_20260920"
"RMUX69@16,7->RMUX83@16,6","RMUX69(+0,+1)->RMUX83","16",2,"afexe_bitgen_pass2_20260920"
"RMUX69@16,7->RMUX86@16,7","RMUX69(+0,+0)->RMUX86","16",2,"afexe_bitgen_pass2_20260920"
"RMUX69@16,7->RMUX87@16,7","RMUX69(+0,+0)->RMUX87","16",2,"afexe_bitgen_pass2_20260920"
"RMUX73@16,7->RMUX1@16,10","RMUX73(+0,-3)->RMUX1","16",2,"afexe_bitgen_pass2_20260920"
"RMUX80@16,7->RMUX26@16,7","RMUX80(+0,+0)->RMUX26","16",2,"afexe_bitgen_pass2_20260920"
"RMUX85@16,7->RMUX65@16,6","RMUX85(+0,+1)->RMUX65","16",2,"afexe_bitgen_pass2_20260920"
"RMUX86@16,7->RMUX57@16,7","RMUX86(+0,+0)->RMUX57","16",2,"afexe_bitgen_pass2_20260920"
"RMUX87@16,7->RMUX68@16,7","RMUX87(+0,+0)->RMUX68","16",2,"afexe_bitgen_pass2_20260920"
"RMUX87@16,7->RMUX59@16,8","RMUX87(+0,-1)->RMUX59","16",2,"afexe_bitgen_pass2_20260920"
"RMUX87@16,7->RMUX63@16,8","RMUX87(+0,-1)->RMUX63","16",2,"afexe_bitgen_pass2_20260920"
"RMUX92@16,7->RMUX74@16,6","RMUX92(+0,+1)->RMUX74","16",2,"afexe_bitgen_pass2_20260920"
"RMUX92@16,7->RMUX80@16,6","RMUX92(+0,+1)->RMUX80","16",2,"afexe_bitgen_pass2_20260920"
"RMUX92@16,7->RMUX81@16,6","RMUX92(+0,+1)->RMUX81","16",2,"afexe_bitgen_pass2_20260920"
"RMUX93@16,7->RMUX87@17,7","RMUX93(-1,+0)->RMUX87","17",2,"afexe_bitgen_pass2_20260920"
"RMUX3@16,8->RMUX14@17,8","RMUX3(-1,+0)->RMUX14","17",2,"afexe_bitgen_pass2_20260920"
"RMUX7@16,8->RMUX24@16,9","RMUX7(+0,-1)->RMUX24","16",2,"afexe_bitgen_pass2_20260920"
"RMUX7@16,8->RMUX46@16,9","RMUX7(+0,-1)->RMUX46","16",2,"afexe_bitgen_pass2_20260920"
"RMUX7@16,8->RMUX31@16,11","RMUX7(+0,-3)->RMUX31","16",2,"afexe_bitgen_pass2_20260920"
"RMUX8@16,8->RMUX33@15,8","RMUX8(+1,+0)->RMUX33","15",2,"afexe_bitgen_pass2_20260920"
"RMUX8@16,8->RMUX37@15,8","RMUX8(+1,+0)->RMUX37","15",2,"afexe_bitgen_pass2_20260920"
"RMUX9@16,8->RMUX38@16,5","RMUX9(+0,+3)->RMUX38","16",2,"afexe_bitgen_pass2_20260920"
"RMUX9@16,8->RMUX38@16,6","RMUX9(+0,+2)->RMUX38","16",2,"afexe_bitgen_pass2_20260920"
"RMUX9@16,8->RMUX44@16,7","RMUX9(+0,+1)->RMUX44","16",2,"afexe_bitgen_pass2_20260920"
"RMUX15@16,8->RMUX69@16,8","RMUX15(+0,+0)->RMUX69","16",2,"afexe_bitgen_pass2_20260920"
"RMUX19@16,8->RMUX72@16,7","RMUX19(+0,+1)->RMUX72","16",2,"afexe_bitgen_pass2_20260920"
"RMUX21@16,8->RMUX86@16,8","RMUX21(+0,+0)->RMUX86","16",2,"afexe_bitgen_pass2_20260920"
"RMUX21@16,8->RMUX92@16,8","RMUX21(+0,+0)->RMUX92","16",2,"afexe_bitgen_pass2_20260920"
"RMUX21@16,8->RMUX92@16,9","RMUX21(+0,-1)->RMUX92","16",2,"afexe_bitgen_pass2_20260920"
"RMUX25@16,8->RMUX0@16,7","RMUX25(+0,+1)->RMUX0","16",2,"afexe_bitgen_pass2_20260920"
"RMUX27@16,8->RMUX20@16,9","RMUX27(+0,-1)->RMUX20","16",2,"afexe_bitgen_pass2_20260920"
"RMUX27@16,8->RMUX20@16,11","RMUX27(+0,-3)->RMUX20","16",2,"afexe_bitgen_pass2_20260920"
"RMUX31@16,8->RMUX25@15,8","RMUX31(+1,+0)->RMUX25","15",2,"afexe_bitgen_pass2_20260920"
"RMUX32@16,8->RMUX27@16,7","RMUX32(+0,+1)->RMUX27","16",2,"afexe_bitgen_pass2_20260920"
"RMUX33@16,8->RMUX39@17,8","RMUX33(-1,+0)->RMUX39","17",2,"afexe_bitgen_pass2_20260920"
"RMUX37@16,8->RMUX49@16,9","RMUX37(+0,-1)->RMUX49","16",2,"afexe_bitgen_pass2_20260920"
"RMUX44@16,8->RMUX74@16,10","RMUX44(+0,-2)->RMUX74","16",2,"afexe_bitgen_pass2_20260920"
"RMUX49@16,8->RMUX7@16,8","RMUX49(+0,+0)->RMUX7","16",2,"afexe_bitgen_pass2_20260920"
"RMUX50@16,8->RMUX2@16,8","RMUX50(+0,+0)->RMUX2","16",2,"afexe_bitgen_pass2_20260920"
"RMUX50@16,8->RMUX8@16,9","RMUX50(+0,-1)->RMUX8","16",2,"afexe_bitgen_pass2_20260920"
"RMUX50@16,8->RMUX13@16,9","RMUX50(+0,-1)->RMUX13","16",2,"afexe_bitgen_pass2_20260920"
"RMUX61@16,8->RMUX54@15,8","RMUX61(+1,+0)->RMUX54","15",2,"afexe_bitgen_pass2_20260920"
"RMUX62@16,8->RMUX67@16,7","RMUX62(+0,+1)->RMUX67","16",2,"afexe_bitgen_pass2_20260920"
"RMUX69@16,8->RMUX83@16,7","RMUX69(+0,+1)->RMUX83","16",2,"afexe_bitgen_pass2_20260920"
"RMUX69@16,8->RMUX86@16,8","RMUX69(+0,+0)->RMUX86","16",2,"afexe_bitgen_pass2_20260920"
"RMUX69@16,8->RMUX87@16,8","RMUX69(+0,+0)->RMUX87","16",2,"afexe_bitgen_pass2_20260920"
"RMUX73@16,8->RMUX1@16,11","RMUX73(+0,-3)->RMUX1","16",2,"afexe_bitgen_pass2_20260920"
"RMUX80@16,8->RMUX26@16,8","RMUX80(+0,+0)->RMUX26","16",2,"afexe_bitgen_pass2_20260920"
"RMUX85@16,8->RMUX65@16,7","RMUX85(+0,+1)->RMUX65","16",2,"afexe_bitgen_pass2_20260920"
"RMUX86@16,8->RMUX57@16,8","RMUX86(+0,+0)->RMUX57","16",2,"afexe_bitgen_pass2_20260920"
"RMUX87@16,8->RMUX68@16,8","RMUX87(+0,+0)->RMUX68","16",2,"afexe_bitgen_pass2_20260920"
"RMUX87@16,8->RMUX59@16,9","RMUX87(+0,-1)->RMUX59","16",2,"afexe_bitgen_pass2_20260920"
"RMUX87@16,8->RMUX63@16,9","RMUX87(+0,-1)->RMUX63","16",2,"afexe_bitgen_pass2_20260920"
"RMUX92@16,8->RMUX74@16,7","RMUX92(+0,+1)->RMUX74","16",2,"afexe_bitgen_pass2_20260920"
"RMUX92@16,8->RMUX80@16,7","RMUX92(+0,+1)->RMUX80","16",2,"afexe_bitgen_pass2_20260920"
"RMUX92@16,8->RMUX81@16,7","RMUX92(+0,+1)->RMUX81","16",2,"afexe_bitgen_pass2_20260920"
"RMUX93@16,8->RMUX87@17,8","RMUX93(-1,+0)->RMUX87","17",2,"afexe_bitgen_pass2_20260920"
"RMUX3@16,9->RMUX21@16,9","RMUX3(+0,+0)->RMUX21","16",2,"afexe_bitgen_pass2_20260920"
"RMUX3@16,9->RMUX14@17,9","RMUX3(-1,+0)->RMUX14","17",2,"afexe_bitgen_pass2_20260920"
"RMUX7@16,9->RMUX24@16,10","RMUX7(+0,-1)->RMUX24","16",2,"afexe_bitgen_pass2_20260920"
"RMUX7@16,9->RMUX46@16,10","RMUX7(+0,-1)->RMUX46","16",2,"afexe_bitgen_pass2_20260920"
"RMUX7@16,9->RMUX31@16,12","RMUX7(+0,-3)->RMUX31","16",2,"afexe_bitgen_pass2_20260920"
"RMUX8@16,9->RMUX26@15,9","RMUX8(+1,+0)->RMUX26","15",2,"afexe_bitgen_pass2_20260920"
"RMUX9@16,9->RMUX38@16,6","RMUX9(+0,+3)->RMUX38","16",2,"afexe_bitgen_pass2_20260920"
"RMUX9@16,9->RMUX38@16,7","RMUX9(+0,+2)->RMUX38","16",2,"afexe_bitgen_pass2_20260920"
"RMUX9@16,9->RMUX38@16,8","RMUX9(+0,+1)->RMUX38","16",2,"afexe_bitgen_pass2_20260920"
"RMUX9@16,9->RMUX44@16,8","RMUX9(+0,+1)->RMUX44","16",2,"afexe_bitgen_pass2_20260920"
"RMUX15@16,9->RMUX69@16,9","RMUX15(+0,+0)->RMUX69","16",2,"afexe_bitgen_pass2_20260920"
"RMUX19@16,9->RMUX72@16,8","RMUX19(+0,+1)->RMUX72","16",2,"afexe_bitgen_pass2_20260920"
"RMUX21@16,9->RMUX86@16,9","RMUX21(+0,+0)->RMUX86","16",2,"afexe_bitgen_pass2_20260920"
"RMUX21@16,9->RMUX92@16,9","RMUX21(+0,+0)->RMUX92","16",2,"afexe_bitgen_pass2_20260920"
"RMUX21@16,9->RMUX92@16,10","RMUX21(+0,-1)->RMUX92","16",2,"afexe_bitgen_pass2_20260920"
"RMUX25@16,9->RMUX0@16,8","RMUX25(+0,+1)->RMUX0","16",2,"afexe_bitgen_pass2_20260920"
"RMUX27@16,9->RMUX20@16,10","RMUX27(+0,-1)->RMUX20","16",2,"afexe_bitgen_pass2_20260920"
"RMUX27@16,9->RMUX20@16,12","RMUX27(+0,-3)->RMUX20","16",2,"afexe_bitgen_pass2_20260920"
"RMUX31@16,9->RMUX25@15,9","RMUX31(+1,+0)->RMUX25","15",2,"afexe_bitgen_pass2_20260920"
"RMUX32@16,9->RMUX27@16,8","RMUX32(+0,+1)->RMUX27","16",2,"afexe_bitgen_pass2_20260920"
"RMUX33@16,9->RMUX39@17,9","RMUX33(-1,+0)->RMUX39","17",2,"afexe_bitgen_pass2_20260920"
"RMUX37@16,9->RMUX49@16,10","RMUX37(+0,-1)->RMUX49","16",2,"afexe_bitgen_pass2_20260920"
"RMUX44@16,9->RMUX85@16,9","RMUX44(+0,+0)->RMUX85","16",2,"afexe_bitgen_pass2_20260920"
"RMUX44@16,9->RMUX74@16,11","RMUX44(+0,-2)->RMUX74","16",2,"afexe_bitgen_pass2_20260920"
"RMUX49@16,9->RMUX7@16,9","RMUX49(+0,+0)->RMUX7","16",2,"afexe_bitgen_pass2_20260920"
"RMUX50@16,9->RMUX2@16,9","RMUX50(+0,+0)->RMUX2","16",2,"afexe_bitgen_pass2_20260920"
"RMUX50@16,9->RMUX8@16,10","RMUX50(+0,-1)->RMUX8","16",2,"afexe_bitgen_pass2_20260920"
"RMUX50@16,9->RMUX13@16,10","RMUX50(+0,-1)->RMUX13","16",2,"afexe_bitgen_pass2_20260920"
"RMUX61@16,9->RMUX54@15,9","RMUX61(+1,+0)->RMUX54","15",2,"afexe_bitgen_pass2_20260920"
"RMUX62@16,9->RMUX67@16,8","RMUX62(+0,+1)->RMUX67","16",2,"afexe_bitgen_pass2_20260920"
"RMUX69@16,9->RMUX83@16,8","RMUX69(+0,+1)->RMUX83","16",2,"afexe_bitgen_pass2_20260920"
"RMUX69@16,9->RMUX86@16,9","RMUX69(+0,+0)->RMUX86","16",2,"afexe_bitgen_pass2_20260920"
"RMUX69@16,9->RMUX87@16,9","RMUX69(+0,+0)->RMUX87","16",2,"afexe_bitgen_pass2_20260920"
"RMUX73@16,9->RMUX1@16,12","RMUX73(+0,-3)->RMUX1","16",2,"afexe_bitgen_pass2_20260920"
"RMUX80@16,9->RMUX26@16,9","RMUX80(+0,+0)->RMUX26","16",2,"afexe_bitgen_pass2_20260920"
"RMUX85@16,9->RMUX65@16,8","RMUX85(+0,+1)->RMUX65","16",2,"afexe_bitgen_pass2_20260920"
"RMUX86@16,9->RMUX57@16,9","RMUX86(+0,+0)->RMUX57","16",2,"afexe_bitgen_pass2_20260920"
"RMUX87@16,9->RMUX68@16,9","RMUX87(+0,+0)->RMUX68","16",2,"afexe_bitgen_pass2_20260920"
"RMUX87@16,9->RMUX59@16,10","RMUX87(+0,-1)->RMUX59","16",2,"afexe_bitgen_pass2_20260920"
"RMUX87@16,9->RMUX63@16,10","RMUX87(+0,-1)->RMUX63","16",2,"afexe_bitgen_pass2_20260920"
"RMUX92@16,9->RMUX74@16,8","RMUX92(+0,+1)->RMUX74","16",2,"afexe_bitgen_pass2_20260920"
"RMUX92@16,9->RMUX80@16,8","RMUX92(+0,+1)->RMUX80","16",2,"afexe_bitgen_pass2_20260920"
"RMUX92@16,9->RMUX81@16,8","RMUX92(+0,+1)->RMUX81","16",2,"afexe_bitgen_pass2_20260920"
"RMUX93@16,9->RMUX87@17,9","RMUX93(-1,+0)->RMUX87","17",2,"afexe_bitgen_pass2_20260920"
"RMUX3@16,10->RMUX15@16,10","RMUX3(+0,+0)->RMUX15","16",2,"afexe_bitgen_pass2_20260920"
"RMUX3@16,10->RMUX21@16,10","RMUX3(+0,+0)->RMUX21","16",2,"afexe_bitgen_pass2_20260920"
"RMUX3@16,10->RMUX14@17,10","RMUX3(-1,+0)->RMUX14","17",2,"afexe_bitgen_pass2_20260920"
"RMUX7@16,10->RMUX24@16,11","RMUX7(+0,-1)->RMUX24","16",2,"afexe_bitgen_pass2_20260920"
"RMUX7@16,10->RMUX46@16,11","RMUX7(+0,-1)->RMUX46","16",2,"afexe_bitgen_pass2_20260920"
"RMUX8@16,10->RMUX33@15,10","RMUX8(+1,+0)->RMUX33","15",2,"afexe_bitgen_pass2_20260920"
"RMUX8@16,10->RMUX37@15,10","RMUX8(+1,+0)->RMUX37","15",2,"afexe_bitgen_pass2_20260920"
"RMUX9@16,10->RMUX38@16,7","RMUX9(+0,+3)->RMUX38","16",2,"afexe_bitgen_pass2_20260920"
"RMUX9@16,10->RMUX38@16,8","RMUX9(+0,+2)->RMUX38","16",2,"afexe_bitgen_pass2_20260920"
"RMUX9@16,10->RMUX44@16,9","RMUX9(+0,+1)->RMUX44","16",2,"afexe_bitgen_pass2_20260920"
"RMUX15@16,10->RMUX69@16,10","RMUX15(+0,+0)->RMUX69","16",2,"afexe_bitgen_pass2_20260920"
"RMUX19@16,10->RMUX72@16,9","RMUX19(+0,+1)->RMUX72","16",2,"afexe_bitgen_pass2_20260920"
"RMUX21@16,10->RMUX86@16,10","RMUX21(+0,+0)->RMUX86","16",2,"afexe_bitgen_pass2_20260920"
"RMUX21@16,10->RMUX92@16,10","RMUX21(+0,+0)->RMUX92","16",2,"afexe_bitgen_pass2_20260920"
"RMUX21@16,10->RMUX92@16,11","RMUX21(+0,-1)->RMUX92","16",2,"afexe_bitgen_pass2_20260920"
"RMUX25@16,10->RMUX0@16,9","RMUX25(+0,+1)->RMUX0","16",2,"afexe_bitgen_pass2_20260920"
"RMUX27@16,10->RMUX20@16,11","RMUX27(+0,-1)->RMUX20","16",2,"afexe_bitgen_pass2_20260920"
"RMUX31@16,10->RMUX25@15,10","RMUX31(+1,+0)->RMUX25","15",2,"afexe_bitgen_pass2_20260920"
"RMUX32@16,10->RMUX27@16,9","RMUX32(+0,+1)->RMUX27","16",2,"afexe_bitgen_pass2_20260920"
"RMUX33@16,10->RMUX39@17,10","RMUX33(-1,+0)->RMUX39","17",2,"afexe_bitgen_pass2_20260920"
"RMUX37@16,10->RMUX49@16,11","RMUX37(+0,-1)->RMUX49","16",2,"afexe_bitgen_pass2_20260920"
"RMUX44@16,10->RMUX85@16,10","RMUX44(+0,+0)->RMUX85","16",2,"afexe_bitgen_pass2_20260920"
"RMUX44@16,10->RMUX74@16,12","RMUX44(+0,-2)->RMUX74","16",2,"afexe_bitgen_pass2_20260920"
"RMUX49@16,10->RMUX7@16,10","RMUX49(+0,+0)->RMUX7","16",2,"afexe_bitgen_pass2_20260920"
"RMUX50@16,10->RMUX2@16,10","RMUX50(+0,+0)->RMUX2","16",2,"afexe_bitgen_pass2_20260920"
"RMUX50@16,10->RMUX8@16,11","RMUX50(+0,-1)->RMUX8","16",2,"afexe_bitgen_pass2_20260920"
"RMUX50@16,10->RMUX13@16,11","RMUX50(+0,-1)->RMUX13","16",2,"afexe_bitgen_pass2_20260920"
"RMUX61@16,10->RMUX54@15,10","RMUX61(+1,+0)->RMUX54","15",2,"afexe_bitgen_pass2_20260920"
"RMUX62@16,10->RMUX67@16,9","RMUX62(+0,+1)->RMUX67","16",2,"afexe_bitgen_pass2_20260920"
"RMUX69@16,10->RMUX83@16,9","RMUX69(+0,+1)->RMUX83","16",2,"afexe_bitgen_pass2_20260920"
"RMUX69@16,10->RMUX86@16,10","RMUX69(+0,+0)->RMUX86","16",2,"afexe_bitgen_pass2_20260920"
"RMUX69@16,10->RMUX87@16,10","RMUX69(+0,+0)->RMUX87","16",2,"afexe_bitgen_pass2_20260920"
"RMUX80@16,10->RMUX26@16,10","RMUX80(+0,+0)->RMUX26","16",2,"afexe_bitgen_pass2_20260920"
"RMUX85@16,10->RMUX65@16,9","RMUX85(+0,+1)->RMUX65","16",2,"afexe_bitgen_pass2_20260920"
"RMUX86@16,10->RMUX57@16,10","RMUX86(+0,+0)->RMUX57","16",2,"afexe_bitgen_pass2_20260920"
"RMUX87@16,10->RMUX68@16,10","RMUX87(+0,+0)->RMUX68","16",2,"afexe_bitgen_pass2_20260920"
"RMUX87@16,10->RMUX59@16,11","RMUX87(+0,-1)->RMUX59","16",2,"afexe_bitgen_pass2_20260920"
"RMUX87@16,10->RMUX63@16,11","RMUX87(+0,-1)->RMUX63","16",2,"afexe_bitgen_pass2_20260920"
"RMUX92@16,10->RMUX74@16,9","RMUX92(+0,+1)->RMUX74","16",2,"afexe_bitgen_pass2_20260920"
"RMUX92@16,10->RMUX80@16,9","RMUX92(+0,+1)->RMUX80","16",2,"afexe_bitgen_pass2_20260920"
"RMUX92@16,10->RMUX81@16,9","RMUX92(+0,+1)->RMUX81","16",2,"afexe_bitgen_pass2_20260920"
"RMUX93@16,10->RMUX87@17,10","RMUX93(-1,+0)->RMUX87","17",2,"afexe_bitgen_pass2_20260920"
"RMUX3@16,11->RMUX21@16,11","RMUX3(+0,+0)->RMUX21","16",2,"afexe_bitgen_pass2_20260920"
"RMUX3@16,11->RMUX14@17,11","RMUX3(-1,+0)->RMUX14","17",2,"afexe_bitgen_pass2_20260920"
"RMUX7@16,11->RMUX24@16,12","RMUX7(+0,-1)->RMUX24","16",2,"afexe_bitgen_pass2_20260920"
"RMUX7@16,11->RMUX46@16,12","RMUX7(+0,-1)->RMUX46","16",2,"afexe_bitgen_pass2_20260920"
"RMUX8@16,11->RMUX27@15,11","RMUX8(+1,+0)->RMUX27","15",2,"afexe_bitgen_pass2_20260920"
"RMUX8@16,11->RMUX37@15,11","RMUX8(+1,+0)->RMUX37","15",2,"afexe_bitgen_pass2_20260920"
"RMUX9@16,11->RMUX38@16,8","RMUX9(+0,+3)->RMUX38","16",2,"afexe_bitgen_pass2_20260920"
"RMUX9@16,11->RMUX38@16,9","RMUX9(+0,+2)->RMUX38","16",2,"afexe_bitgen_pass2_20260920"
"RMUX15@16,11->RMUX69@16,11","RMUX15(+0,+0)->RMUX69","16",2,"afexe_bitgen_pass2_20260920"
"RMUX21@16,11->RMUX86@16,11","RMUX21(+0,+0)->RMUX86","16",2,"afexe_bitgen_pass2_20260920"
"RMUX21@16,11->RMUX92@16,11","RMUX21(+0,+0)->RMUX92","16",2,"afexe_bitgen_pass2_20260920"
"RMUX21@16,11->RMUX92@16,12","RMUX21(+0,-1)->RMUX92","16",2,"afexe_bitgen_pass2_20260920"
"RMUX27@16,11->RMUX20@16,12","RMUX27(+0,-1)->RMUX20","16",2,"afexe_bitgen_pass2_20260920"
"RMUX31@16,11->RMUX25@15,11","RMUX31(+1,+0)->RMUX25","15",2,"afexe_bitgen_pass2_20260920"
"RMUX33@16,11->RMUX39@17,11","RMUX33(-1,+0)->RMUX39","17",2,"afexe_bitgen_pass2_20260920"
"RMUX37@16,11->RMUX49@16,12","RMUX37(+0,-1)->RMUX49","16",2,"afexe_bitgen_pass2_20260920"
"RMUX49@16,11->RMUX7@16,11","RMUX49(+0,+0)->RMUX7","16",2,"afexe_bitgen_pass2_20260920"
"RMUX50@16,11->RMUX2@16,11","RMUX50(+0,+0)->RMUX2","16",2,"afexe_bitgen_pass2_20260920"
"RMUX50@16,11->RMUX8@16,12","RMUX50(+0,-1)->RMUX8","16",2,"afexe_bitgen_pass2_20260920"
"RMUX50@16,11->RMUX13@16,12","RMUX50(+0,-1)->RMUX13","16",2,"afexe_bitgen_pass2_20260920"
"RMUX61@16,11->RMUX54@15,11","RMUX61(+1,+0)->RMUX54","15",2,"afexe_bitgen_pass2_20260920"
"RMUX80@16,11->RMUX26@16,11","RMUX80(+0,+0)->RMUX26","16",2,"afexe_bitgen_pass2_20260920"
"RMUX86@16,11->RMUX57@16,11","RMUX86(+0,+0)->RMUX57","16",2,"afexe_bitgen_pass2_20260920"
"RMUX87@16,11->RMUX68@16,11","RMUX87(+0,+0)->RMUX68","16",2,"afexe_bitgen_pass2_20260920"
"RMUX87@16,11->RMUX59@16,12","RMUX87(+0,-1)->RMUX59","16",2,"afexe_bitgen_pass2_20260920"
"RMUX87@16,11->RMUX63@16,12","RMUX87(+0,-1)->RMUX63","16",2,"afexe_bitgen_pass2_20260920"
"RMUX93@16,11->RMUX87@17,11","RMUX93(-1,+0)->RMUX87","17",2,"afexe_bitgen_pass2_20260920"
"RMUX3@16,12->RMUX14@17,12","RMUX3(-1,+0)->RMUX14","17",2,"afexe_bitgen_pass2_20260920"
"RMUX8@16,12->RMUX37@15,12","RMUX8(+1,+0)->RMUX37","15",2,"afexe_bitgen_pass2_20260920"
"RMUX9@16,12->RMUX38@16,9","RMUX9(+0,+3)->RMUX38","16",2,"afexe_bitgen_pass2_20260920"
"RMUX9@16,12->RMUX38@16,10","RMUX9(+0,+2)->RMUX38","16",2,"afexe_bitgen_pass2_20260920"
"RMUX9@16,12->RMUX38@16,11","RMUX9(+0,+1)->RMUX38","16",2,"afexe_bitgen_pass2_20260920"
"RMUX9@16,12->RMUX44@16,11","RMUX9(+0,+1)->RMUX44","16",2,"afexe_bitgen_pass2_20260920"
"RMUX9@16,12->RMUX38@16,12","RMUX9(+0,+0)->RMUX38","16",2,"afexe_bitgen_pass2_20260920"
"RMUX15@16,12->RMUX69@16,12","RMUX15(+0,+0)->RMUX69","16",2,"afexe_bitgen_pass2_20260920"
"RMUX19@16,12->RMUX72@16,11","RMUX19(+0,+1)->RMUX72","16",2,"afexe_bitgen_pass2_20260920"
"RMUX21@16,12->RMUX86@16,12","RMUX21(+0,+0)->RMUX86","16",2,"afexe_bitgen_pass2_20260920"
"RMUX21@16,12->RMUX92@16,12","RMUX21(+0,+0)->RMUX92","16",2,"afexe_bitgen_pass2_20260920"
"RMUX25@16,12->RMUX0@16,11","RMUX25(+0,+1)->RMUX0","16",2,"afexe_bitgen_pass2_20260920"
"RMUX31@16,12->RMUX25@15,12","RMUX31(+1,+0)->RMUX25","15",2,"afexe_bitgen_pass2_20260920"
"RMUX32@16,12->RMUX27@16,11","RMUX32(+0,+1)->RMUX27","16",2,"afexe_bitgen_pass2_20260920"
"RMUX33@16,12->RMUX39@17,12","RMUX33(-1,+0)->RMUX39","17",2,"afexe_bitgen_pass2_20260920"
"RMUX49@16,12->RMUX7@16,12","RMUX49(+0,+0)->RMUX7","16",2,"afexe_bitgen_pass2_20260920"
"RMUX50@16,12->RMUX2@16,12","RMUX50(+0,+0)->RMUX2","16",2,"afexe_bitgen_pass2_20260920"
"RMUX61@16,12->RMUX54@15,12","RMUX61(+1,+0)->RMUX54","15",2,"afexe_bitgen_pass2_20260920"
"RMUX62@16,12->RMUX67@16,11","RMUX62(+0,+1)->RMUX67","16",2,"afexe_bitgen_pass2_20260920"
"RMUX69@16,12->RMUX83@16,11","RMUX69(+0,+1)->RMUX83","16",2,"afexe_bitgen_pass2_20260920"
"RMUX69@16,12->RMUX86@16,12","RMUX69(+0,+0)->RMUX86","16",2,"afexe_bitgen_pass2_20260920"
"RMUX69@16,12->RMUX87@16,12","RMUX69(+0,+0)->RMUX87","16",2,"afexe_bitgen_pass2_20260920"
"RMUX80@16,12->RMUX26@16,12","RMUX80(+0,+0)->RMUX26","16",2,"afexe_bitgen_pass2_20260920"
"RMUX85@16,12->RMUX65@16,11","RMUX85(+0,+1)->RMUX65","16",2,"afexe_bitgen_pass2_20260920"
"RMUX86@16,12->RMUX57@16,12","RMUX86(+0,+0)->RMUX57","16",2,"afexe_bitgen_pass2_20260920"
"RMUX87@16,12->RMUX68@16,12","RMUX87(+0,+0)->RMUX68","16",2,"afexe_bitgen_pass2_20260920"
"RMUX92@16,12->RMUX74@16,11","RMUX92(+0,+1)->RMUX74","16",2,"afexe_bitgen_pass2_20260920"
"RMUX92@16,12->RMUX80@16,11","RMUX92(+0,+1)->RMUX80","16",2,"afexe_bitgen_pass2_20260920"
"RMUX92@16,12->RMUX81@16,11","RMUX92(+0,+1)->RMUX81","16",2,"afexe_bitgen_pass2_20260920"
"RMUX93@16,12->RMUX87@17,12","RMUX93(-1,+0)->RMUX87","17",2,"afexe_bitgen_pass2_20260920"
"RMUX3@17,1->RMUX14@18,1","RMUX3(-1,+0)->RMUX14","18",2,"afexe_bitgen_pass2_20260920"
"RMUX8@17,1->RMUX26@16,1","RMUX8(+1,+0)->RMUX26","16",2,"afexe_bitgen_pass2_20260920"
"RMUX15@17,1->RMUX69@17,1","RMUX15(+0,+0)->RMUX69","17",2,"afexe_bitgen_pass2_20260920"
"RMUX18@17,1->IMUX19@16,1","RMUX18(+1,+0)->IMUX19","16",2,"afexe_bitgen_pass2_20260920"
"RMUX21@17,1->RMUX92@17,1","RMUX21(+0,+0)->RMUX92","17",2,"afexe_bitgen_pass2_20260920"
"RMUX21@17,1->RMUX92@17,2","RMUX21(+0,-1)->RMUX92","17",2,"afexe_bitgen_pass2_20260920"
"RMUX27@17,1->RMUX20@17,2","RMUX27(+0,-1)->RMUX20","17",2,"afexe_bitgen_pass2_20260920"
"RMUX27@17,1->RMUX20@17,4","RMUX27(+0,-3)->RMUX20","17",2,"afexe_bitgen_pass2_20260920"
"RMUX31@17,1->RMUX25@16,1","RMUX31(+1,+0)->RMUX25","16",2,"afexe_bitgen_pass2_20260920"
"RMUX33@17,1->RMUX39@18,1","RMUX33(-1,+0)->RMUX39","18",2,"afexe_bitgen_pass2_20260920"
"RMUX44@17,1->RMUX74@17,3","RMUX44(+0,-2)->RMUX74","17",2,"afexe_bitgen_pass2_20260920"
"RMUX49@17,1->RMUX7@17,1","RMUX49(+0,+0)->RMUX7","17",2,"afexe_bitgen_pass2_20260920"
"RMUX50@17,1->RMUX2@17,1","RMUX50(+0,+0)->RMUX2","17",2,"afexe_bitgen_pass2_20260920"
"RMUX50@17,1->RMUX8@17,2","RMUX50(+0,-1)->RMUX8","17",2,"afexe_bitgen_pass2_20260920"
"RMUX50@17,1->RMUX13@17,2","RMUX50(+0,-1)->RMUX13","17",2,"afexe_bitgen_pass2_20260920"
"RMUX61@17,1->RMUX54@16,1","RMUX61(+1,+0)->RMUX54","16",2,"afexe_bitgen_pass2_20260920"
"RMUX69@17,1->RMUX86@17,1","RMUX69(+0,+0)->RMUX86","17",2,"afexe_bitgen_pass2_20260920"
"RMUX69@17,1->RMUX87@17,1","RMUX69(+0,+0)->RMUX87","17",2,"afexe_bitgen_pass2_20260920"
"RMUX73@17,1->RMUX1@17,4","RMUX73(+0,-3)->RMUX1","17",2,"afexe_bitgen_pass2_20260920"
"RMUX80@17,1->RMUX26@17,1","RMUX80(+0,+0)->RMUX26","17",2,"afexe_bitgen_pass2_20260920"
"RMUX86@17,1->RMUX57@17,1","RMUX86(+0,+0)->RMUX57","17",2,"afexe_bitgen_pass2_20260920"
"RMUX93@17,1->RMUX87@18,1","RMUX93(-1,+0)->RMUX87","18",2,"afexe_bitgen_pass2_20260920"
"RMUX3@17,2->RMUX14@18,2","RMUX3(-1,+0)->RMUX14","18",2,"afexe_bitgen_pass2_20260920"
"RMUX7@17,2->RMUX31@17,5","RMUX7(+0,-3)->RMUX31","17",2,"afexe_bitgen_pass2_20260920"
"RMUX9@17,2->RMUX44@17,1","RMUX9(+0,+1)->RMUX44","17",2,"afexe_bitgen_pass2_20260920"
"RMUX15@17,2->RMUX69@17,2","RMUX15(+0,+0)->RMUX69","17",2,"afexe_bitgen_pass2_20260920"
"RMUX19@17,2->RMUX72@17,1","RMUX19(+0,+1)->RMUX72","17",2,"afexe_bitgen_pass2_20260920"
"RMUX25@17,2->RMUX0@17,1","RMUX25(+0,+1)->RMUX0","17",2,"afexe_bitgen_pass2_20260920"
"RMUX27@17,2->RMUX20@17,5","RMUX27(+0,-3)->RMUX20","17",2,"afexe_bitgen_pass2_20260920"
"RMUX31@17,2->RMUX25@16,2","RMUX31(+1,+0)->RMUX25","16",2,"afexe_bitgen_pass2_20260920"
"RMUX32@17,2->RMUX27@17,1","RMUX32(+0,+1)->RMUX27","17",2,"afexe_bitgen_pass2_20260920"
"RMUX33@17,2->RMUX39@18,2","RMUX33(-1,+0)->RMUX39","18",2,"afexe_bitgen_pass2_20260920"
"RMUX44@17,2->RMUX74@17,4","RMUX44(+0,-2)->RMUX74","17",2,"afexe_bitgen_pass2_20260920"
"RMUX49@17,2->RMUX7@17,2","RMUX49(+0,+0)->RMUX7","17",2,"afexe_bitgen_pass2_20260920"
"RMUX61@17,2->RMUX54@16,2","RMUX61(+1,+0)->RMUX54","16",2,"afexe_bitgen_pass2_20260920"
"RMUX62@17,2->RMUX67@17,1","RMUX62(+0,+1)->RMUX67","17",2,"afexe_bitgen_pass2_20260920"
"RMUX69@17,2->RMUX83@17,1","RMUX69(+0,+1)->RMUX83","17",2,"afexe_bitgen_pass2_20260920"
"RMUX69@17,2->RMUX86@17,2","RMUX69(+0,+0)->RMUX86","17",2,"afexe_bitgen_pass2_20260920"
"RMUX69@17,2->RMUX87@17,2","RMUX69(+0,+0)->RMUX87","17",2,"afexe_bitgen_pass2_20260920"
"RMUX73@17,2->RMUX1@17,5","RMUX73(+0,-3)->RMUX1","17",2,"afexe_bitgen_pass2_20260920"
"RMUX85@17,2->RMUX65@17,1","RMUX85(+0,+1)->RMUX65","17",2,"afexe_bitgen_pass2_20260920"
"RMUX86@17,2->RMUX57@17,2","RMUX86(+0,+0)->RMUX57","17",2,"afexe_bitgen_pass2_20260920"
"RMUX92@17,2->RMUX74@17,1","RMUX92(+0,+1)->RMUX74","17",2,"afexe_bitgen_pass2_20260920"
"RMUX92@17,2->RMUX80@17,1","RMUX92(+0,+1)->RMUX80","17",2,"afexe_bitgen_pass2_20260920"
"RMUX92@17,2->RMUX81@17,1","RMUX92(+0,+1)->RMUX81","17",2,"afexe_bitgen_pass2_20260920"
"RMUX93@17,2->RMUX87@18,2","RMUX93(-1,+0)->RMUX87","18",2,"afexe_bitgen_pass2_20260920"
"RMUX3@17,3->RMUX14@18,3","RMUX3(-1,+0)->RMUX14","18",2,"afexe_bitgen_pass2_20260920"
"RMUX7@17,3->RMUX24@17,4","RMUX7(+0,-1)->RMUX24","17",2,"afexe_bitgen_pass2_20260920"
"RMUX7@17,3->RMUX46@17,4","RMUX7(+0,-1)->RMUX46","17",2,"afexe_bitgen_pass2_20260920"
"RMUX7@17,3->RMUX31@17,6","RMUX7(+0,-3)->RMUX31","17",2,"afexe_bitgen_pass2_20260920"
"RMUX9@17,3->RMUX38@17,1","RMUX9(+0,+2)->RMUX38","17",2,"afexe_bitgen_pass2_20260920"
"RMUX9@17,3->RMUX44@17,2","RMUX9(+0,+1)->RMUX44","17",2,"afexe_bitgen_pass2_20260920"
"RMUX15@17,3->RMUX69@17,3","RMUX15(+0,+0)->RMUX69","17",2,"afexe_bitgen_pass2_20260920"
"RMUX19@17,3->RMUX72@17,2","RMUX19(+0,+1)->RMUX72","17",2,"afexe_bitgen_pass2_20260920"
"RMUX21@17,3->RMUX86@17,3","RMUX21(+0,+0)->RMUX86","17",2,"afexe_bitgen_pass2_20260920"
"RMUX21@17,3->RMUX92@17,3","RMUX21(+0,+0)->RMUX92","17",2,"afexe_bitgen_pass2_20260920"
"RMUX21@17,3->RMUX92@17,4","RMUX21(+0,-1)->RMUX92","17",2,"afexe_bitgen_pass2_20260920"
"RMUX25@17,3->RMUX0@17,2","RMUX25(+0,+1)->RMUX0","17",2,"afexe_bitgen_pass2_20260920"
"RMUX27@17,3->RMUX20@17,4","RMUX27(+0,-1)->RMUX20","17",2,"afexe_bitgen_pass2_20260920"
"RMUX27@17,3->RMUX20@17,6","RMUX27(+0,-3)->RMUX20","17",2,"afexe_bitgen_pass2_20260920"
"RMUX31@17,3->RMUX25@16,3","RMUX31(+1,+0)->RMUX25","16",2,"afexe_bitgen_pass2_20260920"
"RMUX32@17,3->RMUX27@17,2","RMUX32(+0,+1)->RMUX27","17",2,"afexe_bitgen_pass2_20260920"
"RMUX33@17,3->RMUX39@18,3","RMUX33(-1,+0)->RMUX39","18",2,"afexe_bitgen_pass2_20260920"
"RMUX37@17,3->RMUX49@17,4","RMUX37(+0,-1)->RMUX49","17",2,"afexe_bitgen_pass2_20260920"
"RMUX44@17,3->RMUX74@17,5","RMUX44(+0,-2)->RMUX74","17",2,"afexe_bitgen_pass2_20260920"
"RMUX49@17,3->RMUX7@17,3","RMUX49(+0,+0)->RMUX7","17",2,"afexe_bitgen_pass2_20260920"
"RMUX50@17,3->RMUX2@17,3","RMUX50(+0,+0)->RMUX2","17",2,"afexe_bitgen_pass2_20260920"
"RMUX50@17,3->RMUX8@17,4","RMUX50(+0,-1)->RMUX8","17",2,"afexe_bitgen_pass2_20260920"
"RMUX50@17,3->RMUX13@17,4","RMUX50(+0,-1)->RMUX13","17",2,"afexe_bitgen_pass2_20260920"
"RMUX61@17,3->RMUX54@16,3","RMUX61(+1,+0)->RMUX54","16",2,"afexe_bitgen_pass2_20260920"
"RMUX62@17,3->RMUX67@17,2","RMUX62(+0,+1)->RMUX67","17",2,"afexe_bitgen_pass2_20260920"
"RMUX69@17,3->RMUX83@17,2","RMUX69(+0,+1)->RMUX83","17",2,"afexe_bitgen_pass2_20260920"
"RMUX69@17,3->RMUX86@17,3","RMUX69(+0,+0)->RMUX86","17",2,"afexe_bitgen_pass2_20260920"
"RMUX69@17,3->RMUX87@17,3","RMUX69(+0,+0)->RMUX87","17",2,"afexe_bitgen_pass2_20260920"
"RMUX73@17,3->RMUX1@17,6","RMUX73(+0,-3)->RMUX1","17",2,"afexe_bitgen_pass2_20260920"
"RMUX80@17,3->RMUX26@17,3","RMUX80(+0,+0)->RMUX26","17",2,"afexe_bitgen_pass2_20260920"
"RMUX85@17,3->RMUX65@17,2","RMUX85(+0,+1)->RMUX65","17",2,"afexe_bitgen_pass2_20260920"
"RMUX86@17,3->RMUX57@17,3","RMUX86(+0,+0)->RMUX57","17",2,"afexe_bitgen_pass2_20260920"
"RMUX87@17,3->RMUX68@17,3","RMUX87(+0,+0)->RMUX68","17",2,"afexe_bitgen_pass2_20260920"
"RMUX87@17,3->RMUX59@17,4","RMUX87(+0,-1)->RMUX59","17",2,"afexe_bitgen_pass2_20260920"
"RMUX87@17,3->RMUX63@17,4","RMUX87(+0,-1)->RMUX63","17",2,"afexe_bitgen_pass2_20260920"
"RMUX92@17,3->RMUX74@17,2","RMUX92(+0,+1)->RMUX74","17",2,"afexe_bitgen_pass2_20260920"
"RMUX92@17,3->RMUX80@17,2","RMUX92(+0,+1)->RMUX80","17",2,"afexe_bitgen_pass2_20260920"
"RMUX92@17,3->RMUX81@17,2","RMUX92(+0,+1)->RMUX81","17",2,"afexe_bitgen_pass2_20260920"
"RMUX93@17,3->RMUX87@18,3","RMUX93(-1,+0)->RMUX87","18",2,"afexe_bitgen_pass2_20260920"
"RMUX7@17,4->RMUX24@17,5","RMUX7(+0,-1)->RMUX24","17",2,"afexe_bitgen_pass2_20260920"
"RMUX7@17,4->RMUX46@17,5","RMUX7(+0,-1)->RMUX46","17",2,"afexe_bitgen_pass2_20260920"
"RMUX7@17,4->RMUX31@17,7","RMUX7(+0,-3)->RMUX31","17",2,"afexe_bitgen_pass2_20260920"
"RMUX9@17,4->RMUX38@17,1","RMUX9(+0,+3)->RMUX38","17",2,"afexe_bitgen_pass2_20260920"
"RMUX9@17,4->RMUX38@17,2","RMUX9(+0,+2)->RMUX38","17",2,"afexe_bitgen_pass2_20260920"
"RMUX9@17,4->RMUX44@17,3","RMUX9(+0,+1)->RMUX44","17",2,"afexe_bitgen_pass2_20260920"
"RMUX9@17,4->RMUX38@17,4","RMUX9(+0,+0)->RMUX38","17",2,"afexe_bitgen_pass2_20260920"
"RMUX15@17,4->RMUX69@17,4","RMUX15(+0,+0)->RMUX69","17",2,"afexe_bitgen_pass2_20260920"
"RMUX19@17,4->RMUX72@17,3","RMUX19(+0,+1)->RMUX72","17",2,"afexe_bitgen_pass2_20260920"
"RMUX21@17,4->RMUX86@17,4","RMUX21(+0,+0)->RMUX86","17",2,"afexe_bitgen_pass2_20260920"
"RMUX21@17,4->RMUX92@17,4","RMUX21(+0,+0)->RMUX92","17",2,"afexe_bitgen_pass2_20260920"
"RMUX21@17,4->RMUX92@17,5","RMUX21(+0,-1)->RMUX92","17",2,"afexe_bitgen_pass2_20260920"
"RMUX25@17,4->RMUX0@17,3","RMUX25(+0,+1)->RMUX0","17",2,"afexe_bitgen_pass2_20260920"
"RMUX27@17,4->RMUX20@17,5","RMUX27(+0,-1)->RMUX20","17",2,"afexe_bitgen_pass2_20260920"
"RMUX27@17,4->RMUX20@17,7","RMUX27(+0,-3)->RMUX20","17",2,"afexe_bitgen_pass2_20260920"
"RMUX31@17,4->RMUX25@16,4","RMUX31(+1,+0)->RMUX25","16",2,"afexe_bitgen_pass2_20260920"
"RMUX32@17,4->RMUX27@17,3","RMUX32(+0,+1)->RMUX27","17",2,"afexe_bitgen_pass2_20260920"
"RMUX33@17,4->RMUX39@18,4","RMUX33(-1,+0)->RMUX39","18",2,"afexe_bitgen_pass2_20260920"
"RMUX37@17,4->RMUX49@17,5","RMUX37(+0,-1)->RMUX49","17",2,"afexe_bitgen_pass2_20260920"
"RMUX44@17,4->RMUX74@17,6","RMUX44(+0,-2)->RMUX74","17",2,"afexe_bitgen_pass2_20260920"
"RMUX49@17,4->RMUX7@17,4","RMUX49(+0,+0)->RMUX7","17",2,"afexe_bitgen_pass2_20260920"
"RMUX50@17,4->RMUX2@17,4","RMUX50(+0,+0)->RMUX2","17",2,"afexe_bitgen_pass2_20260920"
"RMUX50@17,4->RMUX8@17,5","RMUX50(+0,-1)->RMUX8","17",2,"afexe_bitgen_pass2_20260920"
"RMUX50@17,4->RMUX13@17,5","RMUX50(+0,-1)->RMUX13","17",2,"afexe_bitgen_pass2_20260920"
"RMUX61@17,4->RMUX54@16,4","RMUX61(+1,+0)->RMUX54","16",2,"afexe_bitgen_pass2_20260920"
"RMUX62@17,4->RMUX67@17,3","RMUX62(+0,+1)->RMUX67","17",2,"afexe_bitgen_pass2_20260920"
"RMUX69@17,4->RMUX83@17,3","RMUX69(+0,+1)->RMUX83","17",2,"afexe_bitgen_pass2_20260920"
"RMUX69@17,4->RMUX86@17,4","RMUX69(+0,+0)->RMUX86","17",2,"afexe_bitgen_pass2_20260920"
"RMUX69@17,4->RMUX87@17,4","RMUX69(+0,+0)->RMUX87","17",2,"afexe_bitgen_pass2_20260920"
"RMUX73@17,4->RMUX1@17,7","RMUX73(+0,-3)->RMUX1","17",2,"afexe_bitgen_pass2_20260920"
"RMUX80@17,4->RMUX26@17,4","RMUX80(+0,+0)->RMUX26","17",2,"afexe_bitgen_pass2_20260920"
"RMUX85@17,4->RMUX65@17,3","RMUX85(+0,+1)->RMUX65","17",2,"afexe_bitgen_pass2_20260920"
"RMUX86@17,4->RMUX57@17,4","RMUX86(+0,+0)->RMUX57","17",2,"afexe_bitgen_pass2_20260920"
"RMUX87@17,4->RMUX68@17,4","RMUX87(+0,+0)->RMUX68","17",2,"afexe_bitgen_pass2_20260920"
"RMUX87@17,4->RMUX59@17,5","RMUX87(+0,-1)->RMUX59","17",2,"afexe_bitgen_pass2_20260920"
"RMUX87@17,4->RMUX63@17,5","RMUX87(+0,-1)->RMUX63","17",2,"afexe_bitgen_pass2_20260920"
"RMUX92@17,4->RMUX74@17,3","RMUX92(+0,+1)->RMUX74","17",2,"afexe_bitgen_pass2_20260920"
"RMUX92@17,4->RMUX80@17,3","RMUX92(+0,+1)->RMUX80","17",2,"afexe_bitgen_pass2_20260920"
"RMUX92@17,4->RMUX81@17,3","RMUX92(+0,+1)->RMUX81","17",2,"afexe_bitgen_pass2_20260920"
"RMUX93@17,4->RMUX87@18,4","RMUX93(-1,+0)->RMUX87","18",2,"afexe_bitgen_pass2_20260920"
"RMUX3@17,5->RMUX15@17,5","RMUX3(+0,+0)->RMUX15","17",2,"afexe_bitgen_pass2_20260920"
"RMUX3@17,5->RMUX14@18,5","RMUX3(-1,+0)->RMUX14","18",2,"afexe_bitgen_pass2_20260920"
"RMUX7@17,5->RMUX24@17,6","RMUX7(+0,-1)->RMUX24","17",2,"afexe_bitgen_pass2_20260920"
"RMUX7@17,5->RMUX46@17,6","RMUX7(+0,-1)->RMUX46","17",2,"afexe_bitgen_pass2_20260920"
"RMUX7@17,5->RMUX31@17,8","RMUX7(+0,-3)->RMUX31","17",2,"afexe_bitgen_pass2_20260920"
"RMUX9@17,5->RMUX38@17,2","RMUX9(+0,+3)->RMUX38","17",2,"afexe_bitgen_pass2_20260920"
"RMUX9@17,5->RMUX38@17,3","RMUX9(+0,+2)->RMUX38","17",2,"afexe_bitgen_pass2_20260920"
"RMUX9@17,5->RMUX44@17,4","RMUX9(+0,+1)->RMUX44","17",2,"afexe_bitgen_pass2_20260920"
"RMUX15@17,5->RMUX69@17,5","RMUX15(+0,+0)->RMUX69","17",2,"afexe_bitgen_pass2_20260920"
"RMUX19@17,5->RMUX72@17,4","RMUX19(+0,+1)->RMUX72","17",2,"afexe_bitgen_pass2_20260920"
"RMUX21@17,5->RMUX86@17,5","RMUX21(+0,+0)->RMUX86","17",2,"afexe_bitgen_pass2_20260920"
"RMUX21@17,5->RMUX92@17,5","RMUX21(+0,+0)->RMUX92","17",2,"afexe_bitgen_pass2_20260920"
"RMUX21@17,5->RMUX92@17,6","RMUX21(+0,-1)->RMUX92","17",2,"afexe_bitgen_pass2_20260920"
"RMUX25@17,5->RMUX0@17,4","RMUX25(+0,+1)->RMUX0","17",2,"afexe_bitgen_pass2_20260920"
"RMUX27@17,5->RMUX20@17,6","RMUX27(+0,-1)->RMUX20","17",2,"afexe_bitgen_pass2_20260920"
"RMUX27@17,5->RMUX20@17,8","RMUX27(+0,-3)->RMUX20","17",2,"afexe_bitgen_pass2_20260920"
"RMUX31@17,5->RMUX25@16,5","RMUX31(+1,+0)->RMUX25","16",2,"afexe_bitgen_pass2_20260920"
"RMUX32@17,5->RMUX27@17,4","RMUX32(+0,+1)->RMUX27","17",2,"afexe_bitgen_pass2_20260920"
"RMUX33@17,5->RMUX39@18,5","RMUX33(-1,+0)->RMUX39","18",2,"afexe_bitgen_pass2_20260920"
"RMUX37@17,5->RMUX49@17,6","RMUX37(+0,-1)->RMUX49","17",2,"afexe_bitgen_pass2_20260920"
"RMUX44@17,5->RMUX74@17,7","RMUX44(+0,-2)->RMUX74","17",2,"afexe_bitgen_pass2_20260920"
"RMUX49@17,5->RMUX7@17,5","RMUX49(+0,+0)->RMUX7","17",2,"afexe_bitgen_pass2_20260920"
"RMUX50@17,5->RMUX2@17,5","RMUX50(+0,+0)->RMUX2","17",2,"afexe_bitgen_pass2_20260920"
"RMUX50@17,5->RMUX8@17,6","RMUX50(+0,-1)->RMUX8","17",2,"afexe_bitgen_pass2_20260920"
"RMUX50@17,5->RMUX13@17,6","RMUX50(+0,-1)->RMUX13","17",2,"afexe_bitgen_pass2_20260920"
"RMUX61@17,5->RMUX54@16,5","RMUX61(+1,+0)->RMUX54","16",2,"afexe_bitgen_pass2_20260920"
"RMUX62@17,5->RMUX67@17,4","RMUX62(+0,+1)->RMUX67","17",2,"afexe_bitgen_pass2_20260920"
"RMUX69@17,5->RMUX83@17,4","RMUX69(+0,+1)->RMUX83","17",2,"afexe_bitgen_pass2_20260920"
"RMUX69@17,5->RMUX86@17,5","RMUX69(+0,+0)->RMUX86","17",2,"afexe_bitgen_pass2_20260920"
"RMUX69@17,5->RMUX87@17,5","RMUX69(+0,+0)->RMUX87","17",2,"afexe_bitgen_pass2_20260920"
"RMUX73@17,5->RMUX1@17,8","RMUX73(+0,-3)->RMUX1","17",2,"afexe_bitgen_pass2_20260920"
"RMUX80@17,5->RMUX26@17,5","RMUX80(+0,+0)->RMUX26","17",2,"afexe_bitgen_pass2_20260920"
"RMUX85@17,5->RMUX65@17,4","RMUX85(+0,+1)->RMUX65","17",2,"afexe_bitgen_pass2_20260920"
"RMUX86@17,5->RMUX57@17,5","RMUX86(+0,+0)->RMUX57","17",2,"afexe_bitgen_pass2_20260920"
"RMUX87@17,5->RMUX68@17,5","RMUX87(+0,+0)->RMUX68","17",2,"afexe_bitgen_pass2_20260920"
"RMUX87@17,5->RMUX59@17,6","RMUX87(+0,-1)->RMUX59","17",2,"afexe_bitgen_pass2_20260920"
"RMUX87@17,5->RMUX63@17,6","RMUX87(+0,-1)->RMUX63","17",2,"afexe_bitgen_pass2_20260920"
"RMUX92@17,5->RMUX74@17,4","RMUX92(+0,+1)->RMUX74","17",2,"afexe_bitgen_pass2_20260920"
"RMUX92@17,5->RMUX80@17,4","RMUX92(+0,+1)->RMUX80","17",2,"afexe_bitgen_pass2_20260920"
"RMUX92@17,5->RMUX81@17,4","RMUX92(+0,+1)->RMUX81","17",2,"afexe_bitgen_pass2_20260920"
"RMUX93@17,5->RMUX87@18,5","RMUX93(-1,+0)->RMUX87","18",2,"afexe_bitgen_pass2_20260920"
"RMUX3@17,6->RMUX14@18,6","RMUX3(-1,+0)->RMUX14","18",2,"afexe_bitgen_pass2_20260920"
"RMUX7@17,6->RMUX24@17,7","RMUX7(+0,-1)->RMUX24","17",2,"afexe_bitgen_pass2_20260920"
"RMUX7@17,6->RMUX46@17,7","RMUX7(+0,-1)->RMUX46","17",2,"afexe_bitgen_pass2_20260920"
"RMUX7@17,6->RMUX31@17,9","RMUX7(+0,-3)->RMUX31","17",2,"afexe_bitgen_pass2_20260920"
"RMUX9@17,6->RMUX38@17,3","RMUX9(+0,+3)->RMUX38","17",2,"afexe_bitgen_pass2_20260920"
"RMUX9@17,6->RMUX38@17,4","RMUX9(+0,+2)->RMUX38","17",2,"afexe_bitgen_pass2_20260920"
"RMUX9@17,6->RMUX44@17,5","RMUX9(+0,+1)->RMUX44","17",2,"afexe_bitgen_pass2_20260920"
"RMUX15@17,6->RMUX69@17,6","RMUX15(+0,+0)->RMUX69","17",2,"afexe_bitgen_pass2_20260920"
"RMUX19@17,6->RMUX72@17,5","RMUX19(+0,+1)->RMUX72","17",2,"afexe_bitgen_pass2_20260920"
"RMUX21@17,6->RMUX86@17,6","RMUX21(+0,+0)->RMUX86","17",2,"afexe_bitgen_pass2_20260920"
"RMUX21@17,6->RMUX92@17,6","RMUX21(+0,+0)->RMUX92","17",2,"afexe_bitgen_pass2_20260920"
"RMUX21@17,6->RMUX92@17,7","RMUX21(+0,-1)->RMUX92","17",2,"afexe_bitgen_pass2_20260920"
"RMUX25@17,6->RMUX0@17,5","RMUX25(+0,+1)->RMUX0","17",2,"afexe_bitgen_pass2_20260920"
"RMUX27@17,6->RMUX20@17,7","RMUX27(+0,-1)->RMUX20","17",2,"afexe_bitgen_pass2_20260920"
"RMUX27@17,6->RMUX20@17,9","RMUX27(+0,-3)->RMUX20","17",2,"afexe_bitgen_pass2_20260920"
"RMUX31@17,6->RMUX25@16,6","RMUX31(+1,+0)->RMUX25","16",2,"afexe_bitgen_pass2_20260920"
"RMUX32@17,6->RMUX27@17,5","RMUX32(+0,+1)->RMUX27","17",2,"afexe_bitgen_pass2_20260920"
"RMUX33@17,6->RMUX39@18,6","RMUX33(-1,+0)->RMUX39","18",2,"afexe_bitgen_pass2_20260920"
"RMUX37@17,6->RMUX49@17,7","RMUX37(+0,-1)->RMUX49","17",2,"afexe_bitgen_pass2_20260920"
"RMUX44@17,6->RMUX74@17,8","RMUX44(+0,-2)->RMUX74","17",2,"afexe_bitgen_pass2_20260920"
"RMUX49@17,6->RMUX7@17,6","RMUX49(+0,+0)->RMUX7","17",2,"afexe_bitgen_pass2_20260920"
"RMUX50@17,6->RMUX2@17,6","RMUX50(+0,+0)->RMUX2","17",2,"afexe_bitgen_pass2_20260920"
"RMUX50@17,6->RMUX8@17,7","RMUX50(+0,-1)->RMUX8","17",2,"afexe_bitgen_pass2_20260920"
"RMUX50@17,6->RMUX13@17,7","RMUX50(+0,-1)->RMUX13","17",2,"afexe_bitgen_pass2_20260920"
"RMUX61@17,6->RMUX54@16,6","RMUX61(+1,+0)->RMUX54","16",2,"afexe_bitgen_pass2_20260920"
"RMUX62@17,6->RMUX67@17,5","RMUX62(+0,+1)->RMUX67","17",2,"afexe_bitgen_pass2_20260920"
"RMUX69@17,6->RMUX83@17,5","RMUX69(+0,+1)->RMUX83","17",2,"afexe_bitgen_pass2_20260920"
"RMUX69@17,6->RMUX86@17,6","RMUX69(+0,+0)->RMUX86","17",2,"afexe_bitgen_pass2_20260920"
"RMUX69@17,6->RMUX87@17,6","RMUX69(+0,+0)->RMUX87","17",2,"afexe_bitgen_pass2_20260920"
"RMUX73@17,6->RMUX1@17,9","RMUX73(+0,-3)->RMUX1","17",2,"afexe_bitgen_pass2_20260920"
"RMUX80@17,6->RMUX26@17,6","RMUX80(+0,+0)->RMUX26","17",2,"afexe_bitgen_pass2_20260920"
"RMUX85@17,6->RMUX65@17,5","RMUX85(+0,+1)->RMUX65","17",2,"afexe_bitgen_pass2_20260920"
"RMUX86@17,6->RMUX57@17,6","RMUX86(+0,+0)->RMUX57","17",2,"afexe_bitgen_pass2_20260920"
"RMUX87@17,6->RMUX68@17,6","RMUX87(+0,+0)->RMUX68","17",2,"afexe_bitgen_pass2_20260920"
"RMUX87@17,6->RMUX59@17,7","RMUX87(+0,-1)->RMUX59","17",2,"afexe_bitgen_pass2_20260920"
"RMUX87@17,6->RMUX63@17,7","RMUX87(+0,-1)->RMUX63","17",2,"afexe_bitgen_pass2_20260920"
"RMUX92@17,6->RMUX74@17,5","RMUX92(+0,+1)->RMUX74","17",2,"afexe_bitgen_pass2_20260920"
"RMUX92@17,6->RMUX80@17,5","RMUX92(+0,+1)->RMUX80","17",2,"afexe_bitgen_pass2_20260920"
"RMUX92@17,6->RMUX81@17,5","RMUX92(+0,+1)->RMUX81","17",2,"afexe_bitgen_pass2_20260920"
"RMUX93@17,6->RMUX87@18,6","RMUX93(-1,+0)->RMUX87","18",2,"afexe_bitgen_pass2_20260920"
"RMUX3@17,7->RMUX15@17,7","RMUX3(+0,+0)->RMUX15","17",2,"afexe_bitgen_pass2_20260920"
"RMUX3@17,7->RMUX14@18,7","RMUX3(-1,+0)->RMUX14","18",2,"afexe_bitgen_pass2_20260920"
"RMUX7@17,7->RMUX24@17,8","RMUX7(+0,-1)->RMUX24","17",2,"afexe_bitgen_pass2_20260920"
"RMUX7@17,7->RMUX46@17,8","RMUX7(+0,-1)->RMUX46","17",2,"afexe_bitgen_pass2_20260920"
"RMUX7@17,7->RMUX31@17,10","RMUX7(+0,-3)->RMUX31","17",2,"afexe_bitgen_pass2_20260920"
"RMUX8@17,7->RMUX33@16,7","RMUX8(+1,+0)->RMUX33","16",2,"afexe_bitgen_pass2_20260920"
"RMUX9@17,7->RMUX38@17,4","RMUX9(+0,+3)->RMUX38","17",2,"afexe_bitgen_pass2_20260920"
"RMUX9@17,7->RMUX38@17,5","RMUX9(+0,+2)->RMUX38","17",2,"afexe_bitgen_pass2_20260920"
"RMUX9@17,7->RMUX44@17,6","RMUX9(+0,+1)->RMUX44","17",2,"afexe_bitgen_pass2_20260920"
"RMUX9@17,7->RMUX38@17,7","RMUX9(+0,+0)->RMUX38","17",2,"afexe_bitgen_pass2_20260920"
"RMUX15@17,7->RMUX69@17,7","RMUX15(+0,+0)->RMUX69","17",2,"afexe_bitgen_pass2_20260920"
"RMUX19@17,7->RMUX72@17,6","RMUX19(+0,+1)->RMUX72","17",2,"afexe_bitgen_pass2_20260920"
"RMUX21@17,7->RMUX86@17,7","RMUX21(+0,+0)->RMUX86","17",2,"afexe_bitgen_pass2_20260920"
"RMUX21@17,7->RMUX92@17,7","RMUX21(+0,+0)->RMUX92","17",2,"afexe_bitgen_pass2_20260920"
"RMUX21@17,7->RMUX92@17,8","RMUX21(+0,-1)->RMUX92","17",2,"afexe_bitgen_pass2_20260920"
"RMUX25@17,7->RMUX0@17,6","RMUX25(+0,+1)->RMUX0","17",2,"afexe_bitgen_pass2_20260920"
"RMUX27@17,7->RMUX20@17,8","RMUX27(+0,-1)->RMUX20","17",2,"afexe_bitgen_pass2_20260920"
"RMUX27@17,7->RMUX20@17,10","RMUX27(+0,-3)->RMUX20","17",2,"afexe_bitgen_pass2_20260920"
"RMUX31@17,7->RMUX25@16,7","RMUX31(+1,+0)->RMUX25","16",2,"afexe_bitgen_pass2_20260920"
"RMUX32@17,7->RMUX27@17,6","RMUX32(+0,+1)->RMUX27","17",2,"afexe_bitgen_pass2_20260920"
"RMUX33@17,7->RMUX45@17,7","RMUX33(+0,+0)->RMUX45","17",2,"afexe_bitgen_pass2_20260920"
"RMUX33@17,7->RMUX39@18,7","RMUX33(-1,+0)->RMUX39","18",2,"afexe_bitgen_pass2_20260920"
"RMUX37@17,7->RMUX49@17,8","RMUX37(+0,-1)->RMUX49","17",2,"afexe_bitgen_pass2_20260920"
"RMUX44@17,7->RMUX74@17,9","RMUX44(+0,-2)->RMUX74","17",2,"afexe_bitgen_pass2_20260920"
"RMUX49@17,7->RMUX7@17,7","RMUX49(+0,+0)->RMUX7","17",2,"afexe_bitgen_pass2_20260920"
"RMUX50@17,7->RMUX2@17,7","RMUX50(+0,+0)->RMUX2","17",2,"afexe_bitgen_pass2_20260920"
"RMUX50@17,7->RMUX8@17,8","RMUX50(+0,-1)->RMUX8","17",2,"afexe_bitgen_pass2_20260920"
"RMUX50@17,7->RMUX13@17,8","RMUX50(+0,-1)->RMUX13","17",2,"afexe_bitgen_pass2_20260920"
"RMUX61@17,7->RMUX54@16,7","RMUX61(+1,+0)->RMUX54","16",2,"afexe_bitgen_pass2_20260920"
"RMUX62@17,7->RMUX67@17,6","RMUX62(+0,+1)->RMUX67","17",2,"afexe_bitgen_pass2_20260920"
"RMUX69@17,7->RMUX83@17,6","RMUX69(+0,+1)->RMUX83","17",2,"afexe_bitgen_pass2_20260920"
"RMUX69@17,7->RMUX86@17,7","RMUX69(+0,+0)->RMUX86","17",2,"afexe_bitgen_pass2_20260920"
"RMUX69@17,7->RMUX87@17,7","RMUX69(+0,+0)->RMUX87","17",2,"afexe_bitgen_pass2_20260920"
"RMUX73@17,7->RMUX1@17,10","RMUX73(+0,-3)->RMUX1","17",2,"afexe_bitgen_pass2_20260920"
"RMUX80@17,7->RMUX26@17,7","RMUX80(+0,+0)->RMUX26","17",2,"afexe_bitgen_pass2_20260920"
"RMUX85@17,7->RMUX65@17,6","RMUX85(+0,+1)->RMUX65","17",2,"afexe_bitgen_pass2_20260920"
"RMUX86@17,7->RMUX57@17,7","RMUX86(+0,+0)->RMUX57","17",2,"afexe_bitgen_pass2_20260920"
"RMUX87@17,7->RMUX68@17,7","RMUX87(+0,+0)->RMUX68","17",2,"afexe_bitgen_pass2_20260920"
"RMUX87@17,7->RMUX59@17,8","RMUX87(+0,-1)->RMUX59","17",2,"afexe_bitgen_pass2_20260920"
"RMUX87@17,7->RMUX63@17,8","RMUX87(+0,-1)->RMUX63","17",2,"afexe_bitgen_pass2_20260920"
"RMUX92@17,7->RMUX74@17,6","RMUX92(+0,+1)->RMUX74","17",2,"afexe_bitgen_pass2_20260920"
"RMUX92@17,7->RMUX80@17,6","RMUX92(+0,+1)->RMUX80","17",2,"afexe_bitgen_pass2_20260920"
"RMUX92@17,7->RMUX81@17,6","RMUX92(+0,+1)->RMUX81","17",2,"afexe_bitgen_pass2_20260920"
"RMUX93@17,7->RMUX87@18,7","RMUX93(-1,+0)->RMUX87","18",2,"afexe_bitgen_pass2_20260920"
"RMUX3@17,8->RMUX15@17,8","RMUX3(+0,+0)->RMUX15","17",2,"afexe_bitgen_pass2_20260920"
"RMUX3@17,8->RMUX14@18,8","RMUX3(-1,+0)->RMUX14","18",2,"afexe_bitgen_pass2_20260920"
"RMUX7@17,8->RMUX24@17,9","RMUX7(+0,-1)->RMUX24","17",2,"afexe_bitgen_pass2_20260920"
"RMUX7@17,8->RMUX46@17,9","RMUX7(+0,-1)->RMUX46","17",2,"afexe_bitgen_pass2_20260920"
"RMUX7@17,8->RMUX31@17,11","RMUX7(+0,-3)->RMUX31","17",2,"afexe_bitgen_pass2_20260920"
"RMUX8@17,8->RMUX27@16,8","RMUX8(+1,+0)->RMUX27","16",2,"afexe_bitgen_pass2_20260920"
"RMUX8@17,8->RMUX33@16,8","RMUX8(+1,+0)->RMUX33","16",2,"afexe_bitgen_pass2_20260920"
"RMUX9@17,8->RMUX38@17,5","RMUX9(+0,+3)->RMUX38","17",2,"afexe_bitgen_pass2_20260920"
"RMUX9@17,8->RMUX38@17,6","RMUX9(+0,+2)->RMUX38","17",2,"afexe_bitgen_pass2_20260920"
"RMUX9@17,8->RMUX38@17,7","RMUX9(+0,+1)->RMUX38","17",2,"afexe_bitgen_pass2_20260920"
"RMUX9@17,8->RMUX44@17,7","RMUX9(+0,+1)->RMUX44","17",2,"afexe_bitgen_pass2_20260920"
"RMUX15@17,8->RMUX69@17,8","RMUX15(+0,+0)->RMUX69","17",2,"afexe_bitgen_pass2_20260920"
"RMUX19@17,8->RMUX72@17,7","RMUX19(+0,+1)->RMUX72","17",2,"afexe_bitgen_pass2_20260920"
"RMUX21@17,8->RMUX86@17,8","RMUX21(+0,+0)->RMUX86","17",2,"afexe_bitgen_pass2_20260920"
"RMUX21@17,8->RMUX92@17,8","RMUX21(+0,+0)->RMUX92","17",2,"afexe_bitgen_pass2_20260920"
"RMUX21@17,8->RMUX92@17,9","RMUX21(+0,-1)->RMUX92","17",2,"afexe_bitgen_pass2_20260920"
"RMUX25@17,8->RMUX0@17,7","RMUX25(+0,+1)->RMUX0","17",2,"afexe_bitgen_pass2_20260920"
"RMUX27@17,8->RMUX20@17,9","RMUX27(+0,-1)->RMUX20","17",2,"afexe_bitgen_pass2_20260920"
"RMUX27@17,8->RMUX20@17,11","RMUX27(+0,-3)->RMUX20","17",2,"afexe_bitgen_pass2_20260920"
"RMUX31@17,8->RMUX25@16,8","RMUX31(+1,+0)->RMUX25","16",2,"afexe_bitgen_pass2_20260920"
"RMUX32@17,8->RMUX27@17,7","RMUX32(+0,+1)->RMUX27","17",2,"afexe_bitgen_pass2_20260920"
"RMUX33@17,8->RMUX45@17,8","RMUX33(+0,+0)->RMUX45","17",2,"afexe_bitgen_pass2_20260920"
"RMUX33@17,8->RMUX39@18,8","RMUX33(-1,+0)->RMUX39","18",2,"afexe_bitgen_pass2_20260920"
"RMUX37@17,8->RMUX49@17,9","RMUX37(+0,-1)->RMUX49","17",2,"afexe_bitgen_pass2_20260920"
"RMUX44@17,8->RMUX74@17,10","RMUX44(+0,-2)->RMUX74","17",2,"afexe_bitgen_pass2_20260920"
"RMUX49@17,8->RMUX7@17,8","RMUX49(+0,+0)->RMUX7","17",2,"afexe_bitgen_pass2_20260920"
"RMUX50@17,8->RMUX2@17,8","RMUX50(+0,+0)->RMUX2","17",2,"afexe_bitgen_pass2_20260920"
"RMUX50@17,8->RMUX8@17,9","RMUX50(+0,-1)->RMUX8","17",2,"afexe_bitgen_pass2_20260920"
"RMUX50@17,8->RMUX13@17,9","RMUX50(+0,-1)->RMUX13","17",2,"afexe_bitgen_pass2_20260920"
"RMUX61@17,8->RMUX54@16,8","RMUX61(+1,+0)->RMUX54","16",2,"afexe_bitgen_pass2_20260920"
"RMUX62@17,8->RMUX67@17,7","RMUX62(+0,+1)->RMUX67","17",2,"afexe_bitgen_pass2_20260920"
"RMUX69@17,8->RMUX83@17,7","RMUX69(+0,+1)->RMUX83","17",2,"afexe_bitgen_pass2_20260920"
"RMUX69@17,8->RMUX86@17,8","RMUX69(+0,+0)->RMUX86","17",2,"afexe_bitgen_pass2_20260920"
"RMUX69@17,8->RMUX87@17,8","RMUX69(+0,+0)->RMUX87","17",2,"afexe_bitgen_pass2_20260920"
"RMUX73@17,8->RMUX1@17,11","RMUX73(+0,-3)->RMUX1","17",2,"afexe_bitgen_pass2_20260920"
"RMUX80@17,8->RMUX26@17,8","RMUX80(+0,+0)->RMUX26","17",2,"afexe_bitgen_pass2_20260920"
"RMUX85@17,8->RMUX65@17,7","RMUX85(+0,+1)->RMUX65","17",2,"afexe_bitgen_pass2_20260920"
"RMUX86@17,8->RMUX57@17,8","RMUX86(+0,+0)->RMUX57","17",2,"afexe_bitgen_pass2_20260920"
"RMUX87@17,8->RMUX68@17,8","RMUX87(+0,+0)->RMUX68","17",2,"afexe_bitgen_pass2_20260920"
"RMUX87@17,8->RMUX59@17,9","RMUX87(+0,-1)->RMUX59","17",2,"afexe_bitgen_pass2_20260920"
"RMUX87@17,8->RMUX63@17,9","RMUX87(+0,-1)->RMUX63","17",2,"afexe_bitgen_pass2_20260920"
"RMUX92@17,8->RMUX74@17,7","RMUX92(+0,+1)->RMUX74","17",2,"afexe_bitgen_pass2_20260920"
"RMUX92@17,8->RMUX80@17,7","RMUX92(+0,+1)->RMUX80","17",2,"afexe_bitgen_pass2_20260920"
"RMUX92@17,8->RMUX81@17,7","RMUX92(+0,+1)->RMUX81","17",2,"afexe_bitgen_pass2_20260920"
"RMUX93@17,8->RMUX87@18,8","RMUX93(-1,+0)->RMUX87","18",2,"afexe_bitgen_pass2_20260920"
"RMUX3@17,9->RMUX14@18,9","RMUX3(-1,+0)->RMUX14","18",2,"afexe_bitgen_pass2_20260920"
"RMUX7@17,9->RMUX24@17,10","RMUX7(+0,-1)->RMUX24","17",2,"afexe_bitgen_pass2_20260920"
"RMUX7@17,9->RMUX46@17,10","RMUX7(+0,-1)->RMUX46","17",2,"afexe_bitgen_pass2_20260920"
"RMUX7@17,9->RMUX31@17,12","RMUX7(+0,-3)->RMUX31","17",2,"afexe_bitgen_pass2_20260920"
"RMUX8@17,9->RMUX27@16,9","RMUX8(+1,+0)->RMUX27","16",2,"afexe_bitgen_pass2_20260920"
"RMUX9@17,9->RMUX38@17,6","RMUX9(+0,+3)->RMUX38","17",2,"afexe_bitgen_pass2_20260920"
"RMUX9@17,9->RMUX38@17,7","RMUX9(+0,+2)->RMUX38","17",2,"afexe_bitgen_pass2_20260920"
"RMUX9@17,9->RMUX44@17,8","RMUX9(+0,+1)->RMUX44","17",2,"afexe_bitgen_pass2_20260920"
"RMUX9@17,9->RMUX38@17,9","RMUX9(+0,+0)->RMUX38","17",2,"afexe_bitgen_pass2_20260920"
"RMUX15@17,9->RMUX69@17,9","RMUX15(+0,+0)->RMUX69","17",2,"afexe_bitgen_pass2_20260920"
"RMUX19@17,9->RMUX72@17,8","RMUX19(+0,+1)->RMUX72","17",2,"afexe_bitgen_pass2_20260920"
"RMUX21@17,9->RMUX86@17,9","RMUX21(+0,+0)->RMUX86","17",2,"afexe_bitgen_pass2_20260920"
"RMUX21@17,9->RMUX92@17,9","RMUX21(+0,+0)->RMUX92","17",2,"afexe_bitgen_pass2_20260920"
"RMUX21@17,9->RMUX92@17,10","RMUX21(+0,-1)->RMUX92","17",2,"afexe_bitgen_pass2_20260920"
"RMUX25@17,9->RMUX0@17,8","RMUX25(+0,+1)->RMUX0","17",2,"afexe_bitgen_pass2_20260920"
"RMUX27@17,9->RMUX20@17,10","RMUX27(+0,-1)->RMUX20","17",2,"afexe_bitgen_pass2_20260920"
"RMUX27@17,9->RMUX20@17,12","RMUX27(+0,-3)->RMUX20","17",2,"afexe_bitgen_pass2_20260920"
"RMUX31@17,9->RMUX25@16,9","RMUX31(+1,+0)->RMUX25","16",2,"afexe_bitgen_pass2_20260920"
"RMUX32@17,9->RMUX27@17,8","RMUX32(+0,+1)->RMUX27","17",2,"afexe_bitgen_pass2_20260920"
"RMUX33@17,9->RMUX39@18,9","RMUX33(-1,+0)->RMUX39","18",2,"afexe_bitgen_pass2_20260920"
"RMUX37@17,9->RMUX49@17,10","RMUX37(+0,-1)->RMUX49","17",2,"afexe_bitgen_pass2_20260920"
"RMUX44@17,9->RMUX74@17,11","RMUX44(+0,-2)->RMUX74","17",2,"afexe_bitgen_pass2_20260920"
"RMUX49@17,9->RMUX7@17,9","RMUX49(+0,+0)->RMUX7","17",2,"afexe_bitgen_pass2_20260920"
"RMUX50@17,9->RMUX2@17,9","RMUX50(+0,+0)->RMUX2","17",2,"afexe_bitgen_pass2_20260920"
"RMUX50@17,9->RMUX8@17,10","RMUX50(+0,-1)->RMUX8","17",2,"afexe_bitgen_pass2_20260920"
"RMUX50@17,9->RMUX13@17,10","RMUX50(+0,-1)->RMUX13","17",2,"afexe_bitgen_pass2_20260920"
"RMUX61@17,9->RMUX54@16,9","RMUX61(+1,+0)->RMUX54","16",2,"afexe_bitgen_pass2_20260920"
"RMUX62@17,9->RMUX67@17,8","RMUX62(+0,+1)->RMUX67","17",2,"afexe_bitgen_pass2_20260920"
"RMUX69@17,9->RMUX83@17,8","RMUX69(+0,+1)->RMUX83","17",2,"afexe_bitgen_pass2_20260920"
"RMUX69@17,9->RMUX86@17,9","RMUX69(+0,+0)->RMUX86","17",2,"afexe_bitgen_pass2_20260920"
"RMUX69@17,9->RMUX87@17,9","RMUX69(+0,+0)->RMUX87","17",2,"afexe_bitgen_pass2_20260920"
"RMUX73@17,9->RMUX1@17,12","RMUX73(+0,-3)->RMUX1","17",2,"afexe_bitgen_pass2_20260920"
"RMUX80@17,9->RMUX26@17,9","RMUX80(+0,+0)->RMUX26","17",2,"afexe_bitgen_pass2_20260920"
"RMUX85@17,9->RMUX65@17,8","RMUX85(+0,+1)->RMUX65","17",2,"afexe_bitgen_pass2_20260920"
"RMUX86@17,9->RMUX57@17,9","RMUX86(+0,+0)->RMUX57","17",2,"afexe_bitgen_pass2_20260920"
"RMUX87@17,9->RMUX68@17,9","RMUX87(+0,+0)->RMUX68","17",2,"afexe_bitgen_pass2_20260920"
"RMUX87@17,9->RMUX59@17,10","RMUX87(+0,-1)->RMUX59","17",2,"afexe_bitgen_pass2_20260920"
"RMUX87@17,9->RMUX63@17,10","RMUX87(+0,-1)->RMUX63","17",2,"afexe_bitgen_pass2_20260920"
"RMUX92@17,9->RMUX74@17,8","RMUX92(+0,+1)->RMUX74","17",2,"afexe_bitgen_pass2_20260920"
"RMUX92@17,9->RMUX80@17,8","RMUX92(+0,+1)->RMUX80","17",2,"afexe_bitgen_pass2_20260920"
"RMUX92@17,9->RMUX81@17,8","RMUX92(+0,+1)->RMUX81","17",2,"afexe_bitgen_pass2_20260920"
"RMUX93@17,9->RMUX87@18,9","RMUX93(-1,+0)->RMUX87","18",2,"afexe_bitgen_pass2_20260920"
"RMUX3@17,10->RMUX15@17,10","RMUX3(+0,+0)->RMUX15","17",2,"afexe_bitgen_pass2_20260920"
"RMUX3@17,10->RMUX14@18,10","RMUX3(-1,+0)->RMUX14","18",2,"afexe_bitgen_pass2_20260920"
"RMUX7@17,10->RMUX24@17,11","RMUX7(+0,-1)->RMUX24","17",2,"afexe_bitgen_pass2_20260920"
"RMUX7@17,10->RMUX46@17,11","RMUX7(+0,-1)->RMUX46","17",2,"afexe_bitgen_pass2_20260920"
"RMUX9@17,10->RMUX38@17,7","RMUX9(+0,+3)->RMUX38","17",2,"afexe_bitgen_pass2_20260920"
"RMUX9@17,10->RMUX38@17,8","RMUX9(+0,+2)->RMUX38","17",2,"afexe_bitgen_pass2_20260920"
"RMUX9@17,10->RMUX44@17,9","RMUX9(+0,+1)->RMUX44","17",2,"afexe_bitgen_pass2_20260920"
"RMUX15@17,10->RMUX69@17,10","RMUX15(+0,+0)->RMUX69","17",2,"afexe_bitgen_pass2_20260920"
"RMUX19@17,10->RMUX72@17,9","RMUX19(+0,+1)->RMUX72","17",2,"afexe_bitgen_pass2_20260920"
"RMUX21@17,10->RMUX86@17,10","RMUX21(+0,+0)->RMUX86","17",2,"afexe_bitgen_pass2_20260920"
"RMUX21@17,10->RMUX92@17,10","RMUX21(+0,+0)->RMUX92","17",2,"afexe_bitgen_pass2_20260920"
"RMUX21@17,10->RMUX92@17,11","RMUX21(+0,-1)->RMUX92","17",2,"afexe_bitgen_pass2_20260920"
"RMUX25@17,10->RMUX0@17,9","RMUX25(+0,+1)->RMUX0","17",2,"afexe_bitgen_pass2_20260920"
"RMUX27@17,10->RMUX15@17,11","RMUX27(+0,-1)->RMUX15","17",2,"afexe_bitgen_pass2_20260920"
"RMUX27@17,10->RMUX20@17,11","RMUX27(+0,-1)->RMUX20","17",2,"afexe_bitgen_pass2_20260920"
"RMUX31@17,10->RMUX25@16,10","RMUX31(+1,+0)->RMUX25","16",2,"afexe_bitgen_pass2_20260920"
"RMUX32@17,10->RMUX27@17,9","RMUX32(+0,+1)->RMUX27","17",2,"afexe_bitgen_pass2_20260920"
"RMUX33@17,10->RMUX45@17,10","RMUX33(+0,+0)->RMUX45","17",2,"afexe_bitgen_pass2_20260920"
"RMUX33@17,10->RMUX39@18,10","RMUX33(-1,+0)->RMUX39","18",2,"afexe_bitgen_pass2_20260920"
"RMUX37@17,10->RMUX49@17,11","RMUX37(+0,-1)->RMUX49","17",2,"afexe_bitgen_pass2_20260920"
"RMUX44@17,10->RMUX74@17,12","RMUX44(+0,-2)->RMUX74","17",2,"afexe_bitgen_pass2_20260920"
"RMUX49@17,10->RMUX7@17,10","RMUX49(+0,+0)->RMUX7","17",2,"afexe_bitgen_pass2_20260920"
"RMUX50@17,10->RMUX2@17,10","RMUX50(+0,+0)->RMUX2","17",2,"afexe_bitgen_pass2_20260920"
"RMUX50@17,10->RMUX8@17,11","RMUX50(+0,-1)->RMUX8","17",2,"afexe_bitgen_pass2_20260920"
"RMUX50@17,10->RMUX13@17,11","RMUX50(+0,-1)->RMUX13","17",2,"afexe_bitgen_pass2_20260920"
"RMUX61@17,10->RMUX54@16,10","RMUX61(+1,+0)->RMUX54","16",2,"afexe_bitgen_pass2_20260920"
"RMUX62@17,10->RMUX67@17,9","RMUX62(+0,+1)->RMUX67","17",2,"afexe_bitgen_pass2_20260920"
"RMUX69@17,10->RMUX83@17,9","RMUX69(+0,+1)->RMUX83","17",2,"afexe_bitgen_pass2_20260920"
"RMUX69@17,10->RMUX86@17,10","RMUX69(+0,+0)->RMUX86","17",2,"afexe_bitgen_pass2_20260920"
"RMUX69@17,10->RMUX87@17,10","RMUX69(+0,+0)->RMUX87","17",2,"afexe_bitgen_pass2_20260920"
"RMUX80@17,10->RMUX26@17,10","RMUX80(+0,+0)->RMUX26","17",2,"afexe_bitgen_pass2_20260920"
"RMUX85@17,10->RMUX65@17,9","RMUX85(+0,+1)->RMUX65","17",2,"afexe_bitgen_pass2_20260920"
"RMUX86@17,10->RMUX57@17,10","RMUX86(+0,+0)->RMUX57","17",2,"afexe_bitgen_pass2_20260920"
"RMUX87@17,10->RMUX68@17,10","RMUX87(+0,+0)->RMUX68","17",2,"afexe_bitgen_pass2_20260920"
"RMUX87@17,10->RMUX59@17,11","RMUX87(+0,-1)->RMUX59","17",2,"afexe_bitgen_pass2_20260920"
"RMUX87@17,10->RMUX63@17,11","RMUX87(+0,-1)->RMUX63","17",2,"afexe_bitgen_pass2_20260920"
"RMUX92@17,10->RMUX74@17,9","RMUX92(+0,+1)->RMUX74","17",2,"afexe_bitgen_pass2_20260920"
"RMUX92@17,10->RMUX80@17,9","RMUX92(+0,+1)->RMUX80","17",2,"afexe_bitgen_pass2_20260920"
"RMUX92@17,10->RMUX81@17,9","RMUX92(+0,+1)->RMUX81","17",2,"afexe_bitgen_pass2_20260920"
"RMUX93@17,10->RMUX87@18,10","RMUX93(-1,+0)->RMUX87","18",2,"afexe_bitgen_pass2_20260920"
"RMUX3@17,11->RMUX15@17,11","RMUX3(+0,+0)->RMUX15","17",2,"afexe_bitgen_pass2_20260920"
"RMUX3@17,11->RMUX14@18,11","RMUX3(-1,+0)->RMUX14","18",2,"afexe_bitgen_pass2_20260920"
"RMUX7@17,11->RMUX24@17,12","RMUX7(+0,-1)->RMUX24","17",2,"afexe_bitgen_pass2_20260920"
"RMUX7@17,11->RMUX46@17,12","RMUX7(+0,-1)->RMUX46","17",2,"afexe_bitgen_pass2_20260920"
"RMUX8@17,11->RMUX27@16,11","RMUX8(+1,+0)->RMUX27","16",2,"afexe_bitgen_pass2_20260920"
"RMUX8@17,11->RMUX33@16,11","RMUX8(+1,+0)->RMUX33","16",2,"afexe_bitgen_pass2_20260920"
"RMUX9@17,11->RMUX38@17,8","RMUX9(+0,+3)->RMUX38","17",2,"afexe_bitgen_pass2_20260920"
"RMUX9@17,11->RMUX38@17,9","RMUX9(+0,+2)->RMUX38","17",2,"afexe_bitgen_pass2_20260920"
"RMUX15@17,11->RMUX63@16,11","RMUX15(+1,+0)->RMUX63","16",2,"afexe_bitgen_pass2_20260920"
"RMUX15@17,11->RMUX69@17,11","RMUX15(+0,+0)->RMUX69","17",2,"afexe_bitgen_pass2_20260920"
"RMUX21@17,11->RMUX86@17,11","RMUX21(+0,+0)->RMUX86","17",2,"afexe_bitgen_pass2_20260920"
"RMUX21@17,11->RMUX92@17,11","RMUX21(+0,+0)->RMUX92","17",2,"afexe_bitgen_pass2_20260920"
"RMUX21@17,11->RMUX92@17,12","RMUX21(+0,-1)->RMUX92","17",2,"afexe_bitgen_pass2_20260920"
"RMUX27@17,11->RMUX20@17,12","RMUX27(+0,-1)->RMUX20","17",2,"afexe_bitgen_pass2_20260920"
"RMUX31@17,11->RMUX25@16,11","RMUX31(+1,+0)->RMUX25","16",2,"afexe_bitgen_pass2_20260920"
"RMUX33@17,11->RMUX45@17,11","RMUX33(+0,+0)->RMUX45","17",2,"afexe_bitgen_pass2_20260920"
"RMUX37@17,11->RMUX49@17,12","RMUX37(+0,-1)->RMUX49","17",2,"afexe_bitgen_pass2_20260920"
"RMUX49@17,11->RMUX7@17,11","RMUX49(+0,+0)->RMUX7","17",2,"afexe_bitgen_pass2_20260920"
"RMUX50@17,11->RMUX2@17,11","RMUX50(+0,+0)->RMUX2","17",2,"afexe_bitgen_pass2_20260920"
"RMUX50@17,11->RMUX8@17,12","RMUX50(+0,-1)->RMUX8","17",2,"afexe_bitgen_pass2_20260920"
"RMUX50@17,11->RMUX13@17,12","RMUX50(+0,-1)->RMUX13","17",2,"afexe_bitgen_pass2_20260920"
"RMUX61@17,11->RMUX54@16,11","RMUX61(+1,+0)->RMUX54","16",2,"afexe_bitgen_pass2_20260920"
"RMUX80@17,11->RMUX26@17,11","RMUX80(+0,+0)->RMUX26","17",2,"afexe_bitgen_pass2_20260920"
"RMUX86@17,11->RMUX57@17,11","RMUX86(+0,+0)->RMUX57","17",2,"afexe_bitgen_pass2_20260920"
"RMUX87@17,11->RMUX68@17,11","RMUX87(+0,+0)->RMUX68","17",2,"afexe_bitgen_pass2_20260920"
"RMUX87@17,11->RMUX59@17,12","RMUX87(+0,-1)->RMUX59","17",2,"afexe_bitgen_pass2_20260920"
"RMUX87@17,11->RMUX63@17,12","RMUX87(+0,-1)->RMUX63","17",2,"afexe_bitgen_pass2_20260920"
"RMUX93@17,11->RMUX87@18,11","RMUX93(-1,+0)->RMUX87","18",2,"afexe_bitgen_pass2_20260920"
"RMUX3@17,12->RMUX21@17,12","RMUX3(+0,+0)->RMUX21","17",2,"afexe_bitgen_pass2_20260920"
"RMUX3@17,12->RMUX14@18,12","RMUX3(-1,+0)->RMUX14","18",2,"afexe_bitgen_pass2_20260920"
"RMUX8@17,12->RMUX26@16,12","RMUX8(+1,+0)->RMUX26","16",2,"afexe_bitgen_pass2_20260920"
"RMUX8@17,12->RMUX33@16,12","RMUX8(+1,+0)->RMUX33","16",2,"afexe_bitgen_pass2_20260920"
"RMUX9@17,12->RMUX38@17,9","RMUX9(+0,+3)->RMUX38","17",2,"afexe_bitgen_pass2_20260920"
"RMUX9@17,12->RMUX38@17,10","RMUX9(+0,+2)->RMUX38","17",2,"afexe_bitgen_pass2_20260920"
"RMUX9@17,12->RMUX38@17,11","RMUX9(+0,+1)->RMUX38","17",2,"afexe_bitgen_pass2_20260920"
"RMUX9@17,12->RMUX44@17,11","RMUX9(+0,+1)->RMUX44","17",2,"afexe_bitgen_pass2_20260920"
"RMUX15@17,12->RMUX69@17,12","RMUX15(+0,+0)->RMUX69","17",2,"afexe_bitgen_pass2_20260920"
"RMUX19@17,12->RMUX72@17,11","RMUX19(+0,+1)->RMUX72","17",2,"afexe_bitgen_pass2_20260920"
"RMUX21@17,12->RMUX92@17,12","RMUX21(+0,+0)->RMUX92","17",2,"afexe_bitgen_pass2_20260920"
"RMUX25@17,12->RMUX0@17,11","RMUX25(+0,+1)->RMUX0","17",2,"afexe_bitgen_pass2_20260920"
"RMUX31@17,12->RMUX25@16,12","RMUX31(+1,+0)->RMUX25","16",2,"afexe_bitgen_pass2_20260920"
"RMUX32@17,12->RMUX33@17,10","RMUX32(+0,+2)->RMUX33","17",2,"afexe_bitgen_pass2_20260920"
"RMUX32@17,12->RMUX27@17,11","RMUX32(+0,+1)->RMUX27","17",2,"afexe_bitgen_pass2_20260920"
"RMUX33@17,12->RMUX39@18,12","RMUX33(-1,+0)->RMUX39","18",2,"afexe_bitgen_pass2_20260920"
"RMUX49@17,12->RMUX7@17,12","RMUX49(+0,+0)->RMUX7","17",2,"afexe_bitgen_pass2_20260920"
"RMUX50@17,12->RMUX2@17,12","RMUX50(+0,+0)->RMUX2","17",2,"afexe_bitgen_pass2_20260920"
"RMUX57@17,12->RMUX45@17,12","RMUX57(+0,+0)->RMUX45","17",2,"afexe_bitgen_pass2_20260920"
"RMUX61@17,12->RMUX54@16,12","RMUX61(+1,+0)->RMUX54","16",2,"afexe_bitgen_pass2_20260920"
"RMUX62@17,12->RMUX67@17,11","RMUX62(+0,+1)->RMUX67","17",2,"afexe_bitgen_pass2_20260920"
"RMUX68@17,12->RMUX80@16,12","RMUX68(+1,+0)->RMUX80","16",2,"afexe_bitgen_pass2_20260920"
"RMUX69@17,12->RMUX83@17,11","RMUX69(+0,+1)->RMUX83","17",2,"afexe_bitgen_pass2_20260920"
"RMUX69@17,12->RMUX86@17,12","RMUX69(+0,+0)->RMUX86","17",2,"afexe_bitgen_pass2_20260920"
"RMUX69@17,12->RMUX87@17,12","RMUX69(+0,+0)->RMUX87","17",2,"afexe_bitgen_pass2_20260920"
"RMUX80@17,12->RMUX26@17,12","RMUX80(+0,+0)->RMUX26","17",2,"afexe_bitgen_pass2_20260920"
"RMUX85@17,12->RMUX65@17,11","RMUX85(+0,+1)->RMUX65","17",2,"afexe_bitgen_pass2_20260920"
"RMUX86@17,12->RMUX57@17,12","RMUX86(+0,+0)->RMUX57","17",2,"afexe_bitgen_pass2_20260920"
"RMUX87@17,12->RMUX68@17,12","RMUX87(+0,+0)->RMUX68","17",2,"afexe_bitgen_pass2_20260920"
"RMUX92@17,12->RMUX74@17,11","RMUX92(+0,+1)->RMUX74","17",2,"afexe_bitgen_pass2_20260920"
"RMUX92@17,12->RMUX80@17,11","RMUX92(+0,+1)->RMUX80","17",2,"afexe_bitgen_pass2_20260920"
"RMUX92@17,12->RMUX81@17,11","RMUX92(+0,+1)->RMUX81","17",2,"afexe_bitgen_pass2_20260920"
"RMUX93@17,12->RMUX87@18,12","RMUX93(-1,+0)->RMUX87","18",2,"afexe_bitgen_pass2_20260920"
"RMUX3@18,1->RMUX14@19,1","RMUX3(-1,+0)->RMUX14","19",2,"afexe_bitgen_pass2_20260920"
"RMUX7@18,1->RMUX24@18,2","RMUX7(+0,-1)->RMUX24","18",2,"afexe_bitgen_pass2_20260920"
"RMUX7@18,1->RMUX46@18,2","RMUX7(+0,-1)->RMUX46","18",2,"afexe_bitgen_pass2_20260920"
"RMUX7@18,1->RMUX31@18,4","RMUX7(+0,-3)->RMUX31","18",2,"afexe_bitgen_pass2_20260920"
"RMUX15@18,1->RMUX69@18,1","RMUX15(+0,+0)->RMUX69","18",2,"afexe_bitgen_pass2_20260920"
"RMUX21@18,1->RMUX86@18,1","RMUX21(+0,+0)->RMUX86","18",2,"afexe_bitgen_pass2_20260920"
"RMUX21@18,1->RMUX92@18,1","RMUX21(+0,+0)->RMUX92","18",2,"afexe_bitgen_pass2_20260920"
"RMUX21@18,1->RMUX92@18,2","RMUX21(+0,-1)->RMUX92","18",2,"afexe_bitgen_pass2_20260920"
"RMUX27@18,1->RMUX20@18,2","RMUX27(+0,-1)->RMUX20","18",2,"afexe_bitgen_pass2_20260920"
"RMUX27@18,1->RMUX20@18,4","RMUX27(+0,-3)->RMUX20","18",2,"afexe_bitgen_pass2_20260920"
"RMUX31@18,1->RMUX25@17,1","RMUX31(+1,+0)->RMUX25","17",2,"afexe_bitgen_pass2_20260920"
"RMUX33@18,1->RMUX39@19,1","RMUX33(-1,+0)->RMUX39","19",2,"afexe_bitgen_pass2_20260920"
"RMUX37@18,1->RMUX49@18,2","RMUX37(+0,-1)->RMUX49","18",2,"afexe_bitgen_pass2_20260920"
"RMUX49@18,1->RMUX7@18,1","RMUX49(+0,+0)->RMUX7","18",2,"afexe_bitgen_pass2_20260920"
"RMUX50@18,1->RMUX2@18,1","RMUX50(+0,+0)->RMUX2","18",2,"afexe_bitgen_pass2_20260920"
"RMUX50@18,1->RMUX8@18,2","RMUX50(+0,-1)->RMUX8","18",2,"afexe_bitgen_pass2_20260920"
"RMUX50@18,1->RMUX13@18,2","RMUX50(+0,-1)->RMUX13","18",2,"afexe_bitgen_pass2_20260920"
"RMUX61@18,1->RMUX54@17,1","RMUX61(+1,+0)->RMUX54","17",2,"afexe_bitgen_pass2_20260920"
"RMUX69@18,1->RMUX86@18,1","RMUX69(+0,+0)->RMUX86","18",2,"afexe_bitgen_pass2_20260920"
"RMUX69@18,1->RMUX87@18,1","RMUX69(+0,+0)->RMUX87","18",2,"afexe_bitgen_pass2_20260920"
"RMUX73@18,1->RMUX1@18,4","RMUX73(+0,-3)->RMUX1","18",2,"afexe_bitgen_pass2_20260920"
"RMUX80@18,1->RMUX26@18,1","RMUX80(+0,+0)->RMUX26","18",2,"afexe_bitgen_pass2_20260920"
"RMUX86@18,1->RMUX57@18,1","RMUX86(+0,+0)->RMUX57","18",2,"afexe_bitgen_pass2_20260920"
"RMUX87@18,1->RMUX68@18,1","RMUX87(+0,+0)->RMUX68","18",2,"afexe_bitgen_pass2_20260920"
"RMUX87@18,1->RMUX59@18,2","RMUX87(+0,-1)->RMUX59","18",2,"afexe_bitgen_pass2_20260920"
"RMUX87@18,1->RMUX63@18,2","RMUX87(+0,-1)->RMUX63","18",2,"afexe_bitgen_pass2_20260920"
"RMUX93@18,1->RMUX87@19,1","RMUX93(-1,+0)->RMUX87","19",2,"afexe_bitgen_pass2_20260920"
"RMUX3@18,2->RMUX14@19,2","RMUX3(-1,+0)->RMUX14","19",2,"afexe_bitgen_pass2_20260920"
"RMUX7@18,2->RMUX31@18,5","RMUX7(+0,-3)->RMUX31","18",2,"afexe_bitgen_pass2_20260920"
"RMUX9@18,2->RMUX44@18,1","RMUX9(+0,+1)->RMUX44","18",2,"afexe_bitgen_pass2_20260920"
"RMUX15@18,2->RMUX69@18,2","RMUX15(+0,+0)->RMUX69","18",2,"afexe_bitgen_pass2_20260920"
"RMUX19@18,2->RMUX72@18,1","RMUX19(+0,+1)->RMUX72","18",2,"afexe_bitgen_pass2_20260920"
"RMUX25@18,2->RMUX0@18,1","RMUX25(+0,+1)->RMUX0","18",2,"afexe_bitgen_pass2_20260920"
"RMUX27@18,2->RMUX20@18,5","RMUX27(+0,-3)->RMUX20","18",2,"afexe_bitgen_pass2_20260920"
"RMUX31@18,2->RMUX25@17,2","RMUX31(+1,+0)->RMUX25","17",2,"afexe_bitgen_pass2_20260920"
"RMUX33@18,2->RMUX39@19,2","RMUX33(-1,+0)->RMUX39","19",2,"afexe_bitgen_pass2_20260920"
"RMUX44@18,2->RMUX74@18,4","RMUX44(+0,-2)->RMUX74","18",2,"afexe_bitgen_pass2_20260920"
"RMUX49@18,2->RMUX7@18,2","RMUX49(+0,+0)->RMUX7","18",2,"afexe_bitgen_pass2_20260920"
"RMUX61@18,2->RMUX54@17,2","RMUX61(+1,+0)->RMUX54","17",2,"afexe_bitgen_pass2_20260920"
"RMUX62@18,2->RMUX67@18,1","RMUX62(+0,+1)->RMUX67","18",2,"afexe_bitgen_pass2_20260920"
"RMUX69@18,2->RMUX83@18,1","RMUX69(+0,+1)->RMUX83","18",2,"afexe_bitgen_pass2_20260920"
"RMUX69@18,2->RMUX86@18,2","RMUX69(+0,+0)->RMUX86","18",2,"afexe_bitgen_pass2_20260920"
"RMUX69@18,2->RMUX87@18,2","RMUX69(+0,+0)->RMUX87","18",2,"afexe_bitgen_pass2_20260920"
"RMUX73@18,2->RMUX1@18,5","RMUX73(+0,-3)->RMUX1","18",2,"afexe_bitgen_pass2_20260920"
"RMUX85@18,2->RMUX65@18,1","RMUX85(+0,+1)->RMUX65","18",2,"afexe_bitgen_pass2_20260920"
"RMUX86@18,2->RMUX57@18,2","RMUX86(+0,+0)->RMUX57","18",2,"afexe_bitgen_pass2_20260920"
"RMUX92@18,2->RMUX74@18,1","RMUX92(+0,+1)->RMUX74","18",2,"afexe_bitgen_pass2_20260920"
"RMUX92@18,2->RMUX80@18,1","RMUX92(+0,+1)->RMUX80","18",2,"afexe_bitgen_pass2_20260920"
"RMUX92@18,2->RMUX81@18,1","RMUX92(+0,+1)->RMUX81","18",2,"afexe_bitgen_pass2_20260920"
"RMUX93@18,2->RMUX87@19,2","RMUX93(-1,+0)->RMUX87","19",2,"afexe_bitgen_pass2_20260920"
"RMUX3@18,3->RMUX14@19,3","RMUX3(-1,+0)->RMUX14","19",2,"afexe_bitgen_pass2_20260920"
"RMUX7@18,3->RMUX24@18,4","RMUX7(+0,-1)->RMUX24","18",2,"afexe_bitgen_pass2_20260920"
"RMUX7@18,3->RMUX46@18,4","RMUX7(+0,-1)->RMUX46","18",2,"afexe_bitgen_pass2_20260920"
"RMUX7@18,3->RMUX31@18,6","RMUX7(+0,-3)->RMUX31","18",2,"afexe_bitgen_pass2_20260920"
"RMUX9@18,3->RMUX38@18,1","RMUX9(+0,+2)->RMUX38","18",2,"afexe_bitgen_pass2_20260920"
"RMUX9@18,3->RMUX44@18,2","RMUX9(+0,+1)->RMUX44","18",2,"afexe_bitgen_pass2_20260920"
"RMUX15@18,3->RMUX69@18,3","RMUX15(+0,+0)->RMUX69","18",2,"afexe_bitgen_pass2_20260920"
"RMUX19@18,3->RMUX72@18,2","RMUX19(+0,+1)->RMUX72","18",2,"afexe_bitgen_pass2_20260920"
"RMUX21@18,3->RMUX86@18,3","RMUX21(+0,+0)->RMUX86","18",2,"afexe_bitgen_pass2_20260920"
"RMUX21@18,3->RMUX92@18,3","RMUX21(+0,+0)->RMUX92","18",2,"afexe_bitgen_pass2_20260920"
"RMUX21@18,3->RMUX92@18,4","RMUX21(+0,-1)->RMUX92","18",2,"afexe_bitgen_pass2_20260920"
"RMUX25@18,3->RMUX0@18,2","RMUX25(+0,+1)->RMUX0","18",2,"afexe_bitgen_pass2_20260920"
"RMUX27@18,3->RMUX20@18,4","RMUX27(+0,-1)->RMUX20","18",2,"afexe_bitgen_pass2_20260920"
"RMUX27@18,3->RMUX20@18,6","RMUX27(+0,-3)->RMUX20","18",2,"afexe_bitgen_pass2_20260920"
"RMUX31@18,3->RMUX25@17,3","RMUX31(+1,+0)->RMUX25","17",2,"afexe_bitgen_pass2_20260920"
"RMUX33@18,3->RMUX39@19,3","RMUX33(-1,+0)->RMUX39","19",2,"afexe_bitgen_pass2_20260920"
"RMUX37@18,3->RMUX49@18,4","RMUX37(+0,-1)->RMUX49","18",2,"afexe_bitgen_pass2_20260920"
"RMUX44@18,3->RMUX74@18,5","RMUX44(+0,-2)->RMUX74","18",2,"afexe_bitgen_pass2_20260920"
"RMUX49@18,3->RMUX7@18,3","RMUX49(+0,+0)->RMUX7","18",2,"afexe_bitgen_pass2_20260920"
"RMUX50@18,3->RMUX2@18,3","RMUX50(+0,+0)->RMUX2","18",2,"afexe_bitgen_pass2_20260920"
"RMUX50@18,3->RMUX8@18,4","RMUX50(+0,-1)->RMUX8","18",2,"afexe_bitgen_pass2_20260920"
"RMUX50@18,3->RMUX13@18,4","RMUX50(+0,-1)->RMUX13","18",2,"afexe_bitgen_pass2_20260920"
"RMUX61@18,3->RMUX54@17,3","RMUX61(+1,+0)->RMUX54","17",2,"afexe_bitgen_pass2_20260920"
"RMUX62@18,3->RMUX67@18,2","RMUX62(+0,+1)->RMUX67","18",2,"afexe_bitgen_pass2_20260920"
"RMUX69@18,3->RMUX83@18,2","RMUX69(+0,+1)->RMUX83","18",2,"afexe_bitgen_pass2_20260920"
"RMUX69@18,3->RMUX86@18,3","RMUX69(+0,+0)->RMUX86","18",2,"afexe_bitgen_pass2_20260920"
"RMUX69@18,3->RMUX87@18,3","RMUX69(+0,+0)->RMUX87","18",2,"afexe_bitgen_pass2_20260920"
"RMUX73@18,3->RMUX1@18,6","RMUX73(+0,-3)->RMUX1","18",2,"afexe_bitgen_pass2_20260920"
"RMUX80@18,3->RMUX26@18,3","RMUX80(+0,+0)->RMUX26","18",2,"afexe_bitgen_pass2_20260920"
"RMUX85@18,3->RMUX65@18,2","RMUX85(+0,+1)->RMUX65","18",2,"afexe_bitgen_pass2_20260920"
"RMUX86@18,3->RMUX57@18,3","RMUX86(+0,+0)->RMUX57","18",2,"afexe_bitgen_pass2_20260920"
"RMUX87@18,3->RMUX68@18,3","RMUX87(+0,+0)->RMUX68","18",2,"afexe_bitgen_pass2_20260920"
"RMUX87@18,3->RMUX59@18,4","RMUX87(+0,-1)->RMUX59","18",2,"afexe_bitgen_pass2_20260920"
"RMUX87@18,3->RMUX63@18,4","RMUX87(+0,-1)->RMUX63","18",2,"afexe_bitgen_pass2_20260920"
"RMUX92@18,3->RMUX74@18,2","RMUX92(+0,+1)->RMUX74","18",2,"afexe_bitgen_pass2_20260920"
"RMUX92@18,3->RMUX80@18,2","RMUX92(+0,+1)->RMUX80","18",2,"afexe_bitgen_pass2_20260920"
"RMUX92@18,3->RMUX81@18,2","RMUX92(+0,+1)->RMUX81","18",2,"afexe_bitgen_pass2_20260920"
"RMUX93@18,3->RMUX87@19,3","RMUX93(-1,+0)->RMUX87","19",2,"afexe_bitgen_pass2_20260920"
"RMUX3@18,4->RMUX14@19,4","RMUX3(-1,+0)->RMUX14","19",2,"afexe_bitgen_pass2_20260920"
"RMUX7@18,4->RMUX24@18,5","RMUX7(+0,-1)->RMUX24","18",2,"afexe_bitgen_pass2_20260920"
"RMUX7@18,4->RMUX46@18,5","RMUX7(+0,-1)->RMUX46","18",2,"afexe_bitgen_pass2_20260920"
"RMUX7@18,4->RMUX31@18,7","RMUX7(+0,-3)->RMUX31","18",2,"afexe_bitgen_pass2_20260920"
"RMUX9@18,4->RMUX38@18,1","RMUX9(+0,+3)->RMUX38","18",2,"afexe_bitgen_pass2_20260920"
"RMUX9@18,4->RMUX38@18,2","RMUX9(+0,+2)->RMUX38","18",2,"afexe_bitgen_pass2_20260920"
"RMUX9@18,4->RMUX44@18,3","RMUX9(+0,+1)->RMUX44","18",2,"afexe_bitgen_pass2_20260920"
"RMUX15@18,4->RMUX69@18,4","RMUX15(+0,+0)->RMUX69","18",2,"afexe_bitgen_pass2_20260920"
"RMUX19@18,4->RMUX72@18,3","RMUX19(+0,+1)->RMUX72","18",2,"afexe_bitgen_pass2_20260920"
"RMUX21@18,4->RMUX86@18,4","RMUX21(+0,+0)->RMUX86","18",2,"afexe_bitgen_pass2_20260920"
"RMUX21@18,4->RMUX92@18,4","RMUX21(+0,+0)->RMUX92","18",2,"afexe_bitgen_pass2_20260920"
"RMUX21@18,4->RMUX92@18,5","RMUX21(+0,-1)->RMUX92","18",2,"afexe_bitgen_pass2_20260920"
"RMUX25@18,4->RMUX0@18,3","RMUX25(+0,+1)->RMUX0","18",2,"afexe_bitgen_pass2_20260920"
"RMUX27@18,4->RMUX20@18,5","RMUX27(+0,-1)->RMUX20","18",2,"afexe_bitgen_pass2_20260920"
"RMUX27@18,4->RMUX20@18,7","RMUX27(+0,-3)->RMUX20","18",2,"afexe_bitgen_pass2_20260920"
"RMUX31@18,4->RMUX25@17,4","RMUX31(+1,+0)->RMUX25","17",2,"afexe_bitgen_pass2_20260920"
"RMUX33@18,4->RMUX39@19,4","RMUX33(-1,+0)->RMUX39","19",2,"afexe_bitgen_pass2_20260920"
"RMUX37@18,4->RMUX49@18,5","RMUX37(+0,-1)->RMUX49","18",2,"afexe_bitgen_pass2_20260920"
"RMUX44@18,4->RMUX74@18,6","RMUX44(+0,-2)->RMUX74","18",2,"afexe_bitgen_pass2_20260920"
"RMUX49@18,4->RMUX7@18,4","RMUX49(+0,+0)->RMUX7","18",2,"afexe_bitgen_pass2_20260920"
"RMUX50@18,4->RMUX2@18,4","RMUX50(+0,+0)->RMUX2","18",2,"afexe_bitgen_pass2_20260920"
"RMUX50@18,4->RMUX8@18,5","RMUX50(+0,-1)->RMUX8","18",2,"afexe_bitgen_pass2_20260920"
"RMUX50@18,4->RMUX13@18,5","RMUX50(+0,-1)->RMUX13","18",2,"afexe_bitgen_pass2_20260920"
"RMUX61@18,4->RMUX54@17,4","RMUX61(+1,+0)->RMUX54","17",2,"afexe_bitgen_pass2_20260920"
"RMUX62@18,4->RMUX67@18,3","RMUX62(+0,+1)->RMUX67","18",2,"afexe_bitgen_pass2_20260920"
"RMUX69@18,4->RMUX83@18,3","RMUX69(+0,+1)->RMUX83","18",2,"afexe_bitgen_pass2_20260920"
"RMUX69@18,4->RMUX86@18,4","RMUX69(+0,+0)->RMUX86","18",2,"afexe_bitgen_pass2_20260920"
"RMUX69@18,4->RMUX87@18,4","RMUX69(+0,+0)->RMUX87","18",2,"afexe_bitgen_pass2_20260920"
"RMUX73@18,4->RMUX1@18,7","RMUX73(+0,-3)->RMUX1","18",2,"afexe_bitgen_pass2_20260920"
"RMUX80@18,4->RMUX26@18,4","RMUX80(+0,+0)->RMUX26","18",2,"afexe_bitgen_pass2_20260920"
"RMUX85@18,4->RMUX65@18,3","RMUX85(+0,+1)->RMUX65","18",2,"afexe_bitgen_pass2_20260920"
"RMUX86@18,4->RMUX57@18,4","RMUX86(+0,+0)->RMUX57","18",2,"afexe_bitgen_pass2_20260920"
"RMUX87@18,4->RMUX68@18,4","RMUX87(+0,+0)->RMUX68","18",2,"afexe_bitgen_pass2_20260920"
"RMUX87@18,4->RMUX59@18,5","RMUX87(+0,-1)->RMUX59","18",2,"afexe_bitgen_pass2_20260920"
"RMUX87@18,4->RMUX63@18,5","RMUX87(+0,-1)->RMUX63","18",2,"afexe_bitgen_pass2_20260920"
"RMUX92@18,4->RMUX74@18,3","RMUX92(+0,+1)->RMUX74","18",2,"afexe_bitgen_pass2_20260920"
"RMUX92@18,4->RMUX80@18,3","RMUX92(+0,+1)->RMUX80","18",2,"afexe_bitgen_pass2_20260920"
"RMUX92@18,4->RMUX81@18,3","RMUX92(+0,+1)->RMUX81","18",2,"afexe_bitgen_pass2_20260920"
"RMUX93@18,4->RMUX87@19,4","RMUX93(-1,+0)->RMUX87","19",2,"afexe_bitgen_pass2_20260920"
"RMUX3@18,5->RMUX14@19,5","RMUX3(-1,+0)->RMUX14","19",2,"afexe_bitgen_pass2_20260920"
"RMUX7@18,5->RMUX24@18,6","RMUX7(+0,-1)->RMUX24","18",2,"afexe_bitgen_pass2_20260920"
"RMUX7@18,5->RMUX46@18,6","RMUX7(+0,-1)->RMUX46","18",2,"afexe_bitgen_pass2_20260920"
"RMUX7@18,5->RMUX31@18,8","RMUX7(+0,-3)->RMUX31","18",2,"afexe_bitgen_pass2_20260920"
"RMUX8@18,5->RMUX27@17,5","RMUX8(+1,+0)->RMUX27","17",2,"afexe_bitgen_pass2_20260920"
"RMUX9@18,5->RMUX38@18,2","RMUX9(+0,+3)->RMUX38","18",2,"afexe_bitgen_pass2_20260920"
"RMUX9@18,5->RMUX38@18,3","RMUX9(+0,+2)->RMUX38","18",2,"afexe_bitgen_pass2_20260920"
"RMUX9@18,5->RMUX44@18,4","RMUX9(+0,+1)->RMUX44","18",2,"afexe_bitgen_pass2_20260920"
"RMUX15@18,5->RMUX69@18,5","RMUX15(+0,+0)->RMUX69","18",2,"afexe_bitgen_pass2_20260920"
"RMUX19@18,5->RMUX72@18,4","RMUX19(+0,+1)->RMUX72","18",2,"afexe_bitgen_pass2_20260920"
"RMUX21@18,5->RMUX86@18,5","RMUX21(+0,+0)->RMUX86","18",2,"afexe_bitgen_pass2_20260920"
"RMUX21@18,5->RMUX92@18,5","RMUX21(+0,+0)->RMUX92","18",2,"afexe_bitgen_pass2_20260920"
"RMUX21@18,5->RMUX92@18,6","RMUX21(+0,-1)->RMUX92","18",2,"afexe_bitgen_pass2_20260920"
"RMUX25@18,5->RMUX0@18,4","RMUX25(+0,+1)->RMUX0","18",2,"afexe_bitgen_pass2_20260920"
"RMUX27@18,5->RMUX20@18,6","RMUX27(+0,-1)->RMUX20","18",2,"afexe_bitgen_pass2_20260920"
"RMUX27@18,5->RMUX20@18,8","RMUX27(+0,-3)->RMUX20","18",2,"afexe_bitgen_pass2_20260920"
"RMUX31@18,5->RMUX25@17,5","RMUX31(+1,+0)->RMUX25","17",2,"afexe_bitgen_pass2_20260920"
"RMUX33@18,5->RMUX39@19,5","RMUX33(-1,+0)->RMUX39","19",2,"afexe_bitgen_pass2_20260920"
"RMUX37@18,5->RMUX49@18,6","RMUX37(+0,-1)->RMUX49","18",2,"afexe_bitgen_pass2_20260920"
"RMUX44@18,5->RMUX74@18,7","RMUX44(+0,-2)->RMUX74","18",2,"afexe_bitgen_pass2_20260920"
"RMUX49@18,5->RMUX7@18,5","RMUX49(+0,+0)->RMUX7","18",2,"afexe_bitgen_pass2_20260920"
"RMUX50@18,5->RMUX2@18,5","RMUX50(+0,+0)->RMUX2","18",2,"afexe_bitgen_pass2_20260920"
"RMUX50@18,5->RMUX8@18,6","RMUX50(+0,-1)->RMUX8","18",2,"afexe_bitgen_pass2_20260920"
"RMUX50@18,5->RMUX13@18,6","RMUX50(+0,-1)->RMUX13","18",2,"afexe_bitgen_pass2_20260920"
"RMUX61@18,5->RMUX54@17,5","RMUX61(+1,+0)->RMUX54","17",2,"afexe_bitgen_pass2_20260920"
"RMUX62@18,5->RMUX67@18,4","RMUX62(+0,+1)->RMUX67","18",2,"afexe_bitgen_pass2_20260920"
"RMUX69@18,5->RMUX83@18,4","RMUX69(+0,+1)->RMUX83","18",2,"afexe_bitgen_pass2_20260920"
"RMUX69@18,5->RMUX86@18,5","RMUX69(+0,+0)->RMUX86","18",2,"afexe_bitgen_pass2_20260920"
"RMUX69@18,5->RMUX87@18,5","RMUX69(+0,+0)->RMUX87","18",2,"afexe_bitgen_pass2_20260920"
"RMUX73@18,5->RMUX1@18,8","RMUX73(+0,-3)->RMUX1","18",2,"afexe_bitgen_pass2_20260920"
"RMUX80@18,5->RMUX26@18,5","RMUX80(+0,+0)->RMUX26","18",2,"afexe_bitgen_pass2_20260920"
"RMUX85@18,5->RMUX65@18,4","RMUX85(+0,+1)->RMUX65","18",2,"afexe_bitgen_pass2_20260920"
"RMUX86@18,5->RMUX57@18,5","RMUX86(+0,+0)->RMUX57","18",2,"afexe_bitgen_pass2_20260920"
"RMUX87@18,5->RMUX68@18,5","RMUX87(+0,+0)->RMUX68","18",2,"afexe_bitgen_pass2_20260920"
"RMUX87@18,5->RMUX59@18,6","RMUX87(+0,-1)->RMUX59","18",2,"afexe_bitgen_pass2_20260920"
"RMUX87@18,5->RMUX63@18,6","RMUX87(+0,-1)->RMUX63","18",2,"afexe_bitgen_pass2_20260920"
"RMUX92@18,5->RMUX74@18,4","RMUX92(+0,+1)->RMUX74","18",2,"afexe_bitgen_pass2_20260920"
"RMUX92@18,5->RMUX80@18,4","RMUX92(+0,+1)->RMUX80","18",2,"afexe_bitgen_pass2_20260920"
"RMUX92@18,5->RMUX81@18,4","RMUX92(+0,+1)->RMUX81","18",2,"afexe_bitgen_pass2_20260920"
"RMUX93@18,5->RMUX87@19,5","RMUX93(-1,+0)->RMUX87","19",2,"afexe_bitgen_pass2_20260920"
"RMUX3@18,6->RMUX15@18,6","RMUX3(+0,+0)->RMUX15","18",2,"afexe_bitgen_pass2_20260920"
"RMUX3@18,6->RMUX21@18,6","RMUX3(+0,+0)->RMUX21","18",2,"afexe_bitgen_pass2_20260920"
"RMUX3@18,6->RMUX14@19,6","RMUX3(-1,+0)->RMUX14","19",2,"afexe_bitgen_pass2_20260920"
"RMUX7@18,6->RMUX24@18,7","RMUX7(+0,-1)->RMUX24","18",2,"afexe_bitgen_pass2_20260920"
"RMUX7@18,6->RMUX46@18,7","RMUX7(+0,-1)->RMUX46","18",2,"afexe_bitgen_pass2_20260920"
"RMUX7@18,6->RMUX31@18,9","RMUX7(+0,-3)->RMUX31","18",2,"afexe_bitgen_pass2_20260920"
"RMUX8@18,6->RMUX27@17,6","RMUX8(+1,+0)->RMUX27","17",2,"afexe_bitgen_pass2_20260920"
"RMUX8@18,6->RMUX33@17,6","RMUX8(+1,+0)->RMUX33","17",2,"afexe_bitgen_pass2_20260920"
"RMUX9@18,6->RMUX38@18,3","RMUX9(+0,+3)->RMUX38","18",2,"afexe_bitgen_pass2_20260920"
"RMUX9@18,6->RMUX38@18,4","RMUX9(+0,+2)->RMUX38","18",2,"afexe_bitgen_pass2_20260920"
"RMUX9@18,6->RMUX44@18,5","RMUX9(+0,+1)->RMUX44","18",2,"afexe_bitgen_pass2_20260920"
"RMUX15@18,6->RMUX69@18,6","RMUX15(+0,+0)->RMUX69","18",2,"afexe_bitgen_pass2_20260920"
"RMUX19@18,6->RMUX72@18,5","RMUX19(+0,+1)->RMUX72","18",2,"afexe_bitgen_pass2_20260920"
"RMUX21@18,6->RMUX86@18,6","RMUX21(+0,+0)->RMUX86","18",2,"afexe_bitgen_pass2_20260920"
"RMUX21@18,6->RMUX92@18,6","RMUX21(+0,+0)->RMUX92","18",2,"afexe_bitgen_pass2_20260920"
"RMUX21@18,6->RMUX92@18,7","RMUX21(+0,-1)->RMUX92","18",2,"afexe_bitgen_pass2_20260920"
"RMUX25@18,6->RMUX0@18,5","RMUX25(+0,+1)->RMUX0","18",2,"afexe_bitgen_pass2_20260920"
"RMUX27@18,6->RMUX20@18,7","RMUX27(+0,-1)->RMUX20","18",2,"afexe_bitgen_pass2_20260920"
"RMUX27@18,6->RMUX20@18,9","RMUX27(+0,-3)->RMUX20","18",2,"afexe_bitgen_pass2_20260920"
"RMUX31@18,6->RMUX25@17,6","RMUX31(+1,+0)->RMUX25","17",2,"afexe_bitgen_pass2_20260920"
"RMUX33@18,6->RMUX45@18,6","RMUX33(+0,+0)->RMUX45","18",2,"afexe_bitgen_pass2_20260920"
"RMUX33@18,6->RMUX39@19,6","RMUX33(-1,+0)->RMUX39","19",2,"afexe_bitgen_pass2_20260920"
"RMUX37@18,6->RMUX49@18,7","RMUX37(+0,-1)->RMUX49","18",2,"afexe_bitgen_pass2_20260920"
"RMUX44@18,6->RMUX85@18,6","RMUX44(+0,+0)->RMUX85","18",2,"afexe_bitgen_pass2_20260920"
"RMUX44@18,6->RMUX74@18,8","RMUX44(+0,-2)->RMUX74","18",2,"afexe_bitgen_pass2_20260920"
"RMUX49@18,6->RMUX7@18,6","RMUX49(+0,+0)->RMUX7","18",2,"afexe_bitgen_pass2_20260920"
"RMUX50@18,6->RMUX2@18,6","RMUX50(+0,+0)->RMUX2","18",2,"afexe_bitgen_pass2_20260920"
"RMUX50@18,6->RMUX8@18,7","RMUX50(+0,-1)->RMUX8","18",2,"afexe_bitgen_pass2_20260920"
"RMUX50@18,6->RMUX13@18,7","RMUX50(+0,-1)->RMUX13","18",2,"afexe_bitgen_pass2_20260920"
"RMUX61@18,6->RMUX54@17,6","RMUX61(+1,+0)->RMUX54","17",2,"afexe_bitgen_pass2_20260920"
"RMUX62@18,6->RMUX67@18,5","RMUX62(+0,+1)->RMUX67","18",2,"afexe_bitgen_pass2_20260920"
"RMUX69@18,6->RMUX83@18,5","RMUX69(+0,+1)->RMUX83","18",2,"afexe_bitgen_pass2_20260920"
"RMUX69@18,6->RMUX86@18,6","RMUX69(+0,+0)->RMUX86","18",2,"afexe_bitgen_pass2_20260920"
"RMUX69@18,6->RMUX87@18,6","RMUX69(+0,+0)->RMUX87","18",2,"afexe_bitgen_pass2_20260920"
"RMUX73@18,6->RMUX1@18,9","RMUX73(+0,-3)->RMUX1","18",2,"afexe_bitgen_pass2_20260920"
"RMUX80@18,6->RMUX26@18,6","RMUX80(+0,+0)->RMUX26","18",2,"afexe_bitgen_pass2_20260920"
"RMUX85@18,6->RMUX65@18,5","RMUX85(+0,+1)->RMUX65","18",2,"afexe_bitgen_pass2_20260920"
"RMUX86@18,6->RMUX57@18,6","RMUX86(+0,+0)->RMUX57","18",2,"afexe_bitgen_pass2_20260920"
"RMUX87@18,6->RMUX68@18,6","RMUX87(+0,+0)->RMUX68","18",2,"afexe_bitgen_pass2_20260920"
"RMUX87@18,6->RMUX59@18,7","RMUX87(+0,-1)->RMUX59","18",2,"afexe_bitgen_pass2_20260920"
"RMUX87@18,6->RMUX63@18,7","RMUX87(+0,-1)->RMUX63","18",2,"afexe_bitgen_pass2_20260920"
"RMUX92@18,6->RMUX74@18,5","RMUX92(+0,+1)->RMUX74","18",2,"afexe_bitgen_pass2_20260920"
"RMUX92@18,6->RMUX80@18,5","RMUX92(+0,+1)->RMUX80","18",2,"afexe_bitgen_pass2_20260920"
"RMUX92@18,6->RMUX81@18,5","RMUX92(+0,+1)->RMUX81","18",2,"afexe_bitgen_pass2_20260920"
"RMUX93@18,6->RMUX87@19,6","RMUX93(-1,+0)->RMUX87","19",2,"afexe_bitgen_pass2_20260920"
"RMUX3@18,7->RMUX15@18,7","RMUX3(+0,+0)->RMUX15","18",2,"afexe_bitgen_pass2_20260920"
"RMUX3@18,7->RMUX14@19,7","RMUX3(-1,+0)->RMUX14","19",2,"afexe_bitgen_pass2_20260920"
"RMUX7@18,7->RMUX24@18,8","RMUX7(+0,-1)->RMUX24","18",2,"afexe_bitgen_pass2_20260920"
"RMUX7@18,7->RMUX46@18,8","RMUX7(+0,-1)->RMUX46","18",2,"afexe_bitgen_pass2_20260920"
"RMUX7@18,7->RMUX31@18,10","RMUX7(+0,-3)->RMUX31","18",2,"afexe_bitgen_pass2_20260920"
"RMUX8@18,7->RMUX27@17,7","RMUX8(+1,+0)->RMUX27","17",2,"afexe_bitgen_pass2_20260920"
"RMUX9@18,7->RMUX38@18,4","RMUX9(+0,+3)->RMUX38","18",2,"afexe_bitgen_pass2_20260920"
"RMUX9@18,7->RMUX38@18,5","RMUX9(+0,+2)->RMUX38","18",2,"afexe_bitgen_pass2_20260920"
"RMUX9@18,7->RMUX38@18,6","RMUX9(+0,+1)->RMUX38","18",2,"afexe_bitgen_pass2_20260920"
"RMUX9@18,7->RMUX44@18,6","RMUX9(+0,+1)->RMUX44","18",2,"afexe_bitgen_pass2_20260920"
"RMUX15@18,7->RMUX69@18,7","RMUX15(+0,+0)->RMUX69","18",2,"afexe_bitgen_pass2_20260920"
"RMUX19@18,7->RMUX72@18,6","RMUX19(+0,+1)->RMUX72","18",2,"afexe_bitgen_pass2_20260920"
"RMUX21@18,7->RMUX86@18,7","RMUX21(+0,+0)->RMUX86","18",2,"afexe_bitgen_pass2_20260920"
"RMUX21@18,7->RMUX92@18,7","RMUX21(+0,+0)->RMUX92","18",2,"afexe_bitgen_pass2_20260920"
"RMUX21@18,7->RMUX92@18,8","RMUX21(+0,-1)->RMUX92","18",2,"afexe_bitgen_pass2_20260920"
"RMUX25@18,7->RMUX0@18,6","RMUX25(+0,+1)->RMUX0","18",2,"afexe_bitgen_pass2_20260920"
"RMUX27@18,7->RMUX20@18,8","RMUX27(+0,-1)->RMUX20","18",2,"afexe_bitgen_pass2_20260920"
"RMUX27@18,7->RMUX20@18,10","RMUX27(+0,-3)->RMUX20","18",2,"afexe_bitgen_pass2_20260920"
"RMUX31@18,7->RMUX25@17,7","RMUX31(+1,+0)->RMUX25","17",2,"afexe_bitgen_pass2_20260920"
"RMUX32@18,7->RMUX27@18,6","RMUX32(+0,+1)->RMUX27","18",2,"afexe_bitgen_pass2_20260920"
"RMUX33@18,7->RMUX45@18,7","RMUX33(+0,+0)->RMUX45","18",2,"afexe_bitgen_pass2_20260920"
"RMUX33@18,7->RMUX39@19,7","RMUX33(-1,+0)->RMUX39","19",2,"afexe_bitgen_pass2_20260920"
"RMUX37@18,7->RMUX49@18,8","RMUX37(+0,-1)->RMUX49","18",2,"afexe_bitgen_pass2_20260920"
"RMUX44@18,7->RMUX74@18,9","RMUX44(+0,-2)->RMUX74","18",2,"afexe_bitgen_pass2_20260920"
"RMUX49@18,7->RMUX7@18,7","RMUX49(+0,+0)->RMUX7","18",2,"afexe_bitgen_pass2_20260920"
"RMUX50@18,7->RMUX2@18,7","RMUX50(+0,+0)->RMUX2","18",2,"afexe_bitgen_pass2_20260920"
"RMUX50@18,7->RMUX8@18,8","RMUX50(+0,-1)->RMUX8","18",2,"afexe_bitgen_pass2_20260920"
"RMUX50@18,7->RMUX13@18,8","RMUX50(+0,-1)->RMUX13","18",2,"afexe_bitgen_pass2_20260920"
"RMUX61@18,7->RMUX54@17,7","RMUX61(+1,+0)->RMUX54","17",2,"afexe_bitgen_pass2_20260920"
"RMUX62@18,7->RMUX67@18,6","RMUX62(+0,+1)->RMUX67","18",2,"afexe_bitgen_pass2_20260920"
"RMUX69@18,7->RMUX83@18,6","RMUX69(+0,+1)->RMUX83","18",2,"afexe_bitgen_pass2_20260920"
"RMUX69@18,7->RMUX86@18,7","RMUX69(+0,+0)->RMUX86","18",2,"afexe_bitgen_pass2_20260920"
"RMUX69@18,7->RMUX87@18,7","RMUX69(+0,+0)->RMUX87","18",2,"afexe_bitgen_pass2_20260920"
"RMUX73@18,7->RMUX1@18,10","RMUX73(+0,-3)->RMUX1","18",2,"afexe_bitgen_pass2_20260920"
"RMUX80@18,7->RMUX26@18,7","RMUX80(+0,+0)->RMUX26","18",2,"afexe_bitgen_pass2_20260920"
"RMUX85@18,7->RMUX65@18,6","RMUX85(+0,+1)->RMUX65","18",2,"afexe_bitgen_pass2_20260920"
"RMUX86@18,7->RMUX57@18,7","RMUX86(+0,+0)->RMUX57","18",2,"afexe_bitgen_pass2_20260920"
"RMUX87@18,7->RMUX68@18,7","RMUX87(+0,+0)->RMUX68","18",2,"afexe_bitgen_pass2_20260920"
"RMUX87@18,7->RMUX59@18,8","RMUX87(+0,-1)->RMUX59","18",2,"afexe_bitgen_pass2_20260920"
"RMUX87@18,7->RMUX63@18,8","RMUX87(+0,-1)->RMUX63","18",2,"afexe_bitgen_pass2_20260920"
"RMUX92@18,7->RMUX74@18,6","RMUX92(+0,+1)->RMUX74","18",2,"afexe_bitgen_pass2_20260920"
"RMUX92@18,7->RMUX80@18,6","RMUX92(+0,+1)->RMUX80","18",2,"afexe_bitgen_pass2_20260920"
"RMUX92@18,7->RMUX81@18,6","RMUX92(+0,+1)->RMUX81","18",2,"afexe_bitgen_pass2_20260920"
"RMUX93@18,7->RMUX87@19,7","RMUX93(-1,+0)->RMUX87","19",2,"afexe_bitgen_pass2_20260920"
"RMUX3@18,8->RMUX15@18,8","RMUX3(+0,+0)->RMUX15","18",2,"afexe_bitgen_pass2_20260920"
"RMUX3@18,8->RMUX14@19,8","RMUX3(-1,+0)->RMUX14","19",2,"afexe_bitgen_pass2_20260920"
"RMUX7@18,8->RMUX24@18,9","RMUX7(+0,-1)->RMUX24","18",2,"afexe_bitgen_pass2_20260920"
"RMUX7@18,8->RMUX46@18,9","RMUX7(+0,-1)->RMUX46","18",2,"afexe_bitgen_pass2_20260920"
"RMUX7@18,8->RMUX31@18,11","RMUX7(+0,-3)->RMUX31","18",2,"afexe_bitgen_pass2_20260920"
"RMUX9@18,8->RMUX38@18,5","RMUX9(+0,+3)->RMUX38","18",2,"afexe_bitgen_pass2_20260920"
"RMUX9@18,8->RMUX38@18,6","RMUX9(+0,+2)->RMUX38","18",2,"afexe_bitgen_pass2_20260920"
"RMUX9@18,8->RMUX44@18,7","RMUX9(+0,+1)->RMUX44","18",2,"afexe_bitgen_pass2_20260920"
"RMUX15@18,8->RMUX69@18,8","RMUX15(+0,+0)->RMUX69","18",2,"afexe_bitgen_pass2_20260920"
"RMUX19@18,8->RMUX72@18,7","RMUX19(+0,+1)->RMUX72","18",2,"afexe_bitgen_pass2_20260920"
"RMUX21@18,8->RMUX86@18,8","RMUX21(+0,+0)->RMUX86","18",2,"afexe_bitgen_pass2_20260920"
"RMUX21@18,8->RMUX92@18,8","RMUX21(+0,+0)->RMUX92","18",2,"afexe_bitgen_pass2_20260920"
"RMUX21@18,8->RMUX92@18,9","RMUX21(+0,-1)->RMUX92","18",2,"afexe_bitgen_pass2_20260920"
"RMUX25@18,8->RMUX0@18,7","RMUX25(+0,+1)->RMUX0","18",2,"afexe_bitgen_pass2_20260920"
"RMUX27@18,8->RMUX20@18,9","RMUX27(+0,-1)->RMUX20","18",2,"afexe_bitgen_pass2_20260920"
"RMUX27@18,8->RMUX20@18,11","RMUX27(+0,-3)->RMUX20","18",2,"afexe_bitgen_pass2_20260920"
"RMUX31@18,8->RMUX25@17,8","RMUX31(+1,+0)->RMUX25","17",2,"afexe_bitgen_pass2_20260920"
"RMUX32@18,8->RMUX33@18,6","RMUX32(+0,+2)->RMUX33","18",2,"afexe_bitgen_pass2_20260920"
"RMUX32@18,8->RMUX27@18,7","RMUX32(+0,+1)->RMUX27","18",2,"afexe_bitgen_pass2_20260920"
"RMUX33@18,8->RMUX45@18,8","RMUX33(+0,+0)->RMUX45","18",2,"afexe_bitgen_pass2_20260920"
"RMUX33@18,8->RMUX39@19,8","RMUX33(-1,+0)->RMUX39","19",2,"afexe_bitgen_pass2_20260920"
"RMUX37@18,8->RMUX49@18,9","RMUX37(+0,-1)->RMUX49","18",2,"afexe_bitgen_pass2_20260920"
"RMUX44@18,8->RMUX85@18,8","RMUX44(+0,+0)->RMUX85","18",2,"afexe_bitgen_pass2_20260920"
"RMUX44@18,8->RMUX74@18,10","RMUX44(+0,-2)->RMUX74","18",2,"afexe_bitgen_pass2_20260920"
"RMUX49@18,8->RMUX7@18,8","RMUX49(+0,+0)->RMUX7","18",2,"afexe_bitgen_pass2_20260920"
"RMUX50@18,8->RMUX2@18,8","RMUX50(+0,+0)->RMUX2","18",2,"afexe_bitgen_pass2_20260920"
"RMUX50@18,8->RMUX8@18,9","RMUX50(+0,-1)->RMUX8","18",2,"afexe_bitgen_pass2_20260920"
"RMUX50@18,8->RMUX13@18,9","RMUX50(+0,-1)->RMUX13","18",2,"afexe_bitgen_pass2_20260920"
"RMUX61@18,8->RMUX54@17,8","RMUX61(+1,+0)->RMUX54","17",2,"afexe_bitgen_pass2_20260920"
"RMUX62@18,8->RMUX67@18,7","RMUX62(+0,+1)->RMUX67","18",2,"afexe_bitgen_pass2_20260920"
"RMUX69@18,8->RMUX83@18,7","RMUX69(+0,+1)->RMUX83","18",2,"afexe_bitgen_pass2_20260920"
"RMUX69@18,8->RMUX86@18,8","RMUX69(+0,+0)->RMUX86","18",2,"afexe_bitgen_pass2_20260920"
"RMUX69@18,8->RMUX87@18,8","RMUX69(+0,+0)->RMUX87","18",2,"afexe_bitgen_pass2_20260920"
"RMUX73@18,8->RMUX1@18,11","RMUX73(+0,-3)->RMUX1","18",2,"afexe_bitgen_pass2_20260920"
"RMUX80@18,8->RMUX26@18,8","RMUX80(+0,+0)->RMUX26","18",2,"afexe_bitgen_pass2_20260920"
"RMUX85@18,8->RMUX65@18,7","RMUX85(+0,+1)->RMUX65","18",2,"afexe_bitgen_pass2_20260920"
"RMUX86@18,8->RMUX57@18,8","RMUX86(+0,+0)->RMUX57","18",2,"afexe_bitgen_pass2_20260920"
"RMUX87@18,8->RMUX68@18,8","RMUX87(+0,+0)->RMUX68","18",2,"afexe_bitgen_pass2_20260920"
"RMUX87@18,8->RMUX59@18,9","RMUX87(+0,-1)->RMUX59","18",2,"afexe_bitgen_pass2_20260920"
"RMUX87@18,8->RMUX63@18,9","RMUX87(+0,-1)->RMUX63","18",2,"afexe_bitgen_pass2_20260920"
"RMUX92@18,8->RMUX74@18,7","RMUX92(+0,+1)->RMUX74","18",2,"afexe_bitgen_pass2_20260920"
"RMUX92@18,8->RMUX80@18,7","RMUX92(+0,+1)->RMUX80","18",2,"afexe_bitgen_pass2_20260920"
"RMUX92@18,8->RMUX81@18,7","RMUX92(+0,+1)->RMUX81","18",2,"afexe_bitgen_pass2_20260920"
"RMUX93@18,8->RMUX87@19,8","RMUX93(-1,+0)->RMUX87","19",2,"afexe_bitgen_pass2_20260920"
"RMUX3@18,9->RMUX15@18,9","RMUX3(+0,+0)->RMUX15","18",2,"afexe_bitgen_pass2_20260920"
"RMUX3@18,9->RMUX14@19,9","RMUX3(-1,+0)->RMUX14","19",2,"afexe_bitgen_pass2_20260920"
"RMUX7@18,9->RMUX24@18,10","RMUX7(+0,-1)->RMUX24","18",2,"afexe_bitgen_pass2_20260920"
"RMUX7@18,9->RMUX46@18,10","RMUX7(+0,-1)->RMUX46","18",2,"afexe_bitgen_pass2_20260920"
"RMUX7@18,9->RMUX31@18,12","RMUX7(+0,-3)->RMUX31","18",2,"afexe_bitgen_pass2_20260920"
"RMUX8@18,9->RMUX37@17,9","RMUX8(+1,+0)->RMUX37","17",2,"afexe_bitgen_pass2_20260920"
"RMUX9@18,9->RMUX38@18,6","RMUX9(+0,+3)->RMUX38","18",2,"afexe_bitgen_pass2_20260920"
"RMUX9@18,9->RMUX38@18,7","RMUX9(+0,+2)->RMUX38","18",2,"afexe_bitgen_pass2_20260920"
"RMUX9@18,9->RMUX44@18,8","RMUX9(+0,+1)->RMUX44","18",2,"afexe_bitgen_pass2_20260920"
"RMUX15@18,9->RMUX69@18,9","RMUX15(+0,+0)->RMUX69","18",2,"afexe_bitgen_pass2_20260920"
"RMUX19@18,9->RMUX72@18,8","RMUX19(+0,+1)->RMUX72","18",2,"afexe_bitgen_pass2_20260920"
"RMUX21@18,9->RMUX86@18,9","RMUX21(+0,+0)->RMUX86","18",2,"afexe_bitgen_pass2_20260920"
"RMUX21@18,9->RMUX92@18,9","RMUX21(+0,+0)->RMUX92","18",2,"afexe_bitgen_pass2_20260920"
"RMUX21@18,9->RMUX92@18,10","RMUX21(+0,-1)->RMUX92","18",2,"afexe_bitgen_pass2_20260920"
"RMUX25@18,9->RMUX0@18,8","RMUX25(+0,+1)->RMUX0","18",2,"afexe_bitgen_pass2_20260920"
"RMUX27@18,9->RMUX15@18,10","RMUX27(+0,-1)->RMUX15","18",2,"afexe_bitgen_pass2_20260920"
"RMUX27@18,9->RMUX20@18,10","RMUX27(+0,-1)->RMUX20","18",2,"afexe_bitgen_pass2_20260920"
"RMUX27@18,9->RMUX20@18,12","RMUX27(+0,-3)->RMUX20","18",2,"afexe_bitgen_pass2_20260920"
"RMUX31@18,9->RMUX25@17,9","RMUX31(+1,+0)->RMUX25","17",2,"afexe_bitgen_pass2_20260920"
"RMUX32@18,9->RMUX27@18,8","RMUX32(+0,+1)->RMUX27","18",2,"afexe_bitgen_pass2_20260920"
"RMUX33@18,9->RMUX45@18,9","RMUX33(+0,+0)->RMUX45","18",2,"afexe_bitgen_pass2_20260920"
"RMUX33@18,9->RMUX39@19,9","RMUX33(-1,+0)->RMUX39","19",2,"afexe_bitgen_pass2_20260920"
"RMUX37@18,9->RMUX49@18,10","RMUX37(+0,-1)->RMUX49","18",2,"afexe_bitgen_pass2_20260920"
"RMUX44@18,9->RMUX85@18,9","RMUX44(+0,+0)->RMUX85","18",2,"afexe_bitgen_pass2_20260920"
"RMUX44@18,9->RMUX74@18,11","RMUX44(+0,-2)->RMUX74","18",2,"afexe_bitgen_pass2_20260920"
"RMUX49@18,9->RMUX7@18,9","RMUX49(+0,+0)->RMUX7","18",2,"afexe_bitgen_pass2_20260920"
"RMUX50@18,9->RMUX2@18,9","RMUX50(+0,+0)->RMUX2","18",2,"afexe_bitgen_pass2_20260920"
"RMUX50@18,9->RMUX8@18,10","RMUX50(+0,-1)->RMUX8","18",2,"afexe_bitgen_pass2_20260920"
"RMUX50@18,9->RMUX13@18,10","RMUX50(+0,-1)->RMUX13","18",2,"afexe_bitgen_pass2_20260920"
"RMUX61@18,9->RMUX54@17,9","RMUX61(+1,+0)->RMUX54","17",2,"afexe_bitgen_pass2_20260920"
"RMUX62@18,9->RMUX67@18,8","RMUX62(+0,+1)->RMUX67","18",2,"afexe_bitgen_pass2_20260920"
"RMUX69@18,9->RMUX83@18,8","RMUX69(+0,+1)->RMUX83","18",2,"afexe_bitgen_pass2_20260920"
"RMUX69@18,9->RMUX86@18,9","RMUX69(+0,+0)->RMUX86","18",2,"afexe_bitgen_pass2_20260920"
"RMUX69@18,9->RMUX87@18,9","RMUX69(+0,+0)->RMUX87","18",2,"afexe_bitgen_pass2_20260920"
"RMUX73@18,9->RMUX1@18,12","RMUX73(+0,-3)->RMUX1","18",2,"afexe_bitgen_pass2_20260920"
"RMUX80@18,9->RMUX26@18,9","RMUX80(+0,+0)->RMUX26","18",2,"afexe_bitgen_pass2_20260920"
"RMUX85@18,9->RMUX65@18,8","RMUX85(+0,+1)->RMUX65","18",2,"afexe_bitgen_pass2_20260920"
"RMUX86@18,9->RMUX57@18,9","RMUX86(+0,+0)->RMUX57","18",2,"afexe_bitgen_pass2_20260920"
"RMUX87@18,9->RMUX68@18,9","RMUX87(+0,+0)->RMUX68","18",2,"afexe_bitgen_pass2_20260920"
"RMUX87@18,9->RMUX59@18,10","RMUX87(+0,-1)->RMUX59","18",2,"afexe_bitgen_pass2_20260920"
"RMUX87@18,9->RMUX63@18,10","RMUX87(+0,-1)->RMUX63","18",2,"afexe_bitgen_pass2_20260920"
"RMUX92@18,9->RMUX74@18,8","RMUX92(+0,+1)->RMUX74","18",2,"afexe_bitgen_pass2_20260920"
"RMUX92@18,9->RMUX80@18,8","RMUX92(+0,+1)->RMUX80","18",2,"afexe_bitgen_pass2_20260920"
"RMUX92@18,9->RMUX81@18,8","RMUX92(+0,+1)->RMUX81","18",2,"afexe_bitgen_pass2_20260920"
"RMUX93@18,9->RMUX87@19,9","RMUX93(-1,+0)->RMUX87","19",2,"afexe_bitgen_pass2_20260920"
"RMUX3@18,10->RMUX21@18,10","RMUX3(+0,+0)->RMUX21","18",2,"afexe_bitgen_pass2_20260920"
"RMUX3@18,10->RMUX14@19,10","RMUX3(-1,+0)->RMUX14","19",2,"afexe_bitgen_pass2_20260920"
"RMUX7@18,10->RMUX24@18,11","RMUX7(+0,-1)->RMUX24","18",2,"afexe_bitgen_pass2_20260920"
"RMUX7@18,10->RMUX46@18,11","RMUX7(+0,-1)->RMUX46","18",2,"afexe_bitgen_pass2_20260920"
"RMUX8@18,10->RMUX27@17,10","RMUX8(+1,+0)->RMUX27","17",2,"afexe_bitgen_pass2_20260920"
"RMUX9@18,10->RMUX38@18,7","RMUX9(+0,+3)->RMUX38","18",2,"afexe_bitgen_pass2_20260920"
"RMUX9@18,10->RMUX38@18,8","RMUX9(+0,+2)->RMUX38","18",2,"afexe_bitgen_pass2_20260920"
"RMUX9@18,10->RMUX38@18,9","RMUX9(+0,+1)->RMUX38","18",2,"afexe_bitgen_pass2_20260920"
"RMUX9@18,10->RMUX44@18,9","RMUX9(+0,+1)->RMUX44","18",2,"afexe_bitgen_pass2_20260920"
"RMUX15@18,10->RMUX63@17,10","RMUX15(+1,+0)->RMUX63","17",2,"afexe_bitgen_pass2_20260920"
"RMUX15@18,10->RMUX69@18,10","RMUX15(+0,+0)->RMUX69","18",2,"afexe_bitgen_pass2_20260920"
"RMUX19@18,10->RMUX72@18,9","RMUX19(+0,+1)->RMUX72","18",2,"afexe_bitgen_pass2_20260920"
"RMUX21@18,10->RMUX86@18,10","RMUX21(+0,+0)->RMUX86","18",2,"afexe_bitgen_pass2_20260920"
"RMUX21@18,10->RMUX92@18,10","RMUX21(+0,+0)->RMUX92","18",2,"afexe_bitgen_pass2_20260920"
"RMUX21@18,10->RMUX92@18,11","RMUX21(+0,-1)->RMUX92","18",2,"afexe_bitgen_pass2_20260920"
"RMUX25@18,10->RMUX0@18,9","RMUX25(+0,+1)->RMUX0","18",2,"afexe_bitgen_pass2_20260920"
"RMUX27@18,10->RMUX20@18,11","RMUX27(+0,-1)->RMUX20","18",2,"afexe_bitgen_pass2_20260920"
"RMUX32@18,10->RMUX33@18,8","RMUX32(+0,+2)->RMUX33","18",2,"afexe_bitgen_pass2_20260920"
"RMUX32@18,10->RMUX27@18,9","RMUX32(+0,+1)->RMUX27","18",2,"afexe_bitgen_pass2_20260920"
"RMUX33@18,10->RMUX39@19,10","RMUX33(-1,+0)->RMUX39","19",2,"afexe_bitgen_pass2_20260920"
"RMUX37@18,10->RMUX49@18,11","RMUX37(+0,-1)->RMUX49","18",2,"afexe_bitgen_pass2_20260920"
"RMUX44@18,10->RMUX74@18,12","RMUX44(+0,-2)->RMUX74","18",2,"afexe_bitgen_pass2_20260920"
"RMUX49@18,10->RMUX7@18,10","RMUX49(+0,+0)->RMUX7","18",2,"afexe_bitgen_pass2_20260920"
"RMUX50@18,10->RMUX2@18,10","RMUX50(+0,+0)->RMUX2","18",2,"afexe_bitgen_pass2_20260920"
"RMUX50@18,10->RMUX8@18,11","RMUX50(+0,-1)->RMUX8","18",2,"afexe_bitgen_pass2_20260920"
"RMUX50@18,10->RMUX13@18,11","RMUX50(+0,-1)->RMUX13","18",2,"afexe_bitgen_pass2_20260920"
"RMUX61@18,10->RMUX54@17,10","RMUX61(+1,+0)->RMUX54","17",2,"afexe_bitgen_pass2_20260920"
"RMUX62@18,10->RMUX67@18,9","RMUX62(+0,+1)->RMUX67","18",2,"afexe_bitgen_pass2_20260920"
"RMUX69@18,10->RMUX83@18,9","RMUX69(+0,+1)->RMUX83","18",2,"afexe_bitgen_pass2_20260920"
"RMUX69@18,10->RMUX86@18,10","RMUX69(+0,+0)->RMUX86","18",2,"afexe_bitgen_pass2_20260920"
"RMUX69@18,10->RMUX87@18,10","RMUX69(+0,+0)->RMUX87","18",2,"afexe_bitgen_pass2_20260920"
"RMUX80@18,10->RMUX26@18,10","RMUX80(+0,+0)->RMUX26","18",2,"afexe_bitgen_pass2_20260920"
"RMUX85@18,10->RMUX65@18,9","RMUX85(+0,+1)->RMUX65","18",2,"afexe_bitgen_pass2_20260920"
"RMUX86@18,10->RMUX57@18,10","RMUX86(+0,+0)->RMUX57","18",2,"afexe_bitgen_pass2_20260920"
"RMUX87@18,10->RMUX68@18,10","RMUX87(+0,+0)->RMUX68","18",2,"afexe_bitgen_pass2_20260920"
"RMUX87@18,10->RMUX59@18,11","RMUX87(+0,-1)->RMUX59","18",2,"afexe_bitgen_pass2_20260920"
"RMUX87@18,10->RMUX63@18,11","RMUX87(+0,-1)->RMUX63","18",2,"afexe_bitgen_pass2_20260920"
"RMUX92@18,10->RMUX74@18,9","RMUX92(+0,+1)->RMUX74","18",2,"afexe_bitgen_pass2_20260920"
"RMUX92@18,10->RMUX80@18,9","RMUX92(+0,+1)->RMUX80","18",2,"afexe_bitgen_pass2_20260920"
"RMUX92@18,10->RMUX81@18,9","RMUX92(+0,+1)->RMUX81","18",2,"afexe_bitgen_pass2_20260920"
"RMUX93@18,10->RMUX87@19,10","RMUX93(-1,+0)->RMUX87","19",2,"afexe_bitgen_pass2_20260920"
"RMUX3@18,11->RMUX15@18,11","RMUX3(+0,+0)->RMUX15","18",2,"afexe_bitgen_pass2_20260920"
"RMUX3@18,11->RMUX21@18,11","RMUX3(+0,+0)->RMUX21","18",2,"afexe_bitgen_pass2_20260920"
"RMUX3@18,11->RMUX14@19,11","RMUX3(-1,+0)->RMUX14","19",2,"afexe_bitgen_pass2_20260920"
"RMUX7@18,11->RMUX24@18,12","RMUX7(+0,-1)->RMUX24","18",2,"afexe_bitgen_pass2_20260920"
"RMUX7@18,11->RMUX46@18,12","RMUX7(+0,-1)->RMUX46","18",2,"afexe_bitgen_pass2_20260920"
"RMUX8@18,11->RMUX26@17,11","RMUX8(+1,+0)->RMUX26","17",2,"afexe_bitgen_pass2_20260920"
"RMUX9@18,11->RMUX38@18,8","RMUX9(+0,+3)->RMUX38","18",2,"afexe_bitgen_pass2_20260920"
"RMUX9@18,11->RMUX38@18,9","RMUX9(+0,+2)->RMUX38","18",2,"afexe_bitgen_pass2_20260920"
"RMUX15@18,11->RMUX69@18,11","RMUX15(+0,+0)->RMUX69","18",2,"afexe_bitgen_pass2_20260920"
"RMUX21@18,11->RMUX86@18,11","RMUX21(+0,+0)->RMUX86","18",2,"afexe_bitgen_pass2_20260920"
"RMUX21@18,11->RMUX92@18,11","RMUX21(+0,+0)->RMUX92","18",2,"afexe_bitgen_pass2_20260920"
"RMUX21@18,11->RMUX92@18,12","RMUX21(+0,-1)->RMUX92","18",2,"afexe_bitgen_pass2_20260920"
"RMUX27@18,11->RMUX20@18,12","RMUX27(+0,-1)->RMUX20","18",2,"afexe_bitgen_pass2_20260920"
"RMUX32@18,11->RMUX33@18,9","RMUX32(+0,+2)->RMUX33","18",2,"afexe_bitgen_pass2_20260920"
"RMUX33@18,11->RMUX45@18,11","RMUX33(+0,+0)->RMUX45","18",2,"afexe_bitgen_pass2_20260920"
"RMUX33@18,11->RMUX39@19,11","RMUX33(-1,+0)->RMUX39","19",2,"afexe_bitgen_pass2_20260920"
"RMUX37@18,11->RMUX49@18,12","RMUX37(+0,-1)->RMUX49","18",2,"afexe_bitgen_pass2_20260920"
"RMUX44@18,11->RMUX85@18,11","RMUX44(+0,+0)->RMUX85","18",2,"afexe_bitgen_pass2_20260920"
"RMUX49@18,11->RMUX7@18,11","RMUX49(+0,+0)->RMUX7","18",2,"afexe_bitgen_pass2_20260920"
"RMUX50@18,11->RMUX2@18,11","RMUX50(+0,+0)->RMUX2","18",2,"afexe_bitgen_pass2_20260920"
"RMUX50@18,11->RMUX8@18,12","RMUX50(+0,-1)->RMUX8","18",2,"afexe_bitgen_pass2_20260920"
"RMUX50@18,11->RMUX13@18,12","RMUX50(+0,-1)->RMUX13","18",2,"afexe_bitgen_pass2_20260920"
"RMUX61@18,11->RMUX54@17,11","RMUX61(+1,+0)->RMUX54","17",2,"afexe_bitgen_pass2_20260920"
"RMUX80@18,11->RMUX26@18,11","RMUX80(+0,+0)->RMUX26","18",2,"afexe_bitgen_pass2_20260920"
"RMUX86@18,11->RMUX57@18,11","RMUX86(+0,+0)->RMUX57","18",2,"afexe_bitgen_pass2_20260920"
"RMUX87@18,11->RMUX68@18,11","RMUX87(+0,+0)->RMUX68","18",2,"afexe_bitgen_pass2_20260920"
"RMUX87@18,11->RMUX59@18,12","RMUX87(+0,-1)->RMUX59","18",2,"afexe_bitgen_pass2_20260920"
"RMUX87@18,11->RMUX63@18,12","RMUX87(+0,-1)->RMUX63","18",2,"afexe_bitgen_pass2_20260920"
"RMUX93@18,11->RMUX87@19,11","RMUX93(-1,+0)->RMUX87","19",2,"afexe_bitgen_pass2_20260920"
"RMUX3@18,12->RMUX14@19,12","RMUX3(-1,+0)->RMUX14","19",2,"afexe_bitgen_pass2_20260920"
"RMUX8@18,12->RMUX26@17,12","RMUX8(+1,+0)->RMUX26","17",2,"afexe_bitgen_pass2_20260920"
"RMUX8@18,12->RMUX33@17,12","RMUX8(+1,+0)->RMUX33","17",2,"afexe_bitgen_pass2_20260920"
"RMUX9@18,12->RMUX38@18,9","RMUX9(+0,+3)->RMUX38","18",2,"afexe_bitgen_pass2_20260920"
"RMUX9@18,12->RMUX38@18,10","RMUX9(+0,+2)->RMUX38","18",2,"afexe_bitgen_pass2_20260920"
"RMUX9@18,12->RMUX38@18,11","RMUX9(+0,+1)->RMUX38","18",2,"afexe_bitgen_pass2_20260920"
"RMUX9@18,12->RMUX44@18,11","RMUX9(+0,+1)->RMUX44","18",2,"afexe_bitgen_pass2_20260920"
"RMUX9@18,12->RMUX38@18,12","RMUX9(+0,+0)->RMUX38","18",2,"afexe_bitgen_pass2_20260920"
"RMUX15@18,12->RMUX69@18,12","RMUX15(+0,+0)->RMUX69","18",2,"afexe_bitgen_pass2_20260920"
"RMUX21@18,12->RMUX86@18,12","RMUX21(+0,+0)->RMUX86","18",2,"afexe_bitgen_pass2_20260920"
"RMUX21@18,12->RMUX92@18,12","RMUX21(+0,+0)->RMUX92","18",2,"afexe_bitgen_pass2_20260920"
"RMUX31@18,12->RMUX25@17,12","RMUX31(+1,+0)->RMUX25","17",2,"afexe_bitgen_pass2_20260920"
"RMUX32@18,12->RMUX27@18,11","RMUX32(+0,+1)->RMUX27","18",2,"afexe_bitgen_pass2_20260920"
"RMUX33@18,12->RMUX45@18,12","RMUX33(+0,+0)->RMUX45","18",2,"afexe_bitgen_pass2_20260920"
"RMUX33@18,12->RMUX39@19,12","RMUX33(-1,+0)->RMUX39","19",2,"afexe_bitgen_pass2_20260920"
"RMUX49@18,12->RMUX7@18,12","RMUX49(+0,+0)->RMUX7","18",2,"afexe_bitgen_pass2_20260920"
"RMUX50@18,12->RMUX2@18,12","RMUX50(+0,+0)->RMUX2","18",2,"afexe_bitgen_pass2_20260920"
"RMUX61@18,12->RMUX54@17,12","RMUX61(+1,+0)->RMUX54","17",2,"afexe_bitgen_pass2_20260920"
"RMUX62@18,12->RMUX67@18,11","RMUX62(+0,+1)->RMUX67","18",2,"afexe_bitgen_pass2_20260920"
"RMUX80@18,12->RMUX26@18,12","RMUX80(+0,+0)->RMUX26","18",2,"afexe_bitgen_pass2_20260920"
"RMUX86@18,12->RMUX57@18,12","RMUX86(+0,+0)->RMUX57","18",2,"afexe_bitgen_pass2_20260920"
"RMUX87@18,12->RMUX68@18,12","RMUX87(+0,+0)->RMUX68","18",2,"afexe_bitgen_pass2_20260920"
"RMUX92@18,12->RMUX74@18,11","RMUX92(+0,+1)->RMUX74","18",2,"afexe_bitgen_pass2_20260920"
"RMUX92@18,12->RMUX80@18,11","RMUX92(+0,+1)->RMUX80","18",2,"afexe_bitgen_pass2_20260920"
"RMUX92@18,12->RMUX81@18,11","RMUX92(+0,+1)->RMUX81","18",2,"afexe_bitgen_pass2_20260920"
"RMUX93@18,12->RMUX87@19,12","RMUX93(-1,+0)->RMUX87","19",2,"afexe_bitgen_pass2_20260920"
"RMUX3@19,1->RMUX14@20,1","RMUX3(-1,+0)->RMUX14","20",2,"afexe_bitgen_pass2_20260920"
"RMUX15@19,1->RMUX69@19,1","RMUX15(+0,+0)->RMUX69","19",2,"afexe_bitgen_pass2_20260920"
"RMUX27@19,1->RMUX20@19,2","RMUX27(+0,-1)->RMUX20","19",2,"afexe_bitgen_pass2_20260920"
"RMUX27@19,1->RMUX20@19,4","RMUX27(+0,-3)->RMUX20","19",2,"afexe_bitgen_pass2_20260920"
"RMUX31@19,1->RMUX25@18,1","RMUX31(+1,+0)->RMUX25","18",2,"afexe_bitgen_pass2_20260920"
"RMUX33@19,1->RMUX39@20,1","RMUX33(-1,+0)->RMUX39","20",2,"afexe_bitgen_pass2_20260920"
"RMUX37@19,1->RMUX49@19,2","RMUX37(+0,-1)->RMUX49","19",2,"afexe_bitgen_pass2_20260920"
"RMUX49@19,1->RMUX7@19,1","RMUX49(+0,+0)->RMUX7","19",2,"afexe_bitgen_pass2_20260920"
"RMUX50@19,1->RMUX2@19,1","RMUX50(+0,+0)->RMUX2","19",2,"afexe_bitgen_pass2_20260920"
"RMUX50@19,1->RMUX8@19,2","RMUX50(+0,-1)->RMUX8","19",2,"afexe_bitgen_pass2_20260920"
"RMUX50@19,1->RMUX13@19,2","RMUX50(+0,-1)->RMUX13","19",2,"afexe_bitgen_pass2_20260920"
"RMUX61@19,1->RMUX54@18,1","RMUX61(+1,+0)->RMUX54","18",2,"afexe_bitgen_pass2_20260920"
"RMUX69@19,1->RMUX86@19,1","RMUX69(+0,+0)->RMUX86","19",2,"afexe_bitgen_pass2_20260920"
"RMUX69@19,1->RMUX87@19,1","RMUX69(+0,+0)->RMUX87","19",2,"afexe_bitgen_pass2_20260920"
"RMUX80@19,1->RMUX26@19,1","RMUX80(+0,+0)->RMUX26","19",2,"afexe_bitgen_pass2_20260920"
"RMUX86@19,1->RMUX57@19,1","RMUX86(+0,+0)->RMUX57","19",2,"afexe_bitgen_pass2_20260920"
"RMUX87@19,1->RMUX68@19,1","RMUX87(+0,+0)->RMUX68","19",2,"afexe_bitgen_pass2_20260920"
"RMUX87@19,1->RMUX59@19,2","RMUX87(+0,-1)->RMUX59","19",2,"afexe_bitgen_pass2_20260920"
"RMUX87@19,1->RMUX63@19,2","RMUX87(+0,-1)->RMUX63","19",2,"afexe_bitgen_pass2_20260920"
"RMUX93@19,1->RMUX87@20,1","RMUX93(-1,+0)->RMUX87","20",2,"afexe_bitgen_pass2_20260920"
"RMUX3@19,2->RMUX14@20,2","RMUX3(-1,+0)->RMUX14","20",2,"afexe_bitgen_pass2_20260920"
"RMUX7@19,2->RMUX31@19,5","RMUX7(+0,-3)->RMUX31","19",2,"afexe_bitgen_pass2_20260920"
"RMUX9@19,2->RMUX44@19,1","RMUX9(+0,+1)->RMUX44","19",2,"afexe_bitgen_pass2_20260920"
"RMUX15@19,2->RMUX69@19,2","RMUX15(+0,+0)->RMUX69","19",2,"afexe_bitgen_pass2_20260920"
"RMUX19@19,2->RMUX72@19,1","RMUX19(+0,+1)->RMUX72","19",2,"afexe_bitgen_pass2_20260920"
"RMUX25@19,2->RMUX0@19,1","RMUX25(+0,+1)->RMUX0","19",2,"afexe_bitgen_pass2_20260920"
"RMUX27@19,2->RMUX20@19,5","RMUX27(+0,-3)->RMUX20","19",2,"afexe_bitgen_pass2_20260920"
"RMUX31@19,2->RMUX25@18,2","RMUX31(+1,+0)->RMUX25","18",2,"afexe_bitgen_pass2_20260920"
"RMUX32@19,2->RMUX27@19,1","RMUX32(+0,+1)->RMUX27","19",2,"afexe_bitgen_pass2_20260920"
"RMUX33@19,2->RMUX39@20,2","RMUX33(-1,+0)->RMUX39","20",2,"afexe_bitgen_pass2_20260920"
"RMUX44@19,2->RMUX74@19,4","RMUX44(+0,-2)->RMUX74","19",2,"afexe_bitgen_pass2_20260920"
"RMUX49@19,2->RMUX7@19,2","RMUX49(+0,+0)->RMUX7","19",2,"afexe_bitgen_pass2_20260920"
"RMUX61@19,2->RMUX54@18,2","RMUX61(+1,+0)->RMUX54","18",2,"afexe_bitgen_pass2_20260920"
"RMUX62@19,2->RMUX67@19,1","RMUX62(+0,+1)->RMUX67","19",2,"afexe_bitgen_pass2_20260920"
"RMUX69@19,2->RMUX83@19,1","RMUX69(+0,+1)->RMUX83","19",2,"afexe_bitgen_pass2_20260920"
"RMUX69@19,2->RMUX86@19,2","RMUX69(+0,+0)->RMUX86","19",2,"afexe_bitgen_pass2_20260920"
"RMUX69@19,2->RMUX87@19,2","RMUX69(+0,+0)->RMUX87","19",2,"afexe_bitgen_pass2_20260920"
"RMUX73@19,2->RMUX1@19,5","RMUX73(+0,-3)->RMUX1","19",2,"afexe_bitgen_pass2_20260920"
"RMUX85@19,2->RMUX65@19,1","RMUX85(+0,+1)->RMUX65","19",2,"afexe_bitgen_pass2_20260920"
"RMUX86@19,2->RMUX57@19,2","RMUX86(+0,+0)->RMUX57","19",2,"afexe_bitgen_pass2_20260920"
"RMUX92@19,2->RMUX74@19,1","RMUX92(+0,+1)->RMUX74","19",2,"afexe_bitgen_pass2_20260920"
"RMUX92@19,2->RMUX80@19,1","RMUX92(+0,+1)->RMUX80","19",2,"afexe_bitgen_pass2_20260920"
"RMUX92@19,2->RMUX81@19,1","RMUX92(+0,+1)->RMUX81","19",2,"afexe_bitgen_pass2_20260920"
"RMUX93@19,2->RMUX87@20,2","RMUX93(-1,+0)->RMUX87","20",2,"afexe_bitgen_pass2_20260920"
"RMUX3@19,3->RMUX14@20,3","RMUX3(-1,+0)->RMUX14","20",2,"afexe_bitgen_pass2_20260920"
"RMUX7@19,3->RMUX24@19,4","RMUX7(+0,-1)->RMUX24","19",2,"afexe_bitgen_pass2_20260920"
"RMUX7@19,3->RMUX46@19,4","RMUX7(+0,-1)->RMUX46","19",2,"afexe_bitgen_pass2_20260920"
"RMUX7@19,3->RMUX31@19,6","RMUX7(+0,-3)->RMUX31","19",2,"afexe_bitgen_pass2_20260920"
"RMUX9@19,3->RMUX38@19,1","RMUX9(+0,+2)->RMUX38","19",2,"afexe_bitgen_pass2_20260920"
"RMUX9@19,3->RMUX44@19,2","RMUX9(+0,+1)->RMUX44","19",2,"afexe_bitgen_pass2_20260920"
"RMUX15@19,3->RMUX69@19,3","RMUX15(+0,+0)->RMUX69","19",2,"afexe_bitgen_pass2_20260920"
"RMUX19@19,3->RMUX72@19,2","RMUX19(+0,+1)->RMUX72","19",2,"afexe_bitgen_pass2_20260920"
"RMUX21@19,3->RMUX86@19,3","RMUX21(+0,+0)->RMUX86","19",2,"afexe_bitgen_pass2_20260920"
"RMUX21@19,3->RMUX92@19,3","RMUX21(+0,+0)->RMUX92","19",2,"afexe_bitgen_pass2_20260920"
"RMUX21@19,3->RMUX92@19,4","RMUX21(+0,-1)->RMUX92","19",2,"afexe_bitgen_pass2_20260920"
"RMUX25@19,3->RMUX0@19,2","RMUX25(+0,+1)->RMUX0","19",2,"afexe_bitgen_pass2_20260920"
"RMUX27@19,3->RMUX20@19,4","RMUX27(+0,-1)->RMUX20","19",2,"afexe_bitgen_pass2_20260920"
"RMUX27@19,3->RMUX20@19,6","RMUX27(+0,-3)->RMUX20","19",2,"afexe_bitgen_pass2_20260920"
"RMUX31@19,3->RMUX25@18,3","RMUX31(+1,+0)->RMUX25","18",2,"afexe_bitgen_pass2_20260920"
"RMUX32@19,3->RMUX27@19,2","RMUX32(+0,+1)->RMUX27","19",2,"afexe_bitgen_pass2_20260920"
"RMUX33@19,3->RMUX39@20,3","RMUX33(-1,+0)->RMUX39","20",2,"afexe_bitgen_pass2_20260920"
"RMUX37@19,3->RMUX49@19,4","RMUX37(+0,-1)->RMUX49","19",2,"afexe_bitgen_pass2_20260920"
"RMUX44@19,3->RMUX74@19,5","RMUX44(+0,-2)->RMUX74","19",2,"afexe_bitgen_pass2_20260920"
"RMUX49@19,3->RMUX7@19,3","RMUX49(+0,+0)->RMUX7","19",2,"afexe_bitgen_pass2_20260920"
"RMUX50@19,3->RMUX2@19,3","RMUX50(+0,+0)->RMUX2","19",2,"afexe_bitgen_pass2_20260920"
"RMUX50@19,3->RMUX8@19,4","RMUX50(+0,-1)->RMUX8","19",2,"afexe_bitgen_pass2_20260920"
"RMUX50@19,3->RMUX13@19,4","RMUX50(+0,-1)->RMUX13","19",2,"afexe_bitgen_pass2_20260920"
"RMUX61@19,3->RMUX54@18,3","RMUX61(+1,+0)->RMUX54","18",2,"afexe_bitgen_pass2_20260920"
"RMUX62@19,3->RMUX67@19,2","RMUX62(+0,+1)->RMUX67","19",2,"afexe_bitgen_pass2_20260920"
"RMUX69@19,3->RMUX83@19,2","RMUX69(+0,+1)->RMUX83","19",2,"afexe_bitgen_pass2_20260920"
"RMUX69@19,3->RMUX86@19,3","RMUX69(+0,+0)->RMUX86","19",2,"afexe_bitgen_pass2_20260920"
"RMUX69@19,3->RMUX87@19,3","RMUX69(+0,+0)->RMUX87","19",2,"afexe_bitgen_pass2_20260920"
"RMUX73@19,3->RMUX1@19,6","RMUX73(+0,-3)->RMUX1","19",2,"afexe_bitgen_pass2_20260920"
"RMUX80@19,3->RMUX26@19,3","RMUX80(+0,+0)->RMUX26","19",2,"afexe_bitgen_pass2_20260920"
"RMUX85@19,3->RMUX65@19,2","RMUX85(+0,+1)->RMUX65","19",2,"afexe_bitgen_pass2_20260920"
"RMUX86@19,3->RMUX57@19,3","RMUX86(+0,+0)->RMUX57","19",2,"afexe_bitgen_pass2_20260920"
"RMUX87@19,3->RMUX68@19,3","RMUX87(+0,+0)->RMUX68","19",2,"afexe_bitgen_pass2_20260920"
"RMUX87@19,3->RMUX59@19,4","RMUX87(+0,-1)->RMUX59","19",2,"afexe_bitgen_pass2_20260920"
"RMUX87@19,3->RMUX63@19,4","RMUX87(+0,-1)->RMUX63","19",2,"afexe_bitgen_pass2_20260920"
"RMUX92@19,3->RMUX74@19,2","RMUX92(+0,+1)->RMUX74","19",2,"afexe_bitgen_pass2_20260920"
"RMUX92@19,3->RMUX80@19,2","RMUX92(+0,+1)->RMUX80","19",2,"afexe_bitgen_pass2_20260920"
"RMUX92@19,3->RMUX81@19,2","RMUX92(+0,+1)->RMUX81","19",2,"afexe_bitgen_pass2_20260920"
"RMUX93@19,3->RMUX87@20,3","RMUX93(-1,+0)->RMUX87","20",2,"afexe_bitgen_pass2_20260920"
"RMUX3@19,4->RMUX14@20,4","RMUX3(-1,+0)->RMUX14","20",2,"afexe_bitgen_pass2_20260920"
"RMUX7@19,4->RMUX24@19,5","RMUX7(+0,-1)->RMUX24","19",2,"afexe_bitgen_pass2_20260920"
"RMUX7@19,4->RMUX46@19,5","RMUX7(+0,-1)->RMUX46","19",2,"afexe_bitgen_pass2_20260920"
"RMUX7@19,4->RMUX31@19,7","RMUX7(+0,-3)->RMUX31","19",2,"afexe_bitgen_pass2_20260920"
"RMUX9@19,4->RMUX38@19,1","RMUX9(+0,+3)->RMUX38","19",2,"afexe_bitgen_pass2_20260920"
"RMUX9@19,4->RMUX38@19,2","RMUX9(+0,+2)->RMUX38","19",2,"afexe_bitgen_pass2_20260920"
"RMUX9@19,4->RMUX44@19,3","RMUX9(+0,+1)->RMUX44","19",2,"afexe_bitgen_pass2_20260920"
"RMUX15@19,4->RMUX69@19,4","RMUX15(+0,+0)->RMUX69","19",2,"afexe_bitgen_pass2_20260920"
"RMUX19@19,4->RMUX72@19,3","RMUX19(+0,+1)->RMUX72","19",2,"afexe_bitgen_pass2_20260920"
"RMUX21@19,4->RMUX86@19,4","RMUX21(+0,+0)->RMUX86","19",2,"afexe_bitgen_pass2_20260920"
"RMUX21@19,4->RMUX92@19,4","RMUX21(+0,+0)->RMUX92","19",2,"afexe_bitgen_pass2_20260920"
"RMUX21@19,4->RMUX92@19,5","RMUX21(+0,-1)->RMUX92","19",2,"afexe_bitgen_pass2_20260920"
"RMUX25@19,4->RMUX0@19,3","RMUX25(+0,+1)->RMUX0","19",2,"afexe_bitgen_pass2_20260920"
"RMUX27@19,4->RMUX20@19,5","RMUX27(+0,-1)->RMUX20","19",2,"afexe_bitgen_pass2_20260920"
"RMUX27@19,4->RMUX20@19,7","RMUX27(+0,-3)->RMUX20","19",2,"afexe_bitgen_pass2_20260920"
"RMUX31@19,4->RMUX25@18,4","RMUX31(+1,+0)->RMUX25","18",2,"afexe_bitgen_pass2_20260920"
"RMUX32@19,4->RMUX27@19,3","RMUX32(+0,+1)->RMUX27","19",2,"afexe_bitgen_pass2_20260920"
"RMUX33@19,4->RMUX39@20,4","RMUX33(-1,+0)->RMUX39","20",2,"afexe_bitgen_pass2_20260920"
"RMUX37@19,4->RMUX49@19,5","RMUX37(+0,-1)->RMUX49","19",2,"afexe_bitgen_pass2_20260920"
"RMUX44@19,4->RMUX74@19,6","RMUX44(+0,-2)->RMUX74","19",2,"afexe_bitgen_pass2_20260920"
"RMUX49@19,4->RMUX7@19,4","RMUX49(+0,+0)->RMUX7","19",2,"afexe_bitgen_pass2_20260920"
"RMUX50@19,4->RMUX2@19,4","RMUX50(+0,+0)->RMUX2","19",2,"afexe_bitgen_pass2_20260920"
"RMUX50@19,4->RMUX8@19,5","RMUX50(+0,-1)->RMUX8","19",2,"afexe_bitgen_pass2_20260920"
"RMUX50@19,4->RMUX13@19,5","RMUX50(+0,-1)->RMUX13","19",2,"afexe_bitgen_pass2_20260920"
"RMUX61@19,4->RMUX54@18,4","RMUX61(+1,+0)->RMUX54","18",2,"afexe_bitgen_pass2_20260920"
"RMUX62@19,4->RMUX67@19,3","RMUX62(+0,+1)->RMUX67","19",2,"afexe_bitgen_pass2_20260920"
"RMUX69@19,4->RMUX83@19,3","RMUX69(+0,+1)->RMUX83","19",2,"afexe_bitgen_pass2_20260920"
"RMUX69@19,4->RMUX86@19,4","RMUX69(+0,+0)->RMUX86","19",2,"afexe_bitgen_pass2_20260920"
"RMUX69@19,4->RMUX87@19,4","RMUX69(+0,+0)->RMUX87","19",2,"afexe_bitgen_pass2_20260920"
"RMUX73@19,4->RMUX1@19,7","RMUX73(+0,-3)->RMUX1","19",2,"afexe_bitgen_pass2_20260920"
"RMUX80@19,4->RMUX26@19,4","RMUX80(+0,+0)->RMUX26","19",2,"afexe_bitgen_pass2_20260920"
"RMUX85@19,4->RMUX65@19,3","RMUX85(+0,+1)->RMUX65","19",2,"afexe_bitgen_pass2_20260920"
"RMUX86@19,4->RMUX57@19,4","RMUX86(+0,+0)->RMUX57","19",2,"afexe_bitgen_pass2_20260920"
"RMUX87@19,4->RMUX68@19,4","RMUX87(+0,+0)->RMUX68","19",2,"afexe_bitgen_pass2_20260920"
"RMUX87@19,4->RMUX59@19,5","RMUX87(+0,-1)->RMUX59","19",2,"afexe_bitgen_pass2_20260920"
"RMUX87@19,4->RMUX63@19,5","RMUX87(+0,-1)->RMUX63","19",2,"afexe_bitgen_pass2_20260920"
"RMUX92@19,4->RMUX74@19,3","RMUX92(+0,+1)->RMUX74","19",2,"afexe_bitgen_pass2_20260920"
"RMUX92@19,4->RMUX80@19,3","RMUX92(+0,+1)->RMUX80","19",2,"afexe_bitgen_pass2_20260920"
"RMUX92@19,4->RMUX81@19,3","RMUX92(+0,+1)->RMUX81","19",2,"afexe_bitgen_pass2_20260920"
"RMUX93@19,4->RMUX87@20,4","RMUX93(-1,+0)->RMUX87","20",2,"afexe_bitgen_pass2_20260920"
"RMUX3@19,5->RMUX14@20,5","RMUX3(-1,+0)->RMUX14","20",2,"afexe_bitgen_pass2_20260920"
"RMUX7@19,5->RMUX24@19,6","RMUX7(+0,-1)->RMUX24","19",2,"afexe_bitgen_pass2_20260920"
"RMUX7@19,5->RMUX46@19,6","RMUX7(+0,-1)->RMUX46","19",2,"afexe_bitgen_pass2_20260920"
"RMUX7@19,5->RMUX31@19,8","RMUX7(+0,-3)->RMUX31","19",2,"afexe_bitgen_pass2_20260920"
"RMUX9@19,5->RMUX38@19,2","RMUX9(+0,+3)->RMUX38","19",2,"afexe_bitgen_pass2_20260920"
"RMUX9@19,5->RMUX38@19,3","RMUX9(+0,+2)->RMUX38","19",2,"afexe_bitgen_pass2_20260920"
"RMUX9@19,5->RMUX44@19,4","RMUX9(+0,+1)->RMUX44","19",2,"afexe_bitgen_pass2_20260920"
"RMUX15@19,5->RMUX69@19,5","RMUX15(+0,+0)->RMUX69","19",2,"afexe_bitgen_pass2_20260920"
"RMUX19@19,5->RMUX72@19,4","RMUX19(+0,+1)->RMUX72","19",2,"afexe_bitgen_pass2_20260920"
"RMUX21@19,5->RMUX86@19,5","RMUX21(+0,+0)->RMUX86","19",2,"afexe_bitgen_pass2_20260920"
"RMUX21@19,5->RMUX92@19,5","RMUX21(+0,+0)->RMUX92","19",2,"afexe_bitgen_pass2_20260920"
"RMUX21@19,5->RMUX92@19,6","RMUX21(+0,-1)->RMUX92","19",2,"afexe_bitgen_pass2_20260920"
"RMUX25@19,5->RMUX0@19,4","RMUX25(+0,+1)->RMUX0","19",2,"afexe_bitgen_pass2_20260920"
"RMUX27@19,5->RMUX20@19,6","RMUX27(+0,-1)->RMUX20","19",2,"afexe_bitgen_pass2_20260920"
"RMUX27@19,5->RMUX20@19,8","RMUX27(+0,-3)->RMUX20","19",2,"afexe_bitgen_pass2_20260920"
"RMUX31@19,5->RMUX25@18,5","RMUX31(+1,+0)->RMUX25","18",2,"afexe_bitgen_pass2_20260920"
"RMUX32@19,5->RMUX27@19,4","RMUX32(+0,+1)->RMUX27","19",2,"afexe_bitgen_pass2_20260920"
"RMUX33@19,5->RMUX39@20,5","RMUX33(-1,+0)->RMUX39","20",2,"afexe_bitgen_pass2_20260920"
"RMUX37@19,5->RMUX49@19,6","RMUX37(+0,-1)->RMUX49","19",2,"afexe_bitgen_pass2_20260920"
"RMUX44@19,5->RMUX74@19,7","RMUX44(+0,-2)->RMUX74","19",2,"afexe_bitgen_pass2_20260920"
"RMUX49@19,5->RMUX7@19,5","RMUX49(+0,+0)->RMUX7","19",2,"afexe_bitgen_pass2_20260920"
"RMUX50@19,5->RMUX2@19,5","RMUX50(+0,+0)->RMUX2","19",2,"afexe_bitgen_pass2_20260920"
"RMUX50@19,5->RMUX8@19,6","RMUX50(+0,-1)->RMUX8","19",2,"afexe_bitgen_pass2_20260920"
"RMUX50@19,5->RMUX13@19,6","RMUX50(+0,-1)->RMUX13","19",2,"afexe_bitgen_pass2_20260920"
"RMUX61@19,5->RMUX54@18,5","RMUX61(+1,+0)->RMUX54","18",2,"afexe_bitgen_pass2_20260920"
"RMUX62@19,5->RMUX67@19,4","RMUX62(+0,+1)->RMUX67","19",2,"afexe_bitgen_pass2_20260920"
"RMUX69@19,5->RMUX83@19,4","RMUX69(+0,+1)->RMUX83","19",2,"afexe_bitgen_pass2_20260920"
"RMUX69@19,5->RMUX86@19,5","RMUX69(+0,+0)->RMUX86","19",2,"afexe_bitgen_pass2_20260920"
"RMUX69@19,5->RMUX87@19,5","RMUX69(+0,+0)->RMUX87","19",2,"afexe_bitgen_pass2_20260920"
"RMUX73@19,5->RMUX1@19,8","RMUX73(+0,-3)->RMUX1","19",2,"afexe_bitgen_pass2_20260920"
"RMUX80@19,5->RMUX26@19,5","RMUX80(+0,+0)->RMUX26","19",2,"afexe_bitgen_pass2_20260920"
"RMUX85@19,5->RMUX65@19,4","RMUX85(+0,+1)->RMUX65","19",2,"afexe_bitgen_pass2_20260920"
"RMUX86@19,5->RMUX57@19,5","RMUX86(+0,+0)->RMUX57","19",2,"afexe_bitgen_pass2_20260920"
"RMUX87@19,5->RMUX68@19,5","RMUX87(+0,+0)->RMUX68","19",2,"afexe_bitgen_pass2_20260920"
"RMUX87@19,5->RMUX59@19,6","RMUX87(+0,-1)->RMUX59","19",2,"afexe_bitgen_pass2_20260920"
"RMUX87@19,5->RMUX63@19,6","RMUX87(+0,-1)->RMUX63","19",2,"afexe_bitgen_pass2_20260920"
"RMUX92@19,5->RMUX74@19,4","RMUX92(+0,+1)->RMUX74","19",2,"afexe_bitgen_pass2_20260920"
"RMUX92@19,5->RMUX80@19,4","RMUX92(+0,+1)->RMUX80","19",2,"afexe_bitgen_pass2_20260920"
"RMUX92@19,5->RMUX81@19,4","RMUX92(+0,+1)->RMUX81","19",2,"afexe_bitgen_pass2_20260920"
"RMUX93@19,5->RMUX87@20,5","RMUX93(-1,+0)->RMUX87","20",2,"afexe_bitgen_pass2_20260920"
"RMUX3@19,6->RMUX14@20,6","RMUX3(-1,+0)->RMUX14","20",2,"afexe_bitgen_pass2_20260920"
"RMUX7@19,6->RMUX24@19,7","RMUX7(+0,-1)->RMUX24","19",2,"afexe_bitgen_pass2_20260920"
"RMUX7@19,6->RMUX46@19,7","RMUX7(+0,-1)->RMUX46","19",2,"afexe_bitgen_pass2_20260920"
"RMUX7@19,6->RMUX31@19,9","RMUX7(+0,-3)->RMUX31","19",2,"afexe_bitgen_pass2_20260920"
"RMUX9@19,6->RMUX38@19,3","RMUX9(+0,+3)->RMUX38","19",2,"afexe_bitgen_pass2_20260920"
"RMUX9@19,6->RMUX38@19,4","RMUX9(+0,+2)->RMUX38","19",2,"afexe_bitgen_pass2_20260920"
"RMUX9@19,6->RMUX44@19,5","RMUX9(+0,+1)->RMUX44","19",2,"afexe_bitgen_pass2_20260920"
"RMUX15@19,6->RMUX69@19,6","RMUX15(+0,+0)->RMUX69","19",2,"afexe_bitgen_pass2_20260920"
"RMUX19@19,6->RMUX72@19,5","RMUX19(+0,+1)->RMUX72","19",2,"afexe_bitgen_pass2_20260920"
"RMUX21@19,6->RMUX86@19,6","RMUX21(+0,+0)->RMUX86","19",2,"afexe_bitgen_pass2_20260920"
"RMUX21@19,6->RMUX92@19,6","RMUX21(+0,+0)->RMUX92","19",2,"afexe_bitgen_pass2_20260920"
"RMUX21@19,6->RMUX92@19,7","RMUX21(+0,-1)->RMUX92","19",2,"afexe_bitgen_pass2_20260920"
"RMUX25@19,6->RMUX0@19,5","RMUX25(+0,+1)->RMUX0","19",2,"afexe_bitgen_pass2_20260920"
"RMUX27@19,6->RMUX20@19,7","RMUX27(+0,-1)->RMUX20","19",2,"afexe_bitgen_pass2_20260920"
"RMUX27@19,6->RMUX20@19,9","RMUX27(+0,-3)->RMUX20","19",2,"afexe_bitgen_pass2_20260920"
"RMUX31@19,6->RMUX25@18,6","RMUX31(+1,+0)->RMUX25","18",2,"afexe_bitgen_pass2_20260920"
"RMUX32@19,6->RMUX33@19,4","RMUX32(+0,+2)->RMUX33","19",2,"afexe_bitgen_pass2_20260920"
"RMUX32@19,6->RMUX27@19,5","RMUX32(+0,+1)->RMUX27","19",2,"afexe_bitgen_pass2_20260920"
"RMUX33@19,6->RMUX45@19,6","RMUX33(+0,+0)->RMUX45","19",2,"afexe_bitgen_pass2_20260920"
"RMUX33@19,6->RMUX39@20,6","RMUX33(-1,+0)->RMUX39","20",2,"afexe_bitgen_pass2_20260920"
"RMUX37@19,6->RMUX49@19,7","RMUX37(+0,-1)->RMUX49","19",2,"afexe_bitgen_pass2_20260920"
"RMUX44@19,6->RMUX74@19,8","RMUX44(+0,-2)->RMUX74","19",2,"afexe_bitgen_pass2_20260920"
"RMUX49@19,6->RMUX7@19,6","RMUX49(+0,+0)->RMUX7","19",2,"afexe_bitgen_pass2_20260920"
"RMUX50@19,6->RMUX2@19,6","RMUX50(+0,+0)->RMUX2","19",2,"afexe_bitgen_pass2_20260920"
"RMUX50@19,6->RMUX8@19,7","RMUX50(+0,-1)->RMUX8","19",2,"afexe_bitgen_pass2_20260920"
"RMUX50@19,6->RMUX13@19,7","RMUX50(+0,-1)->RMUX13","19",2,"afexe_bitgen_pass2_20260920"
"RMUX61@19,6->RMUX54@18,6","RMUX61(+1,+0)->RMUX54","18",2,"afexe_bitgen_pass2_20260920"
"RMUX62@19,6->RMUX67@19,5","RMUX62(+0,+1)->RMUX67","19",2,"afexe_bitgen_pass2_20260920"
"RMUX69@19,6->RMUX83@19,5","RMUX69(+0,+1)->RMUX83","19",2,"afexe_bitgen_pass2_20260920"
"RMUX69@19,6->RMUX86@19,6","RMUX69(+0,+0)->RMUX86","19",2,"afexe_bitgen_pass2_20260920"
"RMUX69@19,6->RMUX87@19,6","RMUX69(+0,+0)->RMUX87","19",2,"afexe_bitgen_pass2_20260920"
"RMUX73@19,6->RMUX1@19,9","RMUX73(+0,-3)->RMUX1","19",2,"afexe_bitgen_pass2_20260920"
"RMUX80@19,6->RMUX26@19,6","RMUX80(+0,+0)->RMUX26","19",2,"afexe_bitgen_pass2_20260920"
"RMUX85@19,6->RMUX65@19,5","RMUX85(+0,+1)->RMUX65","19",2,"afexe_bitgen_pass2_20260920"
"RMUX86@19,6->RMUX57@19,6","RMUX86(+0,+0)->RMUX57","19",2,"afexe_bitgen_pass2_20260920"
"RMUX87@19,6->RMUX68@19,6","RMUX87(+0,+0)->RMUX68","19",2,"afexe_bitgen_pass2_20260920"
"RMUX87@19,6->RMUX59@19,7","RMUX87(+0,-1)->RMUX59","19",2,"afexe_bitgen_pass2_20260920"
"RMUX87@19,6->RMUX63@19,7","RMUX87(+0,-1)->RMUX63","19",2,"afexe_bitgen_pass2_20260920"
"RMUX92@19,6->RMUX74@19,5","RMUX92(+0,+1)->RMUX74","19",2,"afexe_bitgen_pass2_20260920"
"RMUX92@19,6->RMUX80@19,5","RMUX92(+0,+1)->RMUX80","19",2,"afexe_bitgen_pass2_20260920"
"RMUX92@19,6->RMUX81@19,5","RMUX92(+0,+1)->RMUX81","19",2,"afexe_bitgen_pass2_20260920"
"RMUX93@19,6->RMUX87@20,6","RMUX93(-1,+0)->RMUX87","20",2,"afexe_bitgen_pass2_20260920"
"RMUX3@19,7->RMUX21@19,7","RMUX3(+0,+0)->RMUX21","19",2,"afexe_bitgen_pass2_20260920"
"RMUX3@19,7->RMUX14@20,7","RMUX3(-1,+0)->RMUX14","20",2,"afexe_bitgen_pass2_20260920"
"RMUX7@19,7->RMUX24@19,8","RMUX7(+0,-1)->RMUX24","19",2,"afexe_bitgen_pass2_20260920"
"RMUX7@19,7->RMUX46@19,8","RMUX7(+0,-1)->RMUX46","19",2,"afexe_bitgen_pass2_20260920"
"RMUX7@19,7->RMUX31@19,10","RMUX7(+0,-3)->RMUX31","19",2,"afexe_bitgen_pass2_20260920"
"RMUX9@19,7->RMUX38@19,4","RMUX9(+0,+3)->RMUX38","19",2,"afexe_bitgen_pass2_20260920"
"RMUX9@19,7->RMUX38@19,5","RMUX9(+0,+2)->RMUX38","19",2,"afexe_bitgen_pass2_20260920"
"RMUX9@19,7->RMUX44@19,6","RMUX9(+0,+1)->RMUX44","19",2,"afexe_bitgen_pass2_20260920"
"RMUX9@19,7->RMUX38@19,7","RMUX9(+0,+0)->RMUX38","19",2,"afexe_bitgen_pass2_20260920"
"RMUX15@19,7->RMUX69@19,7","RMUX15(+0,+0)->RMUX69","19",2,"afexe_bitgen_pass2_20260920"
"RMUX19@19,7->RMUX72@19,6","RMUX19(+0,+1)->RMUX72","19",2,"afexe_bitgen_pass2_20260920"
"RMUX21@19,7->RMUX86@19,7","RMUX21(+0,+0)->RMUX86","19",2,"afexe_bitgen_pass2_20260920"
"RMUX21@19,7->RMUX92@19,7","RMUX21(+0,+0)->RMUX92","19",2,"afexe_bitgen_pass2_20260920"
"RMUX21@19,7->RMUX92@19,8","RMUX21(+0,-1)->RMUX92","19",2,"afexe_bitgen_pass2_20260920"
"RMUX25@19,7->RMUX0@19,6","RMUX25(+0,+1)->RMUX0","19",2,"afexe_bitgen_pass2_20260920"
"RMUX27@19,7->RMUX20@19,8","RMUX27(+0,-1)->RMUX20","19",2,"afexe_bitgen_pass2_20260920"
"RMUX27@19,7->RMUX20@19,10","RMUX27(+0,-3)->RMUX20","19",2,"afexe_bitgen_pass2_20260920"
"RMUX31@19,7->RMUX25@18,7","RMUX31(+1,+0)->RMUX25","18",2,"afexe_bitgen_pass2_20260920"
"RMUX32@19,7->RMUX33@19,5","RMUX32(+0,+2)->RMUX33","19",2,"afexe_bitgen_pass2_20260920"
"RMUX32@19,7->RMUX27@19,6","RMUX32(+0,+1)->RMUX27","19",2,"afexe_bitgen_pass2_20260920"
"RMUX33@19,7->RMUX45@19,7","RMUX33(+0,+0)->RMUX45","19",2,"afexe_bitgen_pass2_20260920"
"RMUX33@19,7->RMUX39@20,7","RMUX33(-1,+0)->RMUX39","20",2,"afexe_bitgen_pass2_20260920"
"RMUX37@19,7->RMUX49@19,8","RMUX37(+0,-1)->RMUX49","19",2,"afexe_bitgen_pass2_20260920"
"RMUX44@19,7->RMUX74@19,9","RMUX44(+0,-2)->RMUX74","19",2,"afexe_bitgen_pass2_20260920"
"RMUX49@19,7->RMUX7@19,7","RMUX49(+0,+0)->RMUX7","19",2,"afexe_bitgen_pass2_20260920"
"RMUX50@19,7->RMUX2@19,7","RMUX50(+0,+0)->RMUX2","19",2,"afexe_bitgen_pass2_20260920"
"RMUX50@19,7->RMUX8@19,8","RMUX50(+0,-1)->RMUX8","19",2,"afexe_bitgen_pass2_20260920"
"RMUX50@19,7->RMUX13@19,8","RMUX50(+0,-1)->RMUX13","19",2,"afexe_bitgen_pass2_20260920"
"RMUX61@19,7->RMUX54@18,7","RMUX61(+1,+0)->RMUX54","18",2,"afexe_bitgen_pass2_20260920"
"RMUX62@19,7->RMUX67@19,6","RMUX62(+0,+1)->RMUX67","19",2,"afexe_bitgen_pass2_20260920"
"RMUX69@19,7->RMUX83@19,6","RMUX69(+0,+1)->RMUX83","19",2,"afexe_bitgen_pass2_20260920"
"RMUX69@19,7->RMUX86@19,7","RMUX69(+0,+0)->RMUX86","19",2,"afexe_bitgen_pass2_20260920"
"RMUX69@19,7->RMUX87@19,7","RMUX69(+0,+0)->RMUX87","19",2,"afexe_bitgen_pass2_20260920"
"RMUX73@19,7->RMUX1@19,10","RMUX73(+0,-3)->RMUX1","19",2,"afexe_bitgen_pass2_20260920"
"RMUX80@19,7->RMUX26@19,7","RMUX80(+0,+0)->RMUX26","19",2,"afexe_bitgen_pass2_20260920"
"RMUX85@19,7->RMUX65@19,6","RMUX85(+0,+1)->RMUX65","19",2,"afexe_bitgen_pass2_20260920"
"RMUX86@19,7->RMUX57@19,7","RMUX86(+0,+0)->RMUX57","19",2,"afexe_bitgen_pass2_20260920"
"RMUX87@19,7->RMUX68@19,7","RMUX87(+0,+0)->RMUX68","19",2,"afexe_bitgen_pass2_20260920"
"RMUX87@19,7->RMUX59@19,8","RMUX87(+0,-1)->RMUX59","19",2,"afexe_bitgen_pass2_20260920"
"RMUX87@19,7->RMUX63@19,8","RMUX87(+0,-1)->RMUX63","19",2,"afexe_bitgen_pass2_20260920"
"RMUX92@19,7->RMUX74@19,6","RMUX92(+0,+1)->RMUX74","19",2,"afexe_bitgen_pass2_20260920"
"RMUX92@19,7->RMUX80@19,6","RMUX92(+0,+1)->RMUX80","19",2,"afexe_bitgen_pass2_20260920"
"RMUX92@19,7->RMUX81@19,6","RMUX92(+0,+1)->RMUX81","19",2,"afexe_bitgen_pass2_20260920"
"RMUX93@19,7->RMUX87@20,7","RMUX93(-1,+0)->RMUX87","20",2,"afexe_bitgen_pass2_20260920"
"RMUX3@19,8->RMUX21@19,8","RMUX3(+0,+0)->RMUX21","19",2,"afexe_bitgen_pass2_20260920"
"RMUX3@19,8->RMUX14@20,8","RMUX3(-1,+0)->RMUX14","20",2,"afexe_bitgen_pass2_20260920"
"RMUX7@19,8->RMUX24@19,9","RMUX7(+0,-1)->RMUX24","19",2,"afexe_bitgen_pass2_20260920"
"RMUX7@19,8->RMUX46@19,9","RMUX7(+0,-1)->RMUX46","19",2,"afexe_bitgen_pass2_20260920"
"RMUX7@19,8->RMUX31@19,11","RMUX7(+0,-3)->RMUX31","19",2,"afexe_bitgen_pass2_20260920"
"RMUX8@19,8->RMUX33@18,8","RMUX8(+1,+0)->RMUX33","18",2,"afexe_bitgen_pass2_20260920"
"RMUX9@19,8->RMUX38@19,5","RMUX9(+0,+3)->RMUX38","19",2,"afexe_bitgen_pass2_20260920"
"RMUX9@19,8->RMUX38@19,6","RMUX9(+0,+2)->RMUX38","19",2,"afexe_bitgen_pass2_20260920"
"RMUX9@19,8->RMUX38@19,7","RMUX9(+0,+1)->RMUX38","19",2,"afexe_bitgen_pass2_20260920"
"RMUX9@19,8->RMUX44@19,7","RMUX9(+0,+1)->RMUX44","19",2,"afexe_bitgen_pass2_20260920"
"RMUX15@19,8->RMUX69@19,8","RMUX15(+0,+0)->RMUX69","19",2,"afexe_bitgen_pass2_20260920"
"RMUX19@19,8->RMUX72@19,7","RMUX19(+0,+1)->RMUX72","19",2,"afexe_bitgen_pass2_20260920"
"RMUX21@19,8->RMUX86@19,8","RMUX21(+0,+0)->RMUX86","19",2,"afexe_bitgen_pass2_20260920"
"RMUX21@19,8->RMUX92@19,8","RMUX21(+0,+0)->RMUX92","19",2,"afexe_bitgen_pass2_20260920"
"RMUX21@19,8->RMUX92@19,9","RMUX21(+0,-1)->RMUX92","19",2,"afexe_bitgen_pass2_20260920"
"RMUX25@19,8->RMUX0@19,7","RMUX25(+0,+1)->RMUX0","19",2,"afexe_bitgen_pass2_20260920"
"RMUX27@19,8->RMUX20@19,9","RMUX27(+0,-1)->RMUX20","19",2,"afexe_bitgen_pass2_20260920"
"RMUX27@19,8->RMUX20@19,11","RMUX27(+0,-3)->RMUX20","19",2,"afexe_bitgen_pass2_20260920"
"RMUX31@19,8->RMUX25@18,8","RMUX31(+1,+0)->RMUX25","18",2,"afexe_bitgen_pass2_20260920"
"RMUX32@19,8->RMUX27@19,7","RMUX32(+0,+1)->RMUX27","19",2,"afexe_bitgen_pass2_20260920"
"RMUX33@19,8->RMUX45@19,8","RMUX33(+0,+0)->RMUX45","19",2,"afexe_bitgen_pass2_20260920"
"RMUX33@19,8->RMUX39@20,8","RMUX33(-1,+0)->RMUX39","20",2,"afexe_bitgen_pass2_20260920"
"RMUX37@19,8->RMUX49@19,9","RMUX37(+0,-1)->RMUX49","19",2,"afexe_bitgen_pass2_20260920"
"RMUX44@19,8->RMUX85@19,8","RMUX44(+0,+0)->RMUX85","19",2,"afexe_bitgen_pass2_20260920"
"RMUX44@19,8->RMUX74@19,10","RMUX44(+0,-2)->RMUX74","19",2,"afexe_bitgen_pass2_20260920"
"RMUX49@19,8->RMUX7@19,8","RMUX49(+0,+0)->RMUX7","19",2,"afexe_bitgen_pass2_20260920"
"RMUX50@19,8->RMUX2@19,8","RMUX50(+0,+0)->RMUX2","19",2,"afexe_bitgen_pass2_20260920"
"RMUX50@19,8->RMUX8@19,9","RMUX50(+0,-1)->RMUX8","19",2,"afexe_bitgen_pass2_20260920"
"RMUX50@19,8->RMUX13@19,9","RMUX50(+0,-1)->RMUX13","19",2,"afexe_bitgen_pass2_20260920"
"RMUX61@19,8->RMUX54@18,8","RMUX61(+1,+0)->RMUX54","18",2,"afexe_bitgen_pass2_20260920"
"RMUX62@19,8->RMUX67@19,7","RMUX62(+0,+1)->RMUX67","19",2,"afexe_bitgen_pass2_20260920"
"RMUX69@19,8->RMUX83@19,7","RMUX69(+0,+1)->RMUX83","19",2,"afexe_bitgen_pass2_20260920"
"RMUX69@19,8->RMUX86@19,8","RMUX69(+0,+0)->RMUX86","19",2,"afexe_bitgen_pass2_20260920"
"RMUX69@19,8->RMUX87@19,8","RMUX69(+0,+0)->RMUX87","19",2,"afexe_bitgen_pass2_20260920"
"RMUX73@19,8->RMUX1@19,11","RMUX73(+0,-3)->RMUX1","19",2,"afexe_bitgen_pass2_20260920"
"RMUX80@19,8->RMUX26@19,8","RMUX80(+0,+0)->RMUX26","19",2,"afexe_bitgen_pass2_20260920"
"RMUX85@19,8->RMUX65@19,7","RMUX85(+0,+1)->RMUX65","19",2,"afexe_bitgen_pass2_20260920"
"RMUX86@19,8->RMUX57@19,8","RMUX86(+0,+0)->RMUX57","19",2,"afexe_bitgen_pass2_20260920"
"RMUX87@19,8->RMUX68@19,8","RMUX87(+0,+0)->RMUX68","19",2,"afexe_bitgen_pass2_20260920"
"RMUX87@19,8->RMUX59@19,9","RMUX87(+0,-1)->RMUX59","19",2,"afexe_bitgen_pass2_20260920"
"RMUX87@19,8->RMUX63@19,9","RMUX87(+0,-1)->RMUX63","19",2,"afexe_bitgen_pass2_20260920"
"RMUX92@19,8->RMUX74@19,7","RMUX92(+0,+1)->RMUX74","19",2,"afexe_bitgen_pass2_20260920"
"RMUX92@19,8->RMUX80@19,7","RMUX92(+0,+1)->RMUX80","19",2,"afexe_bitgen_pass2_20260920"
"RMUX92@19,8->RMUX81@19,7","RMUX92(+0,+1)->RMUX81","19",2,"afexe_bitgen_pass2_20260920"
"RMUX93@19,8->RMUX87@20,8","RMUX93(-1,+0)->RMUX87","20",2,"afexe_bitgen_pass2_20260920"
"RMUX3@19,9->RMUX14@20,9","RMUX3(-1,+0)->RMUX14","20",2,"afexe_bitgen_pass2_20260920"
"RMUX7@19,9->RMUX24@19,10","RMUX7(+0,-1)->RMUX24","19",2,"afexe_bitgen_pass2_20260920"
"RMUX7@19,9->RMUX46@19,10","RMUX7(+0,-1)->RMUX46","19",2,"afexe_bitgen_pass2_20260920"
"RMUX7@19,9->RMUX31@19,12","RMUX7(+0,-3)->RMUX31","19",2,"afexe_bitgen_pass2_20260920"
"RMUX8@19,9->RMUX27@18,9","RMUX8(+1,+0)->RMUX27","18",2,"afexe_bitgen_pass2_20260920"
"RMUX9@19,9->RMUX38@19,6","RMUX9(+0,+3)->RMUX38","19",2,"afexe_bitgen_pass2_20260920"
"RMUX9@19,9->RMUX38@19,7","RMUX9(+0,+2)->RMUX38","19",2,"afexe_bitgen_pass2_20260920"
"RMUX9@19,9->RMUX44@19,8","RMUX9(+0,+1)->RMUX44","19",2,"afexe_bitgen_pass2_20260920"
"RMUX15@19,9->RMUX69@19,9","RMUX15(+0,+0)->RMUX69","19",2,"afexe_bitgen_pass2_20260920"
"RMUX19@19,9->RMUX72@19,8","RMUX19(+0,+1)->RMUX72","19",2,"afexe_bitgen_pass2_20260920"
"RMUX21@19,9->RMUX86@19,9","RMUX21(+0,+0)->RMUX86","19",2,"afexe_bitgen_pass2_20260920"
"RMUX21@19,9->RMUX92@19,9","RMUX21(+0,+0)->RMUX92","19",2,"afexe_bitgen_pass2_20260920"
"RMUX21@19,9->RMUX92@19,10","RMUX21(+0,-1)->RMUX92","19",2,"afexe_bitgen_pass2_20260920"
"RMUX25@19,9->RMUX0@19,8","RMUX25(+0,+1)->RMUX0","19",2,"afexe_bitgen_pass2_20260920"
"RMUX27@19,9->RMUX20@19,10","RMUX27(+0,-1)->RMUX20","19",2,"afexe_bitgen_pass2_20260920"
"RMUX27@19,9->RMUX20@19,12","RMUX27(+0,-3)->RMUX20","19",2,"afexe_bitgen_pass2_20260920"
"RMUX31@19,9->RMUX25@18,9","RMUX31(+1,+0)->RMUX25","18",2,"afexe_bitgen_pass2_20260920"
"RMUX32@19,9->RMUX27@19,8","RMUX32(+0,+1)->RMUX27","19",2,"afexe_bitgen_pass2_20260920"
"RMUX33@19,9->RMUX39@20,9","RMUX33(-1,+0)->RMUX39","20",2,"afexe_bitgen_pass2_20260920"
"RMUX37@19,9->RMUX49@19,10","RMUX37(+0,-1)->RMUX49","19",2,"afexe_bitgen_pass2_20260920"
"RMUX44@19,9->RMUX74@19,11","RMUX44(+0,-2)->RMUX74","19",2,"afexe_bitgen_pass2_20260920"
"RMUX49@19,9->RMUX7@19,9","RMUX49(+0,+0)->RMUX7","19",2,"afexe_bitgen_pass2_20260920"
"RMUX50@19,9->RMUX2@19,9","RMUX50(+0,+0)->RMUX2","19",2,"afexe_bitgen_pass2_20260920"
"RMUX50@19,9->RMUX8@19,10","RMUX50(+0,-1)->RMUX8","19",2,"afexe_bitgen_pass2_20260920"
"RMUX50@19,9->RMUX13@19,10","RMUX50(+0,-1)->RMUX13","19",2,"afexe_bitgen_pass2_20260920"
"RMUX61@19,9->RMUX54@18,9","RMUX61(+1,+0)->RMUX54","18",2,"afexe_bitgen_pass2_20260920"
"RMUX62@19,9->RMUX67@19,8","RMUX62(+0,+1)->RMUX67","19",2,"afexe_bitgen_pass2_20260920"
"RMUX69@19,9->RMUX83@19,8","RMUX69(+0,+1)->RMUX83","19",2,"afexe_bitgen_pass2_20260920"
"RMUX69@19,9->RMUX86@19,9","RMUX69(+0,+0)->RMUX86","19",2,"afexe_bitgen_pass2_20260920"
"RMUX69@19,9->RMUX87@19,9","RMUX69(+0,+0)->RMUX87","19",2,"afexe_bitgen_pass2_20260920"
"RMUX73@19,9->RMUX1@19,12","RMUX73(+0,-3)->RMUX1","19",2,"afexe_bitgen_pass2_20260920"
"RMUX80@19,9->RMUX26@19,9","RMUX80(+0,+0)->RMUX26","19",2,"afexe_bitgen_pass2_20260920"
"RMUX85@19,9->RMUX65@19,8","RMUX85(+0,+1)->RMUX65","19",2,"afexe_bitgen_pass2_20260920"
"RMUX86@19,9->RMUX57@19,9","RMUX86(+0,+0)->RMUX57","19",2,"afexe_bitgen_pass2_20260920"
"RMUX87@19,9->RMUX68@19,9","RMUX87(+0,+0)->RMUX68","19",2,"afexe_bitgen_pass2_20260920"
"RMUX87@19,9->RMUX59@19,10","RMUX87(+0,-1)->RMUX59","19",2,"afexe_bitgen_pass2_20260920"
"RMUX87@19,9->RMUX63@19,10","RMUX87(+0,-1)->RMUX63","19",2,"afexe_bitgen_pass2_20260920"
"RMUX92@19,9->RMUX74@19,8","RMUX92(+0,+1)->RMUX74","19",2,"afexe_bitgen_pass2_20260920"
"RMUX92@19,9->RMUX80@19,8","RMUX92(+0,+1)->RMUX80","19",2,"afexe_bitgen_pass2_20260920"
"RMUX92@19,9->RMUX81@19,8","RMUX92(+0,+1)->RMUX81","19",2,"afexe_bitgen_pass2_20260920"
"RMUX93@19,9->RMUX87@20,9","RMUX93(-1,+0)->RMUX87","20",2,"afexe_bitgen_pass2_20260920"
"RMUX3@19,10->RMUX21@19,10","RMUX3(+0,+0)->RMUX21","19",2,"afexe_bitgen_pass2_20260920"
"RMUX3@19,10->RMUX14@20,10","RMUX3(-1,+0)->RMUX14","20",2,"afexe_bitgen_pass2_20260920"
"RMUX7@19,10->RMUX24@19,11","RMUX7(+0,-1)->RMUX24","19",2,"afexe_bitgen_pass2_20260920"
"RMUX7@19,10->RMUX46@19,11","RMUX7(+0,-1)->RMUX46","19",2,"afexe_bitgen_pass2_20260920"
"RMUX8@19,10->RMUX27@18,10","RMUX8(+1,+0)->RMUX27","18",2,"afexe_bitgen_pass2_20260920"
"RMUX8@19,10->RMUX33@18,10","RMUX8(+1,+0)->RMUX33","18",2,"afexe_bitgen_pass2_20260920"
"RMUX9@19,10->RMUX38@19,7","RMUX9(+0,+3)->RMUX38","19",2,"afexe_bitgen_pass2_20260920"
"RMUX9@19,10->RMUX38@19,8","RMUX9(+0,+2)->RMUX38","19",2,"afexe_bitgen_pass2_20260920"
"RMUX9@19,10->RMUX38@19,9","RMUX9(+0,+1)->RMUX38","19",2,"afexe_bitgen_pass2_20260920"
"RMUX9@19,10->RMUX44@19,9","RMUX9(+0,+1)->RMUX44","19",2,"afexe_bitgen_pass2_20260920"
"RMUX15@19,10->RMUX69@19,10","RMUX15(+0,+0)->RMUX69","19",2,"afexe_bitgen_pass2_20260920"
"RMUX19@19,10->RMUX72@19,9","RMUX19(+0,+1)->RMUX72","19",2,"afexe_bitgen_pass2_20260920"
"RMUX21@19,10->RMUX86@19,10","RMUX21(+0,+0)->RMUX86","19",2,"afexe_bitgen_pass2_20260920"
"RMUX21@19,10->RMUX92@19,10","RMUX21(+0,+0)->RMUX92","19",2,"afexe_bitgen_pass2_20260920"
"RMUX21@19,10->RMUX92@19,11","RMUX21(+0,-1)->RMUX92","19",2,"afexe_bitgen_pass2_20260920"
"RMUX25@19,10->RMUX0@19,9","RMUX25(+0,+1)->RMUX0","19",2,"afexe_bitgen_pass2_20260920"
"RMUX27@19,10->RMUX20@19,11","RMUX27(+0,-1)->RMUX20","19",2,"afexe_bitgen_pass2_20260920"
"RMUX31@19,10->RMUX25@18,10","RMUX31(+1,+0)->RMUX25","18",2,"afexe_bitgen_pass2_20260920"
"RMUX32@19,10->RMUX27@19,9","RMUX32(+0,+1)->RMUX27","19",2,"afexe_bitgen_pass2_20260920"
"RMUX33@19,10->RMUX39@20,10","RMUX33(-1,+0)->RMUX39","20",2,"afexe_bitgen_pass2_20260920"
"RMUX37@19,10->RMUX49@19,11","RMUX37(+0,-1)->RMUX49","19",2,"afexe_bitgen_pass2_20260920"
"RMUX44@19,10->RMUX74@19,12","RMUX44(+0,-2)->RMUX74","19",2,"afexe_bitgen_pass2_20260920"
"RMUX49@19,10->RMUX7@19,10","RMUX49(+0,+0)->RMUX7","19",2,"afexe_bitgen_pass2_20260920"
"RMUX50@19,10->RMUX2@19,10","RMUX50(+0,+0)->RMUX2","19",2,"afexe_bitgen_pass2_20260920"
"RMUX50@19,10->RMUX8@19,11","RMUX50(+0,-1)->RMUX8","19",2,"afexe_bitgen_pass2_20260920"
"RMUX50@19,10->RMUX13@19,11","RMUX50(+0,-1)->RMUX13","19",2,"afexe_bitgen_pass2_20260920"
"RMUX57@19,10->RMUX45@19,10","RMUX57(+0,+0)->RMUX45","19",2,"afexe_bitgen_pass2_20260920"
"RMUX61@19,10->RMUX54@18,10","RMUX61(+1,+0)->RMUX54","18",2,"afexe_bitgen_pass2_20260920"
"RMUX62@19,10->RMUX67@19,9","RMUX62(+0,+1)->RMUX67","19",2,"afexe_bitgen_pass2_20260920"
"RMUX69@19,10->RMUX83@19,9","RMUX69(+0,+1)->RMUX83","19",2,"afexe_bitgen_pass2_20260920"
"RMUX69@19,10->RMUX86@19,10","RMUX69(+0,+0)->RMUX86","19",2,"afexe_bitgen_pass2_20260920"
"RMUX69@19,10->RMUX87@19,10","RMUX69(+0,+0)->RMUX87","19",2,"afexe_bitgen_pass2_20260920"
"RMUX80@19,10->RMUX26@19,10","RMUX80(+0,+0)->RMUX26","19",2,"afexe_bitgen_pass2_20260920"
"RMUX85@19,10->RMUX65@19,9","RMUX85(+0,+1)->RMUX65","19",2,"afexe_bitgen_pass2_20260920"
"RMUX86@19,10->RMUX57@19,10","RMUX86(+0,+0)->RMUX57","19",2,"afexe_bitgen_pass2_20260920"
"RMUX87@19,10->RMUX68@19,10","RMUX87(+0,+0)->RMUX68","19",2,"afexe_bitgen_pass2_20260920"
"RMUX87@19,10->RMUX59@19,11","RMUX87(+0,-1)->RMUX59","19",2,"afexe_bitgen_pass2_20260920"
"RMUX87@19,10->RMUX63@19,11","RMUX87(+0,-1)->RMUX63","19",2,"afexe_bitgen_pass2_20260920"
"RMUX92@19,10->RMUX74@19,9","RMUX92(+0,+1)->RMUX74","19",2,"afexe_bitgen_pass2_20260920"
"RMUX92@19,10->RMUX80@19,9","RMUX92(+0,+1)->RMUX80","19",2,"afexe_bitgen_pass2_20260920"
"RMUX92@19,10->RMUX81@19,9","RMUX92(+0,+1)->RMUX81","19",2,"afexe_bitgen_pass2_20260920"
"RMUX93@19,10->RMUX87@20,10","RMUX93(-1,+0)->RMUX87","20",2,"afexe_bitgen_pass2_20260920"
"RMUX3@19,11->RMUX14@20,11","RMUX3(-1,+0)->RMUX14","20",2,"afexe_bitgen_pass2_20260920"
"RMUX7@19,11->RMUX24@19,12","RMUX7(+0,-1)->RMUX24","19",2,"afexe_bitgen_pass2_20260920"
"RMUX7@19,11->RMUX46@19,12","RMUX7(+0,-1)->RMUX46","19",2,"afexe_bitgen_pass2_20260920"
"RMUX8@19,11->RMUX33@18,11","RMUX8(+1,+0)->RMUX33","18",2,"afexe_bitgen_pass2_20260920"
"RMUX9@19,11->RMUX38@19,8","RMUX9(+0,+3)->RMUX38","19",2,"afexe_bitgen_pass2_20260920"
"RMUX9@19,11->RMUX38@19,9","RMUX9(+0,+2)->RMUX38","19",2,"afexe_bitgen_pass2_20260920"
"RMUX15@19,11->RMUX69@19,11","RMUX15(+0,+0)->RMUX69","19",2,"afexe_bitgen_pass2_20260920"
"RMUX21@19,11->RMUX86@19,11","RMUX21(+0,+0)->RMUX86","19",2,"afexe_bitgen_pass2_20260920"
"RMUX21@19,11->RMUX92@19,11","RMUX21(+0,+0)->RMUX92","19",2,"afexe_bitgen_pass2_20260920"
"RMUX21@19,11->RMUX92@19,12","RMUX21(+0,-1)->RMUX92","19",2,"afexe_bitgen_pass2_20260920"
"RMUX27@19,11->RMUX20@19,12","RMUX27(+0,-1)->RMUX20","19",2,"afexe_bitgen_pass2_20260920"
"RMUX31@19,11->RMUX25@18,11","RMUX31(+1,+0)->RMUX25","18",2,"afexe_bitgen_pass2_20260920"
"RMUX33@19,11->RMUX39@20,11","RMUX33(-1,+0)->RMUX39","20",2,"afexe_bitgen_pass2_20260920"
"RMUX37@19,11->RMUX49@19,12","RMUX37(+0,-1)->RMUX49","19",2,"afexe_bitgen_pass2_20260920"
"RMUX49@19,11->RMUX7@19,11","RMUX49(+0,+0)->RMUX7","19",2,"afexe_bitgen_pass2_20260920"
"RMUX50@19,11->RMUX2@19,11","RMUX50(+0,+0)->RMUX2","19",2,"afexe_bitgen_pass2_20260920"
"RMUX50@19,11->RMUX8@19,12","RMUX50(+0,-1)->RMUX8","19",2,"afexe_bitgen_pass2_20260920"
"RMUX50@19,11->RMUX13@19,12","RMUX50(+0,-1)->RMUX13","19",2,"afexe_bitgen_pass2_20260920"
"RMUX61@19,11->RMUX54@18,11","RMUX61(+1,+0)->RMUX54","18",2,"afexe_bitgen_pass2_20260920"
"RMUX80@19,11->RMUX26@19,11","RMUX80(+0,+0)->RMUX26","19",2,"afexe_bitgen_pass2_20260920"
"RMUX86@19,11->RMUX57@19,11","RMUX86(+0,+0)->RMUX57","19",2,"afexe_bitgen_pass2_20260920"
"RMUX87@19,11->RMUX68@19,11","RMUX87(+0,+0)->RMUX68","19",2,"afexe_bitgen_pass2_20260920"
"RMUX87@19,11->RMUX59@19,12","RMUX87(+0,-1)->RMUX59","19",2,"afexe_bitgen_pass2_20260920"
"RMUX87@19,11->RMUX63@19,12","RMUX87(+0,-1)->RMUX63","19",2,"afexe_bitgen_pass2_20260920"
"RMUX93@19,11->RMUX87@20,11","RMUX93(-1,+0)->RMUX87","20",2,"afexe_bitgen_pass2_20260920"
"RMUX3@19,12->RMUX14@20,12","RMUX3(-1,+0)->RMUX14","20",2,"afexe_bitgen_pass2_20260920"
"RMUX9@19,12->RMUX38@19,9","RMUX9(+0,+3)->RMUX38","19",2,"afexe_bitgen_pass2_20260920"
"RMUX9@19,12->RMUX38@19,10","RMUX9(+0,+2)->RMUX38","19",2,"afexe_bitgen_pass2_20260920"
"RMUX9@19,12->RMUX38@19,11","RMUX9(+0,+1)->RMUX38","19",2,"afexe_bitgen_pass2_20260920"
"RMUX9@19,12->RMUX44@19,11","RMUX9(+0,+1)->RMUX44","19",2,"afexe_bitgen_pass2_20260920"
"RMUX15@19,12->RMUX69@19,12","RMUX15(+0,+0)->RMUX69","19",2,"afexe_bitgen_pass2_20260920"
"RMUX21@19,12->RMUX86@19,12","RMUX21(+0,+0)->RMUX86","19",2,"afexe_bitgen_pass2_20260920"
"RMUX21@19,12->RMUX92@19,12","RMUX21(+0,+0)->RMUX92","19",2,"afexe_bitgen_pass2_20260920"
"RMUX25@19,12->RMUX0@19,11","RMUX25(+0,+1)->RMUX0","19",2,"afexe_bitgen_pass2_20260920"
"RMUX31@19,12->RMUX25@18,12","RMUX31(+1,+0)->RMUX25","18",2,"afexe_bitgen_pass2_20260920"
"RMUX32@19,12->RMUX33@19,10","RMUX32(+0,+2)->RMUX33","19",2,"afexe_bitgen_pass2_20260920"
"RMUX32@19,12->RMUX27@19,11","RMUX32(+0,+1)->RMUX27","19",2,"afexe_bitgen_pass2_20260920"
"RMUX33@19,12->RMUX45@19,12","RMUX33(+0,+0)->RMUX45","19",2,"afexe_bitgen_pass2_20260920"
"RMUX33@19,12->RMUX39@20,12","RMUX33(-1,+0)->RMUX39","20",2,"afexe_bitgen_pass2_20260920"
"RMUX49@19,12->RMUX7@19,12","RMUX49(+0,+0)->RMUX7","19",2,"afexe_bitgen_pass2_20260920"
"RMUX50@19,12->RMUX2@19,12","RMUX50(+0,+0)->RMUX2","19",2,"afexe_bitgen_pass2_20260920"
"RMUX57@19,12->RMUX45@19,12","RMUX57(+0,+0)->RMUX45","19",2,"afexe_bitgen_pass2_20260920"
"RMUX61@19,12->RMUX54@18,12","RMUX61(+1,+0)->RMUX54","18",2,"afexe_bitgen_pass2_20260920"
"RMUX62@19,12->RMUX67@19,11","RMUX62(+0,+1)->RMUX67","19",2,"afexe_bitgen_pass2_20260920"
"RMUX80@19,12->RMUX26@19,12","RMUX80(+0,+0)->RMUX26","19",2,"afexe_bitgen_pass2_20260920"
"RMUX86@19,12->RMUX57@19,12","RMUX86(+0,+0)->RMUX57","19",2,"afexe_bitgen_pass2_20260920"
"RMUX87@19,12->RMUX68@19,12","RMUX87(+0,+0)->RMUX68","19",2,"afexe_bitgen_pass2_20260920"
"RMUX92@19,12->RMUX74@19,11","RMUX92(+0,+1)->RMUX74","19",2,"afexe_bitgen_pass2_20260920"
"RMUX92@19,12->RMUX80@19,11","RMUX92(+0,+1)->RMUX80","19",2,"afexe_bitgen_pass2_20260920"
"RMUX92@19,12->RMUX81@19,11","RMUX92(+0,+1)->RMUX81","19",2,"afexe_bitgen_pass2_20260920"
"RMUX93@19,12->RMUX87@20,12","RMUX93(-1,+0)->RMUX87","20",2,"afexe_bitgen_pass2_20260920"
"RMUX7@20,1->RMUX24@20,2","RMUX7(+0,-1)->RMUX24","20",2,"afexe_bitgen_pass2_20260920"
"RMUX7@20,1->RMUX46@20,2","RMUX7(+0,-1)->RMUX46","20",2,"afexe_bitgen_pass2_20260920"
"RMUX7@20,1->RMUX31@20,4","RMUX7(+0,-3)->RMUX31","20",2,"afexe_bitgen_pass2_20260920"
"RMUX21@20,1->RMUX92@20,1","RMUX21(+0,+0)->RMUX92","20",2,"afexe_bitgen_pass2_20260920"
"RMUX21@20,1->RMUX92@20,2","RMUX21(+0,-1)->RMUX92","20",2,"afexe_bitgen_pass2_20260920"
"RMUX27@20,1->RMUX20@20,2","RMUX27(+0,-1)->RMUX20","20",2,"afexe_bitgen_pass2_20260920"
"RMUX27@20,1->RMUX20@20,4","RMUX27(+0,-3)->RMUX20","20",2,"afexe_bitgen_pass2_20260920"
"RMUX49@20,1->RMUX7@20,1","RMUX49(+0,+0)->RMUX7","20",2,"afexe_bitgen_pass2_20260920"
"RMUX50@20,1->RMUX2@20,1","RMUX50(+0,+0)->RMUX2","20",2,"afexe_bitgen_pass2_20260920"
"RMUX50@20,1->RMUX8@20,2","RMUX50(+0,-1)->RMUX8","20",2,"afexe_bitgen_pass2_20260920"
"RMUX50@20,1->RMUX13@20,2","RMUX50(+0,-1)->RMUX13","20",2,"afexe_bitgen_pass2_20260920"
"RMUX69@20,1->RMUX86@20,1","RMUX69(+0,+0)->RMUX86","20",2,"afexe_bitgen_pass2_20260920"
"RMUX69@20,1->RMUX87@20,1","RMUX69(+0,+0)->RMUX87","20",2,"afexe_bitgen_pass2_20260920"
"RMUX80@20,1->RMUX26@20,1","RMUX80(+0,+0)->RMUX26","20",2,"afexe_bitgen_pass2_20260920"
"RMUX86@20,1->RMUX57@20,1","RMUX86(+0,+0)->RMUX57","20",2,"afexe_bitgen_pass2_20260920"
"RMUX87@20,1->RMUX68@20,1","RMUX87(+0,+0)->RMUX68","20",2,"afexe_bitgen_pass2_20260920"
"RMUX87@20,1->RMUX59@20,2","RMUX87(+0,-1)->RMUX59","20",2,"afexe_bitgen_pass2_20260920"
"RMUX87@20,1->RMUX63@20,2","RMUX87(+0,-1)->RMUX63","20",2,"afexe_bitgen_pass2_20260920"
"RMUX7@20,2->RMUX31@20,5","RMUX7(+0,-3)->RMUX31","20",2,"afexe_bitgen_pass2_20260920"
"RMUX9@20,2->RMUX44@20,1","RMUX9(+0,+1)->RMUX44","20",2,"afexe_bitgen_pass2_20260920"
"RMUX19@20,2->RMUX72@20,1","RMUX19(+0,+1)->RMUX72","20",2,"afexe_bitgen_pass2_20260920"
"RMUX25@20,2->RMUX0@20,1","RMUX25(+0,+1)->RMUX0","20",2,"afexe_bitgen_pass2_20260920"
"RMUX27@20,2->RMUX20@20,5","RMUX27(+0,-3)->RMUX20","20",2,"afexe_bitgen_pass2_20260920"
"RMUX32@20,2->RMUX27@20,1","RMUX32(+0,+1)->RMUX27","20",2,"afexe_bitgen_pass2_20260920"
"RMUX44@20,2->RMUX74@20,4","RMUX44(+0,-2)->RMUX74","20",2,"afexe_bitgen_pass2_20260920"
"RMUX49@20,2->RMUX7@20,2","RMUX49(+0,+0)->RMUX7","20",2,"afexe_bitgen_pass2_20260920"
"RMUX62@20,2->RMUX67@20,1","RMUX62(+0,+1)->RMUX67","20",2,"afexe_bitgen_pass2_20260920"
"RMUX69@20,2->RMUX83@20,1","RMUX69(+0,+1)->RMUX83","20",2,"afexe_bitgen_pass2_20260920"
"RMUX69@20,2->RMUX86@20,2","RMUX69(+0,+0)->RMUX86","20",2,"afexe_bitgen_pass2_20260920"
"RMUX69@20,2->RMUX87@20,2","RMUX69(+0,+0)->RMUX87","20",2,"afexe_bitgen_pass2_20260920"
"RMUX73@20,2->RMUX1@20,5","RMUX73(+0,-3)->RMUX1","20",2,"afexe_bitgen_pass2_20260920"
"RMUX85@20,2->RMUX65@20,1","RMUX85(+0,+1)->RMUX65","20",2,"afexe_bitgen_pass2_20260920"
"RMUX86@20,2->RMUX57@20,2","RMUX86(+0,+0)->RMUX57","20",2,"afexe_bitgen_pass2_20260920"
"RMUX92@20,2->RMUX74@20,1","RMUX92(+0,+1)->RMUX74","20",2,"afexe_bitgen_pass2_20260920"
"RMUX92@20,2->RMUX80@20,1","RMUX92(+0,+1)->RMUX80","20",2,"afexe_bitgen_pass2_20260920"
"RMUX92@20,2->RMUX81@20,1","RMUX92(+0,+1)->RMUX81","20",2,"afexe_bitgen_pass2_20260920"
"RMUX7@20,3->RMUX24@20,4","RMUX7(+0,-1)->RMUX24","20",2,"afexe_bitgen_pass2_20260920"
"RMUX7@20,3->RMUX46@20,4","RMUX7(+0,-1)->RMUX46","20",2,"afexe_bitgen_pass2_20260920"
"RMUX7@20,3->RMUX31@20,6","RMUX7(+0,-3)->RMUX31","20",2,"afexe_bitgen_pass2_20260920"
"RMUX9@20,3->RMUX38@20,1","RMUX9(+0,+2)->RMUX38","20",2,"afexe_bitgen_pass2_20260920"
"RMUX9@20,3->RMUX44@20,2","RMUX9(+0,+1)->RMUX44","20",2,"afexe_bitgen_pass2_20260920"
"RMUX19@20,3->RMUX72@20,2","RMUX19(+0,+1)->RMUX72","20",2,"afexe_bitgen_pass2_20260920"
"RMUX21@20,3->RMUX86@20,3","RMUX21(+0,+0)->RMUX86","20",2,"afexe_bitgen_pass2_20260920"
"RMUX21@20,3->RMUX92@20,3","RMUX21(+0,+0)->RMUX92","20",2,"afexe_bitgen_pass2_20260920"
"RMUX21@20,3->RMUX92@20,4","RMUX21(+0,-1)->RMUX92","20",2,"afexe_bitgen_pass2_20260920"
"RMUX25@20,3->RMUX0@20,2","RMUX25(+0,+1)->RMUX0","20",2,"afexe_bitgen_pass2_20260920"
"RMUX27@20,3->RMUX20@20,4","RMUX27(+0,-1)->RMUX20","20",2,"afexe_bitgen_pass2_20260920"
"RMUX27@20,3->RMUX20@20,6","RMUX27(+0,-3)->RMUX20","20",2,"afexe_bitgen_pass2_20260920"
"RMUX32@20,3->RMUX27@20,2","RMUX32(+0,+1)->RMUX27","20",2,"afexe_bitgen_pass2_20260920"
"RMUX37@20,3->RMUX49@20,4","RMUX37(+0,-1)->RMUX49","20",2,"afexe_bitgen_pass2_20260920"
"RMUX44@20,3->RMUX74@20,5","RMUX44(+0,-2)->RMUX74","20",2,"afexe_bitgen_pass2_20260920"
"RMUX49@20,3->RMUX7@20,3","RMUX49(+0,+0)->RMUX7","20",2,"afexe_bitgen_pass2_20260920"
"RMUX50@20,3->RMUX2@20,3","RMUX50(+0,+0)->RMUX2","20",2,"afexe_bitgen_pass2_20260920"
"RMUX50@20,3->RMUX8@20,4","RMUX50(+0,-1)->RMUX8","20",2,"afexe_bitgen_pass2_20260920"
"RMUX50@20,3->RMUX13@20,4","RMUX50(+0,-1)->RMUX13","20",2,"afexe_bitgen_pass2_20260920"
"RMUX62@20,3->RMUX67@20,2","RMUX62(+0,+1)->RMUX67","20",2,"afexe_bitgen_pass2_20260920"
"RMUX69@20,3->RMUX83@20,2","RMUX69(+0,+1)->RMUX83","20",2,"afexe_bitgen_pass2_20260920"
"RMUX69@20,3->RMUX86@20,3","RMUX69(+0,+0)->RMUX86","20",2,"afexe_bitgen_pass2_20260920"
"RMUX69@20,3->RMUX87@20,3","RMUX69(+0,+0)->RMUX87","20",2,"afexe_bitgen_pass2_20260920"
"RMUX73@20,3->RMUX1@20,6","RMUX73(+0,-3)->RMUX1","20",2,"afexe_bitgen_pass2_20260920"
"RMUX80@20,3->RMUX26@20,3","RMUX80(+0,+0)->RMUX26","20",2,"afexe_bitgen_pass2_20260920"
"RMUX85@20,3->RMUX65@20,2","RMUX85(+0,+1)->RMUX65","20",2,"afexe_bitgen_pass2_20260920"
"RMUX86@20,3->RMUX57@20,3","RMUX86(+0,+0)->RMUX57","20",2,"afexe_bitgen_pass2_20260920"
"RMUX87@20,3->RMUX68@20,3","RMUX87(+0,+0)->RMUX68","20",2,"afexe_bitgen_pass2_20260920"
"RMUX87@20,3->RMUX59@20,4","RMUX87(+0,-1)->RMUX59","20",2,"afexe_bitgen_pass2_20260920"
"RMUX87@20,3->RMUX63@20,4","RMUX87(+0,-1)->RMUX63","20",2,"afexe_bitgen_pass2_20260920"
"RMUX92@20,3->RMUX74@20,2","RMUX92(+0,+1)->RMUX74","20",2,"afexe_bitgen_pass2_20260920"
"RMUX92@20,3->RMUX80@20,2","RMUX92(+0,+1)->RMUX80","20",2,"afexe_bitgen_pass2_20260920"
"RMUX92@20,3->RMUX81@20,2","RMUX92(+0,+1)->RMUX81","20",2,"afexe_bitgen_pass2_20260920"
"RMUX7@20,4->RMUX24@20,5","RMUX7(+0,-1)->RMUX24","20",2,"afexe_bitgen_pass2_20260920"
"RMUX7@20,4->RMUX46@20,5","RMUX7(+0,-1)->RMUX46","20",2,"afexe_bitgen_pass2_20260920"
"RMUX7@20,4->RMUX31@20,7","RMUX7(+0,-3)->RMUX31","20",2,"afexe_bitgen_pass2_20260920"
"RMUX9@20,4->RMUX38@20,1","RMUX9(+0,+3)->RMUX38","20",2,"afexe_bitgen_pass2_20260920"
"RMUX9@20,4->RMUX38@20,2","RMUX9(+0,+2)->RMUX38","20",2,"afexe_bitgen_pass2_20260920"
"RMUX9@20,4->RMUX44@20,3","RMUX9(+0,+1)->RMUX44","20",2,"afexe_bitgen_pass2_20260920"
"RMUX19@20,4->RMUX72@20,3","RMUX19(+0,+1)->RMUX72","20",2,"afexe_bitgen_pass2_20260920"
"RMUX21@20,4->RMUX86@20,4","RMUX21(+0,+0)->RMUX86","20",2,"afexe_bitgen_pass2_20260920"
"RMUX21@20,4->RMUX92@20,4","RMUX21(+0,+0)->RMUX92","20",2,"afexe_bitgen_pass2_20260920"
"RMUX21@20,4->RMUX92@20,5","RMUX21(+0,-1)->RMUX92","20",2,"afexe_bitgen_pass2_20260920"
"RMUX25@20,4->RMUX0@20,3","RMUX25(+0,+1)->RMUX0","20",2,"afexe_bitgen_pass2_20260920"
"RMUX27@20,4->RMUX20@20,5","RMUX27(+0,-1)->RMUX20","20",2,"afexe_bitgen_pass2_20260920"
"RMUX27@20,4->RMUX20@20,7","RMUX27(+0,-3)->RMUX20","20",2,"afexe_bitgen_pass2_20260920"
"RMUX32@20,4->RMUX27@20,3","RMUX32(+0,+1)->RMUX27","20",2,"afexe_bitgen_pass2_20260920"
"RMUX37@20,4->RMUX49@20,5","RMUX37(+0,-1)->RMUX49","20",2,"afexe_bitgen_pass2_20260920"
"RMUX44@20,4->RMUX74@20,6","RMUX44(+0,-2)->RMUX74","20",2,"afexe_bitgen_pass2_20260920"
"RMUX49@20,4->RMUX7@20,4","RMUX49(+0,+0)->RMUX7","20",2,"afexe_bitgen_pass2_20260920"
"RMUX50@20,4->RMUX2@20,4","RMUX50(+0,+0)->RMUX2","20",2,"afexe_bitgen_pass2_20260920"
"RMUX50@20,4->RMUX8@20,5","RMUX50(+0,-1)->RMUX8","20",2,"afexe_bitgen_pass2_20260920"
"RMUX50@20,4->RMUX13@20,5","RMUX50(+0,-1)->RMUX13","20",2,"afexe_bitgen_pass2_20260920"
"RMUX62@20,4->RMUX67@20,3","RMUX62(+0,+1)->RMUX67","20",2,"afexe_bitgen_pass2_20260920"
"RMUX69@20,4->RMUX83@20,3","RMUX69(+0,+1)->RMUX83","20",2,"afexe_bitgen_pass2_20260920"
"RMUX69@20,4->RMUX86@20,4","RMUX69(+0,+0)->RMUX86","20",2,"afexe_bitgen_pass2_20260920"
"RMUX69@20,4->RMUX87@20,4","RMUX69(+0,+0)->RMUX87","20",2,"afexe_bitgen_pass2_20260920"
"RMUX73@20,4->RMUX1@20,7","RMUX73(+0,-3)->RMUX1","20",2,"afexe_bitgen_pass2_20260920"
"RMUX80@20,4->RMUX26@20,4","RMUX80(+0,+0)->RMUX26","20",2,"afexe_bitgen_pass2_20260920"
"RMUX85@20,4->RMUX65@20,3","RMUX85(+0,+1)->RMUX65","20",2,"afexe_bitgen_pass2_20260920"
"RMUX86@20,4->RMUX57@20,4","RMUX86(+0,+0)->RMUX57","20",2,"afexe_bitgen_pass2_20260920"
"RMUX87@20,4->RMUX68@20,4","RMUX87(+0,+0)->RMUX68","20",2,"afexe_bitgen_pass2_20260920"
"RMUX87@20,4->RMUX59@20,5","RMUX87(+0,-1)->RMUX59","20",2,"afexe_bitgen_pass2_20260920"
"RMUX87@20,4->RMUX63@20,5","RMUX87(+0,-1)->RMUX63","20",2,"afexe_bitgen_pass2_20260920"
"RMUX92@20,4->RMUX74@20,3","RMUX92(+0,+1)->RMUX74","20",2,"afexe_bitgen_pass2_20260920"
"RMUX92@20,4->RMUX80@20,3","RMUX92(+0,+1)->RMUX80","20",2,"afexe_bitgen_pass2_20260920"
"RMUX92@20,4->RMUX81@20,3","RMUX92(+0,+1)->RMUX81","20",2,"afexe_bitgen_pass2_20260920"
"RMUX7@20,5->RMUX24@20,6","RMUX7(+0,-1)->RMUX24","20",2,"afexe_bitgen_pass2_20260920"
"RMUX7@20,5->RMUX46@20,6","RMUX7(+0,-1)->RMUX46","20",2,"afexe_bitgen_pass2_20260920"
"RMUX7@20,5->RMUX31@20,8","RMUX7(+0,-3)->RMUX31","20",2,"afexe_bitgen_pass2_20260920"
"RMUX9@20,5->RMUX38@20,2","RMUX9(+0,+3)->RMUX38","20",2,"afexe_bitgen_pass2_20260920"
"RMUX9@20,5->RMUX38@20,3","RMUX9(+0,+2)->RMUX38","20",2,"afexe_bitgen_pass2_20260920"
"RMUX9@20,5->RMUX44@20,4","RMUX9(+0,+1)->RMUX44","20",2,"afexe_bitgen_pass2_20260920"
"RMUX19@20,5->RMUX72@20,4","RMUX19(+0,+1)->RMUX72","20",2,"afexe_bitgen_pass2_20260920"
"RMUX21@20,5->RMUX86@20,5","RMUX21(+0,+0)->RMUX86","20",2,"afexe_bitgen_pass2_20260920"
"RMUX21@20,5->RMUX92@20,5","RMUX21(+0,+0)->RMUX92","20",2,"afexe_bitgen_pass2_20260920"
"RMUX21@20,5->RMUX92@20,6","RMUX21(+0,-1)->RMUX92","20",2,"afexe_bitgen_pass2_20260920"
"RMUX25@20,5->RMUX0@20,4","RMUX25(+0,+1)->RMUX0","20",2,"afexe_bitgen_pass2_20260920"
"RMUX27@20,5->RMUX20@20,6","RMUX27(+0,-1)->RMUX20","20",2,"afexe_bitgen_pass2_20260920"
"RMUX27@20,5->RMUX20@20,8","RMUX27(+0,-3)->RMUX20","20",2,"afexe_bitgen_pass2_20260920"
"RMUX32@20,5->RMUX27@20,4","RMUX32(+0,+1)->RMUX27","20",2,"afexe_bitgen_pass2_20260920"
"RMUX33@20,5->RMUX45@20,5","RMUX33(+0,+0)->RMUX45","20",2,"afexe_bitgen_pass2_20260920"
"RMUX37@20,5->RMUX49@20,6","RMUX37(+0,-1)->RMUX49","20",2,"afexe_bitgen_pass2_20260920"
"RMUX44@20,5->RMUX74@20,7","RMUX44(+0,-2)->RMUX74","20",2,"afexe_bitgen_pass2_20260920"
"RMUX49@20,5->RMUX7@20,5","RMUX49(+0,+0)->RMUX7","20",2,"afexe_bitgen_pass2_20260920"
"RMUX50@20,5->RMUX2@20,5","RMUX50(+0,+0)->RMUX2","20",2,"afexe_bitgen_pass2_20260920"
"RMUX50@20,5->RMUX8@20,6","RMUX50(+0,-1)->RMUX8","20",2,"afexe_bitgen_pass2_20260920"
"RMUX50@20,5->RMUX13@20,6","RMUX50(+0,-1)->RMUX13","20",2,"afexe_bitgen_pass2_20260920"
"RMUX62@20,5->RMUX67@20,4","RMUX62(+0,+1)->RMUX67","20",2,"afexe_bitgen_pass2_20260920"
"RMUX69@20,5->RMUX83@20,4","RMUX69(+0,+1)->RMUX83","20",2,"afexe_bitgen_pass2_20260920"
"RMUX69@20,5->RMUX86@20,5","RMUX69(+0,+0)->RMUX86","20",2,"afexe_bitgen_pass2_20260920"
"RMUX69@20,5->RMUX87@20,5","RMUX69(+0,+0)->RMUX87","20",2,"afexe_bitgen_pass2_20260920"
"RMUX73@20,5->RMUX1@20,8","RMUX73(+0,-3)->RMUX1","20",2,"afexe_bitgen_pass2_20260920"
"RMUX80@20,5->RMUX26@20,5","RMUX80(+0,+0)->RMUX26","20",2,"afexe_bitgen_pass2_20260920"
"RMUX85@20,5->RMUX65@20,4","RMUX85(+0,+1)->RMUX65","20",2,"afexe_bitgen_pass2_20260920"
"RMUX86@20,5->RMUX57@20,5","RMUX86(+0,+0)->RMUX57","20",2,"afexe_bitgen_pass2_20260920"
"RMUX87@20,5->RMUX68@20,5","RMUX87(+0,+0)->RMUX68","20",2,"afexe_bitgen_pass2_20260920"
"RMUX87@20,5->RMUX59@20,6","RMUX87(+0,-1)->RMUX59","20",2,"afexe_bitgen_pass2_20260920"
"RMUX87@20,5->RMUX63@20,6","RMUX87(+0,-1)->RMUX63","20",2,"afexe_bitgen_pass2_20260920"
"RMUX92@20,5->RMUX74@20,4","RMUX92(+0,+1)->RMUX74","20",2,"afexe_bitgen_pass2_20260920"
"RMUX92@20,5->RMUX80@20,4","RMUX92(+0,+1)->RMUX80","20",2,"afexe_bitgen_pass2_20260920"
"RMUX92@20,5->RMUX81@20,4","RMUX92(+0,+1)->RMUX81","20",2,"afexe_bitgen_pass2_20260920"
"RMUX7@20,6->RMUX24@20,7","RMUX7(+0,-1)->RMUX24","20",2,"afexe_bitgen_pass2_20260920"
"RMUX7@20,6->RMUX46@20,7","RMUX7(+0,-1)->RMUX46","20",2,"afexe_bitgen_pass2_20260920"
"RMUX7@20,6->RMUX31@20,9","RMUX7(+0,-3)->RMUX31","20",2,"afexe_bitgen_pass2_20260920"
"RMUX9@20,6->RMUX38@20,3","RMUX9(+0,+3)->RMUX38","20",2,"afexe_bitgen_pass2_20260920"
"RMUX9@20,6->RMUX38@20,4","RMUX9(+0,+2)->RMUX38","20",2,"afexe_bitgen_pass2_20260920"
"RMUX9@20,6->RMUX44@20,5","RMUX9(+0,+1)->RMUX44","20",2,"afexe_bitgen_pass2_20260920"
"RMUX19@20,6->RMUX72@20,5","RMUX19(+0,+1)->RMUX72","20",2,"afexe_bitgen_pass2_20260920"
"RMUX21@20,6->RMUX86@20,6","RMUX21(+0,+0)->RMUX86","20",2,"afexe_bitgen_pass2_20260920"
"RMUX21@20,6->RMUX92@20,6","RMUX21(+0,+0)->RMUX92","20",2,"afexe_bitgen_pass2_20260920"
"RMUX21@20,6->RMUX92@20,7","RMUX21(+0,-1)->RMUX92","20",2,"afexe_bitgen_pass2_20260920"
"RMUX25@20,6->RMUX0@20,5","RMUX25(+0,+1)->RMUX0","20",2,"afexe_bitgen_pass2_20260920"
"RMUX27@20,6->RMUX20@20,7","RMUX27(+0,-1)->RMUX20","20",2,"afexe_bitgen_pass2_20260920"
"RMUX27@20,6->RMUX20@20,9","RMUX27(+0,-3)->RMUX20","20",2,"afexe_bitgen_pass2_20260920"
"RMUX32@20,6->RMUX33@20,4","RMUX32(+0,+2)->RMUX33","20",2,"afexe_bitgen_pass2_20260920"
"RMUX32@20,6->RMUX27@20,5","RMUX32(+0,+1)->RMUX27","20",2,"afexe_bitgen_pass2_20260920"
"RMUX37@20,6->RMUX49@20,7","RMUX37(+0,-1)->RMUX49","20",2,"afexe_bitgen_pass2_20260920"
"RMUX44@20,6->RMUX74@20,8","RMUX44(+0,-2)->RMUX74","20",2,"afexe_bitgen_pass2_20260920"
"RMUX49@20,6->RMUX7@20,6","RMUX49(+0,+0)->RMUX7","20",2,"afexe_bitgen_pass2_20260920"
"RMUX50@20,6->RMUX2@20,6","RMUX50(+0,+0)->RMUX2","20",2,"afexe_bitgen_pass2_20260920"
"RMUX50@20,6->RMUX8@20,7","RMUX50(+0,-1)->RMUX8","20",2,"afexe_bitgen_pass2_20260920"
"RMUX50@20,6->RMUX13@20,7","RMUX50(+0,-1)->RMUX13","20",2,"afexe_bitgen_pass2_20260920"
"RMUX62@20,6->RMUX67@20,5","RMUX62(+0,+1)->RMUX67","20",2,"afexe_bitgen_pass2_20260920"
"RMUX69@20,6->RMUX83@20,5","RMUX69(+0,+1)->RMUX83","20",2,"afexe_bitgen_pass2_20260920"
"RMUX69@20,6->RMUX86@20,6","RMUX69(+0,+0)->RMUX86","20",2,"afexe_bitgen_pass2_20260920"
"RMUX69@20,6->RMUX87@20,6","RMUX69(+0,+0)->RMUX87","20",2,"afexe_bitgen_pass2_20260920"
"RMUX73@20,6->RMUX1@20,9","RMUX73(+0,-3)->RMUX1","20",2,"afexe_bitgen_pass2_20260920"
"RMUX80@20,6->RMUX26@20,6","RMUX80(+0,+0)->RMUX26","20",2,"afexe_bitgen_pass2_20260920"
"RMUX85@20,6->RMUX65@20,5","RMUX85(+0,+1)->RMUX65","20",2,"afexe_bitgen_pass2_20260920"
"RMUX86@20,6->RMUX57@20,6","RMUX86(+0,+0)->RMUX57","20",2,"afexe_bitgen_pass2_20260920"
"RMUX87@20,6->RMUX68@20,6","RMUX87(+0,+0)->RMUX68","20",2,"afexe_bitgen_pass2_20260920"
"RMUX87@20,6->RMUX59@20,7","RMUX87(+0,-1)->RMUX59","20",2,"afexe_bitgen_pass2_20260920"
"RMUX87@20,6->RMUX63@20,7","RMUX87(+0,-1)->RMUX63","20",2,"afexe_bitgen_pass2_20260920"
"RMUX92@20,6->RMUX74@20,5","RMUX92(+0,+1)->RMUX74","20",2,"afexe_bitgen_pass2_20260920"
"RMUX92@20,6->RMUX80@20,5","RMUX92(+0,+1)->RMUX80","20",2,"afexe_bitgen_pass2_20260920"
"RMUX92@20,6->RMUX81@20,5","RMUX92(+0,+1)->RMUX81","20",2,"afexe_bitgen_pass2_20260920"
"RMUX3@20,7->RMUX15@20,7","RMUX3(+0,+0)->RMUX15","20",2,"afexe_bitgen_pass2_20260920"
"RMUX7@20,7->RMUX24@20,8","RMUX7(+0,-1)->RMUX24","20",2,"afexe_bitgen_pass2_20260920"
"RMUX7@20,7->RMUX46@20,8","RMUX7(+0,-1)->RMUX46","20",2,"afexe_bitgen_pass2_20260920"
"RMUX7@20,7->RMUX31@20,10","RMUX7(+0,-3)->RMUX31","20",2,"afexe_bitgen_pass2_20260920"
"RMUX9@20,7->RMUX38@20,4","RMUX9(+0,+3)->RMUX38","20",2,"afexe_bitgen_pass2_20260920"
"RMUX9@20,7->RMUX38@20,5","RMUX9(+0,+2)->RMUX38","20",2,"afexe_bitgen_pass2_20260920"
"RMUX9@20,7->RMUX44@20,6","RMUX9(+0,+1)->RMUX44","20",2,"afexe_bitgen_pass2_20260920"
"RMUX9@20,7->RMUX38@20,7","RMUX9(+0,+0)->RMUX38","20",2,"afexe_bitgen_pass2_20260920"
"RMUX19@20,7->RMUX72@20,6","RMUX19(+0,+1)->RMUX72","20",2,"afexe_bitgen_pass2_20260920"
"RMUX21@20,7->RMUX86@20,7","RMUX21(+0,+0)->RMUX86","20",2,"afexe_bitgen_pass2_20260920"
"RMUX21@20,7->RMUX92@20,7","RMUX21(+0,+0)->RMUX92","20",2,"afexe_bitgen_pass2_20260920"
"RMUX21@20,7->RMUX92@20,8","RMUX21(+0,-1)->RMUX92","20",2,"afexe_bitgen_pass2_20260920"
"RMUX25@20,7->RMUX0@20,6","RMUX25(+0,+1)->RMUX0","20",2,"afexe_bitgen_pass2_20260920"
"RMUX27@20,7->RMUX20@20,8","RMUX27(+0,-1)->RMUX20","20",2,"afexe_bitgen_pass2_20260920"
"RMUX27@20,7->RMUX20@20,10","RMUX27(+0,-3)->RMUX20","20",2,"afexe_bitgen_pass2_20260920"
"RMUX32@20,7->RMUX27@20,6","RMUX32(+0,+1)->RMUX27","20",2,"afexe_bitgen_pass2_20260920"
"RMUX33@20,7->RMUX45@20,7","RMUX33(+0,+0)->RMUX45","20",2,"afexe_bitgen_pass2_20260920"
"RMUX37@20,7->RMUX49@20,8","RMUX37(+0,-1)->RMUX49","20",2,"afexe_bitgen_pass2_20260920"
"RMUX44@20,7->RMUX74@20,9","RMUX44(+0,-2)->RMUX74","20",2,"afexe_bitgen_pass2_20260920"
"RMUX49@20,7->RMUX7@20,7","RMUX49(+0,+0)->RMUX7","20",2,"afexe_bitgen_pass2_20260920"
"RMUX50@20,7->RMUX2@20,7","RMUX50(+0,+0)->RMUX2","20",2,"afexe_bitgen_pass2_20260920"
"RMUX50@20,7->RMUX8@20,8","RMUX50(+0,-1)->RMUX8","20",2,"afexe_bitgen_pass2_20260920"
"RMUX50@20,7->RMUX13@20,8","RMUX50(+0,-1)->RMUX13","20",2,"afexe_bitgen_pass2_20260920"
"RMUX62@20,7->RMUX67@20,6","RMUX62(+0,+1)->RMUX67","20",2,"afexe_bitgen_pass2_20260920"
"RMUX69@20,7->RMUX83@20,6","RMUX69(+0,+1)->RMUX83","20",2,"afexe_bitgen_pass2_20260920"
"RMUX69@20,7->RMUX86@20,7","RMUX69(+0,+0)->RMUX86","20",2,"afexe_bitgen_pass2_20260920"
"RMUX69@20,7->RMUX87@20,7","RMUX69(+0,+0)->RMUX87","20",2,"afexe_bitgen_pass2_20260920"
"RMUX73@20,7->RMUX1@20,10","RMUX73(+0,-3)->RMUX1","20",2,"afexe_bitgen_pass2_20260920"
"RMUX80@20,7->RMUX26@20,7","RMUX80(+0,+0)->RMUX26","20",2,"afexe_bitgen_pass2_20260920"
"RMUX85@20,7->RMUX65@20,6","RMUX85(+0,+1)->RMUX65","20",2,"afexe_bitgen_pass2_20260920"
"RMUX86@20,7->RMUX57@20,7","RMUX86(+0,+0)->RMUX57","20",2,"afexe_bitgen_pass2_20260920"
"RMUX87@20,7->RMUX68@20,7","RMUX87(+0,+0)->RMUX68","20",2,"afexe_bitgen_pass2_20260920"
"RMUX87@20,7->RMUX59@20,8","RMUX87(+0,-1)->RMUX59","20",2,"afexe_bitgen_pass2_20260920"
"RMUX87@20,7->RMUX63@20,8","RMUX87(+0,-1)->RMUX63","20",2,"afexe_bitgen_pass2_20260920"
"RMUX92@20,7->RMUX74@20,6","RMUX92(+0,+1)->RMUX74","20",2,"afexe_bitgen_pass2_20260920"
"RMUX92@20,7->RMUX80@20,6","RMUX92(+0,+1)->RMUX80","20",2,"afexe_bitgen_pass2_20260920"
"RMUX92@20,7->RMUX81@20,6","RMUX92(+0,+1)->RMUX81","20",2,"afexe_bitgen_pass2_20260920"
"RMUX7@20,8->RMUX24@20,9","RMUX7(+0,-1)->RMUX24","20",2,"afexe_bitgen_pass2_20260920"
"RMUX7@20,8->RMUX46@20,9","RMUX7(+0,-1)->RMUX46","20",2,"afexe_bitgen_pass2_20260920"
"RMUX7@20,8->RMUX31@20,11","RMUX7(+0,-3)->RMUX31","20",2,"afexe_bitgen_pass2_20260920"
"RMUX9@20,8->RMUX38@20,5","RMUX9(+0,+3)->RMUX38","20",2,"afexe_bitgen_pass2_20260920"
"RMUX9@20,8->RMUX38@20,6","RMUX9(+0,+2)->RMUX38","20",2,"afexe_bitgen_pass2_20260920"
"RMUX9@20,8->RMUX44@20,7","RMUX9(+0,+1)->RMUX44","20",2,"afexe_bitgen_pass2_20260920"
"RMUX9@20,8->RMUX38@20,8","RMUX9(+0,+0)->RMUX38","20",2,"afexe_bitgen_pass2_20260920"
"RMUX19@20,8->RMUX72@20,7","RMUX19(+0,+1)->RMUX72","20",2,"afexe_bitgen_pass2_20260920"
"RMUX21@20,8->RMUX86@20,8","RMUX21(+0,+0)->RMUX86","20",2,"afexe_bitgen_pass2_20260920"
"RMUX21@20,8->RMUX92@20,8","RMUX21(+0,+0)->RMUX92","20",2,"afexe_bitgen_pass2_20260920"
"RMUX21@20,8->RMUX92@20,9","RMUX21(+0,-1)->RMUX92","20",2,"afexe_bitgen_pass2_20260920"
"RMUX25@20,8->RMUX0@20,7","RMUX25(+0,+1)->RMUX0","20",2,"afexe_bitgen_pass2_20260920"
"RMUX27@20,8->RMUX20@20,9","RMUX27(+0,-1)->RMUX20","20",2,"afexe_bitgen_pass2_20260920"
"RMUX27@20,8->RMUX20@20,11","RMUX27(+0,-3)->RMUX20","20",2,"afexe_bitgen_pass2_20260920"
"RMUX32@20,8->RMUX27@20,7","RMUX32(+0,+1)->RMUX27","20",2,"afexe_bitgen_pass2_20260920"
"RMUX33@20,8->RMUX45@20,8","RMUX33(+0,+0)->RMUX45","20",2,"afexe_bitgen_pass2_20260920"
"RMUX37@20,8->RMUX49@20,9","RMUX37(+0,-1)->RMUX49","20",2,"afexe_bitgen_pass2_20260920"
"RMUX44@20,8->RMUX74@20,10","RMUX44(+0,-2)->RMUX74","20",2,"afexe_bitgen_pass2_20260920"
"RMUX49@20,8->RMUX7@20,8","RMUX49(+0,+0)->RMUX7","20",2,"afexe_bitgen_pass2_20260920"
"RMUX50@20,8->RMUX2@20,8","RMUX50(+0,+0)->RMUX2","20",2,"afexe_bitgen_pass2_20260920"
"RMUX50@20,8->RMUX8@20,9","RMUX50(+0,-1)->RMUX8","20",2,"afexe_bitgen_pass2_20260920"
"RMUX50@20,8->RMUX13@20,9","RMUX50(+0,-1)->RMUX13","20",2,"afexe_bitgen_pass2_20260920"
"RMUX62@20,8->RMUX67@20,7","RMUX62(+0,+1)->RMUX67","20",2,"afexe_bitgen_pass2_20260920"
"RMUX69@20,8->RMUX83@20,7","RMUX69(+0,+1)->RMUX83","20",2,"afexe_bitgen_pass2_20260920"
"RMUX69@20,8->RMUX86@20,8","RMUX69(+0,+0)->RMUX86","20",2,"afexe_bitgen_pass2_20260920"
"RMUX69@20,8->RMUX87@20,8","RMUX69(+0,+0)->RMUX87","20",2,"afexe_bitgen_pass2_20260920"
"RMUX73@20,8->RMUX1@20,11","RMUX73(+0,-3)->RMUX1","20",2,"afexe_bitgen_pass2_20260920"
"RMUX80@20,8->RMUX26@20,8","RMUX80(+0,+0)->RMUX26","20",2,"afexe_bitgen_pass2_20260920"
"RMUX85@20,8->RMUX65@20,7","RMUX85(+0,+1)->RMUX65","20",2,"afexe_bitgen_pass2_20260920"
"RMUX86@20,8->RMUX57@20,8","RMUX86(+0,+0)->RMUX57","20",2,"afexe_bitgen_pass2_20260920"
"RMUX87@20,8->RMUX68@20,8","RMUX87(+0,+0)->RMUX68","20",2,"afexe_bitgen_pass2_20260920"
"RMUX87@20,8->RMUX59@20,9","RMUX87(+0,-1)->RMUX59","20",2,"afexe_bitgen_pass2_20260920"
"RMUX87@20,8->RMUX63@20,9","RMUX87(+0,-1)->RMUX63","20",2,"afexe_bitgen_pass2_20260920"
"RMUX92@20,8->RMUX74@20,7","RMUX92(+0,+1)->RMUX74","20",2,"afexe_bitgen_pass2_20260920"
"RMUX92@20,8->RMUX80@20,7","RMUX92(+0,+1)->RMUX80","20",2,"afexe_bitgen_pass2_20260920"
"RMUX92@20,8->RMUX81@20,7","RMUX92(+0,+1)->RMUX81","20",2,"afexe_bitgen_pass2_20260920"
"RMUX3@20,9->RMUX21@20,9","RMUX3(+0,+0)->RMUX21","20",2,"afexe_bitgen_pass2_20260920"
"RMUX7@20,9->RMUX24@20,10","RMUX7(+0,-1)->RMUX24","20",2,"afexe_bitgen_pass2_20260920"
"RMUX7@20,9->RMUX46@20,10","RMUX7(+0,-1)->RMUX46","20",2,"afexe_bitgen_pass2_20260920"
"RMUX7@20,9->RMUX31@20,12","RMUX7(+0,-3)->RMUX31","20",2,"afexe_bitgen_pass2_20260920"
"RMUX9@20,9->RMUX38@20,6","RMUX9(+0,+3)->RMUX38","20",2,"afexe_bitgen_pass2_20260920"
"RMUX9@20,9->RMUX38@20,7","RMUX9(+0,+2)->RMUX38","20",2,"afexe_bitgen_pass2_20260920"
"RMUX9@20,9->RMUX44@20,8","RMUX9(+0,+1)->RMUX44","20",2,"afexe_bitgen_pass2_20260920"
"RMUX9@20,9->RMUX38@20,9","RMUX9(+0,+0)->RMUX38","20",2,"afexe_bitgen_pass2_20260920"
"RMUX19@20,9->RMUX72@20,8","RMUX19(+0,+1)->RMUX72","20",2,"afexe_bitgen_pass2_20260920"
"RMUX21@20,9->RMUX86@20,9","RMUX21(+0,+0)->RMUX86","20",2,"afexe_bitgen_pass2_20260920"
"RMUX21@20,9->RMUX92@20,9","RMUX21(+0,+0)->RMUX92","20",2,"afexe_bitgen_pass2_20260920"
"RMUX21@20,9->RMUX92@20,10","RMUX21(+0,-1)->RMUX92","20",2,"afexe_bitgen_pass2_20260920"
"RMUX25@20,9->RMUX0@20,8","RMUX25(+0,+1)->RMUX0","20",2,"afexe_bitgen_pass2_20260920"
"RMUX27@20,9->RMUX20@20,10","RMUX27(+0,-1)->RMUX20","20",2,"afexe_bitgen_pass2_20260920"
"RMUX27@20,9->RMUX20@20,12","RMUX27(+0,-3)->RMUX20","20",2,"afexe_bitgen_pass2_20260920"
"RMUX32@20,9->RMUX27@20,8","RMUX32(+0,+1)->RMUX27","20",2,"afexe_bitgen_pass2_20260920"
"RMUX33@20,9->RMUX45@20,9","RMUX33(+0,+0)->RMUX45","20",2,"afexe_bitgen_pass2_20260920"
"RMUX37@20,9->RMUX49@20,10","RMUX37(+0,-1)->RMUX49","20",2,"afexe_bitgen_pass2_20260920"
"RMUX44@20,9->RMUX74@20,11","RMUX44(+0,-2)->RMUX74","20",2,"afexe_bitgen_pass2_20260920"
"RMUX49@20,9->RMUX7@20,9","RMUX49(+0,+0)->RMUX7","20",2,"afexe_bitgen_pass2_20260920"
"RMUX50@20,9->RMUX2@20,9","RMUX50(+0,+0)->RMUX2","20",2,"afexe_bitgen_pass2_20260920"
"RMUX50@20,9->RMUX8@20,10","RMUX50(+0,-1)->RMUX8","20",2,"afexe_bitgen_pass2_20260920"
"RMUX50@20,9->RMUX13@20,10","RMUX50(+0,-1)->RMUX13","20",2,"afexe_bitgen_pass2_20260920"
"RMUX62@20,9->RMUX67@20,8","RMUX62(+0,+1)->RMUX67","20",2,"afexe_bitgen_pass2_20260920"
"RMUX69@20,9->RMUX83@20,8","RMUX69(+0,+1)->RMUX83","20",2,"afexe_bitgen_pass2_20260920"
"RMUX69@20,9->RMUX86@20,9","RMUX69(+0,+0)->RMUX86","20",2,"afexe_bitgen_pass2_20260920"
"RMUX69@20,9->RMUX87@20,9","RMUX69(+0,+0)->RMUX87","20",2,"afexe_bitgen_pass2_20260920"
"RMUX73@20,9->RMUX1@20,12","RMUX73(+0,-3)->RMUX1","20",2,"afexe_bitgen_pass2_20260920"
"RMUX80@20,9->RMUX26@20,9","RMUX80(+0,+0)->RMUX26","20",2,"afexe_bitgen_pass2_20260920"
"RMUX85@20,9->RMUX65@20,8","RMUX85(+0,+1)->RMUX65","20",2,"afexe_bitgen_pass2_20260920"
"RMUX86@20,9->RMUX57@20,9","RMUX86(+0,+0)->RMUX57","20",2,"afexe_bitgen_pass2_20260920"
"RMUX87@20,9->RMUX68@20,9","RMUX87(+0,+0)->RMUX68","20",2,"afexe_bitgen_pass2_20260920"
"RMUX87@20,9->RMUX59@20,10","RMUX87(+0,-1)->RMUX59","20",2,"afexe_bitgen_pass2_20260920"
"RMUX87@20,9->RMUX63@20,10","RMUX87(+0,-1)->RMUX63","20",2,"afexe_bitgen_pass2_20260920"
"RMUX92@20,9->RMUX74@20,8","RMUX92(+0,+1)->RMUX74","20",2,"afexe_bitgen_pass2_20260920"
"RMUX92@20,9->RMUX80@20,8","RMUX92(+0,+1)->RMUX80","20",2,"afexe_bitgen_pass2_20260920"
"RMUX92@20,9->RMUX81@20,8","RMUX92(+0,+1)->RMUX81","20",2,"afexe_bitgen_pass2_20260920"
"RMUX3@20,10->RMUX21@20,10","RMUX3(+0,+0)->RMUX21","20",2,"afexe_bitgen_pass2_20260920"
"RMUX7@20,10->RMUX24@20,11","RMUX7(+0,-1)->RMUX24","20",2,"afexe_bitgen_pass2_20260920"
"RMUX7@20,10->RMUX46@20,11","RMUX7(+0,-1)->RMUX46","20",2,"afexe_bitgen_pass2_20260920"
"RMUX9@20,10->RMUX38@20,7","RMUX9(+0,+3)->RMUX38","20",2,"afexe_bitgen_pass2_20260920"
"RMUX9@20,10->RMUX38@20,8","RMUX9(+0,+2)->RMUX38","20",2,"afexe_bitgen_pass2_20260920"
"RMUX9@20,10->RMUX44@20,9","RMUX9(+0,+1)->RMUX44","20",2,"afexe_bitgen_pass2_20260920"
"RMUX9@20,10->RMUX38@20,10","RMUX9(+0,+0)->RMUX38","20",2,"afexe_bitgen_pass2_20260920"
"RMUX19@20,10->RMUX72@20,9","RMUX19(+0,+1)->RMUX72","20",2,"afexe_bitgen_pass2_20260920"
"RMUX21@20,10->RMUX86@20,10","RMUX21(+0,+0)->RMUX86","20",2,"afexe_bitgen_pass2_20260920"
"RMUX21@20,10->RMUX92@20,10","RMUX21(+0,+0)->RMUX92","20",2,"afexe_bitgen_pass2_20260920"
"RMUX21@20,10->RMUX92@20,11","RMUX21(+0,-1)->RMUX92","20",2,"afexe_bitgen_pass2_20260920"
"RMUX25@20,10->RMUX0@20,9","RMUX25(+0,+1)->RMUX0","20",2,"afexe_bitgen_pass2_20260920"
"RMUX27@20,10->RMUX20@20,11","RMUX27(+0,-1)->RMUX20","20",2,"afexe_bitgen_pass2_20260920"
"RMUX32@20,10->RMUX27@20,9","RMUX32(+0,+1)->RMUX27","20",2,"afexe_bitgen_pass2_20260920"
"RMUX33@20,10->RMUX45@20,10","RMUX33(+0,+0)->RMUX45","20",2,"afexe_bitgen_pass2_20260920"
"RMUX37@20,10->RMUX49@20,11","RMUX37(+0,-1)->RMUX49","20",2,"afexe_bitgen_pass2_20260920"
"RMUX44@20,10->RMUX74@20,12","RMUX44(+0,-2)->RMUX74","20",2,"afexe_bitgen_pass2_20260920"
"RMUX49@20,10->RMUX7@20,10","RMUX49(+0,+0)->RMUX7","20",2,"afexe_bitgen_pass2_20260920"
"RMUX50@20,10->RMUX2@20,10","RMUX50(+0,+0)->RMUX2","20",2,"afexe_bitgen_pass2_20260920"
"RMUX50@20,10->RMUX8@20,11","RMUX50(+0,-1)->RMUX8","20",2,"afexe_bitgen_pass2_20260920"
"RMUX50@20,10->RMUX13@20,11","RMUX50(+0,-1)->RMUX13","20",2,"afexe_bitgen_pass2_20260920"
"RMUX62@20,10->RMUX67@20,9","RMUX62(+0,+1)->RMUX67","20",2,"afexe_bitgen_pass2_20260920"
"RMUX69@20,10->RMUX83@20,9","RMUX69(+0,+1)->RMUX83","20",2,"afexe_bitgen_pass2_20260920"
"RMUX69@20,10->RMUX86@20,10","RMUX69(+0,+0)->RMUX86","20",2,"afexe_bitgen_pass2_20260920"
"RMUX69@20,10->RMUX87@20,10","RMUX69(+0,+0)->RMUX87","20",2,"afexe_bitgen_pass2_20260920"
"RMUX80@20,10->RMUX26@20,10","RMUX80(+0,+0)->RMUX26","20",2,"afexe_bitgen_pass2_20260920"
"RMUX85@20,10->RMUX65@20,9","RMUX85(+0,+1)->RMUX65","20",2,"afexe_bitgen_pass2_20260920"
"RMUX86@20,10->RMUX57@20,10","RMUX86(+0,+0)->RMUX57","20",2,"afexe_bitgen_pass2_20260920"
"RMUX87@20,10->RMUX68@20,10","RMUX87(+0,+0)->RMUX68","20",2,"afexe_bitgen_pass2_20260920"
"RMUX87@20,10->RMUX59@20,11","RMUX87(+0,-1)->RMUX59","20",2,"afexe_bitgen_pass2_20260920"
"RMUX87@20,10->RMUX63@20,11","RMUX87(+0,-1)->RMUX63","20",2,"afexe_bitgen_pass2_20260920"
"RMUX92@20,10->RMUX74@20,9","RMUX92(+0,+1)->RMUX74","20",2,"afexe_bitgen_pass2_20260920"
"RMUX92@20,10->RMUX80@20,9","RMUX92(+0,+1)->RMUX80","20",2,"afexe_bitgen_pass2_20260920"
"RMUX92@20,10->RMUX81@20,9","RMUX92(+0,+1)->RMUX81","20",2,"afexe_bitgen_pass2_20260920"
"RMUX7@20,11->RMUX24@20,12","RMUX7(+0,-1)->RMUX24","20",2,"afexe_bitgen_pass2_20260920"
"RMUX7@20,11->RMUX46@20,12","RMUX7(+0,-1)->RMUX46","20",2,"afexe_bitgen_pass2_20260920"
"RMUX9@20,11->RMUX38@20,8","RMUX9(+0,+3)->RMUX38","20",2,"afexe_bitgen_pass2_20260920"
"RMUX9@20,11->RMUX38@20,9","RMUX9(+0,+2)->RMUX38","20",2,"afexe_bitgen_pass2_20260920"
"RMUX21@20,11->RMUX86@20,11","RMUX21(+0,+0)->RMUX86","20",2,"afexe_bitgen_pass2_20260920"
"RMUX21@20,11->RMUX92@20,11","RMUX21(+0,+0)->RMUX92","20",2,"afexe_bitgen_pass2_20260920"
"RMUX21@20,11->RMUX92@20,12","RMUX21(+0,-1)->RMUX92","20",2,"afexe_bitgen_pass2_20260920"
"RMUX27@20,11->RMUX20@20,12","RMUX27(+0,-1)->RMUX20","20",2,"afexe_bitgen_pass2_20260920"
"RMUX32@20,11->RMUX33@20,9","RMUX32(+0,+2)->RMUX33","20",2,"afexe_bitgen_pass2_20260920"
"RMUX37@20,11->RMUX49@20,12","RMUX37(+0,-1)->RMUX49","20",2,"afexe_bitgen_pass2_20260920"
"RMUX49@20,11->RMUX7@20,11","RMUX49(+0,+0)->RMUX7","20",2,"afexe_bitgen_pass2_20260920"
"RMUX50@20,11->RMUX2@20,11","RMUX50(+0,+0)->RMUX2","20",2,"afexe_bitgen_pass2_20260920"
"RMUX50@20,11->RMUX8@20,12","RMUX50(+0,-1)->RMUX8","20",2,"afexe_bitgen_pass2_20260920"
"RMUX50@20,11->RMUX13@20,12","RMUX50(+0,-1)->RMUX13","20",2,"afexe_bitgen_pass2_20260920"
"RMUX80@20,11->RMUX26@20,11","RMUX80(+0,+0)->RMUX26","20",2,"afexe_bitgen_pass2_20260920"
"RMUX86@20,11->RMUX57@20,11","RMUX86(+0,+0)->RMUX57","20",2,"afexe_bitgen_pass2_20260920"
"RMUX87@20,11->RMUX68@20,11","RMUX87(+0,+0)->RMUX68","20",2,"afexe_bitgen_pass2_20260920"
"RMUX87@20,11->RMUX59@20,12","RMUX87(+0,-1)->RMUX59","20",2,"afexe_bitgen_pass2_20260920"
"RMUX87@20,11->RMUX63@20,12","RMUX87(+0,-1)->RMUX63","20",2,"afexe_bitgen_pass2_20260920"
"RMUX3@20,12->RMUX21@20,12","RMUX3(+0,+0)->RMUX21","20",2,"afexe_bitgen_pass2_20260920"
"RMUX9@20,12->RMUX38@20,9","RMUX9(+0,+3)->RMUX38","20",2,"afexe_bitgen_pass2_20260920"
"RMUX9@20,12->RMUX38@20,10","RMUX9(+0,+2)->RMUX38","20",2,"afexe_bitgen_pass2_20260920"
"RMUX9@20,12->RMUX44@20,11","RMUX9(+0,+1)->RMUX44","20",2,"afexe_bitgen_pass2_20260920"
"RMUX19@20,12->RMUX72@20,11","RMUX19(+0,+1)->RMUX72","20",2,"afexe_bitgen_pass2_20260920"
"RMUX21@20,12->RMUX86@20,12","RMUX21(+0,+0)->RMUX86","20",2,"afexe_bitgen_pass2_20260920"
"RMUX21@20,12->RMUX92@20,12","RMUX21(+0,+0)->RMUX92","20",2,"afexe_bitgen_pass2_20260920"
"RMUX25@20,12->RMUX0@20,11","RMUX25(+0,+1)->RMUX0","20",2,"afexe_bitgen_pass2_20260920"
"RMUX32@20,12->RMUX33@20,10","RMUX32(+0,+2)->RMUX33","20",2,"afexe_bitgen_pass2_20260920"
"RMUX32@20,12->RMUX27@20,11","RMUX32(+0,+1)->RMUX27","20",2,"afexe_bitgen_pass2_20260920"
"RMUX49@20,12->RMUX7@20,12","RMUX49(+0,+0)->RMUX7","20",2,"afexe_bitgen_pass2_20260920"
"RMUX62@20,12->RMUX67@20,11","RMUX62(+0,+1)->RMUX67","20",2,"afexe_bitgen_pass2_20260920"
"RMUX69@20,12->RMUX83@20,11","RMUX69(+0,+1)->RMUX83","20",2,"afexe_bitgen_pass2_20260920"
"RMUX69@20,12->RMUX93@20,11","RMUX69(+0,+1)->RMUX93","20",2,"afexe_bitgen_pass2_20260920"
"RMUX69@20,12->RMUX86@20,12","RMUX69(+0,+0)->RMUX86","20",2,"afexe_bitgen_pass2_20260920"
"RMUX69@20,12->RMUX87@20,12","RMUX69(+0,+0)->RMUX87","20",2,"afexe_bitgen_pass2_20260920"
"RMUX80@20,12->RMUX26@20,12","RMUX80(+0,+0)->RMUX26","20",2,"afexe_bitgen_pass2_20260920"
"RMUX85@20,12->RMUX65@20,11","RMUX85(+0,+1)->RMUX65","20",2,"afexe_bitgen_pass2_20260920"
"RMUX86@20,12->RMUX57@20,12","RMUX86(+0,+0)->RMUX57","20",2,"afexe_bitgen_pass2_20260920"
"RMUX87@20,12->RMUX68@20,12","RMUX87(+0,+0)->RMUX68","20",2,"afexe_bitgen_pass2_20260920"
"RMUX92@20,12->RMUX74@20,11","RMUX92(+0,+1)->RMUX74","20",2,"afexe_bitgen_pass2_20260920"
"RMUX92@20,12->RMUX80@20,11","RMUX92(+0,+1)->RMUX80","20",2,"afexe_bitgen_pass2_20260920"
"RMUX92@20,12->RMUX81@20,11","RMUX92(+0,+1)->RMUX81","20",2,"afexe_bitgen_pass2_20260920"
