src_tile,src_x,src_y,src_res,dst_tile,dst_x,dst_y,dst_res
BramTILE,13,1,RMUX00,BramTILE,13,1,IMUX00
BramTILE,13,1,RMUX04,BramTILE,13,1,IMUX00
BramTILE,13,1,RMUX06,BramTILE,13,1,IMUX00
BramTILE,13,1,RMUX10,BramTILE,13,1,IMUX00
BramTILE,13,1,RMUX16,BramTILE,13,1,IMUX00
BramTILE,13,1,RMUX28,BramTILE,13,1,IMUX00
BramTILE,13,1,RMUX46,BramTILE,13,1,IMUX00
BramTILE,13,1,RMUX70,BramTILE,13,1,IMUX00
BramTILE,13,1,RMUX76,BramTILE,13,1,IMUX00
BramTILE,13,1,RMUX82,BramTILE,13,1,IMUX00
BramTILE,13,1,RMUX88,BramTILE,13,1,IMUX00
LogicTILE,14,1,RMUX24,BramTILE,13,1,IMUX00
LogicTILE,14,1,RMUX72,BramTILE,13,1,IMUX00
BramTILE,13,1,RMUX05,BramTILE,13,1,IMUX01
BramTILE,13,1,RMUX11,BramTILE,13,1,IMUX01
BramTILE,13,1,RMUX12,BramTILE,13,1,IMUX01
BramTILE,13,1,RMUX18,BramTILE,13,1,IMUX01
BramTILE,13,1,RMUX29,BramTILE,13,1,IMUX01
BramTILE,13,1,RMUX41,BramTILE,13,1,IMUX01
BramTILE,13,1,RMUX47,BramTILE,13,1,IMUX01
BramTILE,13,1,RMUX53,BramTILE,13,1,IMUX01
BramTILE,13,1,RMUX59,BramTILE,13,1,IMUX01
BramTILE,13,1,RMUX71,BramTILE,13,1,IMUX01
BramTILE,13,1,RMUX77,BramTILE,13,1,IMUX01
LogicTILE,14,1,RMUX54,BramTILE,13,1,IMUX01
BramTILE,13,1,RMUX00,BramTILE,13,1,IMUX02
BramTILE,13,1,RMUX04,BramTILE,13,1,IMUX02
BramTILE,13,1,RMUX10,BramTILE,13,1,IMUX02
BramTILE,13,1,RMUX46,BramTILE,13,1,IMUX02
BramTILE,13,1,RMUX58,BramTILE,13,1,IMUX02
BramTILE,13,1,RMUX64,BramTILE,13,1,IMUX02
BramTILE,13,1,RMUX70,BramTILE,13,1,IMUX02
LogicTILE,14,1,RMUX24,BramTILE,13,1,IMUX02
LogicTILE,14,1,RMUX72,BramTILE,13,1,IMUX02
BramTILE,13,1,RMUX05,BramTILE,13,1,IMUX03
BramTILE,13,1,RMUX11,BramTILE,13,1,IMUX03
BramTILE,13,1,RMUX12,BramTILE,13,1,IMUX03
BramTILE,13,1,RMUX18,BramTILE,13,1,IMUX03
BramTILE,13,1,RMUX29,BramTILE,13,1,IMUX03
BramTILE,13,1,RMUX41,BramTILE,13,1,IMUX03
BramTILE,13,1,RMUX47,BramTILE,13,1,IMUX03
BramTILE,13,1,RMUX59,BramTILE,13,1,IMUX03
BramTILE,13,1,RMUX65,BramTILE,13,1,IMUX03
BramTILE,13,1,RMUX71,BramTILE,13,1,IMUX03
BramTILE,13,1,RMUX77,BramTILE,13,1,IMUX03
BramTILE,13,1,RMUX83,BramTILE,13,1,IMUX03
LogicTILE,14,1,RMUX06,BramTILE,13,1,IMUX03
BramTILE,13,1,RMUX00,BramTILE,13,1,IMUX04
BramTILE,13,1,RMUX06,BramTILE,13,1,IMUX04
BramTILE,13,1,RMUX16,BramTILE,13,1,IMUX04
BramTILE,13,1,RMUX28,BramTILE,13,1,IMUX04
BramTILE,13,1,RMUX34,BramTILE,13,1,IMUX04
BramTILE,13,1,RMUX52,BramTILE,13,1,IMUX04
BramTILE,13,1,RMUX88,BramTILE,13,1,IMUX04
BramTILE,13,1,RMUX94,BramTILE,13,1,IMUX04
LogicTILE,12,1,OMUX24,BramTILE,13,1,IMUX04
LogicTILE,14,1,RMUX30,BramTILE,13,1,IMUX05
BramTILE,13,1,RMUX28,BramTILE,13,1,IMUX06
BramTILE,13,1,RMUX34,BramTILE,13,1,IMUX06
BramTILE,13,1,RMUX64,BramTILE,13,1,IMUX06
BramTILE,13,1,RMUX88,BramTILE,13,1,IMUX06
BramTILE,13,1,RMUX94,BramTILE,13,1,IMUX06
BramTILE,13,1,RMUX05,BramTILE,13,1,IMUX07
BramTILE,13,1,RMUX12,BramTILE,13,1,IMUX07
BramTILE,13,1,RMUX18,BramTILE,13,1,IMUX07
LogicTILE,14,1,RMUX06,BramTILE,13,1,IMUX07
LogicTILE,14,1,RMUX54,BramTILE,13,1,IMUX07
BramTILE,13,1,RMUX06,BramTILE,13,1,IMUX08
BramTILE,13,1,RMUX34,BramTILE,13,1,IMUX08
BramTILE,13,1,RMUX52,BramTILE,13,1,IMUX08
BramTILE,13,1,RMUX58,BramTILE,13,1,IMUX08
BramTILE,13,1,RMUX70,BramTILE,13,1,IMUX08
LogicTILE,14,1,RMUX48,BramTILE,13,1,IMUX08
LogicTILE,14,1,RMUX72,BramTILE,13,1,IMUX08
BramTILE,13,1,RMUX12,BramTILE,13,1,IMUX09
BramTILE,13,1,RMUX18,BramTILE,13,1,IMUX09
BramTILE,13,1,RMUX77,BramTILE,13,1,IMUX09
BramTILE,13,1,RMUX83,BramTILE,13,1,IMUX09
LogicTILE,14,1,RMUX54,BramTILE,13,1,IMUX09
LogicTILE,14,1,RMUX78,BramTILE,13,1,IMUX09
BramTILE,13,1,RMUX00,BramTILE,13,1,IMUX10
BramTILE,13,1,RMUX04,BramTILE,13,1,IMUX10
BramTILE,13,1,RMUX06,BramTILE,13,1,IMUX10
BramTILE,13,1,RMUX40,BramTILE,13,1,IMUX10
BramTILE,13,1,RMUX46,BramTILE,13,1,IMUX10
BramTILE,13,1,RMUX64,BramTILE,13,1,IMUX10
BramTILE,13,1,RMUX76,BramTILE,13,1,IMUX10
LogicTILE,12,1,OMUX24,BramTILE,13,1,IMUX10
LogicTILE,14,1,RMUX00,BramTILE,13,1,IMUX10
LogicTILE,14,1,RMUX24,BramTILE,13,1,IMUX10
BramTILE,13,1,RMUX12,BramTILE,13,1,IMUX11
BramTILE,13,1,RMUX17,BramTILE,13,1,IMUX11
BramTILE,13,1,RMUX18,BramTILE,13,1,IMUX11
BramTILE,13,1,RMUX23,BramTILE,13,1,IMUX11
BramTILE,13,1,RMUX47,BramTILE,13,1,IMUX11
BramTILE,13,1,RMUX59,BramTILE,13,1,IMUX11
BramTILE,13,1,RMUX65,BramTILE,13,1,IMUX11
BramTILE,13,1,RMUX71,BramTILE,13,1,IMUX11
BramTILE,13,1,RMUX83,BramTILE,13,1,IMUX11
BramTILE,13,1,RMUX89,BramTILE,13,1,IMUX11
LogicTILE,12,1,OMUX03,BramTILE,13,1,IMUX11
LogicTILE,12,1,OMUX15,BramTILE,13,1,IMUX11
LogicTILE,12,1,OMUX27,BramTILE,13,1,IMUX11
BramTILE,13,1,RMUX00,BramTILE,13,1,IMUX12
BramTILE,13,1,RMUX04,BramTILE,13,1,IMUX12
BramTILE,13,1,RMUX06,BramTILE,13,1,IMUX12
BramTILE,13,1,RMUX10,BramTILE,13,1,IMUX12
BramTILE,13,1,RMUX40,BramTILE,13,1,IMUX12
BramTILE,13,1,RMUX46,BramTILE,13,1,IMUX12
BramTILE,13,1,RMUX64,BramTILE,13,1,IMUX12
BramTILE,13,1,RMUX70,BramTILE,13,1,IMUX12
LogicTILE,12,1,OMUX00,BramTILE,13,1,IMUX12
LogicTILE,12,1,OMUX24,BramTILE,13,1,IMUX12
LogicTILE,12,1,OMUX36,BramTILE,13,1,IMUX12
BramTILE,13,1,RMUX11,BramTILE,13,1,IMUX13
BramTILE,13,1,RMUX41,BramTILE,13,1,IMUX13
BramTILE,13,1,RMUX47,BramTILE,13,1,IMUX13
BramTILE,13,1,RMUX77,BramTILE,13,1,IMUX13
BramTILE,13,1,RMUX83,BramTILE,13,1,IMUX13
BramTILE,13,1,RMUX00,BramTILE,13,1,IMUX14
BramTILE,13,1,RMUX06,BramTILE,13,1,IMUX14
BramTILE,13,1,RMUX16,BramTILE,13,1,IMUX14
BramTILE,13,1,RMUX52,BramTILE,13,1,IMUX14
BramTILE,13,1,RMUX58,BramTILE,13,1,IMUX14
BramTILE,13,1,RMUX88,BramTILE,13,1,IMUX14
BramTILE,13,1,RMUX94,BramTILE,13,1,IMUX14
BramTILE,13,1,RMUX05,BramTILE,13,1,IMUX15
BramTILE,13,1,RMUX12,BramTILE,13,1,IMUX15
BramTILE,13,1,RMUX18,BramTILE,13,1,IMUX15
BramTILE,13,1,RMUX41,BramTILE,13,1,IMUX15
BramTILE,13,1,RMUX47,BramTILE,13,1,IMUX15
BramTILE,13,1,RMUX65,BramTILE,13,1,IMUX15
BramTILE,13,1,RMUX71,BramTILE,13,1,IMUX15
BramTILE,13,1,RMUX77,BramTILE,13,1,IMUX15
BramTILE,13,1,RMUX83,BramTILE,13,1,IMUX15
BramTILE,13,1,RMUX28,BramTILE,13,1,IMUX16
BramTILE,13,1,RMUX30,BramTILE,13,1,IMUX16
BramTILE,13,1,RMUX34,BramTILE,13,1,IMUX16
BramTILE,13,1,RMUX64,BramTILE,13,1,IMUX16
BramTILE,13,1,RMUX88,BramTILE,13,1,IMUX16
BramTILE,13,1,RMUX94,BramTILE,13,1,IMUX16
LogicTILE,12,1,OMUX24,BramTILE,13,1,IMUX16
BramTILE,13,1,RMUX17,BramTILE,13,1,IMUX17
BramTILE,13,1,RMUX29,BramTILE,13,1,IMUX17
BramTILE,13,1,RMUX36,BramTILE,13,1,IMUX17
BramTILE,13,1,RMUX42,BramTILE,13,1,IMUX17
BramTILE,13,1,RMUX59,BramTILE,13,1,IMUX17
BramTILE,13,1,RMUX89,BramTILE,13,1,IMUX17
BramTILE,13,1,RMUX95,BramTILE,13,1,IMUX17
LogicTILE,14,1,RMUX06,BramTILE,13,1,IMUX17
LogicTILE,14,1,RMUX54,BramTILE,13,1,IMUX17
BramTILE,13,1,RMUX24,BramTILE,13,1,IMUX18
BramTILE,13,1,RMUX28,BramTILE,13,1,IMUX18
BramTILE,13,1,RMUX30,BramTILE,13,1,IMUX18
BramTILE,13,1,RMUX88,BramTILE,13,1,IMUX18
LogicTILE,14,1,RMUX48,BramTILE,13,1,IMUX18
LogicTILE,14,1,RMUX72,BramTILE,13,1,IMUX18
BramTILE,13,1,RMUX05,BramTILE,13,1,IMUX19
BramTILE,13,1,RMUX36,BramTILE,13,1,IMUX19
BramTILE,13,1,RMUX41,BramTILE,13,1,IMUX19
BramTILE,13,1,RMUX42,BramTILE,13,1,IMUX19
BramTILE,13,1,RMUX53,BramTILE,13,1,IMUX19
BramTILE,13,1,RMUX65,BramTILE,13,1,IMUX19
BramTILE,13,1,RMUX83,BramTILE,13,1,IMUX19
BramTILE,13,1,RMUX89,BramTILE,13,1,IMUX19
LogicTILE,14,1,RMUX78,BramTILE,13,1,IMUX19
BramTILE,13,1,RMUX04,BramTILE,13,1,IMUX20
BramTILE,13,1,RMUX24,BramTILE,13,1,IMUX20
BramTILE,13,1,RMUX76,BramTILE,13,1,IMUX20
BramTILE,13,1,RMUX82,BramTILE,13,1,IMUX20
LogicTILE,14,1,RMUX00,BramTILE,13,1,IMUX20
BramTILE,13,1,RMUX29,BramTILE,13,1,IMUX21
BramTILE,13,1,RMUX35,BramTILE,13,1,IMUX21
BramTILE,13,1,RMUX36,BramTILE,13,1,IMUX21
BramTILE,13,1,RMUX42,BramTILE,13,1,IMUX21
LogicTILE,14,1,RMUX06,BramTILE,13,1,IMUX21
BramTILE,13,1,RMUX16,BramTILE,13,1,IMUX22
BramTILE,13,1,RMUX22,BramTILE,13,1,IMUX22
BramTILE,13,1,RMUX24,BramTILE,13,1,IMUX22
BramTILE,13,1,RMUX28,BramTILE,13,1,IMUX22
BramTILE,13,1,RMUX30,BramTILE,13,1,IMUX22
BramTILE,13,1,RMUX34,BramTILE,13,1,IMUX22
BramTILE,13,1,RMUX76,BramTILE,13,1,IMUX22
BramTILE,13,1,RMUX82,BramTILE,13,1,IMUX22
LogicTILE,14,1,RMUX00,BramTILE,13,1,IMUX22
LogicTILE,14,1,RMUX72,BramTILE,13,1,IMUX22
BramTILE,13,1,RMUX11,BramTILE,13,1,IMUX23
BramTILE,13,1,RMUX23,BramTILE,13,1,IMUX23
BramTILE,13,1,RMUX36,BramTILE,13,1,IMUX23
BramTILE,13,1,RMUX42,BramTILE,13,1,IMUX23
BramTILE,13,1,RMUX59,BramTILE,13,1,IMUX23
BramTILE,13,1,RMUX71,BramTILE,13,1,IMUX23
BramTILE,13,1,RMUX95,BramTILE,13,1,IMUX23
LogicTILE,14,1,RMUX54,BramTILE,13,1,IMUX23
BramTILE,13,1,RMUX04,BramTILE,13,1,IMUX24
BramTILE,13,1,RMUX24,BramTILE,13,1,IMUX24
BramTILE,13,1,RMUX30,BramTILE,13,1,IMUX24
BramTILE,13,1,RMUX70,BramTILE,13,1,IMUX24
LogicTILE,14,1,RMUX24,BramTILE,13,1,IMUX24
BramTILE,13,1,RMUX05,BramTILE,13,1,IMUX25
BramTILE,13,1,RMUX29,BramTILE,13,1,IMUX25
BramTILE,13,1,RMUX35,BramTILE,13,1,IMUX25
BramTILE,13,1,RMUX36,BramTILE,13,1,IMUX25
BramTILE,13,1,RMUX47,BramTILE,13,1,IMUX25
BramTILE,13,1,RMUX65,BramTILE,13,1,IMUX25
BramTILE,13,1,RMUX71,BramTILE,13,1,IMUX25
BramTILE,13,1,RMUX89,BramTILE,13,1,IMUX25
BramTILE,13,1,RMUX95,BramTILE,13,1,IMUX25
BramTILE,13,1,RMUX04,BramTILE,13,1,IMUX26
BramTILE,13,1,RMUX10,BramTILE,13,1,IMUX26
BramTILE,13,1,RMUX24,BramTILE,13,1,IMUX26
BramTILE,13,1,RMUX28,BramTILE,13,1,IMUX26
BramTILE,13,1,RMUX30,BramTILE,13,1,IMUX26
BramTILE,13,1,RMUX34,BramTILE,13,1,IMUX26
BramTILE,13,1,RMUX64,BramTILE,13,1,IMUX26
BramTILE,13,1,RMUX70,BramTILE,13,1,IMUX26
BramTILE,13,1,RMUX82,BramTILE,13,1,IMUX26
BramTILE,13,1,RMUX88,BramTILE,13,1,IMUX26
BramTILE,13,1,RMUX94,BramTILE,13,1,IMUX26
BramTILE,13,1,RMUX11,BramTILE,13,1,IMUX27
BramTILE,13,1,RMUX17,BramTILE,13,1,IMUX27
BramTILE,13,1,RMUX23,BramTILE,13,1,IMUX27
BramTILE,13,1,RMUX29,BramTILE,13,1,IMUX27
BramTILE,13,1,RMUX35,BramTILE,13,1,IMUX27
BramTILE,13,1,RMUX36,BramTILE,13,1,IMUX27
BramTILE,13,1,RMUX41,BramTILE,13,1,IMUX27
BramTILE,13,1,RMUX47,BramTILE,13,1,IMUX27
BramTILE,13,1,RMUX53,BramTILE,13,1,IMUX27
BramTILE,13,1,RMUX65,BramTILE,13,1,IMUX27
BramTILE,13,1,RMUX71,BramTILE,13,1,IMUX27
BramTILE,13,1,RMUX95,BramTILE,13,1,IMUX27
LogicTILE,12,1,OMUX39,BramTILE,13,1,IMUX27
LogicTILE,14,1,RMUX54,BramTILE,13,1,IMUX27
BramTILE,13,1,RMUX16,BramTILE,13,1,IMUX28
BramTILE,13,1,RMUX22,BramTILE,13,1,IMUX28
BramTILE,13,1,RMUX24,BramTILE,13,1,IMUX28
BramTILE,13,1,RMUX30,BramTILE,13,1,IMUX28
BramTILE,13,1,RMUX52,BramTILE,13,1,IMUX28
BramTILE,13,1,RMUX58,BramTILE,13,1,IMUX28
BramTILE,13,1,RMUX64,BramTILE,13,1,IMUX28
BramTILE,13,1,RMUX70,BramTILE,13,1,IMUX28
BramTILE,13,1,RMUX94,BramTILE,13,1,IMUX28
LogicTILE,14,1,RMUX48,BramTILE,13,1,IMUX28
LogicTILE,14,1,RMUX72,BramTILE,13,1,IMUX28
BramTILE,13,1,RMUX11,BramTILE,13,1,IMUX29
BramTILE,13,1,RMUX35,BramTILE,13,1,IMUX29
BramTILE,13,1,RMUX36,BramTILE,13,1,IMUX29
BramTILE,13,1,RMUX41,BramTILE,13,1,IMUX29
BramTILE,13,1,RMUX65,BramTILE,13,1,IMUX29
BramTILE,13,1,RMUX71,BramTILE,13,1,IMUX29
BramTILE,13,1,RMUX77,BramTILE,13,1,IMUX29
BramTILE,13,1,RMUX83,BramTILE,13,1,IMUX29
LogicTILE,14,1,RMUX06,BramTILE,13,1,IMUX29
BramTILE,13,1,RMUX10,BramTILE,13,1,IMUX30
BramTILE,13,1,RMUX22,BramTILE,13,1,IMUX30
BramTILE,13,1,RMUX24,BramTILE,13,1,IMUX30
BramTILE,13,1,RMUX28,BramTILE,13,1,IMUX30
BramTILE,13,1,RMUX30,BramTILE,13,1,IMUX30
BramTILE,13,1,RMUX64,BramTILE,13,1,IMUX30
BramTILE,13,1,RMUX76,BramTILE,13,1,IMUX30
BramTILE,13,1,RMUX82,BramTILE,13,1,IMUX30
LogicTILE,12,1,OMUX00,BramTILE,13,1,IMUX30
BramTILE,13,1,RMUX11,BramTILE,13,1,IMUX31
BramTILE,13,1,RMUX29,BramTILE,13,1,IMUX31
BramTILE,13,1,RMUX36,BramTILE,13,1,IMUX31
BramTILE,13,1,RMUX53,BramTILE,13,1,IMUX31
BramTILE,13,1,RMUX95,BramTILE,13,1,IMUX31
LogicTILE,12,1,OMUX03,BramTILE,13,1,IMUX31
LogicTILE,12,1,OMUX39,BramTILE,13,1,IMUX31
BramTILE,13,1,RMUX48,BramTILE,13,1,IMUX32
BramTILE,13,1,RMUX52,BramTILE,13,1,IMUX32
BramTILE,13,1,RMUX54,BramTILE,13,1,IMUX32
BramTILE,13,1,RMUX94,BramTILE,13,1,IMUX32
LogicTILE,12,1,OMUX18,BramTILE,13,1,IMUX32
LogicTILE,12,1,OMUX30,BramTILE,13,1,IMUX32
BramTILE,13,1,RMUX35,BramTILE,13,1,IMUX33
BramTILE,13,1,RMUX89,BramTILE,13,1,IMUX33
BramTILE,13,1,RMUX95,BramTILE,13,1,IMUX33
LogicTILE,12,1,OMUX21,BramTILE,13,1,IMUX33
LogicTILE,14,1,RMUX42,BramTILE,13,1,IMUX33
BramTILE,13,1,RMUX10,BramTILE,13,1,IMUX34
BramTILE,13,1,RMUX40,BramTILE,13,1,IMUX34
BramTILE,13,1,RMUX46,BramTILE,13,1,IMUX34
BramTILE,13,1,RMUX48,BramTILE,13,1,IMUX34
BramTILE,13,1,RMUX54,BramTILE,13,1,IMUX34
BramTILE,13,1,RMUX76,BramTILE,13,1,IMUX34
BramTILE,13,1,RMUX82,BramTILE,13,1,IMUX34
LogicTILE,14,1,RMUX36,BramTILE,13,1,IMUX34
BramTILE,13,1,RMUX17,BramTILE,13,1,IMUX35
BramTILE,13,1,RMUX23,BramTILE,13,1,IMUX35
BramTILE,13,1,RMUX53,BramTILE,13,1,IMUX35
BramTILE,13,1,RMUX59,BramTILE,13,1,IMUX35
BramTILE,13,1,RMUX66,BramTILE,13,1,IMUX35
BramTILE,13,1,RMUX95,BramTILE,13,1,IMUX35
LogicTILE,14,1,RMUX90,BramTILE,13,1,IMUX35
BramTILE,13,1,RMUX40,BramTILE,13,1,IMUX36
BramTILE,13,1,RMUX46,BramTILE,13,1,IMUX36
BramTILE,13,1,RMUX82,BramTILE,13,1,IMUX36
LogicTILE,14,1,RMUX60,BramTILE,13,1,IMUX36
BramTILE,13,1,RMUX59,BramTILE,13,1,IMUX37
BramTILE,13,1,RMUX60,BramTILE,13,1,IMUX37
BramTILE,13,1,RMUX66,BramTILE,13,1,IMUX37
BramTILE,13,1,RMUX83,BramTILE,13,1,IMUX37
LogicTILE,14,1,RMUX66,BramTILE,13,1,IMUX37
BramTILE,13,1,RMUX04,BramTILE,13,1,IMUX38
BramTILE,13,1,RMUX10,BramTILE,13,1,IMUX38
BramTILE,13,1,RMUX40,BramTILE,13,1,IMUX38
BramTILE,13,1,RMUX46,BramTILE,13,1,IMUX38
BramTILE,13,1,RMUX48,BramTILE,13,1,IMUX38
BramTILE,13,1,RMUX54,BramTILE,13,1,IMUX38
BramTILE,13,1,RMUX58,BramTILE,13,1,IMUX38
BramTILE,13,1,RMUX70,BramTILE,13,1,IMUX38
LogicTILE,12,1,OMUX30,BramTILE,13,1,IMUX38
LogicTILE,14,1,RMUX60,BramTILE,13,1,IMUX38
BramTILE,13,1,RMUX05,BramTILE,13,1,IMUX39
BramTILE,13,1,RMUX11,BramTILE,13,1,IMUX39
BramTILE,13,1,RMUX41,BramTILE,13,1,IMUX39
BramTILE,13,1,RMUX47,BramTILE,13,1,IMUX39
BramTILE,13,1,RMUX53,BramTILE,13,1,IMUX39
BramTILE,13,1,RMUX59,BramTILE,13,1,IMUX39
BramTILE,13,1,RMUX60,BramTILE,13,1,IMUX39
BramTILE,13,1,RMUX71,BramTILE,13,1,IMUX39
BramTILE,13,1,RMUX77,BramTILE,13,1,IMUX39
BramTILE,13,1,RMUX10,BramTILE,13,1,IMUX40
BramTILE,13,1,RMUX40,BramTILE,13,1,IMUX40
BramTILE,13,1,RMUX46,BramTILE,13,1,IMUX40
BramTILE,13,1,RMUX48,BramTILE,13,1,IMUX40
BramTILE,13,1,RMUX52,BramTILE,13,1,IMUX40
BramTILE,13,1,RMUX54,BramTILE,13,1,IMUX40
BramTILE,13,1,RMUX58,BramTILE,13,1,IMUX40
BramTILE,13,1,RMUX70,BramTILE,13,1,IMUX40
BramTILE,13,1,RMUX29,BramTILE,13,1,IMUX41
BramTILE,13,1,RMUX60,BramTILE,13,1,IMUX41
BramTILE,13,1,RMUX66,BramTILE,13,1,IMUX41
LogicTILE,14,1,RMUX42,BramTILE,13,1,IMUX41
LogicTILE,14,1,RMUX66,BramTILE,13,1,IMUX41
BramTILE,13,1,RMUX10,BramTILE,13,1,IMUX42
BramTILE,13,1,RMUX28,BramTILE,13,1,IMUX42
BramTILE,13,1,RMUX34,BramTILE,13,1,IMUX42
BramTILE,13,1,RMUX54,BramTILE,13,1,IMUX42
BramTILE,13,1,RMUX88,BramTILE,13,1,IMUX42
BramTILE,13,1,RMUX94,BramTILE,13,1,IMUX42
LogicTILE,14,1,RMUX12,BramTILE,13,1,IMUX42
LogicTILE,14,1,RMUX36,BramTILE,13,1,IMUX42
LogicTILE,14,1,RMUX60,BramTILE,13,1,IMUX42
BramTILE,13,1,RMUX11,BramTILE,13,1,IMUX43
BramTILE,13,1,RMUX53,BramTILE,13,1,IMUX43
BramTILE,13,1,RMUX59,BramTILE,13,1,IMUX43
BramTILE,13,1,RMUX60,BramTILE,13,1,IMUX43
BramTILE,13,1,RMUX66,BramTILE,13,1,IMUX43
LogicTILE,14,1,RMUX90,BramTILE,13,1,IMUX43
BramTILE,13,1,RMUX04,BramTILE,13,1,IMUX44
BramTILE,13,1,RMUX10,BramTILE,13,1,IMUX44
BramTILE,13,1,RMUX40,BramTILE,13,1,IMUX44
BramTILE,13,1,RMUX46,BramTILE,13,1,IMUX44
BramTILE,13,1,RMUX48,BramTILE,13,1,IMUX44
BramTILE,13,1,RMUX52,BramTILE,13,1,IMUX44
BramTILE,13,1,RMUX54,BramTILE,13,1,IMUX44
BramTILE,13,1,RMUX70,BramTILE,13,1,IMUX44
BramTILE,13,1,RMUX76,BramTILE,13,1,IMUX44
LogicTILE,14,1,RMUX84,BramTILE,13,1,IMUX44
BramTILE,13,1,RMUX05,BramTILE,13,1,IMUX45
BramTILE,13,1,RMUX11,BramTILE,13,1,IMUX45
BramTILE,13,1,RMUX17,BramTILE,13,1,IMUX45
BramTILE,13,1,RMUX23,BramTILE,13,1,IMUX45
BramTILE,13,1,RMUX60,BramTILE,13,1,IMUX45
BramTILE,13,1,RMUX66,BramTILE,13,1,IMUX45
BramTILE,13,1,RMUX89,BramTILE,13,1,IMUX45
BramTILE,13,1,RMUX95,BramTILE,13,1,IMUX45
LogicTILE,12,1,OMUX09,BramTILE,13,1,IMUX45
LogicTILE,14,1,RMUX66,BramTILE,13,1,IMUX45
LogicTILE,14,1,RMUX90,BramTILE,13,1,IMUX45
BramTILE,13,1,RMUX04,BramTILE,13,1,IMUX46
BramTILE,13,1,RMUX16,BramTILE,13,1,IMUX46
BramTILE,13,1,RMUX22,BramTILE,13,1,IMUX46
BramTILE,13,1,RMUX48,BramTILE,13,1,IMUX46
BramTILE,13,1,RMUX54,BramTILE,13,1,IMUX46
BramTILE,13,1,RMUX70,BramTILE,13,1,IMUX46
BramTILE,13,1,RMUX82,BramTILE,13,1,IMUX46
BramTILE,13,1,RMUX94,BramTILE,13,1,IMUX46
LogicTILE,14,1,RMUX12,BramTILE,13,1,IMUX46
LogicTILE,14,1,RMUX36,BramTILE,13,1,IMUX46
BramTILE,13,1,RMUX05,BramTILE,13,1,IMUX47
BramTILE,13,1,RMUX17,BramTILE,13,1,IMUX47
BramTILE,13,1,RMUX23,BramTILE,13,1,IMUX47
BramTILE,13,1,RMUX29,BramTILE,13,1,IMUX47
BramTILE,13,1,RMUX35,BramTILE,13,1,IMUX47
BramTILE,13,1,RMUX89,BramTILE,13,1,IMUX47
BramTILE,13,1,RMUX95,BramTILE,13,1,IMUX47
LogicTILE,14,1,RMUX90,BramTILE,13,1,IMUX47
BramTILE,13,1,RMUX16,BramTILE,13,1,IMUX48
BramTILE,13,1,RMUX22,BramTILE,13,1,IMUX48
BramTILE,13,1,RMUX72,BramTILE,13,1,IMUX48
BramTILE,13,1,RMUX78,BramTILE,13,1,IMUX48
BramTILE,13,1,RMUX41,BramTILE,13,1,IMUX49
BramTILE,13,1,RMUX65,BramTILE,13,1,IMUX49
LogicTILE,14,1,RMUX18,BramTILE,13,1,IMUX49
BramTILE,13,1,RMUX52,BramTILE,13,1,IMUX50
BramTILE,13,1,RMUX58,BramTILE,13,1,IMUX50
BramTILE,13,1,RMUX17,BramTILE,13,1,IMUX51
BramTILE,13,1,RMUX23,BramTILE,13,1,IMUX51
BramTILE,13,1,RMUX47,BramTILE,13,1,IMUX51
BramTILE,13,1,RMUX59,BramTILE,13,1,IMUX51
BramTILE,13,1,RMUX65,BramTILE,13,1,IMUX51
BramTILE,13,1,RMUX71,BramTILE,13,1,IMUX51
BramTILE,13,1,RMUX83,BramTILE,13,1,IMUX51
BramTILE,13,1,RMUX84,BramTILE,13,1,IMUX51
BramTILE,13,1,RMUX89,BramTILE,13,1,IMUX51
LogicTILE,12,1,OMUX09,BramTILE,13,1,IMUX51
LogicTILE,12,1,OMUX33,BramTILE,13,1,IMUX51
BramTILE,13,1,RMUX04,BramTILE,13,1,IMUX52
BramTILE,13,1,RMUX10,BramTILE,13,1,IMUX52
BramTILE,13,1,RMUX22,BramTILE,13,1,IMUX52
BramTILE,13,1,RMUX40,BramTILE,13,1,IMUX52
BramTILE,13,1,RMUX46,BramTILE,13,1,IMUX52
BramTILE,13,1,RMUX64,BramTILE,13,1,IMUX52
BramTILE,13,1,RMUX70,BramTILE,13,1,IMUX52
BramTILE,13,1,RMUX72,BramTILE,13,1,IMUX52
LogicTILE,12,1,OMUX06,BramTILE,13,1,IMUX52
LogicTILE,12,1,OMUX18,BramTILE,13,1,IMUX52
LogicTILE,12,1,OMUX42,BramTILE,13,1,IMUX52
BramTILE,13,1,RMUX11,BramTILE,13,1,IMUX53
BramTILE,13,1,RMUX84,BramTILE,13,1,IMUX53
BramTILE,13,1,RMUX90,BramTILE,13,1,IMUX53
BramTILE,13,1,RMUX10,BramTILE,13,1,IMUX54
BramTILE,13,1,RMUX28,BramTILE,13,1,IMUX54
BramTILE,13,1,RMUX64,BramTILE,13,1,IMUX54
BramTILE,13,1,RMUX72,BramTILE,13,1,IMUX54
BramTILE,13,1,RMUX78,BramTILE,13,1,IMUX54
LogicTILE,14,1,RMUX36,BramTILE,13,1,IMUX54
BramTILE,13,1,RMUX29,BramTILE,13,1,IMUX55
BramTILE,13,1,RMUX35,BramTILE,13,1,IMUX55
BramTILE,13,1,RMUX59,BramTILE,13,1,IMUX55
BramTILE,13,1,RMUX84,BramTILE,13,1,IMUX55
BramTILE,13,1,RMUX89,BramTILE,13,1,IMUX55
BramTILE,13,1,RMUX90,BramTILE,13,1,IMUX55
BramTILE,13,1,RMUX95,BramTILE,13,1,IMUX55
LogicTILE,14,1,RMUX42,BramTILE,13,1,IMUX55
BramTILE,13,1,RMUX04,BramTILE,13,1,IMUX56
BramTILE,13,1,RMUX10,BramTILE,13,1,IMUX56
BramTILE,13,1,RMUX46,BramTILE,13,1,IMUX56
BramTILE,13,1,RMUX64,BramTILE,13,1,IMUX56
BramTILE,13,1,RMUX70,BramTILE,13,1,IMUX56
BramTILE,13,1,RMUX72,BramTILE,13,1,IMUX56
BramTILE,13,1,RMUX76,BramTILE,13,1,IMUX56
BramTILE,13,1,RMUX78,BramTILE,13,1,IMUX56
LogicTILE,14,1,RMUX12,BramTILE,13,1,IMUX56
LogicTILE,14,1,RMUX36,BramTILE,13,1,IMUX56
LogicTILE,14,1,RMUX60,BramTILE,13,1,IMUX56
BramTILE,13,1,RMUX05,BramTILE,13,1,IMUX57
BramTILE,13,1,RMUX11,BramTILE,13,1,IMUX57
BramTILE,13,1,RMUX29,BramTILE,13,1,IMUX57
BramTILE,13,1,RMUX65,BramTILE,13,1,IMUX57
BramTILE,13,1,RMUX77,BramTILE,13,1,IMUX57
BramTILE,13,1,RMUX83,BramTILE,13,1,IMUX57
BramTILE,13,1,RMUX84,BramTILE,13,1,IMUX57
BramTILE,13,1,RMUX90,BramTILE,13,1,IMUX57
LogicTILE,14,1,RMUX66,BramTILE,13,1,IMUX57
LogicTILE,14,1,RMUX90,BramTILE,13,1,IMUX57
BramTILE,13,1,RMUX16,BramTILE,13,1,IMUX58
BramTILE,13,1,RMUX22,BramTILE,13,1,IMUX58
BramTILE,13,1,RMUX40,BramTILE,13,1,IMUX58
BramTILE,13,1,RMUX46,BramTILE,13,1,IMUX58
BramTILE,13,1,RMUX72,BramTILE,13,1,IMUX58
BramTILE,13,1,RMUX76,BramTILE,13,1,IMUX58
BramTILE,13,1,RMUX78,BramTILE,13,1,IMUX58
BramTILE,13,1,RMUX82,BramTILE,13,1,IMUX58
LogicTILE,14,1,RMUX36,BramTILE,13,1,IMUX58
LogicTILE,14,1,RMUX60,BramTILE,13,1,IMUX58
BramTILE,13,1,RMUX23,BramTILE,13,1,IMUX59
BramTILE,13,1,RMUX47,BramTILE,13,1,IMUX59
BramTILE,13,1,RMUX77,BramTILE,13,1,IMUX59
BramTILE,13,1,RMUX83,BramTILE,13,1,IMUX59
BramTILE,13,1,RMUX84,BramTILE,13,1,IMUX59
BramTILE,13,1,RMUX90,BramTILE,13,1,IMUX59
LogicTILE,14,1,RMUX66,BramTILE,13,1,IMUX59
BramTILE,13,1,RMUX10,BramTILE,13,1,IMUX60
BramTILE,13,1,RMUX40,BramTILE,13,1,IMUX60
BramTILE,13,1,RMUX46,BramTILE,13,1,IMUX60
BramTILE,13,1,RMUX64,BramTILE,13,1,IMUX60
BramTILE,13,1,RMUX70,BramTILE,13,1,IMUX60
BramTILE,13,1,RMUX76,BramTILE,13,1,IMUX60
BramTILE,13,1,RMUX82,BramTILE,13,1,IMUX60
LogicTILE,14,1,RMUX84,BramTILE,13,1,IMUX60
BramTILE,13,1,RMUX05,BramTILE,13,1,IMUX61
BramTILE,13,1,RMUX11,BramTILE,13,1,IMUX61
BramTILE,13,1,RMUX29,BramTILE,13,1,IMUX61
BramTILE,13,1,RMUX35,BramTILE,13,1,IMUX61
BramTILE,13,1,RMUX41,BramTILE,13,1,IMUX61
BramTILE,13,1,RMUX59,BramTILE,13,1,IMUX61
BramTILE,13,1,RMUX65,BramTILE,13,1,IMUX61
BramTILE,13,1,RMUX71,BramTILE,13,1,IMUX61
BramTILE,13,1,RMUX84,BramTILE,13,1,IMUX61
LogicTILE,14,1,RMUX18,BramTILE,13,1,IMUX61
BramTILE,13,1,RMUX16,BramTILE,13,1,IMUX62
BramTILE,13,1,RMUX72,BramTILE,13,1,IMUX62
BramTILE,13,1,RMUX78,BramTILE,13,1,IMUX62
LogicTILE,14,1,RMUX12,BramTILE,13,1,IMUX62
BramTILE,13,1,RMUX05,BramTILE,13,1,IMUX63
BramTILE,13,1,RMUX11,BramTILE,13,1,IMUX63
BramTILE,13,1,RMUX29,BramTILE,13,1,IMUX63
BramTILE,13,1,RMUX41,BramTILE,13,1,IMUX63
BramTILE,13,1,RMUX47,BramTILE,13,1,IMUX63
BramTILE,13,1,RMUX65,BramTILE,13,1,IMUX63
BramTILE,13,1,RMUX71,BramTILE,13,1,IMUX63
BramTILE,13,1,RMUX90,BramTILE,13,1,IMUX63
LogicTILE,14,1,RMUX18,BramTILE,13,1,IMUX63
LogicTILE,14,1,RMUX90,BramTILE,13,1,IMUX63
BramTILE,13,2,RMUX73,BramTILE,13,1,RMUX00
BramTILE,13,3,RMUX73,BramTILE,13,1,RMUX00
BramTILE,13,4,RMUX25,BramTILE,13,1,RMUX00
BramTILE,13,4,RMUX73,BramTILE,13,1,RMUX00
LogicTILE,14,1,RMUX49,BramTILE,13,1,RMUX00
LogicTILE,15,1,RMUX49,BramTILE,13,1,RMUX00
LogicTILE,17,1,RMUX49,BramTILE,13,1,RMUX00
BramTILE,13,4,RMUX50,BramTILE,13,1,RMUX03
BramTILE,13,3,RMUX27,BramTILE,13,1,RMUX04
BramTILE,13,4,RMUX27,BramTILE,13,1,RMUX04
BramTILE,13,4,RMUX75,BramTILE,13,1,RMUX04
LogicTILE,14,1,RMUX03,BramTILE,13,1,RMUX04
LogicTILE,15,1,RMUX03,BramTILE,13,1,RMUX04
LogicTILE,16,1,RMUX03,BramTILE,13,1,RMUX04
LogicTILE,17,1,RMUX03,BramTILE,13,1,RMUX04
BramTILE,13,3,RMUX27,BramTILE,13,1,RMUX05
BramTILE,13,4,RMUX27,BramTILE,13,1,RMUX05
BramTILE,13,4,RMUX75,BramTILE,13,1,RMUX05
LogicTILE,14,1,RMUX03,BramTILE,13,1,RMUX05
LogicTILE,15,1,RMUX03,BramTILE,13,1,RMUX05
LogicTILE,16,1,RMUX03,BramTILE,13,1,RMUX05
LogicTILE,17,1,RMUX03,BramTILE,13,1,RMUX05
BramTILE,13,2,RMUX73,BramTILE,13,1,RMUX06
BramTILE,13,3,RMUX73,BramTILE,13,1,RMUX06
BramTILE,13,4,RMUX25,BramTILE,13,1,RMUX06
BramTILE,13,4,RMUX73,BramTILE,13,1,RMUX06
LogicTILE,15,1,RMUX49,BramTILE,13,1,RMUX06
LogicTILE,16,1,RMUX49,BramTILE,13,1,RMUX06
LogicTILE,17,1,RMUX49,BramTILE,13,1,RMUX06
BramTILE,13,1,RMUX73,BramTILE,13,1,RMUX07
BramTILE,13,2,RMUX73,BramTILE,13,1,RMUX07
BramTILE,13,3,RMUX73,BramTILE,13,1,RMUX07
BramTILE,13,4,RMUX73,BramTILE,13,1,RMUX07
LogicTILE,15,1,RMUX49,BramTILE,13,1,RMUX07
LogicTILE,16,1,RMUX49,BramTILE,13,1,RMUX07
LogicTILE,17,1,RMUX49,BramTILE,13,1,RMUX07
BramTILE,13,1,BufMUX16,BramTILE,13,1,RMUX08
BramTILE,13,1,BufMUX17,BramTILE,13,1,RMUX08
BramTILE,13,4,RMUX02,BramTILE,13,1,RMUX08
BramTILE,13,1,BufMUX19,BramTILE,13,1,RMUX09
LogicTILE,14,1,RMUX26,BramTILE,13,1,RMUX09
BramTILE,13,4,RMUX27,BramTILE,13,1,RMUX10
BramTILE,13,4,RMUX75,BramTILE,13,1,RMUX10
LogicTILE,12,1,RMUX51,BramTILE,13,1,RMUX10
LogicTILE,14,1,RMUX03,BramTILE,13,1,RMUX10
LogicTILE,15,1,RMUX03,BramTILE,13,1,RMUX10
LogicTILE,16,1,RMUX03,BramTILE,13,1,RMUX10
LogicTILE,17,1,RMUX03,BramTILE,13,1,RMUX10
BramTILE,13,3,RMUX27,BramTILE,13,1,RMUX11
BramTILE,13,4,RMUX27,BramTILE,13,1,RMUX11
BramTILE,13,4,RMUX75,BramTILE,13,1,RMUX11
LogicTILE,12,1,RMUX51,BramTILE,13,1,RMUX11
LogicTILE,14,1,RMUX03,BramTILE,13,1,RMUX11
LogicTILE,15,1,RMUX03,BramTILE,13,1,RMUX11
LogicTILE,16,1,RMUX03,BramTILE,13,1,RMUX11
LogicTILE,17,1,RMUX03,BramTILE,13,1,RMUX11
BramTILE,13,1,RMUX50,BramTILE,13,1,RMUX12
BramTILE,13,2,RMUX50,BramTILE,13,1,RMUX12
BramTILE,13,3,RMUX50,BramTILE,13,1,RMUX12
BramTILE,13,4,RMUX02,BramTILE,13,1,RMUX12
BramTILE,13,4,RMUX50,BramTILE,13,1,RMUX12
LogicTILE,14,1,RMUX26,BramTILE,13,1,RMUX12
LogicTILE,15,1,RMUX26,BramTILE,13,1,RMUX12
LogicTILE,16,1,RMUX26,BramTILE,13,1,RMUX12
LogicTILE,17,1,RMUX26,BramTILE,13,1,RMUX12
BramTILE,13,3,RMUX50,BramTILE,13,1,RMUX13
BramTILE,13,1,BufMUX18,BramTILE,13,1,RMUX14
BramTILE,13,1,BufMUX16,BramTILE,13,1,RMUX15
BramTILE,13,1,BufMUX17,BramTILE,13,1,RMUX15
BramTILE,13,3,RMUX73,BramTILE,13,1,RMUX16
BramTILE,13,4,RMUX73,BramTILE,13,1,RMUX16
LogicTILE,14,1,RMUX49,BramTILE,13,1,RMUX16
LogicTILE,15,1,RMUX49,BramTILE,13,1,RMUX16
LogicTILE,16,1,RMUX49,BramTILE,13,1,RMUX16
LogicTILE,17,1,RMUX49,BramTILE,13,1,RMUX16
BramTILE,13,1,RMUX73,BramTILE,13,1,RMUX17
BramTILE,13,2,RMUX73,BramTILE,13,1,RMUX17
BramTILE,13,3,RMUX73,BramTILE,13,1,RMUX17
LogicTILE,14,1,RMUX49,BramTILE,13,1,RMUX17
LogicTILE,15,1,RMUX49,BramTILE,13,1,RMUX17
LogicTILE,16,1,RMUX49,BramTILE,13,1,RMUX17
LogicTILE,17,1,RMUX49,BramTILE,13,1,RMUX17
BramTILE,13,3,RMUX50,BramTILE,13,1,RMUX18
BramTILE,13,4,RMUX02,BramTILE,13,1,RMUX18
BramTILE,13,4,RMUX50,BramTILE,13,1,RMUX18
LogicTILE,12,1,RMUX74,BramTILE,13,1,RMUX18
LogicTILE,14,1,RMUX26,BramTILE,13,1,RMUX18
LogicTILE,15,1,RMUX26,BramTILE,13,1,RMUX18
LogicTILE,16,1,RMUX26,BramTILE,13,1,RMUX18
BramTILE,13,2,RMUX50,BramTILE,13,1,RMUX19
BramTILE,13,3,RMUX50,BramTILE,13,1,RMUX19
BramTILE,13,4,RMUX50,BramTILE,13,1,RMUX19
LogicTILE,11,1,RMUX74,BramTILE,13,1,RMUX19
LogicTILE,12,1,RMUX74,BramTILE,13,1,RMUX19
LogicTILE,17,1,RMUX26,BramTILE,13,1,RMUX19
BramTILE,13,1,BufMUX19,BramTILE,13,1,RMUX20
BramTILE,13,4,RMUX27,BramTILE,13,1,RMUX21
BramTILE,13,2,RMUX73,BramTILE,13,1,RMUX22
BramTILE,13,3,RMUX73,BramTILE,13,1,RMUX22
BramTILE,13,4,RMUX73,BramTILE,13,1,RMUX22
LogicTILE,14,1,RMUX49,BramTILE,13,1,RMUX22
LogicTILE,15,1,RMUX49,BramTILE,13,1,RMUX22
LogicTILE,16,1,RMUX49,BramTILE,13,1,RMUX22
LogicTILE,17,1,RMUX49,BramTILE,13,1,RMUX22
BramTILE,13,2,RMUX73,BramTILE,13,1,RMUX23
BramTILE,13,3,RMUX73,BramTILE,13,1,RMUX23
BramTILE,13,4,RMUX25,BramTILE,13,1,RMUX23
BramTILE,13,4,RMUX73,BramTILE,13,1,RMUX23
LogicTILE,14,1,RMUX49,BramTILE,13,1,RMUX23
LogicTILE,15,1,RMUX49,BramTILE,13,1,RMUX23
LogicTILE,16,1,RMUX49,BramTILE,13,1,RMUX23
LogicTILE,17,1,RMUX49,BramTILE,13,1,RMUX23
BramTILE,13,2,RMUX07,BramTILE,13,1,RMUX24
BramTILE,13,3,RMUX07,BramTILE,13,1,RMUX24
BramTILE,13,4,RMUX55,BramTILE,13,1,RMUX24
LogicTILE,15,1,RMUX79,BramTILE,13,1,RMUX24
LogicTILE,16,1,RMUX79,BramTILE,13,1,RMUX24
LogicTILE,17,1,RMUX79,BramTILE,13,1,RMUX24
BramTILE,13,1,RMUX07,BramTILE,13,1,RMUX25
LogicTILE,9,1,RMUX31,BramTILE,13,1,RMUX25
LogicTILE,16,1,RMUX79,BramTILE,13,1,RMUX25
BramTILE,13,1,BufMUX21,BramTILE,13,1,RMUX26
BramTILE,13,1,BufMUX22,BramTILE,13,1,RMUX27
BramTILE,13,1,BufMUX23,BramTILE,13,1,RMUX27
BramTILE,13,4,RMUX09,BramTILE,13,1,RMUX28
LogicTILE,14,1,RMUX33,BramTILE,13,1,RMUX28
LogicTILE,15,1,RMUX33,BramTILE,13,1,RMUX28
LogicTILE,16,1,RMUX33,BramTILE,13,1,RMUX28
LogicTILE,17,1,RMUX33,BramTILE,13,1,RMUX28
BramTILE,13,2,RMUX57,BramTILE,13,1,RMUX29
BramTILE,13,3,RMUX57,BramTILE,13,1,RMUX29
BramTILE,13,4,RMUX09,BramTILE,13,1,RMUX29
LogicTILE,15,1,RMUX33,BramTILE,13,1,RMUX29
LogicTILE,16,1,RMUX33,BramTILE,13,1,RMUX29
LogicTILE,17,1,RMUX33,BramTILE,13,1,RMUX29
BramTILE,13,4,RMUX07,BramTILE,13,1,RMUX30
BramTILE,13,4,RMUX55,BramTILE,13,1,RMUX30
LogicTILE,14,1,RMUX79,BramTILE,13,1,RMUX30
LogicTILE,15,1,RMUX79,BramTILE,13,1,RMUX30
LogicTILE,16,1,RMUX79,BramTILE,13,1,RMUX30
LogicTILE,17,1,RMUX79,BramTILE,13,1,RMUX30
BramTILE,13,1,BufMUX20,BramTILE,13,1,RMUX32
LogicTILE,17,1,RMUX56,BramTILE,13,1,RMUX32
BramTILE,13,4,RMUX09,BramTILE,13,1,RMUX34
LogicTILE,14,1,RMUX33,BramTILE,13,1,RMUX34
LogicTILE,15,1,RMUX33,BramTILE,13,1,RMUX34
LogicTILE,16,1,RMUX33,BramTILE,13,1,RMUX34
LogicTILE,17,1,RMUX33,BramTILE,13,1,RMUX34
BramTILE,13,4,RMUX09,BramTILE,13,1,RMUX35
LogicTILE,14,1,RMUX33,BramTILE,13,1,RMUX35
LogicTILE,15,1,RMUX33,BramTILE,13,1,RMUX35
LogicTILE,16,1,RMUX33,BramTILE,13,1,RMUX35
LogicTILE,17,1,RMUX33,BramTILE,13,1,RMUX35
BramTILE,13,1,RMUX80,BramTILE,13,1,RMUX36
BramTILE,13,4,RMUX32,BramTILE,13,1,RMUX36
LogicTILE,14,1,RMUX56,BramTILE,13,1,RMUX36
LogicTILE,15,1,RMUX56,BramTILE,13,1,RMUX36
LogicTILE,16,1,RMUX56,BramTILE,13,1,RMUX36
LogicTILE,17,1,RMUX56,BramTILE,13,1,RMUX36
BramTILE,13,1,RMUX80,BramTILE,13,1,RMUX37
BramTILE,13,3,RMUX80,BramTILE,13,1,RMUX37
BramTILE,13,4,RMUX32,BramTILE,13,1,RMUX37
LogicTILE,12,1,RMUX08,BramTILE,13,1,RMUX37
LogicTILE,17,1,RMUX56,BramTILE,13,1,RMUX37
BramTILE,13,1,BufMUX23,BramTILE,13,1,RMUX38
BramTILE,13,1,BufMUX20,BramTILE,13,1,RMUX39
BramTILE,13,1,BufMUX21,BramTILE,13,1,RMUX39
LogicTILE,17,1,RMUX33,BramTILE,13,1,RMUX39
BramTILE,13,1,RMUX07,BramTILE,13,1,RMUX40
BramTILE,13,2,RMUX07,BramTILE,13,1,RMUX40
BramTILE,13,3,RMUX07,BramTILE,13,1,RMUX40
BramTILE,13,4,RMUX07,BramTILE,13,1,RMUX40
BramTILE,13,4,RMUX55,BramTILE,13,1,RMUX40
LogicTILE,15,1,RMUX79,BramTILE,13,1,RMUX40
LogicTILE,16,1,RMUX79,BramTILE,13,1,RMUX40
LogicTILE,17,1,RMUX79,BramTILE,13,1,RMUX40
BramTILE,13,1,RMUX07,BramTILE,13,1,RMUX41
BramTILE,13,3,RMUX07,BramTILE,13,1,RMUX41
BramTILE,13,4,RMUX07,BramTILE,13,1,RMUX41
LogicTILE,14,1,RMUX79,BramTILE,13,1,RMUX41
LogicTILE,16,1,RMUX79,BramTILE,13,1,RMUX41
LogicTILE,17,1,RMUX79,BramTILE,13,1,RMUX41
BramTILE,13,2,RMUX80,BramTILE,13,1,RMUX42
BramTILE,13,3,RMUX80,BramTILE,13,1,RMUX42
LogicTILE,14,1,RMUX56,BramTILE,13,1,RMUX42
LogicTILE,15,1,RMUX56,BramTILE,13,1,RMUX42
LogicTILE,16,1,RMUX56,BramTILE,13,1,RMUX42
LogicTILE,17,1,RMUX56,BramTILE,13,1,RMUX42
BramTILE,13,1,BufMUX22,BramTILE,13,1,RMUX44
BramTILE,13,1,BufMUX23,BramTILE,13,1,RMUX44
BramTILE,13,1,BufMUX20,BramTILE,13,1,RMUX45
BramTILE,13,1,BufMUX21,BramTILE,13,1,RMUX45
BramTILE,13,2,RMUX07,BramTILE,13,1,RMUX46
BramTILE,13,3,RMUX07,BramTILE,13,1,RMUX46
BramTILE,13,4,RMUX07,BramTILE,13,1,RMUX46
BramTILE,13,4,RMUX55,BramTILE,13,1,RMUX46
LogicTILE,10,1,RMUX31,BramTILE,13,1,RMUX46
LogicTILE,15,1,RMUX79,BramTILE,13,1,RMUX46
LogicTILE,16,1,RMUX79,BramTILE,13,1,RMUX46
LogicTILE,17,1,RMUX79,BramTILE,13,1,RMUX46
BramTILE,13,1,RMUX07,BramTILE,13,1,RMUX47
BramTILE,13,2,RMUX07,BramTILE,13,1,RMUX47
BramTILE,13,3,RMUX07,BramTILE,13,1,RMUX47
BramTILE,13,4,RMUX07,BramTILE,13,1,RMUX47
LogicTILE,14,1,RMUX79,BramTILE,13,1,RMUX47
LogicTILE,15,1,RMUX79,BramTILE,13,1,RMUX47
LogicTILE,16,1,RMUX79,BramTILE,13,1,RMUX47
BramTILE,13,1,RMUX37,BramTILE,13,1,RMUX48
BramTILE,13,3,RMUX37,BramTILE,13,1,RMUX48
BramTILE,13,4,RMUX85,BramTILE,13,1,RMUX48
LogicTILE,14,1,RMUX13,BramTILE,13,1,RMUX48
LogicTILE,15,1,RMUX13,BramTILE,13,1,RMUX48
LogicTILE,16,1,RMUX13,BramTILE,13,1,RMUX48
LogicTILE,17,1,RMUX13,BramTILE,13,1,RMUX48
BramTILE,13,1,BufMUX34,BramTILE,13,1,RMUX50
LogicTILE,14,1,RMUX86,BramTILE,13,1,RMUX50
BramTILE,13,4,RMUX39,BramTILE,13,1,RMUX52
BramTILE,13,4,RMUX87,BramTILE,13,1,RMUX52
LogicTILE,14,1,RMUX63,BramTILE,13,1,RMUX52
LogicTILE,15,1,RMUX63,BramTILE,13,1,RMUX52
LogicTILE,16,1,RMUX63,BramTILE,13,1,RMUX52
LogicTILE,17,1,RMUX63,BramTILE,13,1,RMUX52
BramTILE,13,3,RMUX87,BramTILE,13,1,RMUX53
BramTILE,13,4,RMUX39,BramTILE,13,1,RMUX53
LogicTILE,12,1,RMUX15,BramTILE,13,1,RMUX53
LogicTILE,15,1,RMUX63,BramTILE,13,1,RMUX53
LogicTILE,16,1,RMUX63,BramTILE,13,1,RMUX53
LogicTILE,17,1,RMUX63,BramTILE,13,1,RMUX53
BramTILE,13,1,RMUX37,BramTILE,13,1,RMUX54
BramTILE,13,4,RMUX85,BramTILE,13,1,RMUX54
LogicTILE,14,1,RMUX13,BramTILE,13,1,RMUX54
LogicTILE,15,1,RMUX13,BramTILE,13,1,RMUX54
LogicTILE,16,1,RMUX13,BramTILE,13,1,RMUX54
LogicTILE,17,1,RMUX13,BramTILE,13,1,RMUX54
BramTILE,13,1,RMUX37,BramTILE,13,1,RMUX55
BramTILE,13,4,RMUX37,BramTILE,13,1,RMUX55
LogicTILE,15,1,RMUX13,BramTILE,13,1,RMUX55
LogicTILE,16,1,RMUX13,BramTILE,13,1,RMUX55
LogicTILE,17,1,RMUX13,BramTILE,13,1,RMUX55
BramTILE,13,1,BufMUX34,BramTILE,13,1,RMUX57
BramTILE,13,2,RMUX14,BramTILE,13,1,RMUX57
BramTILE,13,3,RMUX14,BramTILE,13,1,RMUX57
LogicTILE,12,1,OMUX27,BramTILE,13,1,RMUX57
BramTILE,13,3,RMUX87,BramTILE,13,1,RMUX58
BramTILE,13,4,RMUX39,BramTILE,13,1,RMUX58
LogicTILE,14,1,RMUX63,BramTILE,13,1,RMUX58
LogicTILE,15,1,RMUX63,BramTILE,13,1,RMUX58
LogicTILE,16,1,RMUX63,BramTILE,13,1,RMUX58
LogicTILE,17,1,RMUX63,BramTILE,13,1,RMUX58
BramTILE,13,2,RMUX87,BramTILE,13,1,RMUX59
BramTILE,13,3,RMUX87,BramTILE,13,1,RMUX59
BramTILE,13,4,RMUX39,BramTILE,13,1,RMUX59
BramTILE,13,4,RMUX87,BramTILE,13,1,RMUX59
LogicTILE,15,1,RMUX63,BramTILE,13,1,RMUX59
LogicTILE,16,1,RMUX63,BramTILE,13,1,RMUX59
LogicTILE,17,1,RMUX63,BramTILE,13,1,RMUX59
BramTILE,13,3,RMUX14,BramTILE,13,1,RMUX60
LogicTILE,14,1,RMUX86,BramTILE,13,1,RMUX60
LogicTILE,15,1,RMUX86,BramTILE,13,1,RMUX60
LogicTILE,16,1,RMUX86,BramTILE,13,1,RMUX60
LogicTILE,17,1,RMUX86,BramTILE,13,1,RMUX60
BramTILE,13,4,RMUX62,BramTILE,13,1,RMUX61
LogicTILE,12,1,OMUX24,BramTILE,13,1,RMUX62
LogicTILE,14,1,RMUX63,BramTILE,13,1,RMUX62
LogicTILE,17,1,RMUX63,BramTILE,13,1,RMUX62
BramTILE,13,4,RMUX87,BramTILE,13,1,RMUX63
LogicTILE,17,1,RMUX63,BramTILE,13,1,RMUX63
BramTILE,13,1,RMUX37,BramTILE,13,1,RMUX64
BramTILE,13,2,RMUX37,BramTILE,13,1,RMUX64
BramTILE,13,3,RMUX37,BramTILE,13,1,RMUX64
BramTILE,13,4,RMUX37,BramTILE,13,1,RMUX64
BramTILE,13,4,RMUX85,BramTILE,13,1,RMUX64
LogicTILE,9,1,RMUX61,BramTILE,13,1,RMUX64
LogicTILE,12,1,RMUX61,BramTILE,13,1,RMUX64
LogicTILE,15,1,RMUX13,BramTILE,13,1,RMUX64
LogicTILE,16,1,RMUX13,BramTILE,13,1,RMUX64
LogicTILE,17,1,RMUX13,BramTILE,13,1,RMUX64
BramTILE,13,1,RMUX37,BramTILE,13,1,RMUX65
BramTILE,13,3,RMUX37,BramTILE,13,1,RMUX65
BramTILE,13,4,RMUX37,BramTILE,13,1,RMUX65
BramTILE,13,4,RMUX85,BramTILE,13,1,RMUX65
LogicTILE,14,1,RMUX13,BramTILE,13,1,RMUX65
LogicTILE,14,1,RMUX86,BramTILE,13,1,RMUX66
LogicTILE,15,1,RMUX86,BramTILE,13,1,RMUX66
LogicTILE,16,1,RMUX86,BramTILE,13,1,RMUX66
LogicTILE,17,1,RMUX86,BramTILE,13,1,RMUX66
BramTILE,13,4,RMUX14,BramTILE,13,1,RMUX67
BramTILE,13,4,RMUX62,BramTILE,13,1,RMUX67
LogicTILE,14,1,RMUX86,BramTILE,13,1,RMUX67
LogicTILE,15,1,RMUX86,BramTILE,13,1,RMUX67
LogicTILE,16,1,RMUX86,BramTILE,13,1,RMUX67
LogicTILE,14,1,RMUX63,BramTILE,13,1,RMUX69
LogicTILE,16,1,RMUX63,BramTILE,13,1,RMUX69
BramTILE,13,2,RMUX37,BramTILE,13,1,RMUX70
BramTILE,13,3,RMUX37,BramTILE,13,1,RMUX70
BramTILE,13,4,RMUX37,BramTILE,13,1,RMUX70
LogicTILE,12,1,RMUX61,BramTILE,13,1,RMUX70
LogicTILE,14,1,RMUX13,BramTILE,13,1,RMUX70
LogicTILE,15,1,RMUX13,BramTILE,13,1,RMUX70
LogicTILE,16,1,RMUX13,BramTILE,13,1,RMUX70
LogicTILE,17,1,RMUX13,BramTILE,13,1,RMUX70
BramTILE,13,2,RMUX37,BramTILE,13,1,RMUX71
BramTILE,13,3,RMUX37,BramTILE,13,1,RMUX71
BramTILE,13,4,RMUX85,BramTILE,13,1,RMUX71
LogicTILE,14,1,RMUX13,BramTILE,13,1,RMUX71
LogicTILE,15,1,RMUX13,BramTILE,13,1,RMUX71
LogicTILE,16,1,RMUX13,BramTILE,13,1,RMUX71
LogicTILE,17,1,RMUX13,BramTILE,13,1,RMUX71
BramTILE,13,2,RMUX67,BramTILE,13,1,RMUX72
BramTILE,13,3,RMUX67,BramTILE,13,1,RMUX72
BramTILE,13,4,RMUX19,BramTILE,13,1,RMUX72
LogicTILE,14,1,RMUX43,BramTILE,13,1,RMUX72
LogicTILE,15,1,RMUX43,BramTILE,13,1,RMUX72
LogicTILE,16,1,RMUX43,BramTILE,13,1,RMUX72
LogicTILE,17,1,RMUX43,BramTILE,13,1,RMUX72
BramTILE,13,2,RMUX67,BramTILE,13,1,RMUX73
BramTILE,13,4,RMUX19,BramTILE,13,1,RMUX73
BramTILE,13,4,RMUX67,BramTILE,13,1,RMUX73
LogicTILE,12,1,RMUX91,BramTILE,13,1,RMUX73
LogicTILE,14,1,RMUX43,BramTILE,13,1,RMUX73
LogicTILE,15,1,RMUX43,BramTILE,13,1,RMUX73
BramTILE,13,1,RMUX44,BramTILE,13,1,RMUX74
BramTILE,13,2,RMUX44,BramTILE,13,1,RMUX75
LogicTILE,14,1,RMUX20,BramTILE,13,1,RMUX75
LogicTILE,16,1,RMUX20,BramTILE,13,1,RMUX75
BramTILE,13,2,RMUX21,BramTILE,13,1,RMUX76
BramTILE,13,3,RMUX21,BramTILE,13,1,RMUX76
BramTILE,13,4,RMUX21,BramTILE,13,1,RMUX76
LogicTILE,14,1,RMUX93,BramTILE,13,1,RMUX76
LogicTILE,15,1,RMUX93,BramTILE,13,1,RMUX76
LogicTILE,16,1,RMUX93,BramTILE,13,1,RMUX76
LogicTILE,17,1,RMUX93,BramTILE,13,1,RMUX76
BramTILE,13,4,RMUX21,BramTILE,13,1,RMUX77
BramTILE,13,4,RMUX69,BramTILE,13,1,RMUX77
LogicTILE,14,1,RMUX93,BramTILE,13,1,RMUX77
LogicTILE,15,1,RMUX93,BramTILE,13,1,RMUX77
LogicTILE,16,1,RMUX93,BramTILE,13,1,RMUX77
LogicTILE,17,1,RMUX93,BramTILE,13,1,RMUX77
BramTILE,13,3,RMUX67,BramTILE,13,1,RMUX78
BramTILE,13,4,RMUX19,BramTILE,13,1,RMUX78
LogicTILE,12,1,RMUX91,BramTILE,13,1,RMUX78
LogicTILE,15,1,RMUX43,BramTILE,13,1,RMUX78
LogicTILE,16,1,RMUX43,BramTILE,13,1,RMUX78
LogicTILE,17,1,RMUX43,BramTILE,13,1,RMUX78
LogicTILE,16,1,RMUX20,BramTILE,13,1,RMUX80
LogicTILE,17,1,RMUX20,BramTILE,13,1,RMUX80
BramTILE,13,2,RMUX21,BramTILE,13,1,RMUX82
BramTILE,13,3,RMUX21,BramTILE,13,1,RMUX82
BramTILE,13,4,RMUX21,BramTILE,13,1,RMUX82
LogicTILE,14,1,RMUX93,BramTILE,13,1,RMUX82
LogicTILE,15,1,RMUX93,BramTILE,13,1,RMUX82
LogicTILE,16,1,RMUX93,BramTILE,13,1,RMUX82
LogicTILE,17,1,RMUX93,BramTILE,13,1,RMUX82
BramTILE,13,2,RMUX21,BramTILE,13,1,RMUX83
BramTILE,13,3,RMUX21,BramTILE,13,1,RMUX83
BramTILE,13,4,RMUX69,BramTILE,13,1,RMUX83
LogicTILE,12,1,OMUX36,BramTILE,13,1,RMUX83
LogicTILE,14,1,RMUX93,BramTILE,13,1,RMUX83
LogicTILE,15,1,RMUX93,BramTILE,13,1,RMUX83
LogicTILE,16,1,RMUX93,BramTILE,13,1,RMUX83
LogicTILE,17,1,RMUX93,BramTILE,13,1,RMUX83
BramTILE,13,2,RMUX44,BramTILE,13,1,RMUX84
BramTILE,13,3,RMUX44,BramTILE,13,1,RMUX84
BramTILE,13,4,RMUX92,BramTILE,13,1,RMUX84
LogicTILE,14,1,RMUX20,BramTILE,13,1,RMUX84
LogicTILE,15,1,RMUX20,BramTILE,13,1,RMUX84
LogicTILE,16,1,RMUX20,BramTILE,13,1,RMUX84
LogicTILE,17,1,RMUX20,BramTILE,13,1,RMUX84
BramTILE,13,2,RMUX44,BramTILE,13,1,RMUX85
LogicTILE,12,1,RMUX68,BramTILE,13,1,RMUX85
LogicTILE,14,1,RMUX20,BramTILE,13,1,RMUX85
LogicTILE,15,1,RMUX20,BramTILE,13,1,RMUX85
LogicTILE,16,1,RMUX20,BramTILE,13,1,RMUX85
LogicTILE,17,1,RMUX20,BramTILE,13,1,RMUX85
BramTILE,13,2,RMUX21,BramTILE,13,1,RMUX87
BramTILE,13,3,RMUX21,BramTILE,13,1,RMUX87
LogicTILE,15,1,RMUX93,BramTILE,13,1,RMUX87
LogicTILE,17,1,RMUX93,BramTILE,13,1,RMUX87
BramTILE,13,2,RMUX67,BramTILE,13,1,RMUX88
BramTILE,13,3,RMUX67,BramTILE,13,1,RMUX88
BramTILE,13,4,RMUX19,BramTILE,13,1,RMUX88
LogicTILE,14,1,RMUX43,BramTILE,13,1,RMUX88
LogicTILE,17,1,RMUX43,BramTILE,13,1,RMUX88
BramTILE,13,2,RMUX67,BramTILE,13,1,RMUX89
BramTILE,13,3,RMUX67,BramTILE,13,1,RMUX89
BramTILE,13,4,RMUX19,BramTILE,13,1,RMUX89
LogicTILE,11,1,RMUX91,BramTILE,13,1,RMUX89
LogicTILE,12,1,RMUX91,BramTILE,13,1,RMUX89
LogicTILE,14,1,RMUX43,BramTILE,13,1,RMUX89
LogicTILE,15,1,RMUX43,BramTILE,13,1,RMUX89
LogicTILE,16,1,RMUX43,BramTILE,13,1,RMUX89
LogicTILE,17,1,RMUX43,BramTILE,13,1,RMUX89
BramTILE,13,4,RMUX92,BramTILE,13,1,RMUX90
LogicTILE,14,1,RMUX20,BramTILE,13,1,RMUX90
LogicTILE,15,1,RMUX20,BramTILE,13,1,RMUX90
LogicTILE,16,1,RMUX20,BramTILE,13,1,RMUX90
LogicTILE,17,1,RMUX20,BramTILE,13,1,RMUX90
LogicTILE,17,1,RMUX93,BramTILE,13,1,RMUX92
LogicTILE,17,1,RMUX93,BramTILE,13,1,RMUX93
BramTILE,13,4,RMUX19,BramTILE,13,1,RMUX94
BramTILE,13,4,RMUX67,BramTILE,13,1,RMUX94
LogicTILE,12,1,RMUX91,BramTILE,13,1,RMUX94
LogicTILE,14,1,RMUX43,BramTILE,13,1,RMUX94
LogicTILE,15,1,RMUX43,BramTILE,13,1,RMUX94
LogicTILE,17,1,RMUX43,BramTILE,13,1,RMUX94
BramTILE,13,2,RMUX67,BramTILE,13,1,RMUX95
BramTILE,13,3,RMUX67,BramTILE,13,1,RMUX95
BramTILE,13,4,RMUX19,BramTILE,13,1,RMUX95
BramTILE,13,4,RMUX67,BramTILE,13,1,RMUX95
LogicTILE,12,1,RMUX91,BramTILE,13,1,RMUX95
LogicTILE,14,1,RMUX43,BramTILE,13,1,RMUX95
LogicTILE,15,1,RMUX43,BramTILE,13,1,RMUX95
LogicTILE,16,1,RMUX43,BramTILE,13,1,RMUX95
LogicTILE,17,1,RMUX43,BramTILE,13,1,RMUX95
BramTILE,13,2,RMUX00,BramTILE,13,2,IMUX00
BramTILE,13,2,RMUX04,BramTILE,13,2,IMUX00
BramTILE,13,2,RMUX06,BramTILE,13,2,IMUX00
BramTILE,13,2,RMUX10,BramTILE,13,2,IMUX00
BramTILE,13,2,RMUX28,BramTILE,13,2,IMUX00
BramTILE,13,2,RMUX46,BramTILE,13,2,IMUX00
BramTILE,13,2,RMUX70,BramTILE,13,2,IMUX00
BramTILE,13,2,RMUX76,BramTILE,13,2,IMUX00
BramTILE,13,2,RMUX82,BramTILE,13,2,IMUX00
LogicTILE,14,2,RMUX00,BramTILE,13,2,IMUX00
LogicTILE,14,2,RMUX24,BramTILE,13,2,IMUX00
LogicTILE,14,2,RMUX72,BramTILE,13,2,IMUX00
BramTILE,13,2,RMUX05,BramTILE,13,2,IMUX01
BramTILE,13,2,RMUX12,BramTILE,13,2,IMUX01
BramTILE,13,2,RMUX18,BramTILE,13,2,IMUX01
BramTILE,13,2,RMUX29,BramTILE,13,2,IMUX01
BramTILE,13,2,RMUX41,BramTILE,13,2,IMUX01
BramTILE,13,2,RMUX47,BramTILE,13,2,IMUX01
BramTILE,13,2,RMUX53,BramTILE,13,2,IMUX01
BramTILE,13,2,RMUX59,BramTILE,13,2,IMUX01
BramTILE,13,2,RMUX65,BramTILE,13,2,IMUX01
BramTILE,13,2,RMUX95,BramTILE,13,2,IMUX01
LogicTILE,12,2,OMUX15,BramTILE,13,2,IMUX01
LogicTILE,14,2,RMUX54,BramTILE,13,2,IMUX01
BramTILE,13,2,RMUX04,BramTILE,13,2,IMUX02
BramTILE,13,2,RMUX06,BramTILE,13,2,IMUX02
BramTILE,13,2,RMUX10,BramTILE,13,2,IMUX02
BramTILE,13,2,RMUX28,BramTILE,13,2,IMUX02
BramTILE,13,2,RMUX40,BramTILE,13,2,IMUX02
BramTILE,13,2,RMUX46,BramTILE,13,2,IMUX02
BramTILE,13,2,RMUX58,BramTILE,13,2,IMUX02
BramTILE,13,2,RMUX70,BramTILE,13,2,IMUX02
LogicTILE,14,2,RMUX24,BramTILE,13,2,IMUX02
BramTILE,13,2,RMUX05,BramTILE,13,2,IMUX03
BramTILE,13,2,RMUX11,BramTILE,13,2,IMUX03
BramTILE,13,2,RMUX12,BramTILE,13,2,IMUX03
BramTILE,13,2,RMUX41,BramTILE,13,2,IMUX03
BramTILE,13,2,RMUX47,BramTILE,13,2,IMUX03
BramTILE,13,2,RMUX65,BramTILE,13,2,IMUX03
BramTILE,13,2,RMUX71,BramTILE,13,2,IMUX03
BramTILE,13,2,RMUX77,BramTILE,13,2,IMUX03
BramTILE,13,2,RMUX83,BramTILE,13,2,IMUX03
BramTILE,13,2,RMUX00,BramTILE,13,2,IMUX04
BramTILE,13,2,RMUX06,BramTILE,13,2,IMUX04
BramTILE,13,2,RMUX16,BramTILE,13,2,IMUX04
BramTILE,13,2,RMUX28,BramTILE,13,2,IMUX04
BramTILE,13,2,RMUX34,BramTILE,13,2,IMUX04
BramTILE,13,2,RMUX46,BramTILE,13,2,IMUX04
BramTILE,13,2,RMUX58,BramTILE,13,2,IMUX04
BramTILE,13,2,RMUX94,BramTILE,13,2,IMUX04
LogicTILE,14,2,RMUX00,BramTILE,13,2,IMUX04
LogicTILE,14,2,RMUX30,BramTILE,13,2,IMUX05
BramTILE,13,2,RMUX28,BramTILE,13,2,IMUX06
BramTILE,13,2,RMUX34,BramTILE,13,2,IMUX06
BramTILE,13,2,RMUX88,BramTILE,13,2,IMUX06
BramTILE,13,2,RMUX94,BramTILE,13,2,IMUX06
LogicTILE,12,2,OMUX12,BramTILE,13,2,IMUX06
LogicTILE,14,2,RMUX48,BramTILE,13,2,IMUX06
BramTILE,13,2,RMUX12,BramTILE,13,2,IMUX07
BramTILE,13,2,RMUX18,BramTILE,13,2,IMUX07
BramTILE,13,2,RMUX65,BramTILE,13,2,IMUX07
LogicTILE,12,2,OMUX03,BramTILE,13,2,IMUX07
LogicTILE,12,2,OMUX15,BramTILE,13,2,IMUX07
LogicTILE,12,2,OMUX39,BramTILE,13,2,IMUX07
LogicTILE,14,2,RMUX54,BramTILE,13,2,IMUX07
BramTILE,13,2,RMUX40,BramTILE,13,2,IMUX08
BramTILE,13,2,RMUX58,BramTILE,13,2,IMUX08
LogicTILE,14,2,RMUX48,BramTILE,13,2,IMUX08
LogicTILE,14,2,RMUX72,BramTILE,13,2,IMUX08
BramTILE,13,2,RMUX12,BramTILE,13,2,IMUX09
BramTILE,13,2,RMUX18,BramTILE,13,2,IMUX09
BramTILE,13,2,RMUX35,BramTILE,13,2,IMUX09
BramTILE,13,2,RMUX41,BramTILE,13,2,IMUX09
BramTILE,13,2,RMUX77,BramTILE,13,2,IMUX09
BramTILE,13,2,RMUX83,BramTILE,13,2,IMUX09
LogicTILE,14,2,RMUX78,BramTILE,13,2,IMUX09
BramTILE,13,2,RMUX00,BramTILE,13,2,IMUX10
BramTILE,13,2,RMUX06,BramTILE,13,2,IMUX10
BramTILE,13,2,RMUX46,BramTILE,13,2,IMUX10
BramTILE,13,2,RMUX76,BramTILE,13,2,IMUX10
LogicTILE,14,2,RMUX00,BramTILE,13,2,IMUX10
BramTILE,13,2,RMUX05,BramTILE,13,2,IMUX11
BramTILE,13,2,RMUX12,BramTILE,13,2,IMUX11
BramTILE,13,2,RMUX18,BramTILE,13,2,IMUX11
BramTILE,13,2,RMUX41,BramTILE,13,2,IMUX11
BramTILE,13,2,RMUX47,BramTILE,13,2,IMUX11
BramTILE,13,2,RMUX77,BramTILE,13,2,IMUX11
BramTILE,13,2,RMUX83,BramTILE,13,2,IMUX11
LogicTILE,14,2,RMUX06,BramTILE,13,2,IMUX11
LogicTILE,14,2,RMUX78,BramTILE,13,2,IMUX11
BramTILE,13,2,RMUX00,BramTILE,13,2,IMUX12
BramTILE,13,2,RMUX06,BramTILE,13,2,IMUX12
BramTILE,13,2,RMUX64,BramTILE,13,2,IMUX12
BramTILE,13,2,RMUX76,BramTILE,13,2,IMUX12
BramTILE,13,2,RMUX82,BramTILE,13,2,IMUX12
LogicTILE,12,2,OMUX12,BramTILE,13,2,IMUX12
LogicTILE,12,2,OMUX24,BramTILE,13,2,IMUX12
LogicTILE,14,2,RMUX00,BramTILE,13,2,IMUX12
BramTILE,13,2,RMUX11,BramTILE,13,2,IMUX13
BramTILE,13,2,RMUX12,BramTILE,13,2,IMUX13
BramTILE,13,2,RMUX17,BramTILE,13,2,IMUX13
BramTILE,13,2,RMUX18,BramTILE,13,2,IMUX13
BramTILE,13,2,RMUX23,BramTILE,13,2,IMUX13
BramTILE,13,2,RMUX47,BramTILE,13,2,IMUX13
BramTILE,13,2,RMUX89,BramTILE,13,2,IMUX13
BramTILE,13,2,RMUX95,BramTILE,13,2,IMUX13
LogicTILE,14,2,RMUX54,BramTILE,13,2,IMUX13
BramTILE,13,2,RMUX06,BramTILE,13,2,IMUX14
BramTILE,13,2,RMUX28,BramTILE,13,2,IMUX14
BramTILE,13,2,RMUX34,BramTILE,13,2,IMUX14
BramTILE,13,2,RMUX88,BramTILE,13,2,IMUX14
BramTILE,13,2,RMUX94,BramTILE,13,2,IMUX14
LogicTILE,12,2,OMUX24,BramTILE,13,2,IMUX14
BramTILE,13,2,RMUX41,BramTILE,13,2,IMUX15
BramTILE,13,2,RMUX47,BramTILE,13,2,IMUX15
LogicTILE,14,2,RMUX06,BramTILE,13,2,IMUX15
BramTILE,13,2,RMUX04,BramTILE,13,2,IMUX16
BramTILE,13,2,RMUX10,BramTILE,13,2,IMUX16
BramTILE,13,2,RMUX24,BramTILE,13,2,IMUX16
BramTILE,13,2,RMUX30,BramTILE,13,2,IMUX16
BramTILE,13,2,RMUX40,BramTILE,13,2,IMUX16
BramTILE,13,2,RMUX46,BramTILE,13,2,IMUX16
BramTILE,13,2,RMUX52,BramTILE,13,2,IMUX16
BramTILE,13,2,RMUX94,BramTILE,13,2,IMUX16
LogicTILE,12,2,OMUX00,BramTILE,13,2,IMUX16
BramTILE,13,2,RMUX05,BramTILE,13,2,IMUX17
BramTILE,13,2,RMUX11,BramTILE,13,2,IMUX17
BramTILE,13,2,RMUX23,BramTILE,13,2,IMUX17
BramTILE,13,2,RMUX29,BramTILE,13,2,IMUX17
BramTILE,13,2,RMUX36,BramTILE,13,2,IMUX17
BramTILE,13,2,RMUX42,BramTILE,13,2,IMUX17
BramTILE,13,2,RMUX53,BramTILE,13,2,IMUX17
BramTILE,13,2,RMUX83,BramTILE,13,2,IMUX17
BramTILE,13,2,RMUX95,BramTILE,13,2,IMUX17
LogicTILE,14,2,RMUX06,BramTILE,13,2,IMUX17
LogicTILE,14,2,RMUX54,BramTILE,13,2,IMUX17
LogicTILE,14,2,RMUX78,BramTILE,13,2,IMUX17
BramTILE,13,2,RMUX24,BramTILE,13,2,IMUX18
BramTILE,13,2,RMUX28,BramTILE,13,2,IMUX18
BramTILE,13,2,RMUX34,BramTILE,13,2,IMUX18
BramTILE,13,2,RMUX70,BramTILE,13,2,IMUX18
BramTILE,13,2,RMUX76,BramTILE,13,2,IMUX18
BramTILE,13,2,RMUX82,BramTILE,13,2,IMUX18
BramTILE,13,2,RMUX88,BramTILE,13,2,IMUX18
BramTILE,13,2,RMUX94,BramTILE,13,2,IMUX18
LogicTILE,12,2,OMUX00,BramTILE,13,2,IMUX18
LogicTILE,14,2,RMUX48,BramTILE,13,2,IMUX18
LogicTILE,14,2,RMUX72,BramTILE,13,2,IMUX18
BramTILE,13,2,RMUX36,BramTILE,13,2,IMUX19
BramTILE,13,2,RMUX42,BramTILE,13,2,IMUX19
BramTILE,13,2,RMUX53,BramTILE,13,2,IMUX19
BramTILE,13,2,RMUX59,BramTILE,13,2,IMUX19
BramTILE,13,2,RMUX71,BramTILE,13,2,IMUX19
LogicTILE,12,2,OMUX15,BramTILE,13,2,IMUX19
LogicTILE,12,2,OMUX39,BramTILE,13,2,IMUX19
LogicTILE,14,2,RMUX54,BramTILE,13,2,IMUX19
LogicTILE,14,2,RMUX78,BramTILE,13,2,IMUX19
BramTILE,13,2,RMUX04,BramTILE,13,2,IMUX20
BramTILE,13,2,RMUX24,BramTILE,13,2,IMUX20
BramTILE,13,2,RMUX30,BramTILE,13,2,IMUX20
BramTILE,13,2,RMUX40,BramTILE,13,2,IMUX20
BramTILE,13,2,RMUX64,BramTILE,13,2,IMUX20
BramTILE,13,2,RMUX70,BramTILE,13,2,IMUX20
LogicTILE,12,2,OMUX36,BramTILE,13,2,IMUX20
LogicTILE,14,2,RMUX00,BramTILE,13,2,IMUX20
LogicTILE,14,2,RMUX72,BramTILE,13,2,IMUX20
BramTILE,13,2,RMUX17,BramTILE,13,2,IMUX21
BramTILE,13,2,RMUX23,BramTILE,13,2,IMUX21
BramTILE,13,2,RMUX35,BramTILE,13,2,IMUX21
BramTILE,13,2,RMUX36,BramTILE,13,2,IMUX21
BramTILE,13,2,RMUX42,BramTILE,13,2,IMUX21
BramTILE,13,2,RMUX65,BramTILE,13,2,IMUX21
BramTILE,13,2,RMUX89,BramTILE,13,2,IMUX21
BramTILE,13,2,RMUX95,BramTILE,13,2,IMUX21
BramTILE,13,2,RMUX16,BramTILE,13,2,IMUX22
BramTILE,13,2,RMUX22,BramTILE,13,2,IMUX22
BramTILE,13,2,RMUX24,BramTILE,13,2,IMUX22
BramTILE,13,2,RMUX28,BramTILE,13,2,IMUX22
BramTILE,13,2,RMUX30,BramTILE,13,2,IMUX22
BramTILE,13,2,RMUX34,BramTILE,13,2,IMUX22
BramTILE,13,2,RMUX88,BramTILE,13,2,IMUX22
LogicTILE,12,2,OMUX12,BramTILE,13,2,IMUX22
LogicTILE,12,2,OMUX36,BramTILE,13,2,IMUX22
LogicTILE,14,2,RMUX00,BramTILE,13,2,IMUX22
LogicTILE,14,2,RMUX72,BramTILE,13,2,IMUX22
BramTILE,13,2,RMUX05,BramTILE,13,2,IMUX23
BramTILE,13,2,RMUX11,BramTILE,13,2,IMUX23
BramTILE,13,2,RMUX17,BramTILE,13,2,IMUX23
BramTILE,13,2,RMUX23,BramTILE,13,2,IMUX23
BramTILE,13,2,RMUX36,BramTILE,13,2,IMUX23
BramTILE,13,2,RMUX41,BramTILE,13,2,IMUX23
BramTILE,13,2,RMUX42,BramTILE,13,2,IMUX23
BramTILE,13,2,RMUX47,BramTILE,13,2,IMUX23
BramTILE,13,2,RMUX65,BramTILE,13,2,IMUX23
BramTILE,13,2,RMUX95,BramTILE,13,2,IMUX23
BramTILE,13,2,RMUX52,BramTILE,13,2,IMUX24
BramTILE,13,2,RMUX94,BramTILE,13,2,IMUX24
LogicTILE,14,2,RMUX24,BramTILE,13,2,IMUX24
BramTILE,13,2,RMUX05,BramTILE,13,2,IMUX25
BramTILE,13,2,RMUX11,BramTILE,13,2,IMUX25
BramTILE,13,2,RMUX23,BramTILE,13,2,IMUX25
BramTILE,13,2,RMUX29,BramTILE,13,2,IMUX25
BramTILE,13,2,RMUX36,BramTILE,13,2,IMUX25
BramTILE,13,2,RMUX41,BramTILE,13,2,IMUX25
BramTILE,13,2,RMUX42,BramTILE,13,2,IMUX25
BramTILE,13,2,RMUX47,BramTILE,13,2,IMUX25
BramTILE,13,2,RMUX59,BramTILE,13,2,IMUX25
BramTILE,13,2,RMUX65,BramTILE,13,2,IMUX25
BramTILE,13,2,RMUX71,BramTILE,13,2,IMUX25
BramTILE,13,2,RMUX89,BramTILE,13,2,IMUX25
BramTILE,13,2,RMUX95,BramTILE,13,2,IMUX25
BramTILE,13,2,RMUX04,BramTILE,13,2,IMUX26
BramTILE,13,2,RMUX10,BramTILE,13,2,IMUX26
BramTILE,13,2,RMUX24,BramTILE,13,2,IMUX26
BramTILE,13,2,RMUX30,BramTILE,13,2,IMUX26
BramTILE,13,2,RMUX46,BramTILE,13,2,IMUX26
BramTILE,13,2,RMUX52,BramTILE,13,2,IMUX26
BramTILE,13,2,RMUX58,BramTILE,13,2,IMUX26
BramTILE,13,2,RMUX64,BramTILE,13,2,IMUX26
BramTILE,13,2,RMUX70,BramTILE,13,2,IMUX26
BramTILE,13,2,RMUX76,BramTILE,13,2,IMUX26
BramTILE,13,2,RMUX82,BramTILE,13,2,IMUX26
BramTILE,13,2,RMUX29,BramTILE,13,2,IMUX27
BramTILE,13,2,RMUX35,BramTILE,13,2,IMUX27
BramTILE,13,2,RMUX36,BramTILE,13,2,IMUX27
BramTILE,13,2,RMUX42,BramTILE,13,2,IMUX27
BramTILE,13,2,RMUX83,BramTILE,13,2,IMUX27
BramTILE,13,2,RMUX89,BramTILE,13,2,IMUX27
BramTILE,13,2,RMUX95,BramTILE,13,2,IMUX27
LogicTILE,12,2,OMUX03,BramTILE,13,2,IMUX27
BramTILE,13,2,RMUX24,BramTILE,13,2,IMUX28
BramTILE,13,2,RMUX28,BramTILE,13,2,IMUX28
BramTILE,13,2,RMUX34,BramTILE,13,2,IMUX28
BramTILE,13,2,RMUX52,BramTILE,13,2,IMUX28
BramTILE,13,2,RMUX76,BramTILE,13,2,IMUX28
BramTILE,13,2,RMUX82,BramTILE,13,2,IMUX28
BramTILE,13,2,RMUX88,BramTILE,13,2,IMUX28
BramTILE,13,2,RMUX94,BramTILE,13,2,IMUX28
LogicTILE,12,2,OMUX00,BramTILE,13,2,IMUX28
LogicTILE,14,2,RMUX48,BramTILE,13,2,IMUX28
LogicTILE,14,2,RMUX72,BramTILE,13,2,IMUX28
BramTILE,13,2,RMUX05,BramTILE,13,2,IMUX29
BramTILE,13,2,RMUX11,BramTILE,13,2,IMUX29
BramTILE,13,2,RMUX36,BramTILE,13,2,IMUX29
BramTILE,13,2,RMUX42,BramTILE,13,2,IMUX29
BramTILE,13,2,RMUX53,BramTILE,13,2,IMUX29
BramTILE,13,2,RMUX59,BramTILE,13,2,IMUX29
BramTILE,13,2,RMUX65,BramTILE,13,2,IMUX29
BramTILE,13,2,RMUX83,BramTILE,13,2,IMUX29
LogicTILE,12,2,OMUX15,BramTILE,13,2,IMUX29
LogicTILE,14,2,RMUX78,BramTILE,13,2,IMUX29
BramTILE,13,2,RMUX04,BramTILE,13,2,IMUX30
BramTILE,13,2,RMUX10,BramTILE,13,2,IMUX30
BramTILE,13,2,RMUX24,BramTILE,13,2,IMUX30
BramTILE,13,2,RMUX30,BramTILE,13,2,IMUX30
BramTILE,13,2,RMUX40,BramTILE,13,2,IMUX30
BramTILE,13,2,RMUX52,BramTILE,13,2,IMUX30
BramTILE,13,2,RMUX58,BramTILE,13,2,IMUX30
BramTILE,13,2,RMUX64,BramTILE,13,2,IMUX30
BramTILE,13,2,RMUX76,BramTILE,13,2,IMUX30
BramTILE,13,2,RMUX82,BramTILE,13,2,IMUX30
LogicTILE,12,2,OMUX36,BramTILE,13,2,IMUX30
BramTILE,13,2,RMUX41,BramTILE,13,2,IMUX31
BramTILE,13,2,RMUX65,BramTILE,13,2,IMUX31
BramTILE,13,2,RMUX71,BramTILE,13,2,IMUX31
BramTILE,13,2,RMUX95,BramTILE,13,2,IMUX31
LogicTILE,12,2,OMUX15,BramTILE,13,2,IMUX31
LogicTILE,12,2,OMUX39,BramTILE,13,2,IMUX31
BramTILE,13,2,RMUX48,BramTILE,13,2,IMUX32
BramTILE,13,2,RMUX52,BramTILE,13,2,IMUX32
BramTILE,13,2,RMUX54,BramTILE,13,2,IMUX32
BramTILE,13,2,RMUX64,BramTILE,13,2,IMUX32
BramTILE,13,2,RMUX70,BramTILE,13,2,IMUX32
LogicTILE,12,2,OMUX06,BramTILE,13,2,IMUX32
LogicTILE,12,2,OMUX30,BramTILE,13,2,IMUX32
BramTILE,13,2,RMUX05,BramTILE,13,2,IMUX33
BramTILE,13,2,RMUX41,BramTILE,13,2,IMUX33
BramTILE,13,2,RMUX47,BramTILE,13,2,IMUX33
BramTILE,13,2,RMUX53,BramTILE,13,2,IMUX33
LogicTILE,14,2,RMUX42,BramTILE,13,2,IMUX33
LogicTILE,14,2,RMUX90,BramTILE,13,2,IMUX33
BramTILE,13,2,RMUX04,BramTILE,13,2,IMUX34
BramTILE,13,2,RMUX16,BramTILE,13,2,IMUX34
BramTILE,13,2,RMUX22,BramTILE,13,2,IMUX34
BramTILE,13,2,RMUX28,BramTILE,13,2,IMUX34
BramTILE,13,2,RMUX46,BramTILE,13,2,IMUX34
BramTILE,13,2,RMUX48,BramTILE,13,2,IMUX34
BramTILE,13,2,RMUX64,BramTILE,13,2,IMUX34
LogicTILE,14,2,RMUX36,BramTILE,13,2,IMUX34
BramTILE,13,2,RMUX17,BramTILE,13,2,IMUX35
BramTILE,13,2,RMUX29,BramTILE,13,2,IMUX35
BramTILE,13,2,RMUX35,BramTILE,13,2,IMUX35
BramTILE,13,2,RMUX89,BramTILE,13,2,IMUX35
BramTILE,13,2,RMUX95,BramTILE,13,2,IMUX35
BramTILE,13,2,RMUX16,BramTILE,13,2,IMUX36
BramTILE,13,2,RMUX28,BramTILE,13,2,IMUX36
BramTILE,13,2,RMUX40,BramTILE,13,2,IMUX36
BramTILE,13,2,RMUX46,BramTILE,13,2,IMUX36
BramTILE,13,2,RMUX54,BramTILE,13,2,IMUX36
BramTILE,13,2,RMUX88,BramTILE,13,2,IMUX36
LogicTILE,14,2,RMUX60,BramTILE,13,2,IMUX36
BramTILE,13,2,RMUX29,BramTILE,13,2,IMUX37
BramTILE,13,2,RMUX53,BramTILE,13,2,IMUX37
BramTILE,13,2,RMUX60,BramTILE,13,2,IMUX37
BramTILE,13,2,RMUX66,BramTILE,13,2,IMUX37
BramTILE,13,2,RMUX04,BramTILE,13,2,IMUX38
BramTILE,13,2,RMUX34,BramTILE,13,2,IMUX38
BramTILE,13,2,RMUX40,BramTILE,13,2,IMUX38
BramTILE,13,2,RMUX46,BramTILE,13,2,IMUX38
BramTILE,13,2,RMUX48,BramTILE,13,2,IMUX38
BramTILE,13,2,RMUX54,BramTILE,13,2,IMUX38
BramTILE,13,2,RMUX58,BramTILE,13,2,IMUX38
BramTILE,13,2,RMUX70,BramTILE,13,2,IMUX38
LogicTILE,14,2,RMUX36,BramTILE,13,2,IMUX38
BramTILE,13,2,RMUX17,BramTILE,13,2,IMUX39
BramTILE,13,2,RMUX35,BramTILE,13,2,IMUX39
BramTILE,13,2,RMUX41,BramTILE,13,2,IMUX39
BramTILE,13,2,RMUX53,BramTILE,13,2,IMUX39
BramTILE,13,2,RMUX59,BramTILE,13,2,IMUX39
BramTILE,13,2,RMUX65,BramTILE,13,2,IMUX39
BramTILE,13,2,RMUX66,BramTILE,13,2,IMUX39
BramTILE,13,2,RMUX71,BramTILE,13,2,IMUX39
LogicTILE,12,2,OMUX09,BramTILE,13,2,IMUX39
LogicTILE,14,2,RMUX42,BramTILE,13,2,IMUX39
BramTILE,13,2,RMUX10,BramTILE,13,2,IMUX40
BramTILE,13,2,RMUX40,BramTILE,13,2,IMUX40
BramTILE,13,2,RMUX46,BramTILE,13,2,IMUX40
BramTILE,13,2,RMUX48,BramTILE,13,2,IMUX40
BramTILE,13,2,RMUX52,BramTILE,13,2,IMUX40
BramTILE,13,2,RMUX54,BramTILE,13,2,IMUX40
BramTILE,13,2,RMUX58,BramTILE,13,2,IMUX40
LogicTILE,12,2,OMUX06,BramTILE,13,2,IMUX40
BramTILE,13,2,RMUX60,BramTILE,13,2,IMUX41
BramTILE,13,2,RMUX66,BramTILE,13,2,IMUX41
BramTILE,13,2,RMUX83,BramTILE,13,2,IMUX41
LogicTILE,14,2,RMUX42,BramTILE,13,2,IMUX41
LogicTILE,14,2,RMUX66,BramTILE,13,2,IMUX41
BramTILE,13,2,RMUX28,BramTILE,13,2,IMUX42
BramTILE,13,2,RMUX34,BramTILE,13,2,IMUX42
BramTILE,13,2,RMUX64,BramTILE,13,2,IMUX42
BramTILE,13,2,RMUX76,BramTILE,13,2,IMUX42
BramTILE,13,2,RMUX88,BramTILE,13,2,IMUX42
BramTILE,13,2,RMUX94,BramTILE,13,2,IMUX42
LogicTILE,14,2,RMUX36,BramTILE,13,2,IMUX42
LogicTILE,14,2,RMUX60,BramTILE,13,2,IMUX42
BramTILE,13,2,RMUX53,BramTILE,13,2,IMUX43
BramTILE,13,2,RMUX59,BramTILE,13,2,IMUX43
BramTILE,13,2,RMUX60,BramTILE,13,2,IMUX43
BramTILE,13,2,RMUX65,BramTILE,13,2,IMUX43
BramTILE,13,2,RMUX66,BramTILE,13,2,IMUX43
LogicTILE,14,2,RMUX42,BramTILE,13,2,IMUX43
LogicTILE,14,2,RMUX90,BramTILE,13,2,IMUX43
BramTILE,13,2,RMUX04,BramTILE,13,2,IMUX44
BramTILE,13,2,RMUX10,BramTILE,13,2,IMUX44
BramTILE,13,2,RMUX40,BramTILE,13,2,IMUX44
BramTILE,13,2,RMUX48,BramTILE,13,2,IMUX44
BramTILE,13,2,RMUX52,BramTILE,13,2,IMUX44
BramTILE,13,2,RMUX54,BramTILE,13,2,IMUX44
BramTILE,13,2,RMUX58,BramTILE,13,2,IMUX44
LogicTILE,14,2,RMUX84,BramTILE,13,2,IMUX44
BramTILE,13,2,RMUX17,BramTILE,13,2,IMUX45
BramTILE,13,2,RMUX23,BramTILE,13,2,IMUX45
BramTILE,13,2,RMUX29,BramTILE,13,2,IMUX45
BramTILE,13,2,RMUX41,BramTILE,13,2,IMUX45
BramTILE,13,2,RMUX47,BramTILE,13,2,IMUX45
BramTILE,13,2,RMUX59,BramTILE,13,2,IMUX45
BramTILE,13,2,RMUX60,BramTILE,13,2,IMUX45
BramTILE,13,2,RMUX66,BramTILE,13,2,IMUX45
LogicTILE,14,2,RMUX42,BramTILE,13,2,IMUX45
BramTILE,13,2,RMUX04,BramTILE,13,2,IMUX46
BramTILE,13,2,RMUX10,BramTILE,13,2,IMUX46
BramTILE,13,2,RMUX16,BramTILE,13,2,IMUX46
BramTILE,13,2,RMUX22,BramTILE,13,2,IMUX46
BramTILE,13,2,RMUX48,BramTILE,13,2,IMUX46
BramTILE,13,2,RMUX54,BramTILE,13,2,IMUX46
BramTILE,13,2,RMUX70,BramTILE,13,2,IMUX46
BramTILE,13,2,RMUX82,BramTILE,13,2,IMUX46
LogicTILE,14,2,RMUX12,BramTILE,13,2,IMUX46
LogicTILE,14,2,RMUX36,BramTILE,13,2,IMUX46
BramTILE,13,2,RMUX05,BramTILE,13,2,IMUX47
BramTILE,13,2,RMUX11,BramTILE,13,2,IMUX47
BramTILE,13,2,RMUX17,BramTILE,13,2,IMUX47
BramTILE,13,2,RMUX23,BramTILE,13,2,IMUX47
BramTILE,13,2,RMUX35,BramTILE,13,2,IMUX47
BramTILE,13,2,RMUX41,BramTILE,13,2,IMUX47
BramTILE,13,2,RMUX47,BramTILE,13,2,IMUX47
BramTILE,13,2,RMUX59,BramTILE,13,2,IMUX47
BramTILE,13,2,RMUX71,BramTILE,13,2,IMUX47
BramTILE,13,2,RMUX04,BramTILE,13,2,IMUX48
BramTILE,13,2,RMUX16,BramTILE,13,2,IMUX48
BramTILE,13,2,RMUX22,BramTILE,13,2,IMUX48
BramTILE,13,2,RMUX40,BramTILE,13,2,IMUX48
BramTILE,13,2,RMUX52,BramTILE,13,2,IMUX48
BramTILE,13,2,RMUX70,BramTILE,13,2,IMUX48
BramTILE,13,2,RMUX72,BramTILE,13,2,IMUX48
BramTILE,13,2,RMUX78,BramTILE,13,2,IMUX48
LogicTILE,14,2,RMUX12,BramTILE,13,2,IMUX48
BramTILE,13,2,RMUX41,BramTILE,13,2,IMUX49
BramTILE,13,2,RMUX65,BramTILE,13,2,IMUX49
LogicTILE,14,2,RMUX18,BramTILE,13,2,IMUX49
BramTILE,13,2,RMUX52,BramTILE,13,2,IMUX50
BramTILE,13,2,RMUX58,BramTILE,13,2,IMUX50
BramTILE,13,2,RMUX72,BramTILE,13,2,IMUX50
BramTILE,13,2,RMUX76,BramTILE,13,2,IMUX50
BramTILE,13,2,RMUX82,BramTILE,13,2,IMUX50
LogicTILE,14,2,RMUX60,BramTILE,13,2,IMUX50
BramTILE,13,2,RMUX41,BramTILE,13,2,IMUX51
BramTILE,13,2,RMUX47,BramTILE,13,2,IMUX51
BramTILE,13,2,RMUX71,BramTILE,13,2,IMUX51
BramTILE,13,2,RMUX77,BramTILE,13,2,IMUX51
BramTILE,13,2,RMUX83,BramTILE,13,2,IMUX51
BramTILE,13,2,RMUX84,BramTILE,13,2,IMUX51
BramTILE,13,2,RMUX89,BramTILE,13,2,IMUX51
BramTILE,13,2,RMUX90,BramTILE,13,2,IMUX51
LogicTILE,14,2,RMUX42,BramTILE,13,2,IMUX51
LogicTILE,14,2,RMUX66,BramTILE,13,2,IMUX51
BramTILE,13,2,RMUX04,BramTILE,13,2,IMUX52
BramTILE,13,2,RMUX22,BramTILE,13,2,IMUX52
BramTILE,13,2,RMUX40,BramTILE,13,2,IMUX52
BramTILE,13,2,RMUX52,BramTILE,13,2,IMUX52
BramTILE,13,2,RMUX58,BramTILE,13,2,IMUX52
BramTILE,13,2,RMUX64,BramTILE,13,2,IMUX52
BramTILE,13,2,RMUX70,BramTILE,13,2,IMUX52
BramTILE,13,2,RMUX72,BramTILE,13,2,IMUX52
BramTILE,13,2,RMUX05,BramTILE,13,2,IMUX53
BramTILE,13,2,RMUX35,BramTILE,13,2,IMUX53
BramTILE,13,2,RMUX84,BramTILE,13,2,IMUX53
BramTILE,13,2,RMUX90,BramTILE,13,2,IMUX53
BramTILE,13,2,RMUX10,BramTILE,13,2,IMUX54
BramTILE,13,2,RMUX64,BramTILE,13,2,IMUX54
BramTILE,13,2,RMUX72,BramTILE,13,2,IMUX54
BramTILE,13,2,RMUX78,BramTILE,13,2,IMUX54
LogicTILE,12,2,OMUX06,BramTILE,13,2,IMUX54
LogicTILE,12,2,OMUX18,BramTILE,13,2,IMUX54
LogicTILE,14,2,RMUX36,BramTILE,13,2,IMUX54
BramTILE,13,2,RMUX29,BramTILE,13,2,IMUX55
BramTILE,13,2,RMUX35,BramTILE,13,2,IMUX55
BramTILE,13,2,RMUX53,BramTILE,13,2,IMUX55
BramTILE,13,2,RMUX84,BramTILE,13,2,IMUX55
BramTILE,13,2,RMUX89,BramTILE,13,2,IMUX55
BramTILE,13,2,RMUX95,BramTILE,13,2,IMUX55
LogicTILE,14,2,RMUX42,BramTILE,13,2,IMUX55
BramTILE,13,2,RMUX22,BramTILE,13,2,IMUX56
BramTILE,13,2,RMUX52,BramTILE,13,2,IMUX56
BramTILE,13,2,RMUX58,BramTILE,13,2,IMUX56
BramTILE,13,2,RMUX64,BramTILE,13,2,IMUX56
BramTILE,13,2,RMUX70,BramTILE,13,2,IMUX56
BramTILE,13,2,RMUX72,BramTILE,13,2,IMUX56
BramTILE,13,2,RMUX76,BramTILE,13,2,IMUX56
BramTILE,13,2,RMUX78,BramTILE,13,2,IMUX56
LogicTILE,12,2,OMUX18,BramTILE,13,2,IMUX56
LogicTILE,14,2,RMUX36,BramTILE,13,2,IMUX56
LogicTILE,14,2,RMUX60,BramTILE,13,2,IMUX56
LogicTILE,14,2,RMUX84,BramTILE,13,2,IMUX56
BramTILE,13,2,RMUX05,BramTILE,13,2,IMUX57
BramTILE,13,2,RMUX11,BramTILE,13,2,IMUX57
BramTILE,13,2,RMUX53,BramTILE,13,2,IMUX57
BramTILE,13,2,RMUX65,BramTILE,13,2,IMUX57
BramTILE,13,2,RMUX71,BramTILE,13,2,IMUX57
BramTILE,13,2,RMUX77,BramTILE,13,2,IMUX57
BramTILE,13,2,RMUX83,BramTILE,13,2,IMUX57
BramTILE,13,2,RMUX90,BramTILE,13,2,IMUX57
LogicTILE,12,2,OMUX21,BramTILE,13,2,IMUX57
LogicTILE,14,2,RMUX42,BramTILE,13,2,IMUX57
LogicTILE,14,2,RMUX66,BramTILE,13,2,IMUX57
LogicTILE,14,2,RMUX90,BramTILE,13,2,IMUX57
BramTILE,13,2,RMUX04,BramTILE,13,2,IMUX58
BramTILE,13,2,RMUX16,BramTILE,13,2,IMUX58
BramTILE,13,2,RMUX22,BramTILE,13,2,IMUX58
BramTILE,13,2,RMUX28,BramTILE,13,2,IMUX58
BramTILE,13,2,RMUX40,BramTILE,13,2,IMUX58
BramTILE,13,2,RMUX46,BramTILE,13,2,IMUX58
BramTILE,13,2,RMUX58,BramTILE,13,2,IMUX58
BramTILE,13,2,RMUX64,BramTILE,13,2,IMUX58
BramTILE,13,2,RMUX72,BramTILE,13,2,IMUX58
BramTILE,13,2,RMUX78,BramTILE,13,2,IMUX58
BramTILE,13,2,RMUX82,BramTILE,13,2,IMUX58
LogicTILE,14,2,RMUX36,BramTILE,13,2,IMUX58
LogicTILE,14,2,RMUX60,BramTILE,13,2,IMUX58
BramTILE,13,2,RMUX05,BramTILE,13,2,IMUX59
BramTILE,13,2,RMUX23,BramTILE,13,2,IMUX59
BramTILE,13,2,RMUX47,BramTILE,13,2,IMUX59
BramTILE,13,2,RMUX59,BramTILE,13,2,IMUX59
BramTILE,13,2,RMUX65,BramTILE,13,2,IMUX59
BramTILE,13,2,RMUX84,BramTILE,13,2,IMUX59
BramTILE,13,2,RMUX90,BramTILE,13,2,IMUX59
BramTILE,13,2,RMUX95,BramTILE,13,2,IMUX59
LogicTILE,12,2,OMUX21,BramTILE,13,2,IMUX59
LogicTILE,14,2,RMUX66,BramTILE,13,2,IMUX59
BramTILE,13,2,RMUX40,BramTILE,13,2,IMUX60
BramTILE,13,2,RMUX46,BramTILE,13,2,IMUX60
BramTILE,13,2,RMUX64,BramTILE,13,2,IMUX60
BramTILE,13,2,RMUX76,BramTILE,13,2,IMUX60
BramTILE,13,2,RMUX78,BramTILE,13,2,IMUX60
LogicTILE,14,2,RMUX84,BramTILE,13,2,IMUX60
BramTILE,13,2,RMUX05,BramTILE,13,2,IMUX61
BramTILE,13,2,RMUX11,BramTILE,13,2,IMUX61
BramTILE,13,2,RMUX71,BramTILE,13,2,IMUX61
BramTILE,13,2,RMUX77,BramTILE,13,2,IMUX61
BramTILE,13,2,RMUX83,BramTILE,13,2,IMUX61
BramTILE,13,2,RMUX84,BramTILE,13,2,IMUX61
BramTILE,13,2,RMUX95,BramTILE,13,2,IMUX61
LogicTILE,12,2,OMUX21,BramTILE,13,2,IMUX61
LogicTILE,14,2,RMUX18,BramTILE,13,2,IMUX61
BramTILE,13,2,RMUX22,BramTILE,13,2,IMUX62
BramTILE,13,2,RMUX78,BramTILE,13,2,IMUX62
LogicTILE,14,2,RMUX12,BramTILE,13,2,IMUX62
BramTILE,13,2,RMUX11,BramTILE,13,2,IMUX63
BramTILE,13,2,RMUX41,BramTILE,13,2,IMUX63
BramTILE,13,2,RMUX47,BramTILE,13,2,IMUX63
BramTILE,13,2,RMUX65,BramTILE,13,2,IMUX63
BramTILE,13,2,RMUX71,BramTILE,13,2,IMUX63
BramTILE,13,2,RMUX77,BramTILE,13,2,IMUX63
BramTILE,13,2,RMUX83,BramTILE,13,2,IMUX63
BramTILE,13,2,RMUX84,BramTILE,13,2,IMUX63
BramTILE,13,2,RMUX90,BramTILE,13,2,IMUX63
LogicTILE,14,2,RMUX18,BramTILE,13,2,IMUX63
LogicTILE,14,2,RMUX66,BramTILE,13,2,IMUX63
BramTILE,13,4,RMUX25,BramTILE,13,2,RMUX00
BramTILE,13,4,RMUX73,BramTILE,13,2,RMUX00
LogicTILE,15,2,RMUX49,BramTILE,13,2,RMUX00
LogicTILE,17,2,RMUX49,BramTILE,13,2,RMUX00
BramTILE,13,3,RMUX50,BramTILE,13,2,RMUX02
LogicTILE,9,2,RMUX74,BramTILE,13,2,RMUX02
LogicTILE,17,2,RMUX26,BramTILE,13,2,RMUX03
BramTILE,13,3,RMUX27,BramTILE,13,2,RMUX04
BramTILE,13,3,RMUX75,BramTILE,13,2,RMUX04
BramTILE,13,4,RMUX75,BramTILE,13,2,RMUX04
LogicTILE,12,2,RMUX51,BramTILE,13,2,RMUX04
LogicTILE,14,2,RMUX03,BramTILE,13,2,RMUX04
LogicTILE,15,2,RMUX03,BramTILE,13,2,RMUX04
LogicTILE,16,2,RMUX03,BramTILE,13,2,RMUX04
LogicTILE,17,2,RMUX03,BramTILE,13,2,RMUX04
BramTILE,13,3,RMUX27,BramTILE,13,2,RMUX05
BramTILE,13,3,RMUX75,BramTILE,13,2,RMUX05
BramTILE,13,4,RMUX75,BramTILE,13,2,RMUX05
LogicTILE,14,2,RMUX03,BramTILE,13,2,RMUX05
LogicTILE,15,2,RMUX03,BramTILE,13,2,RMUX05
LogicTILE,16,2,RMUX03,BramTILE,13,2,RMUX05
LogicTILE,17,2,RMUX03,BramTILE,13,2,RMUX05
BramTILE,13,2,RMUX73,BramTILE,13,2,RMUX06
BramTILE,13,3,RMUX25,BramTILE,13,2,RMUX06
BramTILE,13,3,RMUX73,BramTILE,13,2,RMUX06
BramTILE,13,4,RMUX25,BramTILE,13,2,RMUX06
BramTILE,13,4,RMUX73,BramTILE,13,2,RMUX06
LogicTILE,15,2,RMUX49,BramTILE,13,2,RMUX06
LogicTILE,17,2,RMUX49,BramTILE,13,2,RMUX06
LogicTILE,9,2,RMUX01,BramTILE,13,2,RMUX07
LogicTILE,14,2,RMUX49,BramTILE,13,2,RMUX07
LogicTILE,15,2,RMUX49,BramTILE,13,2,RMUX07
LogicTILE,17,2,RMUX49,BramTILE,13,2,RMUX07
BramTILE,13,2,BufMUX16,BramTILE,13,2,RMUX08
BramTILE,13,2,BufMUX17,BramTILE,13,2,RMUX08
BramTILE,13,4,RMUX02,BramTILE,13,2,RMUX08
BramTILE,13,4,RMUX50,BramTILE,13,2,RMUX08
BramTILE,13,2,BufMUX19,BramTILE,13,2,RMUX09
BramTILE,13,1,RMUX75,BramTILE,13,2,RMUX10
BramTILE,13,4,RMUX27,BramTILE,13,2,RMUX10
LogicTILE,14,2,RMUX03,BramTILE,13,2,RMUX10
LogicTILE,15,2,RMUX03,BramTILE,13,2,RMUX10
LogicTILE,16,2,RMUX03,BramTILE,13,2,RMUX10
LogicTILE,17,2,RMUX03,BramTILE,13,2,RMUX10
BramTILE,13,3,RMUX27,BramTILE,13,2,RMUX11
BramTILE,13,4,RMUX27,BramTILE,13,2,RMUX11
BramTILE,13,4,RMUX75,BramTILE,13,2,RMUX11
LogicTILE,14,2,RMUX03,BramTILE,13,2,RMUX11
LogicTILE,15,2,RMUX03,BramTILE,13,2,RMUX11
LogicTILE,16,2,RMUX03,BramTILE,13,2,RMUX11
LogicTILE,17,2,RMUX03,BramTILE,13,2,RMUX11
BramTILE,13,3,RMUX50,BramTILE,13,2,RMUX12
BramTILE,13,4,RMUX02,BramTILE,13,2,RMUX12
LogicTILE,12,2,RMUX74,BramTILE,13,2,RMUX12
LogicTILE,14,2,RMUX26,BramTILE,13,2,RMUX12
LogicTILE,15,2,RMUX26,BramTILE,13,2,RMUX12
LogicTILE,16,2,RMUX26,BramTILE,13,2,RMUX12
LogicTILE,17,2,RMUX26,BramTILE,13,2,RMUX12
BramTILE,13,4,RMUX50,BramTILE,13,2,RMUX13
LogicTILE,17,2,RMUX26,BramTILE,13,2,RMUX13
BramTILE,13,2,BufMUX18,BramTILE,13,2,RMUX14
LogicTILE,15,2,RMUX03,BramTILE,13,2,RMUX14
BramTILE,13,2,BufMUX16,BramTILE,13,2,RMUX15
BramTILE,13,2,BufMUX17,BramTILE,13,2,RMUX15
BramTILE,13,3,RMUX73,BramTILE,13,2,RMUX16
BramTILE,13,4,RMUX73,BramTILE,13,2,RMUX16
LogicTILE,14,2,RMUX49,BramTILE,13,2,RMUX16
LogicTILE,15,2,RMUX49,BramTILE,13,2,RMUX16
LogicTILE,16,2,RMUX49,BramTILE,13,2,RMUX16
LogicTILE,17,2,RMUX49,BramTILE,13,2,RMUX16
BramTILE,13,1,RMUX25,BramTILE,13,2,RMUX17
BramTILE,13,1,RMUX73,BramTILE,13,2,RMUX17
BramTILE,13,4,RMUX73,BramTILE,13,2,RMUX17
LogicTILE,14,2,RMUX49,BramTILE,13,2,RMUX17
LogicTILE,15,2,RMUX49,BramTILE,13,2,RMUX17
LogicTILE,16,2,RMUX49,BramTILE,13,2,RMUX17
LogicTILE,17,2,RMUX49,BramTILE,13,2,RMUX17
BramTILE,13,3,RMUX50,BramTILE,13,2,RMUX18
BramTILE,13,4,RMUX02,BramTILE,13,2,RMUX18
BramTILE,13,4,RMUX50,BramTILE,13,2,RMUX18
LogicTILE,12,2,RMUX74,BramTILE,13,2,RMUX18
LogicTILE,15,2,RMUX26,BramTILE,13,2,RMUX18
LogicTILE,16,2,RMUX26,BramTILE,13,2,RMUX18
LogicTILE,17,2,RMUX26,BramTILE,13,2,RMUX18
BramTILE,13,3,RMUX50,BramTILE,13,2,RMUX19
BramTILE,13,4,RMUX50,BramTILE,13,2,RMUX19
LogicTILE,9,2,RMUX74,BramTILE,13,2,RMUX19
LogicTILE,14,2,RMUX26,BramTILE,13,2,RMUX19
LogicTILE,15,2,RMUX26,BramTILE,13,2,RMUX19
LogicTILE,16,2,RMUX26,BramTILE,13,2,RMUX19
LogicTILE,17,2,RMUX26,BramTILE,13,2,RMUX19
BramTILE,13,2,BufMUX18,BramTILE,13,2,RMUX20
BramTILE,13,2,BufMUX19,BramTILE,13,2,RMUX20
LogicTILE,14,2,RMUX03,BramTILE,13,2,RMUX21
LogicTILE,16,2,RMUX03,BramTILE,13,2,RMUX21
LogicTILE,17,2,RMUX03,BramTILE,13,2,RMUX21
BramTILE,13,3,RMUX25,BramTILE,13,2,RMUX22
BramTILE,13,3,RMUX73,BramTILE,13,2,RMUX22
BramTILE,13,4,RMUX73,BramTILE,13,2,RMUX22
LogicTILE,14,2,RMUX49,BramTILE,13,2,RMUX22
LogicTILE,15,2,RMUX49,BramTILE,13,2,RMUX22
LogicTILE,16,2,RMUX49,BramTILE,13,2,RMUX22
LogicTILE,17,2,RMUX49,BramTILE,13,2,RMUX22
BramTILE,13,3,RMUX73,BramTILE,13,2,RMUX23
LogicTILE,14,2,RMUX49,BramTILE,13,2,RMUX23
LogicTILE,15,2,RMUX49,BramTILE,13,2,RMUX23
LogicTILE,16,2,RMUX49,BramTILE,13,2,RMUX23
BramTILE,13,1,RMUX55,BramTILE,13,2,RMUX24
BramTILE,13,4,RMUX55,BramTILE,13,2,RMUX24
LogicTILE,14,2,RMUX79,BramTILE,13,2,RMUX24
LogicTILE,15,2,RMUX79,BramTILE,13,2,RMUX24
LogicTILE,16,2,RMUX79,BramTILE,13,2,RMUX24
LogicTILE,17,2,RMUX79,BramTILE,13,2,RMUX24
BramTILE,13,3,RMUX07,BramTILE,13,2,RMUX25
LogicTILE,14,2,RMUX79,BramTILE,13,2,RMUX25
LogicTILE,15,2,RMUX79,BramTILE,13,2,RMUX25
BramTILE,13,2,BufMUX22,BramTILE,13,2,RMUX27
BramTILE,13,3,RMUX57,BramTILE,13,2,RMUX28
BramTILE,13,4,RMUX09,BramTILE,13,2,RMUX28
LogicTILE,12,2,RMUX81,BramTILE,13,2,RMUX28
LogicTILE,14,2,RMUX33,BramTILE,13,2,RMUX28
LogicTILE,15,2,RMUX33,BramTILE,13,2,RMUX28
LogicTILE,16,2,RMUX33,BramTILE,13,2,RMUX28
LogicTILE,17,2,RMUX33,BramTILE,13,2,RMUX28
BramTILE,13,3,RMUX57,BramTILE,13,2,RMUX29
LogicTILE,15,2,RMUX33,BramTILE,13,2,RMUX29
LogicTILE,16,2,RMUX33,BramTILE,13,2,RMUX29
LogicTILE,17,2,RMUX33,BramTILE,13,2,RMUX29
BramTILE,13,3,RMUX07,BramTILE,13,2,RMUX30
BramTILE,13,4,RMUX55,BramTILE,13,2,RMUX30
LogicTILE,14,2,RMUX79,BramTILE,13,2,RMUX30
LogicTILE,15,2,RMUX79,BramTILE,13,2,RMUX30
LogicTILE,16,2,RMUX79,BramTILE,13,2,RMUX30
LogicTILE,17,2,RMUX79,BramTILE,13,2,RMUX30
LogicTILE,16,2,RMUX56,BramTILE,13,2,RMUX32
BramTILE,13,4,RMUX09,BramTILE,13,2,RMUX34
LogicTILE,14,2,RMUX33,BramTILE,13,2,RMUX34
LogicTILE,15,2,RMUX33,BramTILE,13,2,RMUX34
LogicTILE,16,2,RMUX33,BramTILE,13,2,RMUX34
LogicTILE,17,2,RMUX33,BramTILE,13,2,RMUX34
BramTILE,13,3,RMUX09,BramTILE,13,2,RMUX35
BramTILE,13,4,RMUX09,BramTILE,13,2,RMUX35
LogicTILE,12,2,RMUX81,BramTILE,13,2,RMUX35
LogicTILE,14,2,RMUX33,BramTILE,13,2,RMUX35
LogicTILE,15,2,RMUX33,BramTILE,13,2,RMUX35
LogicTILE,16,2,RMUX33,BramTILE,13,2,RMUX35
LogicTILE,17,2,RMUX33,BramTILE,13,2,RMUX35
BramTILE,13,3,RMUX80,BramTILE,13,2,RMUX36
LogicTILE,14,2,RMUX56,BramTILE,13,2,RMUX36
LogicTILE,15,2,RMUX56,BramTILE,13,2,RMUX36
LogicTILE,16,2,RMUX56,BramTILE,13,2,RMUX36
LogicTILE,17,2,RMUX56,BramTILE,13,2,RMUX36
BramTILE,13,2,RMUX80,BramTILE,13,2,RMUX37
BramTILE,13,3,RMUX80,BramTILE,13,2,RMUX37
LogicTILE,10,2,RMUX08,BramTILE,13,2,RMUX37
LogicTILE,12,2,RMUX08,BramTILE,13,2,RMUX37
LogicTILE,14,2,RMUX56,BramTILE,13,2,RMUX37
LogicTILE,15,2,RMUX56,BramTILE,13,2,RMUX37
LogicTILE,17,2,RMUX56,BramTILE,13,2,RMUX37
BramTILE,13,2,BufMUX21,BramTILE,13,2,RMUX39
BramTILE,13,3,RMUX57,BramTILE,13,2,RMUX39
BramTILE,13,4,RMUX57,BramTILE,13,2,RMUX39
LogicTILE,16,2,RMUX33,BramTILE,13,2,RMUX39
BramTILE,13,3,RMUX07,BramTILE,13,2,RMUX40
BramTILE,13,3,RMUX55,BramTILE,13,2,RMUX40
BramTILE,13,4,RMUX55,BramTILE,13,2,RMUX40
LogicTILE,14,2,RMUX79,BramTILE,13,2,RMUX40
LogicTILE,15,2,RMUX79,BramTILE,13,2,RMUX40
LogicTILE,16,2,RMUX79,BramTILE,13,2,RMUX40
LogicTILE,17,2,RMUX79,BramTILE,13,2,RMUX40
BramTILE,13,1,RMUX55,BramTILE,13,2,RMUX41
BramTILE,13,2,RMUX07,BramTILE,13,2,RMUX41
BramTILE,13,3,RMUX55,BramTILE,13,2,RMUX41
BramTILE,13,4,RMUX07,BramTILE,13,2,RMUX41
BramTILE,13,4,RMUX55,BramTILE,13,2,RMUX41
LogicTILE,14,2,RMUX79,BramTILE,13,2,RMUX41
LogicTILE,16,2,RMUX79,BramTILE,13,2,RMUX41
LogicTILE,17,2,RMUX79,BramTILE,13,2,RMUX41
BramTILE,13,3,RMUX80,BramTILE,13,2,RMUX42
LogicTILE,14,2,RMUX56,BramTILE,13,2,RMUX42
LogicTILE,15,2,RMUX56,BramTILE,13,2,RMUX42
LogicTILE,16,2,RMUX56,BramTILE,13,2,RMUX42
LogicTILE,17,2,RMUX56,BramTILE,13,2,RMUX42
BramTILE,13,1,RMUX57,BramTILE,13,2,RMUX44
BramTILE,13,4,RMUX57,BramTILE,13,2,RMUX44
LogicTILE,9,2,RMUX81,BramTILE,13,2,RMUX44
BramTILE,13,2,BufMUX20,BramTILE,13,2,RMUX45
BramTILE,13,4,RMUX57,BramTILE,13,2,RMUX45
BramTILE,13,1,RMUX55,BramTILE,13,2,RMUX46
BramTILE,13,3,RMUX07,BramTILE,13,2,RMUX46
BramTILE,13,3,RMUX55,BramTILE,13,2,RMUX46
BramTILE,13,4,RMUX07,BramTILE,13,2,RMUX46
BramTILE,13,4,RMUX55,BramTILE,13,2,RMUX46
LogicTILE,15,2,RMUX79,BramTILE,13,2,RMUX46
LogicTILE,16,2,RMUX79,BramTILE,13,2,RMUX46
LogicTILE,17,2,RMUX79,BramTILE,13,2,RMUX46
BramTILE,13,3,RMUX07,BramTILE,13,2,RMUX47
BramTILE,13,3,RMUX55,BramTILE,13,2,RMUX47
BramTILE,13,4,RMUX07,BramTILE,13,2,RMUX47
LogicTILE,14,2,RMUX79,BramTILE,13,2,RMUX47
LogicTILE,15,2,RMUX79,BramTILE,13,2,RMUX47
LogicTILE,17,2,RMUX79,BramTILE,13,2,RMUX47
BramTILE,13,1,RMUX85,BramTILE,13,2,RMUX48
BramTILE,13,4,RMUX37,BramTILE,13,2,RMUX48
BramTILE,13,4,RMUX85,BramTILE,13,2,RMUX48
LogicTILE,12,2,RMUX61,BramTILE,13,2,RMUX48
LogicTILE,14,2,RMUX13,BramTILE,13,2,RMUX48
LogicTILE,15,2,RMUX13,BramTILE,13,2,RMUX48
LogicTILE,16,2,RMUX13,BramTILE,13,2,RMUX48
LogicTILE,17,2,RMUX13,BramTILE,13,2,RMUX48
BramTILE,13,1,RMUX62,BramTILE,13,2,RMUX50
BramTILE,13,3,RMUX39,BramTILE,13,2,RMUX52
BramTILE,13,3,RMUX87,BramTILE,13,2,RMUX52
BramTILE,13,4,RMUX39,BramTILE,13,2,RMUX52
BramTILE,13,4,RMUX87,BramTILE,13,2,RMUX52
LogicTILE,14,2,RMUX63,BramTILE,13,2,RMUX52
LogicTILE,15,2,RMUX63,BramTILE,13,2,RMUX52
LogicTILE,16,2,RMUX63,BramTILE,13,2,RMUX52
LogicTILE,17,2,RMUX63,BramTILE,13,2,RMUX52
BramTILE,13,3,RMUX87,BramTILE,13,2,RMUX53
LogicTILE,14,2,RMUX63,BramTILE,13,2,RMUX53
LogicTILE,15,2,RMUX63,BramTILE,13,2,RMUX53
LogicTILE,16,2,RMUX63,BramTILE,13,2,RMUX53
LogicTILE,17,2,RMUX63,BramTILE,13,2,RMUX53
BramTILE,13,1,RMUX37,BramTILE,13,2,RMUX54
BramTILE,13,1,RMUX85,BramTILE,13,2,RMUX54
BramTILE,13,3,RMUX37,BramTILE,13,2,RMUX54
BramTILE,13,3,RMUX85,BramTILE,13,2,RMUX54
LogicTILE,15,2,RMUX13,BramTILE,13,2,RMUX54
LogicTILE,16,2,RMUX13,BramTILE,13,2,RMUX54
LogicTILE,17,2,RMUX13,BramTILE,13,2,RMUX54
BramTILE,13,1,RMUX85,BramTILE,13,2,RMUX55
BramTILE,13,4,RMUX37,BramTILE,13,2,RMUX55
LogicTILE,14,2,RMUX13,BramTILE,13,2,RMUX55
LogicTILE,15,2,RMUX13,BramTILE,13,2,RMUX55
LogicTILE,16,2,RMUX13,BramTILE,13,2,RMUX55
LogicTILE,17,2,RMUX13,BramTILE,13,2,RMUX55
LogicTILE,12,2,RMUX38,BramTILE,13,2,RMUX57
BramTILE,13,1,RMUX87,BramTILE,13,2,RMUX58
BramTILE,13,3,RMUX87,BramTILE,13,2,RMUX58
BramTILE,13,4,RMUX39,BramTILE,13,2,RMUX58
BramTILE,13,4,RMUX87,BramTILE,13,2,RMUX58
LogicTILE,14,2,RMUX63,BramTILE,13,2,RMUX58
LogicTILE,15,2,RMUX63,BramTILE,13,2,RMUX58
LogicTILE,16,2,RMUX63,BramTILE,13,2,RMUX58
LogicTILE,17,2,RMUX63,BramTILE,13,2,RMUX58
BramTILE,13,4,RMUX87,BramTILE,13,2,RMUX59
LogicTILE,14,2,RMUX63,BramTILE,13,2,RMUX59
LogicTILE,15,2,RMUX63,BramTILE,13,2,RMUX59
LogicTILE,16,2,RMUX63,BramTILE,13,2,RMUX59
LogicTILE,17,2,RMUX63,BramTILE,13,2,RMUX59
LogicTILE,14,2,RMUX86,BramTILE,13,2,RMUX60
LogicTILE,15,2,RMUX86,BramTILE,13,2,RMUX60
LogicTILE,16,2,RMUX86,BramTILE,13,2,RMUX60
LogicTILE,17,2,RMUX86,BramTILE,13,2,RMUX60
LogicTILE,14,2,RMUX63,BramTILE,13,2,RMUX62
BramTILE,13,4,RMUX87,BramTILE,13,2,RMUX63
BramTILE,13,1,RMUX85,BramTILE,13,2,RMUX64
BramTILE,13,3,RMUX37,BramTILE,13,2,RMUX64
BramTILE,13,3,RMUX85,BramTILE,13,2,RMUX64
BramTILE,13,4,RMUX85,BramTILE,13,2,RMUX64
LogicTILE,12,2,RMUX61,BramTILE,13,2,RMUX64
LogicTILE,14,2,RMUX13,BramTILE,13,2,RMUX64
LogicTILE,15,2,RMUX13,BramTILE,13,2,RMUX64
LogicTILE,16,2,RMUX13,BramTILE,13,2,RMUX64
LogicTILE,17,2,RMUX13,BramTILE,13,2,RMUX64
BramTILE,13,1,RMUX85,BramTILE,13,2,RMUX65
BramTILE,13,3,RMUX85,BramTILE,13,2,RMUX65
BramTILE,13,4,RMUX37,BramTILE,13,2,RMUX65
BramTILE,13,4,RMUX85,BramTILE,13,2,RMUX65
LogicTILE,11,2,RMUX61,BramTILE,13,2,RMUX65
LogicTILE,14,2,RMUX13,BramTILE,13,2,RMUX65
LogicTILE,15,2,RMUX13,BramTILE,13,2,RMUX65
LogicTILE,16,2,RMUX13,BramTILE,13,2,RMUX65
LogicTILE,17,2,RMUX13,BramTILE,13,2,RMUX65
LogicTILE,14,2,RMUX86,BramTILE,13,2,RMUX66
LogicTILE,15,2,RMUX86,BramTILE,13,2,RMUX66
LogicTILE,16,2,RMUX86,BramTILE,13,2,RMUX66
LogicTILE,17,2,RMUX86,BramTILE,13,2,RMUX66
BramTILE,13,1,RMUX62,BramTILE,13,2,RMUX67
BramTILE,13,3,RMUX14,BramTILE,13,2,RMUX67
BramTILE,13,4,RMUX62,BramTILE,13,2,RMUX67
LogicTILE,12,2,OMUX30,BramTILE,13,2,RMUX67
LogicTILE,14,2,RMUX86,BramTILE,13,2,RMUX67
LogicTILE,15,2,RMUX86,BramTILE,13,2,RMUX67
LogicTILE,16,2,RMUX86,BramTILE,13,2,RMUX67
LogicTILE,17,2,RMUX86,BramTILE,13,2,RMUX67
BramTILE,13,3,RMUX87,BramTILE,13,2,RMUX69
BramTILE,13,4,RMUX87,BramTILE,13,2,RMUX69
LogicTILE,14,2,RMUX63,BramTILE,13,2,RMUX69
LogicTILE,15,2,RMUX63,BramTILE,13,2,RMUX69
LogicTILE,16,2,RMUX63,BramTILE,13,2,RMUX69
BramTILE,13,1,RMUX85,BramTILE,13,2,RMUX70
BramTILE,13,3,RMUX37,BramTILE,13,2,RMUX70
BramTILE,13,4,RMUX37,BramTILE,13,2,RMUX70
BramTILE,13,4,RMUX85,BramTILE,13,2,RMUX70
LogicTILE,14,2,RMUX13,BramTILE,13,2,RMUX70
LogicTILE,15,2,RMUX13,BramTILE,13,2,RMUX70
LogicTILE,16,2,RMUX13,BramTILE,13,2,RMUX70
LogicTILE,17,2,RMUX13,BramTILE,13,2,RMUX70
BramTILE,13,1,RMUX85,BramTILE,13,2,RMUX71
BramTILE,13,4,RMUX37,BramTILE,13,2,RMUX71
BramTILE,13,4,RMUX85,BramTILE,13,2,RMUX71
LogicTILE,12,2,RMUX61,BramTILE,13,2,RMUX71
LogicTILE,14,2,RMUX13,BramTILE,13,2,RMUX71
LogicTILE,15,2,RMUX13,BramTILE,13,2,RMUX71
LogicTILE,17,2,RMUX13,BramTILE,13,2,RMUX71
BramTILE,13,3,RMUX19,BramTILE,13,2,RMUX72
BramTILE,13,3,RMUX67,BramTILE,13,2,RMUX72
BramTILE,13,4,RMUX19,BramTILE,13,2,RMUX72
BramTILE,13,4,RMUX67,BramTILE,13,2,RMUX72
LogicTILE,12,2,RMUX91,BramTILE,13,2,RMUX72
LogicTILE,15,2,RMUX43,BramTILE,13,2,RMUX72
LogicTILE,16,2,RMUX43,BramTILE,13,2,RMUX72
LogicTILE,17,2,RMUX43,BramTILE,13,2,RMUX72
BramTILE,13,1,RMUX19,BramTILE,13,2,RMUX73
LogicTILE,9,2,RMUX91,BramTILE,13,2,RMUX73
LogicTILE,14,2,RMUX43,BramTILE,13,2,RMUX73
LogicTILE,15,2,RMUX43,BramTILE,13,2,RMUX73
LogicTILE,16,2,RMUX43,BramTILE,13,2,RMUX73
LogicTILE,17,2,RMUX43,BramTILE,13,2,RMUX73
BramTILE,13,4,RMUX44,BramTILE,13,2,RMUX75
BramTILE,13,4,RMUX92,BramTILE,13,2,RMUX75
LogicTILE,14,2,RMUX20,BramTILE,13,2,RMUX75
LogicTILE,15,2,RMUX20,BramTILE,13,2,RMUX75
LogicTILE,16,2,RMUX20,BramTILE,13,2,RMUX75
LogicTILE,17,2,RMUX20,BramTILE,13,2,RMUX75
BramTILE,13,1,RMUX69,BramTILE,13,2,RMUX76
BramTILE,13,4,RMUX21,BramTILE,13,2,RMUX76
LogicTILE,14,2,RMUX93,BramTILE,13,2,RMUX76
LogicTILE,15,2,RMUX93,BramTILE,13,2,RMUX76
LogicTILE,16,2,RMUX93,BramTILE,13,2,RMUX76
LogicTILE,17,2,RMUX93,BramTILE,13,2,RMUX76
BramTILE,13,3,RMUX21,BramTILE,13,2,RMUX77
BramTILE,13,3,RMUX69,BramTILE,13,2,RMUX77
BramTILE,13,4,RMUX69,BramTILE,13,2,RMUX77
LogicTILE,14,2,RMUX93,BramTILE,13,2,RMUX77
LogicTILE,15,2,RMUX93,BramTILE,13,2,RMUX77
LogicTILE,16,2,RMUX93,BramTILE,13,2,RMUX77
LogicTILE,17,2,RMUX93,BramTILE,13,2,RMUX77
BramTILE,13,2,RMUX67,BramTILE,13,2,RMUX78
BramTILE,13,3,RMUX19,BramTILE,13,2,RMUX78
BramTILE,13,3,RMUX67,BramTILE,13,2,RMUX78
BramTILE,13,4,RMUX19,BramTILE,13,2,RMUX78
BramTILE,13,4,RMUX67,BramTILE,13,2,RMUX78
LogicTILE,14,2,RMUX43,BramTILE,13,2,RMUX78
LogicTILE,15,2,RMUX43,BramTILE,13,2,RMUX78
LogicTILE,16,2,RMUX43,BramTILE,13,2,RMUX78
LogicTILE,17,2,RMUX43,BramTILE,13,2,RMUX78
LogicTILE,12,2,RMUX68,BramTILE,13,2,RMUX80
LogicTILE,15,2,RMUX20,BramTILE,13,2,RMUX80
LogicTILE,16,2,RMUX20,BramTILE,13,2,RMUX80
BramTILE,13,3,RMUX21,BramTILE,13,2,RMUX82
BramTILE,13,4,RMUX21,BramTILE,13,2,RMUX82
BramTILE,13,4,RMUX69,BramTILE,13,2,RMUX82
LogicTILE,14,2,RMUX93,BramTILE,13,2,RMUX82
LogicTILE,15,2,RMUX93,BramTILE,13,2,RMUX82
LogicTILE,16,2,RMUX93,BramTILE,13,2,RMUX82
LogicTILE,17,2,RMUX93,BramTILE,13,2,RMUX82
BramTILE,13,3,RMUX21,BramTILE,13,2,RMUX83
BramTILE,13,3,RMUX69,BramTILE,13,2,RMUX83
BramTILE,13,4,RMUX69,BramTILE,13,2,RMUX83
LogicTILE,14,2,RMUX93,BramTILE,13,2,RMUX83
LogicTILE,15,2,RMUX93,BramTILE,13,2,RMUX83
LogicTILE,16,2,RMUX93,BramTILE,13,2,RMUX83
LogicTILE,17,2,RMUX93,BramTILE,13,2,RMUX83
BramTILE,13,3,RMUX44,BramTILE,13,2,RMUX84
BramTILE,13,3,RMUX92,BramTILE,13,2,RMUX84
BramTILE,13,4,RMUX44,BramTILE,13,2,RMUX84
BramTILE,13,4,RMUX92,BramTILE,13,2,RMUX84
LogicTILE,15,2,RMUX20,BramTILE,13,2,RMUX84
LogicTILE,16,2,RMUX20,BramTILE,13,2,RMUX84
LogicTILE,17,2,RMUX20,BramTILE,13,2,RMUX84
LogicTILE,12,2,RMUX68,BramTILE,13,2,RMUX85
LogicTILE,14,2,RMUX20,BramTILE,13,2,RMUX85
LogicTILE,15,2,RMUX20,BramTILE,13,2,RMUX85
LogicTILE,16,2,RMUX20,BramTILE,13,2,RMUX85
LogicTILE,17,2,RMUX20,BramTILE,13,2,RMUX85
LogicTILE,17,2,RMUX93,BramTILE,13,2,RMUX86
LogicTILE,14,2,RMUX93,BramTILE,13,2,RMUX87
BramTILE,13,1,RMUX19,BramTILE,13,2,RMUX88
LogicTILE,12,2,RMUX91,BramTILE,13,2,RMUX88
LogicTILE,14,2,RMUX43,BramTILE,13,2,RMUX88
LogicTILE,15,2,RMUX43,BramTILE,13,2,RMUX88
LogicTILE,16,2,RMUX43,BramTILE,13,2,RMUX88
LogicTILE,17,2,RMUX43,BramTILE,13,2,RMUX88
BramTILE,13,1,RMUX19,BramTILE,13,2,RMUX89
BramTILE,13,2,RMUX67,BramTILE,13,2,RMUX89
BramTILE,13,4,RMUX19,BramTILE,13,2,RMUX89
BramTILE,13,4,RMUX67,BramTILE,13,2,RMUX89
LogicTILE,12,2,RMUX91,BramTILE,13,2,RMUX89
LogicTILE,15,2,RMUX43,BramTILE,13,2,RMUX89
LogicTILE,16,2,RMUX43,BramTILE,13,2,RMUX89
LogicTILE,17,2,RMUX43,BramTILE,13,2,RMUX89
BramTILE,13,3,RMUX44,BramTILE,13,2,RMUX90
BramTILE,13,4,RMUX44,BramTILE,13,2,RMUX90
LogicTILE,14,2,RMUX20,BramTILE,13,2,RMUX90
LogicTILE,15,2,RMUX20,BramTILE,13,2,RMUX90
LogicTILE,16,2,RMUX20,BramTILE,13,2,RMUX90
LogicTILE,17,2,RMUX20,BramTILE,13,2,RMUX90
LogicTILE,17,2,RMUX20,BramTILE,13,2,RMUX91
BramTILE,13,3,RMUX21,BramTILE,13,2,RMUX92
LogicTILE,17,2,RMUX93,BramTILE,13,2,RMUX92
BramTILE,13,4,RMUX19,BramTILE,13,2,RMUX94
LogicTILE,14,2,RMUX43,BramTILE,13,2,RMUX94
LogicTILE,15,2,RMUX43,BramTILE,13,2,RMUX94
LogicTILE,16,2,RMUX43,BramTILE,13,2,RMUX94
LogicTILE,17,2,RMUX43,BramTILE,13,2,RMUX94
BramTILE,13,1,RMUX19,BramTILE,13,2,RMUX95
BramTILE,13,3,RMUX19,BramTILE,13,2,RMUX95
BramTILE,13,3,RMUX67,BramTILE,13,2,RMUX95
LogicTILE,12,2,RMUX91,BramTILE,13,2,RMUX95
LogicTILE,14,2,RMUX43,BramTILE,13,2,RMUX95
LogicTILE,15,2,RMUX43,BramTILE,13,2,RMUX95
LogicTILE,16,2,RMUX43,BramTILE,13,2,RMUX95
BramTILE,13,3,RMUX00,BramTILE,13,3,IMUX00
BramTILE,13,3,RMUX04,BramTILE,13,3,IMUX00
BramTILE,13,3,RMUX06,BramTILE,13,3,IMUX00
BramTILE,13,3,RMUX10,BramTILE,13,3,IMUX00
BramTILE,13,3,RMUX22,BramTILE,13,3,IMUX00
BramTILE,13,3,RMUX40,BramTILE,13,3,IMUX00
BramTILE,13,3,RMUX46,BramTILE,13,3,IMUX00
BramTILE,13,3,RMUX58,BramTILE,13,3,IMUX00
BramTILE,13,3,RMUX64,BramTILE,13,3,IMUX00
BramTILE,13,3,RMUX70,BramTILE,13,3,IMUX00
LogicTILE,12,3,OMUX12,BramTILE,13,3,IMUX00
LogicTILE,14,3,RMUX24,BramTILE,13,3,IMUX00
BramTILE,13,3,RMUX05,BramTILE,13,3,IMUX01
BramTILE,13,3,RMUX11,BramTILE,13,3,IMUX01
BramTILE,13,3,RMUX12,BramTILE,13,3,IMUX01
BramTILE,13,3,RMUX18,BramTILE,13,3,IMUX01
BramTILE,13,3,RMUX47,BramTILE,13,3,IMUX01
BramTILE,13,3,RMUX53,BramTILE,13,3,IMUX01
BramTILE,13,3,RMUX65,BramTILE,13,3,IMUX01
BramTILE,13,3,RMUX77,BramTILE,13,3,IMUX01
BramTILE,13,3,RMUX83,BramTILE,13,3,IMUX01
BramTILE,13,3,RMUX89,BramTILE,13,3,IMUX01
LogicTILE,12,3,OMUX03,BramTILE,13,3,IMUX01
LogicTILE,14,3,RMUX54,BramTILE,13,3,IMUX01
BramTILE,13,3,RMUX10,BramTILE,13,3,IMUX02
BramTILE,13,3,RMUX46,BramTILE,13,3,IMUX02
BramTILE,13,3,RMUX52,BramTILE,13,3,IMUX02
BramTILE,13,3,RMUX58,BramTILE,13,3,IMUX02
BramTILE,13,3,RMUX64,BramTILE,13,3,IMUX02
BramTILE,13,3,RMUX70,BramTILE,13,3,IMUX02
BramTILE,13,3,RMUX76,BramTILE,13,3,IMUX02
BramTILE,13,3,RMUX82,BramTILE,13,3,IMUX02
LogicTILE,14,3,RMUX00,BramTILE,13,3,IMUX02
LogicTILE,14,3,RMUX24,BramTILE,13,3,IMUX02
BramTILE,13,3,RMUX05,BramTILE,13,3,IMUX03
BramTILE,13,3,RMUX11,BramTILE,13,3,IMUX03
BramTILE,13,3,RMUX12,BramTILE,13,3,IMUX03
BramTILE,13,3,RMUX18,BramTILE,13,3,IMUX03
BramTILE,13,3,RMUX41,BramTILE,13,3,IMUX03
BramTILE,13,3,RMUX47,BramTILE,13,3,IMUX03
BramTILE,13,3,RMUX65,BramTILE,13,3,IMUX03
BramTILE,13,3,RMUX71,BramTILE,13,3,IMUX03
BramTILE,13,3,RMUX77,BramTILE,13,3,IMUX03
BramTILE,13,3,RMUX83,BramTILE,13,3,IMUX03
BramTILE,13,3,RMUX00,BramTILE,13,3,IMUX04
BramTILE,13,3,RMUX06,BramTILE,13,3,IMUX04
BramTILE,13,3,RMUX22,BramTILE,13,3,IMUX04
BramTILE,13,3,RMUX28,BramTILE,13,3,IMUX04
BramTILE,13,3,RMUX34,BramTILE,13,3,IMUX04
BramTILE,13,3,RMUX52,BramTILE,13,3,IMUX04
BramTILE,13,3,RMUX88,BramTILE,13,3,IMUX04
LogicTILE,14,3,RMUX30,BramTILE,13,3,IMUX05
BramTILE,13,3,RMUX00,BramTILE,13,3,IMUX06
BramTILE,13,3,RMUX28,BramTILE,13,3,IMUX06
BramTILE,13,3,RMUX34,BramTILE,13,3,IMUX06
BramTILE,13,3,RMUX88,BramTILE,13,3,IMUX06
BramTILE,13,3,RMUX94,BramTILE,13,3,IMUX06
LogicTILE,12,3,OMUX12,BramTILE,13,3,IMUX06
BramTILE,13,3,RMUX05,BramTILE,13,3,IMUX07
BramTILE,13,3,RMUX11,BramTILE,13,3,IMUX07
BramTILE,13,3,RMUX12,BramTILE,13,3,IMUX07
BramTILE,13,3,RMUX18,BramTILE,13,3,IMUX07
BramTILE,13,3,RMUX35,BramTILE,13,3,IMUX07
BramTILE,13,3,RMUX89,BramTILE,13,3,IMUX07
LogicTILE,14,3,RMUX54,BramTILE,13,3,IMUX07
LogicTILE,14,3,RMUX78,BramTILE,13,3,IMUX07
BramTILE,13,3,RMUX52,BramTILE,13,3,IMUX08
BramTILE,13,3,RMUX58,BramTILE,13,3,IMUX08
LogicTILE,14,3,RMUX48,BramTILE,13,3,IMUX08
LogicTILE,14,3,RMUX72,BramTILE,13,3,IMUX08
BramTILE,13,3,RMUX12,BramTILE,13,3,IMUX09
BramTILE,13,3,RMUX18,BramTILE,13,3,IMUX09
BramTILE,13,3,RMUX83,BramTILE,13,3,IMUX09
LogicTILE,14,3,RMUX78,BramTILE,13,3,IMUX09
BramTILE,13,3,RMUX00,BramTILE,13,3,IMUX10
BramTILE,13,3,RMUX06,BramTILE,13,3,IMUX10
BramTILE,13,3,RMUX40,BramTILE,13,3,IMUX10
BramTILE,13,3,RMUX46,BramTILE,13,3,IMUX10
BramTILE,13,3,RMUX52,BramTILE,13,3,IMUX10
BramTILE,13,3,RMUX82,BramTILE,13,3,IMUX10
LogicTILE,14,3,RMUX00,BramTILE,13,3,IMUX10
BramTILE,13,3,RMUX05,BramTILE,13,3,IMUX11
BramTILE,13,3,RMUX12,BramTILE,13,3,IMUX11
BramTILE,13,3,RMUX18,BramTILE,13,3,IMUX11
BramTILE,13,3,RMUX41,BramTILE,13,3,IMUX11
BramTILE,13,3,RMUX65,BramTILE,13,3,IMUX11
BramTILE,13,3,RMUX77,BramTILE,13,3,IMUX11
BramTILE,13,3,RMUX83,BramTILE,13,3,IMUX11
LogicTILE,14,3,RMUX06,BramTILE,13,3,IMUX11
BramTILE,13,3,RMUX00,BramTILE,13,3,IMUX12
BramTILE,13,3,RMUX06,BramTILE,13,3,IMUX12
BramTILE,13,3,RMUX40,BramTILE,13,3,IMUX12
BramTILE,13,3,RMUX46,BramTILE,13,3,IMUX12
BramTILE,13,3,RMUX94,BramTILE,13,3,IMUX12
BramTILE,13,3,RMUX05,BramTILE,13,3,IMUX13
BramTILE,13,3,RMUX12,BramTILE,13,3,IMUX13
BramTILE,13,3,RMUX17,BramTILE,13,3,IMUX13
BramTILE,13,3,RMUX18,BramTILE,13,3,IMUX13
BramTILE,13,3,RMUX65,BramTILE,13,3,IMUX13
BramTILE,13,3,RMUX71,BramTILE,13,3,IMUX13
BramTILE,13,3,RMUX95,BramTILE,13,3,IMUX13
LogicTILE,14,3,RMUX54,BramTILE,13,3,IMUX13
BramTILE,13,3,RMUX22,BramTILE,13,3,IMUX14
BramTILE,13,3,RMUX28,BramTILE,13,3,IMUX14
BramTILE,13,3,RMUX34,BramTILE,13,3,IMUX14
BramTILE,13,3,RMUX52,BramTILE,13,3,IMUX14
BramTILE,13,3,RMUX94,BramTILE,13,3,IMUX14
LogicTILE,12,3,OMUX24,BramTILE,13,3,IMUX14
LogicTILE,14,3,RMUX24,BramTILE,13,3,IMUX14
LogicTILE,14,3,RMUX48,BramTILE,13,3,IMUX14
BramTILE,13,3,RMUX17,BramTILE,13,3,IMUX15
BramTILE,13,3,RMUX47,BramTILE,13,3,IMUX15
LogicTILE,14,3,RMUX06,BramTILE,13,3,IMUX15
BramTILE,13,3,RMUX24,BramTILE,13,3,IMUX16
BramTILE,13,3,RMUX30,BramTILE,13,3,IMUX16
BramTILE,13,3,RMUX58,BramTILE,13,3,IMUX16
BramTILE,13,3,RMUX64,BramTILE,13,3,IMUX16
LogicTILE,14,3,RMUX00,BramTILE,13,3,IMUX16
LogicTILE,14,3,RMUX48,BramTILE,13,3,IMUX16
BramTILE,13,3,RMUX05,BramTILE,13,3,IMUX17
BramTILE,13,3,RMUX29,BramTILE,13,3,IMUX17
BramTILE,13,3,RMUX35,BramTILE,13,3,IMUX17
BramTILE,13,3,RMUX36,BramTILE,13,3,IMUX17
BramTILE,13,3,RMUX41,BramTILE,13,3,IMUX17
BramTILE,13,3,RMUX47,BramTILE,13,3,IMUX17
BramTILE,13,3,RMUX65,BramTILE,13,3,IMUX17
BramTILE,13,3,RMUX71,BramTILE,13,3,IMUX17
BramTILE,13,3,RMUX77,BramTILE,13,3,IMUX17
BramTILE,13,3,RMUX89,BramTILE,13,3,IMUX17
LogicTILE,14,3,RMUX54,BramTILE,13,3,IMUX17
LogicTILE,14,3,RMUX78,BramTILE,13,3,IMUX17
BramTILE,13,3,RMUX24,BramTILE,13,3,IMUX18
BramTILE,13,3,RMUX28,BramTILE,13,3,IMUX18
BramTILE,13,3,RMUX30,BramTILE,13,3,IMUX18
BramTILE,13,3,RMUX34,BramTILE,13,3,IMUX18
BramTILE,13,3,RMUX58,BramTILE,13,3,IMUX18
BramTILE,13,3,RMUX64,BramTILE,13,3,IMUX18
BramTILE,13,3,RMUX76,BramTILE,13,3,IMUX18
BramTILE,13,3,RMUX82,BramTILE,13,3,IMUX18
BramTILE,13,3,RMUX88,BramTILE,13,3,IMUX18
BramTILE,13,3,RMUX94,BramTILE,13,3,IMUX18
LogicTILE,12,3,OMUX00,BramTILE,13,3,IMUX18
LogicTILE,14,3,RMUX72,BramTILE,13,3,IMUX18
BramTILE,13,3,RMUX36,BramTILE,13,3,IMUX19
BramTILE,13,3,RMUX42,BramTILE,13,3,IMUX19
LogicTILE,12,3,OMUX15,BramTILE,13,3,IMUX19
BramTILE,13,3,RMUX04,BramTILE,13,3,IMUX20
BramTILE,13,3,RMUX10,BramTILE,13,3,IMUX20
BramTILE,13,3,RMUX24,BramTILE,13,3,IMUX20
BramTILE,13,3,RMUX30,BramTILE,13,3,IMUX20
BramTILE,13,3,RMUX40,BramTILE,13,3,IMUX20
BramTILE,13,3,RMUX46,BramTILE,13,3,IMUX20
BramTILE,13,3,RMUX64,BramTILE,13,3,IMUX20
BramTILE,13,3,RMUX70,BramTILE,13,3,IMUX20
LogicTILE,14,3,RMUX72,BramTILE,13,3,IMUX20
BramTILE,13,3,RMUX17,BramTILE,13,3,IMUX21
BramTILE,13,3,RMUX23,BramTILE,13,3,IMUX21
BramTILE,13,3,RMUX36,BramTILE,13,3,IMUX21
BramTILE,13,3,RMUX42,BramTILE,13,3,IMUX21
BramTILE,13,3,RMUX47,BramTILE,13,3,IMUX21
BramTILE,13,3,RMUX53,BramTILE,13,3,IMUX21
BramTILE,13,3,RMUX89,BramTILE,13,3,IMUX21
BramTILE,13,3,RMUX95,BramTILE,13,3,IMUX21
LogicTILE,12,3,OMUX39,BramTILE,13,3,IMUX21
LogicTILE,14,3,RMUX78,BramTILE,13,3,IMUX21
BramTILE,13,3,RMUX04,BramTILE,13,3,IMUX22
BramTILE,13,3,RMUX16,BramTILE,13,3,IMUX22
BramTILE,13,3,RMUX22,BramTILE,13,3,IMUX22
BramTILE,13,3,RMUX24,BramTILE,13,3,IMUX22
BramTILE,13,3,RMUX28,BramTILE,13,3,IMUX22
BramTILE,13,3,RMUX30,BramTILE,13,3,IMUX22
BramTILE,13,3,RMUX46,BramTILE,13,3,IMUX22
BramTILE,13,3,RMUX58,BramTILE,13,3,IMUX22
BramTILE,13,3,RMUX64,BramTILE,13,3,IMUX22
BramTILE,13,3,RMUX94,BramTILE,13,3,IMUX22
LogicTILE,14,3,RMUX00,BramTILE,13,3,IMUX22
LogicTILE,14,3,RMUX72,BramTILE,13,3,IMUX22
BramTILE,13,3,RMUX05,BramTILE,13,3,IMUX23
BramTILE,13,3,RMUX11,BramTILE,13,3,IMUX23
BramTILE,13,3,RMUX17,BramTILE,13,3,IMUX23
BramTILE,13,3,RMUX23,BramTILE,13,3,IMUX23
BramTILE,13,3,RMUX29,BramTILE,13,3,IMUX23
BramTILE,13,3,RMUX36,BramTILE,13,3,IMUX23
BramTILE,13,3,RMUX71,BramTILE,13,3,IMUX23
BramTILE,13,3,RMUX77,BramTILE,13,3,IMUX23
BramTILE,13,3,RMUX95,BramTILE,13,3,IMUX23
LogicTILE,12,3,OMUX03,BramTILE,13,3,IMUX23
LogicTILE,14,3,RMUX06,BramTILE,13,3,IMUX23
BramTILE,13,3,RMUX22,BramTILE,13,3,IMUX24
BramTILE,13,3,RMUX24,BramTILE,13,3,IMUX24
BramTILE,13,3,RMUX30,BramTILE,13,3,IMUX24
BramTILE,13,3,RMUX70,BramTILE,13,3,IMUX24
LogicTILE,14,3,RMUX00,BramTILE,13,3,IMUX24
LogicTILE,14,3,RMUX24,BramTILE,13,3,IMUX24
BramTILE,13,3,RMUX11,BramTILE,13,3,IMUX25
BramTILE,13,3,RMUX23,BramTILE,13,3,IMUX25
BramTILE,13,3,RMUX29,BramTILE,13,3,IMUX25
BramTILE,13,3,RMUX36,BramTILE,13,3,IMUX25
BramTILE,13,3,RMUX41,BramTILE,13,3,IMUX25
BramTILE,13,3,RMUX42,BramTILE,13,3,IMUX25
BramTILE,13,3,RMUX53,BramTILE,13,3,IMUX25
BramTILE,13,3,RMUX65,BramTILE,13,3,IMUX25
BramTILE,13,3,RMUX89,BramTILE,13,3,IMUX25
BramTILE,13,3,RMUX95,BramTILE,13,3,IMUX25
BramTILE,13,3,RMUX04,BramTILE,13,3,IMUX26
BramTILE,13,3,RMUX10,BramTILE,13,3,IMUX26
BramTILE,13,3,RMUX24,BramTILE,13,3,IMUX26
BramTILE,13,3,RMUX30,BramTILE,13,3,IMUX26
BramTILE,13,3,RMUX46,BramTILE,13,3,IMUX26
BramTILE,13,3,RMUX52,BramTILE,13,3,IMUX26
BramTILE,13,3,RMUX70,BramTILE,13,3,IMUX26
BramTILE,13,3,RMUX82,BramTILE,13,3,IMUX26
BramTILE,13,3,RMUX88,BramTILE,13,3,IMUX26
BramTILE,13,3,RMUX29,BramTILE,13,3,IMUX27
BramTILE,13,3,RMUX35,BramTILE,13,3,IMUX27
BramTILE,13,3,RMUX36,BramTILE,13,3,IMUX27
BramTILE,13,3,RMUX42,BramTILE,13,3,IMUX27
BramTILE,13,3,RMUX77,BramTILE,13,3,IMUX27
BramTILE,13,3,RMUX83,BramTILE,13,3,IMUX27
BramTILE,13,3,RMUX89,BramTILE,13,3,IMUX27
BramTILE,13,3,RMUX95,BramTILE,13,3,IMUX27
BramTILE,13,3,RMUX16,BramTILE,13,3,IMUX28
BramTILE,13,3,RMUX28,BramTILE,13,3,IMUX28
BramTILE,13,3,RMUX30,BramTILE,13,3,IMUX28
BramTILE,13,3,RMUX34,BramTILE,13,3,IMUX28
BramTILE,13,3,RMUX52,BramTILE,13,3,IMUX28
BramTILE,13,3,RMUX58,BramTILE,13,3,IMUX28
BramTILE,13,3,RMUX70,BramTILE,13,3,IMUX28
BramTILE,13,3,RMUX76,BramTILE,13,3,IMUX28
BramTILE,13,3,RMUX82,BramTILE,13,3,IMUX28
BramTILE,13,3,RMUX88,BramTILE,13,3,IMUX28
LogicTILE,12,3,OMUX12,BramTILE,13,3,IMUX28
LogicTILE,14,3,RMUX24,BramTILE,13,3,IMUX28
BramTILE,13,3,RMUX05,BramTILE,13,3,IMUX29
BramTILE,13,3,RMUX11,BramTILE,13,3,IMUX29
BramTILE,13,3,RMUX36,BramTILE,13,3,IMUX29
BramTILE,13,3,RMUX47,BramTILE,13,3,IMUX29
BramTILE,13,3,RMUX53,BramTILE,13,3,IMUX29
BramTILE,13,3,RMUX59,BramTILE,13,3,IMUX29
BramTILE,13,3,RMUX65,BramTILE,13,3,IMUX29
BramTILE,13,3,RMUX83,BramTILE,13,3,IMUX29
LogicTILE,14,3,RMUX78,BramTILE,13,3,IMUX29
BramTILE,13,3,RMUX04,BramTILE,13,3,IMUX30
BramTILE,13,3,RMUX10,BramTILE,13,3,IMUX30
BramTILE,13,3,RMUX24,BramTILE,13,3,IMUX30
BramTILE,13,3,RMUX30,BramTILE,13,3,IMUX30
BramTILE,13,3,RMUX46,BramTILE,13,3,IMUX30
BramTILE,13,3,RMUX52,BramTILE,13,3,IMUX30
BramTILE,13,3,RMUX58,BramTILE,13,3,IMUX30
BramTILE,13,3,RMUX64,BramTILE,13,3,IMUX30
BramTILE,13,3,RMUX70,BramTILE,13,3,IMUX30
BramTILE,13,3,RMUX82,BramTILE,13,3,IMUX30
LogicTILE,12,3,OMUX00,BramTILE,13,3,IMUX30
BramTILE,13,3,RMUX05,BramTILE,13,3,IMUX31
BramTILE,13,3,RMUX47,BramTILE,13,3,IMUX31
BramTILE,13,3,RMUX65,BramTILE,13,3,IMUX31
BramTILE,13,3,RMUX71,BramTILE,13,3,IMUX31
BramTILE,13,3,RMUX89,BramTILE,13,3,IMUX31
BramTILE,13,3,RMUX95,BramTILE,13,3,IMUX31
LogicTILE,12,3,OMUX15,BramTILE,13,3,IMUX31
LogicTILE,12,3,OMUX27,BramTILE,13,3,IMUX31
BramTILE,13,3,RMUX40,BramTILE,13,3,IMUX32
BramTILE,13,3,RMUX54,BramTILE,13,3,IMUX32
BramTILE,13,3,RMUX70,BramTILE,13,3,IMUX32
LogicTILE,12,3,OMUX18,BramTILE,13,3,IMUX32
LogicTILE,12,3,OMUX30,BramTILE,13,3,IMUX32
LogicTILE,12,3,OMUX42,BramTILE,13,3,IMUX32
BramTILE,13,3,RMUX65,BramTILE,13,3,IMUX33
BramTILE,13,3,RMUX71,BramTILE,13,3,IMUX33
LogicTILE,14,3,RMUX42,BramTILE,13,3,IMUX33
LogicTILE,14,3,RMUX90,BramTILE,13,3,IMUX33
BramTILE,13,3,RMUX16,BramTILE,13,3,IMUX34
BramTILE,13,3,RMUX22,BramTILE,13,3,IMUX34
BramTILE,13,3,RMUX40,BramTILE,13,3,IMUX34
BramTILE,13,3,RMUX48,BramTILE,13,3,IMUX34
LogicTILE,12,3,OMUX30,BramTILE,13,3,IMUX34
LogicTILE,14,3,RMUX36,BramTILE,13,3,IMUX34
LogicTILE,14,3,RMUX84,BramTILE,13,3,IMUX34
BramTILE,13,3,RMUX29,BramTILE,13,3,IMUX35
BramTILE,13,3,RMUX35,BramTILE,13,3,IMUX35
BramTILE,13,3,RMUX89,BramTILE,13,3,IMUX35
BramTILE,13,3,RMUX95,BramTILE,13,3,IMUX35
BramTILE,13,3,RMUX10,BramTILE,13,3,IMUX36
BramTILE,13,3,RMUX16,BramTILE,13,3,IMUX36
BramTILE,13,3,RMUX22,BramTILE,13,3,IMUX36
BramTILE,13,3,RMUX48,BramTILE,13,3,IMUX36
BramTILE,13,3,RMUX54,BramTILE,13,3,IMUX36
BramTILE,13,3,RMUX88,BramTILE,13,3,IMUX36
LogicTILE,14,3,RMUX60,BramTILE,13,3,IMUX36
BramTILE,13,3,RMUX59,BramTILE,13,3,IMUX37
BramTILE,13,3,RMUX60,BramTILE,13,3,IMUX37
BramTILE,13,3,RMUX66,BramTILE,13,3,IMUX37
LogicTILE,14,3,RMUX42,BramTILE,13,3,IMUX37
BramTILE,13,3,RMUX04,BramTILE,13,3,IMUX38
BramTILE,13,3,RMUX10,BramTILE,13,3,IMUX38
BramTILE,13,3,RMUX22,BramTILE,13,3,IMUX38
BramTILE,13,3,RMUX40,BramTILE,13,3,IMUX38
BramTILE,13,3,RMUX46,BramTILE,13,3,IMUX38
BramTILE,13,3,RMUX48,BramTILE,13,3,IMUX38
BramTILE,13,3,RMUX52,BramTILE,13,3,IMUX38
BramTILE,13,3,RMUX54,BramTILE,13,3,IMUX38
BramTILE,13,3,RMUX70,BramTILE,13,3,IMUX38
LogicTILE,12,3,OMUX30,BramTILE,13,3,IMUX38
LogicTILE,12,3,OMUX42,BramTILE,13,3,IMUX38
LogicTILE,14,3,RMUX36,BramTILE,13,3,IMUX38
BramTILE,13,3,RMUX11,BramTILE,13,3,IMUX39
BramTILE,13,3,RMUX47,BramTILE,13,3,IMUX39
BramTILE,13,3,RMUX53,BramTILE,13,3,IMUX39
BramTILE,13,3,RMUX59,BramTILE,13,3,IMUX39
BramTILE,13,3,RMUX60,BramTILE,13,3,IMUX39
BramTILE,13,3,RMUX66,BramTILE,13,3,IMUX39
BramTILE,13,3,RMUX71,BramTILE,13,3,IMUX39
BramTILE,13,3,RMUX77,BramTILE,13,3,IMUX39
BramTILE,13,3,RMUX95,BramTILE,13,3,IMUX39
BramTILE,13,3,RMUX04,BramTILE,13,3,IMUX40
BramTILE,13,3,RMUX10,BramTILE,13,3,IMUX40
BramTILE,13,3,RMUX34,BramTILE,13,3,IMUX40
BramTILE,13,3,RMUX46,BramTILE,13,3,IMUX40
BramTILE,13,3,RMUX48,BramTILE,13,3,IMUX40
BramTILE,13,3,RMUX52,BramTILE,13,3,IMUX40
BramTILE,13,3,RMUX54,BramTILE,13,3,IMUX40
BramTILE,13,3,RMUX58,BramTILE,13,3,IMUX40
BramTILE,13,3,RMUX70,BramTILE,13,3,IMUX40
BramTILE,13,3,RMUX60,BramTILE,13,3,IMUX41
BramTILE,13,3,RMUX66,BramTILE,13,3,IMUX41
BramTILE,13,3,RMUX83,BramTILE,13,3,IMUX41
LogicTILE,14,3,RMUX42,BramTILE,13,3,IMUX41
LogicTILE,14,3,RMUX66,BramTILE,13,3,IMUX41
BramTILE,13,3,RMUX28,BramTILE,13,3,IMUX42
BramTILE,13,3,RMUX34,BramTILE,13,3,IMUX42
BramTILE,13,3,RMUX88,BramTILE,13,3,IMUX42
BramTILE,13,3,RMUX94,BramTILE,13,3,IMUX42
LogicTILE,12,3,OMUX18,BramTILE,13,3,IMUX42
LogicTILE,14,3,RMUX36,BramTILE,13,3,IMUX42
LogicTILE,14,3,RMUX60,BramTILE,13,3,IMUX42
BramTILE,13,3,RMUX11,BramTILE,13,3,IMUX43
BramTILE,13,3,RMUX59,BramTILE,13,3,IMUX43
BramTILE,13,3,RMUX60,BramTILE,13,3,IMUX43
BramTILE,13,3,RMUX65,BramTILE,13,3,IMUX43
BramTILE,13,3,RMUX66,BramTILE,13,3,IMUX43
BramTILE,13,3,RMUX77,BramTILE,13,3,IMUX43
LogicTILE,14,3,RMUX90,BramTILE,13,3,IMUX43
BramTILE,13,3,RMUX10,BramTILE,13,3,IMUX44
BramTILE,13,3,RMUX40,BramTILE,13,3,IMUX44
BramTILE,13,3,RMUX48,BramTILE,13,3,IMUX44
BramTILE,13,3,RMUX52,BramTILE,13,3,IMUX44
BramTILE,13,3,RMUX54,BramTILE,13,3,IMUX44
BramTILE,13,3,RMUX58,BramTILE,13,3,IMUX44
LogicTILE,14,3,RMUX84,BramTILE,13,3,IMUX44
BramTILE,13,3,RMUX05,BramTILE,13,3,IMUX45
BramTILE,13,3,RMUX17,BramTILE,13,3,IMUX45
BramTILE,13,3,RMUX23,BramTILE,13,3,IMUX45
BramTILE,13,3,RMUX29,BramTILE,13,3,IMUX45
BramTILE,13,3,RMUX60,BramTILE,13,3,IMUX45
BramTILE,13,3,RMUX66,BramTILE,13,3,IMUX45
BramTILE,13,3,RMUX71,BramTILE,13,3,IMUX45
BramTILE,13,3,RMUX83,BramTILE,13,3,IMUX45
LogicTILE,14,3,RMUX42,BramTILE,13,3,IMUX45
LogicTILE,14,3,RMUX66,BramTILE,13,3,IMUX45
BramTILE,13,3,RMUX04,BramTILE,13,3,IMUX46
BramTILE,13,3,RMUX16,BramTILE,13,3,IMUX46
BramTILE,13,3,RMUX22,BramTILE,13,3,IMUX46
BramTILE,13,3,RMUX34,BramTILE,13,3,IMUX46
BramTILE,13,3,RMUX48,BramTILE,13,3,IMUX46
BramTILE,13,3,RMUX54,BramTILE,13,3,IMUX46
BramTILE,13,3,RMUX64,BramTILE,13,3,IMUX46
LogicTILE,14,3,RMUX12,BramTILE,13,3,IMUX46
LogicTILE,14,3,RMUX36,BramTILE,13,3,IMUX46
LogicTILE,14,3,RMUX60,BramTILE,13,3,IMUX46
BramTILE,13,3,RMUX17,BramTILE,13,3,IMUX47
BramTILE,13,3,RMUX23,BramTILE,13,3,IMUX47
BramTILE,13,3,RMUX29,BramTILE,13,3,IMUX47
BramTILE,13,3,RMUX35,BramTILE,13,3,IMUX47
BramTILE,13,3,RMUX41,BramTILE,13,3,IMUX47
BramTILE,13,3,RMUX53,BramTILE,13,3,IMUX47
BramTILE,13,3,RMUX59,BramTILE,13,3,IMUX47
BramTILE,13,3,RMUX65,BramTILE,13,3,IMUX47
BramTILE,13,3,RMUX71,BramTILE,13,3,IMUX47
LogicTILE,12,3,OMUX21,BramTILE,13,3,IMUX47
LogicTILE,14,3,RMUX66,BramTILE,13,3,IMUX47
BramTILE,13,3,RMUX04,BramTILE,13,3,IMUX48
BramTILE,13,3,RMUX16,BramTILE,13,3,IMUX48
BramTILE,13,3,RMUX22,BramTILE,13,3,IMUX48
BramTILE,13,3,RMUX28,BramTILE,13,3,IMUX48
BramTILE,13,3,RMUX52,BramTILE,13,3,IMUX48
BramTILE,13,3,RMUX64,BramTILE,13,3,IMUX48
BramTILE,13,3,RMUX70,BramTILE,13,3,IMUX48
BramTILE,13,3,RMUX72,BramTILE,13,3,IMUX48
BramTILE,13,3,RMUX78,BramTILE,13,3,IMUX48
LogicTILE,12,3,OMUX06,BramTILE,13,3,IMUX48
BramTILE,13,3,RMUX47,BramTILE,13,3,IMUX49
LogicTILE,14,3,RMUX18,BramTILE,13,3,IMUX49
BramTILE,13,3,RMUX52,BramTILE,13,3,IMUX50
BramTILE,13,3,RMUX58,BramTILE,13,3,IMUX50
BramTILE,13,3,RMUX64,BramTILE,13,3,IMUX50
BramTILE,13,3,RMUX76,BramTILE,13,3,IMUX50
BramTILE,13,3,RMUX82,BramTILE,13,3,IMUX50
LogicTILE,12,3,OMUX18,BramTILE,13,3,IMUX50
LogicTILE,14,3,RMUX36,BramTILE,13,3,IMUX50
LogicTILE,14,3,RMUX60,BramTILE,13,3,IMUX50
BramTILE,13,3,RMUX23,BramTILE,13,3,IMUX51
BramTILE,13,3,RMUX41,BramTILE,13,3,IMUX51
BramTILE,13,3,RMUX47,BramTILE,13,3,IMUX51
BramTILE,13,3,RMUX65,BramTILE,13,3,IMUX51
BramTILE,13,3,RMUX71,BramTILE,13,3,IMUX51
BramTILE,13,3,RMUX83,BramTILE,13,3,IMUX51
BramTILE,13,3,RMUX84,BramTILE,13,3,IMUX51
BramTILE,13,3,RMUX90,BramTILE,13,3,IMUX51
LogicTILE,12,3,OMUX09,BramTILE,13,3,IMUX51
LogicTILE,12,3,OMUX21,BramTILE,13,3,IMUX51
LogicTILE,12,3,OMUX45,BramTILE,13,3,IMUX51
BramTILE,13,3,RMUX04,BramTILE,13,3,IMUX52
BramTILE,13,3,RMUX70,BramTILE,13,3,IMUX52
BramTILE,13,3,RMUX72,BramTILE,13,3,IMUX52
BramTILE,13,3,RMUX76,BramTILE,13,3,IMUX52
BramTILE,13,3,RMUX78,BramTILE,13,3,IMUX52
BramTILE,13,3,RMUX82,BramTILE,13,3,IMUX52
LogicTILE,12,3,OMUX06,BramTILE,13,3,IMUX52
LogicTILE,14,3,RMUX36,BramTILE,13,3,IMUX52
BramTILE,13,3,RMUX29,BramTILE,13,3,IMUX53
BramTILE,13,3,RMUX35,BramTILE,13,3,IMUX53
BramTILE,13,3,RMUX89,BramTILE,13,3,IMUX53
BramTILE,13,3,RMUX95,BramTILE,13,3,IMUX53
LogicTILE,14,3,RMUX42,BramTILE,13,3,IMUX53
BramTILE,13,3,RMUX04,BramTILE,13,3,IMUX54
BramTILE,13,3,RMUX10,BramTILE,13,3,IMUX54
BramTILE,13,3,RMUX40,BramTILE,13,3,IMUX54
BramTILE,13,3,RMUX52,BramTILE,13,3,IMUX54
BramTILE,13,3,RMUX58,BramTILE,13,3,IMUX54
BramTILE,13,3,RMUX64,BramTILE,13,3,IMUX54
BramTILE,13,3,RMUX70,BramTILE,13,3,IMUX54
BramTILE,13,3,RMUX78,BramTILE,13,3,IMUX54
LogicTILE,14,3,RMUX36,BramTILE,13,3,IMUX54
LogicTILE,14,3,RMUX84,BramTILE,13,3,IMUX54
BramTILE,13,3,RMUX05,BramTILE,13,3,IMUX55
BramTILE,13,3,RMUX11,BramTILE,13,3,IMUX55
BramTILE,13,3,RMUX17,BramTILE,13,3,IMUX55
BramTILE,13,3,RMUX23,BramTILE,13,3,IMUX55
BramTILE,13,3,RMUX29,BramTILE,13,3,IMUX55
BramTILE,13,3,RMUX41,BramTILE,13,3,IMUX55
BramTILE,13,3,RMUX47,BramTILE,13,3,IMUX55
BramTILE,13,3,RMUX53,BramTILE,13,3,IMUX55
BramTILE,13,3,RMUX77,BramTILE,13,3,IMUX55
BramTILE,13,3,RMUX83,BramTILE,13,3,IMUX55
BramTILE,13,3,RMUX84,BramTILE,13,3,IMUX55
BramTILE,13,3,RMUX89,BramTILE,13,3,IMUX55
BramTILE,13,3,RMUX90,BramTILE,13,3,IMUX55
LogicTILE,12,3,OMUX33,BramTILE,13,3,IMUX55
LogicTILE,14,3,RMUX42,BramTILE,13,3,IMUX55
LogicTILE,14,3,RMUX90,BramTILE,13,3,IMUX55
BramTILE,13,3,RMUX04,BramTILE,13,3,IMUX56
BramTILE,13,3,RMUX10,BramTILE,13,3,IMUX56
BramTILE,13,3,RMUX22,BramTILE,13,3,IMUX56
BramTILE,13,3,RMUX40,BramTILE,13,3,IMUX56
BramTILE,13,3,RMUX46,BramTILE,13,3,IMUX56
BramTILE,13,3,RMUX58,BramTILE,13,3,IMUX56
BramTILE,13,3,RMUX64,BramTILE,13,3,IMUX56
BramTILE,13,3,RMUX72,BramTILE,13,3,IMUX56
BramTILE,13,3,RMUX78,BramTILE,13,3,IMUX56
BramTILE,13,3,RMUX82,BramTILE,13,3,IMUX56
LogicTILE,14,3,RMUX36,BramTILE,13,3,IMUX56
LogicTILE,14,3,RMUX84,BramTILE,13,3,IMUX56
BramTILE,13,3,RMUX05,BramTILE,13,3,IMUX57
BramTILE,13,3,RMUX41,BramTILE,13,3,IMUX57
BramTILE,13,3,RMUX84,BramTILE,13,3,IMUX57
BramTILE,13,3,RMUX90,BramTILE,13,3,IMUX57
LogicTILE,14,3,RMUX66,BramTILE,13,3,IMUX57
BramTILE,13,3,RMUX16,BramTILE,13,3,IMUX58
BramTILE,13,3,RMUX46,BramTILE,13,3,IMUX58
BramTILE,13,3,RMUX64,BramTILE,13,3,IMUX58
BramTILE,13,3,RMUX72,BramTILE,13,3,IMUX58
BramTILE,13,3,RMUX78,BramTILE,13,3,IMUX58
BramTILE,13,3,RMUX29,BramTILE,13,3,IMUX59
BramTILE,13,3,RMUX35,BramTILE,13,3,IMUX59
BramTILE,13,3,RMUX84,BramTILE,13,3,IMUX59
BramTILE,13,3,RMUX89,BramTILE,13,3,IMUX59
BramTILE,13,3,RMUX90,BramTILE,13,3,IMUX59
BramTILE,13,3,RMUX95,BramTILE,13,3,IMUX59
BramTILE,13,3,RMUX10,BramTILE,13,3,IMUX60
LogicTILE,14,3,RMUX12,BramTILE,13,3,IMUX60
BramTILE,13,3,RMUX05,BramTILE,13,3,IMUX61
BramTILE,13,3,RMUX11,BramTILE,13,3,IMUX61
BramTILE,13,3,RMUX53,BramTILE,13,3,IMUX61
BramTILE,13,3,RMUX59,BramTILE,13,3,IMUX61
LogicTILE,14,3,RMUX42,BramTILE,13,3,IMUX61
LogicTILE,14,3,RMUX66,BramTILE,13,3,IMUX61
BramTILE,13,3,RMUX72,BramTILE,13,3,IMUX62
BramTILE,13,3,RMUX82,BramTILE,13,3,IMUX62
LogicTILE,14,3,RMUX36,BramTILE,13,3,IMUX62
LogicTILE,14,3,RMUX60,BramTILE,13,3,IMUX62
BramTILE,13,3,RMUX05,BramTILE,13,3,IMUX63
BramTILE,13,3,RMUX11,BramTILE,13,3,IMUX63
BramTILE,13,3,RMUX35,BramTILE,13,3,IMUX63
BramTILE,13,3,RMUX41,BramTILE,13,3,IMUX63
BramTILE,13,3,RMUX47,BramTILE,13,3,IMUX63
BramTILE,13,3,RMUX71,BramTILE,13,3,IMUX63
BramTILE,13,3,RMUX77,BramTILE,13,3,IMUX63
BramTILE,13,3,RMUX83,BramTILE,13,3,IMUX63
BramTILE,13,3,RMUX84,BramTILE,13,3,IMUX63
LogicTILE,14,3,RMUX18,BramTILE,13,3,IMUX63
LogicTILE,14,3,RMUX66,BramTILE,13,3,IMUX63
BramTILE,13,2,RMUX73,BramTILE,13,3,RMUX00
BramTILE,13,3,RMUX25,BramTILE,13,3,RMUX00
BramTILE,13,4,RMUX25,BramTILE,13,3,RMUX00
BramTILE,13,4,RMUX73,BramTILE,13,3,RMUX00
LogicTILE,9,3,RMUX01,BramTILE,13,3,RMUX00
LogicTILE,15,3,RMUX49,BramTILE,13,3,RMUX00
LogicTILE,16,3,RMUX49,BramTILE,13,3,RMUX00
LogicTILE,17,3,RMUX49,BramTILE,13,3,RMUX00
LogicTILE,12,3,OMUX09,BramTILE,13,3,RMUX02
LogicTILE,16,3,RMUX26,BramTILE,13,3,RMUX02
LogicTILE,17,3,RMUX26,BramTILE,13,3,RMUX02
BramTILE,13,4,RMUX27,BramTILE,13,3,RMUX04
LogicTILE,12,3,RMUX51,BramTILE,13,3,RMUX04
LogicTILE,14,3,RMUX03,BramTILE,13,3,RMUX04
LogicTILE,15,3,RMUX03,BramTILE,13,3,RMUX04
LogicTILE,16,3,RMUX03,BramTILE,13,3,RMUX04
LogicTILE,17,3,RMUX03,BramTILE,13,3,RMUX04
BramTILE,13,1,RMUX75,BramTILE,13,3,RMUX05
BramTILE,13,2,RMUX75,BramTILE,13,3,RMUX05
BramTILE,13,4,RMUX27,BramTILE,13,3,RMUX05
BramTILE,13,4,RMUX75,BramTILE,13,3,RMUX05
LogicTILE,14,3,RMUX03,BramTILE,13,3,RMUX05
LogicTILE,15,3,RMUX03,BramTILE,13,3,RMUX05
LogicTILE,16,3,RMUX03,BramTILE,13,3,RMUX05
LogicTILE,17,3,RMUX03,BramTILE,13,3,RMUX05
BramTILE,13,1,RMUX73,BramTILE,13,3,RMUX06
BramTILE,13,2,RMUX73,BramTILE,13,3,RMUX06
BramTILE,13,3,RMUX25,BramTILE,13,3,RMUX06
BramTILE,13,4,RMUX25,BramTILE,13,3,RMUX06
BramTILE,13,4,RMUX73,BramTILE,13,3,RMUX06
LogicTILE,15,3,RMUX49,BramTILE,13,3,RMUX06
LogicTILE,17,3,RMUX49,BramTILE,13,3,RMUX06
LogicTILE,14,3,RMUX49,BramTILE,13,3,RMUX07
LogicTILE,15,3,RMUX49,BramTILE,13,3,RMUX07
LogicTILE,16,3,RMUX49,BramTILE,13,3,RMUX07
LogicTILE,17,3,RMUX49,BramTILE,13,3,RMUX07
BramTILE,13,1,RMUX50,BramTILE,13,3,RMUX08
BramTILE,13,4,RMUX02,BramTILE,13,3,RMUX08
BramTILE,13,4,RMUX50,BramTILE,13,3,RMUX08
BramTILE,13,2,RMUX02,BramTILE,13,3,RMUX09
BramTILE,13,4,RMUX02,BramTILE,13,3,RMUX09
LogicTILE,14,3,RMUX26,BramTILE,13,3,RMUX09
LogicTILE,15,3,RMUX26,BramTILE,13,3,RMUX09
LogicTILE,16,3,RMUX26,BramTILE,13,3,RMUX09
LogicTILE,17,3,RMUX26,BramTILE,13,3,RMUX09
BramTILE,13,4,RMUX75,BramTILE,13,3,RMUX10
LogicTILE,14,3,RMUX03,BramTILE,13,3,RMUX10
LogicTILE,15,3,RMUX03,BramTILE,13,3,RMUX10
LogicTILE,16,3,RMUX03,BramTILE,13,3,RMUX10
LogicTILE,17,3,RMUX03,BramTILE,13,3,RMUX10
BramTILE,13,4,RMUX75,BramTILE,13,3,RMUX11
LogicTILE,12,3,RMUX51,BramTILE,13,3,RMUX11
LogicTILE,14,3,RMUX03,BramTILE,13,3,RMUX11
LogicTILE,15,3,RMUX03,BramTILE,13,3,RMUX11
LogicTILE,16,3,RMUX03,BramTILE,13,3,RMUX11
LogicTILE,17,3,RMUX03,BramTILE,13,3,RMUX11
BramTILE,13,4,RMUX02,BramTILE,13,3,RMUX12
LogicTILE,12,3,RMUX74,BramTILE,13,3,RMUX12
LogicTILE,14,3,RMUX26,BramTILE,13,3,RMUX12
LogicTILE,15,3,RMUX26,BramTILE,13,3,RMUX12
LogicTILE,16,3,RMUX26,BramTILE,13,3,RMUX12
LogicTILE,17,3,RMUX26,BramTILE,13,3,RMUX12
LogicTILE,14,3,RMUX03,BramTILE,13,3,RMUX14
LogicTILE,16,3,RMUX03,BramTILE,13,3,RMUX14
LogicTILE,17,3,RMUX03,BramTILE,13,3,RMUX14
BramTILE,13,2,RMUX27,BramTILE,13,3,RMUX15
BramTILE,13,4,RMUX27,BramTILE,13,3,RMUX15
BramTILE,13,4,RMUX75,BramTILE,13,3,RMUX15
BramTILE,13,1,RMUX73,BramTILE,13,3,RMUX16
BramTILE,13,2,RMUX73,BramTILE,13,3,RMUX16
LogicTILE,14,3,RMUX49,BramTILE,13,3,RMUX16
LogicTILE,15,3,RMUX49,BramTILE,13,3,RMUX16
LogicTILE,16,3,RMUX49,BramTILE,13,3,RMUX16
LogicTILE,17,3,RMUX49,BramTILE,13,3,RMUX16
LogicTILE,14,3,RMUX49,BramTILE,13,3,RMUX17
LogicTILE,15,3,RMUX49,BramTILE,13,3,RMUX17
LogicTILE,16,3,RMUX49,BramTILE,13,3,RMUX17
LogicTILE,17,3,RMUX49,BramTILE,13,3,RMUX17
BramTILE,13,4,RMUX02,BramTILE,13,3,RMUX18
LogicTILE,12,3,RMUX74,BramTILE,13,3,RMUX18
LogicTILE,15,3,RMUX26,BramTILE,13,3,RMUX18
LogicTILE,16,3,RMUX26,BramTILE,13,3,RMUX18
LogicTILE,17,3,RMUX26,BramTILE,13,3,RMUX18
BramTILE,13,3,RMUX02,BramTILE,13,3,RMUX19
LogicTILE,14,3,RMUX26,BramTILE,13,3,RMUX19
LogicTILE,15,3,RMUX26,BramTILE,13,3,RMUX19
LogicTILE,16,3,RMUX26,BramTILE,13,3,RMUX19
LogicTILE,17,3,RMUX26,BramTILE,13,3,RMUX19
BramTILE,13,1,RMUX27,BramTILE,13,3,RMUX20
LogicTILE,12,3,OMUX09,BramTILE,13,3,RMUX21
LogicTILE,14,3,RMUX03,BramTILE,13,3,RMUX21
LogicTILE,15,3,RMUX03,BramTILE,13,3,RMUX21
LogicTILE,16,3,RMUX03,BramTILE,13,3,RMUX21
LogicTILE,17,3,RMUX03,BramTILE,13,3,RMUX21
BramTILE,13,3,RMUX25,BramTILE,13,3,RMUX22
BramTILE,13,4,RMUX73,BramTILE,13,3,RMUX22
LogicTILE,14,3,RMUX49,BramTILE,13,3,RMUX22
LogicTILE,15,3,RMUX49,BramTILE,13,3,RMUX22
LogicTILE,16,3,RMUX49,BramTILE,13,3,RMUX22
LogicTILE,17,3,RMUX49,BramTILE,13,3,RMUX22
BramTILE,13,1,RMUX25,BramTILE,13,3,RMUX23
BramTILE,13,2,RMUX73,BramTILE,13,3,RMUX23
BramTILE,13,4,RMUX73,BramTILE,13,3,RMUX23
LogicTILE,14,3,RMUX49,BramTILE,13,3,RMUX23
LogicTILE,15,3,RMUX49,BramTILE,13,3,RMUX23
LogicTILE,16,3,RMUX49,BramTILE,13,3,RMUX23
LogicTILE,17,3,RMUX49,BramTILE,13,3,RMUX23
LogicTILE,14,3,RMUX79,BramTILE,13,3,RMUX24
LogicTILE,15,3,RMUX79,BramTILE,13,3,RMUX24
LogicTILE,16,3,RMUX79,BramTILE,13,3,RMUX24
LogicTILE,17,3,RMUX79,BramTILE,13,3,RMUX24
BramTILE,13,2,RMUX07,BramTILE,13,3,RMUX25
LogicTILE,9,3,RMUX31,BramTILE,13,3,RMUX25
LogicTILE,10,3,RMUX31,BramTILE,13,3,RMUX25
LogicTILE,14,3,RMUX79,BramTILE,13,3,RMUX25
LogicTILE,15,3,RMUX79,BramTILE,13,3,RMUX25
LogicTILE,16,3,RMUX79,BramTILE,13,3,RMUX25
LogicTILE,17,3,RMUX79,BramTILE,13,3,RMUX25
BramTILE,13,1,RMUX32,BramTILE,13,3,RMUX26
LogicTILE,14,3,RMUX56,BramTILE,13,3,RMUX27
LogicTILE,15,3,RMUX56,BramTILE,13,3,RMUX27
LogicTILE,16,3,RMUX56,BramTILE,13,3,RMUX27
BramTILE,13,4,RMUX09,BramTILE,13,3,RMUX28
BramTILE,13,4,RMUX57,BramTILE,13,3,RMUX28
LogicTILE,14,3,RMUX33,BramTILE,13,3,RMUX28
LogicTILE,15,3,RMUX33,BramTILE,13,3,RMUX28
LogicTILE,16,3,RMUX33,BramTILE,13,3,RMUX28
LogicTILE,17,3,RMUX33,BramTILE,13,3,RMUX28
BramTILE,13,4,RMUX09,BramTILE,13,3,RMUX29
LogicTILE,14,3,RMUX33,BramTILE,13,3,RMUX29
LogicTILE,15,3,RMUX33,BramTILE,13,3,RMUX29
LogicTILE,16,3,RMUX33,BramTILE,13,3,RMUX29
LogicTILE,17,3,RMUX33,BramTILE,13,3,RMUX29
BramTILE,13,4,RMUX07,BramTILE,13,3,RMUX30
BramTILE,13,4,RMUX55,BramTILE,13,3,RMUX30
LogicTILE,14,3,RMUX79,BramTILE,13,3,RMUX30
LogicTILE,15,3,RMUX79,BramTILE,13,3,RMUX30
LogicTILE,16,3,RMUX79,BramTILE,13,3,RMUX30
LogicTILE,17,3,RMUX79,BramTILE,13,3,RMUX30
LogicTILE,12,3,OMUX21,BramTILE,13,3,RMUX32
LogicTILE,15,3,RMUX56,BramTILE,13,3,RMUX32
LogicTILE,17,3,RMUX56,BramTILE,13,3,RMUX32
BramTILE,13,1,RMUX32,BramTILE,13,3,RMUX33
BramTILE,13,4,RMUX80,BramTILE,13,3,RMUX33
BramTILE,13,4,RMUX09,BramTILE,13,3,RMUX34
LogicTILE,12,3,RMUX81,BramTILE,13,3,RMUX34
LogicTILE,14,3,RMUX33,BramTILE,13,3,RMUX34
LogicTILE,15,3,RMUX33,BramTILE,13,3,RMUX34
LogicTILE,16,3,RMUX33,BramTILE,13,3,RMUX34
LogicTILE,17,3,RMUX33,BramTILE,13,3,RMUX34
BramTILE,13,3,RMUX09,BramTILE,13,3,RMUX35
BramTILE,13,4,RMUX57,BramTILE,13,3,RMUX35
LogicTILE,15,3,RMUX33,BramTILE,13,3,RMUX35
LogicTILE,16,3,RMUX33,BramTILE,13,3,RMUX35
LogicTILE,17,3,RMUX33,BramTILE,13,3,RMUX35
LogicTILE,14,3,RMUX56,BramTILE,13,3,RMUX36
LogicTILE,15,3,RMUX56,BramTILE,13,3,RMUX36
LogicTILE,16,3,RMUX56,BramTILE,13,3,RMUX36
LogicTILE,17,3,RMUX56,BramTILE,13,3,RMUX36
BramTILE,13,1,RMUX32,BramTILE,13,3,RMUX37
LogicTILE,12,3,OMUX18,BramTILE,13,3,RMUX37
LogicTILE,14,3,RMUX56,BramTILE,13,3,RMUX37
LogicTILE,15,3,RMUX56,BramTILE,13,3,RMUX37
LogicTILE,16,3,RMUX56,BramTILE,13,3,RMUX37
LogicTILE,17,3,RMUX56,BramTILE,13,3,RMUX37
BramTILE,13,4,RMUX57,BramTILE,13,3,RMUX39
LogicTILE,14,3,RMUX33,BramTILE,13,3,RMUX39
LogicTILE,15,3,RMUX33,BramTILE,13,3,RMUX39
LogicTILE,16,3,RMUX33,BramTILE,13,3,RMUX39
LogicTILE,17,3,RMUX33,BramTILE,13,3,RMUX39
BramTILE,13,1,RMUX55,BramTILE,13,3,RMUX40
BramTILE,13,2,RMUX55,BramTILE,13,3,RMUX40
BramTILE,13,4,RMUX07,BramTILE,13,3,RMUX40
BramTILE,13,4,RMUX55,BramTILE,13,3,RMUX40
LogicTILE,9,3,RMUX31,BramTILE,13,3,RMUX40
LogicTILE,14,3,RMUX79,BramTILE,13,3,RMUX40
LogicTILE,15,3,RMUX79,BramTILE,13,3,RMUX40
LogicTILE,16,3,RMUX79,BramTILE,13,3,RMUX40
LogicTILE,17,3,RMUX79,BramTILE,13,3,RMUX40
BramTILE,13,1,RMUX07,BramTILE,13,3,RMUX41
BramTILE,13,4,RMUX07,BramTILE,13,3,RMUX41
BramTILE,13,4,RMUX55,BramTILE,13,3,RMUX41
LogicTILE,9,3,RMUX31,BramTILE,13,3,RMUX41
LogicTILE,14,3,RMUX79,BramTILE,13,3,RMUX41
LogicTILE,15,3,RMUX79,BramTILE,13,3,RMUX41
LogicTILE,17,3,RMUX79,BramTILE,13,3,RMUX41
BramTILE,13,2,RMUX80,BramTILE,13,3,RMUX42
LogicTILE,12,3,RMUX08,BramTILE,13,3,RMUX42
LogicTILE,14,3,RMUX56,BramTILE,13,3,RMUX42
LogicTILE,15,3,RMUX56,BramTILE,13,3,RMUX42
LogicTILE,16,3,RMUX56,BramTILE,13,3,RMUX42
LogicTILE,17,3,RMUX56,BramTILE,13,3,RMUX42
LogicTILE,16,3,RMUX33,BramTILE,13,3,RMUX44
BramTILE,13,1,RMUX57,BramTILE,13,3,RMUX45
BramTILE,13,2,RMUX09,BramTILE,13,3,RMUX45
BramTILE,13,4,RMUX09,BramTILE,13,3,RMUX45
BramTILE,13,4,RMUX57,BramTILE,13,3,RMUX45
BramTILE,13,2,RMUX55,BramTILE,13,3,RMUX46
BramTILE,13,4,RMUX07,BramTILE,13,3,RMUX46
BramTILE,13,4,RMUX55,BramTILE,13,3,RMUX46
LogicTILE,9,3,RMUX31,BramTILE,13,3,RMUX46
LogicTILE,10,3,RMUX31,BramTILE,13,3,RMUX46
LogicTILE,14,3,RMUX79,BramTILE,13,3,RMUX46
LogicTILE,15,3,RMUX79,BramTILE,13,3,RMUX46
LogicTILE,16,3,RMUX79,BramTILE,13,3,RMUX46
LogicTILE,17,3,RMUX79,BramTILE,13,3,RMUX46
BramTILE,13,1,RMUX55,BramTILE,13,3,RMUX47
BramTILE,13,4,RMUX07,BramTILE,13,3,RMUX47
LogicTILE,9,3,RMUX31,BramTILE,13,3,RMUX47
LogicTILE,12,3,RMUX31,BramTILE,13,3,RMUX47
LogicTILE,14,3,RMUX79,BramTILE,13,3,RMUX47
LogicTILE,15,3,RMUX79,BramTILE,13,3,RMUX47
LogicTILE,16,3,RMUX79,BramTILE,13,3,RMUX47
LogicTILE,17,3,RMUX79,BramTILE,13,3,RMUX47
BramTILE,13,2,RMUX85,BramTILE,13,3,RMUX48
BramTILE,13,3,RMUX85,BramTILE,13,3,RMUX48
BramTILE,13,4,RMUX85,BramTILE,13,3,RMUX48
LogicTILE,14,3,RMUX13,BramTILE,13,3,RMUX48
LogicTILE,15,3,RMUX13,BramTILE,13,3,RMUX48
LogicTILE,16,3,RMUX13,BramTILE,13,3,RMUX48
LogicTILE,17,3,RMUX13,BramTILE,13,3,RMUX48
BramTILE,13,1,RMUX85,BramTILE,13,3,RMUX49
BramTILE,13,3,RMUX85,BramTILE,13,3,RMUX49
BramTILE,13,2,RMUX62,BramTILE,13,3,RMUX50
LogicTILE,12,3,OMUX30,BramTILE,13,3,RMUX50
LogicTILE,16,3,RMUX86,BramTILE,13,3,RMUX50
BramTILE,13,4,RMUX62,BramTILE,13,3,RMUX51
BramTILE,13,4,RMUX39,BramTILE,13,3,RMUX52
BramTILE,13,4,RMUX87,BramTILE,13,3,RMUX52
LogicTILE,12,3,RMUX15,BramTILE,13,3,RMUX52
LogicTILE,14,3,RMUX63,BramTILE,13,3,RMUX52
LogicTILE,15,3,RMUX63,BramTILE,13,3,RMUX52
LogicTILE,16,3,RMUX63,BramTILE,13,3,RMUX52
LogicTILE,17,3,RMUX63,BramTILE,13,3,RMUX52
LogicTILE,14,3,RMUX63,BramTILE,13,3,RMUX53
LogicTILE,15,3,RMUX63,BramTILE,13,3,RMUX53
LogicTILE,16,3,RMUX63,BramTILE,13,3,RMUX53
LogicTILE,17,3,RMUX63,BramTILE,13,3,RMUX53
BramTILE,13,2,RMUX85,BramTILE,13,3,RMUX54
LogicTILE,12,3,RMUX61,BramTILE,13,3,RMUX54
LogicTILE,14,3,RMUX13,BramTILE,13,3,RMUX54
LogicTILE,15,3,RMUX13,BramTILE,13,3,RMUX54
LogicTILE,16,3,RMUX13,BramTILE,13,3,RMUX54
LogicTILE,17,3,RMUX13,BramTILE,13,3,RMUX54
BramTILE,13,1,RMUX85,BramTILE,13,3,RMUX55
BramTILE,13,4,RMUX37,BramTILE,13,3,RMUX55
LogicTILE,14,3,RMUX13,BramTILE,13,3,RMUX55
LogicTILE,15,3,RMUX13,BramTILE,13,3,RMUX55
LogicTILE,16,3,RMUX13,BramTILE,13,3,RMUX55
LogicTILE,17,3,RMUX13,BramTILE,13,3,RMUX55
LogicTILE,14,3,RMUX86,BramTILE,13,3,RMUX57
LogicTILE,16,3,RMUX86,BramTILE,13,3,RMUX57
LogicTILE,17,3,RMUX86,BramTILE,13,3,RMUX57
BramTILE,13,3,RMUX39,BramTILE,13,3,RMUX58
BramTILE,13,4,RMUX87,BramTILE,13,3,RMUX58
LogicTILE,12,3,RMUX15,BramTILE,13,3,RMUX58
LogicTILE,14,3,RMUX63,BramTILE,13,3,RMUX58
LogicTILE,15,3,RMUX63,BramTILE,13,3,RMUX58
LogicTILE,16,3,RMUX63,BramTILE,13,3,RMUX58
LogicTILE,17,3,RMUX63,BramTILE,13,3,RMUX58
BramTILE,13,3,RMUX39,BramTILE,13,3,RMUX59
BramTILE,13,4,RMUX87,BramTILE,13,3,RMUX59
LogicTILE,14,3,RMUX63,BramTILE,13,3,RMUX59
LogicTILE,15,3,RMUX63,BramTILE,13,3,RMUX59
LogicTILE,16,3,RMUX63,BramTILE,13,3,RMUX59
LogicTILE,17,3,RMUX63,BramTILE,13,3,RMUX59
LogicTILE,14,3,RMUX86,BramTILE,13,3,RMUX60
LogicTILE,15,3,RMUX86,BramTILE,13,3,RMUX60
LogicTILE,16,3,RMUX86,BramTILE,13,3,RMUX60
LogicTILE,17,3,RMUX86,BramTILE,13,3,RMUX60
BramTILE,13,2,RMUX14,BramTILE,13,3,RMUX61
BramTILE,13,4,RMUX62,BramTILE,13,3,RMUX61
LogicTILE,15,3,RMUX63,BramTILE,13,3,RMUX62
LogicTILE,17,3,RMUX63,BramTILE,13,3,RMUX62
BramTILE,13,1,RMUX85,BramTILE,13,3,RMUX64
BramTILE,13,2,RMUX85,BramTILE,13,3,RMUX64
BramTILE,13,3,RMUX85,BramTILE,13,3,RMUX64
BramTILE,13,4,RMUX37,BramTILE,13,3,RMUX64
LogicTILE,11,3,RMUX61,BramTILE,13,3,RMUX64
LogicTILE,14,3,RMUX13,BramTILE,13,3,RMUX64
LogicTILE,15,3,RMUX13,BramTILE,13,3,RMUX64
LogicTILE,16,3,RMUX13,BramTILE,13,3,RMUX64
LogicTILE,17,3,RMUX13,BramTILE,13,3,RMUX64
BramTILE,13,1,RMUX85,BramTILE,13,3,RMUX65
BramTILE,13,2,RMUX85,BramTILE,13,3,RMUX65
BramTILE,13,4,RMUX85,BramTILE,13,3,RMUX65
LogicTILE,12,3,OMUX30,BramTILE,13,3,RMUX65
LogicTILE,12,3,RMUX61,BramTILE,13,3,RMUX65
LogicTILE,14,3,RMUX13,BramTILE,13,3,RMUX65
LogicTILE,15,3,RMUX13,BramTILE,13,3,RMUX65
LogicTILE,16,3,RMUX13,BramTILE,13,3,RMUX65
LogicTILE,17,3,RMUX13,BramTILE,13,3,RMUX65
LogicTILE,14,3,RMUX86,BramTILE,13,3,RMUX66
LogicTILE,15,3,RMUX86,BramTILE,13,3,RMUX66
LogicTILE,16,3,RMUX86,BramTILE,13,3,RMUX66
LogicTILE,17,3,RMUX86,BramTILE,13,3,RMUX66
BramTILE,13,4,RMUX62,BramTILE,13,3,RMUX67
LogicTILE,14,3,RMUX86,BramTILE,13,3,RMUX67
LogicTILE,15,3,RMUX86,BramTILE,13,3,RMUX67
LogicTILE,16,3,RMUX86,BramTILE,13,3,RMUX67
LogicTILE,17,3,RMUX86,BramTILE,13,3,RMUX67
BramTILE,13,1,RMUX39,BramTILE,13,3,RMUX68
BramTILE,13,2,RMUX39,BramTILE,13,3,RMUX68
BramTILE,13,4,RMUX87,BramTILE,13,3,RMUX68
LogicTILE,12,3,OMUX30,BramTILE,13,3,RMUX69
LogicTILE,14,3,RMUX63,BramTILE,13,3,RMUX69
LogicTILE,15,3,RMUX63,BramTILE,13,3,RMUX69
LogicTILE,16,3,RMUX63,BramTILE,13,3,RMUX69
LogicTILE,17,3,RMUX63,BramTILE,13,3,RMUX69
BramTILE,13,1,RMUX85,BramTILE,13,3,RMUX70
BramTILE,13,2,RMUX37,BramTILE,13,3,RMUX70
BramTILE,13,2,RMUX85,BramTILE,13,3,RMUX70
LogicTILE,12,3,RMUX61,BramTILE,13,3,RMUX70
LogicTILE,14,3,RMUX13,BramTILE,13,3,RMUX70
LogicTILE,15,3,RMUX13,BramTILE,13,3,RMUX70
LogicTILE,16,3,RMUX13,BramTILE,13,3,RMUX70
LogicTILE,17,3,RMUX13,BramTILE,13,3,RMUX70
BramTILE,13,1,RMUX85,BramTILE,13,3,RMUX71
BramTILE,13,2,RMUX37,BramTILE,13,3,RMUX71
BramTILE,13,2,RMUX85,BramTILE,13,3,RMUX71
BramTILE,13,4,RMUX37,BramTILE,13,3,RMUX71
BramTILE,13,4,RMUX85,BramTILE,13,3,RMUX71
LogicTILE,14,3,RMUX13,BramTILE,13,3,RMUX71
LogicTILE,15,3,RMUX13,BramTILE,13,3,RMUX71
LogicTILE,16,3,RMUX13,BramTILE,13,3,RMUX71
LogicTILE,17,3,RMUX13,BramTILE,13,3,RMUX71
BramTILE,13,3,RMUX19,BramTILE,13,3,RMUX72
BramTILE,13,4,RMUX19,BramTILE,13,3,RMUX72
BramTILE,13,4,RMUX67,BramTILE,13,3,RMUX72
LogicTILE,12,3,RMUX91,BramTILE,13,3,RMUX72
LogicTILE,14,3,RMUX43,BramTILE,13,3,RMUX72
LogicTILE,15,3,RMUX43,BramTILE,13,3,RMUX72
LogicTILE,16,3,RMUX43,BramTILE,13,3,RMUX72
LogicTILE,17,3,RMUX43,BramTILE,13,3,RMUX72
BramTILE,13,2,RMUX19,BramTILE,13,3,RMUX73
BramTILE,13,4,RMUX67,BramTILE,13,3,RMUX73
LogicTILE,14,3,RMUX43,BramTILE,13,3,RMUX73
LogicTILE,15,3,RMUX43,BramTILE,13,3,RMUX73
LogicTILE,16,3,RMUX43,BramTILE,13,3,RMUX73
LogicTILE,17,3,RMUX43,BramTILE,13,3,RMUX73
BramTILE,13,4,RMUX44,BramTILE,13,3,RMUX74
BramTILE,13,4,RMUX92,BramTILE,13,3,RMUX74
LogicTILE,14,3,RMUX20,BramTILE,13,3,RMUX75
LogicTILE,15,3,RMUX20,BramTILE,13,3,RMUX75
LogicTILE,16,3,RMUX20,BramTILE,13,3,RMUX75
LogicTILE,17,3,RMUX20,BramTILE,13,3,RMUX75
BramTILE,13,1,RMUX69,BramTILE,13,3,RMUX76
BramTILE,13,2,RMUX69,BramTILE,13,3,RMUX76
LogicTILE,14,3,RMUX93,BramTILE,13,3,RMUX76
LogicTILE,15,3,RMUX93,BramTILE,13,3,RMUX76
LogicTILE,16,3,RMUX93,BramTILE,13,3,RMUX76
LogicTILE,17,3,RMUX93,BramTILE,13,3,RMUX76
BramTILE,13,2,RMUX69,BramTILE,13,3,RMUX77
LogicTILE,14,3,RMUX93,BramTILE,13,3,RMUX77
LogicTILE,15,3,RMUX93,BramTILE,13,3,RMUX77
LogicTILE,16,3,RMUX93,BramTILE,13,3,RMUX77
LogicTILE,17,3,RMUX93,BramTILE,13,3,RMUX77
BramTILE,13,1,RMUX19,BramTILE,13,3,RMUX78
BramTILE,13,2,RMUX19,BramTILE,13,3,RMUX78
BramTILE,13,4,RMUX19,BramTILE,13,3,RMUX78
BramTILE,13,4,RMUX67,BramTILE,13,3,RMUX78
LogicTILE,12,3,RMUX91,BramTILE,13,3,RMUX78
LogicTILE,15,3,RMUX43,BramTILE,13,3,RMUX78
LogicTILE,16,3,RMUX43,BramTILE,13,3,RMUX78
LogicTILE,17,3,RMUX43,BramTILE,13,3,RMUX78
BramTILE,13,1,RMUX19,BramTILE,13,3,RMUX79
BramTILE,13,2,RMUX44,BramTILE,13,3,RMUX80
BramTILE,13,2,RMUX92,BramTILE,13,3,RMUX80
LogicTILE,12,3,OMUX42,BramTILE,13,3,RMUX80
LogicTILE,15,3,RMUX20,BramTILE,13,3,RMUX80
LogicTILE,16,3,RMUX20,BramTILE,13,3,RMUX80
LogicTILE,17,3,RMUX20,BramTILE,13,3,RMUX80
BramTILE,13,1,RMUX44,BramTILE,13,3,RMUX81
BramTILE,13,4,RMUX44,BramTILE,13,3,RMUX81
BramTILE,13,4,RMUX92,BramTILE,13,3,RMUX81
LogicTILE,14,3,RMUX20,BramTILE,13,3,RMUX81
BramTILE,13,1,RMUX69,BramTILE,13,3,RMUX82
BramTILE,13,2,RMUX69,BramTILE,13,3,RMUX82
BramTILE,13,4,RMUX21,BramTILE,13,3,RMUX82
BramTILE,13,4,RMUX69,BramTILE,13,3,RMUX82
LogicTILE,14,3,RMUX93,BramTILE,13,3,RMUX82
LogicTILE,15,3,RMUX93,BramTILE,13,3,RMUX82
LogicTILE,16,3,RMUX93,BramTILE,13,3,RMUX82
LogicTILE,17,3,RMUX93,BramTILE,13,3,RMUX82
BramTILE,13,2,RMUX69,BramTILE,13,3,RMUX83
BramTILE,13,4,RMUX69,BramTILE,13,3,RMUX83
LogicTILE,12,3,RMUX45,BramTILE,13,3,RMUX83
LogicTILE,14,3,RMUX93,BramTILE,13,3,RMUX83
LogicTILE,15,3,RMUX93,BramTILE,13,3,RMUX83
LogicTILE,16,3,RMUX93,BramTILE,13,3,RMUX83
LogicTILE,17,3,RMUX93,BramTILE,13,3,RMUX83
BramTILE,13,2,RMUX44,BramTILE,13,3,RMUX84
LogicTILE,14,3,RMUX20,BramTILE,13,3,RMUX84
LogicTILE,15,3,RMUX20,BramTILE,13,3,RMUX84
LogicTILE,16,3,RMUX20,BramTILE,13,3,RMUX84
LogicTILE,17,3,RMUX20,BramTILE,13,3,RMUX84
BramTILE,13,1,RMUX92,BramTILE,13,3,RMUX85
LogicTILE,12,3,RMUX68,BramTILE,13,3,RMUX85
LogicTILE,14,3,RMUX20,BramTILE,13,3,RMUX85
LogicTILE,15,3,RMUX20,BramTILE,13,3,RMUX85
LogicTILE,16,3,RMUX20,BramTILE,13,3,RMUX85
LogicTILE,17,3,RMUX20,BramTILE,13,3,RMUX85
BramTILE,13,4,RMUX69,BramTILE,13,3,RMUX86
LogicTILE,12,3,RMUX45,BramTILE,13,3,RMUX87
LogicTILE,14,3,RMUX93,BramTILE,13,3,RMUX87
LogicTILE,16,3,RMUX93,BramTILE,13,3,RMUX87
LogicTILE,17,3,RMUX93,BramTILE,13,3,RMUX87
BramTILE,13,4,RMUX19,BramTILE,13,3,RMUX88
LogicTILE,11,3,RMUX91,BramTILE,13,3,RMUX88
LogicTILE,14,3,RMUX43,BramTILE,13,3,RMUX88
LogicTILE,15,3,RMUX43,BramTILE,13,3,RMUX88
LogicTILE,16,3,RMUX43,BramTILE,13,3,RMUX88
LogicTILE,17,3,RMUX43,BramTILE,13,3,RMUX88
BramTILE,13,1,RMUX19,BramTILE,13,3,RMUX89
BramTILE,13,2,RMUX19,BramTILE,13,3,RMUX89
BramTILE,13,3,RMUX19,BramTILE,13,3,RMUX89
BramTILE,13,4,RMUX19,BramTILE,13,3,RMUX89
BramTILE,13,4,RMUX67,BramTILE,13,3,RMUX89
LogicTILE,12,3,RMUX91,BramTILE,13,3,RMUX89
LogicTILE,14,3,RMUX43,BramTILE,13,3,RMUX89
LogicTILE,15,3,RMUX43,BramTILE,13,3,RMUX89
LogicTILE,16,3,RMUX43,BramTILE,13,3,RMUX89
LogicTILE,17,3,RMUX43,BramTILE,13,3,RMUX89
BramTILE,13,2,RMUX44,BramTILE,13,3,RMUX90
BramTILE,13,4,RMUX44,BramTILE,13,3,RMUX90
LogicTILE,10,3,RMUX68,BramTILE,13,3,RMUX90
LogicTILE,14,3,RMUX20,BramTILE,13,3,RMUX90
LogicTILE,15,3,RMUX20,BramTILE,13,3,RMUX90
LogicTILE,16,3,RMUX20,BramTILE,13,3,RMUX90
LogicTILE,17,3,RMUX20,BramTILE,13,3,RMUX90
BramTILE,13,3,RMUX69,BramTILE,13,3,RMUX92
BramTILE,13,4,RMUX21,BramTILE,13,3,RMUX92
LogicTILE,14,3,RMUX93,BramTILE,13,3,RMUX92
LogicTILE,16,3,RMUX93,BramTILE,13,3,RMUX92
LogicTILE,17,3,RMUX93,BramTILE,13,3,RMUX93
BramTILE,13,2,RMUX19,BramTILE,13,3,RMUX94
BramTILE,13,4,RMUX19,BramTILE,13,3,RMUX94
BramTILE,13,4,RMUX67,BramTILE,13,3,RMUX94
LogicTILE,14,3,RMUX43,BramTILE,13,3,RMUX94
LogicTILE,15,3,RMUX43,BramTILE,13,3,RMUX94
LogicTILE,16,3,RMUX43,BramTILE,13,3,RMUX94
LogicTILE,17,3,RMUX43,BramTILE,13,3,RMUX94
BramTILE,13,1,RMUX19,BramTILE,13,3,RMUX95
BramTILE,13,2,RMUX67,BramTILE,13,3,RMUX95
BramTILE,13,4,RMUX19,BramTILE,13,3,RMUX95
BramTILE,13,4,RMUX67,BramTILE,13,3,RMUX95
LogicTILE,11,3,RMUX91,BramTILE,13,3,RMUX95
LogicTILE,12,3,RMUX91,BramTILE,13,3,RMUX95
LogicTILE,14,3,RMUX43,BramTILE,13,3,RMUX95
LogicTILE,15,3,RMUX43,BramTILE,13,3,RMUX95
LogicTILE,16,3,RMUX43,BramTILE,13,3,RMUX95
LogicTILE,17,3,RMUX43,BramTILE,13,3,RMUX95
BramTILE,13,4,RMUX29,BramTILE,13,4,CtrlMUX01
LogicTILE,14,4,RMUX84,BramTILE,13,4,CtrlMUX02
BramTILE,13,4,IMUX01,BramTILE,13,4,IMUX00
BramTILE,13,4,RMUX00,BramTILE,13,4,IMUX00
BramTILE,13,4,RMUX04,BramTILE,13,4,IMUX00
BramTILE,13,4,RMUX06,BramTILE,13,4,IMUX00
BramTILE,13,4,RMUX10,BramTILE,13,4,IMUX00
BramTILE,13,4,RMUX40,BramTILE,13,4,IMUX00
BramTILE,13,4,RMUX46,BramTILE,13,4,IMUX00
BramTILE,13,4,RMUX52,BramTILE,13,4,IMUX00
BramTILE,13,4,RMUX58,BramTILE,13,4,IMUX00
BramTILE,13,4,RMUX64,BramTILE,13,4,IMUX00
BramTILE,13,4,RMUX70,BramTILE,13,4,IMUX00
LogicTILE,12,4,OMUX00,BramTILE,13,4,IMUX00
LogicTILE,12,4,OMUX36,BramTILE,13,4,IMUX00
LogicTILE,14,4,RMUX00,BramTILE,13,4,IMUX00
LogicTILE,14,4,RMUX48,BramTILE,13,4,IMUX00
BramTILE,13,4,RMUX05,BramTILE,13,4,IMUX01
BramTILE,13,4,RMUX11,BramTILE,13,4,IMUX01
BramTILE,13,4,RMUX18,BramTILE,13,4,IMUX01
BramTILE,13,4,RMUX23,BramTILE,13,4,IMUX01
BramTILE,13,4,RMUX29,BramTILE,13,4,IMUX01
BramTILE,13,4,RMUX41,BramTILE,13,4,IMUX01
BramTILE,13,4,RMUX47,BramTILE,13,4,IMUX01
BramTILE,13,4,RMUX59,BramTILE,13,4,IMUX01
BramTILE,13,4,RMUX65,BramTILE,13,4,IMUX01
BramTILE,13,4,RMUX71,BramTILE,13,4,IMUX01
BramTILE,13,4,RMUX77,BramTILE,13,4,IMUX01
BramTILE,13,4,RMUX83,BramTILE,13,4,IMUX01
BramTILE,13,4,RMUX95,BramTILE,13,4,IMUX01
LogicTILE,12,4,OMUX03,BramTILE,13,4,IMUX01
LogicTILE,12,4,OMUX15,BramTILE,13,4,IMUX01
LogicTILE,12,4,OMUX27,BramTILE,13,4,IMUX01
LogicTILE,12,4,OMUX39,BramTILE,13,4,IMUX01
LogicTILE,14,4,RMUX30,BramTILE,13,4,IMUX01
LogicTILE,14,4,RMUX54,BramTILE,13,4,IMUX01
LogicTILE,14,4,RMUX78,BramTILE,13,4,IMUX01
BramTILE,13,4,IMUX12,BramTILE,13,4,IMUX02
BramTILE,13,4,RMUX00,BramTILE,13,4,IMUX02
BramTILE,13,4,RMUX04,BramTILE,13,4,IMUX02
BramTILE,13,4,RMUX06,BramTILE,13,4,IMUX02
BramTILE,13,4,RMUX10,BramTILE,13,4,IMUX02
BramTILE,13,4,RMUX40,BramTILE,13,4,IMUX02
BramTILE,13,4,RMUX46,BramTILE,13,4,IMUX02
BramTILE,13,4,RMUX52,BramTILE,13,4,IMUX02
BramTILE,13,4,RMUX58,BramTILE,13,4,IMUX02
BramTILE,13,4,RMUX64,BramTILE,13,4,IMUX02
BramTILE,13,4,RMUX70,BramTILE,13,4,IMUX02
BramTILE,13,4,RMUX76,BramTILE,13,4,IMUX02
BramTILE,13,4,RMUX82,BramTILE,13,4,IMUX02
LogicTILE,14,4,RMUX00,BramTILE,13,4,IMUX02
LogicTILE,14,4,RMUX24,BramTILE,13,4,IMUX02
LogicTILE,14,4,RMUX48,BramTILE,13,4,IMUX02
BramTILE,13,4,IMUX04,BramTILE,13,4,IMUX03
BramTILE,13,4,RMUX12,BramTILE,13,4,IMUX03
BramTILE,13,4,RMUX17,BramTILE,13,4,IMUX03
BramTILE,13,4,RMUX18,BramTILE,13,4,IMUX03
BramTILE,13,4,RMUX29,BramTILE,13,4,IMUX03
BramTILE,13,4,RMUX35,BramTILE,13,4,IMUX03
BramTILE,13,4,RMUX65,BramTILE,13,4,IMUX03
BramTILE,13,4,RMUX71,BramTILE,13,4,IMUX03
LogicTILE,12,4,OMUX03,BramTILE,13,4,IMUX03
LogicTILE,14,4,RMUX30,BramTILE,13,4,IMUX03
LogicTILE,14,4,RMUX54,BramTILE,13,4,IMUX03
LogicTILE,14,4,RMUX78,BramTILE,13,4,IMUX03
BramTILE,13,4,IMUX05,BramTILE,13,4,IMUX04
BramTILE,13,4,RMUX28,BramTILE,13,4,IMUX04
BramTILE,13,4,RMUX88,BramTILE,13,4,IMUX04
BramTILE,13,4,RMUX94,BramTILE,13,4,IMUX04
LogicTILE,12,4,OMUX24,BramTILE,13,4,IMUX04
LogicTILE,14,4,RMUX00,BramTILE,13,4,IMUX04
LogicTILE,14,4,RMUX24,BramTILE,13,4,IMUX04
BramTILE,13,4,IMUX06,BramTILE,13,4,IMUX05
BramTILE,13,4,RMUX11,BramTILE,13,4,IMUX05
BramTILE,13,4,RMUX12,BramTILE,13,4,IMUX05
BramTILE,13,4,RMUX71,BramTILE,13,4,IMUX05
LogicTILE,14,4,RMUX06,BramTILE,13,4,IMUX05
LogicTILE,14,4,RMUX30,BramTILE,13,4,IMUX05
BramTILE,13,4,IMUX07,BramTILE,13,4,IMUX06
BramTILE,13,4,RMUX04,BramTILE,13,4,IMUX06
BramTILE,13,4,RMUX06,BramTILE,13,4,IMUX06
BramTILE,13,4,RMUX10,BramTILE,13,4,IMUX06
BramTILE,13,4,RMUX40,BramTILE,13,4,IMUX06
BramTILE,13,4,RMUX46,BramTILE,13,4,IMUX06
BramTILE,13,4,RMUX52,BramTILE,13,4,IMUX06
BramTILE,13,4,RMUX58,BramTILE,13,4,IMUX06
BramTILE,13,4,RMUX64,BramTILE,13,4,IMUX06
BramTILE,13,4,RMUX70,BramTILE,13,4,IMUX06
LogicTILE,12,4,OMUX00,BramTILE,13,4,IMUX06
LogicTILE,12,4,OMUX36,BramTILE,13,4,IMUX06
LogicTILE,14,4,RMUX48,BramTILE,13,4,IMUX06
BramTILE,13,4,IMUX08,BramTILE,13,4,IMUX07
BramTILE,13,4,RMUX05,BramTILE,13,4,IMUX07
BramTILE,13,4,RMUX12,BramTILE,13,4,IMUX07
BramTILE,13,4,RMUX18,BramTILE,13,4,IMUX07
BramTILE,13,4,RMUX41,BramTILE,13,4,IMUX07
BramTILE,13,4,RMUX47,BramTILE,13,4,IMUX07
BramTILE,13,4,RMUX65,BramTILE,13,4,IMUX07
BramTILE,13,4,RMUX77,BramTILE,13,4,IMUX07
BramTILE,13,4,RMUX89,BramTILE,13,4,IMUX07
BramTILE,13,4,RMUX95,BramTILE,13,4,IMUX07
LogicTILE,12,4,OMUX39,BramTILE,13,4,IMUX07
LogicTILE,14,4,RMUX30,BramTILE,13,4,IMUX07
LogicTILE,14,4,RMUX54,BramTILE,13,4,IMUX07
LogicTILE,14,4,RMUX78,BramTILE,13,4,IMUX07
BramTILE,13,4,IMUX09,BramTILE,13,4,IMUX08
BramTILE,13,4,RMUX28,BramTILE,13,4,IMUX08
BramTILE,13,4,RMUX34,BramTILE,13,4,IMUX08
BramTILE,13,4,RMUX64,BramTILE,13,4,IMUX08
BramTILE,13,4,RMUX76,BramTILE,13,4,IMUX08
BramTILE,13,4,RMUX82,BramTILE,13,4,IMUX08
BramTILE,13,4,RMUX88,BramTILE,13,4,IMUX08
BramTILE,13,4,RMUX94,BramTILE,13,4,IMUX08
LogicTILE,14,4,RMUX72,BramTILE,13,4,IMUX08
BramTILE,13,4,IMUX10,BramTILE,13,4,IMUX09
BramTILE,13,4,RMUX12,BramTILE,13,4,IMUX09
BramTILE,13,4,RMUX47,BramTILE,13,4,IMUX09
BramTILE,13,4,RMUX53,BramTILE,13,4,IMUX09
BramTILE,13,4,RMUX59,BramTILE,13,4,IMUX09
BramTILE,13,4,RMUX77,BramTILE,13,4,IMUX09
BramTILE,13,4,RMUX83,BramTILE,13,4,IMUX09
BramTILE,13,4,RMUX89,BramTILE,13,4,IMUX09
LogicTILE,14,4,RMUX06,BramTILE,13,4,IMUX09
LogicTILE,14,4,RMUX30,BramTILE,13,4,IMUX09
LogicTILE,14,4,RMUX54,BramTILE,13,4,IMUX09
LogicTILE,14,4,RMUX78,BramTILE,13,4,IMUX09
BramTILE,13,4,IMUX11,BramTILE,13,4,IMUX10
BramTILE,13,4,RMUX00,BramTILE,13,4,IMUX10
BramTILE,13,4,RMUX04,BramTILE,13,4,IMUX10
BramTILE,13,4,RMUX06,BramTILE,13,4,IMUX10
BramTILE,13,4,RMUX10,BramTILE,13,4,IMUX10
BramTILE,13,4,RMUX40,BramTILE,13,4,IMUX10
BramTILE,13,4,RMUX46,BramTILE,13,4,IMUX10
BramTILE,13,4,RMUX64,BramTILE,13,4,IMUX10
LogicTILE,12,4,OMUX36,BramTILE,13,4,IMUX10
LogicTILE,14,4,RMUX72,BramTILE,13,4,IMUX10
BramTILE,13,4,IMUX00,BramTILE,13,4,IMUX11
BramTILE,13,4,RMUX11,BramTILE,13,4,IMUX11
BramTILE,13,4,RMUX12,BramTILE,13,4,IMUX11
BramTILE,13,4,RMUX18,BramTILE,13,4,IMUX11
BramTILE,13,4,RMUX23,BramTILE,13,4,IMUX11
BramTILE,13,4,RMUX29,BramTILE,13,4,IMUX11
BramTILE,13,4,RMUX35,BramTILE,13,4,IMUX11
BramTILE,13,4,RMUX41,BramTILE,13,4,IMUX11
BramTILE,13,4,RMUX47,BramTILE,13,4,IMUX11
BramTILE,13,4,RMUX59,BramTILE,13,4,IMUX11
BramTILE,13,4,RMUX65,BramTILE,13,4,IMUX11
BramTILE,13,4,RMUX89,BramTILE,13,4,IMUX11
BramTILE,13,4,RMUX95,BramTILE,13,4,IMUX11
LogicTILE,14,4,RMUX54,BramTILE,13,4,IMUX11
BramTILE,13,4,RMUX00,BramTILE,13,4,IMUX12
BramTILE,13,4,RMUX06,BramTILE,13,4,IMUX12
BramTILE,13,4,RMUX10,BramTILE,13,4,IMUX12
BramTILE,13,4,RMUX34,BramTILE,13,4,IMUX12
BramTILE,13,4,RMUX46,BramTILE,13,4,IMUX12
BramTILE,13,4,RMUX64,BramTILE,13,4,IMUX12
BramTILE,13,4,RMUX76,BramTILE,13,4,IMUX12
BramTILE,13,4,RMUX82,BramTILE,13,4,IMUX12
BramTILE,13,4,RMUX88,BramTILE,13,4,IMUX12
LogicTILE,14,4,RMUX48,BramTILE,13,4,IMUX12
BramTILE,13,4,IMUX14,BramTILE,13,4,IMUX13
BramTILE,13,4,RMUX05,BramTILE,13,4,IMUX13
BramTILE,13,4,RMUX11,BramTILE,13,4,IMUX13
BramTILE,13,4,RMUX12,BramTILE,13,4,IMUX13
BramTILE,13,4,RMUX17,BramTILE,13,4,IMUX13
BramTILE,13,4,RMUX18,BramTILE,13,4,IMUX13
BramTILE,13,4,RMUX29,BramTILE,13,4,IMUX13
BramTILE,13,4,RMUX35,BramTILE,13,4,IMUX13
BramTILE,13,4,RMUX41,BramTILE,13,4,IMUX13
BramTILE,13,4,RMUX47,BramTILE,13,4,IMUX13
BramTILE,13,4,RMUX59,BramTILE,13,4,IMUX13
BramTILE,13,4,RMUX65,BramTILE,13,4,IMUX13
BramTILE,13,4,RMUX71,BramTILE,13,4,IMUX13
BramTILE,13,4,RMUX89,BramTILE,13,4,IMUX13
BramTILE,13,4,RMUX95,BramTILE,13,4,IMUX13
LogicTILE,12,4,OMUX39,BramTILE,13,4,IMUX13
LogicTILE,14,4,RMUX54,BramTILE,13,4,IMUX13
LogicTILE,14,4,RMUX78,BramTILE,13,4,IMUX13
BramTILE,13,4,IMUX15,BramTILE,13,4,IMUX14
BramTILE,13,4,RMUX28,BramTILE,13,4,IMUX14
BramTILE,13,4,RMUX34,BramTILE,13,4,IMUX14
BramTILE,13,4,RMUX76,BramTILE,13,4,IMUX14
BramTILE,13,4,RMUX88,BramTILE,13,4,IMUX14
BramTILE,13,4,RMUX94,BramTILE,13,4,IMUX14
LogicTILE,12,4,OMUX00,BramTILE,13,4,IMUX14
LogicTILE,12,4,OMUX24,BramTILE,13,4,IMUX14
LogicTILE,12,4,OMUX36,BramTILE,13,4,IMUX14
LogicTILE,14,4,RMUX24,BramTILE,13,4,IMUX14
BramTILE,13,4,IMUX16,BramTILE,13,4,IMUX15
BramTILE,13,4,RMUX05,BramTILE,13,4,IMUX15
BramTILE,13,4,RMUX11,BramTILE,13,4,IMUX15
BramTILE,13,4,RMUX12,BramTILE,13,4,IMUX15
BramTILE,13,4,RMUX17,BramTILE,13,4,IMUX15
BramTILE,13,4,RMUX18,BramTILE,13,4,IMUX15
BramTILE,13,4,RMUX23,BramTILE,13,4,IMUX15
BramTILE,13,4,RMUX65,BramTILE,13,4,IMUX15
BramTILE,13,4,RMUX71,BramTILE,13,4,IMUX15
BramTILE,13,4,RMUX89,BramTILE,13,4,IMUX15
BramTILE,13,4,RMUX95,BramTILE,13,4,IMUX15
LogicTILE,12,4,OMUX39,BramTILE,13,4,IMUX15
LogicTILE,14,4,RMUX06,BramTILE,13,4,IMUX15
LogicTILE,14,4,RMUX30,BramTILE,13,4,IMUX15
BramTILE,13,4,IMUX17,BramTILE,13,4,IMUX16
BramTILE,13,4,RMUX04,BramTILE,13,4,IMUX16
BramTILE,13,4,RMUX10,BramTILE,13,4,IMUX16
BramTILE,13,4,RMUX24,BramTILE,13,4,IMUX16
BramTILE,13,4,RMUX30,BramTILE,13,4,IMUX16
BramTILE,13,4,RMUX46,BramTILE,13,4,IMUX16
BramTILE,13,4,RMUX52,BramTILE,13,4,IMUX16
BramTILE,13,4,RMUX58,BramTILE,13,4,IMUX16
BramTILE,13,4,RMUX64,BramTILE,13,4,IMUX16
BramTILE,13,4,RMUX70,BramTILE,13,4,IMUX16
LogicTILE,14,4,RMUX00,BramTILE,13,4,IMUX16
LogicTILE,14,4,RMUX48,BramTILE,13,4,IMUX16
BramTILE,13,4,IMUX18,BramTILE,13,4,IMUX17
BramTILE,13,4,RMUX05,BramTILE,13,4,IMUX17
BramTILE,13,4,RMUX11,BramTILE,13,4,IMUX17
BramTILE,13,4,RMUX29,BramTILE,13,4,IMUX17
BramTILE,13,4,RMUX35,BramTILE,13,4,IMUX17
BramTILE,13,4,RMUX36,BramTILE,13,4,IMUX17
BramTILE,13,4,RMUX42,BramTILE,13,4,IMUX17
BramTILE,13,4,RMUX47,BramTILE,13,4,IMUX17
BramTILE,13,4,RMUX53,BramTILE,13,4,IMUX17
BramTILE,13,4,RMUX59,BramTILE,13,4,IMUX17
BramTILE,13,4,RMUX65,BramTILE,13,4,IMUX17
BramTILE,13,4,RMUX71,BramTILE,13,4,IMUX17
BramTILE,13,4,RMUX77,BramTILE,13,4,IMUX17
BramTILE,13,4,RMUX83,BramTILE,13,4,IMUX17
BramTILE,13,4,RMUX89,BramTILE,13,4,IMUX17
BramTILE,13,4,RMUX95,BramTILE,13,4,IMUX17
LogicTILE,14,4,RMUX30,BramTILE,13,4,IMUX17
LogicTILE,14,4,RMUX54,BramTILE,13,4,IMUX17
LogicTILE,14,4,RMUX78,BramTILE,13,4,IMUX17
BramTILE,13,4,IMUX19,BramTILE,13,4,IMUX18
BramTILE,13,4,RMUX10,BramTILE,13,4,IMUX18
BramTILE,13,4,RMUX24,BramTILE,13,4,IMUX18
BramTILE,13,4,RMUX28,BramTILE,13,4,IMUX18
BramTILE,13,4,RMUX34,BramTILE,13,4,IMUX18
BramTILE,13,4,RMUX58,BramTILE,13,4,IMUX18
BramTILE,13,4,RMUX76,BramTILE,13,4,IMUX18
BramTILE,13,4,RMUX82,BramTILE,13,4,IMUX18
BramTILE,13,4,RMUX88,BramTILE,13,4,IMUX18
BramTILE,13,4,RMUX94,BramTILE,13,4,IMUX18
LogicTILE,12,4,OMUX36,BramTILE,13,4,IMUX18
BramTILE,13,4,IMUX20,BramTILE,13,4,IMUX19
BramTILE,13,4,RMUX36,BramTILE,13,4,IMUX19
BramTILE,13,4,RMUX42,BramTILE,13,4,IMUX19
BramTILE,13,4,RMUX53,BramTILE,13,4,IMUX19
BramTILE,13,4,RMUX59,BramTILE,13,4,IMUX19
BramTILE,13,4,RMUX65,BramTILE,13,4,IMUX19
BramTILE,13,4,RMUX77,BramTILE,13,4,IMUX19
BramTILE,13,4,RMUX83,BramTILE,13,4,IMUX19
LogicTILE,12,4,OMUX15,BramTILE,13,4,IMUX19
LogicTILE,12,4,OMUX27,BramTILE,13,4,IMUX19
LogicTILE,14,4,RMUX30,BramTILE,13,4,IMUX19
BramTILE,13,4,IMUX10,BramTILE,13,4,IMUX20
BramTILE,13,4,IMUX11,BramTILE,13,4,IMUX20
BramTILE,13,4,IMUX30,BramTILE,13,4,IMUX20
BramTILE,13,4,RMUX04,BramTILE,13,4,IMUX20
BramTILE,13,4,RMUX10,BramTILE,13,4,IMUX20
BramTILE,13,4,RMUX24,BramTILE,13,4,IMUX20
BramTILE,13,4,RMUX30,BramTILE,13,4,IMUX20
BramTILE,13,4,RMUX64,BramTILE,13,4,IMUX20
BramTILE,13,4,RMUX70,BramTILE,13,4,IMUX20
LogicTILE,14,4,RMUX72,BramTILE,13,4,IMUX20
BramTILE,13,4,IMUX22,BramTILE,13,4,IMUX21
BramTILE,13,4,RMUX05,BramTILE,13,4,IMUX21
BramTILE,13,4,RMUX11,BramTILE,13,4,IMUX21
BramTILE,13,4,RMUX17,BramTILE,13,4,IMUX21
BramTILE,13,4,RMUX23,BramTILE,13,4,IMUX21
BramTILE,13,4,RMUX29,BramTILE,13,4,IMUX21
BramTILE,13,4,RMUX35,BramTILE,13,4,IMUX21
BramTILE,13,4,RMUX36,BramTILE,13,4,IMUX21
BramTILE,13,4,RMUX41,BramTILE,13,4,IMUX21
BramTILE,13,4,RMUX47,BramTILE,13,4,IMUX21
BramTILE,13,4,RMUX53,BramTILE,13,4,IMUX21
BramTILE,13,4,RMUX65,BramTILE,13,4,IMUX21
BramTILE,13,4,RMUX71,BramTILE,13,4,IMUX21
BramTILE,13,4,RMUX89,BramTILE,13,4,IMUX21
BramTILE,13,4,RMUX95,BramTILE,13,4,IMUX21
LogicTILE,12,4,OMUX27,BramTILE,13,4,IMUX21
LogicTILE,14,4,RMUX54,BramTILE,13,4,IMUX21
LogicTILE,14,4,RMUX78,BramTILE,13,4,IMUX21
BramTILE,13,4,IMUX23,BramTILE,13,4,IMUX22
BramTILE,13,4,RMUX04,BramTILE,13,4,IMUX22
BramTILE,13,4,RMUX16,BramTILE,13,4,IMUX22
BramTILE,13,4,RMUX22,BramTILE,13,4,IMUX22
BramTILE,13,4,RMUX24,BramTILE,13,4,IMUX22
BramTILE,13,4,RMUX28,BramTILE,13,4,IMUX22
BramTILE,13,4,RMUX30,BramTILE,13,4,IMUX22
BramTILE,13,4,RMUX34,BramTILE,13,4,IMUX22
BramTILE,13,4,RMUX46,BramTILE,13,4,IMUX22
BramTILE,13,4,RMUX52,BramTILE,13,4,IMUX22
BramTILE,13,4,RMUX70,BramTILE,13,4,IMUX22
BramTILE,13,4,RMUX88,BramTILE,13,4,IMUX22
BramTILE,13,4,RMUX94,BramTILE,13,4,IMUX22
LogicTILE,12,4,OMUX00,BramTILE,13,4,IMUX22
LogicTILE,12,4,OMUX12,BramTILE,13,4,IMUX22
LogicTILE,12,4,OMUX24,BramTILE,13,4,IMUX22
LogicTILE,14,4,RMUX00,BramTILE,13,4,IMUX22
LogicTILE,14,4,RMUX48,BramTILE,13,4,IMUX22
LogicTILE,14,4,RMUX72,BramTILE,13,4,IMUX22
BramTILE,13,4,IMUX24,BramTILE,13,4,IMUX23
BramTILE,13,4,RMUX05,BramTILE,13,4,IMUX23
BramTILE,13,4,RMUX11,BramTILE,13,4,IMUX23
BramTILE,13,4,RMUX23,BramTILE,13,4,IMUX23
BramTILE,13,4,RMUX36,BramTILE,13,4,IMUX23
BramTILE,13,4,RMUX42,BramTILE,13,4,IMUX23
BramTILE,13,4,RMUX71,BramTILE,13,4,IMUX23
BramTILE,13,4,RMUX83,BramTILE,13,4,IMUX23
BramTILE,13,4,RMUX95,BramTILE,13,4,IMUX23
LogicTILE,12,4,OMUX27,BramTILE,13,4,IMUX23
LogicTILE,14,4,RMUX30,BramTILE,13,4,IMUX23
BramTILE,13,4,IMUX25,BramTILE,13,4,IMUX24
BramTILE,13,4,RMUX04,BramTILE,13,4,IMUX24
BramTILE,13,4,RMUX10,BramTILE,13,4,IMUX24
BramTILE,13,4,RMUX16,BramTILE,13,4,IMUX24
BramTILE,13,4,RMUX22,BramTILE,13,4,IMUX24
BramTILE,13,4,RMUX24,BramTILE,13,4,IMUX24
BramTILE,13,4,RMUX30,BramTILE,13,4,IMUX24
BramTILE,13,4,RMUX40,BramTILE,13,4,IMUX24
BramTILE,13,4,RMUX52,BramTILE,13,4,IMUX24
BramTILE,13,4,RMUX64,BramTILE,13,4,IMUX24
BramTILE,13,4,RMUX70,BramTILE,13,4,IMUX24
BramTILE,13,4,RMUX94,BramTILE,13,4,IMUX24
LogicTILE,12,4,OMUX00,BramTILE,13,4,IMUX24
LogicTILE,12,4,OMUX12,BramTILE,13,4,IMUX24
LogicTILE,12,4,OMUX36,BramTILE,13,4,IMUX24
LogicTILE,14,4,RMUX00,BramTILE,13,4,IMUX24
LogicTILE,14,4,RMUX24,BramTILE,13,4,IMUX24
BramTILE,13,4,IMUX26,BramTILE,13,4,IMUX25
BramTILE,13,4,RMUX05,BramTILE,13,4,IMUX25
BramTILE,13,4,RMUX11,BramTILE,13,4,IMUX25
BramTILE,13,4,RMUX23,BramTILE,13,4,IMUX25
BramTILE,13,4,RMUX35,BramTILE,13,4,IMUX25
BramTILE,13,4,RMUX36,BramTILE,13,4,IMUX25
BramTILE,13,4,RMUX41,BramTILE,13,4,IMUX25
BramTILE,13,4,RMUX42,BramTILE,13,4,IMUX25
BramTILE,13,4,RMUX47,BramTILE,13,4,IMUX25
BramTILE,13,4,RMUX53,BramTILE,13,4,IMUX25
BramTILE,13,4,RMUX59,BramTILE,13,4,IMUX25
BramTILE,13,4,RMUX65,BramTILE,13,4,IMUX25
BramTILE,13,4,RMUX71,BramTILE,13,4,IMUX25
BramTILE,13,4,RMUX77,BramTILE,13,4,IMUX25
BramTILE,13,4,RMUX83,BramTILE,13,4,IMUX25
BramTILE,13,4,RMUX89,BramTILE,13,4,IMUX25
LogicTILE,12,4,OMUX15,BramTILE,13,4,IMUX25
LogicTILE,12,4,OMUX39,BramTILE,13,4,IMUX25
LogicTILE,14,4,RMUX78,BramTILE,13,4,IMUX25
BramTILE,13,4,IMUX27,BramTILE,13,4,IMUX26
BramTILE,13,4,RMUX04,BramTILE,13,4,IMUX26
BramTILE,13,4,RMUX10,BramTILE,13,4,IMUX26
BramTILE,13,4,RMUX24,BramTILE,13,4,IMUX26
BramTILE,13,4,RMUX30,BramTILE,13,4,IMUX26
BramTILE,13,4,RMUX34,BramTILE,13,4,IMUX26
BramTILE,13,4,RMUX52,BramTILE,13,4,IMUX26
BramTILE,13,4,RMUX58,BramTILE,13,4,IMUX26
BramTILE,13,4,RMUX64,BramTILE,13,4,IMUX26
BramTILE,13,4,RMUX76,BramTILE,13,4,IMUX26
BramTILE,13,4,RMUX82,BramTILE,13,4,IMUX26
LogicTILE,14,4,RMUX00,BramTILE,13,4,IMUX26
LogicTILE,14,4,RMUX24,BramTILE,13,4,IMUX26
LogicTILE,14,4,RMUX48,BramTILE,13,4,IMUX26
LogicTILE,14,4,RMUX72,BramTILE,13,4,IMUX26
BramTILE,13,4,IMUX28,BramTILE,13,4,IMUX27
BramTILE,13,4,RMUX29,BramTILE,13,4,IMUX27
BramTILE,13,4,RMUX35,BramTILE,13,4,IMUX27
BramTILE,13,4,RMUX36,BramTILE,13,4,IMUX27
BramTILE,13,4,RMUX42,BramTILE,13,4,IMUX27
BramTILE,13,4,RMUX59,BramTILE,13,4,IMUX27
BramTILE,13,4,RMUX77,BramTILE,13,4,IMUX27
BramTILE,13,4,RMUX83,BramTILE,13,4,IMUX27
BramTILE,13,4,RMUX89,BramTILE,13,4,IMUX27
BramTILE,13,4,RMUX95,BramTILE,13,4,IMUX27
BramTILE,13,4,IMUX13,BramTILE,13,4,IMUX28
BramTILE,13,4,IMUX29,BramTILE,13,4,IMUX28
BramTILE,13,4,RMUX24,BramTILE,13,4,IMUX28
BramTILE,13,4,RMUX28,BramTILE,13,4,IMUX28
BramTILE,13,4,RMUX34,BramTILE,13,4,IMUX28
BramTILE,13,4,RMUX52,BramTILE,13,4,IMUX28
BramTILE,13,4,RMUX64,BramTILE,13,4,IMUX28
BramTILE,13,4,RMUX76,BramTILE,13,4,IMUX28
BramTILE,13,4,RMUX82,BramTILE,13,4,IMUX28
BramTILE,13,4,RMUX88,BramTILE,13,4,IMUX28
BramTILE,13,4,RMUX94,BramTILE,13,4,IMUX28
LogicTILE,12,4,OMUX12,BramTILE,13,4,IMUX28
LogicTILE,12,4,OMUX36,BramTILE,13,4,IMUX28
BramTILE,13,4,IMUX13,BramTILE,13,4,IMUX29
BramTILE,13,4,RMUX05,BramTILE,13,4,IMUX29
BramTILE,13,4,RMUX11,BramTILE,13,4,IMUX29
BramTILE,13,4,RMUX29,BramTILE,13,4,IMUX29
BramTILE,13,4,RMUX35,BramTILE,13,4,IMUX29
BramTILE,13,4,RMUX36,BramTILE,13,4,IMUX29
BramTILE,13,4,RMUX41,BramTILE,13,4,IMUX29
BramTILE,13,4,RMUX42,BramTILE,13,4,IMUX29
BramTILE,13,4,RMUX47,BramTILE,13,4,IMUX29
BramTILE,13,4,RMUX53,BramTILE,13,4,IMUX29
BramTILE,13,4,RMUX59,BramTILE,13,4,IMUX29
BramTILE,13,4,RMUX65,BramTILE,13,4,IMUX29
BramTILE,13,4,RMUX71,BramTILE,13,4,IMUX29
BramTILE,13,4,RMUX83,BramTILE,13,4,IMUX29
BramTILE,13,4,RMUX89,BramTILE,13,4,IMUX29
LogicTILE,14,4,RMUX78,BramTILE,13,4,IMUX29
BramTILE,13,4,IMUX03,BramTILE,13,4,IMUX30
BramTILE,13,4,IMUX60,BramTILE,13,4,IMUX30
BramTILE,13,4,RMUX04,BramTILE,13,4,IMUX30
BramTILE,13,4,RMUX10,BramTILE,13,4,IMUX30
BramTILE,13,4,RMUX16,BramTILE,13,4,IMUX30
BramTILE,13,4,RMUX24,BramTILE,13,4,IMUX30
BramTILE,13,4,RMUX28,BramTILE,13,4,IMUX30
BramTILE,13,4,RMUX30,BramTILE,13,4,IMUX30
BramTILE,13,4,RMUX46,BramTILE,13,4,IMUX30
BramTILE,13,4,RMUX52,BramTILE,13,4,IMUX30
BramTILE,13,4,RMUX58,BramTILE,13,4,IMUX30
BramTILE,13,4,RMUX64,BramTILE,13,4,IMUX30
BramTILE,13,4,RMUX70,BramTILE,13,4,IMUX30
BramTILE,13,4,RMUX76,BramTILE,13,4,IMUX30
LogicTILE,12,4,OMUX00,BramTILE,13,4,IMUX30
LogicTILE,12,4,OMUX24,BramTILE,13,4,IMUX30
LogicTILE,14,4,RMUX48,BramTILE,13,4,IMUX30
LogicTILE,14,4,RMUX72,BramTILE,13,4,IMUX30
BramTILE,13,4,RMUX11,BramTILE,13,4,IMUX31
BramTILE,13,4,RMUX17,BramTILE,13,4,IMUX31
BramTILE,13,4,RMUX29,BramTILE,13,4,IMUX31
BramTILE,13,4,RMUX35,BramTILE,13,4,IMUX31
BramTILE,13,4,RMUX36,BramTILE,13,4,IMUX31
BramTILE,13,4,RMUX41,BramTILE,13,4,IMUX31
BramTILE,13,4,RMUX42,BramTILE,13,4,IMUX31
BramTILE,13,4,RMUX47,BramTILE,13,4,IMUX31
BramTILE,13,4,RMUX53,BramTILE,13,4,IMUX31
BramTILE,13,4,RMUX65,BramTILE,13,4,IMUX31
BramTILE,13,4,RMUX71,BramTILE,13,4,IMUX31
BramTILE,13,4,RMUX89,BramTILE,13,4,IMUX31
BramTILE,13,4,RMUX95,BramTILE,13,4,IMUX31
LogicTILE,12,4,OMUX03,BramTILE,13,4,IMUX31
LogicTILE,12,4,OMUX15,BramTILE,13,4,IMUX31
LogicTILE,12,4,OMUX27,BramTILE,13,4,IMUX31
LogicTILE,12,4,OMUX39,BramTILE,13,4,IMUX31
LogicTILE,14,4,RMUX30,BramTILE,13,4,IMUX31
LogicTILE,14,4,RMUX54,BramTILE,13,4,IMUX31
LogicTILE,14,4,RMUX78,BramTILE,13,4,IMUX31
BramTILE,13,4,RMUX10,BramTILE,13,4,IMUX32
BramTILE,13,4,RMUX40,BramTILE,13,4,IMUX32
BramTILE,13,4,RMUX46,BramTILE,13,4,IMUX32
BramTILE,13,4,RMUX48,BramTILE,13,4,IMUX32
BramTILE,13,4,RMUX54,BramTILE,13,4,IMUX32
BramTILE,13,4,RMUX64,BramTILE,13,4,IMUX32
BramTILE,13,4,RMUX70,BramTILE,13,4,IMUX32
LogicTILE,12,4,OMUX06,BramTILE,13,4,IMUX32
LogicTILE,12,4,OMUX18,BramTILE,13,4,IMUX32
LogicTILE,12,4,OMUX30,BramTILE,13,4,IMUX32
LogicTILE,12,4,OMUX42,BramTILE,13,4,IMUX32
LogicTILE,14,4,RMUX36,BramTILE,13,4,IMUX32
BramTILE,13,4,IMUX21,BramTILE,13,4,IMUX33
BramTILE,13,4,IMUX60,BramTILE,13,4,IMUX33
BramTILE,13,4,RMUX05,BramTILE,13,4,IMUX33
BramTILE,13,4,RMUX11,BramTILE,13,4,IMUX33
BramTILE,13,4,RMUX17,BramTILE,13,4,IMUX33
BramTILE,13,4,RMUX29,BramTILE,13,4,IMUX33
BramTILE,13,4,RMUX41,BramTILE,13,4,IMUX33
BramTILE,13,4,RMUX47,BramTILE,13,4,IMUX33
BramTILE,13,4,RMUX53,BramTILE,13,4,IMUX33
BramTILE,13,4,RMUX59,BramTILE,13,4,IMUX33
BramTILE,13,4,RMUX65,BramTILE,13,4,IMUX33
BramTILE,13,4,RMUX71,BramTILE,13,4,IMUX33
LogicTILE,12,4,OMUX33,BramTILE,13,4,IMUX33
LogicTILE,12,4,OMUX45,BramTILE,13,4,IMUX33
LogicTILE,14,4,RMUX90,BramTILE,13,4,IMUX33
BramTILE,13,4,IMUX50,BramTILE,13,4,IMUX34
BramTILE,13,4,RMUX04,BramTILE,13,4,IMUX34
BramTILE,13,4,RMUX16,BramTILE,13,4,IMUX34
BramTILE,13,4,RMUX22,BramTILE,13,4,IMUX34
BramTILE,13,4,RMUX48,BramTILE,13,4,IMUX34
BramTILE,13,4,RMUX54,BramTILE,13,4,IMUX34
BramTILE,13,4,RMUX64,BramTILE,13,4,IMUX34
BramTILE,13,4,RMUX70,BramTILE,13,4,IMUX34
LogicTILE,12,4,OMUX06,BramTILE,13,4,IMUX34
LogicTILE,12,4,OMUX18,BramTILE,13,4,IMUX34
LogicTILE,14,4,RMUX36,BramTILE,13,4,IMUX34
LogicTILE,14,4,RMUX84,BramTILE,13,4,IMUX34
BramTILE,13,4,IMUX34,BramTILE,13,4,IMUX35
BramTILE,13,4,RMUX29,BramTILE,13,4,IMUX35
BramTILE,13,4,RMUX35,BramTILE,13,4,IMUX35
BramTILE,13,4,RMUX53,BramTILE,13,4,IMUX35
BramTILE,13,4,RMUX89,BramTILE,13,4,IMUX35
BramTILE,13,4,RMUX95,BramTILE,13,4,IMUX35
LogicTILE,14,4,RMUX66,BramTILE,13,4,IMUX35
BramTILE,13,4,IMUX35,BramTILE,13,4,IMUX36
BramTILE,13,4,RMUX04,BramTILE,13,4,IMUX36
BramTILE,13,4,RMUX10,BramTILE,13,4,IMUX36
BramTILE,13,4,RMUX16,BramTILE,13,4,IMUX36
BramTILE,13,4,RMUX22,BramTILE,13,4,IMUX36
BramTILE,13,4,RMUX28,BramTILE,13,4,IMUX36
BramTILE,13,4,RMUX34,BramTILE,13,4,IMUX36
BramTILE,13,4,RMUX40,BramTILE,13,4,IMUX36
BramTILE,13,4,RMUX46,BramTILE,13,4,IMUX36
BramTILE,13,4,RMUX48,BramTILE,13,4,IMUX36
BramTILE,13,4,RMUX52,BramTILE,13,4,IMUX36
BramTILE,13,4,RMUX54,BramTILE,13,4,IMUX36
BramTILE,13,4,RMUX58,BramTILE,13,4,IMUX36
BramTILE,13,4,RMUX70,BramTILE,13,4,IMUX36
BramTILE,13,4,RMUX88,BramTILE,13,4,IMUX36
BramTILE,13,4,RMUX94,BramTILE,13,4,IMUX36
LogicTILE,12,4,OMUX30,BramTILE,13,4,IMUX36
LogicTILE,12,4,OMUX42,BramTILE,13,4,IMUX36
BramTILE,13,4,IMUX36,BramTILE,13,4,IMUX37
BramTILE,13,4,RMUX23,BramTILE,13,4,IMUX37
BramTILE,13,4,RMUX47,BramTILE,13,4,IMUX37
BramTILE,13,4,RMUX53,BramTILE,13,4,IMUX37
BramTILE,13,4,RMUX59,BramTILE,13,4,IMUX37
BramTILE,13,4,RMUX60,BramTILE,13,4,IMUX37
BramTILE,13,4,RMUX66,BramTILE,13,4,IMUX37
BramTILE,13,4,RMUX71,BramTILE,13,4,IMUX37
BramTILE,13,4,RMUX77,BramTILE,13,4,IMUX37
LogicTILE,12,4,OMUX09,BramTILE,13,4,IMUX37
LogicTILE,14,4,RMUX42,BramTILE,13,4,IMUX37
BramTILE,13,4,IMUX37,BramTILE,13,4,IMUX38
BramTILE,13,4,RMUX04,BramTILE,13,4,IMUX38
BramTILE,13,4,RMUX10,BramTILE,13,4,IMUX38
BramTILE,13,4,RMUX16,BramTILE,13,4,IMUX38
BramTILE,13,4,RMUX22,BramTILE,13,4,IMUX38
BramTILE,13,4,RMUX34,BramTILE,13,4,IMUX38
BramTILE,13,4,RMUX40,BramTILE,13,4,IMUX38
BramTILE,13,4,RMUX46,BramTILE,13,4,IMUX38
BramTILE,13,4,RMUX48,BramTILE,13,4,IMUX38
BramTILE,13,4,RMUX52,BramTILE,13,4,IMUX38
BramTILE,13,4,RMUX54,BramTILE,13,4,IMUX38
BramTILE,13,4,RMUX58,BramTILE,13,4,IMUX38
BramTILE,13,4,RMUX64,BramTILE,13,4,IMUX38
BramTILE,13,4,RMUX70,BramTILE,13,4,IMUX38
BramTILE,13,4,RMUX82,BramTILE,13,4,IMUX38
LogicTILE,12,4,OMUX18,BramTILE,13,4,IMUX38
LogicTILE,14,4,RMUX36,BramTILE,13,4,IMUX38
LogicTILE,14,4,RMUX60,BramTILE,13,4,IMUX38
LogicTILE,14,4,RMUX84,BramTILE,13,4,IMUX38
BramTILE,13,4,IMUX38,BramTILE,13,4,IMUX39
BramTILE,13,4,RMUX05,BramTILE,13,4,IMUX39
BramTILE,13,4,RMUX11,BramTILE,13,4,IMUX39
BramTILE,13,4,RMUX17,BramTILE,13,4,IMUX39
BramTILE,13,4,RMUX23,BramTILE,13,4,IMUX39
BramTILE,13,4,RMUX29,BramTILE,13,4,IMUX39
BramTILE,13,4,RMUX41,BramTILE,13,4,IMUX39
BramTILE,13,4,RMUX47,BramTILE,13,4,IMUX39
BramTILE,13,4,RMUX53,BramTILE,13,4,IMUX39
BramTILE,13,4,RMUX59,BramTILE,13,4,IMUX39
BramTILE,13,4,RMUX60,BramTILE,13,4,IMUX39
BramTILE,13,4,RMUX65,BramTILE,13,4,IMUX39
BramTILE,13,4,RMUX66,BramTILE,13,4,IMUX39
BramTILE,13,4,RMUX71,BramTILE,13,4,IMUX39
BramTILE,13,4,RMUX77,BramTILE,13,4,IMUX39
BramTILE,13,4,RMUX83,BramTILE,13,4,IMUX39
BramTILE,13,4,RMUX89,BramTILE,13,4,IMUX39
BramTILE,13,4,RMUX95,BramTILE,13,4,IMUX39
LogicTILE,12,4,OMUX09,BramTILE,13,4,IMUX39
LogicTILE,12,4,OMUX21,BramTILE,13,4,IMUX39
LogicTILE,12,4,OMUX33,BramTILE,13,4,IMUX39
BramTILE,13,4,IMUX39,BramTILE,13,4,IMUX40
BramTILE,13,4,RMUX04,BramTILE,13,4,IMUX40
BramTILE,13,4,RMUX10,BramTILE,13,4,IMUX40
BramTILE,13,4,RMUX22,BramTILE,13,4,IMUX40
BramTILE,13,4,RMUX40,BramTILE,13,4,IMUX40
BramTILE,13,4,RMUX46,BramTILE,13,4,IMUX40
BramTILE,13,4,RMUX48,BramTILE,13,4,IMUX40
BramTILE,13,4,RMUX52,BramTILE,13,4,IMUX40
BramTILE,13,4,RMUX54,BramTILE,13,4,IMUX40
BramTILE,13,4,RMUX58,BramTILE,13,4,IMUX40
BramTILE,13,4,RMUX64,BramTILE,13,4,IMUX40
BramTILE,13,4,RMUX70,BramTILE,13,4,IMUX40
LogicTILE,12,4,OMUX42,BramTILE,13,4,IMUX40
LogicTILE,14,4,RMUX36,BramTILE,13,4,IMUX40
BramTILE,13,4,IMUX40,BramTILE,13,4,IMUX41
BramTILE,13,4,RMUX23,BramTILE,13,4,IMUX41
BramTILE,13,4,RMUX60,BramTILE,13,4,IMUX41
BramTILE,13,4,RMUX66,BramTILE,13,4,IMUX41
BramTILE,13,4,RMUX83,BramTILE,13,4,IMUX41
LogicTILE,12,4,OMUX21,BramTILE,13,4,IMUX41
LogicTILE,14,4,RMUX42,BramTILE,13,4,IMUX41
LogicTILE,14,4,RMUX66,BramTILE,13,4,IMUX41
BramTILE,13,4,IMUX41,BramTILE,13,4,IMUX42
BramTILE,13,4,RMUX10,BramTILE,13,4,IMUX42
BramTILE,13,4,RMUX28,BramTILE,13,4,IMUX42
BramTILE,13,4,RMUX34,BramTILE,13,4,IMUX42
BramTILE,13,4,RMUX48,BramTILE,13,4,IMUX42
BramTILE,13,4,RMUX58,BramTILE,13,4,IMUX42
BramTILE,13,4,RMUX88,BramTILE,13,4,IMUX42
BramTILE,13,4,RMUX94,BramTILE,13,4,IMUX42
LogicTILE,12,4,OMUX06,BramTILE,13,4,IMUX42
LogicTILE,12,4,OMUX30,BramTILE,13,4,IMUX42
LogicTILE,12,4,OMUX42,BramTILE,13,4,IMUX42
LogicTILE,14,4,RMUX36,BramTILE,13,4,IMUX42
LogicTILE,14,4,RMUX60,BramTILE,13,4,IMUX42
BramTILE,13,4,IMUX33,BramTILE,13,4,IMUX43
BramTILE,13,4,RMUX05,BramTILE,13,4,IMUX43
BramTILE,13,4,RMUX11,BramTILE,13,4,IMUX43
BramTILE,13,4,RMUX29,BramTILE,13,4,IMUX43
BramTILE,13,4,RMUX35,BramTILE,13,4,IMUX43
BramTILE,13,4,RMUX47,BramTILE,13,4,IMUX43
BramTILE,13,4,RMUX59,BramTILE,13,4,IMUX43
BramTILE,13,4,RMUX60,BramTILE,13,4,IMUX43
BramTILE,13,4,RMUX65,BramTILE,13,4,IMUX43
BramTILE,13,4,RMUX66,BramTILE,13,4,IMUX43
BramTILE,13,4,RMUX71,BramTILE,13,4,IMUX43
BramTILE,13,4,RMUX77,BramTILE,13,4,IMUX43
BramTILE,13,4,RMUX95,BramTILE,13,4,IMUX43
LogicTILE,12,4,OMUX21,BramTILE,13,4,IMUX43
LogicTILE,14,4,RMUX42,BramTILE,13,4,IMUX43
LogicTILE,14,4,RMUX66,BramTILE,13,4,IMUX43
LogicTILE,14,4,RMUX90,BramTILE,13,4,IMUX43
BramTILE,13,4,IMUX43,BramTILE,13,4,IMUX44
BramTILE,13,4,RMUX04,BramTILE,13,4,IMUX44
BramTILE,13,4,RMUX10,BramTILE,13,4,IMUX44
BramTILE,13,4,RMUX16,BramTILE,13,4,IMUX44
BramTILE,13,4,RMUX40,BramTILE,13,4,IMUX44
BramTILE,13,4,RMUX46,BramTILE,13,4,IMUX44
BramTILE,13,4,RMUX48,BramTILE,13,4,IMUX44
BramTILE,13,4,RMUX52,BramTILE,13,4,IMUX44
BramTILE,13,4,RMUX54,BramTILE,13,4,IMUX44
BramTILE,13,4,RMUX58,BramTILE,13,4,IMUX44
BramTILE,13,4,RMUX70,BramTILE,13,4,IMUX44
BramTILE,13,4,RMUX76,BramTILE,13,4,IMUX44
BramTILE,13,4,RMUX82,BramTILE,13,4,IMUX44
LogicTILE,14,4,RMUX84,BramTILE,13,4,IMUX44
BramTILE,13,4,IMUX44,BramTILE,13,4,IMUX45
BramTILE,13,4,RMUX05,BramTILE,13,4,IMUX45
BramTILE,13,4,RMUX11,BramTILE,13,4,IMUX45
BramTILE,13,4,RMUX17,BramTILE,13,4,IMUX45
BramTILE,13,4,RMUX23,BramTILE,13,4,IMUX45
BramTILE,13,4,RMUX29,BramTILE,13,4,IMUX45
BramTILE,13,4,RMUX35,BramTILE,13,4,IMUX45
BramTILE,13,4,RMUX41,BramTILE,13,4,IMUX45
BramTILE,13,4,RMUX47,BramTILE,13,4,IMUX45
BramTILE,13,4,RMUX59,BramTILE,13,4,IMUX45
BramTILE,13,4,RMUX60,BramTILE,13,4,IMUX45
BramTILE,13,4,RMUX65,BramTILE,13,4,IMUX45
BramTILE,13,4,RMUX66,BramTILE,13,4,IMUX45
BramTILE,13,4,RMUX71,BramTILE,13,4,IMUX45
BramTILE,13,4,RMUX89,BramTILE,13,4,IMUX45
BramTILE,13,4,RMUX95,BramTILE,13,4,IMUX45
LogicTILE,12,4,OMUX21,BramTILE,13,4,IMUX45
LogicTILE,12,4,OMUX33,BramTILE,13,4,IMUX45
LogicTILE,12,4,OMUX45,BramTILE,13,4,IMUX45
LogicTILE,14,4,RMUX18,BramTILE,13,4,IMUX45
LogicTILE,14,4,RMUX42,BramTILE,13,4,IMUX45
BramTILE,13,4,IMUX45,BramTILE,13,4,IMUX46
BramTILE,13,4,RMUX04,BramTILE,13,4,IMUX46
BramTILE,13,4,RMUX10,BramTILE,13,4,IMUX46
BramTILE,13,4,RMUX16,BramTILE,13,4,IMUX46
BramTILE,13,4,RMUX22,BramTILE,13,4,IMUX46
BramTILE,13,4,RMUX34,BramTILE,13,4,IMUX46
BramTILE,13,4,RMUX40,BramTILE,13,4,IMUX46
BramTILE,13,4,RMUX46,BramTILE,13,4,IMUX46
BramTILE,13,4,RMUX48,BramTILE,13,4,IMUX46
BramTILE,13,4,RMUX54,BramTILE,13,4,IMUX46
BramTILE,13,4,RMUX64,BramTILE,13,4,IMUX46
BramTILE,13,4,RMUX70,BramTILE,13,4,IMUX46
BramTILE,13,4,RMUX82,BramTILE,13,4,IMUX46
LogicTILE,14,4,RMUX12,BramTILE,13,4,IMUX46
LogicTILE,14,4,RMUX36,BramTILE,13,4,IMUX46
LogicTILE,14,4,RMUX60,BramTILE,13,4,IMUX46
BramTILE,13,4,IMUX46,BramTILE,13,4,IMUX47
BramTILE,13,4,RMUX05,BramTILE,13,4,IMUX47
BramTILE,13,4,RMUX17,BramTILE,13,4,IMUX47
BramTILE,13,4,RMUX23,BramTILE,13,4,IMUX47
BramTILE,13,4,RMUX29,BramTILE,13,4,IMUX47
BramTILE,13,4,RMUX41,BramTILE,13,4,IMUX47
BramTILE,13,4,RMUX59,BramTILE,13,4,IMUX47
BramTILE,13,4,RMUX65,BramTILE,13,4,IMUX47
BramTILE,13,4,RMUX66,BramTILE,13,4,IMUX47
BramTILE,13,4,RMUX71,BramTILE,13,4,IMUX47
BramTILE,13,4,RMUX89,BramTILE,13,4,IMUX47
BramTILE,13,4,RMUX95,BramTILE,13,4,IMUX47
LogicTILE,14,4,RMUX18,BramTILE,13,4,IMUX47
BramTILE,13,4,IMUX47,BramTILE,13,4,IMUX48
BramTILE,13,4,RMUX04,BramTILE,13,4,IMUX48
BramTILE,13,4,RMUX10,BramTILE,13,4,IMUX48
BramTILE,13,4,RMUX16,BramTILE,13,4,IMUX48
BramTILE,13,4,RMUX22,BramTILE,13,4,IMUX48
BramTILE,13,4,RMUX34,BramTILE,13,4,IMUX48
BramTILE,13,4,RMUX58,BramTILE,13,4,IMUX48
BramTILE,13,4,RMUX64,BramTILE,13,4,IMUX48
BramTILE,13,4,RMUX72,BramTILE,13,4,IMUX48
BramTILE,13,4,RMUX78,BramTILE,13,4,IMUX48
BramTILE,13,4,RMUX94,BramTILE,13,4,IMUX48
LogicTILE,12,4,OMUX06,BramTILE,13,4,IMUX48
LogicTILE,12,4,OMUX18,BramTILE,13,4,IMUX48
LogicTILE,12,4,OMUX30,BramTILE,13,4,IMUX48
LogicTILE,12,4,OMUX42,BramTILE,13,4,IMUX48
LogicTILE,14,4,RMUX60,BramTILE,13,4,IMUX48
BramTILE,13,4,IMUX48,BramTILE,13,4,IMUX49
BramTILE,13,4,RMUX41,BramTILE,13,4,IMUX49
BramTILE,13,4,RMUX90,BramTILE,13,4,IMUX49
LogicTILE,14,4,RMUX18,BramTILE,13,4,IMUX49
BramTILE,13,4,IMUX49,BramTILE,13,4,IMUX50
BramTILE,13,4,RMUX10,BramTILE,13,4,IMUX50
BramTILE,13,4,RMUX52,BramTILE,13,4,IMUX50
BramTILE,13,4,RMUX58,BramTILE,13,4,IMUX50
BramTILE,13,4,RMUX64,BramTILE,13,4,IMUX50
BramTILE,13,4,RMUX72,BramTILE,13,4,IMUX50
BramTILE,13,4,RMUX76,BramTILE,13,4,IMUX50
BramTILE,13,4,RMUX78,BramTILE,13,4,IMUX50
BramTILE,13,4,RMUX82,BramTILE,13,4,IMUX50
BramTILE,13,4,RMUX94,BramTILE,13,4,IMUX50
LogicTILE,12,4,OMUX06,BramTILE,13,4,IMUX50
LogicTILE,12,4,OMUX18,BramTILE,13,4,IMUX50
LogicTILE,12,4,OMUX30,BramTILE,13,4,IMUX50
LogicTILE,12,4,OMUX42,BramTILE,13,4,IMUX50
LogicTILE,14,4,RMUX36,BramTILE,13,4,IMUX50
LogicTILE,14,4,RMUX60,BramTILE,13,4,IMUX50
BramTILE,13,4,RMUX05,BramTILE,13,4,IMUX51
BramTILE,13,4,RMUX11,BramTILE,13,4,IMUX51
BramTILE,13,4,RMUX23,BramTILE,13,4,IMUX51
BramTILE,13,4,RMUX29,BramTILE,13,4,IMUX51
BramTILE,13,4,RMUX35,BramTILE,13,4,IMUX51
BramTILE,13,4,RMUX41,BramTILE,13,4,IMUX51
BramTILE,13,4,RMUX47,BramTILE,13,4,IMUX51
BramTILE,13,4,RMUX53,BramTILE,13,4,IMUX51
BramTILE,13,4,RMUX59,BramTILE,13,4,IMUX51
BramTILE,13,4,RMUX65,BramTILE,13,4,IMUX51
BramTILE,13,4,RMUX71,BramTILE,13,4,IMUX51
BramTILE,13,4,RMUX77,BramTILE,13,4,IMUX51
BramTILE,13,4,RMUX84,BramTILE,13,4,IMUX51
BramTILE,13,4,RMUX89,BramTILE,13,4,IMUX51
BramTILE,13,4,RMUX90,BramTILE,13,4,IMUX51
BramTILE,13,4,RMUX95,BramTILE,13,4,IMUX51
LogicTILE,12,4,OMUX09,BramTILE,13,4,IMUX51
LogicTILE,12,4,OMUX33,BramTILE,13,4,IMUX51
LogicTILE,12,4,OMUX45,BramTILE,13,4,IMUX51
LogicTILE,14,4,RMUX66,BramTILE,13,4,IMUX51
LogicTILE,14,4,RMUX90,BramTILE,13,4,IMUX51
BramTILE,13,4,IMUX63,BramTILE,13,4,IMUX52
BramTILE,13,4,RMUX16,BramTILE,13,4,IMUX52
BramTILE,13,4,RMUX22,BramTILE,13,4,IMUX52
BramTILE,13,4,RMUX28,BramTILE,13,4,IMUX52
BramTILE,13,4,RMUX46,BramTILE,13,4,IMUX52
BramTILE,13,4,RMUX52,BramTILE,13,4,IMUX52
BramTILE,13,4,RMUX64,BramTILE,13,4,IMUX52
BramTILE,13,4,RMUX70,BramTILE,13,4,IMUX52
BramTILE,13,4,RMUX72,BramTILE,13,4,IMUX52
BramTILE,13,4,RMUX76,BramTILE,13,4,IMUX52
BramTILE,13,4,RMUX78,BramTILE,13,4,IMUX52
BramTILE,13,4,RMUX82,BramTILE,13,4,IMUX52
BramTILE,13,4,RMUX88,BramTILE,13,4,IMUX52
BramTILE,13,4,RMUX94,BramTILE,13,4,IMUX52
LogicTILE,12,4,OMUX06,BramTILE,13,4,IMUX52
LogicTILE,12,4,OMUX18,BramTILE,13,4,IMUX52
LogicTILE,12,4,OMUX30,BramTILE,13,4,IMUX52
LogicTILE,12,4,OMUX42,BramTILE,13,4,IMUX52
LogicTILE,14,4,RMUX12,BramTILE,13,4,IMUX52
LogicTILE,14,4,RMUX36,BramTILE,13,4,IMUX52
LogicTILE,14,4,RMUX60,BramTILE,13,4,IMUX52
BramTILE,13,4,IMUX52,BramTILE,13,4,IMUX53
BramTILE,13,4,RMUX05,BramTILE,13,4,IMUX53
BramTILE,13,4,RMUX11,BramTILE,13,4,IMUX53
BramTILE,13,4,RMUX23,BramTILE,13,4,IMUX53
BramTILE,13,4,RMUX29,BramTILE,13,4,IMUX53
BramTILE,13,4,RMUX35,BramTILE,13,4,IMUX53
BramTILE,13,4,RMUX41,BramTILE,13,4,IMUX53
BramTILE,13,4,RMUX47,BramTILE,13,4,IMUX53
BramTILE,13,4,RMUX59,BramTILE,13,4,IMUX53
BramTILE,13,4,RMUX65,BramTILE,13,4,IMUX53
BramTILE,13,4,RMUX77,BramTILE,13,4,IMUX53
BramTILE,13,4,RMUX83,BramTILE,13,4,IMUX53
BramTILE,13,4,RMUX84,BramTILE,13,4,IMUX53
BramTILE,13,4,RMUX89,BramTILE,13,4,IMUX53
BramTILE,13,4,RMUX90,BramTILE,13,4,IMUX53
BramTILE,13,4,RMUX95,BramTILE,13,4,IMUX53
LogicTILE,14,4,RMUX18,BramTILE,13,4,IMUX53
LogicTILE,14,4,RMUX42,BramTILE,13,4,IMUX53
BramTILE,13,4,IMUX53,BramTILE,13,4,IMUX54
BramTILE,13,4,RMUX04,BramTILE,13,4,IMUX54
BramTILE,13,4,RMUX10,BramTILE,13,4,IMUX54
BramTILE,13,4,RMUX16,BramTILE,13,4,IMUX54
BramTILE,13,4,RMUX40,BramTILE,13,4,IMUX54
BramTILE,13,4,RMUX46,BramTILE,13,4,IMUX54
BramTILE,13,4,RMUX52,BramTILE,13,4,IMUX54
BramTILE,13,4,RMUX58,BramTILE,13,4,IMUX54
BramTILE,13,4,RMUX64,BramTILE,13,4,IMUX54
BramTILE,13,4,RMUX70,BramTILE,13,4,IMUX54
BramTILE,13,4,RMUX72,BramTILE,13,4,IMUX54
BramTILE,13,4,RMUX76,BramTILE,13,4,IMUX54
BramTILE,13,4,RMUX78,BramTILE,13,4,IMUX54
LogicTILE,12,4,OMUX18,BramTILE,13,4,IMUX54
LogicTILE,12,4,OMUX30,BramTILE,13,4,IMUX54
LogicTILE,14,4,RMUX12,BramTILE,13,4,IMUX54
LogicTILE,14,4,RMUX36,BramTILE,13,4,IMUX54
LogicTILE,14,4,RMUX60,BramTILE,13,4,IMUX54
LogicTILE,14,4,RMUX84,BramTILE,13,4,IMUX54
BramTILE,13,4,IMUX54,BramTILE,13,4,IMUX55
BramTILE,13,4,RMUX05,BramTILE,13,4,IMUX55
BramTILE,13,4,RMUX11,BramTILE,13,4,IMUX55
BramTILE,13,4,RMUX23,BramTILE,13,4,IMUX55
BramTILE,13,4,RMUX35,BramTILE,13,4,IMUX55
BramTILE,13,4,RMUX41,BramTILE,13,4,IMUX55
BramTILE,13,4,RMUX47,BramTILE,13,4,IMUX55
BramTILE,13,4,RMUX53,BramTILE,13,4,IMUX55
BramTILE,13,4,RMUX59,BramTILE,13,4,IMUX55
BramTILE,13,4,RMUX65,BramTILE,13,4,IMUX55
BramTILE,13,4,RMUX71,BramTILE,13,4,IMUX55
BramTILE,13,4,RMUX83,BramTILE,13,4,IMUX55
BramTILE,13,4,RMUX84,BramTILE,13,4,IMUX55
BramTILE,13,4,RMUX89,BramTILE,13,4,IMUX55
BramTILE,13,4,RMUX90,BramTILE,13,4,IMUX55
BramTILE,13,4,RMUX95,BramTILE,13,4,IMUX55
LogicTILE,12,4,OMUX09,BramTILE,13,4,IMUX55
LogicTILE,12,4,OMUX45,BramTILE,13,4,IMUX55
LogicTILE,14,4,RMUX42,BramTILE,13,4,IMUX55
LogicTILE,14,4,RMUX66,BramTILE,13,4,IMUX55
LogicTILE,14,4,RMUX90,BramTILE,13,4,IMUX55
BramTILE,13,4,IMUX55,BramTILE,13,4,IMUX56
BramTILE,13,4,RMUX04,BramTILE,13,4,IMUX56
BramTILE,13,4,RMUX10,BramTILE,13,4,IMUX56
BramTILE,13,4,RMUX16,BramTILE,13,4,IMUX56
BramTILE,13,4,RMUX22,BramTILE,13,4,IMUX56
BramTILE,13,4,RMUX28,BramTILE,13,4,IMUX56
BramTILE,13,4,RMUX34,BramTILE,13,4,IMUX56
BramTILE,13,4,RMUX40,BramTILE,13,4,IMUX56
BramTILE,13,4,RMUX46,BramTILE,13,4,IMUX56
BramTILE,13,4,RMUX52,BramTILE,13,4,IMUX56
BramTILE,13,4,RMUX64,BramTILE,13,4,IMUX56
BramTILE,13,4,RMUX70,BramTILE,13,4,IMUX56
BramTILE,13,4,RMUX72,BramTILE,13,4,IMUX56
BramTILE,13,4,RMUX76,BramTILE,13,4,IMUX56
BramTILE,13,4,RMUX78,BramTILE,13,4,IMUX56
BramTILE,13,4,RMUX88,BramTILE,13,4,IMUX56
BramTILE,13,4,RMUX94,BramTILE,13,4,IMUX56
LogicTILE,12,4,OMUX42,BramTILE,13,4,IMUX56
LogicTILE,14,4,RMUX12,BramTILE,13,4,IMUX56
LogicTILE,14,4,RMUX36,BramTILE,13,4,IMUX56
LogicTILE,14,4,RMUX60,BramTILE,13,4,IMUX56
LogicTILE,14,4,RMUX84,BramTILE,13,4,IMUX56
BramTILE,13,4,IMUX56,BramTILE,13,4,IMUX57
BramTILE,13,4,RMUX05,BramTILE,13,4,IMUX57
BramTILE,13,4,RMUX29,BramTILE,13,4,IMUX57
BramTILE,13,4,RMUX41,BramTILE,13,4,IMUX57
BramTILE,13,4,RMUX47,BramTILE,13,4,IMUX57
BramTILE,13,4,RMUX53,BramTILE,13,4,IMUX57
BramTILE,13,4,RMUX65,BramTILE,13,4,IMUX57
BramTILE,13,4,RMUX84,BramTILE,13,4,IMUX57
BramTILE,13,4,RMUX89,BramTILE,13,4,IMUX57
BramTILE,13,4,RMUX90,BramTILE,13,4,IMUX57
BramTILE,13,4,RMUX95,BramTILE,13,4,IMUX57
LogicTILE,12,4,OMUX21,BramTILE,13,4,IMUX57
LogicTILE,14,4,RMUX18,BramTILE,13,4,IMUX57
LogicTILE,14,4,RMUX42,BramTILE,13,4,IMUX57
LogicTILE,14,4,RMUX66,BramTILE,13,4,IMUX57
LogicTILE,14,4,RMUX90,BramTILE,13,4,IMUX57
BramTILE,13,4,IMUX57,BramTILE,13,4,IMUX58
BramTILE,13,4,RMUX10,BramTILE,13,4,IMUX58
BramTILE,13,4,RMUX16,BramTILE,13,4,IMUX58
BramTILE,13,4,RMUX22,BramTILE,13,4,IMUX58
BramTILE,13,4,RMUX28,BramTILE,13,4,IMUX58
BramTILE,13,4,RMUX34,BramTILE,13,4,IMUX58
BramTILE,13,4,RMUX40,BramTILE,13,4,IMUX58
BramTILE,13,4,RMUX52,BramTILE,13,4,IMUX58
BramTILE,13,4,RMUX58,BramTILE,13,4,IMUX58
BramTILE,13,4,RMUX64,BramTILE,13,4,IMUX58
BramTILE,13,4,RMUX70,BramTILE,13,4,IMUX58
BramTILE,13,4,RMUX72,BramTILE,13,4,IMUX58
BramTILE,13,4,RMUX76,BramTILE,13,4,IMUX58
BramTILE,13,4,RMUX78,BramTILE,13,4,IMUX58
BramTILE,13,4,RMUX94,BramTILE,13,4,IMUX58
LogicTILE,12,4,OMUX30,BramTILE,13,4,IMUX58
LogicTILE,14,4,RMUX12,BramTILE,13,4,IMUX58
LogicTILE,14,4,RMUX84,BramTILE,13,4,IMUX58
BramTILE,13,4,IMUX58,BramTILE,13,4,IMUX59
BramTILE,13,4,RMUX29,BramTILE,13,4,IMUX59
BramTILE,13,4,RMUX35,BramTILE,13,4,IMUX59
BramTILE,13,4,RMUX47,BramTILE,13,4,IMUX59
BramTILE,13,4,RMUX59,BramTILE,13,4,IMUX59
BramTILE,13,4,RMUX65,BramTILE,13,4,IMUX59
BramTILE,13,4,RMUX71,BramTILE,13,4,IMUX59
BramTILE,13,4,RMUX77,BramTILE,13,4,IMUX59
BramTILE,13,4,RMUX84,BramTILE,13,4,IMUX59
BramTILE,13,4,RMUX89,BramTILE,13,4,IMUX59
BramTILE,13,4,RMUX90,BramTILE,13,4,IMUX59
BramTILE,13,4,RMUX95,BramTILE,13,4,IMUX59
LogicTILE,12,4,OMUX45,BramTILE,13,4,IMUX59
BramTILE,13,4,IMUX59,BramTILE,13,4,IMUX60
BramTILE,13,4,RMUX22,BramTILE,13,4,IMUX60
BramTILE,13,4,RMUX40,BramTILE,13,4,IMUX60
BramTILE,13,4,RMUX70,BramTILE,13,4,IMUX60
LogicTILE,14,4,RMUX12,BramTILE,13,4,IMUX60
LogicTILE,14,4,RMUX36,BramTILE,13,4,IMUX60
LogicTILE,14,4,RMUX60,BramTILE,13,4,IMUX60
BramTILE,13,4,IMUX51,BramTILE,13,4,IMUX61
BramTILE,13,4,RMUX11,BramTILE,13,4,IMUX61
BramTILE,13,4,RMUX59,BramTILE,13,4,IMUX61
BramTILE,13,4,RMUX65,BramTILE,13,4,IMUX61
BramTILE,13,4,RMUX77,BramTILE,13,4,IMUX61
BramTILE,13,4,RMUX83,BramTILE,13,4,IMUX61
LogicTILE,12,4,OMUX33,BramTILE,13,4,IMUX61
LogicTILE,12,4,OMUX45,BramTILE,13,4,IMUX61
LogicTILE,14,4,RMUX18,BramTILE,13,4,IMUX61
LogicTILE,14,4,RMUX42,BramTILE,13,4,IMUX61
LogicTILE,14,4,RMUX66,BramTILE,13,4,IMUX61
LogicTILE,14,4,RMUX90,BramTILE,13,4,IMUX61
BramTILE,13,4,RMUX46,BramTILE,13,4,IMUX62
BramTILE,13,4,RMUX64,BramTILE,13,4,IMUX62
BramTILE,13,4,RMUX70,BramTILE,13,4,IMUX62
BramTILE,13,4,RMUX72,BramTILE,13,4,IMUX62
BramTILE,13,4,RMUX76,BramTILE,13,4,IMUX62
BramTILE,13,4,RMUX78,BramTILE,13,4,IMUX62
BramTILE,13,4,RMUX82,BramTILE,13,4,IMUX62
LogicTILE,14,4,RMUX12,BramTILE,13,4,IMUX62
LogicTILE,14,4,RMUX36,BramTILE,13,4,IMUX62
LogicTILE,14,4,RMUX60,BramTILE,13,4,IMUX62
LogicTILE,14,4,RMUX84,BramTILE,13,4,IMUX62
BramTILE,13,4,IMUX62,BramTILE,13,4,IMUX63
BramTILE,13,4,RMUX11,BramTILE,13,4,IMUX63
BramTILE,13,4,RMUX29,BramTILE,13,4,IMUX63
BramTILE,13,4,RMUX53,BramTILE,13,4,IMUX63
BramTILE,13,4,RMUX65,BramTILE,13,4,IMUX63
BramTILE,13,4,RMUX77,BramTILE,13,4,IMUX63
BramTILE,13,4,RMUX83,BramTILE,13,4,IMUX63
BramTILE,13,4,RMUX84,BramTILE,13,4,IMUX63
BramTILE,13,4,RMUX89,BramTILE,13,4,IMUX63
BramTILE,13,4,RMUX90,BramTILE,13,4,IMUX63
BramTILE,13,4,RMUX95,BramTILE,13,4,IMUX63
LogicTILE,12,4,OMUX09,BramTILE,13,4,IMUX63
LogicTILE,12,4,OMUX33,BramTILE,13,4,IMUX63
LogicTILE,14,4,RMUX18,BramTILE,13,4,IMUX63
LogicTILE,14,4,RMUX42,BramTILE,13,4,IMUX63
LogicTILE,14,4,RMUX66,BramTILE,13,4,IMUX63
LogicTILE,14,4,RMUX90,BramTILE,13,4,IMUX63
BramTILE,13,4,TMUX04,BramTILE,13,4,KMUX00
BramTILE,13,4,TMUX04,BramTILE,13,4,KMUX01
BramTILE,13,4,TMUX10,BramTILE,13,4,KMUX02
BramTILE,13,4,TMUX13,BramTILE,13,4,KMUX03
BramTILE,13,4,TMUX02,BramTILE,13,4,KMUX04
BramTILE,13,4,TMUX00,BramTILE,13,4,KMUX05
BramTILE,13,4,TMUX09,BramTILE,13,4,KMUX06
BramTILE,13,4,TMUX09,BramTILE,13,4,KMUX07
BramTILE,13,4,TMUX03,BramTILE,13,4,KMUX08
BramTILE,13,4,TMUX15,BramTILE,13,4,KMUX09
BramTILE,13,1,RMUX25,BramTILE,13,4,RMUX00
BramTILE,13,2,RMUX25,BramTILE,13,4,RMUX00
BramTILE,13,3,RMUX25,BramTILE,13,4,RMUX00
LogicTILE,14,4,RMUX49,BramTILE,13,4,RMUX00
LogicTILE,15,4,RMUX49,BramTILE,13,4,RMUX00
LogicTILE,16,4,RMUX49,BramTILE,13,4,RMUX00
LogicTILE,17,4,RMUX49,BramTILE,13,4,RMUX00
BramTILE,13,4,BufMUX16,BramTILE,13,4,RMUX02
BramTILE,13,4,BufMUX17,BramTILE,13,4,RMUX02
BramTILE,13,4,BufMUX32,BramTILE,13,4,RMUX02
LogicTILE,14,4,RMUX26,BramTILE,13,4,RMUX02
LogicTILE,15,4,RMUX26,BramTILE,13,4,RMUX02
LogicTILE,16,4,RMUX26,BramTILE,13,4,RMUX02
LogicTILE,17,4,RMUX26,BramTILE,13,4,RMUX02
BramTILE,13,4,BufMUX18,BramTILE,13,4,RMUX03
BramTILE,13,4,BufMUX19,BramTILE,13,4,RMUX03
BramTILE,13,4,BufMUX32,BramTILE,13,4,RMUX03
LogicTILE,16,4,RMUX26,BramTILE,13,4,RMUX03
BramTILE,13,2,RMUX75,BramTILE,13,4,RMUX04
BramTILE,13,3,RMUX75,BramTILE,13,4,RMUX04
BramTILE,13,4,RMUX75,BramTILE,13,4,RMUX04
LogicTILE,12,4,RMUX51,BramTILE,13,4,RMUX04
LogicTILE,14,4,RMUX03,BramTILE,13,4,RMUX04
LogicTILE,15,4,RMUX03,BramTILE,13,4,RMUX04
LogicTILE,16,4,RMUX03,BramTILE,13,4,RMUX04
LogicTILE,17,4,RMUX03,BramTILE,13,4,RMUX04
BramTILE,13,1,RMUX75,BramTILE,13,4,RMUX05
BramTILE,13,3,RMUX75,BramTILE,13,4,RMUX05
BramTILE,13,4,IMUX02,BramTILE,13,4,RMUX05
BramTILE,13,4,RMUX75,BramTILE,13,4,RMUX05
LogicTILE,12,4,RMUX51,BramTILE,13,4,RMUX05
LogicTILE,14,4,RMUX03,BramTILE,13,4,RMUX05
LogicTILE,15,4,RMUX03,BramTILE,13,4,RMUX05
LogicTILE,16,4,RMUX03,BramTILE,13,4,RMUX05
LogicTILE,17,4,RMUX03,BramTILE,13,4,RMUX05
BramTILE,13,1,RMUX25,BramTILE,13,4,RMUX06
BramTILE,13,1,RMUX73,BramTILE,13,4,RMUX06
BramTILE,13,3,RMUX25,BramTILE,13,4,RMUX06
LogicTILE,14,4,RMUX49,BramTILE,13,4,RMUX06
LogicTILE,15,4,RMUX49,BramTILE,13,4,RMUX06
LogicTILE,16,4,RMUX49,BramTILE,13,4,RMUX06
LogicTILE,17,4,RMUX49,BramTILE,13,4,RMUX06
LogicTILE,14,4,RMUX49,BramTILE,13,4,RMUX07
LogicTILE,15,4,RMUX49,BramTILE,13,4,RMUX07
LogicTILE,16,4,RMUX49,BramTILE,13,4,RMUX07
LogicTILE,17,4,RMUX49,BramTILE,13,4,RMUX07
BramTILE,13,4,BufMUX16,BramTILE,13,4,RMUX08
BramTILE,13,4,BufMUX17,BramTILE,13,4,RMUX08
BramTILE,13,4,BufMUX32,BramTILE,13,4,RMUX08
BramTILE,13,3,RMUX02,BramTILE,13,4,RMUX09
BramTILE,13,4,BufMUX19,BramTILE,13,4,RMUX09
LogicTILE,14,4,RMUX26,BramTILE,13,4,RMUX09
LogicTILE,15,4,RMUX26,BramTILE,13,4,RMUX09
LogicTILE,16,4,RMUX26,BramTILE,13,4,RMUX09
LogicTILE,17,4,RMUX26,BramTILE,13,4,RMUX09
BramTILE,13,1,RMUX75,BramTILE,13,4,RMUX10
BramTILE,13,3,RMUX75,BramTILE,13,4,RMUX10
LogicTILE,12,4,RMUX51,BramTILE,13,4,RMUX10
LogicTILE,14,4,RMUX03,BramTILE,13,4,RMUX10
LogicTILE,15,4,RMUX03,BramTILE,13,4,RMUX10
LogicTILE,16,4,RMUX03,BramTILE,13,4,RMUX10
LogicTILE,17,4,RMUX03,BramTILE,13,4,RMUX10
BramTILE,13,1,RMUX75,BramTILE,13,4,RMUX11
BramTILE,13,2,RMUX75,BramTILE,13,4,RMUX11
BramTILE,13,3,RMUX75,BramTILE,13,4,RMUX11
LogicTILE,12,4,RMUX51,BramTILE,13,4,RMUX11
LogicTILE,14,4,RMUX03,BramTILE,13,4,RMUX11
LogicTILE,15,4,RMUX03,BramTILE,13,4,RMUX11
LogicTILE,16,4,RMUX03,BramTILE,13,4,RMUX11
LogicTILE,17,4,RMUX03,BramTILE,13,4,RMUX11
BramTILE,13,2,RMUX02,BramTILE,13,4,RMUX12
LogicTILE,12,4,OMUX00,BramTILE,13,4,RMUX12
LogicTILE,12,4,RMUX74,BramTILE,13,4,RMUX12
LogicTILE,14,4,RMUX26,BramTILE,13,4,RMUX12
LogicTILE,15,4,RMUX26,BramTILE,13,4,RMUX12
LogicTILE,16,4,RMUX26,BramTILE,13,4,RMUX12
LogicTILE,17,4,RMUX26,BramTILE,13,4,RMUX12
LogicTILE,15,4,RMUX03,BramTILE,13,4,RMUX14
LogicTILE,16,4,RMUX03,BramTILE,13,4,RMUX14
BramTILE,13,1,RMUX27,BramTILE,13,4,RMUX15
BramTILE,13,4,BufMUX16,BramTILE,13,4,RMUX15
BramTILE,13,4,BufMUX17,BramTILE,13,4,RMUX15
BramTILE,13,4,BufMUX32,BramTILE,13,4,RMUX15
BramTILE,13,4,RMUX75,BramTILE,13,4,RMUX15
BramTILE,13,1,RMUX25,BramTILE,13,4,RMUX16
BramTILE,13,1,RMUX73,BramTILE,13,4,RMUX16
BramTILE,13,2,RMUX25,BramTILE,13,4,RMUX16
BramTILE,13,3,RMUX25,BramTILE,13,4,RMUX16
BramTILE,13,4,IMUX03,BramTILE,13,4,RMUX16
BramTILE,13,4,IMUX43,BramTILE,13,4,RMUX16
LogicTILE,14,4,RMUX49,BramTILE,13,4,RMUX16
LogicTILE,15,4,RMUX49,BramTILE,13,4,RMUX16
LogicTILE,16,4,RMUX49,BramTILE,13,4,RMUX16
LogicTILE,17,4,RMUX49,BramTILE,13,4,RMUX16
BramTILE,13,2,RMUX25,BramTILE,13,4,RMUX17
LogicTILE,14,4,RMUX49,BramTILE,13,4,RMUX17
LogicTILE,15,4,RMUX49,BramTILE,13,4,RMUX17
LogicTILE,16,4,RMUX49,BramTILE,13,4,RMUX17
LogicTILE,17,4,RMUX49,BramTILE,13,4,RMUX17
BramTILE,13,2,RMUX02,BramTILE,13,4,RMUX18
BramTILE,13,3,RMUX02,BramTILE,13,4,RMUX18
LogicTILE,12,4,RMUX74,BramTILE,13,4,RMUX18
LogicTILE,14,4,RMUX26,BramTILE,13,4,RMUX18
LogicTILE,15,4,RMUX26,BramTILE,13,4,RMUX18
LogicTILE,16,4,RMUX26,BramTILE,13,4,RMUX18
LogicTILE,17,4,RMUX26,BramTILE,13,4,RMUX18
BramTILE,13,2,RMUX02,BramTILE,13,4,RMUX19
LogicTILE,14,4,RMUX26,BramTILE,13,4,RMUX19
LogicTILE,15,4,RMUX26,BramTILE,13,4,RMUX19
LogicTILE,16,4,RMUX26,BramTILE,13,4,RMUX19
LogicTILE,17,4,RMUX26,BramTILE,13,4,RMUX19
BramTILE,13,4,BufMUX18,BramTILE,13,4,RMUX20
BramTILE,13,4,BufMUX19,BramTILE,13,4,RMUX20
BramTILE,13,4,BufMUX32,BramTILE,13,4,RMUX20
LogicTILE,12,4,OMUX00,BramTILE,13,4,RMUX20
BramTILE,13,4,BufMUX17,BramTILE,13,4,RMUX21
LogicTILE,14,4,RMUX03,BramTILE,13,4,RMUX21
LogicTILE,15,4,RMUX03,BramTILE,13,4,RMUX21
LogicTILE,16,4,RMUX03,BramTILE,13,4,RMUX21
LogicTILE,17,4,RMUX03,BramTILE,13,4,RMUX21
BramTILE,13,1,RMUX73,BramTILE,13,4,RMUX22
BramTILE,13,2,RMUX25,BramTILE,13,4,RMUX22
BramTILE,13,3,RMUX25,BramTILE,13,4,RMUX22
LogicTILE,14,4,RMUX49,BramTILE,13,4,RMUX22
LogicTILE,15,4,RMUX49,BramTILE,13,4,RMUX22
LogicTILE,16,4,RMUX49,BramTILE,13,4,RMUX22
LogicTILE,17,4,RMUX49,BramTILE,13,4,RMUX22
BramTILE,13,2,RMUX25,BramTILE,13,4,RMUX23
BramTILE,13,3,RMUX25,BramTILE,13,4,RMUX23
BramTILE,13,4,IMUX02,BramTILE,13,4,RMUX23
LogicTILE,14,4,RMUX49,BramTILE,13,4,RMUX23
LogicTILE,15,4,RMUX49,BramTILE,13,4,RMUX23
LogicTILE,16,4,RMUX49,BramTILE,13,4,RMUX23
LogicTILE,17,4,RMUX49,BramTILE,13,4,RMUX23
BramTILE,13,2,RMUX55,BramTILE,13,4,RMUX24
BramTILE,13,3,RMUX55,BramTILE,13,4,RMUX24
BramTILE,13,4,RMUX55,BramTILE,13,4,RMUX24
LogicTILE,12,4,RMUX31,BramTILE,13,4,RMUX24
LogicTILE,14,4,RMUX79,BramTILE,13,4,RMUX24
LogicTILE,15,4,RMUX79,BramTILE,13,4,RMUX24
LogicTILE,16,4,RMUX79,BramTILE,13,4,RMUX24
LogicTILE,17,4,RMUX79,BramTILE,13,4,RMUX24
LogicTILE,9,4,RMUX31,BramTILE,13,4,RMUX25
LogicTILE,14,4,RMUX79,BramTILE,13,4,RMUX25
LogicTILE,15,4,RMUX79,BramTILE,13,4,RMUX25
LogicTILE,16,4,RMUX79,BramTILE,13,4,RMUX25
BramTILE,13,4,BufMUX20,BramTILE,13,4,RMUX26
BramTILE,13,4,BufMUX21,BramTILE,13,4,RMUX26
LogicTILE,12,4,OMUX18,BramTILE,13,4,RMUX26
BramTILE,13,4,BufMUX23,BramTILE,13,4,RMUX27
BramTILE,13,4,RMUX32,BramTILE,13,4,RMUX27
LogicTILE,12,4,RMUX08,BramTILE,13,4,RMUX27
LogicTILE,14,4,RMUX56,BramTILE,13,4,RMUX27
LogicTILE,15,4,RMUX56,BramTILE,13,4,RMUX27
LogicTILE,17,4,RMUX56,BramTILE,13,4,RMUX27
BramTILE,13,3,RMUX09,BramTILE,13,4,RMUX28
LogicTILE,14,4,RMUX33,BramTILE,13,4,RMUX28
LogicTILE,15,4,RMUX33,BramTILE,13,4,RMUX28
LogicTILE,16,4,RMUX33,BramTILE,13,4,RMUX28
LogicTILE,17,4,RMUX33,BramTILE,13,4,RMUX28
BramTILE,13,1,RMUX09,BramTILE,13,4,RMUX29
BramTILE,13,1,RMUX57,BramTILE,13,4,RMUX29
BramTILE,13,3,RMUX09,BramTILE,13,4,RMUX29
BramTILE,13,4,IMUX02,BramTILE,13,4,RMUX29
BramTILE,13,4,RMUX09,BramTILE,13,4,RMUX29
LogicTILE,14,4,RMUX33,BramTILE,13,4,RMUX29
LogicTILE,15,4,RMUX33,BramTILE,13,4,RMUX29
LogicTILE,16,4,RMUX33,BramTILE,13,4,RMUX29
LogicTILE,17,4,RMUX33,BramTILE,13,4,RMUX29
BramTILE,13,2,RMUX55,BramTILE,13,4,RMUX30
BramTILE,13,3,RMUX55,BramTILE,13,4,RMUX30
BramTILE,13,4,RMUX55,BramTILE,13,4,RMUX30
LogicTILE,14,4,RMUX79,BramTILE,13,4,RMUX30
LogicTILE,15,4,RMUX79,BramTILE,13,4,RMUX30
LogicTILE,16,4,RMUX79,BramTILE,13,4,RMUX30
LogicTILE,17,4,RMUX79,BramTILE,13,4,RMUX30
BramTILE,13,4,BufMUX22,BramTILE,13,4,RMUX31
BramTILE,13,4,BufMUX23,BramTILE,13,4,RMUX31
LogicTILE,12,4,OMUX18,BramTILE,13,4,RMUX32
LogicTILE,15,4,RMUX56,BramTILE,13,4,RMUX32
LogicTILE,16,4,RMUX56,BramTILE,13,4,RMUX32
LogicTILE,17,4,RMUX56,BramTILE,13,4,RMUX32
BramTILE,13,4,BufMUX33,BramTILE,13,4,RMUX33
LogicTILE,17,4,RMUX56,BramTILE,13,4,RMUX33
BramTILE,13,3,RMUX09,BramTILE,13,4,RMUX34
BramTILE,13,4,RMUX09,BramTILE,13,4,RMUX34
LogicTILE,14,4,RMUX33,BramTILE,13,4,RMUX34
LogicTILE,15,4,RMUX33,BramTILE,13,4,RMUX34
LogicTILE,16,4,RMUX33,BramTILE,13,4,RMUX34
LogicTILE,17,4,RMUX33,BramTILE,13,4,RMUX34
BramTILE,13,1,RMUX57,BramTILE,13,4,RMUX35
BramTILE,13,3,RMUX09,BramTILE,13,4,RMUX35
BramTILE,13,4,RMUX09,BramTILE,13,4,RMUX35
LogicTILE,12,4,RMUX81,BramTILE,13,4,RMUX35
LogicTILE,14,4,RMUX33,BramTILE,13,4,RMUX35
LogicTILE,15,4,RMUX33,BramTILE,13,4,RMUX35
LogicTILE,16,4,RMUX33,BramTILE,13,4,RMUX35
LogicTILE,17,4,RMUX33,BramTILE,13,4,RMUX35
BramTILE,13,1,RMUX32,BramTILE,13,4,RMUX36
BramTILE,13,2,RMUX32,BramTILE,13,4,RMUX36
LogicTILE,14,4,RMUX56,BramTILE,13,4,RMUX36
LogicTILE,15,4,RMUX56,BramTILE,13,4,RMUX36
LogicTILE,16,4,RMUX56,BramTILE,13,4,RMUX36
LogicTILE,17,4,RMUX56,BramTILE,13,4,RMUX36
BramTILE,13,3,RMUX32,BramTILE,13,4,RMUX37
LogicTILE,12,4,OMUX18,BramTILE,13,4,RMUX37
LogicTILE,14,4,RMUX56,BramTILE,13,4,RMUX37
LogicTILE,15,4,RMUX56,BramTILE,13,4,RMUX37
LogicTILE,16,4,RMUX56,BramTILE,13,4,RMUX37
LogicTILE,17,4,RMUX56,BramTILE,13,4,RMUX37
BramTILE,13,4,BufMUX22,BramTILE,13,4,RMUX38
BramTILE,13,4,BufMUX23,BramTILE,13,4,RMUX38
BramTILE,13,4,BufMUX33,BramTILE,13,4,RMUX38
LogicTILE,17,4,RMUX33,BramTILE,13,4,RMUX38
BramTILE,13,3,RMUX09,BramTILE,13,4,RMUX39
LogicTILE,12,4,OMUX18,BramTILE,13,4,RMUX39
LogicTILE,14,4,RMUX33,BramTILE,13,4,RMUX39
LogicTILE,15,4,RMUX33,BramTILE,13,4,RMUX39
LogicTILE,16,4,RMUX33,BramTILE,13,4,RMUX39
LogicTILE,17,4,RMUX33,BramTILE,13,4,RMUX39
BramTILE,13,1,RMUX07,BramTILE,13,4,RMUX40
BramTILE,13,2,RMUX55,BramTILE,13,4,RMUX40
BramTILE,13,3,RMUX55,BramTILE,13,4,RMUX40
BramTILE,13,4,RMUX55,BramTILE,13,4,RMUX40
LogicTILE,12,4,RMUX31,BramTILE,13,4,RMUX40
LogicTILE,14,4,RMUX79,BramTILE,13,4,RMUX40
LogicTILE,15,4,RMUX79,BramTILE,13,4,RMUX40
LogicTILE,16,4,RMUX79,BramTILE,13,4,RMUX40
LogicTILE,17,4,RMUX79,BramTILE,13,4,RMUX40
BramTILE,13,1,RMUX07,BramTILE,13,4,RMUX41
BramTILE,13,1,RMUX55,BramTILE,13,4,RMUX41
BramTILE,13,2,RMUX55,BramTILE,13,4,RMUX41
BramTILE,13,3,RMUX55,BramTILE,13,4,RMUX41
BramTILE,13,4,RMUX55,BramTILE,13,4,RMUX41
LogicTILE,9,4,RMUX31,BramTILE,13,4,RMUX41
LogicTILE,12,4,OMUX18,BramTILE,13,4,RMUX41
LogicTILE,12,4,RMUX31,BramTILE,13,4,RMUX41
LogicTILE,14,4,RMUX79,BramTILE,13,4,RMUX41
LogicTILE,15,4,RMUX79,BramTILE,13,4,RMUX41
LogicTILE,16,4,RMUX79,BramTILE,13,4,RMUX41
LogicTILE,17,4,RMUX79,BramTILE,13,4,RMUX41
BramTILE,13,3,RMUX32,BramTILE,13,4,RMUX42
LogicTILE,14,4,RMUX56,BramTILE,13,4,RMUX42
LogicTILE,15,4,RMUX56,BramTILE,13,4,RMUX42
LogicTILE,16,4,RMUX56,BramTILE,13,4,RMUX42
LogicTILE,17,4,RMUX56,BramTILE,13,4,RMUX42
LogicTILE,17,4,RMUX56,BramTILE,13,4,RMUX43
BramTILE,13,3,RMUX09,BramTILE,13,4,RMUX44
BramTILE,13,4,BufMUX22,BramTILE,13,4,RMUX44
BramTILE,13,4,BufMUX33,BramTILE,13,4,RMUX44
LogicTILE,14,4,RMUX33,BramTILE,13,4,RMUX44
LogicTILE,16,4,RMUX33,BramTILE,13,4,RMUX44
LogicTILE,17,4,RMUX33,BramTILE,13,4,RMUX44
BramTILE,13,1,RMUX09,BramTILE,13,4,RMUX45
BramTILE,13,2,RMUX09,BramTILE,13,4,RMUX45
BramTILE,13,4,BufMUX20,BramTILE,13,4,RMUX45
BramTILE,13,4,BufMUX21,BramTILE,13,4,RMUX45
LogicTILE,14,4,RMUX33,BramTILE,13,4,RMUX45
BramTILE,13,1,RMUX07,BramTILE,13,4,RMUX46
BramTILE,13,2,RMUX55,BramTILE,13,4,RMUX46
BramTILE,13,3,RMUX55,BramTILE,13,4,RMUX46
LogicTILE,12,4,RMUX31,BramTILE,13,4,RMUX46
LogicTILE,14,4,RMUX79,BramTILE,13,4,RMUX46
LogicTILE,15,4,RMUX79,BramTILE,13,4,RMUX46
LogicTILE,16,4,RMUX79,BramTILE,13,4,RMUX46
LogicTILE,17,4,RMUX79,BramTILE,13,4,RMUX46
BramTILE,13,1,RMUX07,BramTILE,13,4,RMUX47
BramTILE,13,1,RMUX55,BramTILE,13,4,RMUX47
BramTILE,13,2,RMUX55,BramTILE,13,4,RMUX47
BramTILE,13,3,RMUX55,BramTILE,13,4,RMUX47
BramTILE,13,4,RMUX55,BramTILE,13,4,RMUX47
LogicTILE,12,4,OMUX18,BramTILE,13,4,RMUX47
LogicTILE,12,4,RMUX31,BramTILE,13,4,RMUX47
LogicTILE,14,4,RMUX79,BramTILE,13,4,RMUX47
LogicTILE,15,4,RMUX79,BramTILE,13,4,RMUX47
LogicTILE,16,4,RMUX79,BramTILE,13,4,RMUX47
LogicTILE,17,4,RMUX79,BramTILE,13,4,RMUX47
BramTILE,13,1,RMUX85,BramTILE,13,4,RMUX48
BramTILE,13,2,RMUX85,BramTILE,13,4,RMUX48
BramTILE,13,3,RMUX85,BramTILE,13,4,RMUX48
BramTILE,13,4,RMUX85,BramTILE,13,4,RMUX48
LogicTILE,12,4,RMUX61,BramTILE,13,4,RMUX48
LogicTILE,14,4,RMUX13,BramTILE,13,4,RMUX48
LogicTILE,15,4,RMUX13,BramTILE,13,4,RMUX48
LogicTILE,16,4,RMUX13,BramTILE,13,4,RMUX48
LogicTILE,17,4,RMUX13,BramTILE,13,4,RMUX48
BramTILE,13,4,BufMUX24,BramTILE,13,4,RMUX50
BramTILE,13,4,BufMUX25,BramTILE,13,4,RMUX50
LogicTILE,14,4,RMUX86,BramTILE,13,4,RMUX50
LogicTILE,15,4,RMUX86,BramTILE,13,4,RMUX50
LogicTILE,16,4,RMUX86,BramTILE,13,4,RMUX50
LogicTILE,17,4,RMUX86,BramTILE,13,4,RMUX50
BramTILE,13,4,BufMUX26,BramTILE,13,4,RMUX51
BramTILE,13,4,BufMUX27,BramTILE,13,4,RMUX51
LogicTILE,14,4,RMUX86,BramTILE,13,4,RMUX51
LogicTILE,15,4,RMUX86,BramTILE,13,4,RMUX51
LogicTILE,17,4,RMUX86,BramTILE,13,4,RMUX51
BramTILE,13,1,RMUX87,BramTILE,13,4,RMUX52
BramTILE,13,2,RMUX39,BramTILE,13,4,RMUX52
BramTILE,13,3,RMUX39,BramTILE,13,4,RMUX52
LogicTILE,14,4,RMUX63,BramTILE,13,4,RMUX52
LogicTILE,15,4,RMUX63,BramTILE,13,4,RMUX52
LogicTILE,16,4,RMUX63,BramTILE,13,4,RMUX52
LogicTILE,17,4,RMUX63,BramTILE,13,4,RMUX52
BramTILE,13,3,RMUX39,BramTILE,13,4,RMUX53
BramTILE,13,4,RMUX39,BramTILE,13,4,RMUX53
LogicTILE,12,4,RMUX15,BramTILE,13,4,RMUX53
LogicTILE,14,4,RMUX63,BramTILE,13,4,RMUX53
LogicTILE,15,4,RMUX63,BramTILE,13,4,RMUX53
LogicTILE,16,4,RMUX63,BramTILE,13,4,RMUX53
LogicTILE,17,4,RMUX63,BramTILE,13,4,RMUX53
BramTILE,13,1,RMUX37,BramTILE,13,4,RMUX54
BramTILE,13,1,RMUX85,BramTILE,13,4,RMUX54
BramTILE,13,2,RMUX85,BramTILE,13,4,RMUX54
BramTILE,13,3,RMUX85,BramTILE,13,4,RMUX54
BramTILE,13,4,RMUX85,BramTILE,13,4,RMUX54
LogicTILE,12,4,RMUX61,BramTILE,13,4,RMUX54
LogicTILE,14,4,RMUX13,BramTILE,13,4,RMUX54
LogicTILE,15,4,RMUX13,BramTILE,13,4,RMUX54
LogicTILE,16,4,RMUX13,BramTILE,13,4,RMUX54
LogicTILE,17,4,RMUX13,BramTILE,13,4,RMUX54
BramTILE,13,2,RMUX85,BramTILE,13,4,RMUX55
BramTILE,13,3,RMUX85,BramTILE,13,4,RMUX55
BramTILE,13,4,RMUX85,BramTILE,13,4,RMUX55
LogicTILE,12,4,RMUX61,BramTILE,13,4,RMUX55
LogicTILE,14,4,RMUX13,BramTILE,13,4,RMUX55
LogicTILE,15,4,RMUX13,BramTILE,13,4,RMUX55
LogicTILE,16,4,RMUX13,BramTILE,13,4,RMUX55
LogicTILE,17,4,RMUX13,BramTILE,13,4,RMUX55
LogicTILE,17,4,RMUX86,BramTILE,13,4,RMUX56
BramTILE,13,4,BufMUX26,BramTILE,13,4,RMUX57
BramTILE,13,4,BufMUX27,BramTILE,13,4,RMUX57
BramTILE,13,4,BufMUX34,BramTILE,13,4,RMUX57
LogicTILE,14,4,RMUX86,BramTILE,13,4,RMUX57
LogicTILE,15,4,RMUX86,BramTILE,13,4,RMUX57
LogicTILE,16,4,RMUX86,BramTILE,13,4,RMUX57
LogicTILE,17,4,RMUX86,BramTILE,13,4,RMUX57
BramTILE,13,1,RMUX39,BramTILE,13,4,RMUX58
BramTILE,13,1,RMUX87,BramTILE,13,4,RMUX58
BramTILE,13,3,RMUX39,BramTILE,13,4,RMUX58
LogicTILE,14,4,RMUX63,BramTILE,13,4,RMUX58
LogicTILE,15,4,RMUX63,BramTILE,13,4,RMUX58
LogicTILE,16,4,RMUX63,BramTILE,13,4,RMUX58
LogicTILE,17,4,RMUX63,BramTILE,13,4,RMUX58
BramTILE,13,1,RMUX87,BramTILE,13,4,RMUX59
BramTILE,13,2,RMUX39,BramTILE,13,4,RMUX59
BramTILE,13,3,RMUX39,BramTILE,13,4,RMUX59
BramTILE,13,4,RMUX39,BramTILE,13,4,RMUX59
LogicTILE,14,4,RMUX63,BramTILE,13,4,RMUX59
LogicTILE,15,4,RMUX63,BramTILE,13,4,RMUX59
LogicTILE,16,4,RMUX63,BramTILE,13,4,RMUX59
LogicTILE,17,4,RMUX63,BramTILE,13,4,RMUX59
BramTILE,13,3,RMUX62,BramTILE,13,4,RMUX60
LogicTILE,14,4,RMUX86,BramTILE,13,4,RMUX60
LogicTILE,15,4,RMUX86,BramTILE,13,4,RMUX60
LogicTILE,16,4,RMUX86,BramTILE,13,4,RMUX60
LogicTILE,17,4,RMUX86,BramTILE,13,4,RMUX60
BramTILE,13,1,RMUX14,BramTILE,13,4,RMUX61
BramTILE,13,4,BufMUX25,BramTILE,13,4,RMUX61
BramTILE,13,4,BufMUX26,BramTILE,13,4,RMUX62
BramTILE,13,4,BufMUX27,BramTILE,13,4,RMUX62
LogicTILE,14,4,RMUX63,BramTILE,13,4,RMUX62
LogicTILE,15,4,RMUX63,BramTILE,13,4,RMUX62
LogicTILE,16,4,RMUX63,BramTILE,13,4,RMUX62
BramTILE,13,4,BufMUX24,BramTILE,13,4,RMUX63
BramTILE,13,4,BufMUX25,BramTILE,13,4,RMUX63
BramTILE,13,4,BufMUX34,BramTILE,13,4,RMUX63
BramTILE,13,1,RMUX85,BramTILE,13,4,RMUX64
BramTILE,13,2,RMUX85,BramTILE,13,4,RMUX64
BramTILE,13,3,RMUX85,BramTILE,13,4,RMUX64
BramTILE,13,4,RMUX85,BramTILE,13,4,RMUX64
LogicTILE,12,4,RMUX61,BramTILE,13,4,RMUX64
LogicTILE,14,4,RMUX13,BramTILE,13,4,RMUX64
LogicTILE,15,4,RMUX13,BramTILE,13,4,RMUX64
LogicTILE,16,4,RMUX13,BramTILE,13,4,RMUX64
LogicTILE,17,4,RMUX13,BramTILE,13,4,RMUX64
BramTILE,13,1,RMUX85,BramTILE,13,4,RMUX65
BramTILE,13,2,RMUX85,BramTILE,13,4,RMUX65
BramTILE,13,3,RMUX85,BramTILE,13,4,RMUX65
BramTILE,13,4,RMUX85,BramTILE,13,4,RMUX65
LogicTILE,12,4,OMUX30,BramTILE,13,4,RMUX65
LogicTILE,12,4,RMUX61,BramTILE,13,4,RMUX65
LogicTILE,14,4,RMUX13,BramTILE,13,4,RMUX65
LogicTILE,15,4,RMUX13,BramTILE,13,4,RMUX65
LogicTILE,16,4,RMUX13,BramTILE,13,4,RMUX65
LogicTILE,17,4,RMUX13,BramTILE,13,4,RMUX65
BramTILE,13,3,RMUX62,BramTILE,13,4,RMUX66
LogicTILE,14,4,RMUX86,BramTILE,13,4,RMUX66
LogicTILE,15,4,RMUX86,BramTILE,13,4,RMUX66
LogicTILE,16,4,RMUX86,BramTILE,13,4,RMUX66
LogicTILE,17,4,RMUX86,BramTILE,13,4,RMUX66
BramTILE,13,4,RMUX62,BramTILE,13,4,RMUX67
LogicTILE,15,4,RMUX86,BramTILE,13,4,RMUX67
LogicTILE,16,4,RMUX86,BramTILE,13,4,RMUX67
LogicTILE,17,4,RMUX86,BramTILE,13,4,RMUX67
BramTILE,13,2,RMUX39,BramTILE,13,4,RMUX68
BramTILE,13,4,BufMUX26,BramTILE,13,4,RMUX68
BramTILE,13,4,BufMUX34,BramTILE,13,4,RMUX68
BramTILE,13,4,BufMUX24,BramTILE,13,4,RMUX69
BramTILE,13,4,BufMUX25,BramTILE,13,4,RMUX69
LogicTILE,14,4,RMUX63,BramTILE,13,4,RMUX69
LogicTILE,16,4,RMUX63,BramTILE,13,4,RMUX69
LogicTILE,17,4,RMUX63,BramTILE,13,4,RMUX69
BramTILE,13,1,RMUX85,BramTILE,13,4,RMUX70
BramTILE,13,2,RMUX85,BramTILE,13,4,RMUX70
BramTILE,13,3,RMUX85,BramTILE,13,4,RMUX70
BramTILE,13,4,RMUX85,BramTILE,13,4,RMUX70
LogicTILE,11,4,RMUX61,BramTILE,13,4,RMUX70
LogicTILE,12,4,RMUX61,BramTILE,13,4,RMUX70
LogicTILE,14,4,RMUX13,BramTILE,13,4,RMUX70
LogicTILE,15,4,RMUX13,BramTILE,13,4,RMUX70
LogicTILE,16,4,RMUX13,BramTILE,13,4,RMUX70
LogicTILE,17,4,RMUX13,BramTILE,13,4,RMUX70
BramTILE,13,1,RMUX85,BramTILE,13,4,RMUX71
BramTILE,13,2,RMUX85,BramTILE,13,4,RMUX71
BramTILE,13,3,RMUX85,BramTILE,13,4,RMUX71
BramTILE,13,4,RMUX85,BramTILE,13,4,RMUX71
LogicTILE,11,4,RMUX61,BramTILE,13,4,RMUX71
LogicTILE,12,4,RMUX61,BramTILE,13,4,RMUX71
LogicTILE,14,4,RMUX13,BramTILE,13,4,RMUX71
LogicTILE,15,4,RMUX13,BramTILE,13,4,RMUX71
LogicTILE,16,4,RMUX13,BramTILE,13,4,RMUX71
LogicTILE,17,4,RMUX13,BramTILE,13,4,RMUX71
BramTILE,13,2,RMUX19,BramTILE,13,4,RMUX72
BramTILE,13,3,RMUX19,BramTILE,13,4,RMUX72
BramTILE,13,4,RMUX19,BramTILE,13,4,RMUX72
LogicTILE,12,4,RMUX91,BramTILE,13,4,RMUX72
LogicTILE,14,4,RMUX43,BramTILE,13,4,RMUX72
LogicTILE,15,4,RMUX43,BramTILE,13,4,RMUX72
LogicTILE,16,4,RMUX43,BramTILE,13,4,RMUX72
LogicTILE,17,4,RMUX43,BramTILE,13,4,RMUX72
BramTILE,13,2,RMUX19,BramTILE,13,4,RMUX73
LogicTILE,14,4,RMUX43,BramTILE,13,4,RMUX73
LogicTILE,15,4,RMUX43,BramTILE,13,4,RMUX73
LogicTILE,16,4,RMUX43,BramTILE,13,4,RMUX73
LogicTILE,17,4,RMUX43,BramTILE,13,4,RMUX73
BramTILE,13,4,BufMUX28,BramTILE,13,4,RMUX74
BramTILE,13,4,BufMUX29,BramTILE,13,4,RMUX74
LogicTILE,15,4,RMUX20,BramTILE,13,4,RMUX74
BramTILE,13,4,BufMUX35,BramTILE,13,4,RMUX75
LogicTILE,12,4,RMUX68,BramTILE,13,4,RMUX75
LogicTILE,14,4,RMUX20,BramTILE,13,4,RMUX75
LogicTILE,15,4,RMUX20,BramTILE,13,4,RMUX75
LogicTILE,16,4,RMUX20,BramTILE,13,4,RMUX75
LogicTILE,17,4,RMUX20,BramTILE,13,4,RMUX75
BramTILE,13,1,RMUX69,BramTILE,13,4,RMUX76
BramTILE,13,2,RMUX69,BramTILE,13,4,RMUX76
BramTILE,13,3,RMUX69,BramTILE,13,4,RMUX76
LogicTILE,10,4,RMUX45,BramTILE,13,4,RMUX76
LogicTILE,12,4,RMUX45,BramTILE,13,4,RMUX76
LogicTILE,14,4,RMUX93,BramTILE,13,4,RMUX76
LogicTILE,15,4,RMUX93,BramTILE,13,4,RMUX76
LogicTILE,16,4,RMUX93,BramTILE,13,4,RMUX76
LogicTILE,17,4,RMUX93,BramTILE,13,4,RMUX76
BramTILE,13,2,RMUX69,BramTILE,13,4,RMUX77
BramTILE,13,3,RMUX69,BramTILE,13,4,RMUX77
LogicTILE,10,4,RMUX45,BramTILE,13,4,RMUX77
LogicTILE,12,4,RMUX45,BramTILE,13,4,RMUX77
LogicTILE,14,4,RMUX93,BramTILE,13,4,RMUX77
LogicTILE,15,4,RMUX93,BramTILE,13,4,RMUX77
LogicTILE,16,4,RMUX93,BramTILE,13,4,RMUX77
LogicTILE,17,4,RMUX93,BramTILE,13,4,RMUX77
BramTILE,13,1,RMUX67,BramTILE,13,4,RMUX78
BramTILE,13,2,RMUX19,BramTILE,13,4,RMUX78
BramTILE,13,3,RMUX19,BramTILE,13,4,RMUX78
BramTILE,13,4,RMUX19,BramTILE,13,4,RMUX78
LogicTILE,12,4,RMUX91,BramTILE,13,4,RMUX78
LogicTILE,14,4,RMUX43,BramTILE,13,4,RMUX78
LogicTILE,15,4,RMUX43,BramTILE,13,4,RMUX78
LogicTILE,16,4,RMUX43,BramTILE,13,4,RMUX78
LogicTILE,17,4,RMUX43,BramTILE,13,4,RMUX78
BramTILE,13,1,RMUX19,BramTILE,13,4,RMUX79
BramTILE,13,1,RMUX67,BramTILE,13,4,RMUX79
BramTILE,13,2,RMUX19,BramTILE,13,4,RMUX79
LogicTILE,17,4,RMUX43,BramTILE,13,4,RMUX79
BramTILE,13,4,BufMUX28,BramTILE,13,4,RMUX80
BramTILE,13,4,BufMUX29,BramTILE,13,4,RMUX80
LogicTILE,15,4,RMUX20,BramTILE,13,4,RMUX80
LogicTILE,16,4,RMUX20,BramTILE,13,4,RMUX80
LogicTILE,17,4,RMUX20,BramTILE,13,4,RMUX80
BramTILE,13,1,RMUX44,BramTILE,13,4,RMUX81
BramTILE,13,3,RMUX92,BramTILE,13,4,RMUX81
BramTILE,13,4,BufMUX30,BramTILE,13,4,RMUX81
LogicTILE,14,4,RMUX20,BramTILE,13,4,RMUX81
LogicTILE,15,4,RMUX20,BramTILE,13,4,RMUX81
LogicTILE,17,4,RMUX20,BramTILE,13,4,RMUX81
BramTILE,13,1,RMUX69,BramTILE,13,4,RMUX82
BramTILE,13,2,RMUX69,BramTILE,13,4,RMUX82
BramTILE,13,3,RMUX69,BramTILE,13,4,RMUX82
BramTILE,13,4,IMUX61,BramTILE,13,4,RMUX82
LogicTILE,14,4,RMUX93,BramTILE,13,4,RMUX82
LogicTILE,15,4,RMUX93,BramTILE,13,4,RMUX82
LogicTILE,16,4,RMUX93,BramTILE,13,4,RMUX82
LogicTILE,17,4,RMUX93,BramTILE,13,4,RMUX82
BramTILE,13,2,RMUX69,BramTILE,13,4,RMUX83
BramTILE,13,3,RMUX69,BramTILE,13,4,RMUX83
BramTILE,13,4,IMUX02,BramTILE,13,4,RMUX83
BramTILE,13,4,IMUX12,BramTILE,13,4,RMUX83
BramTILE,13,4,RMUX69,BramTILE,13,4,RMUX83
LogicTILE,14,4,RMUX93,BramTILE,13,4,RMUX83
LogicTILE,15,4,RMUX93,BramTILE,13,4,RMUX83
LogicTILE,16,4,RMUX93,BramTILE,13,4,RMUX83
LogicTILE,17,4,RMUX93,BramTILE,13,4,RMUX83
BramTILE,13,2,RMUX92,BramTILE,13,4,RMUX84
BramTILE,13,3,RMUX92,BramTILE,13,4,RMUX84
BramTILE,13,4,RMUX92,BramTILE,13,4,RMUX84
LogicTILE,14,4,RMUX20,BramTILE,13,4,RMUX84
LogicTILE,15,4,RMUX20,BramTILE,13,4,RMUX84
LogicTILE,16,4,RMUX20,BramTILE,13,4,RMUX84
LogicTILE,17,4,RMUX20,BramTILE,13,4,RMUX84
BramTILE,13,3,RMUX92,BramTILE,13,4,RMUX85
BramTILE,13,4,RMUX92,BramTILE,13,4,RMUX85
LogicTILE,14,4,RMUX20,BramTILE,13,4,RMUX85
LogicTILE,15,4,RMUX20,BramTILE,13,4,RMUX85
LogicTILE,16,4,RMUX20,BramTILE,13,4,RMUX85
LogicTILE,17,4,RMUX20,BramTILE,13,4,RMUX85
BramTILE,13,4,BufMUX35,BramTILE,13,4,RMUX86
LogicTILE,17,4,RMUX93,BramTILE,13,4,RMUX86
BramTILE,13,4,BufMUX29,BramTILE,13,4,RMUX87
BramTILE,13,4,BufMUX35,BramTILE,13,4,RMUX87
BramTILE,13,4,RMUX69,BramTILE,13,4,RMUX87
LogicTILE,14,4,RMUX93,BramTILE,13,4,RMUX87
LogicTILE,15,4,RMUX93,BramTILE,13,4,RMUX87
LogicTILE,16,4,RMUX93,BramTILE,13,4,RMUX87
LogicTILE,17,4,RMUX93,BramTILE,13,4,RMUX87
BramTILE,13,2,RMUX19,BramTILE,13,4,RMUX88
BramTILE,13,4,RMUX19,BramTILE,13,4,RMUX88
LogicTILE,12,4,RMUX91,BramTILE,13,4,RMUX88
LogicTILE,14,4,RMUX43,BramTILE,13,4,RMUX88
LogicTILE,15,4,RMUX43,BramTILE,13,4,RMUX88
LogicTILE,16,4,RMUX43,BramTILE,13,4,RMUX88
LogicTILE,17,4,RMUX43,BramTILE,13,4,RMUX88
BramTILE,13,1,RMUX19,BramTILE,13,4,RMUX89
BramTILE,13,2,RMUX19,BramTILE,13,4,RMUX89
BramTILE,13,3,RMUX19,BramTILE,13,4,RMUX89
BramTILE,13,4,RMUX19,BramTILE,13,4,RMUX89
LogicTILE,12,4,OMUX42,BramTILE,13,4,RMUX89
LogicTILE,12,4,RMUX91,BramTILE,13,4,RMUX89
LogicTILE,14,4,RMUX43,BramTILE,13,4,RMUX89
LogicTILE,15,4,RMUX43,BramTILE,13,4,RMUX89
LogicTILE,16,4,RMUX43,BramTILE,13,4,RMUX89
LogicTILE,17,4,RMUX43,BramTILE,13,4,RMUX89
LogicTILE,12,4,OMUX36,BramTILE,13,4,RMUX90
LogicTILE,14,4,RMUX20,BramTILE,13,4,RMUX90
LogicTILE,15,4,RMUX20,BramTILE,13,4,RMUX90
LogicTILE,16,4,RMUX20,BramTILE,13,4,RMUX90
LogicTILE,17,4,RMUX20,BramTILE,13,4,RMUX90
BramTILE,13,4,BufMUX29,BramTILE,13,4,RMUX91
BramTILE,13,1,RMUX21,BramTILE,13,4,RMUX92
BramTILE,13,3,RMUX69,BramTILE,13,4,RMUX92
BramTILE,13,4,BufMUX31,BramTILE,13,4,RMUX92
LogicTILE,12,4,RMUX45,BramTILE,13,4,RMUX92
LogicTILE,14,4,RMUX93,BramTILE,13,4,RMUX92
LogicTILE,15,4,RMUX93,BramTILE,13,4,RMUX92
LogicTILE,16,4,RMUX93,BramTILE,13,4,RMUX92
LogicTILE,17,4,RMUX93,BramTILE,13,4,RMUX92
BramTILE,13,1,RMUX69,BramTILE,13,4,RMUX93
LogicTILE,17,4,RMUX93,BramTILE,13,4,RMUX93
BramTILE,13,1,RMUX67,BramTILE,13,4,RMUX94
BramTILE,13,3,RMUX19,BramTILE,13,4,RMUX94
BramTILE,13,4,RMUX19,BramTILE,13,4,RMUX94
LogicTILE,12,4,RMUX91,BramTILE,13,4,RMUX94
LogicTILE,14,4,RMUX43,BramTILE,13,4,RMUX94
LogicTILE,15,4,RMUX43,BramTILE,13,4,RMUX94
LogicTILE,16,4,RMUX43,BramTILE,13,4,RMUX94
LogicTILE,17,4,RMUX43,BramTILE,13,4,RMUX94
BramTILE,13,1,RMUX19,BramTILE,13,4,RMUX95
BramTILE,13,1,RMUX67,BramTILE,13,4,RMUX95
BramTILE,13,2,RMUX19,BramTILE,13,4,RMUX95
BramTILE,13,3,RMUX19,BramTILE,13,4,RMUX95
LogicTILE,12,4,OMUX42,BramTILE,13,4,RMUX95
LogicTILE,12,4,RMUX91,BramTILE,13,4,RMUX95
LogicTILE,14,4,RMUX43,BramTILE,13,4,RMUX95
LogicTILE,15,4,RMUX43,BramTILE,13,4,RMUX95
LogicTILE,16,4,RMUX43,BramTILE,13,4,RMUX95
LogicTILE,17,4,RMUX43,BramTILE,13,4,RMUX95
BramTILE,13,4,TileClkMUX01,BramTILE,13,4,SeamMUX00
ClkdisTILE,13,0,BufMUX05,BramTILE,13,4,SeamMUX01
LogicTILE,14,4,RMUX00,BramTILE,13,4,TMUX00
LogicTILE,14,4,RMUX12,BramTILE,13,4,TMUX02
LogicTILE,15,4,RMUX03,BramTILE,13,4,TMUX03
LogicTILE,14,4,RMUX24,BramTILE,13,4,TMUX04
LogicTILE,16,4,RMUX79,BramTILE,13,4,TMUX04
LogicTILE,15,4,RMUX86,BramTILE,13,4,TMUX09
LogicTILE,14,4,RMUX60,BramTILE,13,4,TMUX10
LogicTILE,15,4,RMUX20,BramTILE,13,4,TMUX13
LogicTILE,16,4,RMUX20,BramTILE,13,4,TMUX13
LogicTILE,14,4,RMUX93,BramTILE,13,4,TMUX15
BramTILE,13,4,IMUX32,BramTILE,13,4,TileAsyncMUX00
BramTILE,13,4,CtrlMUX01,BramTILE,13,4,TileAsyncMUX01
BramTILE,13,4,CtrlMUX02,BramTILE,13,4,TileClkEnMUX00
BramTILE,13,4,IMUX31,BramTILE,13,4,TileClkEnMUX01
BramTILE,13,4,IMUX32,BramTILE,13,4,TileClkEnMUX01
BramTILE,13,4,SeamMUX00,BramTILE,13,4,TileClkMUX00
BramTILE,13,4,SeamMUX01,BramTILE,13,4,TileClkMUX01
BramTILE,13,4,IMUX61,LogicTILE,11,4,RMUX61
BramTILE,13,4,RMUX63,LogicTILE,11,4,RMUX68
BramTILE,13,3,RMUX33,LogicTILE,12,3,RMUX45
BramTILE,13,4,RMUX26,LogicTILE,12,4,RMUX08
BramTILE,13,4,RMUX03,LogicTILE,12,4,RMUX15
BramTILE,13,4,RMUX03,LogicTILE,12,4,RMUX20
BramTILE,13,4,RMUX86,LogicTILE,12,4,RMUX51
BramTILE,13,4,RMUX63,LogicTILE,12,4,RMUX68
BramTILE,13,4,RMUX20,LogicTILE,12,4,RMUX74
BramTILE,13,4,RMUX20,LogicTILE,12,4,RMUX81
BramTILE,13,2,RMUX08,LogicTILE,14,2,RMUX32
BramTILE,13,3,RMUX74,LogicTILE,14,3,RMUX02
BramTILE,13,3,RMUX74,LogicTILE,14,3,RMUX09
BramTILE,13,3,RMUX08,LogicTILE,14,3,RMUX32
BramTILE,13,3,RMUX81,LogicTILE,14,3,RMUX39
BramTILE,13,4,BufMUX02,LogicTILE,14,4,RMUX02
BramTILE,13,4,RMUX74,LogicTILE,14,4,RMUX02
BramTILE,13,4,BufMUX03,LogicTILE,14,4,RMUX08
BramTILE,13,4,BufMUX00,LogicTILE,14,4,RMUX09
BramTILE,13,4,RMUX74,LogicTILE,14,4,RMUX09
BramTILE,13,4,RMUX51,LogicTILE,14,4,RMUX15
BramTILE,13,4,BufMUX03,LogicTILE,14,4,RMUX19
BramTILE,13,4,BufMUX01,LogicTILE,14,4,RMUX20
BramTILE,13,4,BufMUX04,LogicTILE,14,4,RMUX25
BramTILE,13,4,BufMUX05,LogicTILE,14,4,RMUX25
BramTILE,13,4,RMUX31,LogicTILE,14,4,RMUX25
BramTILE,13,4,BufMUX07,LogicTILE,14,4,RMUX32
BramTILE,13,4,RMUX08,LogicTILE,14,4,RMUX32
BramTILE,13,4,BufMUX04,LogicTILE,14,4,RMUX38
BramTILE,13,4,BufMUX05,LogicTILE,14,4,RMUX38
BramTILE,13,4,BufMUX06,LogicTILE,14,4,RMUX39
BramTILE,13,4,RMUX81,LogicTILE,14,4,RMUX39
BramTILE,13,4,BufMUX07,LogicTILE,14,4,RMUX45
BramTILE,13,4,IMUX21,LogicTILE,14,4,RMUX49
BramTILE,13,4,RMUX38,LogicTILE,14,4,RMUX50
BramTILE,13,4,IMUX02,LogicTILE,14,4,RMUX54
BramTILE,13,4,BufMUX09,LogicTILE,14,4,RMUX55
BramTILE,13,4,RMUX61,LogicTILE,14,4,RMUX55
BramTILE,13,4,BufMUX08,LogicTILE,14,4,RMUX62
BramTILE,13,4,BufMUX10,LogicTILE,14,4,RMUX69
BramTILE,13,4,RMUX15,LogicTILE,14,4,RMUX69
BramTILE,13,4,BufMUX11,LogicTILE,14,4,RMUX71
BramTILE,13,4,IMUX53,LogicTILE,14,4,RMUX72
BramTILE,13,4,BufMUX15,LogicTILE,14,4,RMUX74
BramTILE,13,4,BufMUX12,LogicTILE,14,4,RMUX75
BramTILE,13,4,BufMUX14,LogicTILE,14,4,RMUX80
BramTILE,13,4,RMUX68,LogicTILE,14,4,RMUX85
BramTILE,13,4,BufMUX12,LogicTILE,14,4,RMUX92
BramTILE,13,4,BufMUX13,LogicTILE,14,4,RMUX92
BramTILE,13,4,RMUX45,LogicTILE,14,4,RMUX92
BramTILE,13,4,RMUX91,LogicTILE,14,4,RMUX95
BramTILE,13,4,TileClkMUX00,LogicTILE,14,4,SeamMUX00
BramTILE,13,4,TileClkMUX00,LogicTILE,14,8,SeamMUX00
BramTILE,13,4,IMUX29,LogicTILE,14,10,RMUX04
BramTILE,13,4,IMUX30,LogicTILE,14,10,RMUX40
BramTILE,13,4,IMUX30,LogicTILE,14,10,RMUX46
BramTILE,13,4,TileClkMUX00,LogicTILE,14,10,SeamMUX00
BramTILE,13,3,RMUX15,LogicTILE,15,3,RMUX62
BramTILE,13,3,RMUX68,LogicTILE,15,3,RMUX75
BramTILE,13,4,RMUX81,LogicTILE,15,4,RMUX39
BramTILE,13,4,RMUX15,LogicTILE,15,4,RMUX62
BramTILE,13,4,RMUX38,LogicTILE,16,4,RMUX56
BramTILE,13,4,RMUX15,LogicTILE,16,4,RMUX62
BramTILE,13,4,RMUX08,LogicTILE,17,4,RMUX32
BramTILE,13,4,RMUX38,LogicTILE,17,4,RMUX56
BramTILE,13,4,KMUX03,UFMTILE,13,12,InputMUX09
