"edge","tile","source","evidence","note"
"RMUX53@20,12->IMUX05@20,12","X20Y12","board_congestion_20260925","bmd_sdp9_4_c00 (hb[0] entry), 2x independent board sessions","ring- and corpus-witnessed conducting pip; fails only as the FORCED sole entry into a scarce IMUX terminal on a congested corner tile under real (non-ring) signal load. route_surgery (strict mode, tier-1 graph, all other nets' wires held fixed) reports this net unroutable without it: no alternate RMUX feeds this IMUX from this placement once the tile's other feeders are claimed by other nets."
"RMUX65@20,12->IMUX19@20,12","X20Y12","board_congestion_20260925","bmd_sp9_c10_o0 (reset entry), 2x independent board sessions","ring- and corpus-witnessed conducting pip; fails only as the FORCED sole entry into a scarce IMUX terminal on a congested corner tile under real (non-ring) signal load. route_surgery reports the reset net unroutable without it under the same conditions as RMUX53@20,12->IMUX05@20,12."
"RMUX77@20,12->IMUX19@20,12","X20Y12","board_congestion_20260925","bmd_sp2_c10_o0 (reset entry), 2x independent board sessions","ring- and corpus-witnessed conducting pip; fails only as the FORCED sole entry into a scarce IMUX terminal on a congested corner tile under real (non-ring) signal load. route_surgery reports the reset net unroutable without it under the same conditions as RMUX53@20,12->IMUX05@20,12. Router-cost-penalty follow-up (2026-09-25, work/router-penalty-20260925): bram_rom_kat's reset net independently enters X20Y12 through this exact source (RMUX77, feeding IMUX35/IMUX27/IMUX19/IMUX11 together) in a pipeline-graph build, matching a KNOWN-PASSING omux_ab build of the same design that enters through RMUX83 instead -- corroborating evidence, a third design implicating this pip. CAUTION: with the router-cost penalty active, bmd_sp2_c10_o0's reset net rerouted away from this pip onto RMUX35->IMUX19 instead, and the design STILL failed identically (0 edges) on the board -- avoiding this specific pip did not fix that design, so bmd_sp2_c10_o0 likely carries a second, separate defect and its board evidence for this row should be weighted accordingly (see AG32-Docs/tools/pipwit/scratch/ROUTER_PENALTY_20260925.md)."
"RMUX59@20,12->IMUX19@20,12","X20Y12","board_congestion_20260925","bmd_sp1_c10_o0 (reset entry, deployed seed 1 and seeds 4/5), 1 board reproduction (9 PASS / 1 RATE_FAIL in 10 runs) on the unmodified deployed image","bmd_sp1_c10_o0 (FF-init investigation, 2026-09-25, AG32-Docs tools/pipwit/scratch/FF_INIT_20260925.md): 5/5 independently-seeded builds (seeds 1-5) route the design reset into the SAME scarce terminal X20Y12_IMUX19, never avoiding it, cycling across three feeder pips not previously catalogued (RMUX59, RMUX29, RMUX71, all @20,12->IMUX19@20,12; seeds 1/4/5 picked RMUX59, seed 2 picked RMUX29, seed 3 picked RMUX71). A 10-run board sample of the deployed (seed-1/RMUX59) image reproduced an intermittent-conduction signature: 9/10 PASS, 1/10 RATE_FAIL (0 edges), controls static throughout -- ruling out a harness/measurement artifact and consistent with marginal conduction at this shared terminal. Together with the existing RMUX65/RMUX77 rows this makes five distinct sources implicated at this one X20Y12_IMUX19 sink. NOTE (router-cost-penalty follow-up, same day): a destination-terminal-wide wildcard was tried and REVERTED -- bram_rom_kat's own PASSING board image uses X20Y12_RMUX83.X20Y12_IMUX19 for its reset successfully, so this terminal is NOT uniformly bad; only the five specific sources below (RMUX53 is the hb[0]/IMUX05 case) are evidenced marginal. Keep this an exact-edge table, not a destination-keyed one."
"RMUX29@20,12->IMUX19@20,12","X20Y12","board_congestion_20260925","bmd_sp1_c10_o0 (reset entry, seed 2 placement), same-terminal corroboration; not independently board-cycled at this seed","bmd_sp1_c10_o0 (FF-init investigation, 2026-09-25, AG32-Docs tools/pipwit/scratch/FF_INIT_20260925.md): 5/5 independently-seeded builds (seeds 1-5) route the design reset into the SAME scarce terminal X20Y12_IMUX19, never avoiding it, cycling across three feeder pips not previously catalogued (RMUX59, RMUX29, RMUX71, all @20,12->IMUX19@20,12; seeds 1/4/5 picked RMUX59, seed 2 picked RMUX29, seed 3 picked RMUX71). A 10-run board sample of the deployed (seed-1/RMUX59) image reproduced an intermittent-conduction signature: 9/10 PASS, 1/10 RATE_FAIL (0 edges), controls static throughout -- ruling out a harness/measurement artifact and consistent with marginal conduction at this shared terminal. Together with the existing RMUX65/RMUX77 rows this makes five distinct sources implicated at this one X20Y12_IMUX19 sink. NOTE (router-cost-penalty follow-up, same day): a destination-terminal-wide wildcard was tried and REVERTED -- bram_rom_kat's own PASSING board image uses X20Y12_RMUX83.X20Y12_IMUX19 for its reset successfully, so this terminal is NOT uniformly bad; only the five specific sources below (RMUX53 is the hb[0]/IMUX05 case) are evidenced marginal. Keep this an exact-edge table, not a destination-keyed one."
"RMUX71@20,12->IMUX19@20,12","X20Y12","board_congestion_20260925","bmd_sp1_c10_o0 (reset entry, seed 3 placement), same-terminal corroboration; not independently board-cycled at this seed","bmd_sp1_c10_o0 (FF-init investigation, 2026-09-25, AG32-Docs tools/pipwit/scratch/FF_INIT_20260925.md): 5/5 independently-seeded builds (seeds 1-5) route the design reset into the SAME scarce terminal X20Y12_IMUX19, never avoiding it, cycling across three feeder pips not previously catalogued (RMUX59, RMUX29, RMUX71, all @20,12->IMUX19@20,12; seeds 1/4/5 picked RMUX59, seed 2 picked RMUX29, seed 3 picked RMUX71). A 10-run board sample of the deployed (seed-1/RMUX59) image reproduced an intermittent-conduction signature: 9/10 PASS, 1/10 RATE_FAIL (0 edges), controls static throughout -- ruling out a harness/measurement artifact and consistent with marginal conduction at this shared terminal. Together with the existing RMUX65/RMUX77 rows this makes five distinct sources implicated at this one X20Y12_IMUX19 sink. NOTE (router-cost-penalty follow-up, same day): a destination-terminal-wide wildcard was tried and REVERTED -- bram_rom_kat's own PASSING board image uses X20Y12_RMUX83.X20Y12_IMUX19 for its reset successfully, so this terminal is NOT uniformly bad; only the five specific sources below (RMUX53 is the hb[0]/IMUX05 case) are evidenced marginal. Keep this an exact-edge table, not a destination-keyed one."
"OMUX25@17,10->IMUX32@17,10","X17Y10","unproven_shape_20260929","shape OMUX25->IMUX32 d(0,0) is used by no board-PASS open image or qualified fixture","never-proven pip shape: refused by default; admit only after a design-level silicon PASS"
"OMUX13@18,10->IMUX16@18,10","X18Y10","unproven_shape_20260929","shape OMUX13->IMUX16 d(0,0) is used by no board-PASS open image or qualified fixture","never-proven pip shape: refused by default; admit only after a design-level silicon PASS"
"OMUX07@18,11->IMUX08@18,11","X18Y11","unproven_shape_20260929","shape OMUX7->IMUX8 d(0,0) is used by no board-PASS open image or qualified fixture","never-proven pip shape: refused by default; admit only after a design-level silicon PASS"
"OMUX22@18,11->IMUX28@18,11","X18Y11","unproven_shape_20260929","shape OMUX22->IMUX28 d(0,0) is used by no board-PASS open image or qualified fixture","never-proven pip shape: refused by default; admit only after a design-level silicon PASS"
"RMUX19@13,4->RMUX78@13,3","X13Y3","unproven_shape_20260929","shape RMUX19->RMUX78 d(0,-1) is used by no board-PASS open image or qualified fixture","never-proven pip shape: refused by default; admit only after a design-level silicon PASS"
"OMUX16@12,3->IMUX20@12,3","X12Y3","unproven_shape_20260929","shape OMUX16->IMUX20 d(0,0) is used by no board-PASS open image or qualified fixture","never-proven pip shape: refused by default; admit only after a design-level silicon PASS"
"OMUX13@14,12->IMUX60@14,12","X14Y12","unproven_shape_20260929","shape OMUX13->IMUX60 d(0,0) is used by no board-PASS open image or qualified fixture","never-proven pip shape: refused by default; admit only after a design-level silicon PASS"
"OMUX33@14,12->RMUX52@15,12","X15Y12","unproven_shape_20260929","shape OMUX33->RMUX52 d(1,0) is used by no board-PASS open image or qualified fixture","never-proven pip shape: refused by default; admit only after a design-level silicon PASS"
"OMUX22@15,2->IMUX28@15,2","X15Y2","unproven_shape_20260929","shape OMUX22->IMUX28 d(0,0) is used by no board-PASS open image or qualified fixture","never-proven pip shape: refused by default; admit only after a design-level silicon PASS"
"OMUX10@15,3->IMUX12@15,3","X15Y3","unproven_shape_20260929","shape OMUX10->IMUX12 d(0,0) is used by no board-PASS open image or qualified fixture","never-proven pip shape: refused by default; admit only after a design-level silicon PASS"
"OMUX31@15,3->IMUX40@15,3","X15Y3","unproven_shape_20260929","shape OMUX31->IMUX40 d(0,0) is used by no board-PASS open image or qualified fixture","never-proven pip shape: refused by default; admit only after a design-level silicon PASS"
"OMUX19@15,8->IMUX24@15,8","X15Y8","unproven_shape_20260929","shape OMUX19->IMUX24 d(0,0) is used by no board-PASS open image or qualified fixture","never-proven pip shape: refused by default; admit only after a design-level silicon PASS"
"OMUX10@19,6->IMUX12@19,6","X19Y6","unproven_shape_20260929","shape OMUX10->IMUX12 d(0,0) is used by no board-PASS open image or qualified fixture","never-proven pip shape: refused by default; admit only after a design-level silicon PASS"
"OMUX13@19,6->IMUX16@19,6","X19Y6","unproven_shape_20260929","shape OMUX13->IMUX16 d(0,0) is used by no board-PASS open image or qualified fixture","never-proven pip shape: refused by default; admit only after a design-level silicon PASS"
"OMUX16@19,6->IMUX20@19,6","X19Y6","unproven_shape_20260929","shape OMUX16->IMUX20 d(0,0) is used by no board-PASS open image or qualified fixture","never-proven pip shape: refused by default; admit only after a design-level silicon PASS"
"OMUX16@12,1->IMUX20@12,1","X12Y1","unproven_shape_20260929","shape OMUX16->IMUX20 d(0,0) is used by no board-PASS open image or qualified fixture","never-proven pip shape: refused by default; admit only after a design-level silicon PASS"
"OMUX22@14,9->IMUX28@14,9","X14Y9","unproven_shape_20260929","shape OMUX22->IMUX28 d(0,0) is used by no board-PASS open image or qualified fixture","never-proven pip shape: refused by default; admit only after a design-level silicon PASS"
"RMUX08@15,1->RMUX36@18,1","X18Y1","unproven_shape_20260929","shape RMUX8->RMUX36 d(3,0) is used by no board-PASS open image or qualified fixture","never-proven pip shape: refused by default; admit only after a design-level silicon PASS"
"OMUX26@15,3->RMUX52@15,3","X15Y3","unproven_shape_20260929","shape OMUX26->RMUX52 d(0,0) is used by no board-PASS open image or qualified fixture","never-proven pip shape: refused by default; admit only after a design-level silicon PASS"
"OMUX32@15,3->RMUX64@15,3","X15Y3","unproven_shape_20260929","shape OMUX32->RMUX64 d(0,0) is used by no board-PASS open image or qualified fixture","never-proven pip shape: refused by default; admit only after a design-level silicon PASS"
"OMUX42@15,4->RMUX78@16,4","X16Y4","unproven_shape_20260929","shape OMUX42->RMUX78 d(1,0) is used by no board-PASS open image or qualified fixture","never-proven pip shape: refused by default; admit only after a design-level silicon PASS"
"OMUX33@15,10->RMUX52@16,10","X16Y10","unproven_shape_20260929","shape OMUX33->RMUX52 d(1,0) is used by no board-PASS open image or qualified fixture","never-proven pip shape: refused by default; admit only after a design-level silicon PASS"
"OMUX07@16,10->IMUX08@16,10","X16Y10","unproven_shape_20260929","shape OMUX7->IMUX8 d(0,0) is used by no board-PASS open image or qualified fixture","never-proven pip shape: refused by default; admit only after a design-level silicon PASS"
"OMUX10@16,10->IMUX12@16,10","X16Y10","unproven_shape_20260929","shape OMUX10->IMUX12 d(0,0) is used by no board-PASS open image or qualified fixture","never-proven pip shape: refused by default; admit only after a design-level silicon PASS"
"OMUX22@16,10->IMUX28@16,10","X16Y10","unproven_shape_20260929","shape OMUX22->IMUX28 d(0,0) is used by no board-PASS open image or qualified fixture","never-proven pip shape: refused by default; admit only after a design-level silicon PASS"
"OMUX25@16,10->IMUX32@16,10","X16Y10","unproven_shape_20260929","shape OMUX25->IMUX32 d(0,0) is used by no board-PASS open image or qualified fixture","never-proven pip shape: refused by default; admit only after a design-level silicon PASS"
"OMUX16@17,6->IMUX20@17,6","X17Y6","unproven_shape_20260929","shape OMUX16->IMUX20 d(0,0) is used by no board-PASS open image or qualified fixture","never-proven pip shape: refused by default; admit only after a design-level silicon PASS"
"OMUX19@17,6->IMUX24@17,6","X17Y6","unproven_shape_20260929","shape OMUX19->IMUX24 d(0,0) is used by no board-PASS open image or qualified fixture","never-proven pip shape: refused by default; admit only after a design-level silicon PASS"
"OMUX10@20,1->IMUX12@20,1","X20Y1","unproven_shape_20260929","shape OMUX10->IMUX12 d(0,0) is used by no board-PASS open image or qualified fixture","never-proven pip shape: refused by default; admit only after a design-level silicon PASS"
"OMUX13@20,1->IMUX16@20,1","X20Y1","unproven_shape_20260929","shape OMUX13->IMUX16 d(0,0) is used by no board-PASS open image or qualified fixture","never-proven pip shape: refused by default; admit only after a design-level silicon PASS"
"OMUX16@20,1->IMUX20@20,1","X20Y1","unproven_shape_20260929","shape OMUX16->IMUX20 d(0,0) is used by no board-PASS open image or qualified fixture","never-proven pip shape: refused by default; admit only after a design-level silicon PASS"
"RMUX74@20,1->RMUX13@20,1","X20Y1","unproven_shape_20260929","shape RMUX74->RMUX13 d(0,0) is used by no board-PASS open image or qualified fixture","never-proven pip shape: refused by default; admit only after a design-level silicon PASS"
"RMUX61@20,2->RMUX55@19,2","X19Y2","unproven_shape_20260929","shape RMUX61->RMUX55 d(-1,0) is used by no board-PASS open image or qualified fixture","never-proven pip shape: refused by default; admit only after a design-level silicon PASS"
"RMUX50@21,1->RMUX13@21,4","X21Y4","unproven_shape_20260929","shape RMUX50->RMUX13 d(0,3) is used by no board-PASS open image or qualified fixture","never-proven pip shape: refused by default; admit only after a design-level silicon PASS"
"RMUX27@13,1->RMUX14@13,2","X13Y2","unproven_shape_20260929","shape RMUX27->RMUX14 d(0,1) is used by no board-PASS open image or qualified fixture","never-proven pip shape: refused by default; admit only after a design-level silicon PASS"
"RMUX91@2,4->RMUX79@6,4","X6Y4","unproven_shape_20260929","shape RMUX91->RMUX79 d(4,0) is used by no board-PASS open image or qualified fixture","never-proven pip shape: refused by default; admit only after a design-level silicon PASS"
"OMUX33@3,1->RMUX52@4,1","X4Y1","unproven_shape_20260929","shape OMUX33->RMUX52 d(1,0) is used by no board-PASS open image or qualified fixture","never-proven pip shape: refused by default; admit only after a design-level silicon PASS"
"RMUX51@3,2->RMUX20@5,2","X5Y2","unproven_shape_20260929","shape RMUX51->RMUX20 d(2,0) is used by no board-PASS open image or qualified fixture","never-proven pip shape: refused by default; admit only after a design-level silicon PASS"
"OMUX10@4,1->IMUX12@4,1","X4Y1","unproven_shape_20260929","shape OMUX10->IMUX12 d(0,0) is used by no board-PASS open image or qualified fixture","never-proven pip shape: refused by default; admit only after a design-level silicon PASS"
"OMUX16@4,1->IMUX20@4,1","X4Y1","unproven_shape_20260929","shape OMUX16->IMUX20 d(0,0) is used by no board-PASS open image or qualified fixture","never-proven pip shape: refused by default; admit only after a design-level silicon PASS"
"OMUX28@4,1->IMUX36@4,1","X4Y1","unproven_shape_20260929","shape OMUX28->IMUX36 d(0,0) is used by no board-PASS open image or qualified fixture","never-proven pip shape: refused by default; admit only after a design-level silicon PASS"
"OMUX31@4,1->IMUX40@4,1","X4Y1","unproven_shape_20260929","shape OMUX31->IMUX40 d(0,0) is used by no board-PASS open image or qualified fixture","never-proven pip shape: refused by default; admit only after a design-level silicon PASS"
"RMUX80@5,2->RMUX42@5,3","X5Y3","unproven_shape_20260929","shape RMUX80->RMUX42 d(0,1) is used by no board-PASS open image or qualified fixture","never-proven pip shape: refused by default; admit only after a design-level silicon PASS"
"RMUX45@5,4->RMUX86@9,4","X9Y4","unproven_shape_20260929","shape RMUX45->RMUX86 d(4,0) is used by no board-PASS open image or qualified fixture","never-proven pip shape: refused by default; admit only after a design-level silicon PASS"
"RMUX73@6,2->RMUX00@6,3","X6Y3","unproven_shape_20260929","shape RMUX73->RMUX0 d(0,1) is used by no board-PASS open image or qualified fixture","never-proven pip shape: refused by default; admit only after a design-level silicon PASS"
"OMUX05@6,3->RMUX23@6,3","X6Y3","unproven_shape_20260929","shape OMUX5->RMUX23 d(0,0) is used by no board-PASS open image or qualified fixture","never-proven pip shape: refused by default; admit only after a design-level silicon PASS"
"RMUX37@7,2->RMUX48@7,3","X7Y3","unproven_shape_20260929","shape RMUX37->RMUX48 d(0,1) is used by no board-PASS open image or qualified fixture","never-proven pip shape: refused by default; admit only after a design-level silicon PASS"
"RMUX62@7,3->RMUX61@7,2","X7Y2","unproven_shape_20260929","shape RMUX62->RMUX61 d(0,-1) is used by no board-PASS open image or qualified fixture","never-proven pip shape: refused by default; admit only after a design-level silicon PASS"
"OMUX10@7,4->IMUX12@7,4","X7Y4","unproven_shape_20260929","shape OMUX10->IMUX12 d(0,0) is used by no board-PASS open image or qualified fixture","never-proven pip shape: refused by default; admit only after a design-level silicon PASS"
"OMUX22@7,4->IMUX28@7,4","X7Y4","unproven_shape_20260929","shape OMUX22->IMUX28 d(0,0) is used by no board-PASS open image or qualified fixture","never-proven pip shape: refused by default; admit only after a design-level silicon PASS"
"OMUX25@7,4->IMUX32@7,4","X7Y4","unproven_shape_20260929","shape OMUX25->IMUX32 d(0,0) is used by no board-PASS open image or qualified fixture","never-proven pip shape: refused by default; admit only after a design-level silicon PASS"
"RMUX31@8,4->RMUX30@11,4","X11Y4","unproven_shape_20260929","shape RMUX31->RMUX30 d(3,0) is used by no board-PASS open image or qualified fixture","never-proven pip shape: refused by default; admit only after a design-level silicon PASS"
"RMUX33@9,1->RMUX38@7,1","X7Y1","unproven_shape_20260929","shape RMUX33->RMUX38 d(-2,0) is used by no board-PASS open image or qualified fixture","never-proven pip shape: refused by default; admit only after a design-level silicon PASS"
"OMUX13@9,2->IMUX16@9,2","X9Y2","unproven_shape_20260929","shape OMUX13->IMUX16 d(0,0) is used by no board-PASS open image or qualified fixture","never-proven pip shape: refused by default; admit only after a design-level silicon PASS"
"OMUX16@9,2->IMUX20@9,2","X9Y2","unproven_shape_20260929","shape OMUX16->IMUX20 d(0,0) is used by no board-PASS open image or qualified fixture","never-proven pip shape: refused by default; admit only after a design-level silicon PASS"
"RMUX62@9,3->RMUX56@9,3","X9Y3","unproven_shape_20260929","shape RMUX62->RMUX56 d(0,0) is used by no board-PASS open image or qualified fixture","never-proven pip shape: refused by default; admit only after a design-level silicon PASS"
"OMUX07@10,4->IMUX08@10,4","X10Y4","unproven_shape_20260929","shape OMUX7->IMUX8 d(0,0) is used by no board-PASS open image or qualified fixture","never-proven pip shape: refused by default; admit only after a design-level silicon PASS"
"OMUX16@10,4->IMUX20@10,4","X10Y4","unproven_shape_20260929","shape OMUX16->IMUX20 d(0,0) is used by no board-PASS open image or qualified fixture","never-proven pip shape: refused by default; admit only after a design-level silicon PASS"
"OMUX22@10,4->IMUX28@10,4","X10Y4","unproven_shape_20260929","shape OMUX22->IMUX28 d(0,0) is used by no board-PASS open image or qualified fixture","never-proven pip shape: refused by default; admit only after a design-level silicon PASS"
"OMUX34@10,4->IMUX44@10,4","X10Y4","unproven_shape_20260929","shape OMUX34->IMUX44 d(0,0) is used by no board-PASS open image or qualified fixture","never-proven pip shape: refused by default; admit only after a design-level silicon PASS"
"OMUX43@10,4->IMUX56@10,4","X10Y4","unproven_shape_20260929","shape OMUX43->IMUX56 d(0,0) is used by no board-PASS open image or qualified fixture","never-proven pip shape: refused by default; admit only after a design-level silicon PASS"
"OMUX13@11,2->IMUX16@11,2","X11Y2","unproven_shape_20260929","shape OMUX13->IMUX16 d(0,0) is used by no board-PASS open image or qualified fixture","never-proven pip shape: refused by default; admit only after a design-level silicon PASS"
"OMUX19@11,2->IMUX24@11,2","X11Y2","unproven_shape_20260929","shape OMUX19->IMUX24 d(0,0) is used by no board-PASS open image or qualified fixture","never-proven pip shape: refused by default; admit only after a design-level silicon PASS"
"OMUX25@11,2->IMUX32@11,2","X11Y2","unproven_shape_20260929","shape OMUX25->IMUX32 d(0,0) is used by no board-PASS open image or qualified fixture","never-proven pip shape: refused by default; admit only after a design-level silicon PASS"
"OMUX28@11,2->IMUX36@11,2","X11Y2","unproven_shape_20260929","shape OMUX28->IMUX36 d(0,0) is used by no board-PASS open image or qualified fixture","never-proven pip shape: refused by default; admit only after a design-level silicon PASS"
"OMUX06@14,3->RMUX06@15,3","X15Y3","unproven_shape_20260929","shape OMUX6->RMUX6 d(1,0) is used by no board-PASS open image or qualified fixture","never-proven pip shape: refused by default; admit only after a design-level silicon PASS"
"OMUX07@14,8->IMUX08@14,8","X14Y8","unproven_shape_20260929","shape OMUX7->IMUX8 d(0,0) is used by no board-PASS open image or qualified fixture","never-proven pip shape: refused by default; admit only after a design-level silicon PASS"
"OMUX13@14,12->IMUX16@14,12","X14Y12","unproven_shape_20260929","shape OMUX13->IMUX16 d(0,0) is used by no board-PASS open image or qualified fixture","never-proven pip shape: refused by default; admit only after a design-level silicon PASS"
"OMUX22@14,12->IMUX28@14,12","X14Y12","unproven_shape_20260929","shape OMUX22->IMUX28 d(0,0) is used by no board-PASS open image or qualified fixture","never-proven pip shape: refused by default; admit only after a design-level silicon PASS"
"OMUX31@14,12->IMUX40@14,12","X14Y12","unproven_shape_20260929","shape OMUX31->IMUX40 d(0,0) is used by no board-PASS open image or qualified fixture","never-proven pip shape: refused by default; admit only after a design-level silicon PASS"
"OMUX07@15,1->IMUX08@15,1","X15Y1","unproven_shape_20260929","shape OMUX7->IMUX8 d(0,0) is used by no board-PASS open image or qualified fixture","never-proven pip shape: refused by default; admit only after a design-level silicon PASS"
"OMUX16@15,4->IMUX20@15,4","X15Y4","unproven_shape_20260929","shape OMUX16->IMUX20 d(0,0) is used by no board-PASS open image or qualified fixture","never-proven pip shape: refused by default; admit only after a design-level silicon PASS"
"OMUX22@15,4->IMUX28@15,4","X15Y4","unproven_shape_20260929","shape OMUX22->IMUX28 d(0,0) is used by no board-PASS open image or qualified fixture","never-proven pip shape: refused by default; admit only after a design-level silicon PASS"
"OMUX25@15,4->IMUX32@15,4","X15Y4","unproven_shape_20260929","shape OMUX25->IMUX32 d(0,0) is used by no board-PASS open image or qualified fixture","never-proven pip shape: refused by default; admit only after a design-level silicon PASS"
"OMUX31@15,4->IMUX40@15,4","X15Y4","unproven_shape_20260929","shape OMUX31->IMUX40 d(0,0) is used by no board-PASS open image or qualified fixture","never-proven pip shape: refused by default; admit only after a design-level silicon PASS"
"OMUX43@15,4->IMUX56@15,4","X15Y4","unproven_shape_20260929","shape OMUX43->IMUX56 d(0,0) is used by no board-PASS open image or qualified fixture","never-proven pip shape: refused by default; admit only after a design-level silicon PASS"
"OMUX01@15,9->IMUX00@15,9","X15Y9","unproven_shape_20260929","shape OMUX1->IMUX0 d(0,0) is used by no board-PASS open image or qualified fixture","never-proven pip shape: refused by default; admit only after a design-level silicon PASS"
"OMUX07@15,9->IMUX08@15,9","X15Y9","unproven_shape_20260929","shape OMUX7->IMUX8 d(0,0) is used by no board-PASS open image or qualified fixture","never-proven pip shape: refused by default; admit only after a design-level silicon PASS"
"OMUX16@15,10->IMUX20@15,10","X15Y10","unproven_shape_20260929","shape OMUX16->IMUX20 d(0,0) is used by no board-PASS open image or qualified fixture","never-proven pip shape: refused by default; admit only after a design-level silicon PASS"
"OMUX34@15,10->IMUX44@15,10","X15Y10","unproven_shape_20260929","shape OMUX34->IMUX44 d(0,0) is used by no board-PASS open image or qualified fixture","never-proven pip shape: refused by default; admit only after a design-level silicon PASS"
"OMUX37@15,10->IMUX48@15,10","X15Y10","unproven_shape_20260929","shape OMUX37->IMUX48 d(0,0) is used by no board-PASS open image or qualified fixture","never-proven pip shape: refused by default; admit only after a design-level silicon PASS"
"OMUX43@15,10->IMUX56@15,10","X15Y10","unproven_shape_20260929","shape OMUX43->IMUX56 d(0,0) is used by no board-PASS open image or qualified fixture","never-proven pip shape: refused by default; admit only after a design-level silicon PASS"
"OMUX46@15,10->IMUX60@15,10","X15Y10","unproven_shape_20260929","shape OMUX46->IMUX60 d(0,0) is used by no board-PASS open image or qualified fixture","never-proven pip shape: refused by default; admit only after a design-level silicon PASS"
"OMUX31@16,5->IMUX40@16,5","X16Y5","unproven_shape_20260929","shape OMUX31->IMUX40 d(0,0) is used by no board-PASS open image or qualified fixture","never-proven pip shape: refused by default; admit only after a design-level silicon PASS"
"OMUX43@16,6->IMUX56@16,6","X16Y6","unproven_shape_20260929","shape OMUX43->IMUX56 d(0,0) is used by no board-PASS open image or qualified fixture","never-proven pip shape: refused by default; admit only after a design-level silicon PASS"
"OMUX13@17,6->IMUX16@17,6","X17Y6","unproven_shape_20260929","shape OMUX13->IMUX16 d(0,0) is used by no board-PASS open image or qualified fixture","never-proven pip shape: refused by default; admit only after a design-level silicon PASS"
"OMUX31@17,6->IMUX40@17,6","X17Y6","unproven_shape_20260929","shape OMUX31->IMUX40 d(0,0) is used by no board-PASS open image or qualified fixture","never-proven pip shape: refused by default; admit only after a design-level silicon PASS"
"OMUX37@17,6->IMUX48@17,6","X17Y6","unproven_shape_20260929","shape OMUX37->IMUX48 d(0,0) is used by no board-PASS open image or qualified fixture","never-proven pip shape: refused by default; admit only after a design-level silicon PASS"
"OMUX40@17,6->IMUX52@17,6","X17Y6","unproven_shape_20260929","shape OMUX40->IMUX52 d(0,0) is used by no board-PASS open image or qualified fixture","never-proven pip shape: refused by default; admit only after a design-level silicon PASS"
"OMUX19@17,8->IMUX24@17,8","X17Y8","unproven_shape_20260929","shape OMUX19->IMUX24 d(0,0) is used by no board-PASS open image or qualified fixture","never-proven pip shape: refused by default; admit only after a design-level silicon PASS"
"OMUX16@17,12->IMUX20@17,12","X17Y12","unproven_shape_20260929","shape OMUX16->IMUX20 d(0,0) is used by no board-PASS open image or qualified fixture","never-proven pip shape: refused by default; admit only after a design-level silicon PASS"
"RMUX32@18,5->RMUX37@18,8","X18Y8","unproven_shape_20260929","shape RMUX32->RMUX37 d(0,3) is used by no board-PASS open image or qualified fixture","never-proven pip shape: refused by default; admit only after a design-level silicon PASS"
"OMUX03@18,7->RMUX18@19,7","X19Y7","unproven_shape_20260929","shape OMUX3->RMUX18 d(1,0) is used by no board-PASS open image or qualified fixture","never-proven pip shape: refused by default; admit only after a design-level silicon PASS"
"OMUX17@18,7->RMUX47@18,7","X18Y7","unproven_shape_20260929","shape OMUX17->RMUX47 d(0,0) is used by no board-PASS open image or qualified fixture","never-proven pip shape: refused by default; admit only after a design-level silicon PASS"
"OMUX18@18,7->RMUX30@19,7","X19Y7","unproven_shape_20260929","shape OMUX18->RMUX30 d(1,0) is used by no board-PASS open image or qualified fixture","never-proven pip shape: refused by default; admit only after a design-level silicon PASS"
"RMUX37@19,2->RMUX65@19,3","X19Y3","unproven_shape_20260929","shape RMUX37->RMUX65 d(0,1) is used by no board-PASS open image or qualified fixture","never-proven pip shape: refused by default; admit only after a design-level silicon PASS"
"OMUX07@19,8->IMUX08@19,8","X19Y8","unproven_shape_20260929","shape OMUX7->IMUX8 d(0,0) is used by no board-PASS open image or qualified fixture","never-proven pip shape: refused by default; admit only after a design-level silicon PASS"
"OMUX16@19,8->IMUX20@19,8","X19Y8","unproven_shape_20260929","shape OMUX16->IMUX20 d(0,0) is used by no board-PASS open image or qualified fixture","never-proven pip shape: refused by default; admit only after a design-level silicon PASS"
"OMUX07@20,1->IMUX08@20,1","X20Y1","unproven_shape_20260929","shape OMUX7->IMUX8 d(0,0) is used by no board-PASS open image or qualified fixture","never-proven pip shape: refused by default; admit only after a design-level silicon PASS"
"OMUX10@20,5->IMUX12@20,5","X20Y5","unproven_shape_20260929","shape OMUX10->IMUX12 d(0,0) is used by no board-PASS open image or qualified fixture","never-proven pip shape: refused by default; admit only after a design-level silicon PASS"
"OMUX19@20,5->IMUX24@20,5","X20Y5","unproven_shape_20260929","shape OMUX19->IMUX24 d(0,0) is used by no board-PASS open image or qualified fixture","never-proven pip shape: refused by default; admit only after a design-level silicon PASS"
"OMUX22@20,5->IMUX28@20,5","X20Y5","unproven_shape_20260929","shape OMUX22->IMUX28 d(0,0) is used by no board-PASS open image or qualified fixture","never-proven pip shape: refused by default; admit only after a design-level silicon PASS"
"OMUX25@20,5->IMUX32@20,5","X20Y5","unproven_shape_20260929","shape OMUX25->IMUX32 d(0,0) is used by no board-PASS open image or qualified fixture","never-proven pip shape: refused by default; admit only after a design-level silicon PASS"
"RMUX31@20,7->RMUX41@19,7","X19Y7","unproven_shape_20260929","shape RMUX31->RMUX41 d(-1,0) is used by no board-PASS open image or qualified fixture","never-proven pip shape: refused by default; admit only after a design-level silicon PASS"
"RMUX14@13,1->RMUX57@13,1","X13Y1","unproven_shape_20260929","shape RMUX14->RMUX57 d(0,0) is used by no board-PASS open image or qualified fixture","never-proven pip shape: refused by default; admit only after a design-level silicon PASS"
"RMUX91@1,1->RMUX79@5,1","X5Y1","unproven_shape_20260929","shape RMUX91->RMUX79 d(4,0) is used by no board-PASS open image or qualified fixture","never-proven pip shape: refused by default; admit only after a design-level silicon PASS"
"OMUX07@1,4->IMUX08@1,4","X1Y4","unproven_shape_20260929","shape OMUX7->IMUX8 d(0,0) is used by no board-PASS open image or qualified fixture","never-proven pip shape: refused by default; admit only after a design-level silicon PASS"
"OMUX25@1,4->IMUX32@1,4","X1Y4","unproven_shape_20260929","shape OMUX25->IMUX32 d(0,0) is used by no board-PASS open image or qualified fixture","never-proven pip shape: refused by default; admit only after a design-level silicon PASS"
"RMUX51@4,2->RMUX20@6,2","X6Y2","unproven_shape_20260929","shape RMUX51->RMUX20 d(2,0) is used by no board-PASS open image or qualified fixture","never-proven pip shape: refused by default; admit only after a design-level silicon PASS"
"OMUX04@5,1->IMUX04@5,1","X5Y1","unproven_shape_20260929","shape OMUX4->IMUX4 d(0,0) is used by no board-PASS open image or qualified fixture","never-proven pip shape: refused by default; admit only after a design-level silicon PASS"
"OMUX14@5,1->RMUX47@5,1","X5Y1","unproven_shape_20260929","shape OMUX14->RMUX47 d(0,0) is used by no board-PASS open image or qualified fixture","never-proven pip shape: refused by default; admit only after a design-level silicon PASS"
"OMUX07@5,2->IMUX08@5,2","X5Y2","unproven_shape_20260929","shape OMUX7->IMUX8 d(0,0) is used by no board-PASS open image or qualified fixture","never-proven pip shape: refused by default; admit only after a design-level silicon PASS"
"OMUX10@5,2->IMUX12@5,2","X5Y2","unproven_shape_20260929","shape OMUX10->IMUX12 d(0,0) is used by no board-PASS open image or qualified fixture","never-proven pip shape: refused by default; admit only after a design-level silicon PASS"
"OMUX13@5,2->IMUX16@5,2","X5Y2","unproven_shape_20260929","shape OMUX13->IMUX16 d(0,0) is used by no board-PASS open image or qualified fixture","never-proven pip shape: refused by default; admit only after a design-level silicon PASS"
"OMUX22@5,2->IMUX28@5,2","X5Y2","unproven_shape_20260929","shape OMUX22->IMUX28 d(0,0) is used by no board-PASS open image or qualified fixture","never-proven pip shape: refused by default; admit only after a design-level silicon PASS"
"OMUX25@5,2->IMUX32@5,2","X5Y2","unproven_shape_20260929","shape OMUX25->IMUX32 d(0,0) is used by no board-PASS open image or qualified fixture","never-proven pip shape: refused by default; admit only after a design-level silicon PASS"
"OMUX46@5,2->IMUX60@5,2","X5Y2","unproven_shape_20260929","shape OMUX46->IMUX60 d(0,0) is used by no board-PASS open image or qualified fixture","never-proven pip shape: refused by default; admit only after a design-level silicon PASS"
"OMUX13@8,2->IMUX16@8,2","X8Y2","unproven_shape_20260929","shape OMUX13->IMUX16 d(0,0) is used by no board-PASS open image or qualified fixture","never-proven pip shape: refused by default; admit only after a design-level silicon PASS"
"OMUX16@8,2->IMUX20@8,2","X8Y2","unproven_shape_20260929","shape OMUX16->IMUX20 d(0,0) is used by no board-PASS open image or qualified fixture","never-proven pip shape: refused by default; admit only after a design-level silicon PASS"
"OMUX19@8,2->IMUX24@8,2","X8Y2","unproven_shape_20260929","shape OMUX19->IMUX24 d(0,0) is used by no board-PASS open image or qualified fixture","never-proven pip shape: refused by default; admit only after a design-level silicon PASS"
"OMUX19@8,3->IMUX24@8,3","X8Y3","unproven_shape_20260929","shape OMUX19->IMUX24 d(0,0) is used by no board-PASS open image or qualified fixture","never-proven pip shape: refused by default; admit only after a design-level silicon PASS"
"OMUX10@9,3->IMUX12@9,3","X9Y3","unproven_shape_20260929","shape OMUX10->IMUX12 d(0,0) is used by no board-PASS open image or qualified fixture","never-proven pip shape: refused by default; admit only after a design-level silicon PASS"
"OMUX16@9,3->IMUX20@9,3","X9Y3","unproven_shape_20260929","shape OMUX16->IMUX20 d(0,0) is used by no board-PASS open image or qualified fixture","never-proven pip shape: refused by default; admit only after a design-level silicon PASS"
"OMUX19@9,3->IMUX24@9,3","X9Y3","unproven_shape_20260929","shape OMUX19->IMUX24 d(0,0) is used by no board-PASS open image or qualified fixture","never-proven pip shape: refused by default; admit only after a design-level silicon PASS"
"RMUX92@12,3->RMUX91@12,3","X12Y3","unproven_shape_20260929","shape RMUX92->RMUX91 d(0,0) is used by no board-PASS open image or qualified fixture","never-proven pip shape: refused by default; admit only after a design-level silicon PASS"
"OMUX13@14,9->IMUX16@14,9","X14Y9","unproven_shape_20260929","shape OMUX13->IMUX16 d(0,0) is used by no board-PASS open image or qualified fixture","never-proven pip shape: refused by default; admit only after a design-level silicon PASS"
"OMUX07@15,4->IMUX08@15,4","X15Y4","unproven_shape_20260929","shape OMUX7->IMUX8 d(0,0) is used by no board-PASS open image or qualified fixture","never-proven pip shape: refused by default; admit only after a design-level silicon PASS"
"OMUX13@15,4->IMUX16@15,4","X15Y4","unproven_shape_20260929","shape OMUX13->IMUX16 d(0,0) is used by no board-PASS open image or qualified fixture","never-proven pip shape: refused by default; admit only after a design-level silicon PASS"
"OMUX19@15,4->IMUX24@15,4","X15Y4","unproven_shape_20260929","shape OMUX19->IMUX24 d(0,0) is used by no board-PASS open image or qualified fixture","never-proven pip shape: refused by default; admit only after a design-level silicon PASS"
"OMUX46@15,4->IMUX60@15,4","X15Y4","unproven_shape_20260929","shape OMUX46->IMUX60 d(0,0) is used by no board-PASS open image or qualified fixture","never-proven pip shape: refused by default; admit only after a design-level silicon PASS"
"OMUX33@15,8->RMUX52@16,8","X16Y8","unproven_shape_20260929","shape OMUX33->RMUX52 d(1,0) is used by no board-PASS open image or qualified fixture","never-proven pip shape: refused by default; admit only after a design-level silicon PASS"
"OMUX07@16,7->IMUX08@16,7","X16Y7","unproven_shape_20260929","shape OMUX7->IMUX8 d(0,0) is used by no board-PASS open image or qualified fixture","never-proven pip shape: refused by default; admit only after a design-level silicon PASS"
"RMUX08@17,5->RMUX36@20,5","X20Y5","unproven_shape_20260929","shape RMUX8->RMUX36 d(3,0) is used by no board-PASS open image or qualified fixture","never-proven pip shape: refused by default; admit only after a design-level silicon PASS"
"RMUX79@18,3->RMUX30@16,3","X16Y3","unproven_shape_20260929","shape RMUX79->RMUX30 d(-2,0) is used by no board-PASS open image or qualified fixture","never-proven pip shape: refused by default; admit only after a design-level silicon PASS"
"OMUX16@18,5->IMUX20@18,5","X18Y5","unproven_shape_20260929","shape OMUX16->IMUX20 d(0,0) is used by no board-PASS open image or qualified fixture","never-proven pip shape: refused by default; admit only after a design-level silicon PASS"
"OMUX19@18,5->IMUX24@18,5","X18Y5","unproven_shape_20260929","shape OMUX19->IMUX24 d(0,0) is used by no board-PASS open image or qualified fixture","never-proven pip shape: refused by default; admit only after a design-level silicon PASS"
"OMUX22@18,5->IMUX28@18,5","X18Y5","unproven_shape_20260929","shape OMUX22->IMUX28 d(0,0) is used by no board-PASS open image or qualified fixture","never-proven pip shape: refused by default; admit only after a design-level silicon PASS"
"OMUX07@19,6->IMUX08@19,6","X19Y6","unproven_shape_20260929","shape OMUX7->IMUX8 d(0,0) is used by no board-PASS open image or qualified fixture","never-proven pip shape: refused by default; admit only after a design-level silicon PASS"
"OMUX19@19,6->IMUX24@19,6","X19Y6","unproven_shape_20260929","shape OMUX19->IMUX24 d(0,0) is used by no board-PASS open image or qualified fixture","never-proven pip shape: refused by default; admit only after a design-level silicon PASS"
"OMUX22@19,6->IMUX28@19,6","X19Y6","unproven_shape_20260929","shape OMUX22->IMUX28 d(0,0) is used by no board-PASS open image or qualified fixture","never-proven pip shape: refused by default; admit only after a design-level silicon PASS"
"OMUX25@19,6->IMUX32@19,6","X19Y6","unproven_shape_20260929","shape OMUX25->IMUX32 d(0,0) is used by no board-PASS open image or qualified fixture","never-proven pip shape: refused by default; admit only after a design-level silicon PASS"
"OMUX37@19,6->IMUX48@19,6","X19Y6","unproven_shape_20260929","shape OMUX37->IMUX48 d(0,0) is used by no board-PASS open image or qualified fixture","never-proven pip shape: refused by default; admit only after a design-level silicon PASS"
"OMUX40@19,6->IMUX52@19,6","X19Y6","unproven_shape_20260929","shape OMUX40->IMUX52 d(0,0) is used by no board-PASS open image or qualified fixture","never-proven pip shape: refused by default; admit only after a design-level silicon PASS"
"OMUX35@20,2->RMUX64@20,2","X20Y2","unproven_shape_20260929","shape OMUX35->RMUX64 d(0,0) is used by no board-PASS open image or qualified fixture","never-proven pip shape: refused by default; admit only after a design-level silicon PASS"
"OMUX10@20,3->IMUX12@20,3","X20Y3","unproven_shape_20260929","shape OMUX10->IMUX12 d(0,0) is used by no board-PASS open image or qualified fixture","never-proven pip shape: refused by default; admit only after a design-level silicon PASS"
"OMUX22@20,3->IMUX28@20,3","X20Y3","unproven_shape_20260929","shape OMUX22->IMUX28 d(0,0) is used by no board-PASS open image or qualified fixture","never-proven pip shape: refused by default; admit only after a design-level silicon PASS"
"OMUX37@20,3->IMUX48@20,3","X20Y3","unproven_shape_20260929","shape OMUX37->IMUX48 d(0,0) is used by no board-PASS open image or qualified fixture","never-proven pip shape: refused by default; admit only after a design-level silicon PASS"
"OMUX40@20,3->IMUX52@20,3","X20Y3","unproven_shape_20260929","shape OMUX40->IMUX52 d(0,0) is used by no board-PASS open image or qualified fixture","never-proven pip shape: refused by default; admit only after a design-level silicon PASS"
"OMUX43@20,3->IMUX56@20,3","X20Y3","unproven_shape_20260929","shape OMUX43->IMUX56 d(0,0) is used by no board-PASS open image or qualified fixture","never-proven pip shape: refused by default; admit only after a design-level silicon PASS"
"OMUX46@20,3->IMUX60@20,3","X20Y3","unproven_shape_20260929","shape OMUX46->IMUX60 d(0,0) is used by no board-PASS open image or qualified fixture","never-proven pip shape: refused by default; admit only after a design-level silicon PASS"
"OMUX31@6,3->IMUX40@6,3","X6Y3","unproven_shape_20260929","shape OMUX31->IMUX40 d(0,0) is used by no board-PASS open image or qualified fixture","never-proven pip shape: refused by default; admit only after a design-level silicon PASS"
"OMUX33@7,2->RMUX52@8,2","X8Y2","unproven_shape_20260929","shape OMUX33->RMUX52 d(1,0) is used by no board-PASS open image or qualified fixture","never-proven pip shape: refused by default; admit only after a design-level silicon PASS"
"OMUX07@10,2->IMUX08@10,2","X10Y2","unproven_shape_20260929","shape OMUX7->IMUX8 d(0,0) is used by no board-PASS open image or qualified fixture","never-proven pip shape: refused by default; admit only after a design-level silicon PASS"
"OMUX10@10,2->IMUX12@10,2","X10Y2","unproven_shape_20260929","shape OMUX10->IMUX12 d(0,0) is used by no board-PASS open image or qualified fixture","never-proven pip shape: refused by default; admit only after a design-level silicon PASS"
"OMUX33@10,3->RMUX52@11,3","X11Y3","unproven_shape_20260929","shape OMUX33->RMUX52 d(1,0) is used by no board-PASS open image or qualified fixture","never-proven pip shape: refused by default; admit only after a design-level silicon PASS"
"OMUX07@14,11->IMUX08@14,11","X14Y11","unproven_shape_20260929","shape OMUX7->IMUX8 d(0,0) is used by no board-PASS open image or qualified fixture","never-proven pip shape: refused by default; admit only after a design-level silicon PASS"
"OMUX10@14,11->IMUX12@14,11","X14Y11","unproven_shape_20260929","shape OMUX10->IMUX12 d(0,0) is used by no board-PASS open image or qualified fixture","never-proven pip shape: refused by default; admit only after a design-level silicon PASS"
"OMUX07@16,3->IMUX08@16,3","X16Y3","unproven_shape_20260929","shape OMUX7->IMUX8 d(0,0) is used by no board-PASS open image or qualified fixture","never-proven pip shape: refused by default; admit only after a design-level silicon PASS"
"RMUX68@16,5->RMUX84@20,5","X20Y5","unproven_shape_20260929","shape RMUX68->RMUX84 d(4,0) is used by no board-PASS open image or qualified fixture","never-proven pip shape: refused by default; admit only after a design-level silicon PASS"
"OMUX10@16,6->IMUX12@16,6","X16Y6","unproven_shape_20260929","shape OMUX10->IMUX12 d(0,0) is used by no board-PASS open image or qualified fixture","never-proven pip shape: refused by default; admit only after a design-level silicon PASS"
"OMUX16@16,6->IMUX20@16,6","X16Y6","unproven_shape_20260929","shape OMUX16->IMUX20 d(0,0) is used by no board-PASS open image or qualified fixture","never-proven pip shape: refused by default; admit only after a design-level silicon PASS"
"OMUX19@16,6->IMUX24@16,6","X16Y6","unproven_shape_20260929","shape OMUX19->IMUX24 d(0,0) is used by no board-PASS open image or qualified fixture","never-proven pip shape: refused by default; admit only after a design-level silicon PASS"
"OMUX25@16,6->IMUX32@16,6","X16Y6","unproven_shape_20260929","shape OMUX25->IMUX32 d(0,0) is used by no board-PASS open image or qualified fixture","never-proven pip shape: refused by default; admit only after a design-level silicon PASS"
"OMUX34@16,6->IMUX44@16,6","X16Y6","unproven_shape_20260929","shape OMUX34->IMUX44 d(0,0) is used by no board-PASS open image or qualified fixture","never-proven pip shape: refused by default; admit only after a design-level silicon PASS"
"OMUX37@16,6->IMUX48@16,6","X16Y6","unproven_shape_20260929","shape OMUX37->IMUX48 d(0,0) is used by no board-PASS open image or qualified fixture","never-proven pip shape: refused by default; admit only after a design-level silicon PASS"
"OMUX40@16,6->IMUX52@16,6","X16Y6","unproven_shape_20260929","shape OMUX40->IMUX52 d(0,0) is used by no board-PASS open image or qualified fixture","never-proven pip shape: refused by default; admit only after a design-level silicon PASS"
"OMUX33@16,10->RMUX52@17,10","X17Y10","unproven_shape_20260929","shape OMUX33->RMUX52 d(1,0) is used by no board-PASS open image or qualified fixture","never-proven pip shape: refused by default; admit only after a design-level silicon PASS"
"OMUX22@17,1->IMUX28@17,1","X17Y1","unproven_shape_20260929","shape OMUX22->IMUX28 d(0,0) is used by no board-PASS open image or qualified fixture","never-proven pip shape: refused by default; admit only after a design-level silicon PASS"
"OMUX31@17,1->IMUX40@17,1","X17Y1","unproven_shape_20260929","shape OMUX31->IMUX40 d(0,0) is used by no board-PASS open image or qualified fixture","never-proven pip shape: refused by default; admit only after a design-level silicon PASS"
"OMUX10@17,4->IMUX12@17,4","X17Y4","unproven_shape_20260929","shape OMUX10->IMUX12 d(0,0) is used by no board-PASS open image or qualified fixture","never-proven pip shape: refused by default; admit only after a design-level silicon PASS"
"OMUX13@17,4->IMUX16@17,4","X17Y4","unproven_shape_20260929","shape OMUX13->IMUX16 d(0,0) is used by no board-PASS open image or qualified fixture","never-proven pip shape: refused by default; admit only after a design-level silicon PASS"
"OMUX19@17,4->IMUX24@17,4","X17Y4","unproven_shape_20260929","shape OMUX19->IMUX24 d(0,0) is used by no board-PASS open image or qualified fixture","never-proven pip shape: refused by default; admit only after a design-level silicon PASS"
"OMUX05@18,6->RMUX17@18,6","X18Y6","unproven_shape_20260929","shape OMUX5->RMUX17 d(0,0) is used by no board-PASS open image or qualified fixture","never-proven pip shape: refused by default; admit only after a design-level silicon PASS"
"OMUX19@19,2->IMUX24@19,2","X19Y2","unproven_shape_20260929","shape OMUX19->IMUX24 d(0,0) is used by no board-PASS open image or qualified fixture","never-proven pip shape: refused by default; admit only after a design-level silicon PASS"
"OMUX31@19,2->IMUX40@19,2","X19Y2","unproven_shape_20260929","shape OMUX31->IMUX40 d(0,0) is used by no board-PASS open image or qualified fixture","never-proven pip shape: refused by default; admit only after a design-level silicon PASS"
"OMUX34@19,2->IMUX44@19,2","X19Y2","unproven_shape_20260929","shape OMUX34->IMUX44 d(0,0) is used by no board-PASS open image or qualified fixture","never-proven pip shape: refused by default; admit only after a design-level silicon PASS"
"OMUX33@19,3->RMUX52@20,3","X20Y3","unproven_shape_20260929","shape OMUX33->RMUX52 d(1,0) is used by no board-PASS open image or qualified fixture","never-proven pip shape: refused by default; admit only after a design-level silicon PASS"
"OMUX33@19,6->RMUX52@20,6","X20Y6","unproven_shape_20260929","shape OMUX33->RMUX52 d(1,0) is used by no board-PASS open image or qualified fixture","never-proven pip shape: refused by default; admit only after a design-level silicon PASS"
"OMUX07@19,9->IMUX08@19,9","X19Y9","unproven_shape_20260929","shape OMUX7->IMUX8 d(0,0) is used by no board-PASS open image or qualified fixture","never-proven pip shape: refused by default; admit only after a design-level silicon PASS"
"OMUX13@19,9->IMUX16@19,9","X19Y9","unproven_shape_20260929","shape OMUX13->IMUX16 d(0,0) is used by no board-PASS open image or qualified fixture","never-proven pip shape: refused by default; admit only after a design-level silicon PASS"
"OMUX19@19,9->IMUX24@19,9","X19Y9","unproven_shape_20260929","shape OMUX19->IMUX24 d(0,0) is used by no board-PASS open image or qualified fixture","never-proven pip shape: refused by default; admit only after a design-level silicon PASS"
"RMUX74@20,3->RMUX09@20,3","X20Y3","unproven_shape_20260929","shape RMUX74->RMUX9 d(0,0) is used by no board-PASS open image or qualified fixture","never-proven pip shape: refused by default; admit only after a design-level silicon PASS"
"OMUX01@20,7->IMUX00@20,7","X20Y7","unproven_shape_20260929","shape OMUX1->IMUX0 d(0,0) is used by no board-PASS open image or qualified fixture","never-proven pip shape: refused by default; admit only after a design-level silicon PASS"
"RMUX39@20,7->RMUX41@20,7","X20Y7","unproven_shape_20260929","shape RMUX39->RMUX41 d(0,0) is used by no board-PASS open image or qualified fixture","never-proven pip shape: refused by default; admit only after a design-level silicon PASS"
"OMUX07@20,8->IMUX08@20,8","X20Y8","unproven_shape_20260929","shape OMUX7->IMUX8 d(0,0) is used by no board-PASS open image or qualified fixture","never-proven pip shape: refused by default; admit only after a design-level silicon PASS"
"OMUX13@20,8->IMUX16@20,8","X20Y8","unproven_shape_20260929","shape OMUX13->IMUX16 d(0,0) is used by no board-PASS open image or qualified fixture","never-proven pip shape: refused by default; admit only after a design-level silicon PASS"
"OMUX16@20,8->IMUX20@20,8","X20Y8","unproven_shape_20260929","shape OMUX16->IMUX20 d(0,0) is used by no board-PASS open image or qualified fixture","never-proven pip shape: refused by default; admit only after a design-level silicon PASS"
"OMUX19@20,8->IMUX24@20,8","X20Y8","unproven_shape_20260929","shape OMUX19->IMUX24 d(0,0) is used by no board-PASS open image or qualified fixture","never-proven pip shape: refused by default; admit only after a design-level silicon PASS"
"OMUX22@20,8->IMUX28@20,8","X20Y8","unproven_shape_20260929","shape OMUX22->IMUX28 d(0,0) is used by no board-PASS open image or qualified fixture","never-proven pip shape: refused by default; admit only after a design-level silicon PASS"
"OMUX28@20,8->IMUX36@20,8","X20Y8","unproven_shape_20260929","shape OMUX28->IMUX36 d(0,0) is used by no board-PASS open image or qualified fixture","never-proven pip shape: refused by default; admit only after a design-level silicon PASS"
"OMUX31@20,8->IMUX40@20,8","X20Y8","unproven_shape_20260929","shape OMUX31->IMUX40 d(0,0) is used by no board-PASS open image or qualified fixture","never-proven pip shape: refused by default; admit only after a design-level silicon PASS"
"OMUX37@20,8->IMUX48@20,8","X20Y8","unproven_shape_20260929","shape OMUX37->IMUX48 d(0,0) is used by no board-PASS open image or qualified fixture","never-proven pip shape: refused by default; admit only after a design-level silicon PASS"
"OMUX40@20,8->IMUX52@20,8","X20Y8","unproven_shape_20260929","shape OMUX40->IMUX52 d(0,0) is used by no board-PASS open image or qualified fixture","never-proven pip shape: refused by default; admit only after a design-level silicon PASS"
"OMUX19@7,1->IMUX24@7,1","X7Y1","unproven_shape_20260929","shape OMUX19->IMUX24 d(0,0) is used by no board-PASS open image or qualified fixture","never-proven pip shape: refused by default; admit only after a design-level silicon PASS"
"OMUX25@7,1->IMUX32@7,1","X7Y1","unproven_shape_20260929","shape OMUX25->IMUX32 d(0,0) is used by no board-PASS open image or qualified fixture","never-proven pip shape: refused by default; admit only after a design-level silicon PASS"
"OMUX34@7,1->IMUX44@7,1","X7Y1","unproven_shape_20260929","shape OMUX34->IMUX44 d(0,0) is used by no board-PASS open image or qualified fixture","never-proven pip shape: refused by default; admit only after a design-level silicon PASS"
"OMUX25@10,4->IMUX32@10,4","X10Y4","unproven_shape_20260929","shape OMUX25->IMUX32 d(0,0) is used by no board-PASS open image or qualified fixture","never-proven pip shape: refused by default; admit only after a design-level silicon PASS"
"OMUX31@10,4->IMUX40@10,4","X10Y4","unproven_shape_20260929","shape OMUX31->IMUX40 d(0,0) is used by no board-PASS open image or qualified fixture","never-proven pip shape: refused by default; admit only after a design-level silicon PASS"
"OMUX19@11,3->IMUX24@11,3","X11Y3","unproven_shape_20260929","shape OMUX19->IMUX24 d(0,0) is used by no board-PASS open image or qualified fixture","never-proven pip shape: refused by default; admit only after a design-level silicon PASS"
"OMUX25@11,3->IMUX32@11,3","X11Y3","unproven_shape_20260929","shape OMUX25->IMUX32 d(0,0) is used by no board-PASS open image or qualified fixture","never-proven pip shape: refused by default; admit only after a design-level silicon PASS"
"OMUX43@11,3->IMUX56@11,3","X11Y3","unproven_shape_20260929","shape OMUX43->IMUX56 d(0,0) is used by no board-PASS open image or qualified fixture","never-proven pip shape: refused by default; admit only after a design-level silicon PASS"
"OMUX22@14,3->IMUX28@14,3","X14Y3","unproven_shape_20260929","shape OMUX22->IMUX28 d(0,0) is used by no board-PASS open image or qualified fixture","never-proven pip shape: refused by default; admit only after a design-level silicon PASS"
"OMUX28@14,3->IMUX36@14,3","X14Y3","unproven_shape_20260929","shape OMUX28->IMUX36 d(0,0) is used by no board-PASS open image or qualified fixture","never-proven pip shape: refused by default; admit only after a design-level silicon PASS"
"OMUX34@14,3->IMUX44@14,3","X14Y3","unproven_shape_20260929","shape OMUX34->IMUX44 d(0,0) is used by no board-PASS open image or qualified fixture","never-proven pip shape: refused by default; admit only after a design-level silicon PASS"
"OMUX07@15,2->IMUX08@15,2","X15Y2","unproven_shape_20260929","shape OMUX7->IMUX8 d(0,0) is used by no board-PASS open image or qualified fixture","never-proven pip shape: refused by default; admit only after a design-level silicon PASS"
"OMUX19@15,2->IMUX24@15,2","X15Y2","unproven_shape_20260929","shape OMUX19->IMUX24 d(0,0) is used by no board-PASS open image or qualified fixture","never-proven pip shape: refused by default; admit only after a design-level silicon PASS"
"OMUX28@15,2->IMUX36@15,2","X15Y2","unproven_shape_20260929","shape OMUX28->IMUX36 d(0,0) is used by no board-PASS open image or qualified fixture","never-proven pip shape: refused by default; admit only after a design-level silicon PASS"
"RMUX02@16,5->RMUX18@16,9","X16Y9","unproven_shape_20260929","shape RMUX2->RMUX18 d(0,4) is used by no board-PASS open image or qualified fixture","never-proven pip shape: refused by default; admit only after a design-level silicon PASS"
"OMUX13@16,9->IMUX16@16,9","X16Y9","unproven_shape_20260929","shape OMUX13->IMUX16 d(0,0) is used by no board-PASS open image or qualified fixture","never-proven pip shape: refused by default; admit only after a design-level silicon PASS"
"OMUX13@17,2->IMUX16@17,2","X17Y2","unproven_shape_20260929","shape OMUX13->IMUX16 d(0,0) is used by no board-PASS open image or qualified fixture","never-proven pip shape: refused by default; admit only after a design-level silicon PASS"
"OMUX16@17,2->IMUX20@17,2","X17Y2","unproven_shape_20260929","shape OMUX16->IMUX20 d(0,0) is used by no board-PASS open image or qualified fixture","never-proven pip shape: refused by default; admit only after a design-level silicon PASS"
"OMUX19@17,2->IMUX24@17,2","X17Y2","unproven_shape_20260929","shape OMUX19->IMUX24 d(0,0) is used by no board-PASS open image or qualified fixture","never-proven pip shape: refused by default; admit only after a design-level silicon PASS"
"OMUX22@17,2->IMUX28@17,2","X17Y2","unproven_shape_20260929","shape OMUX22->IMUX28 d(0,0) is used by no board-PASS open image or qualified fixture","never-proven pip shape: refused by default; admit only after a design-level silicon PASS"
"OMUX07@17,11->IMUX08@17,11","X17Y11","unproven_shape_20260929","shape OMUX7->IMUX8 d(0,0) is used by no board-PASS open image or qualified fixture","never-proven pip shape: refused by default; admit only after a design-level silicon PASS"
"OMUX22@17,11->IMUX28@17,11","X17Y11","unproven_shape_20260929","shape OMUX22->IMUX28 d(0,0) is used by no board-PASS open image or qualified fixture","never-proven pip shape: refused by default; admit only after a design-level silicon PASS"
"OMUX28@17,11->IMUX36@17,11","X17Y11","unproven_shape_20260929","shape OMUX28->IMUX36 d(0,0) is used by no board-PASS open image or qualified fixture","never-proven pip shape: refused by default; admit only after a design-level silicon PASS"
"OMUX19@18,1->IMUX24@18,1","X18Y1","unproven_shape_20260929","shape OMUX19->IMUX24 d(0,0) is used by no board-PASS open image or qualified fixture","never-proven pip shape: refused by default; admit only after a design-level silicon PASS"
"OMUX22@18,1->IMUX28@18,1","X18Y1","unproven_shape_20260929","shape OMUX22->IMUX28 d(0,0) is used by no board-PASS open image or qualified fixture","never-proven pip shape: refused by default; admit only after a design-level silicon PASS"
"OMUX33@18,11->RMUX52@19,11","X19Y11","unproven_shape_20260929","shape OMUX33->RMUX52 d(1,0) is used by no board-PASS open image or qualified fixture","never-proven pip shape: refused by default; admit only after a design-level silicon PASS"
"RMUX74@20,2->RMUX02@20,2","X20Y2","unproven_shape_20260929","shape RMUX74->RMUX2 d(0,0) is used by no board-PASS open image or qualified fixture","never-proven pip shape: refused by default; admit only after a design-level silicon PASS"
"OMUX10@20,4->IMUX12@20,4","X20Y4","unproven_shape_20260929","shape OMUX10->IMUX12 d(0,0) is used by no board-PASS open image or qualified fixture","never-proven pip shape: refused by default; admit only after a design-level silicon PASS"
"OMUX13@20,4->IMUX16@20,4","X20Y4","unproven_shape_20260929","shape OMUX13->IMUX16 d(0,0) is used by no board-PASS open image or qualified fixture","never-proven pip shape: refused by default; admit only after a design-level silicon PASS"
"RMUX45@20,8->RMUX82@19,8","X19Y8","unproven_shape_20260929","shape RMUX45->RMUX82 d(-1,0) is used by no board-PASS open image or qualified fixture","never-proven pip shape: refused by default; admit only after a design-level silicon PASS"
"RMUX51@20,9->RMUX10@20,9","X20Y9","unproven_shape_20260929","shape RMUX51->RMUX10 d(0,0) is used by no board-PASS open image or qualified fixture","never-proven pip shape: refused by default; admit only after a design-level silicon PASS"
"RMUX50@13,1->RMUX03@13,3","X13Y3","unproven_shape_20260929","shape RMUX50->RMUX3 d(0,2) is used by no board-PASS open image or qualified fixture","never-proven pip shape: refused by default; admit only after a design-level silicon PASS"
"OMUX07@9,3->IMUX08@9,3","X9Y3","unproven_shape_20260929","shape OMUX7->IMUX8 d(0,0) is used by no board-PASS open image or qualified fixture","never-proven pip shape: refused by default; admit only after a design-level silicon PASS"
"OMUX13@9,3->IMUX16@9,3","X9Y3","unproven_shape_20260929","shape OMUX13->IMUX16 d(0,0) is used by no board-PASS open image or qualified fixture","never-proven pip shape: refused by default; admit only after a design-level silicon PASS"
"OMUX37@9,3->IMUX48@9,3","X9Y3","unproven_shape_20260929","shape OMUX37->IMUX48 d(0,0) is used by no board-PASS open image or qualified fixture","never-proven pip shape: refused by default; admit only after a design-level silicon PASS"
"OMUX33@14,6->RMUX52@15,6","X15Y6","unproven_shape_20260929","shape OMUX33->RMUX52 d(1,0) is used by no board-PASS open image or qualified fixture","never-proven pip shape: refused by default; admit only after a design-level silicon PASS"
"RMUX68@15,4->RMUX84@19,4","X19Y4","unproven_shape_20260929","shape RMUX68->RMUX84 d(4,0) is used by no board-PASS open image or qualified fixture","never-proven pip shape: refused by default; admit only after a design-level silicon PASS"
"OMUX19@15,6->IMUX24@15,6","X15Y6","unproven_shape_20260929","shape OMUX19->IMUX24 d(0,0) is used by no board-PASS open image or qualified fixture","never-proven pip shape: refused by default; admit only after a design-level silicon PASS"
"OMUX07@16,1->IMUX08@16,1","X16Y1","unproven_shape_20260929","shape OMUX7->IMUX8 d(0,0) is used by no board-PASS open image or qualified fixture","never-proven pip shape: refused by default; admit only after a design-level silicon PASS"
"OMUX25@16,1->IMUX32@16,1","X16Y1","unproven_shape_20260929","shape OMUX25->IMUX32 d(0,0) is used by no board-PASS open image or qualified fixture","never-proven pip shape: refused by default; admit only after a design-level silicon PASS"
"OMUX10@16,7->IMUX12@16,7","X16Y7","unproven_shape_20260929","shape OMUX10->IMUX12 d(0,0) is used by no board-PASS open image or qualified fixture","never-proven pip shape: refused by default; admit only after a design-level silicon PASS"
"OMUX13@16,7->IMUX16@16,7","X16Y7","unproven_shape_20260929","shape OMUX13->IMUX16 d(0,0) is used by no board-PASS open image or qualified fixture","never-proven pip shape: refused by default; admit only after a design-level silicon PASS"
"OMUX22@16,7->IMUX28@16,7","X16Y7","unproven_shape_20260929","shape OMUX22->IMUX28 d(0,0) is used by no board-PASS open image or qualified fixture","never-proven pip shape: refused by default; admit only after a design-level silicon PASS"
"OMUX26@17,1->RMUX58@17,1","X17Y1","unproven_shape_20260929","shape OMUX26->RMUX58 d(0,0) is used by no board-PASS open image or qualified fixture","never-proven pip shape: refused by default; admit only after a design-level silicon PASS"
"RMUX08@17,8->RMUX36@20,8","X20Y8","unproven_shape_20260929","shape RMUX8->RMUX36 d(3,0) is used by no board-PASS open image or qualified fixture","never-proven pip shape: refused by default; admit only after a design-level silicon PASS"
"OMUX07@17,10->IMUX08@17,10","X17Y10","unproven_shape_20260929","shape OMUX7->IMUX8 d(0,0) is used by no board-PASS open image or qualified fixture","never-proven pip shape: refused by default; admit only after a design-level silicon PASS"
"OMUX19@17,10->IMUX24@17,10","X17Y10","unproven_shape_20260929","shape OMUX19->IMUX24 d(0,0) is used by no board-PASS open image or qualified fixture","never-proven pip shape: refused by default; admit only after a design-level silicon PASS"
"OMUX28@17,10->IMUX36@17,10","X17Y10","unproven_shape_20260929","shape OMUX28->IMUX36 d(0,0) is used by no board-PASS open image or qualified fixture","never-proven pip shape: refused by default; admit only after a design-level silicon PASS"
"OMUX34@17,10->IMUX44@17,10","X17Y10","unproven_shape_20260929","shape OMUX34->IMUX44 d(0,0) is used by no board-PASS open image or qualified fixture","never-proven pip shape: refused by default; admit only after a design-level silicon PASS"
"OMUX43@17,10->IMUX56@17,10","X17Y10","unproven_shape_20260929","shape OMUX43->IMUX56 d(0,0) is used by no board-PASS open image or qualified fixture","never-proven pip shape: refused by default; admit only after a design-level silicon PASS"
"OMUX46@17,10->IMUX60@17,10","X17Y10","unproven_shape_20260929","shape OMUX46->IMUX60 d(0,0) is used by no board-PASS open image or qualified fixture","never-proven pip shape: refused by default; admit only after a design-level silicon PASS"
"OMUX14@19,2->RMUX47@19,2","X19Y2","unproven_shape_20260929","shape OMUX14->RMUX47 d(0,0) is used by no board-PASS open image or qualified fixture","never-proven pip shape: refused by default; admit only after a design-level silicon PASS"
"OMUX19@19,5->IMUX24@19,5","X19Y5","unproven_shape_20260929","shape OMUX19->IMUX24 d(0,0) is used by no board-PASS open image or qualified fixture","never-proven pip shape: refused by default; admit only after a design-level silicon PASS"
"RMUX80@13,1->RMUX33@13,3","X13Y3","unproven_shape_20260929","shape RMUX80->RMUX33 d(0,2) is used by no board-PASS open image or qualified fixture","never-proven pip shape: refused by default; admit only after a design-level silicon PASS"
"RMUX09@13,4->RMUX38@13,1","X13Y1","unproven_shape_20260929","shape RMUX9->RMUX38 d(0,-3) is used by no board-PASS open image or qualified fixture","never-proven pip shape: refused by default; admit only after a design-level silicon PASS"
"RMUX21@2,2->RMUX83@2,3","X2Y3","unproven_shape_20260929","shape RMUX21->RMUX83 d(0,1) is used by no board-PASS open image or qualified fixture","never-proven pip shape: refused by default; admit only after a design-level silicon PASS"
"RMUX37@2,2->RMUX71@2,3","X2Y3","unproven_shape_20260929","shape RMUX37->RMUX71 d(0,1) is used by no board-PASS open image or qualified fixture","never-proven pip shape: refused by default; admit only after a design-level silicon PASS"
"OMUX07@2,3->IMUX08@2,3","X2Y3","unproven_shape_20260929","shape OMUX7->IMUX8 d(0,0) is used by no board-PASS open image or qualified fixture","never-proven pip shape: refused by default; admit only after a design-level silicon PASS"
"OMUX13@2,3->IMUX16@2,3","X2Y3","unproven_shape_20260929","shape OMUX13->IMUX16 d(0,0) is used by no board-PASS open image or qualified fixture","never-proven pip shape: refused by default; admit only after a design-level silicon PASS"
"OMUX19@2,3->IMUX24@2,3","X2Y3","unproven_shape_20260929","shape OMUX19->IMUX24 d(0,0) is used by no board-PASS open image or qualified fixture","never-proven pip shape: refused by default; admit only after a design-level silicon PASS"
"OMUX22@2,3->IMUX28@2,3","X2Y3","unproven_shape_20260929","shape OMUX22->IMUX28 d(0,0) is used by no board-PASS open image or qualified fixture","never-proven pip shape: refused by default; admit only after a design-level silicon PASS"
"OMUX33@4,2->RMUX52@5,2","X5Y2","unproven_shape_20260929","shape OMUX33->RMUX52 d(1,0) is used by no board-PASS open image or qualified fixture","never-proven pip shape: refused by default; admit only after a design-level silicon PASS"
"OMUX07@6,1->IMUX08@6,1","X6Y1","unproven_shape_20260929","shape OMUX7->IMUX8 d(0,0) is used by no board-PASS open image or qualified fixture","never-proven pip shape: refused by default; admit only after a design-level silicon PASS"
"OMUX13@6,2->IMUX16@6,2","X6Y2","unproven_shape_20260929","shape OMUX13->IMUX16 d(0,0) is used by no board-PASS open image or qualified fixture","never-proven pip shape: refused by default; admit only after a design-level silicon PASS"
"OMUX25@6,2->IMUX32@6,2","X6Y2","unproven_shape_20260929","shape OMUX25->IMUX32 d(0,0) is used by no board-PASS open image or qualified fixture","never-proven pip shape: refused by default; admit only after a design-level silicon PASS"
"OMUX31@6,2->IMUX40@6,2","X6Y2","unproven_shape_20260929","shape OMUX31->IMUX40 d(0,0) is used by no board-PASS open image or qualified fixture","never-proven pip shape: refused by default; admit only after a design-level silicon PASS"
"OMUX34@6,2->IMUX44@6,2","X6Y2","unproven_shape_20260929","shape OMUX34->IMUX44 d(0,0) is used by no board-PASS open image or qualified fixture","never-proven pip shape: refused by default; admit only after a design-level silicon PASS"
"RMUX67@7,2->RMUX79@7,3","X7Y3","unproven_shape_20260929","shape RMUX67->RMUX79 d(0,1) is used by no board-PASS open image or qualified fixture","never-proven pip shape: refused by default; admit only after a design-level silicon PASS"
"RMUX55@7,3->RMUX31@7,3","X7Y3","unproven_shape_20260929","shape RMUX55->RMUX31 d(0,0) is used by no board-PASS open image or qualified fixture","never-proven pip shape: refused by default; admit only after a design-level silicon PASS"
"OMUX25@9,2->IMUX32@9,2","X9Y2","unproven_shape_20260929","shape OMUX25->IMUX32 d(0,0) is used by no board-PASS open image or qualified fixture","never-proven pip shape: refused by default; admit only after a design-level silicon PASS"
"OMUX28@9,2->IMUX36@9,2","X9Y2","unproven_shape_20260929","shape OMUX28->IMUX36 d(0,0) is used by no board-PASS open image or qualified fixture","never-proven pip shape: refused by default; admit only after a design-level silicon PASS"
"OMUX31@9,2->IMUX40@9,2","X9Y2","unproven_shape_20260929","shape OMUX31->IMUX40 d(0,0) is used by no board-PASS open image or qualified fixture","never-proven pip shape: refused by default; admit only after a design-level silicon PASS"
"RMUX25@9,3->RMUX23@9,2","X9Y2","unproven_shape_20260929","shape RMUX25->RMUX23 d(0,-1) is used by no board-PASS open image or qualified fixture","never-proven pip shape: refused by default; admit only after a design-level silicon PASS"
"OMUX02@10,2->RMUX10@10,2","X10Y2","unproven_shape_20260929","shape OMUX2->RMUX10 d(0,0) is used by no board-PASS open image or qualified fixture","never-proven pip shape: refused by default; admit only after a design-level silicon PASS"
"OMUX17@10,2->RMUX28@10,2","X10Y2","unproven_shape_20260929","shape OMUX17->RMUX28 d(0,0) is used by no board-PASS open image or qualified fixture","never-proven pip shape: refused by default; admit only after a design-level silicon PASS"
"OMUX10@11,4->IMUX12@11,4","X11Y4","unproven_shape_20260929","shape OMUX10->IMUX12 d(0,0) is used by no board-PASS open image or qualified fixture","never-proven pip shape: refused by default; admit only after a design-level silicon PASS"
"OMUX07@14,6->IMUX08@14,6","X14Y6","unproven_shape_20260929","shape OMUX7->IMUX8 d(0,0) is used by no board-PASS open image or qualified fixture","never-proven pip shape: refused by default; admit only after a design-level silicon PASS"
"OMUX10@14,6->IMUX12@14,6","X14Y6","unproven_shape_20260929","shape OMUX10->IMUX12 d(0,0) is used by no board-PASS open image or qualified fixture","never-proven pip shape: refused by default; admit only after a design-level silicon PASS"
"OMUX31@14,6->IMUX40@14,6","X14Y6","unproven_shape_20260929","shape OMUX31->IMUX40 d(0,0) is used by no board-PASS open image or qualified fixture","never-proven pip shape: refused by default; admit only after a design-level silicon PASS"
"OMUX40@14,6->IMUX52@14,6","X14Y6","unproven_shape_20260929","shape OMUX40->IMUX52 d(0,0) is used by no board-PASS open image or qualified fixture","never-proven pip shape: refused by default; admit only after a design-level silicon PASS"
"OMUX43@14,6->IMUX56@14,6","X14Y6","unproven_shape_20260929","shape OMUX43->IMUX56 d(0,0) is used by no board-PASS open image or qualified fixture","never-proven pip shape: refused by default; admit only after a design-level silicon PASS"
"OMUX07@14,12->IMUX08@14,12","X14Y12","unproven_shape_20260929","shape OMUX7->IMUX8 d(0,0) is used by no board-PASS open image or qualified fixture","never-proven pip shape: refused by default; admit only after a design-level silicon PASS"
"OMUX28@14,12->IMUX36@14,12","X14Y12","unproven_shape_20260929","shape OMUX28->IMUX36 d(0,0) is used by no board-PASS open image or qualified fixture","never-proven pip shape: refused by default; admit only after a design-level silicon PASS"
"OMUX34@14,12->IMUX44@14,12","X14Y12","unproven_shape_20260929","shape OMUX34->IMUX44 d(0,0) is used by no board-PASS open image or qualified fixture","never-proven pip shape: refused by default; admit only after a design-level silicon PASS"
"OMUX43@14,12->IMUX56@14,12","X14Y12","unproven_shape_20260929","shape OMUX43->IMUX56 d(0,0) is used by no board-PASS open image or qualified fixture","never-proven pip shape: refused by default; admit only after a design-level silicon PASS"
"OMUX07@15,3->IMUX08@15,3","X15Y3","unproven_shape_20260929","shape OMUX7->IMUX8 d(0,0) is used by no board-PASS open image or qualified fixture","never-proven pip shape: refused by default; admit only after a design-level silicon PASS"
"OMUX16@15,3->IMUX20@15,3","X15Y3","unproven_shape_20260929","shape OMUX16->IMUX20 d(0,0) is used by no board-PASS open image or qualified fixture","never-proven pip shape: refused by default; admit only after a design-level silicon PASS"
"OMUX19@15,3->IMUX24@15,3","X15Y3","unproven_shape_20260929","shape OMUX19->IMUX24 d(0,0) is used by no board-PASS open image or qualified fixture","never-proven pip shape: refused by default; admit only after a design-level silicon PASS"
"OMUX10@16,8->IMUX12@16,8","X16Y8","unproven_shape_20260929","shape OMUX10->IMUX12 d(0,0) is used by no board-PASS open image or qualified fixture","never-proven pip shape: refused by default; admit only after a design-level silicon PASS"
"OMUX28@16,11->IMUX36@16,11","X16Y11","unproven_shape_20260929","shape OMUX28->IMUX36 d(0,0) is used by no board-PASS open image or qualified fixture","never-proven pip shape: refused by default; admit only after a design-level silicon PASS"
"OMUX31@16,11->IMUX40@16,11","X16Y11","unproven_shape_20260929","shape OMUX31->IMUX40 d(0,0) is used by no board-PASS open image or qualified fixture","never-proven pip shape: refused by default; admit only after a design-level silicon PASS"
"OMUX33@16,11->RMUX52@17,11","X17Y11","unproven_shape_20260929","shape OMUX33->RMUX52 d(1,0) is used by no board-PASS open image or qualified fixture","never-proven pip shape: refused by default; admit only after a design-level silicon PASS"
"OMUX40@16,11->IMUX52@16,11","X16Y11","unproven_shape_20260929","shape OMUX40->IMUX52 d(0,0) is used by no board-PASS open image or qualified fixture","never-proven pip shape: refused by default; admit only after a design-level silicon PASS"
"OMUX07@16,12->IMUX08@16,12","X16Y12","unproven_shape_20260929","shape OMUX7->IMUX8 d(0,0) is used by no board-PASS open image or qualified fixture","never-proven pip shape: refused by default; admit only after a design-level silicon PASS"
"OMUX19@16,12->IMUX24@16,12","X16Y12","unproven_shape_20260929","shape OMUX19->IMUX24 d(0,0) is used by no board-PASS open image or qualified fixture","never-proven pip shape: refused by default; admit only after a design-level silicon PASS"
"OMUX22@16,12->IMUX28@16,12","X16Y12","unproven_shape_20260929","shape OMUX22->IMUX28 d(0,0) is used by no board-PASS open image or qualified fixture","never-proven pip shape: refused by default; admit only after a design-level silicon PASS"
"OMUX25@16,12->IMUX32@16,12","X16Y12","unproven_shape_20260929","shape OMUX25->IMUX32 d(0,0) is used by no board-PASS open image or qualified fixture","never-proven pip shape: refused by default; admit only after a design-level silicon PASS"
"OMUX31@16,12->IMUX40@16,12","X16Y12","unproven_shape_20260929","shape OMUX31->IMUX40 d(0,0) is used by no board-PASS open image or qualified fixture","never-proven pip shape: refused by default; admit only after a design-level silicon PASS"
"OMUX40@16,12->IMUX52@16,12","X16Y12","unproven_shape_20260929","shape OMUX40->IMUX52 d(0,0) is used by no board-PASS open image or qualified fixture","never-proven pip shape: refused by default; admit only after a design-level silicon PASS"
"OMUX25@17,2->IMUX32@17,2","X17Y2","unproven_shape_20260929","shape OMUX25->IMUX32 d(0,0) is used by no board-PASS open image or qualified fixture","never-proven pip shape: refused by default; admit only after a design-level silicon PASS"
"OMUX10@17,3->IMUX12@17,3","X17Y3","unproven_shape_20260929","shape OMUX10->IMUX12 d(0,0) is used by no board-PASS open image or qualified fixture","never-proven pip shape: refused by default; admit only after a design-level silicon PASS"
"OMUX16@17,3->IMUX20@17,3","X17Y3","unproven_shape_20260929","shape OMUX16->IMUX20 d(0,0) is used by no board-PASS open image or qualified fixture","never-proven pip shape: refused by default; admit only after a design-level silicon PASS"
"OMUX19@17,3->IMUX24@17,3","X17Y3","unproven_shape_20260929","shape OMUX19->IMUX24 d(0,0) is used by no board-PASS open image or qualified fixture","never-proven pip shape: refused by default; admit only after a design-level silicon PASS"
"OMUX33@18,6->RMUX52@19,6","X19Y6","unproven_shape_20260929","shape OMUX33->RMUX52 d(1,0) is used by no board-PASS open image or qualified fixture","never-proven pip shape: refused by default; admit only after a design-level silicon PASS"
"OMUX10@18,8->IMUX12@18,8","X18Y8","unproven_shape_20260929","shape OMUX10->IMUX12 d(0,0) is used by no board-PASS open image or qualified fixture","never-proven pip shape: refused by default; admit only after a design-level silicon PASS"
"OMUX25@18,8->IMUX32@18,8","X18Y8","unproven_shape_20260929","shape OMUX25->IMUX32 d(0,0) is used by no board-PASS open image or qualified fixture","never-proven pip shape: refused by default; admit only after a design-level silicon PASS"
"OMUX07@18,10->IMUX08@18,10","X18Y10","unproven_shape_20260929","shape OMUX7->IMUX8 d(0,0) is used by no board-PASS open image or qualified fixture","never-proven pip shape: refused by default; admit only after a design-level silicon PASS"
"OMUX16@18,10->IMUX20@18,10","X18Y10","unproven_shape_20260929","shape OMUX16->IMUX20 d(0,0) is used by no board-PASS open image or qualified fixture","never-proven pip shape: refused by default; admit only after a design-level silicon PASS"
"OMUX25@18,10->IMUX32@18,10","X18Y10","unproven_shape_20260929","shape OMUX25->IMUX32 d(0,0) is used by no board-PASS open image or qualified fixture","never-proven pip shape: refused by default; admit only after a design-level silicon PASS"
"OMUX25@20,2->IMUX32@20,2","X20Y2","unproven_shape_20260929","shape OMUX25->IMUX32 d(0,0) is used by no board-PASS open image or qualified fixture","never-proven pip shape: refused by default; admit only after a design-level silicon PASS"
"OMUX28@20,2->IMUX36@20,2","X20Y2","unproven_shape_20260929","shape OMUX28->IMUX36 d(0,0) is used by no board-PASS open image or qualified fixture","never-proven pip shape: refused by default; admit only after a design-level silicon PASS"
"RMUX31@20,5->RMUX41@19,5","X19Y5","unproven_shape_20260929","shape RMUX31->RMUX41 d(-1,0) is used by no board-PASS open image or qualified fixture","never-proven pip shape: refused by default; admit only after a design-level silicon PASS"
"OMUX34@20,8->IMUX44@20,8","X20Y8","unproven_shape_20260929","shape OMUX34->IMUX44 d(0,0) is used by no board-PASS open image or qualified fixture","never-proven pip shape: refused by default; admit only after a design-level silicon PASS"
"RMUX07@21,1->RMUX30@21,2","X21Y2","unproven_shape_20260929","shape RMUX7->RMUX30 d(0,1) is used by no board-PASS open image or qualified fixture","never-proven pip shape: refused by default; admit only after a design-level silicon PASS"
"OMUX13@7,4->IMUX16@7,4","X7Y4","unproven_shape_20260929","shape OMUX13->IMUX16 d(0,0) is used by no board-PASS open image or qualified fixture","never-proven pip shape: refused by default; admit only after a design-level silicon PASS"
"OMUX16@7,4->IMUX20@7,4","X7Y4","unproven_shape_20260929","shape OMUX16->IMUX20 d(0,0) is used by no board-PASS open image or qualified fixture","never-proven pip shape: refused by default; admit only after a design-level silicon PASS"
"OMUX10@8,2->IMUX12@8,2","X8Y2","unproven_shape_20260929","shape OMUX10->IMUX12 d(0,0) is used by no board-PASS open image or qualified fixture","never-proven pip shape: refused by default; admit only after a design-level silicon PASS"
"OMUX22@8,2->IMUX28@8,2","X8Y2","unproven_shape_20260929","shape OMUX22->IMUX28 d(0,0) is used by no board-PASS open image or qualified fixture","never-proven pip shape: refused by default; admit only after a design-level silicon PASS"
"RMUX32@8,3->RMUX43@8,2","X8Y2","unproven_shape_20260929","shape RMUX32->RMUX43 d(0,-1) is used by no board-PASS open image or qualified fixture","never-proven pip shape: refused by default; admit only after a design-level silicon PASS"
"OMUX33@9,3->RMUX52@10,3","X10Y3","unproven_shape_20260929","shape OMUX33->RMUX52 d(1,0) is used by no board-PASS open image or qualified fixture","never-proven pip shape: refused by default; admit only after a design-level silicon PASS"
"OMUX10@9,4->IMUX12@9,4","X9Y4","unproven_shape_20260929","shape OMUX10->IMUX12 d(0,0) is used by no board-PASS open image or qualified fixture","never-proven pip shape: refused by default; admit only after a design-level silicon PASS"
"OMUX13@9,4->IMUX16@9,4","X9Y4","unproven_shape_20260929","shape OMUX13->IMUX16 d(0,0) is used by no board-PASS open image or qualified fixture","never-proven pip shape: refused by default; admit only after a design-level silicon PASS"
"RMUX45@14,3->RMUX86@18,3","X18Y3","unproven_shape_20260929","shape RMUX45->RMUX86 d(4,0) is used by no board-PASS open image or qualified fixture","never-proven pip shape: refused by default; admit only after a design-level silicon PASS"
"OMUX19@14,4->IMUX24@14,4","X14Y4","unproven_shape_20260929","shape OMUX19->IMUX24 d(0,0) is used by no board-PASS open image or qualified fixture","never-proven pip shape: refused by default; admit only after a design-level silicon PASS"
"OMUX28@14,4->IMUX36@14,4","X14Y4","unproven_shape_20260929","shape OMUX28->IMUX36 d(0,0) is used by no board-PASS open image or qualified fixture","never-proven pip shape: refused by default; admit only after a design-level silicon PASS"
"OMUX34@14,4->IMUX44@14,4","X14Y4","unproven_shape_20260929","shape OMUX34->IMUX44 d(0,0) is used by no board-PASS open image or qualified fixture","never-proven pip shape: refused by default; admit only after a design-level silicon PASS"
"OMUX16@14,12->IMUX20@14,12","X14Y12","unproven_shape_20260929","shape OMUX16->IMUX20 d(0,0) is used by no board-PASS open image or qualified fixture","never-proven pip shape: refused by default; admit only after a design-level silicon PASS"
"RMUX31@15,3->RMUX24@19,3","X19Y3","unproven_shape_20260929","shape RMUX31->RMUX24 d(4,0) is used by no board-PASS open image or qualified fixture","never-proven pip shape: refused by default; admit only after a design-level silicon PASS"
"RMUX32@15,11->RMUX36@15,10","X15Y10","unproven_shape_20260929","shape RMUX32->RMUX36 d(0,-1) is used by no board-PASS open image or qualified fixture","never-proven pip shape: refused by default; admit only after a design-level silicon PASS"
"OMUX07@15,12->IMUX08@15,12","X15Y12","unproven_shape_20260929","shape OMUX7->IMUX8 d(0,0) is used by no board-PASS open image or qualified fixture","never-proven pip shape: refused by default; admit only after a design-level silicon PASS"
"OMUX10@15,12->IMUX12@15,12","X15Y12","unproven_shape_20260929","shape OMUX10->IMUX12 d(0,0) is used by no board-PASS open image or qualified fixture","never-proven pip shape: refused by default; admit only after a design-level silicon PASS"
"OMUX16@15,12->IMUX20@15,12","X15Y12","unproven_shape_20260929","shape OMUX16->IMUX20 d(0,0) is used by no board-PASS open image or qualified fixture","never-proven pip shape: refused by default; admit only after a design-level silicon PASS"
"OMUX19@15,12->IMUX24@15,12","X15Y12","unproven_shape_20260929","shape OMUX19->IMUX24 d(0,0) is used by no board-PASS open image or qualified fixture","never-proven pip shape: refused by default; admit only after a design-level silicon PASS"
"OMUX28@15,12->IMUX36@15,12","X15Y12","unproven_shape_20260929","shape OMUX28->IMUX36 d(0,0) is used by no board-PASS open image or qualified fixture","never-proven pip shape: refused by default; admit only after a design-level silicon PASS"
"RMUX85@16,12->RMUX84@16,12","X16Y12","unproven_shape_20260929","shape RMUX85->RMUX84 d(0,0) is used by no board-PASS open image or qualified fixture","never-proven pip shape: refused by default; admit only after a design-level silicon PASS"
"OMUX39@17,3->RMUX84@18,3","X18Y3","unproven_shape_20260929","shape OMUX39->RMUX84 d(1,0) is used by no board-PASS open image or qualified fixture","never-proven pip shape: refused by default; admit only after a design-level silicon PASS"
"RMUX85@17,3->RMUX84@17,3","X17Y3","unproven_shape_20260929","shape RMUX85->RMUX84 d(0,0) is used by no board-PASS open image or qualified fixture","never-proven pip shape: refused by default; admit only after a design-level silicon PASS"
"OMUX01@18,7->IMUX00@18,7","X18Y7","unproven_shape_20260929","shape OMUX1->IMUX0 d(0,0) is used by no board-PASS open image or qualified fixture","never-proven pip shape: refused by default; admit only after a design-level silicon PASS"
"OMUX13@18,8->IMUX16@18,8","X18Y8","unproven_shape_20260929","shape OMUX13->IMUX16 d(0,0) is used by no board-PASS open image or qualified fixture","never-proven pip shape: refused by default; admit only after a design-level silicon PASS"
"OMUX16@18,8->IMUX20@18,8","X18Y8","unproven_shape_20260929","shape OMUX16->IMUX20 d(0,0) is used by no board-PASS open image or qualified fixture","never-proven pip shape: refused by default; admit only after a design-level silicon PASS"
"OMUX19@18,8->IMUX24@18,8","X18Y8","unproven_shape_20260929","shape OMUX19->IMUX24 d(0,0) is used by no board-PASS open image or qualified fixture","never-proven pip shape: refused by default; admit only after a design-level silicon PASS"
"OMUX34@18,8->IMUX44@18,8","X18Y8","unproven_shape_20260929","shape OMUX34->IMUX44 d(0,0) is used by no board-PASS open image or qualified fixture","never-proven pip shape: refused by default; admit only after a design-level silicon PASS"
"OMUX10@19,3->IMUX12@19,3","X19Y3","unproven_shape_20260929","shape OMUX10->IMUX12 d(0,0) is used by no board-PASS open image or qualified fixture","never-proven pip shape: refused by default; admit only after a design-level silicon PASS"
"OMUX10@19,12->IMUX12@19,12","X19Y12","unproven_shape_20260929","shape OMUX10->IMUX12 d(0,0) is used by no board-PASS open image or qualified fixture","never-proven pip shape: refused by default; admit only after a design-level silicon PASS"
"OMUX13@19,12->IMUX16@19,12","X19Y12","unproven_shape_20260929","shape OMUX13->IMUX16 d(0,0) is used by no board-PASS open image or qualified fixture","never-proven pip shape: refused by default; admit only after a design-level silicon PASS"
"OMUX22@19,12->IMUX28@19,12","X19Y12","unproven_shape_20260929","shape OMUX22->IMUX28 d(0,0) is used by no board-PASS open image or qualified fixture","never-proven pip shape: refused by default; admit only after a design-level silicon PASS"
"OMUX34@19,12->IMUX44@19,12","X19Y12","unproven_shape_20260929","shape OMUX34->IMUX44 d(0,0) is used by no board-PASS open image or qualified fixture","never-proven pip shape: refused by default; admit only after a design-level silicon PASS"
"OMUX37@20,4->IMUX48@20,4","X20Y4","unproven_shape_20260929","shape OMUX37->IMUX48 d(0,0) is used by no board-PASS open image or qualified fixture","never-proven pip shape: refused by default; admit only after a design-level silicon PASS"
"OMUX43@20,4->IMUX56@20,4","X20Y4","unproven_shape_20260929","shape OMUX43->IMUX56 d(0,0) is used by no board-PASS open image or qualified fixture","never-proven pip shape: refused by default; admit only after a design-level silicon PASS"
"RMUX51@20,7->RMUX14@20,7","X20Y7","unproven_shape_20260929","shape RMUX51->RMUX14 d(0,0) is used by no board-PASS open image or qualified fixture","never-proven pip shape: refused by default; admit only after a design-level silicon PASS"
"RMUX14@13,1->RMUX61@13,3","X13Y3","unproven_shape_20260929","shape RMUX14->RMUX61 d(0,2) is used by no board-PASS open image or qualified fixture","never-proven pip shape: refused by default; admit only after a design-level silicon PASS"
"RMUX37@13,1->RMUX48@13,2","X13Y2","unproven_shape_20260929","shape RMUX37->RMUX48 d(0,1) is used by no board-PASS open image or qualified fixture","never-proven pip shape: refused by default; admit only after a design-level silicon PASS"
"RMUX67@13,1->RMUX79@13,2","X13Y2","unproven_shape_20260929","shape RMUX67->RMUX79 d(0,1) is used by no board-PASS open image or qualified fixture","never-proven pip shape: refused by default; admit only after a design-level silicon PASS"
"RMUX25@13,4->RMUX00@13,2","X13Y2","unproven_shape_20260929","shape RMUX25->RMUX0 d(0,-2) is used by no board-PASS open image or qualified fixture","never-proven pip shape: refused by default; admit only after a design-level silicon PASS"
"RMUX62@13,4->RMUX60@13,1","X13Y1","unproven_shape_20260929","shape RMUX62->RMUX60 d(0,-3) is used by no board-PASS open image or qualified fixture","never-proven pip shape: refused by default; admit only after a design-level silicon PASS"
"OMUX28@3,3->IMUX36@3,3","X3Y3","unproven_shape_20260929","shape OMUX28->IMUX36 d(0,0) is used by no board-PASS open image or qualified fixture","never-proven pip shape: refused by default; admit only after a design-level silicon PASS"
"RMUX73@4,2->RMUX00@4,3","X4Y3","unproven_shape_20260929","shape RMUX73->RMUX0 d(0,1) is used by no board-PASS open image or qualified fixture","never-proven pip shape: refused by default; admit only after a design-level silicon PASS"
"RMUX61@7,2->RMUX49@9,2","X9Y2","unproven_shape_20260929","shape RMUX61->RMUX49 d(2,0) is used by no board-PASS open image or qualified fixture","never-proven pip shape: refused by default; admit only after a design-level silicon PASS"
"RMUX32@7,3->RMUX36@7,2","X7Y2","unproven_shape_20260929","shape RMUX32->RMUX36 d(0,-1) is used by no board-PASS open image or qualified fixture","never-proven pip shape: refused by default; admit only after a design-level silicon PASS"
"OMUX13@8,4->IMUX16@8,4","X8Y4","unproven_shape_20260929","shape OMUX13->IMUX16 d(0,0) is used by no board-PASS open image or qualified fixture","never-proven pip shape: refused by default; admit only after a design-level silicon PASS"
"OMUX10@11,1->IMUX12@11,1","X11Y1","unproven_shape_20260929","shape OMUX10->IMUX12 d(0,0) is used by no board-PASS open image or qualified fixture","never-proven pip shape: refused by default; admit only after a design-level silicon PASS"
"OMUX16@11,1->IMUX20@11,1","X11Y1","unproven_shape_20260929","shape OMUX16->IMUX20 d(0,0) is used by no board-PASS open image or qualified fixture","never-proven pip shape: refused by default; admit only after a design-level silicon PASS"
"OMUX25@11,1->IMUX32@11,1","X11Y1","unproven_shape_20260929","shape OMUX25->IMUX32 d(0,0) is used by no board-PASS open image or qualified fixture","never-proven pip shape: refused by default; admit only after a design-level silicon PASS"
"OMUX13@11,4->IMUX16@11,4","X11Y4","unproven_shape_20260929","shape OMUX13->IMUX16 d(0,0) is used by no board-PASS open image or qualified fixture","never-proven pip shape: refused by default; admit only after a design-level silicon PASS"
"OMUX19@12,2->IMUX24@12,2","X12Y2","unproven_shape_20260929","shape OMUX19->IMUX24 d(0,0) is used by no board-PASS open image or qualified fixture","never-proven pip shape: refused by default; admit only after a design-level silicon PASS"
"OMUX10@14,1->IMUX12@14,1","X14Y1","unproven_shape_20260929","shape OMUX10->IMUX12 d(0,0) is used by no board-PASS open image or qualified fixture","never-proven pip shape: refused by default; admit only after a design-level silicon PASS"
"OMUX46@14,6->IMUX60@14,6","X14Y6","unproven_shape_20260929","shape OMUX46->IMUX60 d(0,0) is used by no board-PASS open image or qualified fixture","never-proven pip shape: refused by default; admit only after a design-level silicon PASS"
"OMUX10@14,10->IMUX12@14,10","X14Y10","unproven_shape_20260929","shape OMUX10->IMUX12 d(0,0) is used by no board-PASS open image or qualified fixture","never-proven pip shape: refused by default; admit only after a design-level silicon PASS"
"OMUX13@14,10->IMUX16@14,10","X14Y10","unproven_shape_20260929","shape OMUX13->IMUX16 d(0,0) is used by no board-PASS open image or qualified fixture","never-proven pip shape: refused by default; admit only after a design-level silicon PASS"
"OMUX19@14,10->IMUX24@14,10","X14Y10","unproven_shape_20260929","shape OMUX19->IMUX24 d(0,0) is used by no board-PASS open image or qualified fixture","never-proven pip shape: refused by default; admit only after a design-level silicon PASS"
"OMUX10@15,4->IMUX12@15,4","X15Y4","unproven_shape_20260929","shape OMUX10->IMUX12 d(0,0) is used by no board-PASS open image or qualified fixture","never-proven pip shape: refused by default; admit only after a design-level silicon PASS"
"OMUX10@16,1->IMUX12@16,1","X16Y1","unproven_shape_20260929","shape OMUX10->IMUX12 d(0,0) is used by no board-PASS open image or qualified fixture","never-proven pip shape: refused by default; admit only after a design-level silicon PASS"
"OMUX22@16,1->IMUX28@16,1","X16Y1","unproven_shape_20260929","shape OMUX22->IMUX28 d(0,0) is used by no board-PASS open image or qualified fixture","never-proven pip shape: refused by default; admit only after a design-level silicon PASS"
"RMUX68@16,3->RMUX84@20,3","X20Y3","unproven_shape_20260929","shape RMUX68->RMUX84 d(4,0) is used by no board-PASS open image or qualified fixture","never-proven pip shape: refused by default; admit only after a design-level silicon PASS"
"OMUX19@16,5->IMUX24@16,5","X16Y5","unproven_shape_20260929","shape OMUX19->IMUX24 d(0,0) is used by no board-PASS open image or qualified fixture","never-proven pip shape: refused by default; admit only after a design-level silicon PASS"
"OMUX33@16,6->RMUX52@17,6","X17Y6","unproven_shape_20260929","shape OMUX33->RMUX52 d(1,0) is used by no board-PASS open image or qualified fixture","never-proven pip shape: refused by default; admit only after a design-level silicon PASS"
"OMUX16@17,4->IMUX20@17,4","X17Y4","unproven_shape_20260929","shape OMUX16->IMUX20 d(0,0) is used by no board-PASS open image or qualified fixture","never-proven pip shape: refused by default; admit only after a design-level silicon PASS"
"OMUX22@17,4->IMUX28@17,4","X17Y4","unproven_shape_20260929","shape OMUX22->IMUX28 d(0,0) is used by no board-PASS open image or qualified fixture","never-proven pip shape: refused by default; admit only after a design-level silicon PASS"
"OMUX10@17,5->IMUX12@17,5","X17Y5","unproven_shape_20260929","shape OMUX10->IMUX12 d(0,0) is used by no board-PASS open image or qualified fixture","never-proven pip shape: refused by default; admit only after a design-level silicon PASS"
"OMUX19@17,5->IMUX24@17,5","X17Y5","unproven_shape_20260929","shape OMUX19->IMUX24 d(0,0) is used by no board-PASS open image or qualified fixture","never-proven pip shape: refused by default; admit only after a design-level silicon PASS"
"OMUX22@17,6->IMUX28@17,6","X17Y6","unproven_shape_20260929","shape OMUX22->IMUX28 d(0,0) is used by no board-PASS open image or qualified fixture","never-proven pip shape: refused by default; admit only after a design-level silicon PASS"
"OMUX22@17,12->IMUX28@17,12","X17Y12","unproven_shape_20260929","shape OMUX22->IMUX28 d(0,0) is used by no board-PASS open image or qualified fixture","never-proven pip shape: refused by default; admit only after a design-level silicon PASS"
"OMUX25@17,12->IMUX32@17,12","X17Y12","unproven_shape_20260929","shape OMUX25->IMUX32 d(0,0) is used by no board-PASS open image or qualified fixture","never-proven pip shape: refused by default; admit only after a design-level silicon PASS"
"OMUX28@19,4->IMUX36@19,4","X19Y4","unproven_shape_20260929","shape OMUX28->IMUX36 d(0,0) is used by no board-PASS open image or qualified fixture","never-proven pip shape: refused by default; admit only after a design-level silicon PASS"
"OMUX31@19,4->IMUX40@19,4","X19Y4","unproven_shape_20260929","shape OMUX31->IMUX40 d(0,0) is used by no board-PASS open image or qualified fixture","never-proven pip shape: refused by default; admit only after a design-level silicon PASS"
"OMUX37@19,4->IMUX48@19,4","X19Y4","unproven_shape_20260929","shape OMUX37->IMUX48 d(0,0) is used by no board-PASS open image or qualified fixture","never-proven pip shape: refused by default; admit only after a design-level silicon PASS"
"OMUX43@19,4->IMUX56@19,4","X19Y4","unproven_shape_20260929","shape OMUX43->IMUX56 d(0,0) is used by no board-PASS open image or qualified fixture","never-proven pip shape: refused by default; admit only after a design-level silicon PASS"
"OMUX13@20,3->IMUX16@20,3","X20Y3","unproven_shape_20260929","shape OMUX13->IMUX16 d(0,0) is used by no board-PASS open image or qualified fixture","never-proven pip shape: refused by default; admit only after a design-level silicon PASS"
"OMUX16@20,3->IMUX20@20,3","X20Y3","unproven_shape_20260929","shape OMUX16->IMUX20 d(0,0) is used by no board-PASS open image or qualified fixture","never-proven pip shape: refused by default; admit only after a design-level silicon PASS"
"OMUX19@20,3->IMUX24@20,3","X20Y3","unproven_shape_20260929","shape OMUX19->IMUX24 d(0,0) is used by no board-PASS open image or qualified fixture","never-proven pip shape: refused by default; admit only after a design-level silicon PASS"
"OMUX31@20,9->IMUX14@20,9","X20Y9","unproven_shape_20260929","shape OMUX31->IMUX14 d(0,0) is used by no board-PASS open image or qualified fixture","never-proven pip shape: refused by default; admit only after a design-level silicon PASS"
"OMUX04@2,1->IMUX04@2,1","X2Y1","unproven_shape_20260929","shape OMUX4->IMUX4 d(0,0) is used by no board-PASS open image or qualified fixture","never-proven pip shape: refused by default; admit only after a design-level silicon PASS"
"RMUX61@4,1->RMUX49@7,1","X7Y1","unproven_shape_20260929","shape RMUX61->RMUX49 d(3,0) is used by no board-PASS open image or qualified fixture","never-proven pip shape: refused by default; admit only after a design-level silicon PASS"
"OMUX04@6,2->IMUX04@6,2","X6Y2","unproven_shape_20260929","shape OMUX4->IMUX4 d(0,0) is used by no board-PASS open image or qualified fixture","never-proven pip shape: refused by default; admit only after a design-level silicon PASS"
"OMUX04@8,2->IMUX04@8,2","X8Y2","unproven_shape_20260929","shape OMUX4->IMUX4 d(0,0) is used by no board-PASS open image or qualified fixture","never-proven pip shape: refused by default; admit only after a design-level silicon PASS"
"OMUX04@8,3->IMUX04@8,3","X8Y3","unproven_shape_20260929","shape OMUX4->IMUX4 d(0,0) is used by no board-PASS open image or qualified fixture","never-proven pip shape: refused by default; admit only after a design-level silicon PASS"
"RMUX08@10,3->RMUX36@13,3","X13Y3","unproven_shape_20260929","shape RMUX8->RMUX36 d(3,0) is used by no board-PASS open image or qualified fixture","never-proven pip shape: refused by default; admit only after a design-level silicon PASS"
"OMUX04@11,1->IMUX04@11,1","X11Y1","unproven_shape_20260929","shape OMUX4->IMUX4 d(0,0) is used by no board-PASS open image or qualified fixture","never-proven pip shape: refused by default; admit only after a design-level silicon PASS"
"OMUX04@14,2->IMUX04@14,2","X14Y2","unproven_shape_20260929","shape OMUX4->IMUX4 d(0,0) is used by no board-PASS open image or qualified fixture","never-proven pip shape: refused by default; admit only after a design-level silicon PASS"
"OMUX04@15,10->IMUX04@15,10","X15Y10","unproven_shape_20260929","shape OMUX4->IMUX4 d(0,0) is used by no board-PASS open image or qualified fixture","never-proven pip shape: refused by default; admit only after a design-level silicon PASS"
"OMUX04@16,4->IMUX04@16,4","X16Y4","unproven_shape_20260929","shape OMUX4->IMUX4 d(0,0) is used by no board-PASS open image or qualified fixture","never-proven pip shape: refused by default; admit only after a design-level silicon PASS"
"OMUX04@17,8->IMUX04@17,8","X17Y8","unproven_shape_20260929","shape OMUX4->IMUX4 d(0,0) is used by no board-PASS open image or qualified fixture","never-proven pip shape: refused by default; admit only after a design-level silicon PASS"
"OMUX04@17,11->IMUX04@17,11","X17Y11","unproven_shape_20260929","shape OMUX4->IMUX4 d(0,0) is used by no board-PASS open image or qualified fixture","never-proven pip shape: refused by default; admit only after a design-level silicon PASS"
"OMUX04@18,7->IMUX04@18,7","X18Y7","unproven_shape_20260929","shape OMUX4->IMUX4 d(0,0) is used by no board-PASS open image or qualified fixture","never-proven pip shape: refused by default; admit only after a design-level silicon PASS"
"OMUX04@18,10->IMUX04@18,10","X18Y10","unproven_shape_20260929","shape OMUX4->IMUX4 d(0,0) is used by no board-PASS open image or qualified fixture","never-proven pip shape: refused by default; admit only after a design-level silicon PASS"
"OMUX04@18,11->IMUX04@18,11","X18Y11","unproven_shape_20260929","shape OMUX4->IMUX4 d(0,0) is used by no board-PASS open image or qualified fixture","never-proven pip shape: refused by default; admit only after a design-level silicon PASS"
"OMUX04@19,12->IMUX04@19,12","X19Y12","unproven_shape_20260929","shape OMUX4->IMUX4 d(0,0) is used by no board-PASS open image or qualified fixture","never-proven pip shape: refused by default; admit only after a design-level silicon PASS"
"RMUX81@20,1->RMUX28@19,1","X19Y1","unproven_shape_20260929","shape RMUX81->RMUX28 d(-1,0) is used by no board-PASS open image or qualified fixture","never-proven pip shape: refused by default; admit only after a design-level silicon PASS"
"OMUX04@20,7->IMUX04@20,7","X20Y7","unproven_shape_20260929","shape OMUX4->IMUX4 d(0,0) is used by no board-PASS open image or qualified fixture","never-proven pip shape: refused by default; admit only after a design-level silicon PASS"
"OMUX04@20,8->IMUX04@20,8","X20Y8","unproven_shape_20260929","shape OMUX4->IMUX4 d(0,0) is used by no board-PASS open image or qualified fixture","never-proven pip shape: refused by default; admit only after a design-level silicon PASS"
"RMUX57@21,1->RMUX39@21,4","X21Y4","unproven_shape_20260929","shape RMUX57->RMUX39 d(0,3) is used by no board-PASS open image or qualified fixture","never-proven pip shape: refused by default; admit only after a design-level silicon PASS"
"RMUX80@7,4->RMUX12@7,0","X7Y0","unproven_shape_20260929","shape RMUX80->RMUX12 d(0,-4) is used by no board-PASS open image or qualified fixture","never-proven pip shape: refused by default; admit only after a design-level silicon PASS"
"OMUX14@16,4->RMUX34@16,4","X16Y4","unproven_shape_20260929","shape OMUX14->RMUX34 d(0,0) is used by no board-PASS open image or qualified fixture","never-proven pip shape: refused by default; admit only after a design-level silicon PASS"
"RMUX14@18,3->RMUX20@18,0","X18Y0","unproven_shape_20260929","shape RMUX14->RMUX20 d(0,-3) is used by no board-PASS open image or qualified fixture","never-proven pip shape: refused by default; admit only after a design-level silicon PASS"
"RMUX80@20,4->RMUX12@20,0","X20Y0","unproven_shape_20260929","shape RMUX80->RMUX12 d(0,-4) is used by no board-PASS open image or qualified fixture","never-proven pip shape: refused by default; admit only after a design-level silicon PASS"
"OMUX33@11,4->RMUX52@12,4","X12Y4","unproven_shape_20260929","shape OMUX33->RMUX52 d(1,0) is used by no board-PASS open image or qualified fixture","never-proven pip shape: refused by default; admit only after a design-level silicon PASS"
"OMUX33@4,1->RMUX52@5,1","X5Y1","unproven_shape_20260929","shape OMUX33->RMUX52 d(1,0) is used by no board-PASS open image or qualified fixture","never-proven pip shape: refused by default; admit only after a design-level silicon PASS"
"OMUX33@16,3->RMUX52@17,3","X17Y3","unproven_shape_20260929","shape OMUX33->RMUX52 d(1,0) is used by no board-PASS open image or qualified fixture","never-proven pip shape: refused by default; admit only after a design-level silicon PASS"
"OMUX33@16,12->RMUX52@17,12","X17Y12","unproven_shape_20260929","shape OMUX33->RMUX52 d(1,0) is used by no board-PASS open image or qualified fixture","never-proven pip shape: refused by default; admit only after a design-level silicon PASS"
"OMUX33@18,9->RMUX52@19,9","X19Y9","unproven_shape_20260929","shape OMUX33->RMUX52 d(1,0) is used by no board-PASS open image or qualified fixture","never-proven pip shape: refused by default; admit only after a design-level silicon PASS"
"OMUX33@1,2->RMUX52@2,2","X2Y2","unproven_shape_20260929","shape OMUX33->RMUX52 d(1,0) is used by no board-PASS open image or qualified fixture","never-proven pip shape: refused by default; admit only after a design-level silicon PASS"
"OMUX33@14,5->RMUX52@15,5","X15Y5","unproven_shape_20260929","shape OMUX33->RMUX52 d(1,0) is used by no board-PASS open image or qualified fixture","never-proven pip shape: refused by default; admit only after a design-level silicon PASS"
"OMUX33@5,2->RMUX52@6,2","X6Y2","unproven_shape_20260929","shape OMUX33->RMUX52 d(1,0) is used by no board-PASS open image or qualified fixture","never-proven pip shape: refused by default; admit only after a design-level silicon PASS"
"OMUX33@6,1->RMUX52@7,1","X7Y1","unproven_shape_20260929","shape OMUX33->RMUX52 d(1,0) is used by no board-PASS open image or qualified fixture","never-proven pip shape: refused by default; admit only after a design-level silicon PASS"
"OMUX33@17,1->RMUX52@18,1","X18Y1","unproven_shape_20260929","shape OMUX33->RMUX52 d(1,0) is used by no board-PASS open image or qualified fixture","never-proven pip shape: refused by default; admit only after a design-level silicon PASS"
"OMUX33@17,10->RMUX52@18,10","X18Y10","unproven_shape_20260929","shape OMUX33->RMUX52 d(1,0) is used by no board-PASS open image or qualified fixture","never-proven pip shape: refused by default; admit only after a design-level silicon PASS"
"OMUX33@3,2->RMUX52@4,2","X4Y2","unproven_shape_20260929","shape OMUX33->RMUX52 d(1,0) is used by no board-PASS open image or qualified fixture","never-proven pip shape: refused by default; admit only after a design-level silicon PASS"
"OMUX33@4,3->RMUX52@5,3","X5Y3","unproven_shape_20260929","shape OMUX33->RMUX52 d(1,0) is used by no board-PASS open image or qualified fixture","never-proven pip shape: refused by default; admit only after a design-level silicon PASS"
"OMUX33@18,2->RMUX52@19,2","X19Y2","unproven_shape_20260929","shape OMUX33->RMUX52 d(1,0) is used by no board-PASS open image or qualified fixture","never-proven pip shape: refused by default; admit only after a design-level silicon PASS"
"OMUX33@8,1->RMUX52@9,1","X9Y1","unproven_shape_20260929","shape OMUX33->RMUX52 d(1,0) is used by no board-PASS open image or qualified fixture","never-proven pip shape: refused by default; admit only after a design-level silicon PASS"
"OMUX33@16,5->RMUX52@17,5","X17Y5","unproven_shape_20260929","shape OMUX33->RMUX52 d(1,0) is used by no board-PASS open image or qualified fixture","never-proven pip shape: refused by default; admit only after a design-level silicon PASS"
"OMUX33@1,4->RMUX52@2,4","X2Y4","unproven_shape_20260929","shape OMUX33->RMUX52 d(1,0) is used by no board-PASS open image or qualified fixture","never-proven pip shape: refused by default; admit only after a design-level silicon PASS"
"OMUX33@14,7->RMUX52@15,7","X15Y7","unproven_shape_20260929","shape OMUX33->RMUX52 d(1,0) is used by no board-PASS open image or qualified fixture","never-proven pip shape: refused by default; admit only after a design-level silicon PASS"
"OMUX33@5,4->RMUX52@6,4","X6Y4","unproven_shape_20260929","shape OMUX33->RMUX52 d(1,0) is used by no board-PASS open image or qualified fixture","never-proven pip shape: refused by default; admit only after a design-level silicon PASS"
"OMUX33@15,6->RMUX52@16,6","X16Y6","unproven_shape_20260929","shape OMUX33->RMUX52 d(1,0) is used by no board-PASS open image or qualified fixture","never-proven pip shape: refused by default; admit only after a design-level silicon PASS"
"OMUX33@6,3->RMUX52@7,3","X7Y3","unproven_shape_20260929","shape OMUX33->RMUX52 d(1,0) is used by no board-PASS open image or qualified fixture","never-proven pip shape: refused by default; admit only after a design-level silicon PASS"
"OMUX33@17,3->RMUX52@18,3","X18Y3","unproven_shape_20260929","shape OMUX33->RMUX52 d(1,0) is used by no board-PASS open image or qualified fixture","never-proven pip shape: refused by default; admit only after a design-level silicon PASS"
"OMUX33@17,12->RMUX52@18,12","X18Y12","unproven_shape_20260929","shape OMUX33->RMUX52 d(1,0) is used by no board-PASS open image or qualified fixture","never-proven pip shape: refused by default; admit only after a design-level silicon PASS"
"OMUX33@16,7->RMUX52@17,7","X17Y7","unproven_shape_20260929","shape OMUX33->RMUX52 d(1,0) is used by no board-PASS open image or qualified fixture","never-proven pip shape: refused by default; admit only after a design-level silicon PASS"
"OMUX33@7,4->RMUX52@8,4","X8Y4","unproven_shape_20260929","shape OMUX33->RMUX52 d(1,0) is used by no board-PASS open image or qualified fixture","never-proven pip shape: refused by default; admit only after a design-level silicon PASS"
"OMUX33@18,4->RMUX52@19,4","X19Y4","unproven_shape_20260929","shape OMUX33->RMUX52 d(1,0) is used by no board-PASS open image or qualified fixture","never-proven pip shape: refused by default; admit only after a design-level silicon PASS"
"OMUX33@8,3->RMUX52@9,3","X9Y3","unproven_shape_20260929","shape OMUX33->RMUX52 d(1,0) is used by no board-PASS open image or qualified fixture","never-proven pip shape: refused by default; admit only after a design-level silicon PASS"
"OMUX33@14,9->RMUX52@15,9","X15Y9","unproven_shape_20260929","shape OMUX33->RMUX52 d(1,0) is used by no board-PASS open image or qualified fixture","never-proven pip shape: refused by default; admit only after a design-level silicon PASS"
"OMUX33@17,5->RMUX52@18,5","X18Y5","unproven_shape_20260929","shape OMUX33->RMUX52 d(1,0) is used by no board-PASS open image or qualified fixture","never-proven pip shape: refused by default; admit only after a design-level silicon PASS"
"OMUX33@19,8->RMUX52@20,8","X20Y8","unproven_shape_20260929","shape OMUX33->RMUX52 d(1,0) is used by no board-PASS open image or qualified fixture","never-proven pip shape: refused by default; admit only after a design-level silicon PASS"
"OMUX33@2,1->RMUX52@3,1","X3Y1","unproven_shape_20260929","shape OMUX33->RMUX52 d(1,0) is used by no board-PASS open image or qualified fixture","never-proven pip shape: refused by default; admit only after a design-level silicon PASS"
"OMUX33@16,9->RMUX52@17,9","X17Y9","unproven_shape_20260929","shape OMUX33->RMUX52 d(1,0) is used by no board-PASS open image or qualified fixture","never-proven pip shape: refused by default; admit only after a design-level silicon PASS"
"OMUX33@10,2->RMUX52@11,2","X11Y2","unproven_shape_20260929","shape OMUX33->RMUX52 d(1,0) is used by no board-PASS open image or qualified fixture","never-proven pip shape: refused by default; admit only after a design-level silicon PASS"
"OMUX33@14,2->RMUX52@15,2","X15Y2","unproven_shape_20260929","shape OMUX33->RMUX52 d(1,0) is used by no board-PASS open image or qualified fixture","never-proven pip shape: refused by default; admit only after a design-level silicon PASS"
"OMUX33@15,1->RMUX52@16,1","X16Y1","unproven_shape_20260929","shape OMUX33->RMUX52 d(1,0) is used by no board-PASS open image or qualified fixture","never-proven pip shape: refused by default; admit only after a design-level silicon PASS"
"OMUX33@14,11->RMUX52@15,11","X15Y11","unproven_shape_20260929","shape OMUX33->RMUX52 d(1,0) is used by no board-PASS open image or qualified fixture","never-proven pip shape: refused by default; admit only after a design-level silicon PASS"
"OMUX33@17,7->RMUX52@18,7","X18Y7","unproven_shape_20260929","shape OMUX33->RMUX52 d(1,0) is used by no board-PASS open image or qualified fixture","never-proven pip shape: refused by default; admit only after a design-level silicon PASS"
"OMUX33@19,1->RMUX52@20,1","X20Y1","unproven_shape_20260929","shape OMUX33->RMUX52 d(1,0) is used by no board-PASS open image or qualified fixture","never-proven pip shape: refused by default; admit only after a design-level silicon PASS"
"OMUX33@19,10->RMUX52@20,10","X20Y10","unproven_shape_20260929","shape OMUX33->RMUX52 d(1,0) is used by no board-PASS open image or qualified fixture","never-proven pip shape: refused by default; admit only after a design-level silicon PASS"
"OMUX33@2,3->RMUX52@3,3","X3Y3","unproven_shape_20260929","shape OMUX33->RMUX52 d(1,0) is used by no board-PASS open image or qualified fixture","never-proven pip shape: refused by default; admit only after a design-level silicon PASS"
"OMUX33@16,2->RMUX52@17,2","X17Y2","unproven_shape_20260929","shape OMUX33->RMUX52 d(1,0) is used by no board-PASS open image or qualified fixture","never-proven pip shape: refused by default; admit only after a design-level silicon PASS"
"OMUX33@10,4->RMUX52@11,4","X11Y4","unproven_shape_20260929","shape OMUX33->RMUX52 d(1,0) is used by no board-PASS open image or qualified fixture","never-proven pip shape: refused by default; admit only after a design-level silicon PASS"
"OMUX33@14,4->RMUX52@15,4","X15Y4","unproven_shape_20260929","shape OMUX33->RMUX52 d(1,0) is used by no board-PASS open image or qualified fixture","never-proven pip shape: refused by default; admit only after a design-level silicon PASS"
"OMUX33@5,1->RMUX52@6,1","X6Y1","unproven_shape_20260929","shape OMUX33->RMUX52 d(1,0) is used by no board-PASS open image or qualified fixture","never-proven pip shape: refused by default; admit only after a design-level silicon PASS"
"OMUX33@15,3->RMUX52@16,3","X16Y3","unproven_shape_20260929","shape OMUX33->RMUX52 d(1,0) is used by no board-PASS open image or qualified fixture","never-proven pip shape: refused by default; admit only after a design-level silicon PASS"
"OMUX33@15,12->RMUX52@16,12","X16Y12","unproven_shape_20260929","shape OMUX33->RMUX52 d(1,0) is used by no board-PASS open image or qualified fixture","never-proven pip shape: refused by default; admit only after a design-level silicon PASS"
"OMUX33@17,9->RMUX52@18,9","X18Y9","unproven_shape_20260929","shape OMUX33->RMUX52 d(1,0) is used by no board-PASS open image or qualified fixture","never-proven pip shape: refused by default; admit only after a design-level silicon PASS"
"OMUX33@19,12->RMUX52@20,12","X20Y12","unproven_shape_20260929","shape OMUX33->RMUX52 d(1,0) is used by no board-PASS open image or qualified fixture","never-proven pip shape: refused by default; admit only after a design-level silicon PASS"
"OMUX33@3,4->RMUX52@4,4","X4Y4","unproven_shape_20260929","shape OMUX33->RMUX52 d(1,0) is used by no board-PASS open image or qualified fixture","never-proven pip shape: refused by default; admit only after a design-level silicon PASS"
"OMUX33@16,4->RMUX52@17,4","X17Y4","unproven_shape_20260929","shape OMUX33->RMUX52 d(1,0) is used by no board-PASS open image or qualified fixture","never-proven pip shape: refused by default; admit only after a design-level silicon PASS"
"OMUX33@9,1->RMUX52@10,1","X10Y1","unproven_shape_20260929","shape OMUX33->RMUX52 d(1,0) is used by no board-PASS open image or qualified fixture","never-proven pip shape: refused by default; admit only after a design-level silicon PASS"
"OMUX33@15,5->RMUX52@16,5","X16Y5","unproven_shape_20260929","shape OMUX33->RMUX52 d(1,0) is used by no board-PASS open image or qualified fixture","never-proven pip shape: refused by default; admit only after a design-level silicon PASS"
"OMUX33@6,2->RMUX52@7,2","X7Y2","unproven_shape_20260929","shape OMUX33->RMUX52 d(1,0) is used by no board-PASS open image or qualified fixture","never-proven pip shape: refused by default; admit only after a design-level silicon PASS"
"OMUX33@17,2->RMUX52@18,2","X18Y2","unproven_shape_20260929","shape OMUX33->RMUX52 d(1,0) is used by no board-PASS open image or qualified fixture","never-proven pip shape: refused by default; admit only after a design-level silicon PASS"
"OMUX33@17,11->RMUX52@18,11","X18Y11","unproven_shape_20260929","shape OMUX33->RMUX52 d(1,0) is used by no board-PASS open image or qualified fixture","never-proven pip shape: refused by default; admit only after a design-level silicon PASS"
"OMUX33@19,5->RMUX52@20,5","X20Y5","unproven_shape_20260929","shape OMUX33->RMUX52 d(1,0) is used by no board-PASS open image or qualified fixture","never-proven pip shape: refused by default; admit only after a design-level silicon PASS"
"OMUX33@11,1->RMUX52@12,1","X12Y1","unproven_shape_20260929","shape OMUX33->RMUX52 d(1,0) is used by no board-PASS open image or qualified fixture","never-proven pip shape: refused by default; admit only after a design-level silicon PASS"
"OMUX33@4,4->RMUX52@5,4","X5Y4","unproven_shape_20260929","shape OMUX33->RMUX52 d(1,0) is used by no board-PASS open image or qualified fixture","never-proven pip shape: refused by default; admit only after a design-level silicon PASS"
"OMUX33@8,2->RMUX52@9,2","X9Y2","unproven_shape_20260929","shape OMUX33->RMUX52 d(1,0) is used by no board-PASS open image or qualified fixture","never-proven pip shape: refused by default; admit only after a design-level silicon PASS"
"OMUX33@15,7->RMUX52@16,7","X16Y7","unproven_shape_20260929","shape OMUX33->RMUX52 d(1,0) is used by no board-PASS open image or qualified fixture","never-proven pip shape: refused by default; admit only after a design-level silicon PASS"
"OMUX33@6,4->RMUX52@7,4","X7Y4","unproven_shape_20260929","shape OMUX33->RMUX52 d(1,0) is used by no board-PASS open image or qualified fixture","never-proven pip shape: refused by default; admit only after a design-level silicon PASS"
"OMUX33@17,4->RMUX52@18,4","X18Y4","unproven_shape_20260929","shape OMUX33->RMUX52 d(1,0) is used by no board-PASS open image or qualified fixture","never-proven pip shape: refused by default; admit only after a design-level silicon PASS"
"OMUX33@19,7->RMUX52@20,7","X20Y7","unproven_shape_20260929","shape OMUX33->RMUX52 d(1,0) is used by no board-PASS open image or qualified fixture","never-proven pip shape: refused by default; admit only after a design-level silicon PASS"
"OMUX33@11,3->RMUX52@12,3","X12Y3","unproven_shape_20260929","shape OMUX33->RMUX52 d(1,0) is used by no board-PASS open image or qualified fixture","never-proven pip shape: refused by default; admit only after a design-level silicon PASS"
"OMUX33@18,8->RMUX52@19,8","X19Y8","unproven_shape_20260929","shape OMUX33->RMUX52 d(1,0) is used by no board-PASS open image or qualified fixture","never-proven pip shape: refused by default; admit only after a design-level silicon PASS"
"OMUX33@1,1->RMUX52@2,1","X2Y1","unproven_shape_20260929","shape OMUX33->RMUX52 d(1,0) is used by no board-PASS open image or qualified fixture","never-proven pip shape: refused by default; admit only after a design-level silicon PASS"
"OMUX33@15,9->RMUX52@16,9","X16Y9","unproven_shape_20260929","shape OMUX33->RMUX52 d(1,0) is used by no board-PASS open image or qualified fixture","never-proven pip shape: refused by default; admit only after a design-level silicon PASS"
"OMUX33@19,9->RMUX52@20,9","X20Y9","unproven_shape_20260929","shape OMUX33->RMUX52 d(1,0) is used by no board-PASS open image or qualified fixture","never-proven pip shape: refused by default; admit only after a design-level silicon PASS"
"OMUX33@2,2->RMUX52@3,2","X3Y2","unproven_shape_20260929","shape OMUX33->RMUX52 d(1,0) is used by no board-PASS open image or qualified fixture","never-proven pip shape: refused by default; admit only after a design-level silicon PASS"
"OMUX33@7,1->RMUX52@8,1","X8Y1","unproven_shape_20260929","shape OMUX33->RMUX52 d(1,0) is used by no board-PASS open image or qualified fixture","never-proven pip shape: refused by default; admit only after a design-level silicon PASS"
"OMUX33@18,1->RMUX52@19,1","X19Y1","unproven_shape_20260929","shape OMUX33->RMUX52 d(1,0) is used by no board-PASS open image or qualified fixture","never-proven pip shape: refused by default; admit only after a design-level silicon PASS"
"OMUX33@18,10->RMUX52@19,10","X19Y10","unproven_shape_20260929","shape OMUX33->RMUX52 d(1,0) is used by no board-PASS open image or qualified fixture","never-proven pip shape: refused by default; admit only after a design-level silicon PASS"
"OMUX33@1,3->RMUX52@2,3","X2Y3","unproven_shape_20260929","shape OMUX33->RMUX52 d(1,0) is used by no board-PASS open image or qualified fixture","never-proven pip shape: refused by default; admit only after a design-level silicon PASS"
"OMUX33@15,2->RMUX52@16,2","X16Y2","unproven_shape_20260929","shape OMUX33->RMUX52 d(1,0) is used by no board-PASS open image or qualified fixture","never-proven pip shape: refused by default; admit only after a design-level silicon PASS"
"OMUX33@5,3->RMUX52@6,3","X6Y3","unproven_shape_20260929","shape OMUX33->RMUX52 d(1,0) is used by no board-PASS open image or qualified fixture","never-proven pip shape: refused by default; admit only after a design-level silicon PASS"
"OMUX33@19,2->RMUX52@20,2","X20Y2","unproven_shape_20260929","shape OMUX33->RMUX52 d(1,0) is used by no board-PASS open image or qualified fixture","never-proven pip shape: refused by default; admit only after a design-level silicon PASS"
"OMUX33@19,11->RMUX52@20,11","X20Y11","unproven_shape_20260929","shape OMUX33->RMUX52 d(1,0) is used by no board-PASS open image or qualified fixture","never-proven pip shape: refused by default; admit only after a design-level silicon PASS"
"OMUX33@2,4->RMUX52@3,4","X3Y4","unproven_shape_20260929","shape OMUX33->RMUX52 d(1,0) is used by no board-PASS open image or qualified fixture","never-proven pip shape: refused by default; admit only after a design-level silicon PASS"
"OMUX33@3,3->RMUX52@4,3","X4Y3","unproven_shape_20260929","shape OMUX33->RMUX52 d(1,0) is used by no board-PASS open image or qualified fixture","never-proven pip shape: refused by default; admit only after a design-level silicon PASS"
"OMUX33@7,3->RMUX52@8,3","X8Y3","unproven_shape_20260929","shape OMUX33->RMUX52 d(1,0) is used by no board-PASS open image or qualified fixture","never-proven pip shape: refused by default; admit only after a design-level silicon PASS"
"OMUX33@18,3->RMUX52@19,3","X19Y3","unproven_shape_20260929","shape OMUX33->RMUX52 d(1,0) is used by no board-PASS open image or qualified fixture","never-proven pip shape: refused by default; admit only after a design-level silicon PASS"
"OMUX33@18,12->RMUX52@19,12","X19Y12","unproven_shape_20260929","shape OMUX33->RMUX52 d(1,0) is used by no board-PASS open image or qualified fixture","never-proven pip shape: refused by default; admit only after a design-level silicon PASS"
"OMUX33@15,4->RMUX52@16,4","X16Y4","unproven_shape_20260929","shape OMUX33->RMUX52 d(1,0) is used by no board-PASS open image or qualified fixture","never-proven pip shape: refused by default; admit only after a design-level silicon PASS"
"OMUX33@14,8->RMUX52@15,8","X15Y8","unproven_shape_20260929","shape OMUX33->RMUX52 d(1,0) is used by no board-PASS open image or qualified fixture","never-proven pip shape: refused by default; admit only after a design-level silicon PASS"
"OMUX33@19,4->RMUX52@20,4","X20Y4","unproven_shape_20260929","shape OMUX33->RMUX52 d(1,0) is used by no board-PASS open image or qualified fixture","never-proven pip shape: refused by default; admit only after a design-level silicon PASS"
"OMUX33@16,8->RMUX52@17,8","X17Y8","unproven_shape_20260929","shape OMUX33->RMUX52 d(1,0) is used by no board-PASS open image or qualified fixture","never-proven pip shape: refused by default; admit only after a design-level silicon PASS"
"OMUX33@18,5->RMUX52@19,5","X19Y5","unproven_shape_20260929","shape OMUX33->RMUX52 d(1,0) is used by no board-PASS open image or qualified fixture","never-proven pip shape: refused by default; admit only after a design-level silicon PASS"
"OMUX33@9,2->RMUX52@10,2","X10Y2","unproven_shape_20260929","shape OMUX33->RMUX52 d(1,0) is used by no board-PASS open image or qualified fixture","never-proven pip shape: refused by default; admit only after a design-level silicon PASS"
"OMUX33@8,4->RMUX52@9,4","X9Y4","unproven_shape_20260929","shape OMUX33->RMUX52 d(1,0) is used by no board-PASS open image or qualified fixture","never-proven pip shape: refused by default; admit only after a design-level silicon PASS"
"OMUX33@10,1->RMUX52@11,1","X11Y1","unproven_shape_20260929","shape OMUX33->RMUX52 d(1,0) is used by no board-PASS open image or qualified fixture","never-proven pip shape: refused by default; admit only after a design-level silicon PASS"
"OMUX33@14,1->RMUX52@15,1","X15Y1","unproven_shape_20260929","shape OMUX33->RMUX52 d(1,0) is used by no board-PASS open image or qualified fixture","never-proven pip shape: refused by default; admit only after a design-level silicon PASS"
"OMUX33@14,10->RMUX52@15,10","X15Y10","unproven_shape_20260929","shape OMUX33->RMUX52 d(1,0) is used by no board-PASS open image or qualified fixture","never-proven pip shape: refused by default; admit only after a design-level silicon PASS"
"OMUX33@17,6->RMUX52@18,6","X18Y6","unproven_shape_20260929","shape OMUX33->RMUX52 d(1,0) is used by no board-PASS open image or qualified fixture","never-proven pip shape: refused by default; admit only after a design-level silicon PASS"
"OMUX33@11,2->RMUX52@12,2","X12Y2","unproven_shape_20260929","shape OMUX33->RMUX52 d(1,0) is used by no board-PASS open image or qualified fixture","never-proven pip shape: refused by default; admit only after a design-level silicon PASS"
"OMUX33@16,1->RMUX52@17,1","X17Y1","unproven_shape_20260929","shape OMUX33->RMUX52 d(1,0) is used by no board-PASS open image or qualified fixture","never-proven pip shape: refused by default; admit only after a design-level silicon PASS"
"OMUX33@18,7->RMUX52@19,7","X19Y7","unproven_shape_20260929","shape OMUX33->RMUX52 d(1,0) is used by no board-PASS open image or qualified fixture","never-proven pip shape: refused by default; admit only after a design-level silicon PASS"
"OMUX33@9,4->RMUX52@10,4","X10Y4","unproven_shape_20260929","shape OMUX33->RMUX52 d(1,0) is used by no board-PASS open image or qualified fixture","never-proven pip shape: refused by default; admit only after a design-level silicon PASS"
"OMUX33@14,3->RMUX52@15,3","X15Y3","unproven_shape_20260929","shape OMUX33->RMUX52 d(1,0) is used by no board-PASS open image or qualified fixture","never-proven pip shape: refused by default; admit only after a design-level silicon PASS"
"OMUX33@15,11->RMUX52@16,11","X16Y11","unproven_shape_20260929","shape OMUX33->RMUX52 d(1,0) is used by no board-PASS open image or qualified fixture","never-proven pip shape: refused by default; admit only after a design-level silicon PASS"
"OMUX33@17,8->RMUX52@18,8","X18Y8","unproven_shape_20260929","shape OMUX33->RMUX52 d(1,0) is used by no board-PASS open image or qualified fixture","never-proven pip shape: refused by default; admit only after a design-level silicon PASS"
"RMUX69@3,4->BBMUXS00@3,5","X3Y5","unproven_shape_20260929","shape RMUX69->BBMUXS0 d(0,1) is used by no board-PASS open image or qualified fixture","never-proven pip shape: refused by default; admit only after a design-level silicon PASS"
"OMUX01@1,1->IMUX00@1,1","X1Y1","unproven_shape_20260929","shape OMUX1->IMUX0 d(0,0) is used by no board-PASS open image or qualified fixture","never-proven pip shape: refused by default; admit only after a design-level silicon PASS"
"OMUX04@1,1->IMUX04@1,1","X1Y1","unproven_shape_20260929","shape OMUX4->IMUX4 d(0,0) is used by no board-PASS open image or qualified fixture","never-proven pip shape: refused by default; admit only after a design-level silicon PASS"
"OMUX01@1,2->IMUX00@1,2","X1Y2","unproven_shape_20260929","shape OMUX1->IMUX0 d(0,0) is used by no board-PASS open image or qualified fixture","never-proven pip shape: refused by default; admit only after a design-level silicon PASS"
"OMUX04@1,2->IMUX04@1,2","X1Y2","unproven_shape_20260929","shape OMUX4->IMUX4 d(0,0) is used by no board-PASS open image or qualified fixture","never-proven pip shape: refused by default; admit only after a design-level silicon PASS"
"OMUX07@1,2->IMUX08@1,2","X1Y2","unproven_shape_20260929","shape OMUX7->IMUX8 d(0,0) is used by no board-PASS open image or qualified fixture","never-proven pip shape: refused by default; admit only after a design-level silicon PASS"
"OMUX10@1,2->IMUX12@1,2","X1Y2","unproven_shape_20260929","shape OMUX10->IMUX12 d(0,0) is used by no board-PASS open image or qualified fixture","never-proven pip shape: refused by default; admit only after a design-level silicon PASS"
"OMUX13@1,2->IMUX16@1,2","X1Y2","unproven_shape_20260929","shape OMUX13->IMUX16 d(0,0) is used by no board-PASS open image or qualified fixture","never-proven pip shape: refused by default; admit only after a design-level silicon PASS"
"OMUX16@1,2->IMUX20@1,2","X1Y2","unproven_shape_20260929","shape OMUX16->IMUX20 d(0,0) is used by no board-PASS open image or qualified fixture","never-proven pip shape: refused by default; admit only after a design-level silicon PASS"
"OMUX19@1,2->IMUX24@1,2","X1Y2","unproven_shape_20260929","shape OMUX19->IMUX24 d(0,0) is used by no board-PASS open image or qualified fixture","never-proven pip shape: refused by default; admit only after a design-level silicon PASS"
"OMUX22@1,2->IMUX28@1,2","X1Y2","unproven_shape_20260929","shape OMUX22->IMUX28 d(0,0) is used by no board-PASS open image or qualified fixture","never-proven pip shape: refused by default; admit only after a design-level silicon PASS"
"OMUX25@1,2->IMUX32@1,2","X1Y2","unproven_shape_20260929","shape OMUX25->IMUX32 d(0,0) is used by no board-PASS open image or qualified fixture","never-proven pip shape: refused by default; admit only after a design-level silicon PASS"
"OMUX28@1,2->IMUX36@1,2","X1Y2","unproven_shape_20260929","shape OMUX28->IMUX36 d(0,0) is used by no board-PASS open image or qualified fixture","never-proven pip shape: refused by default; admit only after a design-level silicon PASS"
"OMUX31@1,2->IMUX40@1,2","X1Y2","unproven_shape_20260929","shape OMUX31->IMUX40 d(0,0) is used by no board-PASS open image or qualified fixture","never-proven pip shape: refused by default; admit only after a design-level silicon PASS"
"OMUX34@1,2->IMUX44@1,2","X1Y2","unproven_shape_20260929","shape OMUX34->IMUX44 d(0,0) is used by no board-PASS open image or qualified fixture","never-proven pip shape: refused by default; admit only after a design-level silicon PASS"
"OMUX37@1,2->IMUX48@1,2","X1Y2","unproven_shape_20260929","shape OMUX37->IMUX48 d(0,0) is used by no board-PASS open image or qualified fixture","never-proven pip shape: refused by default; admit only after a design-level silicon PASS"
"OMUX40@1,2->IMUX52@1,2","X1Y2","unproven_shape_20260929","shape OMUX40->IMUX52 d(0,0) is used by no board-PASS open image or qualified fixture","never-proven pip shape: refused by default; admit only after a design-level silicon PASS"
"OMUX43@1,2->IMUX56@1,2","X1Y2","unproven_shape_20260929","shape OMUX43->IMUX56 d(0,0) is used by no board-PASS open image or qualified fixture","never-proven pip shape: refused by default; admit only after a design-level silicon PASS"
"OMUX46@1,2->IMUX60@1,2","X1Y2","unproven_shape_20260929","shape OMUX46->IMUX60 d(0,0) is used by no board-PASS open image or qualified fixture","never-proven pip shape: refused by default; admit only after a design-level silicon PASS"
"OMUX01@1,3->IMUX00@1,3","X1Y3","unproven_shape_20260929","shape OMUX1->IMUX0 d(0,0) is used by no board-PASS open image or qualified fixture","never-proven pip shape: refused by default; admit only after a design-level silicon PASS"
"OMUX04@1,3->IMUX04@1,3","X1Y3","unproven_shape_20260929","shape OMUX4->IMUX4 d(0,0) is used by no board-PASS open image or qualified fixture","never-proven pip shape: refused by default; admit only after a design-level silicon PASS"
"OMUX07@1,3->IMUX08@1,3","X1Y3","unproven_shape_20260929","shape OMUX7->IMUX8 d(0,0) is used by no board-PASS open image or qualified fixture","never-proven pip shape: refused by default; admit only after a design-level silicon PASS"
"OMUX10@1,3->IMUX12@1,3","X1Y3","unproven_shape_20260929","shape OMUX10->IMUX12 d(0,0) is used by no board-PASS open image or qualified fixture","never-proven pip shape: refused by default; admit only after a design-level silicon PASS"
"OMUX13@1,3->IMUX16@1,3","X1Y3","unproven_shape_20260929","shape OMUX13->IMUX16 d(0,0) is used by no board-PASS open image or qualified fixture","never-proven pip shape: refused by default; admit only after a design-level silicon PASS"
"OMUX16@1,3->IMUX20@1,3","X1Y3","unproven_shape_20260929","shape OMUX16->IMUX20 d(0,0) is used by no board-PASS open image or qualified fixture","never-proven pip shape: refused by default; admit only after a design-level silicon PASS"
"OMUX19@1,3->IMUX24@1,3","X1Y3","unproven_shape_20260929","shape OMUX19->IMUX24 d(0,0) is used by no board-PASS open image or qualified fixture","never-proven pip shape: refused by default; admit only after a design-level silicon PASS"
"OMUX22@1,3->IMUX28@1,3","X1Y3","unproven_shape_20260929","shape OMUX22->IMUX28 d(0,0) is used by no board-PASS open image or qualified fixture","never-proven pip shape: refused by default; admit only after a design-level silicon PASS"
"OMUX25@1,3->IMUX32@1,3","X1Y3","unproven_shape_20260929","shape OMUX25->IMUX32 d(0,0) is used by no board-PASS open image or qualified fixture","never-proven pip shape: refused by default; admit only after a design-level silicon PASS"
"OMUX28@1,3->IMUX36@1,3","X1Y3","unproven_shape_20260929","shape OMUX28->IMUX36 d(0,0) is used by no board-PASS open image or qualified fixture","never-proven pip shape: refused by default; admit only after a design-level silicon PASS"
"OMUX31@1,3->IMUX40@1,3","X1Y3","unproven_shape_20260929","shape OMUX31->IMUX40 d(0,0) is used by no board-PASS open image or qualified fixture","never-proven pip shape: refused by default; admit only after a design-level silicon PASS"
"OMUX34@1,3->IMUX44@1,3","X1Y3","unproven_shape_20260929","shape OMUX34->IMUX44 d(0,0) is used by no board-PASS open image or qualified fixture","never-proven pip shape: refused by default; admit only after a design-level silicon PASS"
"OMUX37@1,3->IMUX48@1,3","X1Y3","unproven_shape_20260929","shape OMUX37->IMUX48 d(0,0) is used by no board-PASS open image or qualified fixture","never-proven pip shape: refused by default; admit only after a design-level silicon PASS"
"OMUX40@1,3->IMUX52@1,3","X1Y3","unproven_shape_20260929","shape OMUX40->IMUX52 d(0,0) is used by no board-PASS open image or qualified fixture","never-proven pip shape: refused by default; admit only after a design-level silicon PASS"
"OMUX43@1,3->IMUX56@1,3","X1Y3","unproven_shape_20260929","shape OMUX43->IMUX56 d(0,0) is used by no board-PASS open image or qualified fixture","never-proven pip shape: refused by default; admit only after a design-level silicon PASS"
"OMUX46@1,3->IMUX60@1,3","X1Y3","unproven_shape_20260929","shape OMUX46->IMUX60 d(0,0) is used by no board-PASS open image or qualified fixture","never-proven pip shape: refused by default; admit only after a design-level silicon PASS"
"OMUX01@1,4->IMUX00@1,4","X1Y4","unproven_shape_20260929","shape OMUX1->IMUX0 d(0,0) is used by no board-PASS open image or qualified fixture","never-proven pip shape: refused by default; admit only after a design-level silicon PASS"
"OMUX04@1,4->IMUX04@1,4","X1Y4","unproven_shape_20260929","shape OMUX4->IMUX4 d(0,0) is used by no board-PASS open image or qualified fixture","never-proven pip shape: refused by default; admit only after a design-level silicon PASS"
"OMUX10@1,4->IMUX12@1,4","X1Y4","unproven_shape_20260929","shape OMUX10->IMUX12 d(0,0) is used by no board-PASS open image or qualified fixture","never-proven pip shape: refused by default; admit only after a design-level silicon PASS"
"OMUX13@1,4->IMUX16@1,4","X1Y4","unproven_shape_20260929","shape OMUX13->IMUX16 d(0,0) is used by no board-PASS open image or qualified fixture","never-proven pip shape: refused by default; admit only after a design-level silicon PASS"
"OMUX16@1,4->IMUX20@1,4","X1Y4","unproven_shape_20260929","shape OMUX16->IMUX20 d(0,0) is used by no board-PASS open image or qualified fixture","never-proven pip shape: refused by default; admit only after a design-level silicon PASS"
"OMUX19@1,4->IMUX24@1,4","X1Y4","unproven_shape_20260929","shape OMUX19->IMUX24 d(0,0) is used by no board-PASS open image or qualified fixture","never-proven pip shape: refused by default; admit only after a design-level silicon PASS"
"OMUX22@1,4->IMUX28@1,4","X1Y4","unproven_shape_20260929","shape OMUX22->IMUX28 d(0,0) is used by no board-PASS open image or qualified fixture","never-proven pip shape: refused by default; admit only after a design-level silicon PASS"
"OMUX28@1,4->IMUX36@1,4","X1Y4","unproven_shape_20260929","shape OMUX28->IMUX36 d(0,0) is used by no board-PASS open image or qualified fixture","never-proven pip shape: refused by default; admit only after a design-level silicon PASS"
"OMUX31@1,4->IMUX40@1,4","X1Y4","unproven_shape_20260929","shape OMUX31->IMUX40 d(0,0) is used by no board-PASS open image or qualified fixture","never-proven pip shape: refused by default; admit only after a design-level silicon PASS"
"OMUX34@1,4->IMUX44@1,4","X1Y4","unproven_shape_20260929","shape OMUX34->IMUX44 d(0,0) is used by no board-PASS open image or qualified fixture","never-proven pip shape: refused by default; admit only after a design-level silicon PASS"
"OMUX37@1,4->IMUX48@1,4","X1Y4","unproven_shape_20260929","shape OMUX37->IMUX48 d(0,0) is used by no board-PASS open image or qualified fixture","never-proven pip shape: refused by default; admit only after a design-level silicon PASS"
"OMUX40@1,4->IMUX52@1,4","X1Y4","unproven_shape_20260929","shape OMUX40->IMUX52 d(0,0) is used by no board-PASS open image or qualified fixture","never-proven pip shape: refused by default; admit only after a design-level silicon PASS"
"OMUX43@1,4->IMUX56@1,4","X1Y4","unproven_shape_20260929","shape OMUX43->IMUX56 d(0,0) is used by no board-PASS open image or qualified fixture","never-proven pip shape: refused by default; admit only after a design-level silicon PASS"
"OMUX46@1,4->IMUX60@1,4","X1Y4","unproven_shape_20260929","shape OMUX46->IMUX60 d(0,0) is used by no board-PASS open image or qualified fixture","never-proven pip shape: refused by default; admit only after a design-level silicon PASS"
"OMUX01@2,1->IMUX00@2,1","X2Y1","unproven_shape_20260929","shape OMUX1->IMUX0 d(0,0) is used by no board-PASS open image or qualified fixture","never-proven pip shape: refused by default; admit only after a design-level silicon PASS"
"OMUX07@2,1->IMUX08@2,1","X2Y1","unproven_shape_20260929","shape OMUX7->IMUX8 d(0,0) is used by no board-PASS open image or qualified fixture","never-proven pip shape: refused by default; admit only after a design-level silicon PASS"
"OMUX10@2,1->IMUX12@2,1","X2Y1","unproven_shape_20260929","shape OMUX10->IMUX12 d(0,0) is used by no board-PASS open image or qualified fixture","never-proven pip shape: refused by default; admit only after a design-level silicon PASS"
"OMUX13@2,1->IMUX16@2,1","X2Y1","unproven_shape_20260929","shape OMUX13->IMUX16 d(0,0) is used by no board-PASS open image or qualified fixture","never-proven pip shape: refused by default; admit only after a design-level silicon PASS"
"OMUX16@2,1->IMUX20@2,1","X2Y1","unproven_shape_20260929","shape OMUX16->IMUX20 d(0,0) is used by no board-PASS open image or qualified fixture","never-proven pip shape: refused by default; admit only after a design-level silicon PASS"
"OMUX19@2,1->IMUX24@2,1","X2Y1","unproven_shape_20260929","shape OMUX19->IMUX24 d(0,0) is used by no board-PASS open image or qualified fixture","never-proven pip shape: refused by default; admit only after a design-level silicon PASS"
"OMUX22@2,1->IMUX28@2,1","X2Y1","unproven_shape_20260929","shape OMUX22->IMUX28 d(0,0) is used by no board-PASS open image or qualified fixture","never-proven pip shape: refused by default; admit only after a design-level silicon PASS"
"OMUX25@2,1->IMUX32@2,1","X2Y1","unproven_shape_20260929","shape OMUX25->IMUX32 d(0,0) is used by no board-PASS open image or qualified fixture","never-proven pip shape: refused by default; admit only after a design-level silicon PASS"
"OMUX28@2,1->IMUX36@2,1","X2Y1","unproven_shape_20260929","shape OMUX28->IMUX36 d(0,0) is used by no board-PASS open image or qualified fixture","never-proven pip shape: refused by default; admit only after a design-level silicon PASS"
"OMUX31@2,1->IMUX40@2,1","X2Y1","unproven_shape_20260929","shape OMUX31->IMUX40 d(0,0) is used by no board-PASS open image or qualified fixture","never-proven pip shape: refused by default; admit only after a design-level silicon PASS"
"OMUX34@2,1->IMUX44@2,1","X2Y1","unproven_shape_20260929","shape OMUX34->IMUX44 d(0,0) is used by no board-PASS open image or qualified fixture","never-proven pip shape: refused by default; admit only after a design-level silicon PASS"
"OMUX37@2,1->IMUX48@2,1","X2Y1","unproven_shape_20260929","shape OMUX37->IMUX48 d(0,0) is used by no board-PASS open image or qualified fixture","never-proven pip shape: refused by default; admit only after a design-level silicon PASS"
"OMUX40@2,1->IMUX52@2,1","X2Y1","unproven_shape_20260929","shape OMUX40->IMUX52 d(0,0) is used by no board-PASS open image or qualified fixture","never-proven pip shape: refused by default; admit only after a design-level silicon PASS"
"OMUX43@2,1->IMUX56@2,1","X2Y1","unproven_shape_20260929","shape OMUX43->IMUX56 d(0,0) is used by no board-PASS open image or qualified fixture","never-proven pip shape: refused by default; admit only after a design-level silicon PASS"
"OMUX46@2,1->IMUX60@2,1","X2Y1","unproven_shape_20260929","shape OMUX46->IMUX60 d(0,0) is used by no board-PASS open image or qualified fixture","never-proven pip shape: refused by default; admit only after a design-level silicon PASS"
"OMUX01@2,2->IMUX00@2,2","X2Y2","unproven_shape_20260929","shape OMUX1->IMUX0 d(0,0) is used by no board-PASS open image or qualified fixture","never-proven pip shape: refused by default; admit only after a design-level silicon PASS"
"OMUX04@2,2->IMUX04@2,2","X2Y2","unproven_shape_20260929","shape OMUX4->IMUX4 d(0,0) is used by no board-PASS open image or qualified fixture","never-proven pip shape: refused by default; admit only after a design-level silicon PASS"
"OMUX07@2,2->IMUX08@2,2","X2Y2","unproven_shape_20260929","shape OMUX7->IMUX8 d(0,0) is used by no board-PASS open image or qualified fixture","never-proven pip shape: refused by default; admit only after a design-level silicon PASS"
"OMUX10@2,2->IMUX12@2,2","X2Y2","unproven_shape_20260929","shape OMUX10->IMUX12 d(0,0) is used by no board-PASS open image or qualified fixture","never-proven pip shape: refused by default; admit only after a design-level silicon PASS"
"OMUX13@2,2->IMUX16@2,2","X2Y2","unproven_shape_20260929","shape OMUX13->IMUX16 d(0,0) is used by no board-PASS open image or qualified fixture","never-proven pip shape: refused by default; admit only after a design-level silicon PASS"
"OMUX16@2,2->IMUX20@2,2","X2Y2","unproven_shape_20260929","shape OMUX16->IMUX20 d(0,0) is used by no board-PASS open image or qualified fixture","never-proven pip shape: refused by default; admit only after a design-level silicon PASS"
"OMUX19@2,2->IMUX24@2,2","X2Y2","unproven_shape_20260929","shape OMUX19->IMUX24 d(0,0) is used by no board-PASS open image or qualified fixture","never-proven pip shape: refused by default; admit only after a design-level silicon PASS"
"OMUX22@2,2->IMUX28@2,2","X2Y2","unproven_shape_20260929","shape OMUX22->IMUX28 d(0,0) is used by no board-PASS open image or qualified fixture","never-proven pip shape: refused by default; admit only after a design-level silicon PASS"
"OMUX25@2,2->IMUX32@2,2","X2Y2","unproven_shape_20260929","shape OMUX25->IMUX32 d(0,0) is used by no board-PASS open image or qualified fixture","never-proven pip shape: refused by default; admit only after a design-level silicon PASS"
"OMUX28@2,2->IMUX36@2,2","X2Y2","unproven_shape_20260929","shape OMUX28->IMUX36 d(0,0) is used by no board-PASS open image or qualified fixture","never-proven pip shape: refused by default; admit only after a design-level silicon PASS"
"OMUX31@2,2->IMUX40@2,2","X2Y2","unproven_shape_20260929","shape OMUX31->IMUX40 d(0,0) is used by no board-PASS open image or qualified fixture","never-proven pip shape: refused by default; admit only after a design-level silicon PASS"
"OMUX34@2,2->IMUX44@2,2","X2Y2","unproven_shape_20260929","shape OMUX34->IMUX44 d(0,0) is used by no board-PASS open image or qualified fixture","never-proven pip shape: refused by default; admit only after a design-level silicon PASS"
"OMUX37@2,2->IMUX48@2,2","X2Y2","unproven_shape_20260929","shape OMUX37->IMUX48 d(0,0) is used by no board-PASS open image or qualified fixture","never-proven pip shape: refused by default; admit only after a design-level silicon PASS"
"OMUX40@2,2->IMUX52@2,2","X2Y2","unproven_shape_20260929","shape OMUX40->IMUX52 d(0,0) is used by no board-PASS open image or qualified fixture","never-proven pip shape: refused by default; admit only after a design-level silicon PASS"
"OMUX43@2,2->IMUX56@2,2","X2Y2","unproven_shape_20260929","shape OMUX43->IMUX56 d(0,0) is used by no board-PASS open image or qualified fixture","never-proven pip shape: refused by default; admit only after a design-level silicon PASS"
"OMUX46@2,2->IMUX60@2,2","X2Y2","unproven_shape_20260929","shape OMUX46->IMUX60 d(0,0) is used by no board-PASS open image or qualified fixture","never-proven pip shape: refused by default; admit only after a design-level silicon PASS"
"OMUX01@2,3->IMUX00@2,3","X2Y3","unproven_shape_20260929","shape OMUX1->IMUX0 d(0,0) is used by no board-PASS open image or qualified fixture","never-proven pip shape: refused by default; admit only after a design-level silicon PASS"
"OMUX04@2,3->IMUX04@2,3","X2Y3","unproven_shape_20260929","shape OMUX4->IMUX4 d(0,0) is used by no board-PASS open image or qualified fixture","never-proven pip shape: refused by default; admit only after a design-level silicon PASS"
"OMUX10@2,3->IMUX12@2,3","X2Y3","unproven_shape_20260929","shape OMUX10->IMUX12 d(0,0) is used by no board-PASS open image or qualified fixture","never-proven pip shape: refused by default; admit only after a design-level silicon PASS"
"OMUX16@2,3->IMUX20@2,3","X2Y3","unproven_shape_20260929","shape OMUX16->IMUX20 d(0,0) is used by no board-PASS open image or qualified fixture","never-proven pip shape: refused by default; admit only after a design-level silicon PASS"
"OMUX25@2,3->IMUX32@2,3","X2Y3","unproven_shape_20260929","shape OMUX25->IMUX32 d(0,0) is used by no board-PASS open image or qualified fixture","never-proven pip shape: refused by default; admit only after a design-level silicon PASS"
"OMUX28@2,3->IMUX36@2,3","X2Y3","unproven_shape_20260929","shape OMUX28->IMUX36 d(0,0) is used by no board-PASS open image or qualified fixture","never-proven pip shape: refused by default; admit only after a design-level silicon PASS"
"OMUX31@2,3->IMUX40@2,3","X2Y3","unproven_shape_20260929","shape OMUX31->IMUX40 d(0,0) is used by no board-PASS open image or qualified fixture","never-proven pip shape: refused by default; admit only after a design-level silicon PASS"
"OMUX34@2,3->IMUX44@2,3","X2Y3","unproven_shape_20260929","shape OMUX34->IMUX44 d(0,0) is used by no board-PASS open image or qualified fixture","never-proven pip shape: refused by default; admit only after a design-level silicon PASS"
"OMUX37@2,3->IMUX48@2,3","X2Y3","unproven_shape_20260929","shape OMUX37->IMUX48 d(0,0) is used by no board-PASS open image or qualified fixture","never-proven pip shape: refused by default; admit only after a design-level silicon PASS"
"OMUX40@2,3->IMUX52@2,3","X2Y3","unproven_shape_20260929","shape OMUX40->IMUX52 d(0,0) is used by no board-PASS open image or qualified fixture","never-proven pip shape: refused by default; admit only after a design-level silicon PASS"
"OMUX43@2,3->IMUX56@2,3","X2Y3","unproven_shape_20260929","shape OMUX43->IMUX56 d(0,0) is used by no board-PASS open image or qualified fixture","never-proven pip shape: refused by default; admit only after a design-level silicon PASS"
"OMUX46@2,3->IMUX60@2,3","X2Y3","unproven_shape_20260929","shape OMUX46->IMUX60 d(0,0) is used by no board-PASS open image or qualified fixture","never-proven pip shape: refused by default; admit only after a design-level silicon PASS"
"OMUX01@2,4->IMUX00@2,4","X2Y4","unproven_shape_20260929","shape OMUX1->IMUX0 d(0,0) is used by no board-PASS open image or qualified fixture","never-proven pip shape: refused by default; admit only after a design-level silicon PASS"
"OMUX04@2,4->IMUX04@2,4","X2Y4","unproven_shape_20260929","shape OMUX4->IMUX4 d(0,0) is used by no board-PASS open image or qualified fixture","never-proven pip shape: refused by default; admit only after a design-level silicon PASS"
"OMUX07@2,4->IMUX08@2,4","X2Y4","unproven_shape_20260929","shape OMUX7->IMUX8 d(0,0) is used by no board-PASS open image or qualified fixture","never-proven pip shape: refused by default; admit only after a design-level silicon PASS"
"OMUX10@2,4->IMUX12@2,4","X2Y4","unproven_shape_20260929","shape OMUX10->IMUX12 d(0,0) is used by no board-PASS open image or qualified fixture","never-proven pip shape: refused by default; admit only after a design-level silicon PASS"
"OMUX13@2,4->IMUX16@2,4","X2Y4","unproven_shape_20260929","shape OMUX13->IMUX16 d(0,0) is used by no board-PASS open image or qualified fixture","never-proven pip shape: refused by default; admit only after a design-level silicon PASS"
"OMUX16@2,4->IMUX20@2,4","X2Y4","unproven_shape_20260929","shape OMUX16->IMUX20 d(0,0) is used by no board-PASS open image or qualified fixture","never-proven pip shape: refused by default; admit only after a design-level silicon PASS"
"OMUX19@2,4->IMUX24@2,4","X2Y4","unproven_shape_20260929","shape OMUX19->IMUX24 d(0,0) is used by no board-PASS open image or qualified fixture","never-proven pip shape: refused by default; admit only after a design-level silicon PASS"
"OMUX22@2,4->IMUX28@2,4","X2Y4","unproven_shape_20260929","shape OMUX22->IMUX28 d(0,0) is used by no board-PASS open image or qualified fixture","never-proven pip shape: refused by default; admit only after a design-level silicon PASS"
"OMUX25@2,4->IMUX32@2,4","X2Y4","unproven_shape_20260929","shape OMUX25->IMUX32 d(0,0) is used by no board-PASS open image or qualified fixture","never-proven pip shape: refused by default; admit only after a design-level silicon PASS"
"OMUX28@2,4->IMUX36@2,4","X2Y4","unproven_shape_20260929","shape OMUX28->IMUX36 d(0,0) is used by no board-PASS open image or qualified fixture","never-proven pip shape: refused by default; admit only after a design-level silicon PASS"
"OMUX31@2,4->IMUX40@2,4","X2Y4","unproven_shape_20260929","shape OMUX31->IMUX40 d(0,0) is used by no board-PASS open image or qualified fixture","never-proven pip shape: refused by default; admit only after a design-level silicon PASS"
"OMUX34@2,4->IMUX44@2,4","X2Y4","unproven_shape_20260929","shape OMUX34->IMUX44 d(0,0) is used by no board-PASS open image or qualified fixture","never-proven pip shape: refused by default; admit only after a design-level silicon PASS"
"OMUX37@2,4->IMUX48@2,4","X2Y4","unproven_shape_20260929","shape OMUX37->IMUX48 d(0,0) is used by no board-PASS open image or qualified fixture","never-proven pip shape: refused by default; admit only after a design-level silicon PASS"
"OMUX40@2,4->IMUX52@2,4","X2Y4","unproven_shape_20260929","shape OMUX40->IMUX52 d(0,0) is used by no board-PASS open image or qualified fixture","never-proven pip shape: refused by default; admit only after a design-level silicon PASS"
"OMUX43@2,4->IMUX56@2,4","X2Y4","unproven_shape_20260929","shape OMUX43->IMUX56 d(0,0) is used by no board-PASS open image or qualified fixture","never-proven pip shape: refused by default; admit only after a design-level silicon PASS"
"OMUX46@2,4->IMUX60@2,4","X2Y4","unproven_shape_20260929","shape OMUX46->IMUX60 d(0,0) is used by no board-PASS open image or qualified fixture","never-proven pip shape: refused by default; admit only after a design-level silicon PASS"
"OMUX01@3,1->IMUX00@3,1","X3Y1","unproven_shape_20260929","shape OMUX1->IMUX0 d(0,0) is used by no board-PASS open image or qualified fixture","never-proven pip shape: refused by default; admit only after a design-level silicon PASS"
"OMUX04@3,1->IMUX04@3,1","X3Y1","unproven_shape_20260929","shape OMUX4->IMUX4 d(0,0) is used by no board-PASS open image or qualified fixture","never-proven pip shape: refused by default; admit only after a design-level silicon PASS"
"OMUX07@3,1->IMUX08@3,1","X3Y1","unproven_shape_20260929","shape OMUX7->IMUX8 d(0,0) is used by no board-PASS open image or qualified fixture","never-proven pip shape: refused by default; admit only after a design-level silicon PASS"
"OMUX10@3,1->IMUX12@3,1","X3Y1","unproven_shape_20260929","shape OMUX10->IMUX12 d(0,0) is used by no board-PASS open image or qualified fixture","never-proven pip shape: refused by default; admit only after a design-level silicon PASS"
"OMUX13@3,1->IMUX16@3,1","X3Y1","unproven_shape_20260929","shape OMUX13->IMUX16 d(0,0) is used by no board-PASS open image or qualified fixture","never-proven pip shape: refused by default; admit only after a design-level silicon PASS"
"OMUX16@3,1->IMUX20@3,1","X3Y1","unproven_shape_20260929","shape OMUX16->IMUX20 d(0,0) is used by no board-PASS open image or qualified fixture","never-proven pip shape: refused by default; admit only after a design-level silicon PASS"
"OMUX19@3,1->IMUX24@3,1","X3Y1","unproven_shape_20260929","shape OMUX19->IMUX24 d(0,0) is used by no board-PASS open image or qualified fixture","never-proven pip shape: refused by default; admit only after a design-level silicon PASS"
"OMUX22@3,1->IMUX28@3,1","X3Y1","unproven_shape_20260929","shape OMUX22->IMUX28 d(0,0) is used by no board-PASS open image or qualified fixture","never-proven pip shape: refused by default; admit only after a design-level silicon PASS"
"OMUX25@3,1->IMUX32@3,1","X3Y1","unproven_shape_20260929","shape OMUX25->IMUX32 d(0,0) is used by no board-PASS open image or qualified fixture","never-proven pip shape: refused by default; admit only after a design-level silicon PASS"
"OMUX28@3,1->IMUX36@3,1","X3Y1","unproven_shape_20260929","shape OMUX28->IMUX36 d(0,0) is used by no board-PASS open image or qualified fixture","never-proven pip shape: refused by default; admit only after a design-level silicon PASS"
"OMUX31@3,1->IMUX40@3,1","X3Y1","unproven_shape_20260929","shape OMUX31->IMUX40 d(0,0) is used by no board-PASS open image or qualified fixture","never-proven pip shape: refused by default; admit only after a design-level silicon PASS"
"OMUX34@3,1->IMUX44@3,1","X3Y1","unproven_shape_20260929","shape OMUX34->IMUX44 d(0,0) is used by no board-PASS open image or qualified fixture","never-proven pip shape: refused by default; admit only after a design-level silicon PASS"
"OMUX37@3,1->IMUX48@3,1","X3Y1","unproven_shape_20260929","shape OMUX37->IMUX48 d(0,0) is used by no board-PASS open image or qualified fixture","never-proven pip shape: refused by default; admit only after a design-level silicon PASS"
"OMUX40@3,1->IMUX52@3,1","X3Y1","unproven_shape_20260929","shape OMUX40->IMUX52 d(0,0) is used by no board-PASS open image or qualified fixture","never-proven pip shape: refused by default; admit only after a design-level silicon PASS"
"OMUX43@3,1->IMUX56@3,1","X3Y1","unproven_shape_20260929","shape OMUX43->IMUX56 d(0,0) is used by no board-PASS open image or qualified fixture","never-proven pip shape: refused by default; admit only after a design-level silicon PASS"
"OMUX46@3,1->IMUX60@3,1","X3Y1","unproven_shape_20260929","shape OMUX46->IMUX60 d(0,0) is used by no board-PASS open image or qualified fixture","never-proven pip shape: refused by default; admit only after a design-level silicon PASS"
"OMUX01@3,2->IMUX00@3,2","X3Y2","unproven_shape_20260929","shape OMUX1->IMUX0 d(0,0) is used by no board-PASS open image or qualified fixture","never-proven pip shape: refused by default; admit only after a design-level silicon PASS"
"OMUX04@3,2->IMUX04@3,2","X3Y2","unproven_shape_20260929","shape OMUX4->IMUX4 d(0,0) is used by no board-PASS open image or qualified fixture","never-proven pip shape: refused by default; admit only after a design-level silicon PASS"
"OMUX07@3,2->IMUX08@3,2","X3Y2","unproven_shape_20260929","shape OMUX7->IMUX8 d(0,0) is used by no board-PASS open image or qualified fixture","never-proven pip shape: refused by default; admit only after a design-level silicon PASS"
"OMUX10@3,2->IMUX12@3,2","X3Y2","unproven_shape_20260929","shape OMUX10->IMUX12 d(0,0) is used by no board-PASS open image or qualified fixture","never-proven pip shape: refused by default; admit only after a design-level silicon PASS"
"OMUX13@3,2->IMUX16@3,2","X3Y2","unproven_shape_20260929","shape OMUX13->IMUX16 d(0,0) is used by no board-PASS open image or qualified fixture","never-proven pip shape: refused by default; admit only after a design-level silicon PASS"
"OMUX16@3,2->IMUX20@3,2","X3Y2","unproven_shape_20260929","shape OMUX16->IMUX20 d(0,0) is used by no board-PASS open image or qualified fixture","never-proven pip shape: refused by default; admit only after a design-level silicon PASS"
"OMUX19@3,2->IMUX24@3,2","X3Y2","unproven_shape_20260929","shape OMUX19->IMUX24 d(0,0) is used by no board-PASS open image or qualified fixture","never-proven pip shape: refused by default; admit only after a design-level silicon PASS"
"OMUX22@3,2->IMUX28@3,2","X3Y2","unproven_shape_20260929","shape OMUX22->IMUX28 d(0,0) is used by no board-PASS open image or qualified fixture","never-proven pip shape: refused by default; admit only after a design-level silicon PASS"
"OMUX25@3,2->IMUX32@3,2","X3Y2","unproven_shape_20260929","shape OMUX25->IMUX32 d(0,0) is used by no board-PASS open image or qualified fixture","never-proven pip shape: refused by default; admit only after a design-level silicon PASS"
"OMUX28@3,2->IMUX36@3,2","X3Y2","unproven_shape_20260929","shape OMUX28->IMUX36 d(0,0) is used by no board-PASS open image or qualified fixture","never-proven pip shape: refused by default; admit only after a design-level silicon PASS"
"OMUX31@3,2->IMUX40@3,2","X3Y2","unproven_shape_20260929","shape OMUX31->IMUX40 d(0,0) is used by no board-PASS open image or qualified fixture","never-proven pip shape: refused by default; admit only after a design-level silicon PASS"
"OMUX34@3,2->IMUX44@3,2","X3Y2","unproven_shape_20260929","shape OMUX34->IMUX44 d(0,0) is used by no board-PASS open image or qualified fixture","never-proven pip shape: refused by default; admit only after a design-level silicon PASS"
"OMUX37@3,2->IMUX48@3,2","X3Y2","unproven_shape_20260929","shape OMUX37->IMUX48 d(0,0) is used by no board-PASS open image or qualified fixture","never-proven pip shape: refused by default; admit only after a design-level silicon PASS"
"OMUX40@3,2->IMUX52@3,2","X3Y2","unproven_shape_20260929","shape OMUX40->IMUX52 d(0,0) is used by no board-PASS open image or qualified fixture","never-proven pip shape: refused by default; admit only after a design-level silicon PASS"
"OMUX43@3,2->IMUX56@3,2","X3Y2","unproven_shape_20260929","shape OMUX43->IMUX56 d(0,0) is used by no board-PASS open image or qualified fixture","never-proven pip shape: refused by default; admit only after a design-level silicon PASS"
"OMUX46@3,2->IMUX60@3,2","X3Y2","unproven_shape_20260929","shape OMUX46->IMUX60 d(0,0) is used by no board-PASS open image or qualified fixture","never-proven pip shape: refused by default; admit only after a design-level silicon PASS"
"OMUX01@3,3->IMUX00@3,3","X3Y3","unproven_shape_20260929","shape OMUX1->IMUX0 d(0,0) is used by no board-PASS open image or qualified fixture","never-proven pip shape: refused by default; admit only after a design-level silicon PASS"
"OMUX04@3,3->IMUX04@3,3","X3Y3","unproven_shape_20260929","shape OMUX4->IMUX4 d(0,0) is used by no board-PASS open image or qualified fixture","never-proven pip shape: refused by default; admit only after a design-level silicon PASS"
"OMUX07@3,3->IMUX08@3,3","X3Y3","unproven_shape_20260929","shape OMUX7->IMUX8 d(0,0) is used by no board-PASS open image or qualified fixture","never-proven pip shape: refused by default; admit only after a design-level silicon PASS"
"OMUX10@3,3->IMUX12@3,3","X3Y3","unproven_shape_20260929","shape OMUX10->IMUX12 d(0,0) is used by no board-PASS open image or qualified fixture","never-proven pip shape: refused by default; admit only after a design-level silicon PASS"
"OMUX13@3,3->IMUX16@3,3","X3Y3","unproven_shape_20260929","shape OMUX13->IMUX16 d(0,0) is used by no board-PASS open image or qualified fixture","never-proven pip shape: refused by default; admit only after a design-level silicon PASS"
"OMUX16@3,3->IMUX20@3,3","X3Y3","unproven_shape_20260929","shape OMUX16->IMUX20 d(0,0) is used by no board-PASS open image or qualified fixture","never-proven pip shape: refused by default; admit only after a design-level silicon PASS"
"OMUX19@3,3->IMUX24@3,3","X3Y3","unproven_shape_20260929","shape OMUX19->IMUX24 d(0,0) is used by no board-PASS open image or qualified fixture","never-proven pip shape: refused by default; admit only after a design-level silicon PASS"
"OMUX22@3,3->IMUX28@3,3","X3Y3","unproven_shape_20260929","shape OMUX22->IMUX28 d(0,0) is used by no board-PASS open image or qualified fixture","never-proven pip shape: refused by default; admit only after a design-level silicon PASS"
"OMUX25@3,3->IMUX32@3,3","X3Y3","unproven_shape_20260929","shape OMUX25->IMUX32 d(0,0) is used by no board-PASS open image or qualified fixture","never-proven pip shape: refused by default; admit only after a design-level silicon PASS"
"OMUX31@3,3->IMUX40@3,3","X3Y3","unproven_shape_20260929","shape OMUX31->IMUX40 d(0,0) is used by no board-PASS open image or qualified fixture","never-proven pip shape: refused by default; admit only after a design-level silicon PASS"
"OMUX34@3,3->IMUX44@3,3","X3Y3","unproven_shape_20260929","shape OMUX34->IMUX44 d(0,0) is used by no board-PASS open image or qualified fixture","never-proven pip shape: refused by default; admit only after a design-level silicon PASS"
"OMUX37@3,3->IMUX48@3,3","X3Y3","unproven_shape_20260929","shape OMUX37->IMUX48 d(0,0) is used by no board-PASS open image or qualified fixture","never-proven pip shape: refused by default; admit only after a design-level silicon PASS"
"OMUX40@3,3->IMUX52@3,3","X3Y3","unproven_shape_20260929","shape OMUX40->IMUX52 d(0,0) is used by no board-PASS open image or qualified fixture","never-proven pip shape: refused by default; admit only after a design-level silicon PASS"
"OMUX43@3,3->IMUX56@3,3","X3Y3","unproven_shape_20260929","shape OMUX43->IMUX56 d(0,0) is used by no board-PASS open image or qualified fixture","never-proven pip shape: refused by default; admit only after a design-level silicon PASS"
"OMUX46@3,3->IMUX60@3,3","X3Y3","unproven_shape_20260929","shape OMUX46->IMUX60 d(0,0) is used by no board-PASS open image or qualified fixture","never-proven pip shape: refused by default; admit only after a design-level silicon PASS"
"OMUX01@3,4->IMUX00@3,4","X3Y4","unproven_shape_20260929","shape OMUX1->IMUX0 d(0,0) is used by no board-PASS open image or qualified fixture","never-proven pip shape: refused by default; admit only after a design-level silicon PASS"
"OMUX04@3,4->IMUX04@3,4","X3Y4","unproven_shape_20260929","shape OMUX4->IMUX4 d(0,0) is used by no board-PASS open image or qualified fixture","never-proven pip shape: refused by default; admit only after a design-level silicon PASS"
"OMUX07@3,4->IMUX08@3,4","X3Y4","unproven_shape_20260929","shape OMUX7->IMUX8 d(0,0) is used by no board-PASS open image or qualified fixture","never-proven pip shape: refused by default; admit only after a design-level silicon PASS"
"OMUX10@3,4->IMUX12@3,4","X3Y4","unproven_shape_20260929","shape OMUX10->IMUX12 d(0,0) is used by no board-PASS open image or qualified fixture","never-proven pip shape: refused by default; admit only after a design-level silicon PASS"
"OMUX13@3,4->IMUX16@3,4","X3Y4","unproven_shape_20260929","shape OMUX13->IMUX16 d(0,0) is used by no board-PASS open image or qualified fixture","never-proven pip shape: refused by default; admit only after a design-level silicon PASS"
"OMUX16@3,4->IMUX20@3,4","X3Y4","unproven_shape_20260929","shape OMUX16->IMUX20 d(0,0) is used by no board-PASS open image or qualified fixture","never-proven pip shape: refused by default; admit only after a design-level silicon PASS"
"OMUX19@3,4->IMUX24@3,4","X3Y4","unproven_shape_20260929","shape OMUX19->IMUX24 d(0,0) is used by no board-PASS open image or qualified fixture","never-proven pip shape: refused by default; admit only after a design-level silicon PASS"
"OMUX22@3,4->IMUX28@3,4","X3Y4","unproven_shape_20260929","shape OMUX22->IMUX28 d(0,0) is used by no board-PASS open image or qualified fixture","never-proven pip shape: refused by default; admit only after a design-level silicon PASS"
"OMUX25@3,4->IMUX32@3,4","X3Y4","unproven_shape_20260929","shape OMUX25->IMUX32 d(0,0) is used by no board-PASS open image or qualified fixture","never-proven pip shape: refused by default; admit only after a design-level silicon PASS"
"OMUX28@3,4->IMUX36@3,4","X3Y4","unproven_shape_20260929","shape OMUX28->IMUX36 d(0,0) is used by no board-PASS open image or qualified fixture","never-proven pip shape: refused by default; admit only after a design-level silicon PASS"
"OMUX31@3,4->IMUX40@3,4","X3Y4","unproven_shape_20260929","shape OMUX31->IMUX40 d(0,0) is used by no board-PASS open image or qualified fixture","never-proven pip shape: refused by default; admit only after a design-level silicon PASS"
"OMUX34@3,4->IMUX44@3,4","X3Y4","unproven_shape_20260929","shape OMUX34->IMUX44 d(0,0) is used by no board-PASS open image or qualified fixture","never-proven pip shape: refused by default; admit only after a design-level silicon PASS"
"OMUX37@3,4->IMUX48@3,4","X3Y4","unproven_shape_20260929","shape OMUX37->IMUX48 d(0,0) is used by no board-PASS open image or qualified fixture","never-proven pip shape: refused by default; admit only after a design-level silicon PASS"
"OMUX40@3,4->IMUX52@3,4","X3Y4","unproven_shape_20260929","shape OMUX40->IMUX52 d(0,0) is used by no board-PASS open image or qualified fixture","never-proven pip shape: refused by default; admit only after a design-level silicon PASS"
"OMUX43@3,4->IMUX56@3,4","X3Y4","unproven_shape_20260929","shape OMUX43->IMUX56 d(0,0) is used by no board-PASS open image or qualified fixture","never-proven pip shape: refused by default; admit only after a design-level silicon PASS"
"OMUX46@3,4->IMUX60@3,4","X3Y4","unproven_shape_20260929","shape OMUX46->IMUX60 d(0,0) is used by no board-PASS open image or qualified fixture","never-proven pip shape: refused by default; admit only after a design-level silicon PASS"
"OMUX01@4,1->IMUX00@4,1","X4Y1","unproven_shape_20260929","shape OMUX1->IMUX0 d(0,0) is used by no board-PASS open image or qualified fixture","never-proven pip shape: refused by default; admit only after a design-level silicon PASS"
"OMUX04@4,1->IMUX04@4,1","X4Y1","unproven_shape_20260929","shape OMUX4->IMUX4 d(0,0) is used by no board-PASS open image or qualified fixture","never-proven pip shape: refused by default; admit only after a design-level silicon PASS"
"OMUX07@4,1->IMUX08@4,1","X4Y1","unproven_shape_20260929","shape OMUX7->IMUX8 d(0,0) is used by no board-PASS open image or qualified fixture","never-proven pip shape: refused by default; admit only after a design-level silicon PASS"
"OMUX13@4,1->IMUX16@4,1","X4Y1","unproven_shape_20260929","shape OMUX13->IMUX16 d(0,0) is used by no board-PASS open image or qualified fixture","never-proven pip shape: refused by default; admit only after a design-level silicon PASS"
"OMUX19@4,1->IMUX24@4,1","X4Y1","unproven_shape_20260929","shape OMUX19->IMUX24 d(0,0) is used by no board-PASS open image or qualified fixture","never-proven pip shape: refused by default; admit only after a design-level silicon PASS"
"OMUX22@4,1->IMUX28@4,1","X4Y1","unproven_shape_20260929","shape OMUX22->IMUX28 d(0,0) is used by no board-PASS open image or qualified fixture","never-proven pip shape: refused by default; admit only after a design-level silicon PASS"
"OMUX25@4,1->IMUX32@4,1","X4Y1","unproven_shape_20260929","shape OMUX25->IMUX32 d(0,0) is used by no board-PASS open image or qualified fixture","never-proven pip shape: refused by default; admit only after a design-level silicon PASS"
"OMUX34@4,1->IMUX44@4,1","X4Y1","unproven_shape_20260929","shape OMUX34->IMUX44 d(0,0) is used by no board-PASS open image or qualified fixture","never-proven pip shape: refused by default; admit only after a design-level silicon PASS"
"OMUX37@4,1->IMUX48@4,1","X4Y1","unproven_shape_20260929","shape OMUX37->IMUX48 d(0,0) is used by no board-PASS open image or qualified fixture","never-proven pip shape: refused by default; admit only after a design-level silicon PASS"
"OMUX40@4,1->IMUX52@4,1","X4Y1","unproven_shape_20260929","shape OMUX40->IMUX52 d(0,0) is used by no board-PASS open image or qualified fixture","never-proven pip shape: refused by default; admit only after a design-level silicon PASS"
"OMUX43@4,1->IMUX56@4,1","X4Y1","unproven_shape_20260929","shape OMUX43->IMUX56 d(0,0) is used by no board-PASS open image or qualified fixture","never-proven pip shape: refused by default; admit only after a design-level silicon PASS"
"OMUX46@4,1->IMUX60@4,1","X4Y1","unproven_shape_20260929","shape OMUX46->IMUX60 d(0,0) is used by no board-PASS open image or qualified fixture","never-proven pip shape: refused by default; admit only after a design-level silicon PASS"
"OMUX01@4,2->IMUX00@4,2","X4Y2","unproven_shape_20260929","shape OMUX1->IMUX0 d(0,0) is used by no board-PASS open image or qualified fixture","never-proven pip shape: refused by default; admit only after a design-level silicon PASS"
"OMUX04@4,2->IMUX04@4,2","X4Y2","unproven_shape_20260929","shape OMUX4->IMUX4 d(0,0) is used by no board-PASS open image or qualified fixture","never-proven pip shape: refused by default; admit only after a design-level silicon PASS"
"OMUX07@4,2->IMUX08@4,2","X4Y2","unproven_shape_20260929","shape OMUX7->IMUX8 d(0,0) is used by no board-PASS open image or qualified fixture","never-proven pip shape: refused by default; admit only after a design-level silicon PASS"
"OMUX10@4,2->IMUX12@4,2","X4Y2","unproven_shape_20260929","shape OMUX10->IMUX12 d(0,0) is used by no board-PASS open image or qualified fixture","never-proven pip shape: refused by default; admit only after a design-level silicon PASS"
"OMUX13@4,2->IMUX16@4,2","X4Y2","unproven_shape_20260929","shape OMUX13->IMUX16 d(0,0) is used by no board-PASS open image or qualified fixture","never-proven pip shape: refused by default; admit only after a design-level silicon PASS"
"OMUX16@4,2->IMUX20@4,2","X4Y2","unproven_shape_20260929","shape OMUX16->IMUX20 d(0,0) is used by no board-PASS open image or qualified fixture","never-proven pip shape: refused by default; admit only after a design-level silicon PASS"
"OMUX19@4,2->IMUX24@4,2","X4Y2","unproven_shape_20260929","shape OMUX19->IMUX24 d(0,0) is used by no board-PASS open image or qualified fixture","never-proven pip shape: refused by default; admit only after a design-level silicon PASS"
"OMUX22@4,2->IMUX28@4,2","X4Y2","unproven_shape_20260929","shape OMUX22->IMUX28 d(0,0) is used by no board-PASS open image or qualified fixture","never-proven pip shape: refused by default; admit only after a design-level silicon PASS"
"OMUX25@4,2->IMUX32@4,2","X4Y2","unproven_shape_20260929","shape OMUX25->IMUX32 d(0,0) is used by no board-PASS open image or qualified fixture","never-proven pip shape: refused by default; admit only after a design-level silicon PASS"
"OMUX28@4,2->IMUX36@4,2","X4Y2","unproven_shape_20260929","shape OMUX28->IMUX36 d(0,0) is used by no board-PASS open image or qualified fixture","never-proven pip shape: refused by default; admit only after a design-level silicon PASS"
"OMUX31@4,2->IMUX40@4,2","X4Y2","unproven_shape_20260929","shape OMUX31->IMUX40 d(0,0) is used by no board-PASS open image or qualified fixture","never-proven pip shape: refused by default; admit only after a design-level silicon PASS"
"OMUX34@4,2->IMUX44@4,2","X4Y2","unproven_shape_20260929","shape OMUX34->IMUX44 d(0,0) is used by no board-PASS open image or qualified fixture","never-proven pip shape: refused by default; admit only after a design-level silicon PASS"
"OMUX37@4,2->IMUX48@4,2","X4Y2","unproven_shape_20260929","shape OMUX37->IMUX48 d(0,0) is used by no board-PASS open image or qualified fixture","never-proven pip shape: refused by default; admit only after a design-level silicon PASS"
"OMUX40@4,2->IMUX52@4,2","X4Y2","unproven_shape_20260929","shape OMUX40->IMUX52 d(0,0) is used by no board-PASS open image or qualified fixture","never-proven pip shape: refused by default; admit only after a design-level silicon PASS"
"OMUX43@4,2->IMUX56@4,2","X4Y2","unproven_shape_20260929","shape OMUX43->IMUX56 d(0,0) is used by no board-PASS open image or qualified fixture","never-proven pip shape: refused by default; admit only after a design-level silicon PASS"
"OMUX46@4,2->IMUX60@4,2","X4Y2","unproven_shape_20260929","shape OMUX46->IMUX60 d(0,0) is used by no board-PASS open image or qualified fixture","never-proven pip shape: refused by default; admit only after a design-level silicon PASS"
"OMUX01@4,3->IMUX00@4,3","X4Y3","unproven_shape_20260929","shape OMUX1->IMUX0 d(0,0) is used by no board-PASS open image or qualified fixture","never-proven pip shape: refused by default; admit only after a design-level silicon PASS"
"OMUX04@4,3->IMUX04@4,3","X4Y3","unproven_shape_20260929","shape OMUX4->IMUX4 d(0,0) is used by no board-PASS open image or qualified fixture","never-proven pip shape: refused by default; admit only after a design-level silicon PASS"
"OMUX07@4,3->IMUX08@4,3","X4Y3","unproven_shape_20260929","shape OMUX7->IMUX8 d(0,0) is used by no board-PASS open image or qualified fixture","never-proven pip shape: refused by default; admit only after a design-level silicon PASS"
"OMUX10@4,3->IMUX12@4,3","X4Y3","unproven_shape_20260929","shape OMUX10->IMUX12 d(0,0) is used by no board-PASS open image or qualified fixture","never-proven pip shape: refused by default; admit only after a design-level silicon PASS"
"OMUX13@4,3->IMUX16@4,3","X4Y3","unproven_shape_20260929","shape OMUX13->IMUX16 d(0,0) is used by no board-PASS open image or qualified fixture","never-proven pip shape: refused by default; admit only after a design-level silicon PASS"
"OMUX16@4,3->IMUX20@4,3","X4Y3","unproven_shape_20260929","shape OMUX16->IMUX20 d(0,0) is used by no board-PASS open image or qualified fixture","never-proven pip shape: refused by default; admit only after a design-level silicon PASS"
"OMUX19@4,3->IMUX24@4,3","X4Y3","unproven_shape_20260929","shape OMUX19->IMUX24 d(0,0) is used by no board-PASS open image or qualified fixture","never-proven pip shape: refused by default; admit only after a design-level silicon PASS"
"OMUX22@4,3->IMUX28@4,3","X4Y3","unproven_shape_20260929","shape OMUX22->IMUX28 d(0,0) is used by no board-PASS open image or qualified fixture","never-proven pip shape: refused by default; admit only after a design-level silicon PASS"
"OMUX25@4,3->IMUX32@4,3","X4Y3","unproven_shape_20260929","shape OMUX25->IMUX32 d(0,0) is used by no board-PASS open image or qualified fixture","never-proven pip shape: refused by default; admit only after a design-level silicon PASS"
"OMUX28@4,3->IMUX36@4,3","X4Y3","unproven_shape_20260929","shape OMUX28->IMUX36 d(0,0) is used by no board-PASS open image or qualified fixture","never-proven pip shape: refused by default; admit only after a design-level silicon PASS"
"OMUX31@4,3->IMUX40@4,3","X4Y3","unproven_shape_20260929","shape OMUX31->IMUX40 d(0,0) is used by no board-PASS open image or qualified fixture","never-proven pip shape: refused by default; admit only after a design-level silicon PASS"
"OMUX34@4,3->IMUX44@4,3","X4Y3","unproven_shape_20260929","shape OMUX34->IMUX44 d(0,0) is used by no board-PASS open image or qualified fixture","never-proven pip shape: refused by default; admit only after a design-level silicon PASS"
"OMUX37@4,3->IMUX48@4,3","X4Y3","unproven_shape_20260929","shape OMUX37->IMUX48 d(0,0) is used by no board-PASS open image or qualified fixture","never-proven pip shape: refused by default; admit only after a design-level silicon PASS"
"OMUX40@4,3->IMUX52@4,3","X4Y3","unproven_shape_20260929","shape OMUX40->IMUX52 d(0,0) is used by no board-PASS open image or qualified fixture","never-proven pip shape: refused by default; admit only after a design-level silicon PASS"
"OMUX43@4,3->IMUX56@4,3","X4Y3","unproven_shape_20260929","shape OMUX43->IMUX56 d(0,0) is used by no board-PASS open image or qualified fixture","never-proven pip shape: refused by default; admit only after a design-level silicon PASS"
"OMUX46@4,3->IMUX60@4,3","X4Y3","unproven_shape_20260929","shape OMUX46->IMUX60 d(0,0) is used by no board-PASS open image or qualified fixture","never-proven pip shape: refused by default; admit only after a design-level silicon PASS"
"OMUX01@4,4->IMUX00@4,4","X4Y4","unproven_shape_20260929","shape OMUX1->IMUX0 d(0,0) is used by no board-PASS open image or qualified fixture","never-proven pip shape: refused by default; admit only after a design-level silicon PASS"
"OMUX04@4,4->IMUX04@4,4","X4Y4","unproven_shape_20260929","shape OMUX4->IMUX4 d(0,0) is used by no board-PASS open image or qualified fixture","never-proven pip shape: refused by default; admit only after a design-level silicon PASS"
"OMUX07@4,4->IMUX08@4,4","X4Y4","unproven_shape_20260929","shape OMUX7->IMUX8 d(0,0) is used by no board-PASS open image or qualified fixture","never-proven pip shape: refused by default; admit only after a design-level silicon PASS"
"OMUX10@4,4->IMUX12@4,4","X4Y4","unproven_shape_20260929","shape OMUX10->IMUX12 d(0,0) is used by no board-PASS open image or qualified fixture","never-proven pip shape: refused by default; admit only after a design-level silicon PASS"
"OMUX13@4,4->IMUX16@4,4","X4Y4","unproven_shape_20260929","shape OMUX13->IMUX16 d(0,0) is used by no board-PASS open image or qualified fixture","never-proven pip shape: refused by default; admit only after a design-level silicon PASS"
"OMUX16@4,4->IMUX20@4,4","X4Y4","unproven_shape_20260929","shape OMUX16->IMUX20 d(0,0) is used by no board-PASS open image or qualified fixture","never-proven pip shape: refused by default; admit only after a design-level silicon PASS"
"OMUX19@4,4->IMUX24@4,4","X4Y4","unproven_shape_20260929","shape OMUX19->IMUX24 d(0,0) is used by no board-PASS open image or qualified fixture","never-proven pip shape: refused by default; admit only after a design-level silicon PASS"
"OMUX22@4,4->IMUX28@4,4","X4Y4","unproven_shape_20260929","shape OMUX22->IMUX28 d(0,0) is used by no board-PASS open image or qualified fixture","never-proven pip shape: refused by default; admit only after a design-level silicon PASS"
"OMUX25@4,4->IMUX32@4,4","X4Y4","unproven_shape_20260929","shape OMUX25->IMUX32 d(0,0) is used by no board-PASS open image or qualified fixture","never-proven pip shape: refused by default; admit only after a design-level silicon PASS"
"OMUX28@4,4->IMUX36@4,4","X4Y4","unproven_shape_20260929","shape OMUX28->IMUX36 d(0,0) is used by no board-PASS open image or qualified fixture","never-proven pip shape: refused by default; admit only after a design-level silicon PASS"
"OMUX31@4,4->IMUX40@4,4","X4Y4","unproven_shape_20260929","shape OMUX31->IMUX40 d(0,0) is used by no board-PASS open image or qualified fixture","never-proven pip shape: refused by default; admit only after a design-level silicon PASS"
"OMUX34@4,4->IMUX44@4,4","X4Y4","unproven_shape_20260929","shape OMUX34->IMUX44 d(0,0) is used by no board-PASS open image or qualified fixture","never-proven pip shape: refused by default; admit only after a design-level silicon PASS"
"OMUX37@4,4->IMUX48@4,4","X4Y4","unproven_shape_20260929","shape OMUX37->IMUX48 d(0,0) is used by no board-PASS open image or qualified fixture","never-proven pip shape: refused by default; admit only after a design-level silicon PASS"
"OMUX40@4,4->IMUX52@4,4","X4Y4","unproven_shape_20260929","shape OMUX40->IMUX52 d(0,0) is used by no board-PASS open image or qualified fixture","never-proven pip shape: refused by default; admit only after a design-level silicon PASS"
"OMUX43@4,4->IMUX56@4,4","X4Y4","unproven_shape_20260929","shape OMUX43->IMUX56 d(0,0) is used by no board-PASS open image or qualified fixture","never-proven pip shape: refused by default; admit only after a design-level silicon PASS"
"OMUX46@4,4->IMUX60@4,4","X4Y4","unproven_shape_20260929","shape OMUX46->IMUX60 d(0,0) is used by no board-PASS open image or qualified fixture","never-proven pip shape: refused by default; admit only after a design-level silicon PASS"
"OMUX01@5,1->IMUX00@5,1","X5Y1","unproven_shape_20260929","shape OMUX1->IMUX0 d(0,0) is used by no board-PASS open image or qualified fixture","never-proven pip shape: refused by default; admit only after a design-level silicon PASS"
"OMUX07@5,1->IMUX08@5,1","X5Y1","unproven_shape_20260929","shape OMUX7->IMUX8 d(0,0) is used by no board-PASS open image or qualified fixture","never-proven pip shape: refused by default; admit only after a design-level silicon PASS"
"OMUX10@5,1->IMUX12@5,1","X5Y1","unproven_shape_20260929","shape OMUX10->IMUX12 d(0,0) is used by no board-PASS open image or qualified fixture","never-proven pip shape: refused by default; admit only after a design-level silicon PASS"
"OMUX13@5,1->IMUX16@5,1","X5Y1","unproven_shape_20260929","shape OMUX13->IMUX16 d(0,0) is used by no board-PASS open image or qualified fixture","never-proven pip shape: refused by default; admit only after a design-level silicon PASS"
"OMUX16@5,1->IMUX20@5,1","X5Y1","unproven_shape_20260929","shape OMUX16->IMUX20 d(0,0) is used by no board-PASS open image or qualified fixture","never-proven pip shape: refused by default; admit only after a design-level silicon PASS"
"OMUX19@5,1->IMUX24@5,1","X5Y1","unproven_shape_20260929","shape OMUX19->IMUX24 d(0,0) is used by no board-PASS open image or qualified fixture","never-proven pip shape: refused by default; admit only after a design-level silicon PASS"
"OMUX22@5,1->IMUX28@5,1","X5Y1","unproven_shape_20260929","shape OMUX22->IMUX28 d(0,0) is used by no board-PASS open image or qualified fixture","never-proven pip shape: refused by default; admit only after a design-level silicon PASS"
"OMUX25@5,1->IMUX32@5,1","X5Y1","unproven_shape_20260929","shape OMUX25->IMUX32 d(0,0) is used by no board-PASS open image or qualified fixture","never-proven pip shape: refused by default; admit only after a design-level silicon PASS"
"OMUX28@5,1->IMUX36@5,1","X5Y1","unproven_shape_20260929","shape OMUX28->IMUX36 d(0,0) is used by no board-PASS open image or qualified fixture","never-proven pip shape: refused by default; admit only after a design-level silicon PASS"
"OMUX31@5,1->IMUX40@5,1","X5Y1","unproven_shape_20260929","shape OMUX31->IMUX40 d(0,0) is used by no board-PASS open image or qualified fixture","never-proven pip shape: refused by default; admit only after a design-level silicon PASS"
"OMUX34@5,1->IMUX44@5,1","X5Y1","unproven_shape_20260929","shape OMUX34->IMUX44 d(0,0) is used by no board-PASS open image or qualified fixture","never-proven pip shape: refused by default; admit only after a design-level silicon PASS"
"OMUX37@5,1->IMUX48@5,1","X5Y1","unproven_shape_20260929","shape OMUX37->IMUX48 d(0,0) is used by no board-PASS open image or qualified fixture","never-proven pip shape: refused by default; admit only after a design-level silicon PASS"
"OMUX40@5,1->IMUX52@5,1","X5Y1","unproven_shape_20260929","shape OMUX40->IMUX52 d(0,0) is used by no board-PASS open image or qualified fixture","never-proven pip shape: refused by default; admit only after a design-level silicon PASS"
"OMUX43@5,1->IMUX56@5,1","X5Y1","unproven_shape_20260929","shape OMUX43->IMUX56 d(0,0) is used by no board-PASS open image or qualified fixture","never-proven pip shape: refused by default; admit only after a design-level silicon PASS"
"OMUX46@5,1->IMUX60@5,1","X5Y1","unproven_shape_20260929","shape OMUX46->IMUX60 d(0,0) is used by no board-PASS open image or qualified fixture","never-proven pip shape: refused by default; admit only after a design-level silicon PASS"
"OMUX01@5,2->IMUX00@5,2","X5Y2","unproven_shape_20260929","shape OMUX1->IMUX0 d(0,0) is used by no board-PASS open image or qualified fixture","never-proven pip shape: refused by default; admit only after a design-level silicon PASS"
"OMUX04@5,2->IMUX04@5,2","X5Y2","unproven_shape_20260929","shape OMUX4->IMUX4 d(0,0) is used by no board-PASS open image or qualified fixture","never-proven pip shape: refused by default; admit only after a design-level silicon PASS"
"OMUX16@5,2->IMUX20@5,2","X5Y2","unproven_shape_20260929","shape OMUX16->IMUX20 d(0,0) is used by no board-PASS open image or qualified fixture","never-proven pip shape: refused by default; admit only after a design-level silicon PASS"
"OMUX19@5,2->IMUX24@5,2","X5Y2","unproven_shape_20260929","shape OMUX19->IMUX24 d(0,0) is used by no board-PASS open image or qualified fixture","never-proven pip shape: refused by default; admit only after a design-level silicon PASS"
"OMUX28@5,2->IMUX36@5,2","X5Y2","unproven_shape_20260929","shape OMUX28->IMUX36 d(0,0) is used by no board-PASS open image or qualified fixture","never-proven pip shape: refused by default; admit only after a design-level silicon PASS"
"OMUX31@5,2->IMUX40@5,2","X5Y2","unproven_shape_20260929","shape OMUX31->IMUX40 d(0,0) is used by no board-PASS open image or qualified fixture","never-proven pip shape: refused by default; admit only after a design-level silicon PASS"
"OMUX34@5,2->IMUX44@5,2","X5Y2","unproven_shape_20260929","shape OMUX34->IMUX44 d(0,0) is used by no board-PASS open image or qualified fixture","never-proven pip shape: refused by default; admit only after a design-level silicon PASS"
"OMUX37@5,2->IMUX48@5,2","X5Y2","unproven_shape_20260929","shape OMUX37->IMUX48 d(0,0) is used by no board-PASS open image or qualified fixture","never-proven pip shape: refused by default; admit only after a design-level silicon PASS"
"OMUX40@5,2->IMUX52@5,2","X5Y2","unproven_shape_20260929","shape OMUX40->IMUX52 d(0,0) is used by no board-PASS open image or qualified fixture","never-proven pip shape: refused by default; admit only after a design-level silicon PASS"
"OMUX43@5,2->IMUX56@5,2","X5Y2","unproven_shape_20260929","shape OMUX43->IMUX56 d(0,0) is used by no board-PASS open image or qualified fixture","never-proven pip shape: refused by default; admit only after a design-level silicon PASS"
"OMUX01@5,3->IMUX00@5,3","X5Y3","unproven_shape_20260929","shape OMUX1->IMUX0 d(0,0) is used by no board-PASS open image or qualified fixture","never-proven pip shape: refused by default; admit only after a design-level silicon PASS"
"OMUX04@5,3->IMUX04@5,3","X5Y3","unproven_shape_20260929","shape OMUX4->IMUX4 d(0,0) is used by no board-PASS open image or qualified fixture","never-proven pip shape: refused by default; admit only after a design-level silicon PASS"
"OMUX07@5,3->IMUX08@5,3","X5Y3","unproven_shape_20260929","shape OMUX7->IMUX8 d(0,0) is used by no board-PASS open image or qualified fixture","never-proven pip shape: refused by default; admit only after a design-level silicon PASS"
"OMUX10@5,3->IMUX12@5,3","X5Y3","unproven_shape_20260929","shape OMUX10->IMUX12 d(0,0) is used by no board-PASS open image or qualified fixture","never-proven pip shape: refused by default; admit only after a design-level silicon PASS"
"OMUX13@5,3->IMUX16@5,3","X5Y3","unproven_shape_20260929","shape OMUX13->IMUX16 d(0,0) is used by no board-PASS open image or qualified fixture","never-proven pip shape: refused by default; admit only after a design-level silicon PASS"
"OMUX16@5,3->IMUX20@5,3","X5Y3","unproven_shape_20260929","shape OMUX16->IMUX20 d(0,0) is used by no board-PASS open image or qualified fixture","never-proven pip shape: refused by default; admit only after a design-level silicon PASS"
"OMUX19@5,3->IMUX24@5,3","X5Y3","unproven_shape_20260929","shape OMUX19->IMUX24 d(0,0) is used by no board-PASS open image or qualified fixture","never-proven pip shape: refused by default; admit only after a design-level silicon PASS"
"OMUX22@5,3->IMUX28@5,3","X5Y3","unproven_shape_20260929","shape OMUX22->IMUX28 d(0,0) is used by no board-PASS open image or qualified fixture","never-proven pip shape: refused by default; admit only after a design-level silicon PASS"
"OMUX25@5,3->IMUX32@5,3","X5Y3","unproven_shape_20260929","shape OMUX25->IMUX32 d(0,0) is used by no board-PASS open image or qualified fixture","never-proven pip shape: refused by default; admit only after a design-level silicon PASS"
"OMUX28@5,3->IMUX36@5,3","X5Y3","unproven_shape_20260929","shape OMUX28->IMUX36 d(0,0) is used by no board-PASS open image or qualified fixture","never-proven pip shape: refused by default; admit only after a design-level silicon PASS"
"OMUX31@5,3->IMUX40@5,3","X5Y3","unproven_shape_20260929","shape OMUX31->IMUX40 d(0,0) is used by no board-PASS open image or qualified fixture","never-proven pip shape: refused by default; admit only after a design-level silicon PASS"
"OMUX34@5,3->IMUX44@5,3","X5Y3","unproven_shape_20260929","shape OMUX34->IMUX44 d(0,0) is used by no board-PASS open image or qualified fixture","never-proven pip shape: refused by default; admit only after a design-level silicon PASS"
"OMUX37@5,3->IMUX48@5,3","X5Y3","unproven_shape_20260929","shape OMUX37->IMUX48 d(0,0) is used by no board-PASS open image or qualified fixture","never-proven pip shape: refused by default; admit only after a design-level silicon PASS"
"OMUX40@5,3->IMUX52@5,3","X5Y3","unproven_shape_20260929","shape OMUX40->IMUX52 d(0,0) is used by no board-PASS open image or qualified fixture","never-proven pip shape: refused by default; admit only after a design-level silicon PASS"
"OMUX43@5,3->IMUX56@5,3","X5Y3","unproven_shape_20260929","shape OMUX43->IMUX56 d(0,0) is used by no board-PASS open image or qualified fixture","never-proven pip shape: refused by default; admit only after a design-level silicon PASS"
"OMUX46@5,3->IMUX60@5,3","X5Y3","unproven_shape_20260929","shape OMUX46->IMUX60 d(0,0) is used by no board-PASS open image or qualified fixture","never-proven pip shape: refused by default; admit only after a design-level silicon PASS"
"OMUX01@5,4->IMUX00@5,4","X5Y4","unproven_shape_20260929","shape OMUX1->IMUX0 d(0,0) is used by no board-PASS open image or qualified fixture","never-proven pip shape: refused by default; admit only after a design-level silicon PASS"
"OMUX04@5,4->IMUX04@5,4","X5Y4","unproven_shape_20260929","shape OMUX4->IMUX4 d(0,0) is used by no board-PASS open image or qualified fixture","never-proven pip shape: refused by default; admit only after a design-level silicon PASS"
"OMUX07@5,4->IMUX08@5,4","X5Y4","unproven_shape_20260929","shape OMUX7->IMUX8 d(0,0) is used by no board-PASS open image or qualified fixture","never-proven pip shape: refused by default; admit only after a design-level silicon PASS"
"OMUX10@5,4->IMUX12@5,4","X5Y4","unproven_shape_20260929","shape OMUX10->IMUX12 d(0,0) is used by no board-PASS open image or qualified fixture","never-proven pip shape: refused by default; admit only after a design-level silicon PASS"
"OMUX13@5,4->IMUX16@5,4","X5Y4","unproven_shape_20260929","shape OMUX13->IMUX16 d(0,0) is used by no board-PASS open image or qualified fixture","never-proven pip shape: refused by default; admit only after a design-level silicon PASS"
"OMUX16@5,4->IMUX20@5,4","X5Y4","unproven_shape_20260929","shape OMUX16->IMUX20 d(0,0) is used by no board-PASS open image or qualified fixture","never-proven pip shape: refused by default; admit only after a design-level silicon PASS"
"OMUX19@5,4->IMUX24@5,4","X5Y4","unproven_shape_20260929","shape OMUX19->IMUX24 d(0,0) is used by no board-PASS open image or qualified fixture","never-proven pip shape: refused by default; admit only after a design-level silicon PASS"
"OMUX22@5,4->IMUX28@5,4","X5Y4","unproven_shape_20260929","shape OMUX22->IMUX28 d(0,0) is used by no board-PASS open image or qualified fixture","never-proven pip shape: refused by default; admit only after a design-level silicon PASS"
"OMUX25@5,4->IMUX32@5,4","X5Y4","unproven_shape_20260929","shape OMUX25->IMUX32 d(0,0) is used by no board-PASS open image or qualified fixture","never-proven pip shape: refused by default; admit only after a design-level silicon PASS"
"OMUX28@5,4->IMUX36@5,4","X5Y4","unproven_shape_20260929","shape OMUX28->IMUX36 d(0,0) is used by no board-PASS open image or qualified fixture","never-proven pip shape: refused by default; admit only after a design-level silicon PASS"
"OMUX31@5,4->IMUX40@5,4","X5Y4","unproven_shape_20260929","shape OMUX31->IMUX40 d(0,0) is used by no board-PASS open image or qualified fixture","never-proven pip shape: refused by default; admit only after a design-level silicon PASS"
"OMUX34@5,4->IMUX44@5,4","X5Y4","unproven_shape_20260929","shape OMUX34->IMUX44 d(0,0) is used by no board-PASS open image or qualified fixture","never-proven pip shape: refused by default; admit only after a design-level silicon PASS"
"OMUX37@5,4->IMUX48@5,4","X5Y4","unproven_shape_20260929","shape OMUX37->IMUX48 d(0,0) is used by no board-PASS open image or qualified fixture","never-proven pip shape: refused by default; admit only after a design-level silicon PASS"
"OMUX40@5,4->IMUX52@5,4","X5Y4","unproven_shape_20260929","shape OMUX40->IMUX52 d(0,0) is used by no board-PASS open image or qualified fixture","never-proven pip shape: refused by default; admit only after a design-level silicon PASS"
"OMUX43@5,4->IMUX56@5,4","X5Y4","unproven_shape_20260929","shape OMUX43->IMUX56 d(0,0) is used by no board-PASS open image or qualified fixture","never-proven pip shape: refused by default; admit only after a design-level silicon PASS"
"OMUX46@5,4->IMUX60@5,4","X5Y4","unproven_shape_20260929","shape OMUX46->IMUX60 d(0,0) is used by no board-PASS open image or qualified fixture","never-proven pip shape: refused by default; admit only after a design-level silicon PASS"
"OMUX01@6,1->IMUX00@6,1","X6Y1","unproven_shape_20260929","shape OMUX1->IMUX0 d(0,0) is used by no board-PASS open image or qualified fixture","never-proven pip shape: refused by default; admit only after a design-level silicon PASS"
"OMUX04@6,1->IMUX04@6,1","X6Y1","unproven_shape_20260929","shape OMUX4->IMUX4 d(0,0) is used by no board-PASS open image or qualified fixture","never-proven pip shape: refused by default; admit only after a design-level silicon PASS"
"OMUX10@6,1->IMUX12@6,1","X6Y1","unproven_shape_20260929","shape OMUX10->IMUX12 d(0,0) is used by no board-PASS open image or qualified fixture","never-proven pip shape: refused by default; admit only after a design-level silicon PASS"
"OMUX13@6,1->IMUX16@6,1","X6Y1","unproven_shape_20260929","shape OMUX13->IMUX16 d(0,0) is used by no board-PASS open image or qualified fixture","never-proven pip shape: refused by default; admit only after a design-level silicon PASS"
"OMUX16@6,1->IMUX20@6,1","X6Y1","unproven_shape_20260929","shape OMUX16->IMUX20 d(0,0) is used by no board-PASS open image or qualified fixture","never-proven pip shape: refused by default; admit only after a design-level silicon PASS"
"OMUX19@6,1->IMUX24@6,1","X6Y1","unproven_shape_20260929","shape OMUX19->IMUX24 d(0,0) is used by no board-PASS open image or qualified fixture","never-proven pip shape: refused by default; admit only after a design-level silicon PASS"
"OMUX22@6,1->IMUX28@6,1","X6Y1","unproven_shape_20260929","shape OMUX22->IMUX28 d(0,0) is used by no board-PASS open image or qualified fixture","never-proven pip shape: refused by default; admit only after a design-level silicon PASS"
"OMUX25@6,1->IMUX32@6,1","X6Y1","unproven_shape_20260929","shape OMUX25->IMUX32 d(0,0) is used by no board-PASS open image or qualified fixture","never-proven pip shape: refused by default; admit only after a design-level silicon PASS"
"OMUX28@6,1->IMUX36@6,1","X6Y1","unproven_shape_20260929","shape OMUX28->IMUX36 d(0,0) is used by no board-PASS open image or qualified fixture","never-proven pip shape: refused by default; admit only after a design-level silicon PASS"
"OMUX31@6,1->IMUX40@6,1","X6Y1","unproven_shape_20260929","shape OMUX31->IMUX40 d(0,0) is used by no board-PASS open image or qualified fixture","never-proven pip shape: refused by default; admit only after a design-level silicon PASS"
"OMUX34@6,1->IMUX44@6,1","X6Y1","unproven_shape_20260929","shape OMUX34->IMUX44 d(0,0) is used by no board-PASS open image or qualified fixture","never-proven pip shape: refused by default; admit only after a design-level silicon PASS"
"OMUX37@6,1->IMUX48@6,1","X6Y1","unproven_shape_20260929","shape OMUX37->IMUX48 d(0,0) is used by no board-PASS open image or qualified fixture","never-proven pip shape: refused by default; admit only after a design-level silicon PASS"
"OMUX40@6,1->IMUX52@6,1","X6Y1","unproven_shape_20260929","shape OMUX40->IMUX52 d(0,0) is used by no board-PASS open image or qualified fixture","never-proven pip shape: refused by default; admit only after a design-level silicon PASS"
"OMUX43@6,1->IMUX56@6,1","X6Y1","unproven_shape_20260929","shape OMUX43->IMUX56 d(0,0) is used by no board-PASS open image or qualified fixture","never-proven pip shape: refused by default; admit only after a design-level silicon PASS"
"OMUX46@6,1->IMUX60@6,1","X6Y1","unproven_shape_20260929","shape OMUX46->IMUX60 d(0,0) is used by no board-PASS open image or qualified fixture","never-proven pip shape: refused by default; admit only after a design-level silicon PASS"
"OMUX01@6,2->IMUX00@6,2","X6Y2","unproven_shape_20260929","shape OMUX1->IMUX0 d(0,0) is used by no board-PASS open image or qualified fixture","never-proven pip shape: refused by default; admit only after a design-level silicon PASS"
"OMUX07@6,2->IMUX08@6,2","X6Y2","unproven_shape_20260929","shape OMUX7->IMUX8 d(0,0) is used by no board-PASS open image or qualified fixture","never-proven pip shape: refused by default; admit only after a design-level silicon PASS"
"OMUX10@6,2->IMUX12@6,2","X6Y2","unproven_shape_20260929","shape OMUX10->IMUX12 d(0,0) is used by no board-PASS open image or qualified fixture","never-proven pip shape: refused by default; admit only after a design-level silicon PASS"
"OMUX16@6,2->IMUX20@6,2","X6Y2","unproven_shape_20260929","shape OMUX16->IMUX20 d(0,0) is used by no board-PASS open image or qualified fixture","never-proven pip shape: refused by default; admit only after a design-level silicon PASS"
"OMUX19@6,2->IMUX24@6,2","X6Y2","unproven_shape_20260929","shape OMUX19->IMUX24 d(0,0) is used by no board-PASS open image or qualified fixture","never-proven pip shape: refused by default; admit only after a design-level silicon PASS"
"OMUX22@6,2->IMUX28@6,2","X6Y2","unproven_shape_20260929","shape OMUX22->IMUX28 d(0,0) is used by no board-PASS open image or qualified fixture","never-proven pip shape: refused by default; admit only after a design-level silicon PASS"
"OMUX28@6,2->IMUX36@6,2","X6Y2","unproven_shape_20260929","shape OMUX28->IMUX36 d(0,0) is used by no board-PASS open image or qualified fixture","never-proven pip shape: refused by default; admit only after a design-level silicon PASS"
"OMUX37@6,2->IMUX48@6,2","X6Y2","unproven_shape_20260929","shape OMUX37->IMUX48 d(0,0) is used by no board-PASS open image or qualified fixture","never-proven pip shape: refused by default; admit only after a design-level silicon PASS"
"OMUX40@6,2->IMUX52@6,2","X6Y2","unproven_shape_20260929","shape OMUX40->IMUX52 d(0,0) is used by no board-PASS open image or qualified fixture","never-proven pip shape: refused by default; admit only after a design-level silicon PASS"
"OMUX43@6,2->IMUX56@6,2","X6Y2","unproven_shape_20260929","shape OMUX43->IMUX56 d(0,0) is used by no board-PASS open image or qualified fixture","never-proven pip shape: refused by default; admit only after a design-level silicon PASS"
"OMUX46@6,2->IMUX60@6,2","X6Y2","unproven_shape_20260929","shape OMUX46->IMUX60 d(0,0) is used by no board-PASS open image or qualified fixture","never-proven pip shape: refused by default; admit only after a design-level silicon PASS"
"OMUX01@6,3->IMUX00@6,3","X6Y3","unproven_shape_20260929","shape OMUX1->IMUX0 d(0,0) is used by no board-PASS open image or qualified fixture","never-proven pip shape: refused by default; admit only after a design-level silicon PASS"
"OMUX04@6,3->IMUX04@6,3","X6Y3","unproven_shape_20260929","shape OMUX4->IMUX4 d(0,0) is used by no board-PASS open image or qualified fixture","never-proven pip shape: refused by default; admit only after a design-level silicon PASS"
"OMUX07@6,3->IMUX08@6,3","X6Y3","unproven_shape_20260929","shape OMUX7->IMUX8 d(0,0) is used by no board-PASS open image or qualified fixture","never-proven pip shape: refused by default; admit only after a design-level silicon PASS"
"OMUX10@6,3->IMUX12@6,3","X6Y3","unproven_shape_20260929","shape OMUX10->IMUX12 d(0,0) is used by no board-PASS open image or qualified fixture","never-proven pip shape: refused by default; admit only after a design-level silicon PASS"
"OMUX13@6,3->IMUX16@6,3","X6Y3","unproven_shape_20260929","shape OMUX13->IMUX16 d(0,0) is used by no board-PASS open image or qualified fixture","never-proven pip shape: refused by default; admit only after a design-level silicon PASS"
"OMUX16@6,3->IMUX20@6,3","X6Y3","unproven_shape_20260929","shape OMUX16->IMUX20 d(0,0) is used by no board-PASS open image or qualified fixture","never-proven pip shape: refused by default; admit only after a design-level silicon PASS"
"OMUX19@6,3->IMUX24@6,3","X6Y3","unproven_shape_20260929","shape OMUX19->IMUX24 d(0,0) is used by no board-PASS open image or qualified fixture","never-proven pip shape: refused by default; admit only after a design-level silicon PASS"
"OMUX22@6,3->IMUX28@6,3","X6Y3","unproven_shape_20260929","shape OMUX22->IMUX28 d(0,0) is used by no board-PASS open image or qualified fixture","never-proven pip shape: refused by default; admit only after a design-level silicon PASS"
"OMUX25@6,3->IMUX32@6,3","X6Y3","unproven_shape_20260929","shape OMUX25->IMUX32 d(0,0) is used by no board-PASS open image or qualified fixture","never-proven pip shape: refused by default; admit only after a design-level silicon PASS"
"OMUX28@6,3->IMUX36@6,3","X6Y3","unproven_shape_20260929","shape OMUX28->IMUX36 d(0,0) is used by no board-PASS open image or qualified fixture","never-proven pip shape: refused by default; admit only after a design-level silicon PASS"
"OMUX34@6,3->IMUX44@6,3","X6Y3","unproven_shape_20260929","shape OMUX34->IMUX44 d(0,0) is used by no board-PASS open image or qualified fixture","never-proven pip shape: refused by default; admit only after a design-level silicon PASS"
"OMUX37@6,3->IMUX48@6,3","X6Y3","unproven_shape_20260929","shape OMUX37->IMUX48 d(0,0) is used by no board-PASS open image or qualified fixture","never-proven pip shape: refused by default; admit only after a design-level silicon PASS"
"OMUX40@6,3->IMUX52@6,3","X6Y3","unproven_shape_20260929","shape OMUX40->IMUX52 d(0,0) is used by no board-PASS open image or qualified fixture","never-proven pip shape: refused by default; admit only after a design-level silicon PASS"
"OMUX43@6,3->IMUX56@6,3","X6Y3","unproven_shape_20260929","shape OMUX43->IMUX56 d(0,0) is used by no board-PASS open image or qualified fixture","never-proven pip shape: refused by default; admit only after a design-level silicon PASS"
"OMUX46@6,3->IMUX60@6,3","X6Y3","unproven_shape_20260929","shape OMUX46->IMUX60 d(0,0) is used by no board-PASS open image or qualified fixture","never-proven pip shape: refused by default; admit only after a design-level silicon PASS"
"OMUX01@6,4->IMUX00@6,4","X6Y4","unproven_shape_20260929","shape OMUX1->IMUX0 d(0,0) is used by no board-PASS open image or qualified fixture","never-proven pip shape: refused by default; admit only after a design-level silicon PASS"
"OMUX04@6,4->IMUX04@6,4","X6Y4","unproven_shape_20260929","shape OMUX4->IMUX4 d(0,0) is used by no board-PASS open image or qualified fixture","never-proven pip shape: refused by default; admit only after a design-level silicon PASS"
"OMUX07@6,4->IMUX08@6,4","X6Y4","unproven_shape_20260929","shape OMUX7->IMUX8 d(0,0) is used by no board-PASS open image or qualified fixture","never-proven pip shape: refused by default; admit only after a design-level silicon PASS"
"OMUX10@6,4->IMUX12@6,4","X6Y4","unproven_shape_20260929","shape OMUX10->IMUX12 d(0,0) is used by no board-PASS open image or qualified fixture","never-proven pip shape: refused by default; admit only after a design-level silicon PASS"
"OMUX13@6,4->IMUX16@6,4","X6Y4","unproven_shape_20260929","shape OMUX13->IMUX16 d(0,0) is used by no board-PASS open image or qualified fixture","never-proven pip shape: refused by default; admit only after a design-level silicon PASS"
"OMUX16@6,4->IMUX20@6,4","X6Y4","unproven_shape_20260929","shape OMUX16->IMUX20 d(0,0) is used by no board-PASS open image or qualified fixture","never-proven pip shape: refused by default; admit only after a design-level silicon PASS"
"OMUX19@6,4->IMUX24@6,4","X6Y4","unproven_shape_20260929","shape OMUX19->IMUX24 d(0,0) is used by no board-PASS open image or qualified fixture","never-proven pip shape: refused by default; admit only after a design-level silicon PASS"
"OMUX22@6,4->IMUX28@6,4","X6Y4","unproven_shape_20260929","shape OMUX22->IMUX28 d(0,0) is used by no board-PASS open image or qualified fixture","never-proven pip shape: refused by default; admit only after a design-level silicon PASS"
"OMUX25@6,4->IMUX32@6,4","X6Y4","unproven_shape_20260929","shape OMUX25->IMUX32 d(0,0) is used by no board-PASS open image or qualified fixture","never-proven pip shape: refused by default; admit only after a design-level silicon PASS"
"OMUX28@6,4->IMUX36@6,4","X6Y4","unproven_shape_20260929","shape OMUX28->IMUX36 d(0,0) is used by no board-PASS open image or qualified fixture","never-proven pip shape: refused by default; admit only after a design-level silicon PASS"
"OMUX31@6,4->IMUX40@6,4","X6Y4","unproven_shape_20260929","shape OMUX31->IMUX40 d(0,0) is used by no board-PASS open image or qualified fixture","never-proven pip shape: refused by default; admit only after a design-level silicon PASS"
"OMUX34@6,4->IMUX44@6,4","X6Y4","unproven_shape_20260929","shape OMUX34->IMUX44 d(0,0) is used by no board-PASS open image or qualified fixture","never-proven pip shape: refused by default; admit only after a design-level silicon PASS"
"OMUX37@6,4->IMUX48@6,4","X6Y4","unproven_shape_20260929","shape OMUX37->IMUX48 d(0,0) is used by no board-PASS open image or qualified fixture","never-proven pip shape: refused by default; admit only after a design-level silicon PASS"
"OMUX40@6,4->IMUX52@6,4","X6Y4","unproven_shape_20260929","shape OMUX40->IMUX52 d(0,0) is used by no board-PASS open image or qualified fixture","never-proven pip shape: refused by default; admit only after a design-level silicon PASS"
"OMUX43@6,4->IMUX56@6,4","X6Y4","unproven_shape_20260929","shape OMUX43->IMUX56 d(0,0) is used by no board-PASS open image or qualified fixture","never-proven pip shape: refused by default; admit only after a design-level silicon PASS"
"OMUX46@6,4->IMUX60@6,4","X6Y4","unproven_shape_20260929","shape OMUX46->IMUX60 d(0,0) is used by no board-PASS open image or qualified fixture","never-proven pip shape: refused by default; admit only after a design-level silicon PASS"
"OMUX01@7,1->IMUX00@7,1","X7Y1","unproven_shape_20260929","shape OMUX1->IMUX0 d(0,0) is used by no board-PASS open image or qualified fixture","never-proven pip shape: refused by default; admit only after a design-level silicon PASS"
"OMUX04@7,1->IMUX04@7,1","X7Y1","unproven_shape_20260929","shape OMUX4->IMUX4 d(0,0) is used by no board-PASS open image or qualified fixture","never-proven pip shape: refused by default; admit only after a design-level silicon PASS"
"OMUX07@7,1->IMUX08@7,1","X7Y1","unproven_shape_20260929","shape OMUX7->IMUX8 d(0,0) is used by no board-PASS open image or qualified fixture","never-proven pip shape: refused by default; admit only after a design-level silicon PASS"
"OMUX10@7,1->IMUX12@7,1","X7Y1","unproven_shape_20260929","shape OMUX10->IMUX12 d(0,0) is used by no board-PASS open image or qualified fixture","never-proven pip shape: refused by default; admit only after a design-level silicon PASS"
"OMUX13@7,1->IMUX16@7,1","X7Y1","unproven_shape_20260929","shape OMUX13->IMUX16 d(0,0) is used by no board-PASS open image or qualified fixture","never-proven pip shape: refused by default; admit only after a design-level silicon PASS"
"OMUX16@7,1->IMUX20@7,1","X7Y1","unproven_shape_20260929","shape OMUX16->IMUX20 d(0,0) is used by no board-PASS open image or qualified fixture","never-proven pip shape: refused by default; admit only after a design-level silicon PASS"
"OMUX22@7,1->IMUX28@7,1","X7Y1","unproven_shape_20260929","shape OMUX22->IMUX28 d(0,0) is used by no board-PASS open image or qualified fixture","never-proven pip shape: refused by default; admit only after a design-level silicon PASS"
"OMUX28@7,1->IMUX36@7,1","X7Y1","unproven_shape_20260929","shape OMUX28->IMUX36 d(0,0) is used by no board-PASS open image or qualified fixture","never-proven pip shape: refused by default; admit only after a design-level silicon PASS"
"OMUX31@7,1->IMUX40@7,1","X7Y1","unproven_shape_20260929","shape OMUX31->IMUX40 d(0,0) is used by no board-PASS open image or qualified fixture","never-proven pip shape: refused by default; admit only after a design-level silicon PASS"
"OMUX37@7,1->IMUX48@7,1","X7Y1","unproven_shape_20260929","shape OMUX37->IMUX48 d(0,0) is used by no board-PASS open image or qualified fixture","never-proven pip shape: refused by default; admit only after a design-level silicon PASS"
"OMUX40@7,1->IMUX52@7,1","X7Y1","unproven_shape_20260929","shape OMUX40->IMUX52 d(0,0) is used by no board-PASS open image or qualified fixture","never-proven pip shape: refused by default; admit only after a design-level silicon PASS"
"OMUX43@7,1->IMUX56@7,1","X7Y1","unproven_shape_20260929","shape OMUX43->IMUX56 d(0,0) is used by no board-PASS open image or qualified fixture","never-proven pip shape: refused by default; admit only after a design-level silicon PASS"
"OMUX46@7,1->IMUX60@7,1","X7Y1","unproven_shape_20260929","shape OMUX46->IMUX60 d(0,0) is used by no board-PASS open image or qualified fixture","never-proven pip shape: refused by default; admit only after a design-level silicon PASS"
"OMUX01@7,2->IMUX00@7,2","X7Y2","unproven_shape_20260929","shape OMUX1->IMUX0 d(0,0) is used by no board-PASS open image or qualified fixture","never-proven pip shape: refused by default; admit only after a design-level silicon PASS"
"OMUX04@7,2->IMUX04@7,2","X7Y2","unproven_shape_20260929","shape OMUX4->IMUX4 d(0,0) is used by no board-PASS open image or qualified fixture","never-proven pip shape: refused by default; admit only after a design-level silicon PASS"
"OMUX07@7,2->IMUX08@7,2","X7Y2","unproven_shape_20260929","shape OMUX7->IMUX8 d(0,0) is used by no board-PASS open image or qualified fixture","never-proven pip shape: refused by default; admit only after a design-level silicon PASS"
"OMUX10@7,2->IMUX12@7,2","X7Y2","unproven_shape_20260929","shape OMUX10->IMUX12 d(0,0) is used by no board-PASS open image or qualified fixture","never-proven pip shape: refused by default; admit only after a design-level silicon PASS"
"OMUX13@7,2->IMUX16@7,2","X7Y2","unproven_shape_20260929","shape OMUX13->IMUX16 d(0,0) is used by no board-PASS open image or qualified fixture","never-proven pip shape: refused by default; admit only after a design-level silicon PASS"
"OMUX16@7,2->IMUX20@7,2","X7Y2","unproven_shape_20260929","shape OMUX16->IMUX20 d(0,0) is used by no board-PASS open image or qualified fixture","never-proven pip shape: refused by default; admit only after a design-level silicon PASS"
"OMUX19@7,2->IMUX24@7,2","X7Y2","unproven_shape_20260929","shape OMUX19->IMUX24 d(0,0) is used by no board-PASS open image or qualified fixture","never-proven pip shape: refused by default; admit only after a design-level silicon PASS"
"OMUX22@7,2->IMUX28@7,2","X7Y2","unproven_shape_20260929","shape OMUX22->IMUX28 d(0,0) is used by no board-PASS open image or qualified fixture","never-proven pip shape: refused by default; admit only after a design-level silicon PASS"
"OMUX25@7,2->IMUX32@7,2","X7Y2","unproven_shape_20260929","shape OMUX25->IMUX32 d(0,0) is used by no board-PASS open image or qualified fixture","never-proven pip shape: refused by default; admit only after a design-level silicon PASS"
"OMUX28@7,2->IMUX36@7,2","X7Y2","unproven_shape_20260929","shape OMUX28->IMUX36 d(0,0) is used by no board-PASS open image or qualified fixture","never-proven pip shape: refused by default; admit only after a design-level silicon PASS"
"OMUX31@7,2->IMUX40@7,2","X7Y2","unproven_shape_20260929","shape OMUX31->IMUX40 d(0,0) is used by no board-PASS open image or qualified fixture","never-proven pip shape: refused by default; admit only after a design-level silicon PASS"
"OMUX34@7,2->IMUX44@7,2","X7Y2","unproven_shape_20260929","shape OMUX34->IMUX44 d(0,0) is used by no board-PASS open image or qualified fixture","never-proven pip shape: refused by default; admit only after a design-level silicon PASS"
"OMUX37@7,2->IMUX48@7,2","X7Y2","unproven_shape_20260929","shape OMUX37->IMUX48 d(0,0) is used by no board-PASS open image or qualified fixture","never-proven pip shape: refused by default; admit only after a design-level silicon PASS"
"OMUX40@7,2->IMUX52@7,2","X7Y2","unproven_shape_20260929","shape OMUX40->IMUX52 d(0,0) is used by no board-PASS open image or qualified fixture","never-proven pip shape: refused by default; admit only after a design-level silicon PASS"
"OMUX43@7,2->IMUX56@7,2","X7Y2","unproven_shape_20260929","shape OMUX43->IMUX56 d(0,0) is used by no board-PASS open image or qualified fixture","never-proven pip shape: refused by default; admit only after a design-level silicon PASS"
"OMUX46@7,2->IMUX60@7,2","X7Y2","unproven_shape_20260929","shape OMUX46->IMUX60 d(0,0) is used by no board-PASS open image or qualified fixture","never-proven pip shape: refused by default; admit only after a design-level silicon PASS"
"OMUX01@7,3->IMUX00@7,3","X7Y3","unproven_shape_20260929","shape OMUX1->IMUX0 d(0,0) is used by no board-PASS open image or qualified fixture","never-proven pip shape: refused by default; admit only after a design-level silicon PASS"
"OMUX04@7,3->IMUX04@7,3","X7Y3","unproven_shape_20260929","shape OMUX4->IMUX4 d(0,0) is used by no board-PASS open image or qualified fixture","never-proven pip shape: refused by default; admit only after a design-level silicon PASS"
"OMUX07@7,3->IMUX08@7,3","X7Y3","unproven_shape_20260929","shape OMUX7->IMUX8 d(0,0) is used by no board-PASS open image or qualified fixture","never-proven pip shape: refused by default; admit only after a design-level silicon PASS"
"OMUX10@7,3->IMUX12@7,3","X7Y3","unproven_shape_20260929","shape OMUX10->IMUX12 d(0,0) is used by no board-PASS open image or qualified fixture","never-proven pip shape: refused by default; admit only after a design-level silicon PASS"
"OMUX13@7,3->IMUX16@7,3","X7Y3","unproven_shape_20260929","shape OMUX13->IMUX16 d(0,0) is used by no board-PASS open image or qualified fixture","never-proven pip shape: refused by default; admit only after a design-level silicon PASS"
"OMUX16@7,3->IMUX20@7,3","X7Y3","unproven_shape_20260929","shape OMUX16->IMUX20 d(0,0) is used by no board-PASS open image or qualified fixture","never-proven pip shape: refused by default; admit only after a design-level silicon PASS"
"OMUX19@7,3->IMUX24@7,3","X7Y3","unproven_shape_20260929","shape OMUX19->IMUX24 d(0,0) is used by no board-PASS open image or qualified fixture","never-proven pip shape: refused by default; admit only after a design-level silicon PASS"
"OMUX22@7,3->IMUX28@7,3","X7Y3","unproven_shape_20260929","shape OMUX22->IMUX28 d(0,0) is used by no board-PASS open image or qualified fixture","never-proven pip shape: refused by default; admit only after a design-level silicon PASS"
"OMUX25@7,3->IMUX32@7,3","X7Y3","unproven_shape_20260929","shape OMUX25->IMUX32 d(0,0) is used by no board-PASS open image or qualified fixture","never-proven pip shape: refused by default; admit only after a design-level silicon PASS"
"OMUX28@7,3->IMUX36@7,3","X7Y3","unproven_shape_20260929","shape OMUX28->IMUX36 d(0,0) is used by no board-PASS open image or qualified fixture","never-proven pip shape: refused by default; admit only after a design-level silicon PASS"
"OMUX31@7,3->IMUX40@7,3","X7Y3","unproven_shape_20260929","shape OMUX31->IMUX40 d(0,0) is used by no board-PASS open image or qualified fixture","never-proven pip shape: refused by default; admit only after a design-level silicon PASS"
"OMUX34@7,3->IMUX44@7,3","X7Y3","unproven_shape_20260929","shape OMUX34->IMUX44 d(0,0) is used by no board-PASS open image or qualified fixture","never-proven pip shape: refused by default; admit only after a design-level silicon PASS"
"OMUX37@7,3->IMUX48@7,3","X7Y3","unproven_shape_20260929","shape OMUX37->IMUX48 d(0,0) is used by no board-PASS open image or qualified fixture","never-proven pip shape: refused by default; admit only after a design-level silicon PASS"
"OMUX40@7,3->IMUX52@7,3","X7Y3","unproven_shape_20260929","shape OMUX40->IMUX52 d(0,0) is used by no board-PASS open image or qualified fixture","never-proven pip shape: refused by default; admit only after a design-level silicon PASS"
"OMUX43@7,3->IMUX56@7,3","X7Y3","unproven_shape_20260929","shape OMUX43->IMUX56 d(0,0) is used by no board-PASS open image or qualified fixture","never-proven pip shape: refused by default; admit only after a design-level silicon PASS"
"OMUX46@7,3->IMUX60@7,3","X7Y3","unproven_shape_20260929","shape OMUX46->IMUX60 d(0,0) is used by no board-PASS open image or qualified fixture","never-proven pip shape: refused by default; admit only after a design-level silicon PASS"
"OMUX01@7,4->IMUX00@7,4","X7Y4","unproven_shape_20260929","shape OMUX1->IMUX0 d(0,0) is used by no board-PASS open image or qualified fixture","never-proven pip shape: refused by default; admit only after a design-level silicon PASS"
"OMUX04@7,4->IMUX04@7,4","X7Y4","unproven_shape_20260929","shape OMUX4->IMUX4 d(0,0) is used by no board-PASS open image or qualified fixture","never-proven pip shape: refused by default; admit only after a design-level silicon PASS"
"OMUX07@7,4->IMUX08@7,4","X7Y4","unproven_shape_20260929","shape OMUX7->IMUX8 d(0,0) is used by no board-PASS open image or qualified fixture","never-proven pip shape: refused by default; admit only after a design-level silicon PASS"
"OMUX19@7,4->IMUX24@7,4","X7Y4","unproven_shape_20260929","shape OMUX19->IMUX24 d(0,0) is used by no board-PASS open image or qualified fixture","never-proven pip shape: refused by default; admit only after a design-level silicon PASS"
"OMUX28@7,4->IMUX36@7,4","X7Y4","unproven_shape_20260929","shape OMUX28->IMUX36 d(0,0) is used by no board-PASS open image or qualified fixture","never-proven pip shape: refused by default; admit only after a design-level silicon PASS"
"OMUX31@7,4->IMUX40@7,4","X7Y4","unproven_shape_20260929","shape OMUX31->IMUX40 d(0,0) is used by no board-PASS open image or qualified fixture","never-proven pip shape: refused by default; admit only after a design-level silicon PASS"
"OMUX34@7,4->IMUX44@7,4","X7Y4","unproven_shape_20260929","shape OMUX34->IMUX44 d(0,0) is used by no board-PASS open image or qualified fixture","never-proven pip shape: refused by default; admit only after a design-level silicon PASS"
"OMUX37@7,4->IMUX48@7,4","X7Y4","unproven_shape_20260929","shape OMUX37->IMUX48 d(0,0) is used by no board-PASS open image or qualified fixture","never-proven pip shape: refused by default; admit only after a design-level silicon PASS"
"OMUX40@7,4->IMUX52@7,4","X7Y4","unproven_shape_20260929","shape OMUX40->IMUX52 d(0,0) is used by no board-PASS open image or qualified fixture","never-proven pip shape: refused by default; admit only after a design-level silicon PASS"
"OMUX43@7,4->IMUX56@7,4","X7Y4","unproven_shape_20260929","shape OMUX43->IMUX56 d(0,0) is used by no board-PASS open image or qualified fixture","never-proven pip shape: refused by default; admit only after a design-level silicon PASS"
"OMUX46@7,4->IMUX60@7,4","X7Y4","unproven_shape_20260929","shape OMUX46->IMUX60 d(0,0) is used by no board-PASS open image or qualified fixture","never-proven pip shape: refused by default; admit only after a design-level silicon PASS"
"OMUX01@8,1->IMUX00@8,1","X8Y1","unproven_shape_20260929","shape OMUX1->IMUX0 d(0,0) is used by no board-PASS open image or qualified fixture","never-proven pip shape: refused by default; admit only after a design-level silicon PASS"
"OMUX04@8,1->IMUX04@8,1","X8Y1","unproven_shape_20260929","shape OMUX4->IMUX4 d(0,0) is used by no board-PASS open image or qualified fixture","never-proven pip shape: refused by default; admit only after a design-level silicon PASS"
"OMUX07@8,1->IMUX08@8,1","X8Y1","unproven_shape_20260929","shape OMUX7->IMUX8 d(0,0) is used by no board-PASS open image or qualified fixture","never-proven pip shape: refused by default; admit only after a design-level silicon PASS"
"OMUX10@8,1->IMUX12@8,1","X8Y1","unproven_shape_20260929","shape OMUX10->IMUX12 d(0,0) is used by no board-PASS open image or qualified fixture","never-proven pip shape: refused by default; admit only after a design-level silicon PASS"
"OMUX13@8,1->IMUX16@8,1","X8Y1","unproven_shape_20260929","shape OMUX13->IMUX16 d(0,0) is used by no board-PASS open image or qualified fixture","never-proven pip shape: refused by default; admit only after a design-level silicon PASS"
"OMUX16@8,1->IMUX20@8,1","X8Y1","unproven_shape_20260929","shape OMUX16->IMUX20 d(0,0) is used by no board-PASS open image or qualified fixture","never-proven pip shape: refused by default; admit only after a design-level silicon PASS"
"OMUX19@8,1->IMUX24@8,1","X8Y1","unproven_shape_20260929","shape OMUX19->IMUX24 d(0,0) is used by no board-PASS open image or qualified fixture","never-proven pip shape: refused by default; admit only after a design-level silicon PASS"
"OMUX22@8,1->IMUX28@8,1","X8Y1","unproven_shape_20260929","shape OMUX22->IMUX28 d(0,0) is used by no board-PASS open image or qualified fixture","never-proven pip shape: refused by default; admit only after a design-level silicon PASS"
"OMUX25@8,1->IMUX32@8,1","X8Y1","unproven_shape_20260929","shape OMUX25->IMUX32 d(0,0) is used by no board-PASS open image or qualified fixture","never-proven pip shape: refused by default; admit only after a design-level silicon PASS"
"OMUX28@8,1->IMUX36@8,1","X8Y1","unproven_shape_20260929","shape OMUX28->IMUX36 d(0,0) is used by no board-PASS open image or qualified fixture","never-proven pip shape: refused by default; admit only after a design-level silicon PASS"
"OMUX31@8,1->IMUX40@8,1","X8Y1","unproven_shape_20260929","shape OMUX31->IMUX40 d(0,0) is used by no board-PASS open image or qualified fixture","never-proven pip shape: refused by default; admit only after a design-level silicon PASS"
"OMUX34@8,1->IMUX44@8,1","X8Y1","unproven_shape_20260929","shape OMUX34->IMUX44 d(0,0) is used by no board-PASS open image or qualified fixture","never-proven pip shape: refused by default; admit only after a design-level silicon PASS"
"OMUX37@8,1->IMUX48@8,1","X8Y1","unproven_shape_20260929","shape OMUX37->IMUX48 d(0,0) is used by no board-PASS open image or qualified fixture","never-proven pip shape: refused by default; admit only after a design-level silicon PASS"
"OMUX40@8,1->IMUX52@8,1","X8Y1","unproven_shape_20260929","shape OMUX40->IMUX52 d(0,0) is used by no board-PASS open image or qualified fixture","never-proven pip shape: refused by default; admit only after a design-level silicon PASS"
"OMUX43@8,1->IMUX56@8,1","X8Y1","unproven_shape_20260929","shape OMUX43->IMUX56 d(0,0) is used by no board-PASS open image or qualified fixture","never-proven pip shape: refused by default; admit only after a design-level silicon PASS"
"OMUX46@8,1->IMUX60@8,1","X8Y1","unproven_shape_20260929","shape OMUX46->IMUX60 d(0,0) is used by no board-PASS open image or qualified fixture","never-proven pip shape: refused by default; admit only after a design-level silicon PASS"
"OMUX01@8,2->IMUX00@8,2","X8Y2","unproven_shape_20260929","shape OMUX1->IMUX0 d(0,0) is used by no board-PASS open image or qualified fixture","never-proven pip shape: refused by default; admit only after a design-level silicon PASS"
"OMUX07@8,2->IMUX08@8,2","X8Y2","unproven_shape_20260929","shape OMUX7->IMUX8 d(0,0) is used by no board-PASS open image or qualified fixture","never-proven pip shape: refused by default; admit only after a design-level silicon PASS"
"OMUX25@8,2->IMUX32@8,2","X8Y2","unproven_shape_20260929","shape OMUX25->IMUX32 d(0,0) is used by no board-PASS open image or qualified fixture","never-proven pip shape: refused by default; admit only after a design-level silicon PASS"
"OMUX28@8,2->IMUX36@8,2","X8Y2","unproven_shape_20260929","shape OMUX28->IMUX36 d(0,0) is used by no board-PASS open image or qualified fixture","never-proven pip shape: refused by default; admit only after a design-level silicon PASS"
"OMUX31@8,2->IMUX40@8,2","X8Y2","unproven_shape_20260929","shape OMUX31->IMUX40 d(0,0) is used by no board-PASS open image or qualified fixture","never-proven pip shape: refused by default; admit only after a design-level silicon PASS"
"OMUX34@8,2->IMUX44@8,2","X8Y2","unproven_shape_20260929","shape OMUX34->IMUX44 d(0,0) is used by no board-PASS open image or qualified fixture","never-proven pip shape: refused by default; admit only after a design-level silicon PASS"
"OMUX37@8,2->IMUX48@8,2","X8Y2","unproven_shape_20260929","shape OMUX37->IMUX48 d(0,0) is used by no board-PASS open image or qualified fixture","never-proven pip shape: refused by default; admit only after a design-level silicon PASS"
"OMUX40@8,2->IMUX52@8,2","X8Y2","unproven_shape_20260929","shape OMUX40->IMUX52 d(0,0) is used by no board-PASS open image or qualified fixture","never-proven pip shape: refused by default; admit only after a design-level silicon PASS"
"OMUX43@8,2->IMUX56@8,2","X8Y2","unproven_shape_20260929","shape OMUX43->IMUX56 d(0,0) is used by no board-PASS open image or qualified fixture","never-proven pip shape: refused by default; admit only after a design-level silicon PASS"
"OMUX46@8,2->IMUX60@8,2","X8Y2","unproven_shape_20260929","shape OMUX46->IMUX60 d(0,0) is used by no board-PASS open image or qualified fixture","never-proven pip shape: refused by default; admit only after a design-level silicon PASS"
"OMUX01@8,3->IMUX00@8,3","X8Y3","unproven_shape_20260929","shape OMUX1->IMUX0 d(0,0) is used by no board-PASS open image or qualified fixture","never-proven pip shape: refused by default; admit only after a design-level silicon PASS"
"OMUX07@8,3->IMUX08@8,3","X8Y3","unproven_shape_20260929","shape OMUX7->IMUX8 d(0,0) is used by no board-PASS open image or qualified fixture","never-proven pip shape: refused by default; admit only after a design-level silicon PASS"
"OMUX10@8,3->IMUX12@8,3","X8Y3","unproven_shape_20260929","shape OMUX10->IMUX12 d(0,0) is used by no board-PASS open image or qualified fixture","never-proven pip shape: refused by default; admit only after a design-level silicon PASS"
"OMUX13@8,3->IMUX16@8,3","X8Y3","unproven_shape_20260929","shape OMUX13->IMUX16 d(0,0) is used by no board-PASS open image or qualified fixture","never-proven pip shape: refused by default; admit only after a design-level silicon PASS"
"OMUX16@8,3->IMUX20@8,3","X8Y3","unproven_shape_20260929","shape OMUX16->IMUX20 d(0,0) is used by no board-PASS open image or qualified fixture","never-proven pip shape: refused by default; admit only after a design-level silicon PASS"
"OMUX22@8,3->IMUX28@8,3","X8Y3","unproven_shape_20260929","shape OMUX22->IMUX28 d(0,0) is used by no board-PASS open image or qualified fixture","never-proven pip shape: refused by default; admit only after a design-level silicon PASS"
"OMUX25@8,3->IMUX32@8,3","X8Y3","unproven_shape_20260929","shape OMUX25->IMUX32 d(0,0) is used by no board-PASS open image or qualified fixture","never-proven pip shape: refused by default; admit only after a design-level silicon PASS"
"OMUX28@8,3->IMUX36@8,3","X8Y3","unproven_shape_20260929","shape OMUX28->IMUX36 d(0,0) is used by no board-PASS open image or qualified fixture","never-proven pip shape: refused by default; admit only after a design-level silicon PASS"
"OMUX31@8,3->IMUX40@8,3","X8Y3","unproven_shape_20260929","shape OMUX31->IMUX40 d(0,0) is used by no board-PASS open image or qualified fixture","never-proven pip shape: refused by default; admit only after a design-level silicon PASS"
"OMUX34@8,3->IMUX44@8,3","X8Y3","unproven_shape_20260929","shape OMUX34->IMUX44 d(0,0) is used by no board-PASS open image or qualified fixture","never-proven pip shape: refused by default; admit only after a design-level silicon PASS"
"OMUX37@8,3->IMUX48@8,3","X8Y3","unproven_shape_20260929","shape OMUX37->IMUX48 d(0,0) is used by no board-PASS open image or qualified fixture","never-proven pip shape: refused by default; admit only after a design-level silicon PASS"
"OMUX40@8,3->IMUX52@8,3","X8Y3","unproven_shape_20260929","shape OMUX40->IMUX52 d(0,0) is used by no board-PASS open image or qualified fixture","never-proven pip shape: refused by default; admit only after a design-level silicon PASS"
"OMUX43@8,3->IMUX56@8,3","X8Y3","unproven_shape_20260929","shape OMUX43->IMUX56 d(0,0) is used by no board-PASS open image or qualified fixture","never-proven pip shape: refused by default; admit only after a design-level silicon PASS"
"OMUX46@8,3->IMUX60@8,3","X8Y3","unproven_shape_20260929","shape OMUX46->IMUX60 d(0,0) is used by no board-PASS open image or qualified fixture","never-proven pip shape: refused by default; admit only after a design-level silicon PASS"
"OMUX01@8,4->IMUX00@8,4","X8Y4","unproven_shape_20260929","shape OMUX1->IMUX0 d(0,0) is used by no board-PASS open image or qualified fixture","never-proven pip shape: refused by default; admit only after a design-level silicon PASS"
"OMUX04@8,4->IMUX04@8,4","X8Y4","unproven_shape_20260929","shape OMUX4->IMUX4 d(0,0) is used by no board-PASS open image or qualified fixture","never-proven pip shape: refused by default; admit only after a design-level silicon PASS"
"OMUX07@8,4->IMUX08@8,4","X8Y4","unproven_shape_20260929","shape OMUX7->IMUX8 d(0,0) is used by no board-PASS open image or qualified fixture","never-proven pip shape: refused by default; admit only after a design-level silicon PASS"
"OMUX10@8,4->IMUX12@8,4","X8Y4","unproven_shape_20260929","shape OMUX10->IMUX12 d(0,0) is used by no board-PASS open image or qualified fixture","never-proven pip shape: refused by default; admit only after a design-level silicon PASS"
"OMUX16@8,4->IMUX20@8,4","X8Y4","unproven_shape_20260929","shape OMUX16->IMUX20 d(0,0) is used by no board-PASS open image or qualified fixture","never-proven pip shape: refused by default; admit only after a design-level silicon PASS"
"OMUX19@8,4->IMUX24@8,4","X8Y4","unproven_shape_20260929","shape OMUX19->IMUX24 d(0,0) is used by no board-PASS open image or qualified fixture","never-proven pip shape: refused by default; admit only after a design-level silicon PASS"
"OMUX22@8,4->IMUX28@8,4","X8Y4","unproven_shape_20260929","shape OMUX22->IMUX28 d(0,0) is used by no board-PASS open image or qualified fixture","never-proven pip shape: refused by default; admit only after a design-level silicon PASS"
"OMUX25@8,4->IMUX32@8,4","X8Y4","unproven_shape_20260929","shape OMUX25->IMUX32 d(0,0) is used by no board-PASS open image or qualified fixture","never-proven pip shape: refused by default; admit only after a design-level silicon PASS"
"OMUX28@8,4->IMUX36@8,4","X8Y4","unproven_shape_20260929","shape OMUX28->IMUX36 d(0,0) is used by no board-PASS open image or qualified fixture","never-proven pip shape: refused by default; admit only after a design-level silicon PASS"
"OMUX31@8,4->IMUX40@8,4","X8Y4","unproven_shape_20260929","shape OMUX31->IMUX40 d(0,0) is used by no board-PASS open image or qualified fixture","never-proven pip shape: refused by default; admit only after a design-level silicon PASS"
"OMUX34@8,4->IMUX44@8,4","X8Y4","unproven_shape_20260929","shape OMUX34->IMUX44 d(0,0) is used by no board-PASS open image or qualified fixture","never-proven pip shape: refused by default; admit only after a design-level silicon PASS"
"OMUX37@8,4->IMUX48@8,4","X8Y4","unproven_shape_20260929","shape OMUX37->IMUX48 d(0,0) is used by no board-PASS open image or qualified fixture","never-proven pip shape: refused by default; admit only after a design-level silicon PASS"
"OMUX40@8,4->IMUX52@8,4","X8Y4","unproven_shape_20260929","shape OMUX40->IMUX52 d(0,0) is used by no board-PASS open image or qualified fixture","never-proven pip shape: refused by default; admit only after a design-level silicon PASS"
"OMUX43@8,4->IMUX56@8,4","X8Y4","unproven_shape_20260929","shape OMUX43->IMUX56 d(0,0) is used by no board-PASS open image or qualified fixture","never-proven pip shape: refused by default; admit only after a design-level silicon PASS"
"OMUX46@8,4->IMUX60@8,4","X8Y4","unproven_shape_20260929","shape OMUX46->IMUX60 d(0,0) is used by no board-PASS open image or qualified fixture","never-proven pip shape: refused by default; admit only after a design-level silicon PASS"
"OMUX01@9,1->IMUX00@9,1","X9Y1","unproven_shape_20260929","shape OMUX1->IMUX0 d(0,0) is used by no board-PASS open image or qualified fixture","never-proven pip shape: refused by default; admit only after a design-level silicon PASS"
"OMUX04@9,1->IMUX04@9,1","X9Y1","unproven_shape_20260929","shape OMUX4->IMUX4 d(0,0) is used by no board-PASS open image or qualified fixture","never-proven pip shape: refused by default; admit only after a design-level silicon PASS"
"OMUX07@9,1->IMUX08@9,1","X9Y1","unproven_shape_20260929","shape OMUX7->IMUX8 d(0,0) is used by no board-PASS open image or qualified fixture","never-proven pip shape: refused by default; admit only after a design-level silicon PASS"
"OMUX10@9,1->IMUX12@9,1","X9Y1","unproven_shape_20260929","shape OMUX10->IMUX12 d(0,0) is used by no board-PASS open image or qualified fixture","never-proven pip shape: refused by default; admit only after a design-level silicon PASS"
"OMUX13@9,1->IMUX16@9,1","X9Y1","unproven_shape_20260929","shape OMUX13->IMUX16 d(0,0) is used by no board-PASS open image or qualified fixture","never-proven pip shape: refused by default; admit only after a design-level silicon PASS"
"OMUX16@9,1->IMUX20@9,1","X9Y1","unproven_shape_20260929","shape OMUX16->IMUX20 d(0,0) is used by no board-PASS open image or qualified fixture","never-proven pip shape: refused by default; admit only after a design-level silicon PASS"
"OMUX19@9,1->IMUX24@9,1","X9Y1","unproven_shape_20260929","shape OMUX19->IMUX24 d(0,0) is used by no board-PASS open image or qualified fixture","never-proven pip shape: refused by default; admit only after a design-level silicon PASS"
"OMUX22@9,1->IMUX28@9,1","X9Y1","unproven_shape_20260929","shape OMUX22->IMUX28 d(0,0) is used by no board-PASS open image or qualified fixture","never-proven pip shape: refused by default; admit only after a design-level silicon PASS"
"OMUX25@9,1->IMUX32@9,1","X9Y1","unproven_shape_20260929","shape OMUX25->IMUX32 d(0,0) is used by no board-PASS open image or qualified fixture","never-proven pip shape: refused by default; admit only after a design-level silicon PASS"
"OMUX28@9,1->IMUX36@9,1","X9Y1","unproven_shape_20260929","shape OMUX28->IMUX36 d(0,0) is used by no board-PASS open image or qualified fixture","never-proven pip shape: refused by default; admit only after a design-level silicon PASS"
"OMUX31@9,1->IMUX40@9,1","X9Y1","unproven_shape_20260929","shape OMUX31->IMUX40 d(0,0) is used by no board-PASS open image or qualified fixture","never-proven pip shape: refused by default; admit only after a design-level silicon PASS"
"OMUX34@9,1->IMUX44@9,1","X9Y1","unproven_shape_20260929","shape OMUX34->IMUX44 d(0,0) is used by no board-PASS open image or qualified fixture","never-proven pip shape: refused by default; admit only after a design-level silicon PASS"
"OMUX37@9,1->IMUX48@9,1","X9Y1","unproven_shape_20260929","shape OMUX37->IMUX48 d(0,0) is used by no board-PASS open image or qualified fixture","never-proven pip shape: refused by default; admit only after a design-level silicon PASS"
"OMUX40@9,1->IMUX52@9,1","X9Y1","unproven_shape_20260929","shape OMUX40->IMUX52 d(0,0) is used by no board-PASS open image or qualified fixture","never-proven pip shape: refused by default; admit only after a design-level silicon PASS"
"OMUX43@9,1->IMUX56@9,1","X9Y1","unproven_shape_20260929","shape OMUX43->IMUX56 d(0,0) is used by no board-PASS open image or qualified fixture","never-proven pip shape: refused by default; admit only after a design-level silicon PASS"
"OMUX46@9,1->IMUX60@9,1","X9Y1","unproven_shape_20260929","shape OMUX46->IMUX60 d(0,0) is used by no board-PASS open image or qualified fixture","never-proven pip shape: refused by default; admit only after a design-level silicon PASS"
"OMUX01@9,2->IMUX00@9,2","X9Y2","unproven_shape_20260929","shape OMUX1->IMUX0 d(0,0) is used by no board-PASS open image or qualified fixture","never-proven pip shape: refused by default; admit only after a design-level silicon PASS"
"OMUX04@9,2->IMUX04@9,2","X9Y2","unproven_shape_20260929","shape OMUX4->IMUX4 d(0,0) is used by no board-PASS open image or qualified fixture","never-proven pip shape: refused by default; admit only after a design-level silicon PASS"
"OMUX07@9,2->IMUX08@9,2","X9Y2","unproven_shape_20260929","shape OMUX7->IMUX8 d(0,0) is used by no board-PASS open image or qualified fixture","never-proven pip shape: refused by default; admit only after a design-level silicon PASS"
"OMUX10@9,2->IMUX12@9,2","X9Y2","unproven_shape_20260929","shape OMUX10->IMUX12 d(0,0) is used by no board-PASS open image or qualified fixture","never-proven pip shape: refused by default; admit only after a design-level silicon PASS"
"OMUX19@9,2->IMUX24@9,2","X9Y2","unproven_shape_20260929","shape OMUX19->IMUX24 d(0,0) is used by no board-PASS open image or qualified fixture","never-proven pip shape: refused by default; admit only after a design-level silicon PASS"
"OMUX22@9,2->IMUX28@9,2","X9Y2","unproven_shape_20260929","shape OMUX22->IMUX28 d(0,0) is used by no board-PASS open image or qualified fixture","never-proven pip shape: refused by default; admit only after a design-level silicon PASS"
"OMUX34@9,2->IMUX44@9,2","X9Y2","unproven_shape_20260929","shape OMUX34->IMUX44 d(0,0) is used by no board-PASS open image or qualified fixture","never-proven pip shape: refused by default; admit only after a design-level silicon PASS"
"OMUX37@9,2->IMUX48@9,2","X9Y2","unproven_shape_20260929","shape OMUX37->IMUX48 d(0,0) is used by no board-PASS open image or qualified fixture","never-proven pip shape: refused by default; admit only after a design-level silicon PASS"
"OMUX40@9,2->IMUX52@9,2","X9Y2","unproven_shape_20260929","shape OMUX40->IMUX52 d(0,0) is used by no board-PASS open image or qualified fixture","never-proven pip shape: refused by default; admit only after a design-level silicon PASS"
"OMUX43@9,2->IMUX56@9,2","X9Y2","unproven_shape_20260929","shape OMUX43->IMUX56 d(0,0) is used by no board-PASS open image or qualified fixture","never-proven pip shape: refused by default; admit only after a design-level silicon PASS"
"OMUX46@9,2->IMUX60@9,2","X9Y2","unproven_shape_20260929","shape OMUX46->IMUX60 d(0,0) is used by no board-PASS open image or qualified fixture","never-proven pip shape: refused by default; admit only after a design-level silicon PASS"
"OMUX01@9,3->IMUX00@9,3","X9Y3","unproven_shape_20260929","shape OMUX1->IMUX0 d(0,0) is used by no board-PASS open image or qualified fixture","never-proven pip shape: refused by default; admit only after a design-level silicon PASS"
"OMUX04@9,3->IMUX04@9,3","X9Y3","unproven_shape_20260929","shape OMUX4->IMUX4 d(0,0) is used by no board-PASS open image or qualified fixture","never-proven pip shape: refused by default; admit only after a design-level silicon PASS"
"OMUX22@9,3->IMUX28@9,3","X9Y3","unproven_shape_20260929","shape OMUX22->IMUX28 d(0,0) is used by no board-PASS open image or qualified fixture","never-proven pip shape: refused by default; admit only after a design-level silicon PASS"
"OMUX25@9,3->IMUX32@9,3","X9Y3","unproven_shape_20260929","shape OMUX25->IMUX32 d(0,0) is used by no board-PASS open image or qualified fixture","never-proven pip shape: refused by default; admit only after a design-level silicon PASS"
"OMUX28@9,3->IMUX36@9,3","X9Y3","unproven_shape_20260929","shape OMUX28->IMUX36 d(0,0) is used by no board-PASS open image or qualified fixture","never-proven pip shape: refused by default; admit only after a design-level silicon PASS"
"OMUX31@9,3->IMUX40@9,3","X9Y3","unproven_shape_20260929","shape OMUX31->IMUX40 d(0,0) is used by no board-PASS open image or qualified fixture","never-proven pip shape: refused by default; admit only after a design-level silicon PASS"
"OMUX34@9,3->IMUX44@9,3","X9Y3","unproven_shape_20260929","shape OMUX34->IMUX44 d(0,0) is used by no board-PASS open image or qualified fixture","never-proven pip shape: refused by default; admit only after a design-level silicon PASS"
"OMUX40@9,3->IMUX52@9,3","X9Y3","unproven_shape_20260929","shape OMUX40->IMUX52 d(0,0) is used by no board-PASS open image or qualified fixture","never-proven pip shape: refused by default; admit only after a design-level silicon PASS"
"OMUX43@9,3->IMUX56@9,3","X9Y3","unproven_shape_20260929","shape OMUX43->IMUX56 d(0,0) is used by no board-PASS open image or qualified fixture","never-proven pip shape: refused by default; admit only after a design-level silicon PASS"
"OMUX46@9,3->IMUX60@9,3","X9Y3","unproven_shape_20260929","shape OMUX46->IMUX60 d(0,0) is used by no board-PASS open image or qualified fixture","never-proven pip shape: refused by default; admit only after a design-level silicon PASS"
"OMUX01@9,4->IMUX00@9,4","X9Y4","unproven_shape_20260929","shape OMUX1->IMUX0 d(0,0) is used by no board-PASS open image or qualified fixture","never-proven pip shape: refused by default; admit only after a design-level silicon PASS"
"OMUX04@9,4->IMUX04@9,4","X9Y4","unproven_shape_20260929","shape OMUX4->IMUX4 d(0,0) is used by no board-PASS open image or qualified fixture","never-proven pip shape: refused by default; admit only after a design-level silicon PASS"
"OMUX07@9,4->IMUX08@9,4","X9Y4","unproven_shape_20260929","shape OMUX7->IMUX8 d(0,0) is used by no board-PASS open image or qualified fixture","never-proven pip shape: refused by default; admit only after a design-level silicon PASS"
"OMUX16@9,4->IMUX20@9,4","X9Y4","unproven_shape_20260929","shape OMUX16->IMUX20 d(0,0) is used by no board-PASS open image or qualified fixture","never-proven pip shape: refused by default; admit only after a design-level silicon PASS"
"OMUX19@9,4->IMUX24@9,4","X9Y4","unproven_shape_20260929","shape OMUX19->IMUX24 d(0,0) is used by no board-PASS open image or qualified fixture","never-proven pip shape: refused by default; admit only after a design-level silicon PASS"
"OMUX22@9,4->IMUX28@9,4","X9Y4","unproven_shape_20260929","shape OMUX22->IMUX28 d(0,0) is used by no board-PASS open image or qualified fixture","never-proven pip shape: refused by default; admit only after a design-level silicon PASS"
"OMUX25@9,4->IMUX32@9,4","X9Y4","unproven_shape_20260929","shape OMUX25->IMUX32 d(0,0) is used by no board-PASS open image or qualified fixture","never-proven pip shape: refused by default; admit only after a design-level silicon PASS"
"OMUX28@9,4->IMUX36@9,4","X9Y4","unproven_shape_20260929","shape OMUX28->IMUX36 d(0,0) is used by no board-PASS open image or qualified fixture","never-proven pip shape: refused by default; admit only after a design-level silicon PASS"
"OMUX31@9,4->IMUX40@9,4","X9Y4","unproven_shape_20260929","shape OMUX31->IMUX40 d(0,0) is used by no board-PASS open image or qualified fixture","never-proven pip shape: refused by default; admit only after a design-level silicon PASS"
"OMUX34@9,4->IMUX44@9,4","X9Y4","unproven_shape_20260929","shape OMUX34->IMUX44 d(0,0) is used by no board-PASS open image or qualified fixture","never-proven pip shape: refused by default; admit only after a design-level silicon PASS"
"OMUX37@9,4->IMUX48@9,4","X9Y4","unproven_shape_20260929","shape OMUX37->IMUX48 d(0,0) is used by no board-PASS open image or qualified fixture","never-proven pip shape: refused by default; admit only after a design-level silicon PASS"
"OMUX40@9,4->IMUX52@9,4","X9Y4","unproven_shape_20260929","shape OMUX40->IMUX52 d(0,0) is used by no board-PASS open image or qualified fixture","never-proven pip shape: refused by default; admit only after a design-level silicon PASS"
"OMUX43@9,4->IMUX56@9,4","X9Y4","unproven_shape_20260929","shape OMUX43->IMUX56 d(0,0) is used by no board-PASS open image or qualified fixture","never-proven pip shape: refused by default; admit only after a design-level silicon PASS"
"OMUX46@9,4->IMUX60@9,4","X9Y4","unproven_shape_20260929","shape OMUX46->IMUX60 d(0,0) is used by no board-PASS open image or qualified fixture","never-proven pip shape: refused by default; admit only after a design-level silicon PASS"
"OMUX01@10,1->IMUX00@10,1","X10Y1","unproven_shape_20260929","shape OMUX1->IMUX0 d(0,0) is used by no board-PASS open image or qualified fixture","never-proven pip shape: refused by default; admit only after a design-level silicon PASS"
"OMUX04@10,1->IMUX04@10,1","X10Y1","unproven_shape_20260929","shape OMUX4->IMUX4 d(0,0) is used by no board-PASS open image or qualified fixture","never-proven pip shape: refused by default; admit only after a design-level silicon PASS"
"OMUX07@10,1->IMUX08@10,1","X10Y1","unproven_shape_20260929","shape OMUX7->IMUX8 d(0,0) is used by no board-PASS open image or qualified fixture","never-proven pip shape: refused by default; admit only after a design-level silicon PASS"
"OMUX10@10,1->IMUX12@10,1","X10Y1","unproven_shape_20260929","shape OMUX10->IMUX12 d(0,0) is used by no board-PASS open image or qualified fixture","never-proven pip shape: refused by default; admit only after a design-level silicon PASS"
"OMUX13@10,1->IMUX16@10,1","X10Y1","unproven_shape_20260929","shape OMUX13->IMUX16 d(0,0) is used by no board-PASS open image or qualified fixture","never-proven pip shape: refused by default; admit only after a design-level silicon PASS"
"OMUX16@10,1->IMUX20@10,1","X10Y1","unproven_shape_20260929","shape OMUX16->IMUX20 d(0,0) is used by no board-PASS open image or qualified fixture","never-proven pip shape: refused by default; admit only after a design-level silicon PASS"
"OMUX19@10,1->IMUX24@10,1","X10Y1","unproven_shape_20260929","shape OMUX19->IMUX24 d(0,0) is used by no board-PASS open image or qualified fixture","never-proven pip shape: refused by default; admit only after a design-level silicon PASS"
"OMUX22@10,1->IMUX28@10,1","X10Y1","unproven_shape_20260929","shape OMUX22->IMUX28 d(0,0) is used by no board-PASS open image or qualified fixture","never-proven pip shape: refused by default; admit only after a design-level silicon PASS"
"OMUX25@10,1->IMUX32@10,1","X10Y1","unproven_shape_20260929","shape OMUX25->IMUX32 d(0,0) is used by no board-PASS open image or qualified fixture","never-proven pip shape: refused by default; admit only after a design-level silicon PASS"
"OMUX28@10,1->IMUX36@10,1","X10Y1","unproven_shape_20260929","shape OMUX28->IMUX36 d(0,0) is used by no board-PASS open image or qualified fixture","never-proven pip shape: refused by default; admit only after a design-level silicon PASS"
"OMUX31@10,1->IMUX40@10,1","X10Y1","unproven_shape_20260929","shape OMUX31->IMUX40 d(0,0) is used by no board-PASS open image or qualified fixture","never-proven pip shape: refused by default; admit only after a design-level silicon PASS"
"OMUX34@10,1->IMUX44@10,1","X10Y1","unproven_shape_20260929","shape OMUX34->IMUX44 d(0,0) is used by no board-PASS open image or qualified fixture","never-proven pip shape: refused by default; admit only after a design-level silicon PASS"
"OMUX37@10,1->IMUX48@10,1","X10Y1","unproven_shape_20260929","shape OMUX37->IMUX48 d(0,0) is used by no board-PASS open image or qualified fixture","never-proven pip shape: refused by default; admit only after a design-level silicon PASS"
"OMUX40@10,1->IMUX52@10,1","X10Y1","unproven_shape_20260929","shape OMUX40->IMUX52 d(0,0) is used by no board-PASS open image or qualified fixture","never-proven pip shape: refused by default; admit only after a design-level silicon PASS"
"OMUX43@10,1->IMUX56@10,1","X10Y1","unproven_shape_20260929","shape OMUX43->IMUX56 d(0,0) is used by no board-PASS open image or qualified fixture","never-proven pip shape: refused by default; admit only after a design-level silicon PASS"
"OMUX46@10,1->IMUX60@10,1","X10Y1","unproven_shape_20260929","shape OMUX46->IMUX60 d(0,0) is used by no board-PASS open image or qualified fixture","never-proven pip shape: refused by default; admit only after a design-level silicon PASS"
"OMUX01@10,2->IMUX00@10,2","X10Y2","unproven_shape_20260929","shape OMUX1->IMUX0 d(0,0) is used by no board-PASS open image or qualified fixture","never-proven pip shape: refused by default; admit only after a design-level silicon PASS"
"OMUX04@10,2->IMUX04@10,2","X10Y2","unproven_shape_20260929","shape OMUX4->IMUX4 d(0,0) is used by no board-PASS open image or qualified fixture","never-proven pip shape: refused by default; admit only after a design-level silicon PASS"
"OMUX13@10,2->IMUX16@10,2","X10Y2","unproven_shape_20260929","shape OMUX13->IMUX16 d(0,0) is used by no board-PASS open image or qualified fixture","never-proven pip shape: refused by default; admit only after a design-level silicon PASS"
"OMUX16@10,2->IMUX20@10,2","X10Y2","unproven_shape_20260929","shape OMUX16->IMUX20 d(0,0) is used by no board-PASS open image or qualified fixture","never-proven pip shape: refused by default; admit only after a design-level silicon PASS"
"OMUX19@10,2->IMUX24@10,2","X10Y2","unproven_shape_20260929","shape OMUX19->IMUX24 d(0,0) is used by no board-PASS open image or qualified fixture","never-proven pip shape: refused by default; admit only after a design-level silicon PASS"
"OMUX22@10,2->IMUX28@10,2","X10Y2","unproven_shape_20260929","shape OMUX22->IMUX28 d(0,0) is used by no board-PASS open image or qualified fixture","never-proven pip shape: refused by default; admit only after a design-level silicon PASS"
"OMUX25@10,2->IMUX32@10,2","X10Y2","unproven_shape_20260929","shape OMUX25->IMUX32 d(0,0) is used by no board-PASS open image or qualified fixture","never-proven pip shape: refused by default; admit only after a design-level silicon PASS"
"OMUX28@10,2->IMUX36@10,2","X10Y2","unproven_shape_20260929","shape OMUX28->IMUX36 d(0,0) is used by no board-PASS open image or qualified fixture","never-proven pip shape: refused by default; admit only after a design-level silicon PASS"
"OMUX31@10,2->IMUX40@10,2","X10Y2","unproven_shape_20260929","shape OMUX31->IMUX40 d(0,0) is used by no board-PASS open image or qualified fixture","never-proven pip shape: refused by default; admit only after a design-level silicon PASS"
"OMUX34@10,2->IMUX44@10,2","X10Y2","unproven_shape_20260929","shape OMUX34->IMUX44 d(0,0) is used by no board-PASS open image or qualified fixture","never-proven pip shape: refused by default; admit only after a design-level silicon PASS"
"OMUX37@10,2->IMUX48@10,2","X10Y2","unproven_shape_20260929","shape OMUX37->IMUX48 d(0,0) is used by no board-PASS open image or qualified fixture","never-proven pip shape: refused by default; admit only after a design-level silicon PASS"
"OMUX40@10,2->IMUX52@10,2","X10Y2","unproven_shape_20260929","shape OMUX40->IMUX52 d(0,0) is used by no board-PASS open image or qualified fixture","never-proven pip shape: refused by default; admit only after a design-level silicon PASS"
"OMUX43@10,2->IMUX56@10,2","X10Y2","unproven_shape_20260929","shape OMUX43->IMUX56 d(0,0) is used by no board-PASS open image or qualified fixture","never-proven pip shape: refused by default; admit only after a design-level silicon PASS"
"OMUX46@10,2->IMUX60@10,2","X10Y2","unproven_shape_20260929","shape OMUX46->IMUX60 d(0,0) is used by no board-PASS open image or qualified fixture","never-proven pip shape: refused by default; admit only after a design-level silicon PASS"
"OMUX01@10,3->IMUX00@10,3","X10Y3","unproven_shape_20260929","shape OMUX1->IMUX0 d(0,0) is used by no board-PASS open image or qualified fixture","never-proven pip shape: refused by default; admit only after a design-level silicon PASS"
"OMUX04@10,3->IMUX04@10,3","X10Y3","unproven_shape_20260929","shape OMUX4->IMUX4 d(0,0) is used by no board-PASS open image or qualified fixture","never-proven pip shape: refused by default; admit only after a design-level silicon PASS"
"OMUX07@10,3->IMUX08@10,3","X10Y3","unproven_shape_20260929","shape OMUX7->IMUX8 d(0,0) is used by no board-PASS open image or qualified fixture","never-proven pip shape: refused by default; admit only after a design-level silicon PASS"
"OMUX10@10,3->IMUX12@10,3","X10Y3","unproven_shape_20260929","shape OMUX10->IMUX12 d(0,0) is used by no board-PASS open image or qualified fixture","never-proven pip shape: refused by default; admit only after a design-level silicon PASS"
"OMUX13@10,3->IMUX16@10,3","X10Y3","unproven_shape_20260929","shape OMUX13->IMUX16 d(0,0) is used by no board-PASS open image or qualified fixture","never-proven pip shape: refused by default; admit only after a design-level silicon PASS"
"OMUX16@10,3->IMUX20@10,3","X10Y3","unproven_shape_20260929","shape OMUX16->IMUX20 d(0,0) is used by no board-PASS open image or qualified fixture","never-proven pip shape: refused by default; admit only after a design-level silicon PASS"
"OMUX19@10,3->IMUX24@10,3","X10Y3","unproven_shape_20260929","shape OMUX19->IMUX24 d(0,0) is used by no board-PASS open image or qualified fixture","never-proven pip shape: refused by default; admit only after a design-level silicon PASS"
"OMUX22@10,3->IMUX28@10,3","X10Y3","unproven_shape_20260929","shape OMUX22->IMUX28 d(0,0) is used by no board-PASS open image or qualified fixture","never-proven pip shape: refused by default; admit only after a design-level silicon PASS"
"OMUX25@10,3->IMUX32@10,3","X10Y3","unproven_shape_20260929","shape OMUX25->IMUX32 d(0,0) is used by no board-PASS open image or qualified fixture","never-proven pip shape: refused by default; admit only after a design-level silicon PASS"
"OMUX28@10,3->IMUX36@10,3","X10Y3","unproven_shape_20260929","shape OMUX28->IMUX36 d(0,0) is used by no board-PASS open image or qualified fixture","never-proven pip shape: refused by default; admit only after a design-level silicon PASS"
"OMUX31@10,3->IMUX40@10,3","X10Y3","unproven_shape_20260929","shape OMUX31->IMUX40 d(0,0) is used by no board-PASS open image or qualified fixture","never-proven pip shape: refused by default; admit only after a design-level silicon PASS"
"OMUX34@10,3->IMUX44@10,3","X10Y3","unproven_shape_20260929","shape OMUX34->IMUX44 d(0,0) is used by no board-PASS open image or qualified fixture","never-proven pip shape: refused by default; admit only after a design-level silicon PASS"
"OMUX37@10,3->IMUX48@10,3","X10Y3","unproven_shape_20260929","shape OMUX37->IMUX48 d(0,0) is used by no board-PASS open image or qualified fixture","never-proven pip shape: refused by default; admit only after a design-level silicon PASS"
"OMUX40@10,3->IMUX52@10,3","X10Y3","unproven_shape_20260929","shape OMUX40->IMUX52 d(0,0) is used by no board-PASS open image or qualified fixture","never-proven pip shape: refused by default; admit only after a design-level silicon PASS"
"OMUX43@10,3->IMUX56@10,3","X10Y3","unproven_shape_20260929","shape OMUX43->IMUX56 d(0,0) is used by no board-PASS open image or qualified fixture","never-proven pip shape: refused by default; admit only after a design-level silicon PASS"
"OMUX46@10,3->IMUX60@10,3","X10Y3","unproven_shape_20260929","shape OMUX46->IMUX60 d(0,0) is used by no board-PASS open image or qualified fixture","never-proven pip shape: refused by default; admit only after a design-level silicon PASS"
"OMUX01@10,4->IMUX00@10,4","X10Y4","unproven_shape_20260929","shape OMUX1->IMUX0 d(0,0) is used by no board-PASS open image or qualified fixture","never-proven pip shape: refused by default; admit only after a design-level silicon PASS"
"OMUX04@10,4->IMUX04@10,4","X10Y4","unproven_shape_20260929","shape OMUX4->IMUX4 d(0,0) is used by no board-PASS open image or qualified fixture","never-proven pip shape: refused by default; admit only after a design-level silicon PASS"
"OMUX10@10,4->IMUX12@10,4","X10Y4","unproven_shape_20260929","shape OMUX10->IMUX12 d(0,0) is used by no board-PASS open image or qualified fixture","never-proven pip shape: refused by default; admit only after a design-level silicon PASS"
"OMUX13@10,4->IMUX16@10,4","X10Y4","unproven_shape_20260929","shape OMUX13->IMUX16 d(0,0) is used by no board-PASS open image or qualified fixture","never-proven pip shape: refused by default; admit only after a design-level silicon PASS"
"OMUX19@10,4->IMUX24@10,4","X10Y4","unproven_shape_20260929","shape OMUX19->IMUX24 d(0,0) is used by no board-PASS open image or qualified fixture","never-proven pip shape: refused by default; admit only after a design-level silicon PASS"
"OMUX28@10,4->IMUX36@10,4","X10Y4","unproven_shape_20260929","shape OMUX28->IMUX36 d(0,0) is used by no board-PASS open image or qualified fixture","never-proven pip shape: refused by default; admit only after a design-level silicon PASS"
"OMUX37@10,4->IMUX48@10,4","X10Y4","unproven_shape_20260929","shape OMUX37->IMUX48 d(0,0) is used by no board-PASS open image or qualified fixture","never-proven pip shape: refused by default; admit only after a design-level silicon PASS"
"OMUX40@10,4->IMUX52@10,4","X10Y4","unproven_shape_20260929","shape OMUX40->IMUX52 d(0,0) is used by no board-PASS open image or qualified fixture","never-proven pip shape: refused by default; admit only after a design-level silicon PASS"
"OMUX46@10,4->IMUX60@10,4","X10Y4","unproven_shape_20260929","shape OMUX46->IMUX60 d(0,0) is used by no board-PASS open image or qualified fixture","never-proven pip shape: refused by default; admit only after a design-level silicon PASS"
"OMUX01@11,1->IMUX00@11,1","X11Y1","unproven_shape_20260929","shape OMUX1->IMUX0 d(0,0) is used by no board-PASS open image or qualified fixture","never-proven pip shape: refused by default; admit only after a design-level silicon PASS"
"OMUX07@11,1->IMUX08@11,1","X11Y1","unproven_shape_20260929","shape OMUX7->IMUX8 d(0,0) is used by no board-PASS open image or qualified fixture","never-proven pip shape: refused by default; admit only after a design-level silicon PASS"
"OMUX13@11,1->IMUX16@11,1","X11Y1","unproven_shape_20260929","shape OMUX13->IMUX16 d(0,0) is used by no board-PASS open image or qualified fixture","never-proven pip shape: refused by default; admit only after a design-level silicon PASS"
"OMUX19@11,1->IMUX24@11,1","X11Y1","unproven_shape_20260929","shape OMUX19->IMUX24 d(0,0) is used by no board-PASS open image or qualified fixture","never-proven pip shape: refused by default; admit only after a design-level silicon PASS"
"OMUX22@11,1->IMUX28@11,1","X11Y1","unproven_shape_20260929","shape OMUX22->IMUX28 d(0,0) is used by no board-PASS open image or qualified fixture","never-proven pip shape: refused by default; admit only after a design-level silicon PASS"
"OMUX28@11,1->IMUX36@11,1","X11Y1","unproven_shape_20260929","shape OMUX28->IMUX36 d(0,0) is used by no board-PASS open image or qualified fixture","never-proven pip shape: refused by default; admit only after a design-level silicon PASS"
"OMUX31@11,1->IMUX40@11,1","X11Y1","unproven_shape_20260929","shape OMUX31->IMUX40 d(0,0) is used by no board-PASS open image or qualified fixture","never-proven pip shape: refused by default; admit only after a design-level silicon PASS"
"OMUX34@11,1->IMUX44@11,1","X11Y1","unproven_shape_20260929","shape OMUX34->IMUX44 d(0,0) is used by no board-PASS open image or qualified fixture","never-proven pip shape: refused by default; admit only after a design-level silicon PASS"
"OMUX37@11,1->IMUX48@11,1","X11Y1","unproven_shape_20260929","shape OMUX37->IMUX48 d(0,0) is used by no board-PASS open image or qualified fixture","never-proven pip shape: refused by default; admit only after a design-level silicon PASS"
"OMUX40@11,1->IMUX52@11,1","X11Y1","unproven_shape_20260929","shape OMUX40->IMUX52 d(0,0) is used by no board-PASS open image or qualified fixture","never-proven pip shape: refused by default; admit only after a design-level silicon PASS"
"OMUX43@11,1->IMUX56@11,1","X11Y1","unproven_shape_20260929","shape OMUX43->IMUX56 d(0,0) is used by no board-PASS open image or qualified fixture","never-proven pip shape: refused by default; admit only after a design-level silicon PASS"
"OMUX46@11,1->IMUX60@11,1","X11Y1","unproven_shape_20260929","shape OMUX46->IMUX60 d(0,0) is used by no board-PASS open image or qualified fixture","never-proven pip shape: refused by default; admit only after a design-level silicon PASS"
"OMUX01@11,2->IMUX00@11,2","X11Y2","unproven_shape_20260929","shape OMUX1->IMUX0 d(0,0) is used by no board-PASS open image or qualified fixture","never-proven pip shape: refused by default; admit only after a design-level silicon PASS"
"OMUX04@11,2->IMUX04@11,2","X11Y2","unproven_shape_20260929","shape OMUX4->IMUX4 d(0,0) is used by no board-PASS open image or qualified fixture","never-proven pip shape: refused by default; admit only after a design-level silicon PASS"
"OMUX07@11,2->IMUX08@11,2","X11Y2","unproven_shape_20260929","shape OMUX7->IMUX8 d(0,0) is used by no board-PASS open image or qualified fixture","never-proven pip shape: refused by default; admit only after a design-level silicon PASS"
"OMUX10@11,2->IMUX12@11,2","X11Y2","unproven_shape_20260929","shape OMUX10->IMUX12 d(0,0) is used by no board-PASS open image or qualified fixture","never-proven pip shape: refused by default; admit only after a design-level silicon PASS"
"OMUX16@11,2->IMUX20@11,2","X11Y2","unproven_shape_20260929","shape OMUX16->IMUX20 d(0,0) is used by no board-PASS open image or qualified fixture","never-proven pip shape: refused by default; admit only after a design-level silicon PASS"
"OMUX22@11,2->IMUX28@11,2","X11Y2","unproven_shape_20260929","shape OMUX22->IMUX28 d(0,0) is used by no board-PASS open image or qualified fixture","never-proven pip shape: refused by default; admit only after a design-level silicon PASS"
"OMUX31@11,2->IMUX40@11,2","X11Y2","unproven_shape_20260929","shape OMUX31->IMUX40 d(0,0) is used by no board-PASS open image or qualified fixture","never-proven pip shape: refused by default; admit only after a design-level silicon PASS"
"OMUX34@11,2->IMUX44@11,2","X11Y2","unproven_shape_20260929","shape OMUX34->IMUX44 d(0,0) is used by no board-PASS open image or qualified fixture","never-proven pip shape: refused by default; admit only after a design-level silicon PASS"
"OMUX37@11,2->IMUX48@11,2","X11Y2","unproven_shape_20260929","shape OMUX37->IMUX48 d(0,0) is used by no board-PASS open image or qualified fixture","never-proven pip shape: refused by default; admit only after a design-level silicon PASS"
"OMUX40@11,2->IMUX52@11,2","X11Y2","unproven_shape_20260929","shape OMUX40->IMUX52 d(0,0) is used by no board-PASS open image or qualified fixture","never-proven pip shape: refused by default; admit only after a design-level silicon PASS"
"OMUX43@11,2->IMUX56@11,2","X11Y2","unproven_shape_20260929","shape OMUX43->IMUX56 d(0,0) is used by no board-PASS open image or qualified fixture","never-proven pip shape: refused by default; admit only after a design-level silicon PASS"
"OMUX46@11,2->IMUX60@11,2","X11Y2","unproven_shape_20260929","shape OMUX46->IMUX60 d(0,0) is used by no board-PASS open image or qualified fixture","never-proven pip shape: refused by default; admit only after a design-level silicon PASS"
"OMUX01@11,3->IMUX00@11,3","X11Y3","unproven_shape_20260929","shape OMUX1->IMUX0 d(0,0) is used by no board-PASS open image or qualified fixture","never-proven pip shape: refused by default; admit only after a design-level silicon PASS"
"OMUX04@11,3->IMUX04@11,3","X11Y3","unproven_shape_20260929","shape OMUX4->IMUX4 d(0,0) is used by no board-PASS open image or qualified fixture","never-proven pip shape: refused by default; admit only after a design-level silicon PASS"
"OMUX07@11,3->IMUX08@11,3","X11Y3","unproven_shape_20260929","shape OMUX7->IMUX8 d(0,0) is used by no board-PASS open image or qualified fixture","never-proven pip shape: refused by default; admit only after a design-level silicon PASS"
"OMUX10@11,3->IMUX12@11,3","X11Y3","unproven_shape_20260929","shape OMUX10->IMUX12 d(0,0) is used by no board-PASS open image or qualified fixture","never-proven pip shape: refused by default; admit only after a design-level silicon PASS"
"OMUX13@11,3->IMUX16@11,3","X11Y3","unproven_shape_20260929","shape OMUX13->IMUX16 d(0,0) is used by no board-PASS open image or qualified fixture","never-proven pip shape: refused by default; admit only after a design-level silicon PASS"
"OMUX16@11,3->IMUX20@11,3","X11Y3","unproven_shape_20260929","shape OMUX16->IMUX20 d(0,0) is used by no board-PASS open image or qualified fixture","never-proven pip shape: refused by default; admit only after a design-level silicon PASS"
"OMUX22@11,3->IMUX28@11,3","X11Y3","unproven_shape_20260929","shape OMUX22->IMUX28 d(0,0) is used by no board-PASS open image or qualified fixture","never-proven pip shape: refused by default; admit only after a design-level silicon PASS"
"OMUX28@11,3->IMUX36@11,3","X11Y3","unproven_shape_20260929","shape OMUX28->IMUX36 d(0,0) is used by no board-PASS open image or qualified fixture","never-proven pip shape: refused by default; admit only after a design-level silicon PASS"
"OMUX31@11,3->IMUX40@11,3","X11Y3","unproven_shape_20260929","shape OMUX31->IMUX40 d(0,0) is used by no board-PASS open image or qualified fixture","never-proven pip shape: refused by default; admit only after a design-level silicon PASS"
"OMUX34@11,3->IMUX44@11,3","X11Y3","unproven_shape_20260929","shape OMUX34->IMUX44 d(0,0) is used by no board-PASS open image or qualified fixture","never-proven pip shape: refused by default; admit only after a design-level silicon PASS"
"OMUX37@11,3->IMUX48@11,3","X11Y3","unproven_shape_20260929","shape OMUX37->IMUX48 d(0,0) is used by no board-PASS open image or qualified fixture","never-proven pip shape: refused by default; admit only after a design-level silicon PASS"
"OMUX40@11,3->IMUX52@11,3","X11Y3","unproven_shape_20260929","shape OMUX40->IMUX52 d(0,0) is used by no board-PASS open image or qualified fixture","never-proven pip shape: refused by default; admit only after a design-level silicon PASS"
"OMUX46@11,3->IMUX60@11,3","X11Y3","unproven_shape_20260929","shape OMUX46->IMUX60 d(0,0) is used by no board-PASS open image or qualified fixture","never-proven pip shape: refused by default; admit only after a design-level silicon PASS"
"OMUX01@11,4->IMUX00@11,4","X11Y4","unproven_shape_20260929","shape OMUX1->IMUX0 d(0,0) is used by no board-PASS open image or qualified fixture","never-proven pip shape: refused by default; admit only after a design-level silicon PASS"
"OMUX04@11,4->IMUX04@11,4","X11Y4","unproven_shape_20260929","shape OMUX4->IMUX4 d(0,0) is used by no board-PASS open image or qualified fixture","never-proven pip shape: refused by default; admit only after a design-level silicon PASS"
"OMUX07@11,4->IMUX08@11,4","X11Y4","unproven_shape_20260929","shape OMUX7->IMUX8 d(0,0) is used by no board-PASS open image or qualified fixture","never-proven pip shape: refused by default; admit only after a design-level silicon PASS"
"OMUX16@11,4->IMUX20@11,4","X11Y4","unproven_shape_20260929","shape OMUX16->IMUX20 d(0,0) is used by no board-PASS open image or qualified fixture","never-proven pip shape: refused by default; admit only after a design-level silicon PASS"
"OMUX19@11,4->IMUX24@11,4","X11Y4","unproven_shape_20260929","shape OMUX19->IMUX24 d(0,0) is used by no board-PASS open image or qualified fixture","never-proven pip shape: refused by default; admit only after a design-level silicon PASS"
"OMUX22@11,4->IMUX28@11,4","X11Y4","unproven_shape_20260929","shape OMUX22->IMUX28 d(0,0) is used by no board-PASS open image or qualified fixture","never-proven pip shape: refused by default; admit only after a design-level silicon PASS"
"OMUX25@11,4->IMUX32@11,4","X11Y4","unproven_shape_20260929","shape OMUX25->IMUX32 d(0,0) is used by no board-PASS open image or qualified fixture","never-proven pip shape: refused by default; admit only after a design-level silicon PASS"
"OMUX28@11,4->IMUX36@11,4","X11Y4","unproven_shape_20260929","shape OMUX28->IMUX36 d(0,0) is used by no board-PASS open image or qualified fixture","never-proven pip shape: refused by default; admit only after a design-level silicon PASS"
"OMUX31@11,4->IMUX40@11,4","X11Y4","unproven_shape_20260929","shape OMUX31->IMUX40 d(0,0) is used by no board-PASS open image or qualified fixture","never-proven pip shape: refused by default; admit only after a design-level silicon PASS"
"OMUX34@11,4->IMUX44@11,4","X11Y4","unproven_shape_20260929","shape OMUX34->IMUX44 d(0,0) is used by no board-PASS open image or qualified fixture","never-proven pip shape: refused by default; admit only after a design-level silicon PASS"
"OMUX37@11,4->IMUX48@11,4","X11Y4","unproven_shape_20260929","shape OMUX37->IMUX48 d(0,0) is used by no board-PASS open image or qualified fixture","never-proven pip shape: refused by default; admit only after a design-level silicon PASS"
"OMUX40@11,4->IMUX52@11,4","X11Y4","unproven_shape_20260929","shape OMUX40->IMUX52 d(0,0) is used by no board-PASS open image or qualified fixture","never-proven pip shape: refused by default; admit only after a design-level silicon PASS"
"OMUX43@11,4->IMUX56@11,4","X11Y4","unproven_shape_20260929","shape OMUX43->IMUX56 d(0,0) is used by no board-PASS open image or qualified fixture","never-proven pip shape: refused by default; admit only after a design-level silicon PASS"
"OMUX46@11,4->IMUX60@11,4","X11Y4","unproven_shape_20260929","shape OMUX46->IMUX60 d(0,0) is used by no board-PASS open image or qualified fixture","never-proven pip shape: refused by default; admit only after a design-level silicon PASS"
"OMUX01@12,1->IMUX00@12,1","X12Y1","unproven_shape_20260929","shape OMUX1->IMUX0 d(0,0) is used by no board-PASS open image or qualified fixture","never-proven pip shape: refused by default; admit only after a design-level silicon PASS"
"OMUX04@12,1->IMUX04@12,1","X12Y1","unproven_shape_20260929","shape OMUX4->IMUX4 d(0,0) is used by no board-PASS open image or qualified fixture","never-proven pip shape: refused by default; admit only after a design-level silicon PASS"
"OMUX07@12,1->IMUX08@12,1","X12Y1","unproven_shape_20260929","shape OMUX7->IMUX8 d(0,0) is used by no board-PASS open image or qualified fixture","never-proven pip shape: refused by default; admit only after a design-level silicon PASS"
"OMUX10@12,1->IMUX12@12,1","X12Y1","unproven_shape_20260929","shape OMUX10->IMUX12 d(0,0) is used by no board-PASS open image or qualified fixture","never-proven pip shape: refused by default; admit only after a design-level silicon PASS"
"OMUX13@12,1->IMUX16@12,1","X12Y1","unproven_shape_20260929","shape OMUX13->IMUX16 d(0,0) is used by no board-PASS open image or qualified fixture","never-proven pip shape: refused by default; admit only after a design-level silicon PASS"
"OMUX19@12,1->IMUX24@12,1","X12Y1","unproven_shape_20260929","shape OMUX19->IMUX24 d(0,0) is used by no board-PASS open image or qualified fixture","never-proven pip shape: refused by default; admit only after a design-level silicon PASS"
"OMUX22@12,1->IMUX28@12,1","X12Y1","unproven_shape_20260929","shape OMUX22->IMUX28 d(0,0) is used by no board-PASS open image or qualified fixture","never-proven pip shape: refused by default; admit only after a design-level silicon PASS"
"OMUX25@12,1->IMUX32@12,1","X12Y1","unproven_shape_20260929","shape OMUX25->IMUX32 d(0,0) is used by no board-PASS open image or qualified fixture","never-proven pip shape: refused by default; admit only after a design-level silicon PASS"
"OMUX28@12,1->IMUX36@12,1","X12Y1","unproven_shape_20260929","shape OMUX28->IMUX36 d(0,0) is used by no board-PASS open image or qualified fixture","never-proven pip shape: refused by default; admit only after a design-level silicon PASS"
"OMUX31@12,1->IMUX40@12,1","X12Y1","unproven_shape_20260929","shape OMUX31->IMUX40 d(0,0) is used by no board-PASS open image or qualified fixture","never-proven pip shape: refused by default; admit only after a design-level silicon PASS"
"OMUX34@12,1->IMUX44@12,1","X12Y1","unproven_shape_20260929","shape OMUX34->IMUX44 d(0,0) is used by no board-PASS open image or qualified fixture","never-proven pip shape: refused by default; admit only after a design-level silicon PASS"
"OMUX37@12,1->IMUX48@12,1","X12Y1","unproven_shape_20260929","shape OMUX37->IMUX48 d(0,0) is used by no board-PASS open image or qualified fixture","never-proven pip shape: refused by default; admit only after a design-level silicon PASS"
"OMUX40@12,1->IMUX52@12,1","X12Y1","unproven_shape_20260929","shape OMUX40->IMUX52 d(0,0) is used by no board-PASS open image or qualified fixture","never-proven pip shape: refused by default; admit only after a design-level silicon PASS"
"OMUX43@12,1->IMUX56@12,1","X12Y1","unproven_shape_20260929","shape OMUX43->IMUX56 d(0,0) is used by no board-PASS open image or qualified fixture","never-proven pip shape: refused by default; admit only after a design-level silicon PASS"
"OMUX46@12,1->IMUX60@12,1","X12Y1","unproven_shape_20260929","shape OMUX46->IMUX60 d(0,0) is used by no board-PASS open image or qualified fixture","never-proven pip shape: refused by default; admit only after a design-level silicon PASS"
"OMUX01@12,2->IMUX00@12,2","X12Y2","unproven_shape_20260929","shape OMUX1->IMUX0 d(0,0) is used by no board-PASS open image or qualified fixture","never-proven pip shape: refused by default; admit only after a design-level silicon PASS"
"OMUX04@12,2->IMUX04@12,2","X12Y2","unproven_shape_20260929","shape OMUX4->IMUX4 d(0,0) is used by no board-PASS open image or qualified fixture","never-proven pip shape: refused by default; admit only after a design-level silicon PASS"
"OMUX07@12,2->IMUX08@12,2","X12Y2","unproven_shape_20260929","shape OMUX7->IMUX8 d(0,0) is used by no board-PASS open image or qualified fixture","never-proven pip shape: refused by default; admit only after a design-level silicon PASS"
"OMUX10@12,2->IMUX12@12,2","X12Y2","unproven_shape_20260929","shape OMUX10->IMUX12 d(0,0) is used by no board-PASS open image or qualified fixture","never-proven pip shape: refused by default; admit only after a design-level silicon PASS"
"OMUX13@12,2->IMUX16@12,2","X12Y2","unproven_shape_20260929","shape OMUX13->IMUX16 d(0,0) is used by no board-PASS open image or qualified fixture","never-proven pip shape: refused by default; admit only after a design-level silicon PASS"
"OMUX16@12,2->IMUX20@12,2","X12Y2","unproven_shape_20260929","shape OMUX16->IMUX20 d(0,0) is used by no board-PASS open image or qualified fixture","never-proven pip shape: refused by default; admit only after a design-level silicon PASS"
"OMUX22@12,2->IMUX28@12,2","X12Y2","unproven_shape_20260929","shape OMUX22->IMUX28 d(0,0) is used by no board-PASS open image or qualified fixture","never-proven pip shape: refused by default; admit only after a design-level silicon PASS"
"OMUX25@12,2->IMUX32@12,2","X12Y2","unproven_shape_20260929","shape OMUX25->IMUX32 d(0,0) is used by no board-PASS open image or qualified fixture","never-proven pip shape: refused by default; admit only after a design-level silicon PASS"
"OMUX28@12,2->IMUX36@12,2","X12Y2","unproven_shape_20260929","shape OMUX28->IMUX36 d(0,0) is used by no board-PASS open image or qualified fixture","never-proven pip shape: refused by default; admit only after a design-level silicon PASS"
"OMUX31@12,2->IMUX40@12,2","X12Y2","unproven_shape_20260929","shape OMUX31->IMUX40 d(0,0) is used by no board-PASS open image or qualified fixture","never-proven pip shape: refused by default; admit only after a design-level silicon PASS"
"OMUX34@12,2->IMUX44@12,2","X12Y2","unproven_shape_20260929","shape OMUX34->IMUX44 d(0,0) is used by no board-PASS open image or qualified fixture","never-proven pip shape: refused by default; admit only after a design-level silicon PASS"
"OMUX37@12,2->IMUX48@12,2","X12Y2","unproven_shape_20260929","shape OMUX37->IMUX48 d(0,0) is used by no board-PASS open image or qualified fixture","never-proven pip shape: refused by default; admit only after a design-level silicon PASS"
"OMUX40@12,2->IMUX52@12,2","X12Y2","unproven_shape_20260929","shape OMUX40->IMUX52 d(0,0) is used by no board-PASS open image or qualified fixture","never-proven pip shape: refused by default; admit only after a design-level silicon PASS"
"OMUX43@12,2->IMUX56@12,2","X12Y2","unproven_shape_20260929","shape OMUX43->IMUX56 d(0,0) is used by no board-PASS open image or qualified fixture","never-proven pip shape: refused by default; admit only after a design-level silicon PASS"
"OMUX46@12,2->IMUX60@12,2","X12Y2","unproven_shape_20260929","shape OMUX46->IMUX60 d(0,0) is used by no board-PASS open image or qualified fixture","never-proven pip shape: refused by default; admit only after a design-level silicon PASS"
"OMUX01@12,3->IMUX00@12,3","X12Y3","unproven_shape_20260929","shape OMUX1->IMUX0 d(0,0) is used by no board-PASS open image or qualified fixture","never-proven pip shape: refused by default; admit only after a design-level silicon PASS"
"OMUX04@12,3->IMUX04@12,3","X12Y3","unproven_shape_20260929","shape OMUX4->IMUX4 d(0,0) is used by no board-PASS open image or qualified fixture","never-proven pip shape: refused by default; admit only after a design-level silicon PASS"
"OMUX07@12,3->IMUX08@12,3","X12Y3","unproven_shape_20260929","shape OMUX7->IMUX8 d(0,0) is used by no board-PASS open image or qualified fixture","never-proven pip shape: refused by default; admit only after a design-level silicon PASS"
"OMUX10@12,3->IMUX12@12,3","X12Y3","unproven_shape_20260929","shape OMUX10->IMUX12 d(0,0) is used by no board-PASS open image or qualified fixture","never-proven pip shape: refused by default; admit only after a design-level silicon PASS"
"OMUX13@12,3->IMUX16@12,3","X12Y3","unproven_shape_20260929","shape OMUX13->IMUX16 d(0,0) is used by no board-PASS open image or qualified fixture","never-proven pip shape: refused by default; admit only after a design-level silicon PASS"
"OMUX19@12,3->IMUX24@12,3","X12Y3","unproven_shape_20260929","shape OMUX19->IMUX24 d(0,0) is used by no board-PASS open image or qualified fixture","never-proven pip shape: refused by default; admit only after a design-level silicon PASS"
"OMUX22@12,3->IMUX28@12,3","X12Y3","unproven_shape_20260929","shape OMUX22->IMUX28 d(0,0) is used by no board-PASS open image or qualified fixture","never-proven pip shape: refused by default; admit only after a design-level silicon PASS"
"OMUX25@12,3->IMUX32@12,3","X12Y3","unproven_shape_20260929","shape OMUX25->IMUX32 d(0,0) is used by no board-PASS open image or qualified fixture","never-proven pip shape: refused by default; admit only after a design-level silicon PASS"
"OMUX28@12,3->IMUX36@12,3","X12Y3","unproven_shape_20260929","shape OMUX28->IMUX36 d(0,0) is used by no board-PASS open image or qualified fixture","never-proven pip shape: refused by default; admit only after a design-level silicon PASS"
"OMUX31@12,3->IMUX40@12,3","X12Y3","unproven_shape_20260929","shape OMUX31->IMUX40 d(0,0) is used by no board-PASS open image or qualified fixture","never-proven pip shape: refused by default; admit only after a design-level silicon PASS"
"OMUX34@12,3->IMUX44@12,3","X12Y3","unproven_shape_20260929","shape OMUX34->IMUX44 d(0,0) is used by no board-PASS open image or qualified fixture","never-proven pip shape: refused by default; admit only after a design-level silicon PASS"
"OMUX37@12,3->IMUX48@12,3","X12Y3","unproven_shape_20260929","shape OMUX37->IMUX48 d(0,0) is used by no board-PASS open image or qualified fixture","never-proven pip shape: refused by default; admit only after a design-level silicon PASS"
"OMUX40@12,3->IMUX52@12,3","X12Y3","unproven_shape_20260929","shape OMUX40->IMUX52 d(0,0) is used by no board-PASS open image or qualified fixture","never-proven pip shape: refused by default; admit only after a design-level silicon PASS"
"OMUX43@12,3->IMUX56@12,3","X12Y3","unproven_shape_20260929","shape OMUX43->IMUX56 d(0,0) is used by no board-PASS open image or qualified fixture","never-proven pip shape: refused by default; admit only after a design-level silicon PASS"
"OMUX46@12,3->IMUX60@12,3","X12Y3","unproven_shape_20260929","shape OMUX46->IMUX60 d(0,0) is used by no board-PASS open image or qualified fixture","never-proven pip shape: refused by default; admit only after a design-level silicon PASS"
"OMUX01@12,4->IMUX00@12,4","X12Y4","unproven_shape_20260929","shape OMUX1->IMUX0 d(0,0) is used by no board-PASS open image or qualified fixture","never-proven pip shape: refused by default; admit only after a design-level silicon PASS"
"OMUX04@12,4->IMUX04@12,4","X12Y4","unproven_shape_20260929","shape OMUX4->IMUX4 d(0,0) is used by no board-PASS open image or qualified fixture","never-proven pip shape: refused by default; admit only after a design-level silicon PASS"
"OMUX07@12,4->IMUX08@12,4","X12Y4","unproven_shape_20260929","shape OMUX7->IMUX8 d(0,0) is used by no board-PASS open image or qualified fixture","never-proven pip shape: refused by default; admit only after a design-level silicon PASS"
"OMUX10@12,4->IMUX12@12,4","X12Y4","unproven_shape_20260929","shape OMUX10->IMUX12 d(0,0) is used by no board-PASS open image or qualified fixture","never-proven pip shape: refused by default; admit only after a design-level silicon PASS"
"OMUX13@12,4->IMUX16@12,4","X12Y4","unproven_shape_20260929","shape OMUX13->IMUX16 d(0,0) is used by no board-PASS open image or qualified fixture","never-proven pip shape: refused by default; admit only after a design-level silicon PASS"
"OMUX16@12,4->IMUX20@12,4","X12Y4","unproven_shape_20260929","shape OMUX16->IMUX20 d(0,0) is used by no board-PASS open image or qualified fixture","never-proven pip shape: refused by default; admit only after a design-level silicon PASS"
"OMUX19@12,4->IMUX24@12,4","X12Y4","unproven_shape_20260929","shape OMUX19->IMUX24 d(0,0) is used by no board-PASS open image or qualified fixture","never-proven pip shape: refused by default; admit only after a design-level silicon PASS"
"OMUX22@12,4->IMUX28@12,4","X12Y4","unproven_shape_20260929","shape OMUX22->IMUX28 d(0,0) is used by no board-PASS open image or qualified fixture","never-proven pip shape: refused by default; admit only after a design-level silicon PASS"
"OMUX25@12,4->IMUX32@12,4","X12Y4","unproven_shape_20260929","shape OMUX25->IMUX32 d(0,0) is used by no board-PASS open image or qualified fixture","never-proven pip shape: refused by default; admit only after a design-level silicon PASS"
"OMUX28@12,4->IMUX36@12,4","X12Y4","unproven_shape_20260929","shape OMUX28->IMUX36 d(0,0) is used by no board-PASS open image or qualified fixture","never-proven pip shape: refused by default; admit only after a design-level silicon PASS"
"OMUX31@12,4->IMUX40@12,4","X12Y4","unproven_shape_20260929","shape OMUX31->IMUX40 d(0,0) is used by no board-PASS open image or qualified fixture","never-proven pip shape: refused by default; admit only after a design-level silicon PASS"
"OMUX34@12,4->IMUX44@12,4","X12Y4","unproven_shape_20260929","shape OMUX34->IMUX44 d(0,0) is used by no board-PASS open image or qualified fixture","never-proven pip shape: refused by default; admit only after a design-level silicon PASS"
"OMUX37@12,4->IMUX48@12,4","X12Y4","unproven_shape_20260929","shape OMUX37->IMUX48 d(0,0) is used by no board-PASS open image or qualified fixture","never-proven pip shape: refused by default; admit only after a design-level silicon PASS"
"OMUX40@12,4->IMUX52@12,4","X12Y4","unproven_shape_20260929","shape OMUX40->IMUX52 d(0,0) is used by no board-PASS open image or qualified fixture","never-proven pip shape: refused by default; admit only after a design-level silicon PASS"
"OMUX43@12,4->IMUX56@12,4","X12Y4","unproven_shape_20260929","shape OMUX43->IMUX56 d(0,0) is used by no board-PASS open image or qualified fixture","never-proven pip shape: refused by default; admit only after a design-level silicon PASS"
"OMUX46@12,4->IMUX60@12,4","X12Y4","unproven_shape_20260929","shape OMUX46->IMUX60 d(0,0) is used by no board-PASS open image or qualified fixture","never-proven pip shape: refused by default; admit only after a design-level silicon PASS"
"OMUX01@14,1->IMUX00@14,1","X14Y1","unproven_shape_20260929","shape OMUX1->IMUX0 d(0,0) is used by no board-PASS open image or qualified fixture","never-proven pip shape: refused by default; admit only after a design-level silicon PASS"
"OMUX04@14,1->IMUX04@14,1","X14Y1","unproven_shape_20260929","shape OMUX4->IMUX4 d(0,0) is used by no board-PASS open image or qualified fixture","never-proven pip shape: refused by default; admit only after a design-level silicon PASS"
"OMUX07@14,1->IMUX08@14,1","X14Y1","unproven_shape_20260929","shape OMUX7->IMUX8 d(0,0) is used by no board-PASS open image or qualified fixture","never-proven pip shape: refused by default; admit only after a design-level silicon PASS"
"OMUX13@14,1->IMUX16@14,1","X14Y1","unproven_shape_20260929","shape OMUX13->IMUX16 d(0,0) is used by no board-PASS open image or qualified fixture","never-proven pip shape: refused by default; admit only after a design-level silicon PASS"
"OMUX22@14,1->IMUX28@14,1","X14Y1","unproven_shape_20260929","shape OMUX22->IMUX28 d(0,0) is used by no board-PASS open image or qualified fixture","never-proven pip shape: refused by default; admit only after a design-level silicon PASS"
"OMUX25@14,1->IMUX32@14,1","X14Y1","unproven_shape_20260929","shape OMUX25->IMUX32 d(0,0) is used by no board-PASS open image or qualified fixture","never-proven pip shape: refused by default; admit only after a design-level silicon PASS"
"OMUX28@14,1->IMUX36@14,1","X14Y1","unproven_shape_20260929","shape OMUX28->IMUX36 d(0,0) is used by no board-PASS open image or qualified fixture","never-proven pip shape: refused by default; admit only after a design-level silicon PASS"
"OMUX31@14,1->IMUX40@14,1","X14Y1","unproven_shape_20260929","shape OMUX31->IMUX40 d(0,0) is used by no board-PASS open image or qualified fixture","never-proven pip shape: refused by default; admit only after a design-level silicon PASS"
"OMUX34@14,1->IMUX44@14,1","X14Y1","unproven_shape_20260929","shape OMUX34->IMUX44 d(0,0) is used by no board-PASS open image or qualified fixture","never-proven pip shape: refused by default; admit only after a design-level silicon PASS"
"OMUX37@14,1->IMUX48@14,1","X14Y1","unproven_shape_20260929","shape OMUX37->IMUX48 d(0,0) is used by no board-PASS open image or qualified fixture","never-proven pip shape: refused by default; admit only after a design-level silicon PASS"
"OMUX40@14,1->IMUX52@14,1","X14Y1","unproven_shape_20260929","shape OMUX40->IMUX52 d(0,0) is used by no board-PASS open image or qualified fixture","never-proven pip shape: refused by default; admit only after a design-level silicon PASS"
"OMUX43@14,1->IMUX56@14,1","X14Y1","unproven_shape_20260929","shape OMUX43->IMUX56 d(0,0) is used by no board-PASS open image or qualified fixture","never-proven pip shape: refused by default; admit only after a design-level silicon PASS"
"OMUX46@14,1->IMUX60@14,1","X14Y1","unproven_shape_20260929","shape OMUX46->IMUX60 d(0,0) is used by no board-PASS open image or qualified fixture","never-proven pip shape: refused by default; admit only after a design-level silicon PASS"
"OMUX01@14,2->IMUX00@14,2","X14Y2","unproven_shape_20260929","shape OMUX1->IMUX0 d(0,0) is used by no board-PASS open image or qualified fixture","never-proven pip shape: refused by default; admit only after a design-level silicon PASS"
"OMUX07@14,2->IMUX08@14,2","X14Y2","unproven_shape_20260929","shape OMUX7->IMUX8 d(0,0) is used by no board-PASS open image or qualified fixture","never-proven pip shape: refused by default; admit only after a design-level silicon PASS"
"OMUX10@14,2->IMUX12@14,2","X14Y2","unproven_shape_20260929","shape OMUX10->IMUX12 d(0,0) is used by no board-PASS open image or qualified fixture","never-proven pip shape: refused by default; admit only after a design-level silicon PASS"
"OMUX13@14,2->IMUX16@14,2","X14Y2","unproven_shape_20260929","shape OMUX13->IMUX16 d(0,0) is used by no board-PASS open image or qualified fixture","never-proven pip shape: refused by default; admit only after a design-level silicon PASS"
"OMUX16@14,2->IMUX20@14,2","X14Y2","unproven_shape_20260929","shape OMUX16->IMUX20 d(0,0) is used by no board-PASS open image or qualified fixture","never-proven pip shape: refused by default; admit only after a design-level silicon PASS"
"OMUX19@14,2->IMUX24@14,2","X14Y2","unproven_shape_20260929","shape OMUX19->IMUX24 d(0,0) is used by no board-PASS open image or qualified fixture","never-proven pip shape: refused by default; admit only after a design-level silicon PASS"
"OMUX22@14,2->IMUX28@14,2","X14Y2","unproven_shape_20260929","shape OMUX22->IMUX28 d(0,0) is used by no board-PASS open image or qualified fixture","never-proven pip shape: refused by default; admit only after a design-level silicon PASS"
"OMUX25@14,2->IMUX32@14,2","X14Y2","unproven_shape_20260929","shape OMUX25->IMUX32 d(0,0) is used by no board-PASS open image or qualified fixture","never-proven pip shape: refused by default; admit only after a design-level silicon PASS"
"OMUX28@14,2->IMUX36@14,2","X14Y2","unproven_shape_20260929","shape OMUX28->IMUX36 d(0,0) is used by no board-PASS open image or qualified fixture","never-proven pip shape: refused by default; admit only after a design-level silicon PASS"
"OMUX31@14,2->IMUX40@14,2","X14Y2","unproven_shape_20260929","shape OMUX31->IMUX40 d(0,0) is used by no board-PASS open image or qualified fixture","never-proven pip shape: refused by default; admit only after a design-level silicon PASS"
"OMUX34@14,2->IMUX44@14,2","X14Y2","unproven_shape_20260929","shape OMUX34->IMUX44 d(0,0) is used by no board-PASS open image or qualified fixture","never-proven pip shape: refused by default; admit only after a design-level silicon PASS"
"OMUX37@14,2->IMUX48@14,2","X14Y2","unproven_shape_20260929","shape OMUX37->IMUX48 d(0,0) is used by no board-PASS open image or qualified fixture","never-proven pip shape: refused by default; admit only after a design-level silicon PASS"
"OMUX40@14,2->IMUX52@14,2","X14Y2","unproven_shape_20260929","shape OMUX40->IMUX52 d(0,0) is used by no board-PASS open image or qualified fixture","never-proven pip shape: refused by default; admit only after a design-level silicon PASS"
"OMUX43@14,2->IMUX56@14,2","X14Y2","unproven_shape_20260929","shape OMUX43->IMUX56 d(0,0) is used by no board-PASS open image or qualified fixture","never-proven pip shape: refused by default; admit only after a design-level silicon PASS"
"OMUX46@14,2->IMUX60@14,2","X14Y2","unproven_shape_20260929","shape OMUX46->IMUX60 d(0,0) is used by no board-PASS open image or qualified fixture","never-proven pip shape: refused by default; admit only after a design-level silicon PASS"
"OMUX01@14,3->IMUX00@14,3","X14Y3","unproven_shape_20260929","shape OMUX1->IMUX0 d(0,0) is used by no board-PASS open image or qualified fixture","never-proven pip shape: refused by default; admit only after a design-level silicon PASS"
"OMUX04@14,3->IMUX04@14,3","X14Y3","unproven_shape_20260929","shape OMUX4->IMUX4 d(0,0) is used by no board-PASS open image or qualified fixture","never-proven pip shape: refused by default; admit only after a design-level silicon PASS"
"OMUX07@14,3->IMUX08@14,3","X14Y3","unproven_shape_20260929","shape OMUX7->IMUX8 d(0,0) is used by no board-PASS open image or qualified fixture","never-proven pip shape: refused by default; admit only after a design-level silicon PASS"
"OMUX10@14,3->IMUX12@14,3","X14Y3","unproven_shape_20260929","shape OMUX10->IMUX12 d(0,0) is used by no board-PASS open image or qualified fixture","never-proven pip shape: refused by default; admit only after a design-level silicon PASS"
"OMUX13@14,3->IMUX16@14,3","X14Y3","unproven_shape_20260929","shape OMUX13->IMUX16 d(0,0) is used by no board-PASS open image or qualified fixture","never-proven pip shape: refused by default; admit only after a design-level silicon PASS"
"OMUX16@14,3->IMUX20@14,3","X14Y3","unproven_shape_20260929","shape OMUX16->IMUX20 d(0,0) is used by no board-PASS open image or qualified fixture","never-proven pip shape: refused by default; admit only after a design-level silicon PASS"
"OMUX19@14,3->IMUX24@14,3","X14Y3","unproven_shape_20260929","shape OMUX19->IMUX24 d(0,0) is used by no board-PASS open image or qualified fixture","never-proven pip shape: refused by default; admit only after a design-level silicon PASS"
"OMUX25@14,3->IMUX32@14,3","X14Y3","unproven_shape_20260929","shape OMUX25->IMUX32 d(0,0) is used by no board-PASS open image or qualified fixture","never-proven pip shape: refused by default; admit only after a design-level silicon PASS"
"OMUX31@14,3->IMUX40@14,3","X14Y3","unproven_shape_20260929","shape OMUX31->IMUX40 d(0,0) is used by no board-PASS open image or qualified fixture","never-proven pip shape: refused by default; admit only after a design-level silicon PASS"
"OMUX37@14,3->IMUX48@14,3","X14Y3","unproven_shape_20260929","shape OMUX37->IMUX48 d(0,0) is used by no board-PASS open image or qualified fixture","never-proven pip shape: refused by default; admit only after a design-level silicon PASS"
"OMUX40@14,3->IMUX52@14,3","X14Y3","unproven_shape_20260929","shape OMUX40->IMUX52 d(0,0) is used by no board-PASS open image or qualified fixture","never-proven pip shape: refused by default; admit only after a design-level silicon PASS"
"OMUX43@14,3->IMUX56@14,3","X14Y3","unproven_shape_20260929","shape OMUX43->IMUX56 d(0,0) is used by no board-PASS open image or qualified fixture","never-proven pip shape: refused by default; admit only after a design-level silicon PASS"
"OMUX46@14,3->IMUX60@14,3","X14Y3","unproven_shape_20260929","shape OMUX46->IMUX60 d(0,0) is used by no board-PASS open image or qualified fixture","never-proven pip shape: refused by default; admit only after a design-level silicon PASS"
"OMUX04@14,4->IMUX04@14,4","X14Y4","unproven_shape_20260929","shape OMUX4->IMUX4 d(0,0) is used by no board-PASS open image or qualified fixture","never-proven pip shape: refused by default; admit only after a design-level silicon PASS"
"OMUX07@14,4->IMUX08@14,4","X14Y4","unproven_shape_20260929","shape OMUX7->IMUX8 d(0,0) is used by no board-PASS open image or qualified fixture","never-proven pip shape: refused by default; admit only after a design-level silicon PASS"
"OMUX10@14,4->IMUX12@14,4","X14Y4","unproven_shape_20260929","shape OMUX10->IMUX12 d(0,0) is used by no board-PASS open image or qualified fixture","never-proven pip shape: refused by default; admit only after a design-level silicon PASS"
"OMUX13@14,4->IMUX16@14,4","X14Y4","unproven_shape_20260929","shape OMUX13->IMUX16 d(0,0) is used by no board-PASS open image or qualified fixture","never-proven pip shape: refused by default; admit only after a design-level silicon PASS"
"OMUX16@14,4->IMUX20@14,4","X14Y4","unproven_shape_20260929","shape OMUX16->IMUX20 d(0,0) is used by no board-PASS open image or qualified fixture","never-proven pip shape: refused by default; admit only after a design-level silicon PASS"
"OMUX22@14,4->IMUX28@14,4","X14Y4","unproven_shape_20260929","shape OMUX22->IMUX28 d(0,0) is used by no board-PASS open image or qualified fixture","never-proven pip shape: refused by default; admit only after a design-level silicon PASS"
"OMUX25@14,4->IMUX32@14,4","X14Y4","unproven_shape_20260929","shape OMUX25->IMUX32 d(0,0) is used by no board-PASS open image or qualified fixture","never-proven pip shape: refused by default; admit only after a design-level silicon PASS"
"OMUX31@14,4->IMUX40@14,4","X14Y4","unproven_shape_20260929","shape OMUX31->IMUX40 d(0,0) is used by no board-PASS open image or qualified fixture","never-proven pip shape: refused by default; admit only after a design-level silicon PASS"
"OMUX37@14,4->IMUX48@14,4","X14Y4","unproven_shape_20260929","shape OMUX37->IMUX48 d(0,0) is used by no board-PASS open image or qualified fixture","never-proven pip shape: refused by default; admit only after a design-level silicon PASS"
"OMUX40@14,4->IMUX52@14,4","X14Y4","unproven_shape_20260929","shape OMUX40->IMUX52 d(0,0) is used by no board-PASS open image or qualified fixture","never-proven pip shape: refused by default; admit only after a design-level silicon PASS"
"OMUX43@14,4->IMUX56@14,4","X14Y4","unproven_shape_20260929","shape OMUX43->IMUX56 d(0,0) is used by no board-PASS open image or qualified fixture","never-proven pip shape: refused by default; admit only after a design-level silicon PASS"
"OMUX46@14,4->IMUX60@14,4","X14Y4","unproven_shape_20260929","shape OMUX46->IMUX60 d(0,0) is used by no board-PASS open image or qualified fixture","never-proven pip shape: refused by default; admit only after a design-level silicon PASS"
"OMUX01@14,5->IMUX00@14,5","X14Y5","unproven_shape_20260929","shape OMUX1->IMUX0 d(0,0) is used by no board-PASS open image or qualified fixture","never-proven pip shape: refused by default; admit only after a design-level silicon PASS"
"OMUX04@14,5->IMUX04@14,5","X14Y5","unproven_shape_20260929","shape OMUX4->IMUX4 d(0,0) is used by no board-PASS open image or qualified fixture","never-proven pip shape: refused by default; admit only after a design-level silicon PASS"
"OMUX07@14,5->IMUX08@14,5","X14Y5","unproven_shape_20260929","shape OMUX7->IMUX8 d(0,0) is used by no board-PASS open image or qualified fixture","never-proven pip shape: refused by default; admit only after a design-level silicon PASS"
"OMUX10@14,5->IMUX12@14,5","X14Y5","unproven_shape_20260929","shape OMUX10->IMUX12 d(0,0) is used by no board-PASS open image or qualified fixture","never-proven pip shape: refused by default; admit only after a design-level silicon PASS"
"OMUX13@14,5->IMUX16@14,5","X14Y5","unproven_shape_20260929","shape OMUX13->IMUX16 d(0,0) is used by no board-PASS open image or qualified fixture","never-proven pip shape: refused by default; admit only after a design-level silicon PASS"
"OMUX16@14,5->IMUX20@14,5","X14Y5","unproven_shape_20260929","shape OMUX16->IMUX20 d(0,0) is used by no board-PASS open image or qualified fixture","never-proven pip shape: refused by default; admit only after a design-level silicon PASS"
"OMUX19@14,5->IMUX24@14,5","X14Y5","unproven_shape_20260929","shape OMUX19->IMUX24 d(0,0) is used by no board-PASS open image or qualified fixture","never-proven pip shape: refused by default; admit only after a design-level silicon PASS"
"OMUX22@14,5->IMUX28@14,5","X14Y5","unproven_shape_20260929","shape OMUX22->IMUX28 d(0,0) is used by no board-PASS open image or qualified fixture","never-proven pip shape: refused by default; admit only after a design-level silicon PASS"
"OMUX25@14,5->IMUX32@14,5","X14Y5","unproven_shape_20260929","shape OMUX25->IMUX32 d(0,0) is used by no board-PASS open image or qualified fixture","never-proven pip shape: refused by default; admit only after a design-level silicon PASS"
"OMUX28@14,5->IMUX36@14,5","X14Y5","unproven_shape_20260929","shape OMUX28->IMUX36 d(0,0) is used by no board-PASS open image or qualified fixture","never-proven pip shape: refused by default; admit only after a design-level silicon PASS"
"OMUX31@14,5->IMUX40@14,5","X14Y5","unproven_shape_20260929","shape OMUX31->IMUX40 d(0,0) is used by no board-PASS open image or qualified fixture","never-proven pip shape: refused by default; admit only after a design-level silicon PASS"
"OMUX34@14,5->IMUX44@14,5","X14Y5","unproven_shape_20260929","shape OMUX34->IMUX44 d(0,0) is used by no board-PASS open image or qualified fixture","never-proven pip shape: refused by default; admit only after a design-level silicon PASS"
"OMUX37@14,5->IMUX48@14,5","X14Y5","unproven_shape_20260929","shape OMUX37->IMUX48 d(0,0) is used by no board-PASS open image or qualified fixture","never-proven pip shape: refused by default; admit only after a design-level silicon PASS"
"OMUX40@14,5->IMUX52@14,5","X14Y5","unproven_shape_20260929","shape OMUX40->IMUX52 d(0,0) is used by no board-PASS open image or qualified fixture","never-proven pip shape: refused by default; admit only after a design-level silicon PASS"
"OMUX43@14,5->IMUX56@14,5","X14Y5","unproven_shape_20260929","shape OMUX43->IMUX56 d(0,0) is used by no board-PASS open image or qualified fixture","never-proven pip shape: refused by default; admit only after a design-level silicon PASS"
"OMUX46@14,5->IMUX60@14,5","X14Y5","unproven_shape_20260929","shape OMUX46->IMUX60 d(0,0) is used by no board-PASS open image or qualified fixture","never-proven pip shape: refused by default; admit only after a design-level silicon PASS"
"OMUX01@14,6->IMUX00@14,6","X14Y6","unproven_shape_20260929","shape OMUX1->IMUX0 d(0,0) is used by no board-PASS open image or qualified fixture","never-proven pip shape: refused by default; admit only after a design-level silicon PASS"
"OMUX04@14,6->IMUX04@14,6","X14Y6","unproven_shape_20260929","shape OMUX4->IMUX4 d(0,0) is used by no board-PASS open image or qualified fixture","never-proven pip shape: refused by default; admit only after a design-level silicon PASS"
"OMUX13@14,6->IMUX16@14,6","X14Y6","unproven_shape_20260929","shape OMUX13->IMUX16 d(0,0) is used by no board-PASS open image or qualified fixture","never-proven pip shape: refused by default; admit only after a design-level silicon PASS"
"OMUX16@14,6->IMUX20@14,6","X14Y6","unproven_shape_20260929","shape OMUX16->IMUX20 d(0,0) is used by no board-PASS open image or qualified fixture","never-proven pip shape: refused by default; admit only after a design-level silicon PASS"
"OMUX19@14,6->IMUX24@14,6","X14Y6","unproven_shape_20260929","shape OMUX19->IMUX24 d(0,0) is used by no board-PASS open image or qualified fixture","never-proven pip shape: refused by default; admit only after a design-level silicon PASS"
"OMUX22@14,6->IMUX28@14,6","X14Y6","unproven_shape_20260929","shape OMUX22->IMUX28 d(0,0) is used by no board-PASS open image or qualified fixture","never-proven pip shape: refused by default; admit only after a design-level silicon PASS"
"OMUX25@14,6->IMUX32@14,6","X14Y6","unproven_shape_20260929","shape OMUX25->IMUX32 d(0,0) is used by no board-PASS open image or qualified fixture","never-proven pip shape: refused by default; admit only after a design-level silicon PASS"
"OMUX28@14,6->IMUX36@14,6","X14Y6","unproven_shape_20260929","shape OMUX28->IMUX36 d(0,0) is used by no board-PASS open image or qualified fixture","never-proven pip shape: refused by default; admit only after a design-level silicon PASS"
"OMUX34@14,6->IMUX44@14,6","X14Y6","unproven_shape_20260929","shape OMUX34->IMUX44 d(0,0) is used by no board-PASS open image or qualified fixture","never-proven pip shape: refused by default; admit only after a design-level silicon PASS"
"OMUX37@14,6->IMUX48@14,6","X14Y6","unproven_shape_20260929","shape OMUX37->IMUX48 d(0,0) is used by no board-PASS open image or qualified fixture","never-proven pip shape: refused by default; admit only after a design-level silicon PASS"
"OMUX01@14,7->IMUX00@14,7","X14Y7","unproven_shape_20260929","shape OMUX1->IMUX0 d(0,0) is used by no board-PASS open image or qualified fixture","never-proven pip shape: refused by default; admit only after a design-level silicon PASS"
"OMUX04@14,7->IMUX04@14,7","X14Y7","unproven_shape_20260929","shape OMUX4->IMUX4 d(0,0) is used by no board-PASS open image or qualified fixture","never-proven pip shape: refused by default; admit only after a design-level silicon PASS"
"OMUX07@14,7->IMUX08@14,7","X14Y7","unproven_shape_20260929","shape OMUX7->IMUX8 d(0,0) is used by no board-PASS open image or qualified fixture","never-proven pip shape: refused by default; admit only after a design-level silicon PASS"
"OMUX10@14,7->IMUX12@14,7","X14Y7","unproven_shape_20260929","shape OMUX10->IMUX12 d(0,0) is used by no board-PASS open image or qualified fixture","never-proven pip shape: refused by default; admit only after a design-level silicon PASS"
"OMUX13@14,7->IMUX16@14,7","X14Y7","unproven_shape_20260929","shape OMUX13->IMUX16 d(0,0) is used by no board-PASS open image or qualified fixture","never-proven pip shape: refused by default; admit only after a design-level silicon PASS"
"OMUX16@14,7->IMUX20@14,7","X14Y7","unproven_shape_20260929","shape OMUX16->IMUX20 d(0,0) is used by no board-PASS open image or qualified fixture","never-proven pip shape: refused by default; admit only after a design-level silicon PASS"
"OMUX19@14,7->IMUX24@14,7","X14Y7","unproven_shape_20260929","shape OMUX19->IMUX24 d(0,0) is used by no board-PASS open image or qualified fixture","never-proven pip shape: refused by default; admit only after a design-level silicon PASS"
"OMUX22@14,7->IMUX28@14,7","X14Y7","unproven_shape_20260929","shape OMUX22->IMUX28 d(0,0) is used by no board-PASS open image or qualified fixture","never-proven pip shape: refused by default; admit only after a design-level silicon PASS"
"OMUX25@14,7->IMUX32@14,7","X14Y7","unproven_shape_20260929","shape OMUX25->IMUX32 d(0,0) is used by no board-PASS open image or qualified fixture","never-proven pip shape: refused by default; admit only after a design-level silicon PASS"
"OMUX28@14,7->IMUX36@14,7","X14Y7","unproven_shape_20260929","shape OMUX28->IMUX36 d(0,0) is used by no board-PASS open image or qualified fixture","never-proven pip shape: refused by default; admit only after a design-level silicon PASS"
"OMUX31@14,7->IMUX40@14,7","X14Y7","unproven_shape_20260929","shape OMUX31->IMUX40 d(0,0) is used by no board-PASS open image or qualified fixture","never-proven pip shape: refused by default; admit only after a design-level silicon PASS"
"OMUX34@14,7->IMUX44@14,7","X14Y7","unproven_shape_20260929","shape OMUX34->IMUX44 d(0,0) is used by no board-PASS open image or qualified fixture","never-proven pip shape: refused by default; admit only after a design-level silicon PASS"
"OMUX37@14,7->IMUX48@14,7","X14Y7","unproven_shape_20260929","shape OMUX37->IMUX48 d(0,0) is used by no board-PASS open image or qualified fixture","never-proven pip shape: refused by default; admit only after a design-level silicon PASS"
"OMUX40@14,7->IMUX52@14,7","X14Y7","unproven_shape_20260929","shape OMUX40->IMUX52 d(0,0) is used by no board-PASS open image or qualified fixture","never-proven pip shape: refused by default; admit only after a design-level silicon PASS"
"OMUX43@14,7->IMUX56@14,7","X14Y7","unproven_shape_20260929","shape OMUX43->IMUX56 d(0,0) is used by no board-PASS open image or qualified fixture","never-proven pip shape: refused by default; admit only after a design-level silicon PASS"
"OMUX46@14,7->IMUX60@14,7","X14Y7","unproven_shape_20260929","shape OMUX46->IMUX60 d(0,0) is used by no board-PASS open image or qualified fixture","never-proven pip shape: refused by default; admit only after a design-level silicon PASS"
"OMUX01@14,8->IMUX00@14,8","X14Y8","unproven_shape_20260929","shape OMUX1->IMUX0 d(0,0) is used by no board-PASS open image or qualified fixture","never-proven pip shape: refused by default; admit only after a design-level silicon PASS"
"OMUX04@14,8->IMUX04@14,8","X14Y8","unproven_shape_20260929","shape OMUX4->IMUX4 d(0,0) is used by no board-PASS open image or qualified fixture","never-proven pip shape: refused by default; admit only after a design-level silicon PASS"
"OMUX10@14,8->IMUX12@14,8","X14Y8","unproven_shape_20260929","shape OMUX10->IMUX12 d(0,0) is used by no board-PASS open image or qualified fixture","never-proven pip shape: refused by default; admit only after a design-level silicon PASS"
"OMUX13@14,8->IMUX16@14,8","X14Y8","unproven_shape_20260929","shape OMUX13->IMUX16 d(0,0) is used by no board-PASS open image or qualified fixture","never-proven pip shape: refused by default; admit only after a design-level silicon PASS"
"OMUX16@14,8->IMUX20@14,8","X14Y8","unproven_shape_20260929","shape OMUX16->IMUX20 d(0,0) is used by no board-PASS open image or qualified fixture","never-proven pip shape: refused by default; admit only after a design-level silicon PASS"
"OMUX19@14,8->IMUX24@14,8","X14Y8","unproven_shape_20260929","shape OMUX19->IMUX24 d(0,0) is used by no board-PASS open image or qualified fixture","never-proven pip shape: refused by default; admit only after a design-level silicon PASS"
"OMUX22@14,8->IMUX28@14,8","X14Y8","unproven_shape_20260929","shape OMUX22->IMUX28 d(0,0) is used by no board-PASS open image or qualified fixture","never-proven pip shape: refused by default; admit only after a design-level silicon PASS"
"OMUX25@14,8->IMUX32@14,8","X14Y8","unproven_shape_20260929","shape OMUX25->IMUX32 d(0,0) is used by no board-PASS open image or qualified fixture","never-proven pip shape: refused by default; admit only after a design-level silicon PASS"
"OMUX28@14,8->IMUX36@14,8","X14Y8","unproven_shape_20260929","shape OMUX28->IMUX36 d(0,0) is used by no board-PASS open image or qualified fixture","never-proven pip shape: refused by default; admit only after a design-level silicon PASS"
"OMUX31@14,8->IMUX40@14,8","X14Y8","unproven_shape_20260929","shape OMUX31->IMUX40 d(0,0) is used by no board-PASS open image or qualified fixture","never-proven pip shape: refused by default; admit only after a design-level silicon PASS"
"OMUX34@14,8->IMUX44@14,8","X14Y8","unproven_shape_20260929","shape OMUX34->IMUX44 d(0,0) is used by no board-PASS open image or qualified fixture","never-proven pip shape: refused by default; admit only after a design-level silicon PASS"
"OMUX37@14,8->IMUX48@14,8","X14Y8","unproven_shape_20260929","shape OMUX37->IMUX48 d(0,0) is used by no board-PASS open image or qualified fixture","never-proven pip shape: refused by default; admit only after a design-level silicon PASS"
"OMUX40@14,8->IMUX52@14,8","X14Y8","unproven_shape_20260929","shape OMUX40->IMUX52 d(0,0) is used by no board-PASS open image or qualified fixture","never-proven pip shape: refused by default; admit only after a design-level silicon PASS"
"OMUX43@14,8->IMUX56@14,8","X14Y8","unproven_shape_20260929","shape OMUX43->IMUX56 d(0,0) is used by no board-PASS open image or qualified fixture","never-proven pip shape: refused by default; admit only after a design-level silicon PASS"
"OMUX46@14,8->IMUX60@14,8","X14Y8","unproven_shape_20260929","shape OMUX46->IMUX60 d(0,0) is used by no board-PASS open image or qualified fixture","never-proven pip shape: refused by default; admit only after a design-level silicon PASS"
"OMUX01@14,9->IMUX00@14,9","X14Y9","unproven_shape_20260929","shape OMUX1->IMUX0 d(0,0) is used by no board-PASS open image or qualified fixture","never-proven pip shape: refused by default; admit only after a design-level silicon PASS"
"OMUX04@14,9->IMUX04@14,9","X14Y9","unproven_shape_20260929","shape OMUX4->IMUX4 d(0,0) is used by no board-PASS open image or qualified fixture","never-proven pip shape: refused by default; admit only after a design-level silicon PASS"
"OMUX07@14,9->IMUX08@14,9","X14Y9","unproven_shape_20260929","shape OMUX7->IMUX8 d(0,0) is used by no board-PASS open image or qualified fixture","never-proven pip shape: refused by default; admit only after a design-level silicon PASS"
"OMUX10@14,9->IMUX12@14,9","X14Y9","unproven_shape_20260929","shape OMUX10->IMUX12 d(0,0) is used by no board-PASS open image or qualified fixture","never-proven pip shape: refused by default; admit only after a design-level silicon PASS"
"OMUX16@14,9->IMUX20@14,9","X14Y9","unproven_shape_20260929","shape OMUX16->IMUX20 d(0,0) is used by no board-PASS open image or qualified fixture","never-proven pip shape: refused by default; admit only after a design-level silicon PASS"
"OMUX19@14,9->IMUX24@14,9","X14Y9","unproven_shape_20260929","shape OMUX19->IMUX24 d(0,0) is used by no board-PASS open image or qualified fixture","never-proven pip shape: refused by default; admit only after a design-level silicon PASS"
"OMUX25@14,9->IMUX32@14,9","X14Y9","unproven_shape_20260929","shape OMUX25->IMUX32 d(0,0) is used by no board-PASS open image or qualified fixture","never-proven pip shape: refused by default; admit only after a design-level silicon PASS"
"OMUX28@14,9->IMUX36@14,9","X14Y9","unproven_shape_20260929","shape OMUX28->IMUX36 d(0,0) is used by no board-PASS open image or qualified fixture","never-proven pip shape: refused by default; admit only after a design-level silicon PASS"
"OMUX31@14,9->IMUX40@14,9","X14Y9","unproven_shape_20260929","shape OMUX31->IMUX40 d(0,0) is used by no board-PASS open image or qualified fixture","never-proven pip shape: refused by default; admit only after a design-level silicon PASS"
"OMUX34@14,9->IMUX44@14,9","X14Y9","unproven_shape_20260929","shape OMUX34->IMUX44 d(0,0) is used by no board-PASS open image or qualified fixture","never-proven pip shape: refused by default; admit only after a design-level silicon PASS"
"OMUX37@14,9->IMUX48@14,9","X14Y9","unproven_shape_20260929","shape OMUX37->IMUX48 d(0,0) is used by no board-PASS open image or qualified fixture","never-proven pip shape: refused by default; admit only after a design-level silicon PASS"
"OMUX40@14,9->IMUX52@14,9","X14Y9","unproven_shape_20260929","shape OMUX40->IMUX52 d(0,0) is used by no board-PASS open image or qualified fixture","never-proven pip shape: refused by default; admit only after a design-level silicon PASS"
"OMUX43@14,9->IMUX56@14,9","X14Y9","unproven_shape_20260929","shape OMUX43->IMUX56 d(0,0) is used by no board-PASS open image or qualified fixture","never-proven pip shape: refused by default; admit only after a design-level silicon PASS"
"OMUX46@14,9->IMUX60@14,9","X14Y9","unproven_shape_20260929","shape OMUX46->IMUX60 d(0,0) is used by no board-PASS open image or qualified fixture","never-proven pip shape: refused by default; admit only after a design-level silicon PASS"
"OMUX01@14,10->IMUX00@14,10","X14Y10","unproven_shape_20260929","shape OMUX1->IMUX0 d(0,0) is used by no board-PASS open image or qualified fixture","never-proven pip shape: refused by default; admit only after a design-level silicon PASS"
"OMUX04@14,10->IMUX04@14,10","X14Y10","unproven_shape_20260929","shape OMUX4->IMUX4 d(0,0) is used by no board-PASS open image or qualified fixture","never-proven pip shape: refused by default; admit only after a design-level silicon PASS"
"OMUX07@14,10->IMUX08@14,10","X14Y10","unproven_shape_20260929","shape OMUX7->IMUX8 d(0,0) is used by no board-PASS open image or qualified fixture","never-proven pip shape: refused by default; admit only after a design-level silicon PASS"
"OMUX16@14,10->IMUX20@14,10","X14Y10","unproven_shape_20260929","shape OMUX16->IMUX20 d(0,0) is used by no board-PASS open image or qualified fixture","never-proven pip shape: refused by default; admit only after a design-level silicon PASS"
"OMUX22@14,10->IMUX28@14,10","X14Y10","unproven_shape_20260929","shape OMUX22->IMUX28 d(0,0) is used by no board-PASS open image or qualified fixture","never-proven pip shape: refused by default; admit only after a design-level silicon PASS"
"OMUX25@14,10->IMUX32@14,10","X14Y10","unproven_shape_20260929","shape OMUX25->IMUX32 d(0,0) is used by no board-PASS open image or qualified fixture","never-proven pip shape: refused by default; admit only after a design-level silicon PASS"
"OMUX28@14,10->IMUX36@14,10","X14Y10","unproven_shape_20260929","shape OMUX28->IMUX36 d(0,0) is used by no board-PASS open image or qualified fixture","never-proven pip shape: refused by default; admit only after a design-level silicon PASS"
"OMUX31@14,10->IMUX40@14,10","X14Y10","unproven_shape_20260929","shape OMUX31->IMUX40 d(0,0) is used by no board-PASS open image or qualified fixture","never-proven pip shape: refused by default; admit only after a design-level silicon PASS"
"OMUX34@14,10->IMUX44@14,10","X14Y10","unproven_shape_20260929","shape OMUX34->IMUX44 d(0,0) is used by no board-PASS open image or qualified fixture","never-proven pip shape: refused by default; admit only after a design-level silicon PASS"
"OMUX37@14,10->IMUX48@14,10","X14Y10","unproven_shape_20260929","shape OMUX37->IMUX48 d(0,0) is used by no board-PASS open image or qualified fixture","never-proven pip shape: refused by default; admit only after a design-level silicon PASS"
"OMUX40@14,10->IMUX52@14,10","X14Y10","unproven_shape_20260929","shape OMUX40->IMUX52 d(0,0) is used by no board-PASS open image or qualified fixture","never-proven pip shape: refused by default; admit only after a design-level silicon PASS"
"OMUX43@14,10->IMUX56@14,10","X14Y10","unproven_shape_20260929","shape OMUX43->IMUX56 d(0,0) is used by no board-PASS open image or qualified fixture","never-proven pip shape: refused by default; admit only after a design-level silicon PASS"
"OMUX46@14,10->IMUX60@14,10","X14Y10","unproven_shape_20260929","shape OMUX46->IMUX60 d(0,0) is used by no board-PASS open image or qualified fixture","never-proven pip shape: refused by default; admit only after a design-level silicon PASS"
"OMUX01@14,11->IMUX00@14,11","X14Y11","unproven_shape_20260929","shape OMUX1->IMUX0 d(0,0) is used by no board-PASS open image or qualified fixture","never-proven pip shape: refused by default; admit only after a design-level silicon PASS"
"OMUX04@14,11->IMUX04@14,11","X14Y11","unproven_shape_20260929","shape OMUX4->IMUX4 d(0,0) is used by no board-PASS open image or qualified fixture","never-proven pip shape: refused by default; admit only after a design-level silicon PASS"
"OMUX19@14,11->IMUX24@14,11","X14Y11","unproven_shape_20260929","shape OMUX19->IMUX24 d(0,0) is used by no board-PASS open image or qualified fixture","never-proven pip shape: refused by default; admit only after a design-level silicon PASS"
"OMUX22@14,11->IMUX28@14,11","X14Y11","unproven_shape_20260929","shape OMUX22->IMUX28 d(0,0) is used by no board-PASS open image or qualified fixture","never-proven pip shape: refused by default; admit only after a design-level silicon PASS"
"OMUX25@14,11->IMUX32@14,11","X14Y11","unproven_shape_20260929","shape OMUX25->IMUX32 d(0,0) is used by no board-PASS open image or qualified fixture","never-proven pip shape: refused by default; admit only after a design-level silicon PASS"
"OMUX28@14,11->IMUX36@14,11","X14Y11","unproven_shape_20260929","shape OMUX28->IMUX36 d(0,0) is used by no board-PASS open image or qualified fixture","never-proven pip shape: refused by default; admit only after a design-level silicon PASS"
"OMUX31@14,11->IMUX40@14,11","X14Y11","unproven_shape_20260929","shape OMUX31->IMUX40 d(0,0) is used by no board-PASS open image or qualified fixture","never-proven pip shape: refused by default; admit only after a design-level silicon PASS"
"OMUX34@14,11->IMUX44@14,11","X14Y11","unproven_shape_20260929","shape OMUX34->IMUX44 d(0,0) is used by no board-PASS open image or qualified fixture","never-proven pip shape: refused by default; admit only after a design-level silicon PASS"
"OMUX37@14,11->IMUX48@14,11","X14Y11","unproven_shape_20260929","shape OMUX37->IMUX48 d(0,0) is used by no board-PASS open image or qualified fixture","never-proven pip shape: refused by default; admit only after a design-level silicon PASS"
"OMUX40@14,11->IMUX52@14,11","X14Y11","unproven_shape_20260929","shape OMUX40->IMUX52 d(0,0) is used by no board-PASS open image or qualified fixture","never-proven pip shape: refused by default; admit only after a design-level silicon PASS"
"OMUX43@14,11->IMUX56@14,11","X14Y11","unproven_shape_20260929","shape OMUX43->IMUX56 d(0,0) is used by no board-PASS open image or qualified fixture","never-proven pip shape: refused by default; admit only after a design-level silicon PASS"
"OMUX46@14,11->IMUX60@14,11","X14Y11","unproven_shape_20260929","shape OMUX46->IMUX60 d(0,0) is used by no board-PASS open image or qualified fixture","never-proven pip shape: refused by default; admit only after a design-level silicon PASS"
"OMUX01@14,12->IMUX00@14,12","X14Y12","unproven_shape_20260929","shape OMUX1->IMUX0 d(0,0) is used by no board-PASS open image or qualified fixture","never-proven pip shape: refused by default; admit only after a design-level silicon PASS"
"OMUX04@14,12->IMUX04@14,12","X14Y12","unproven_shape_20260929","shape OMUX4->IMUX4 d(0,0) is used by no board-PASS open image or qualified fixture","never-proven pip shape: refused by default; admit only after a design-level silicon PASS"
"OMUX10@14,12->IMUX12@14,12","X14Y12","unproven_shape_20260929","shape OMUX10->IMUX12 d(0,0) is used by no board-PASS open image or qualified fixture","never-proven pip shape: refused by default; admit only after a design-level silicon PASS"
"OMUX19@14,12->IMUX24@14,12","X14Y12","unproven_shape_20260929","shape OMUX19->IMUX24 d(0,0) is used by no board-PASS open image or qualified fixture","never-proven pip shape: refused by default; admit only after a design-level silicon PASS"
"OMUX25@14,12->IMUX32@14,12","X14Y12","unproven_shape_20260929","shape OMUX25->IMUX32 d(0,0) is used by no board-PASS open image or qualified fixture","never-proven pip shape: refused by default; admit only after a design-level silicon PASS"
"OMUX37@14,12->IMUX48@14,12","X14Y12","unproven_shape_20260929","shape OMUX37->IMUX48 d(0,0) is used by no board-PASS open image or qualified fixture","never-proven pip shape: refused by default; admit only after a design-level silicon PASS"
"OMUX40@14,12->IMUX52@14,12","X14Y12","unproven_shape_20260929","shape OMUX40->IMUX52 d(0,0) is used by no board-PASS open image or qualified fixture","never-proven pip shape: refused by default; admit only after a design-level silicon PASS"
"OMUX46@14,12->IMUX60@14,12","X14Y12","unproven_shape_20260929","shape OMUX46->IMUX60 d(0,0) is used by no board-PASS open image or qualified fixture","never-proven pip shape: refused by default; admit only after a design-level silicon PASS"
"OMUX01@15,1->IMUX00@15,1","X15Y1","unproven_shape_20260929","shape OMUX1->IMUX0 d(0,0) is used by no board-PASS open image or qualified fixture","never-proven pip shape: refused by default; admit only after a design-level silicon PASS"
"OMUX04@15,1->IMUX04@15,1","X15Y1","unproven_shape_20260929","shape OMUX4->IMUX4 d(0,0) is used by no board-PASS open image or qualified fixture","never-proven pip shape: refused by default; admit only after a design-level silicon PASS"
"OMUX10@15,1->IMUX12@15,1","X15Y1","unproven_shape_20260929","shape OMUX10->IMUX12 d(0,0) is used by no board-PASS open image or qualified fixture","never-proven pip shape: refused by default; admit only after a design-level silicon PASS"
"OMUX13@15,1->IMUX16@15,1","X15Y1","unproven_shape_20260929","shape OMUX13->IMUX16 d(0,0) is used by no board-PASS open image or qualified fixture","never-proven pip shape: refused by default; admit only after a design-level silicon PASS"
"OMUX16@15,1->IMUX20@15,1","X15Y1","unproven_shape_20260929","shape OMUX16->IMUX20 d(0,0) is used by no board-PASS open image or qualified fixture","never-proven pip shape: refused by default; admit only after a design-level silicon PASS"
"OMUX19@15,1->IMUX24@15,1","X15Y1","unproven_shape_20260929","shape OMUX19->IMUX24 d(0,0) is used by no board-PASS open image or qualified fixture","never-proven pip shape: refused by default; admit only after a design-level silicon PASS"
"OMUX22@15,1->IMUX28@15,1","X15Y1","unproven_shape_20260929","shape OMUX22->IMUX28 d(0,0) is used by no board-PASS open image or qualified fixture","never-proven pip shape: refused by default; admit only after a design-level silicon PASS"
"OMUX25@15,1->IMUX32@15,1","X15Y1","unproven_shape_20260929","shape OMUX25->IMUX32 d(0,0) is used by no board-PASS open image or qualified fixture","never-proven pip shape: refused by default; admit only after a design-level silicon PASS"
"OMUX28@15,1->IMUX36@15,1","X15Y1","unproven_shape_20260929","shape OMUX28->IMUX36 d(0,0) is used by no board-PASS open image or qualified fixture","never-proven pip shape: refused by default; admit only after a design-level silicon PASS"
"OMUX31@15,1->IMUX40@15,1","X15Y1","unproven_shape_20260929","shape OMUX31->IMUX40 d(0,0) is used by no board-PASS open image or qualified fixture","never-proven pip shape: refused by default; admit only after a design-level silicon PASS"
"OMUX34@15,1->IMUX44@15,1","X15Y1","unproven_shape_20260929","shape OMUX34->IMUX44 d(0,0) is used by no board-PASS open image or qualified fixture","never-proven pip shape: refused by default; admit only after a design-level silicon PASS"
"OMUX37@15,1->IMUX48@15,1","X15Y1","unproven_shape_20260929","shape OMUX37->IMUX48 d(0,0) is used by no board-PASS open image or qualified fixture","never-proven pip shape: refused by default; admit only after a design-level silicon PASS"
"OMUX40@15,1->IMUX52@15,1","X15Y1","unproven_shape_20260929","shape OMUX40->IMUX52 d(0,0) is used by no board-PASS open image or qualified fixture","never-proven pip shape: refused by default; admit only after a design-level silicon PASS"
"OMUX43@15,1->IMUX56@15,1","X15Y1","unproven_shape_20260929","shape OMUX43->IMUX56 d(0,0) is used by no board-PASS open image or qualified fixture","never-proven pip shape: refused by default; admit only after a design-level silicon PASS"
"OMUX46@15,1->IMUX60@15,1","X15Y1","unproven_shape_20260929","shape OMUX46->IMUX60 d(0,0) is used by no board-PASS open image or qualified fixture","never-proven pip shape: refused by default; admit only after a design-level silicon PASS"
"OMUX01@15,2->IMUX00@15,2","X15Y2","unproven_shape_20260929","shape OMUX1->IMUX0 d(0,0) is used by no board-PASS open image or qualified fixture","never-proven pip shape: refused by default; admit only after a design-level silicon PASS"
"OMUX04@15,2->IMUX04@15,2","X15Y2","unproven_shape_20260929","shape OMUX4->IMUX4 d(0,0) is used by no board-PASS open image or qualified fixture","never-proven pip shape: refused by default; admit only after a design-level silicon PASS"
"OMUX10@15,2->IMUX12@15,2","X15Y2","unproven_shape_20260929","shape OMUX10->IMUX12 d(0,0) is used by no board-PASS open image or qualified fixture","never-proven pip shape: refused by default; admit only after a design-level silicon PASS"
"OMUX13@15,2->IMUX16@15,2","X15Y2","unproven_shape_20260929","shape OMUX13->IMUX16 d(0,0) is used by no board-PASS open image or qualified fixture","never-proven pip shape: refused by default; admit only after a design-level silicon PASS"
"OMUX16@15,2->IMUX20@15,2","X15Y2","unproven_shape_20260929","shape OMUX16->IMUX20 d(0,0) is used by no board-PASS open image or qualified fixture","never-proven pip shape: refused by default; admit only after a design-level silicon PASS"
"OMUX25@15,2->IMUX32@15,2","X15Y2","unproven_shape_20260929","shape OMUX25->IMUX32 d(0,0) is used by no board-PASS open image or qualified fixture","never-proven pip shape: refused by default; admit only after a design-level silicon PASS"
"OMUX31@15,2->IMUX40@15,2","X15Y2","unproven_shape_20260929","shape OMUX31->IMUX40 d(0,0) is used by no board-PASS open image or qualified fixture","never-proven pip shape: refused by default; admit only after a design-level silicon PASS"
"OMUX34@15,2->IMUX44@15,2","X15Y2","unproven_shape_20260929","shape OMUX34->IMUX44 d(0,0) is used by no board-PASS open image or qualified fixture","never-proven pip shape: refused by default; admit only after a design-level silicon PASS"
"OMUX37@15,2->IMUX48@15,2","X15Y2","unproven_shape_20260929","shape OMUX37->IMUX48 d(0,0) is used by no board-PASS open image or qualified fixture","never-proven pip shape: refused by default; admit only after a design-level silicon PASS"
"OMUX40@15,2->IMUX52@15,2","X15Y2","unproven_shape_20260929","shape OMUX40->IMUX52 d(0,0) is used by no board-PASS open image or qualified fixture","never-proven pip shape: refused by default; admit only after a design-level silicon PASS"
"OMUX43@15,2->IMUX56@15,2","X15Y2","unproven_shape_20260929","shape OMUX43->IMUX56 d(0,0) is used by no board-PASS open image or qualified fixture","never-proven pip shape: refused by default; admit only after a design-level silicon PASS"
"OMUX46@15,2->IMUX60@15,2","X15Y2","unproven_shape_20260929","shape OMUX46->IMUX60 d(0,0) is used by no board-PASS open image or qualified fixture","never-proven pip shape: refused by default; admit only after a design-level silicon PASS"
"OMUX01@15,3->IMUX00@15,3","X15Y3","unproven_shape_20260929","shape OMUX1->IMUX0 d(0,0) is used by no board-PASS open image or qualified fixture","never-proven pip shape: refused by default; admit only after a design-level silicon PASS"
"OMUX04@15,3->IMUX04@15,3","X15Y3","unproven_shape_20260929","shape OMUX4->IMUX4 d(0,0) is used by no board-PASS open image or qualified fixture","never-proven pip shape: refused by default; admit only after a design-level silicon PASS"
"OMUX13@15,3->IMUX16@15,3","X15Y3","unproven_shape_20260929","shape OMUX13->IMUX16 d(0,0) is used by no board-PASS open image or qualified fixture","never-proven pip shape: refused by default; admit only after a design-level silicon PASS"
"OMUX22@15,3->IMUX28@15,3","X15Y3","unproven_shape_20260929","shape OMUX22->IMUX28 d(0,0) is used by no board-PASS open image or qualified fixture","never-proven pip shape: refused by default; admit only after a design-level silicon PASS"
"OMUX25@15,3->IMUX32@15,3","X15Y3","unproven_shape_20260929","shape OMUX25->IMUX32 d(0,0) is used by no board-PASS open image or qualified fixture","never-proven pip shape: refused by default; admit only after a design-level silicon PASS"
"OMUX28@15,3->IMUX36@15,3","X15Y3","unproven_shape_20260929","shape OMUX28->IMUX36 d(0,0) is used by no board-PASS open image or qualified fixture","never-proven pip shape: refused by default; admit only after a design-level silicon PASS"
"OMUX34@15,3->IMUX44@15,3","X15Y3","unproven_shape_20260929","shape OMUX34->IMUX44 d(0,0) is used by no board-PASS open image or qualified fixture","never-proven pip shape: refused by default; admit only after a design-level silicon PASS"
"OMUX37@15,3->IMUX48@15,3","X15Y3","unproven_shape_20260929","shape OMUX37->IMUX48 d(0,0) is used by no board-PASS open image or qualified fixture","never-proven pip shape: refused by default; admit only after a design-level silicon PASS"
"OMUX40@15,3->IMUX52@15,3","X15Y3","unproven_shape_20260929","shape OMUX40->IMUX52 d(0,0) is used by no board-PASS open image or qualified fixture","never-proven pip shape: refused by default; admit only after a design-level silicon PASS"
"OMUX43@15,3->IMUX56@15,3","X15Y3","unproven_shape_20260929","shape OMUX43->IMUX56 d(0,0) is used by no board-PASS open image or qualified fixture","never-proven pip shape: refused by default; admit only after a design-level silicon PASS"
"OMUX46@15,3->IMUX60@15,3","X15Y3","unproven_shape_20260929","shape OMUX46->IMUX60 d(0,0) is used by no board-PASS open image or qualified fixture","never-proven pip shape: refused by default; admit only after a design-level silicon PASS"
"OMUX01@15,4->IMUX00@15,4","X15Y4","unproven_shape_20260929","shape OMUX1->IMUX0 d(0,0) is used by no board-PASS open image or qualified fixture","never-proven pip shape: refused by default; admit only after a design-level silicon PASS"
"OMUX04@15,4->IMUX04@15,4","X15Y4","unproven_shape_20260929","shape OMUX4->IMUX4 d(0,0) is used by no board-PASS open image or qualified fixture","never-proven pip shape: refused by default; admit only after a design-level silicon PASS"
"OMUX28@15,4->IMUX36@15,4","X15Y4","unproven_shape_20260929","shape OMUX28->IMUX36 d(0,0) is used by no board-PASS open image or qualified fixture","never-proven pip shape: refused by default; admit only after a design-level silicon PASS"
"OMUX34@15,4->IMUX44@15,4","X15Y4","unproven_shape_20260929","shape OMUX34->IMUX44 d(0,0) is used by no board-PASS open image or qualified fixture","never-proven pip shape: refused by default; admit only after a design-level silicon PASS"
"OMUX37@15,4->IMUX48@15,4","X15Y4","unproven_shape_20260929","shape OMUX37->IMUX48 d(0,0) is used by no board-PASS open image or qualified fixture","never-proven pip shape: refused by default; admit only after a design-level silicon PASS"
"OMUX40@15,4->IMUX52@15,4","X15Y4","unproven_shape_20260929","shape OMUX40->IMUX52 d(0,0) is used by no board-PASS open image or qualified fixture","never-proven pip shape: refused by default; admit only after a design-level silicon PASS"
"OMUX22@15,5->IMUX28@15,5","X15Y5","unproven_shape_20260929","shape OMUX22->IMUX28 d(0,0) is used by no board-PASS open image or qualified fixture","never-proven pip shape: refused by default; admit only after a design-level silicon PASS"
"OMUX25@15,5->IMUX32@15,5","X15Y5","unproven_shape_20260929","shape OMUX25->IMUX32 d(0,0) is used by no board-PASS open image or qualified fixture","never-proven pip shape: refused by default; admit only after a design-level silicon PASS"
"OMUX28@15,5->IMUX36@15,5","X15Y5","unproven_shape_20260929","shape OMUX28->IMUX36 d(0,0) is used by no board-PASS open image or qualified fixture","never-proven pip shape: refused by default; admit only after a design-level silicon PASS"
"OMUX31@15,5->IMUX40@15,5","X15Y5","unproven_shape_20260929","shape OMUX31->IMUX40 d(0,0) is used by no board-PASS open image or qualified fixture","never-proven pip shape: refused by default; admit only after a design-level silicon PASS"
"OMUX34@15,5->IMUX44@15,5","X15Y5","unproven_shape_20260929","shape OMUX34->IMUX44 d(0,0) is used by no board-PASS open image or qualified fixture","never-proven pip shape: refused by default; admit only after a design-level silicon PASS"
"OMUX37@15,5->IMUX48@15,5","X15Y5","unproven_shape_20260929","shape OMUX37->IMUX48 d(0,0) is used by no board-PASS open image or qualified fixture","never-proven pip shape: refused by default; admit only after a design-level silicon PASS"
"OMUX40@15,5->IMUX52@15,5","X15Y5","unproven_shape_20260929","shape OMUX40->IMUX52 d(0,0) is used by no board-PASS open image or qualified fixture","never-proven pip shape: refused by default; admit only after a design-level silicon PASS"
"OMUX43@15,5->IMUX56@15,5","X15Y5","unproven_shape_20260929","shape OMUX43->IMUX56 d(0,0) is used by no board-PASS open image or qualified fixture","never-proven pip shape: refused by default; admit only after a design-level silicon PASS"
"OMUX46@15,5->IMUX60@15,5","X15Y5","unproven_shape_20260929","shape OMUX46->IMUX60 d(0,0) is used by no board-PASS open image or qualified fixture","never-proven pip shape: refused by default; admit only after a design-level silicon PASS"
"OMUX01@15,6->IMUX00@15,6","X15Y6","unproven_shape_20260929","shape OMUX1->IMUX0 d(0,0) is used by no board-PASS open image or qualified fixture","never-proven pip shape: refused by default; admit only after a design-level silicon PASS"
"OMUX04@15,6->IMUX04@15,6","X15Y6","unproven_shape_20260929","shape OMUX4->IMUX4 d(0,0) is used by no board-PASS open image or qualified fixture","never-proven pip shape: refused by default; admit only after a design-level silicon PASS"
"OMUX07@15,6->IMUX08@15,6","X15Y6","unproven_shape_20260929","shape OMUX7->IMUX8 d(0,0) is used by no board-PASS open image or qualified fixture","never-proven pip shape: refused by default; admit only after a design-level silicon PASS"
"OMUX10@15,6->IMUX12@15,6","X15Y6","unproven_shape_20260929","shape OMUX10->IMUX12 d(0,0) is used by no board-PASS open image or qualified fixture","never-proven pip shape: refused by default; admit only after a design-level silicon PASS"
"OMUX13@15,6->IMUX16@15,6","X15Y6","unproven_shape_20260929","shape OMUX13->IMUX16 d(0,0) is used by no board-PASS open image or qualified fixture","never-proven pip shape: refused by default; admit only after a design-level silicon PASS"
"OMUX16@15,6->IMUX20@15,6","X15Y6","unproven_shape_20260929","shape OMUX16->IMUX20 d(0,0) is used by no board-PASS open image or qualified fixture","never-proven pip shape: refused by default; admit only after a design-level silicon PASS"
"OMUX22@15,6->IMUX28@15,6","X15Y6","unproven_shape_20260929","shape OMUX22->IMUX28 d(0,0) is used by no board-PASS open image or qualified fixture","never-proven pip shape: refused by default; admit only after a design-level silicon PASS"
"OMUX25@15,6->IMUX32@15,6","X15Y6","unproven_shape_20260929","shape OMUX25->IMUX32 d(0,0) is used by no board-PASS open image or qualified fixture","never-proven pip shape: refused by default; admit only after a design-level silicon PASS"
"OMUX28@15,6->IMUX36@15,6","X15Y6","unproven_shape_20260929","shape OMUX28->IMUX36 d(0,0) is used by no board-PASS open image or qualified fixture","never-proven pip shape: refused by default; admit only after a design-level silicon PASS"
"OMUX31@15,6->IMUX40@15,6","X15Y6","unproven_shape_20260929","shape OMUX31->IMUX40 d(0,0) is used by no board-PASS open image or qualified fixture","never-proven pip shape: refused by default; admit only after a design-level silicon PASS"
"OMUX34@15,6->IMUX44@15,6","X15Y6","unproven_shape_20260929","shape OMUX34->IMUX44 d(0,0) is used by no board-PASS open image or qualified fixture","never-proven pip shape: refused by default; admit only after a design-level silicon PASS"
"OMUX37@15,6->IMUX48@15,6","X15Y6","unproven_shape_20260929","shape OMUX37->IMUX48 d(0,0) is used by no board-PASS open image or qualified fixture","never-proven pip shape: refused by default; admit only after a design-level silicon PASS"
"OMUX40@15,6->IMUX52@15,6","X15Y6","unproven_shape_20260929","shape OMUX40->IMUX52 d(0,0) is used by no board-PASS open image or qualified fixture","never-proven pip shape: refused by default; admit only after a design-level silicon PASS"
"OMUX43@15,6->IMUX56@15,6","X15Y6","unproven_shape_20260929","shape OMUX43->IMUX56 d(0,0) is used by no board-PASS open image or qualified fixture","never-proven pip shape: refused by default; admit only after a design-level silicon PASS"
"OMUX46@15,6->IMUX60@15,6","X15Y6","unproven_shape_20260929","shape OMUX46->IMUX60 d(0,0) is used by no board-PASS open image or qualified fixture","never-proven pip shape: refused by default; admit only after a design-level silicon PASS"
"OMUX01@15,7->IMUX00@15,7","X15Y7","unproven_shape_20260929","shape OMUX1->IMUX0 d(0,0) is used by no board-PASS open image or qualified fixture","never-proven pip shape: refused by default; admit only after a design-level silicon PASS"
"OMUX04@15,7->IMUX04@15,7","X15Y7","unproven_shape_20260929","shape OMUX4->IMUX4 d(0,0) is used by no board-PASS open image or qualified fixture","never-proven pip shape: refused by default; admit only after a design-level silicon PASS"
"OMUX07@15,7->IMUX08@15,7","X15Y7","unproven_shape_20260929","shape OMUX7->IMUX8 d(0,0) is used by no board-PASS open image or qualified fixture","never-proven pip shape: refused by default; admit only after a design-level silicon PASS"
"OMUX10@15,7->IMUX12@15,7","X15Y7","unproven_shape_20260929","shape OMUX10->IMUX12 d(0,0) is used by no board-PASS open image or qualified fixture","never-proven pip shape: refused by default; admit only after a design-level silicon PASS"
"OMUX13@15,7->IMUX16@15,7","X15Y7","unproven_shape_20260929","shape OMUX13->IMUX16 d(0,0) is used by no board-PASS open image or qualified fixture","never-proven pip shape: refused by default; admit only after a design-level silicon PASS"
"OMUX16@15,7->IMUX20@15,7","X15Y7","unproven_shape_20260929","shape OMUX16->IMUX20 d(0,0) is used by no board-PASS open image or qualified fixture","never-proven pip shape: refused by default; admit only after a design-level silicon PASS"
"OMUX19@15,7->IMUX24@15,7","X15Y7","unproven_shape_20260929","shape OMUX19->IMUX24 d(0,0) is used by no board-PASS open image or qualified fixture","never-proven pip shape: refused by default; admit only after a design-level silicon PASS"
"OMUX22@15,7->IMUX28@15,7","X15Y7","unproven_shape_20260929","shape OMUX22->IMUX28 d(0,0) is used by no board-PASS open image or qualified fixture","never-proven pip shape: refused by default; admit only after a design-level silicon PASS"
"OMUX25@15,7->IMUX32@15,7","X15Y7","unproven_shape_20260929","shape OMUX25->IMUX32 d(0,0) is used by no board-PASS open image or qualified fixture","never-proven pip shape: refused by default; admit only after a design-level silicon PASS"
"OMUX28@15,7->IMUX36@15,7","X15Y7","unproven_shape_20260929","shape OMUX28->IMUX36 d(0,0) is used by no board-PASS open image or qualified fixture","never-proven pip shape: refused by default; admit only after a design-level silicon PASS"
"OMUX31@15,7->IMUX40@15,7","X15Y7","unproven_shape_20260929","shape OMUX31->IMUX40 d(0,0) is used by no board-PASS open image or qualified fixture","never-proven pip shape: refused by default; admit only after a design-level silicon PASS"
"OMUX34@15,7->IMUX44@15,7","X15Y7","unproven_shape_20260929","shape OMUX34->IMUX44 d(0,0) is used by no board-PASS open image or qualified fixture","never-proven pip shape: refused by default; admit only after a design-level silicon PASS"
"OMUX37@15,7->IMUX48@15,7","X15Y7","unproven_shape_20260929","shape OMUX37->IMUX48 d(0,0) is used by no board-PASS open image or qualified fixture","never-proven pip shape: refused by default; admit only after a design-level silicon PASS"
"OMUX40@15,7->IMUX52@15,7","X15Y7","unproven_shape_20260929","shape OMUX40->IMUX52 d(0,0) is used by no board-PASS open image or qualified fixture","never-proven pip shape: refused by default; admit only after a design-level silicon PASS"
"OMUX43@15,7->IMUX56@15,7","X15Y7","unproven_shape_20260929","shape OMUX43->IMUX56 d(0,0) is used by no board-PASS open image or qualified fixture","never-proven pip shape: refused by default; admit only after a design-level silicon PASS"
"OMUX46@15,7->IMUX60@15,7","X15Y7","unproven_shape_20260929","shape OMUX46->IMUX60 d(0,0) is used by no board-PASS open image or qualified fixture","never-proven pip shape: refused by default; admit only after a design-level silicon PASS"
"OMUX01@15,8->IMUX00@15,8","X15Y8","unproven_shape_20260929","shape OMUX1->IMUX0 d(0,0) is used by no board-PASS open image or qualified fixture","never-proven pip shape: refused by default; admit only after a design-level silicon PASS"
"OMUX04@15,8->IMUX04@15,8","X15Y8","unproven_shape_20260929","shape OMUX4->IMUX4 d(0,0) is used by no board-PASS open image or qualified fixture","never-proven pip shape: refused by default; admit only after a design-level silicon PASS"
"OMUX07@15,8->IMUX08@15,8","X15Y8","unproven_shape_20260929","shape OMUX7->IMUX8 d(0,0) is used by no board-PASS open image or qualified fixture","never-proven pip shape: refused by default; admit only after a design-level silicon PASS"
"OMUX10@15,8->IMUX12@15,8","X15Y8","unproven_shape_20260929","shape OMUX10->IMUX12 d(0,0) is used by no board-PASS open image or qualified fixture","never-proven pip shape: refused by default; admit only after a design-level silicon PASS"
"OMUX13@15,8->IMUX16@15,8","X15Y8","unproven_shape_20260929","shape OMUX13->IMUX16 d(0,0) is used by no board-PASS open image or qualified fixture","never-proven pip shape: refused by default; admit only after a design-level silicon PASS"
"OMUX16@15,8->IMUX20@15,8","X15Y8","unproven_shape_20260929","shape OMUX16->IMUX20 d(0,0) is used by no board-PASS open image or qualified fixture","never-proven pip shape: refused by default; admit only after a design-level silicon PASS"
"OMUX22@15,8->IMUX28@15,8","X15Y8","unproven_shape_20260929","shape OMUX22->IMUX28 d(0,0) is used by no board-PASS open image or qualified fixture","never-proven pip shape: refused by default; admit only after a design-level silicon PASS"
"OMUX25@15,8->IMUX32@15,8","X15Y8","unproven_shape_20260929","shape OMUX25->IMUX32 d(0,0) is used by no board-PASS open image or qualified fixture","never-proven pip shape: refused by default; admit only after a design-level silicon PASS"
"OMUX28@15,8->IMUX36@15,8","X15Y8","unproven_shape_20260929","shape OMUX28->IMUX36 d(0,0) is used by no board-PASS open image or qualified fixture","never-proven pip shape: refused by default; admit only after a design-level silicon PASS"
"OMUX31@15,8->IMUX40@15,8","X15Y8","unproven_shape_20260929","shape OMUX31->IMUX40 d(0,0) is used by no board-PASS open image or qualified fixture","never-proven pip shape: refused by default; admit only after a design-level silicon PASS"
"OMUX34@15,8->IMUX44@15,8","X15Y8","unproven_shape_20260929","shape OMUX34->IMUX44 d(0,0) is used by no board-PASS open image or qualified fixture","never-proven pip shape: refused by default; admit only after a design-level silicon PASS"
"OMUX37@15,8->IMUX48@15,8","X15Y8","unproven_shape_20260929","shape OMUX37->IMUX48 d(0,0) is used by no board-PASS open image or qualified fixture","never-proven pip shape: refused by default; admit only after a design-level silicon PASS"
"OMUX40@15,8->IMUX52@15,8","X15Y8","unproven_shape_20260929","shape OMUX40->IMUX52 d(0,0) is used by no board-PASS open image or qualified fixture","never-proven pip shape: refused by default; admit only after a design-level silicon PASS"
"OMUX43@15,8->IMUX56@15,8","X15Y8","unproven_shape_20260929","shape OMUX43->IMUX56 d(0,0) is used by no board-PASS open image or qualified fixture","never-proven pip shape: refused by default; admit only after a design-level silicon PASS"
"OMUX46@15,8->IMUX60@15,8","X15Y8","unproven_shape_20260929","shape OMUX46->IMUX60 d(0,0) is used by no board-PASS open image or qualified fixture","never-proven pip shape: refused by default; admit only after a design-level silicon PASS"
"OMUX04@15,9->IMUX04@15,9","X15Y9","unproven_shape_20260929","shape OMUX4->IMUX4 d(0,0) is used by no board-PASS open image or qualified fixture","never-proven pip shape: refused by default; admit only after a design-level silicon PASS"
"OMUX10@15,9->IMUX12@15,9","X15Y9","unproven_shape_20260929","shape OMUX10->IMUX12 d(0,0) is used by no board-PASS open image or qualified fixture","never-proven pip shape: refused by default; admit only after a design-level silicon PASS"
"OMUX13@15,9->IMUX16@15,9","X15Y9","unproven_shape_20260929","shape OMUX13->IMUX16 d(0,0) is used by no board-PASS open image or qualified fixture","never-proven pip shape: refused by default; admit only after a design-level silicon PASS"
"OMUX16@15,9->IMUX20@15,9","X15Y9","unproven_shape_20260929","shape OMUX16->IMUX20 d(0,0) is used by no board-PASS open image or qualified fixture","never-proven pip shape: refused by default; admit only after a design-level silicon PASS"
"OMUX19@15,9->IMUX24@15,9","X15Y9","unproven_shape_20260929","shape OMUX19->IMUX24 d(0,0) is used by no board-PASS open image or qualified fixture","never-proven pip shape: refused by default; admit only after a design-level silicon PASS"
"OMUX22@15,9->IMUX28@15,9","X15Y9","unproven_shape_20260929","shape OMUX22->IMUX28 d(0,0) is used by no board-PASS open image or qualified fixture","never-proven pip shape: refused by default; admit only after a design-level silicon PASS"
"OMUX25@15,9->IMUX32@15,9","X15Y9","unproven_shape_20260929","shape OMUX25->IMUX32 d(0,0) is used by no board-PASS open image or qualified fixture","never-proven pip shape: refused by default; admit only after a design-level silicon PASS"
"OMUX28@15,9->IMUX36@15,9","X15Y9","unproven_shape_20260929","shape OMUX28->IMUX36 d(0,0) is used by no board-PASS open image or qualified fixture","never-proven pip shape: refused by default; admit only after a design-level silicon PASS"
"OMUX31@15,9->IMUX40@15,9","X15Y9","unproven_shape_20260929","shape OMUX31->IMUX40 d(0,0) is used by no board-PASS open image or qualified fixture","never-proven pip shape: refused by default; admit only after a design-level silicon PASS"
"OMUX34@15,9->IMUX44@15,9","X15Y9","unproven_shape_20260929","shape OMUX34->IMUX44 d(0,0) is used by no board-PASS open image or qualified fixture","never-proven pip shape: refused by default; admit only after a design-level silicon PASS"
"OMUX37@15,9->IMUX48@15,9","X15Y9","unproven_shape_20260929","shape OMUX37->IMUX48 d(0,0) is used by no board-PASS open image or qualified fixture","never-proven pip shape: refused by default; admit only after a design-level silicon PASS"
"OMUX40@15,9->IMUX52@15,9","X15Y9","unproven_shape_20260929","shape OMUX40->IMUX52 d(0,0) is used by no board-PASS open image or qualified fixture","never-proven pip shape: refused by default; admit only after a design-level silicon PASS"
"OMUX43@15,9->IMUX56@15,9","X15Y9","unproven_shape_20260929","shape OMUX43->IMUX56 d(0,0) is used by no board-PASS open image or qualified fixture","never-proven pip shape: refused by default; admit only after a design-level silicon PASS"
"OMUX46@15,9->IMUX60@15,9","X15Y9","unproven_shape_20260929","shape OMUX46->IMUX60 d(0,0) is used by no board-PASS open image or qualified fixture","never-proven pip shape: refused by default; admit only after a design-level silicon PASS"
"OMUX01@15,10->IMUX00@15,10","X15Y10","unproven_shape_20260929","shape OMUX1->IMUX0 d(0,0) is used by no board-PASS open image or qualified fixture","never-proven pip shape: refused by default; admit only after a design-level silicon PASS"
"OMUX07@15,10->IMUX08@15,10","X15Y10","unproven_shape_20260929","shape OMUX7->IMUX8 d(0,0) is used by no board-PASS open image or qualified fixture","never-proven pip shape: refused by default; admit only after a design-level silicon PASS"
"OMUX10@15,10->IMUX12@15,10","X15Y10","unproven_shape_20260929","shape OMUX10->IMUX12 d(0,0) is used by no board-PASS open image or qualified fixture","never-proven pip shape: refused by default; admit only after a design-level silicon PASS"
"OMUX13@15,10->IMUX16@15,10","X15Y10","unproven_shape_20260929","shape OMUX13->IMUX16 d(0,0) is used by no board-PASS open image or qualified fixture","never-proven pip shape: refused by default; admit only after a design-level silicon PASS"
"OMUX19@15,10->IMUX24@15,10","X15Y10","unproven_shape_20260929","shape OMUX19->IMUX24 d(0,0) is used by no board-PASS open image or qualified fixture","never-proven pip shape: refused by default; admit only after a design-level silicon PASS"
"OMUX22@15,10->IMUX28@15,10","X15Y10","unproven_shape_20260929","shape OMUX22->IMUX28 d(0,0) is used by no board-PASS open image or qualified fixture","never-proven pip shape: refused by default; admit only after a design-level silicon PASS"
"OMUX25@15,10->IMUX32@15,10","X15Y10","unproven_shape_20260929","shape OMUX25->IMUX32 d(0,0) is used by no board-PASS open image or qualified fixture","never-proven pip shape: refused by default; admit only after a design-level silicon PASS"
"OMUX28@15,10->IMUX36@15,10","X15Y10","unproven_shape_20260929","shape OMUX28->IMUX36 d(0,0) is used by no board-PASS open image or qualified fixture","never-proven pip shape: refused by default; admit only after a design-level silicon PASS"
"OMUX31@15,10->IMUX40@15,10","X15Y10","unproven_shape_20260929","shape OMUX31->IMUX40 d(0,0) is used by no board-PASS open image or qualified fixture","never-proven pip shape: refused by default; admit only after a design-level silicon PASS"
"OMUX40@15,10->IMUX52@15,10","X15Y10","unproven_shape_20260929","shape OMUX40->IMUX52 d(0,0) is used by no board-PASS open image or qualified fixture","never-proven pip shape: refused by default; admit only after a design-level silicon PASS"
"OMUX01@15,11->IMUX00@15,11","X15Y11","unproven_shape_20260929","shape OMUX1->IMUX0 d(0,0) is used by no board-PASS open image or qualified fixture","never-proven pip shape: refused by default; admit only after a design-level silicon PASS"
"OMUX04@15,11->IMUX04@15,11","X15Y11","unproven_shape_20260929","shape OMUX4->IMUX4 d(0,0) is used by no board-PASS open image or qualified fixture","never-proven pip shape: refused by default; admit only after a design-level silicon PASS"
"OMUX07@15,11->IMUX08@15,11","X15Y11","unproven_shape_20260929","shape OMUX7->IMUX8 d(0,0) is used by no board-PASS open image or qualified fixture","never-proven pip shape: refused by default; admit only after a design-level silicon PASS"
"OMUX10@15,11->IMUX12@15,11","X15Y11","unproven_shape_20260929","shape OMUX10->IMUX12 d(0,0) is used by no board-PASS open image or qualified fixture","never-proven pip shape: refused by default; admit only after a design-level silicon PASS"
"OMUX13@15,11->IMUX16@15,11","X15Y11","unproven_shape_20260929","shape OMUX13->IMUX16 d(0,0) is used by no board-PASS open image or qualified fixture","never-proven pip shape: refused by default; admit only after a design-level silicon PASS"
"OMUX16@15,11->IMUX20@15,11","X15Y11","unproven_shape_20260929","shape OMUX16->IMUX20 d(0,0) is used by no board-PASS open image or qualified fixture","never-proven pip shape: refused by default; admit only after a design-level silicon PASS"
"OMUX19@15,11->IMUX24@15,11","X15Y11","unproven_shape_20260929","shape OMUX19->IMUX24 d(0,0) is used by no board-PASS open image or qualified fixture","never-proven pip shape: refused by default; admit only after a design-level silicon PASS"
"OMUX22@15,11->IMUX28@15,11","X15Y11","unproven_shape_20260929","shape OMUX22->IMUX28 d(0,0) is used by no board-PASS open image or qualified fixture","never-proven pip shape: refused by default; admit only after a design-level silicon PASS"
"OMUX25@15,11->IMUX32@15,11","X15Y11","unproven_shape_20260929","shape OMUX25->IMUX32 d(0,0) is used by no board-PASS open image or qualified fixture","never-proven pip shape: refused by default; admit only after a design-level silicon PASS"
"OMUX28@15,11->IMUX36@15,11","X15Y11","unproven_shape_20260929","shape OMUX28->IMUX36 d(0,0) is used by no board-PASS open image or qualified fixture","never-proven pip shape: refused by default; admit only after a design-level silicon PASS"
"OMUX31@15,11->IMUX40@15,11","X15Y11","unproven_shape_20260929","shape OMUX31->IMUX40 d(0,0) is used by no board-PASS open image or qualified fixture","never-proven pip shape: refused by default; admit only after a design-level silicon PASS"
"OMUX34@15,11->IMUX44@15,11","X15Y11","unproven_shape_20260929","shape OMUX34->IMUX44 d(0,0) is used by no board-PASS open image or qualified fixture","never-proven pip shape: refused by default; admit only after a design-level silicon PASS"
"OMUX37@15,11->IMUX48@15,11","X15Y11","unproven_shape_20260929","shape OMUX37->IMUX48 d(0,0) is used by no board-PASS open image or qualified fixture","never-proven pip shape: refused by default; admit only after a design-level silicon PASS"
"OMUX40@15,11->IMUX52@15,11","X15Y11","unproven_shape_20260929","shape OMUX40->IMUX52 d(0,0) is used by no board-PASS open image or qualified fixture","never-proven pip shape: refused by default; admit only after a design-level silicon PASS"
"OMUX43@15,11->IMUX56@15,11","X15Y11","unproven_shape_20260929","shape OMUX43->IMUX56 d(0,0) is used by no board-PASS open image or qualified fixture","never-proven pip shape: refused by default; admit only after a design-level silicon PASS"
"OMUX46@15,11->IMUX60@15,11","X15Y11","unproven_shape_20260929","shape OMUX46->IMUX60 d(0,0) is used by no board-PASS open image or qualified fixture","never-proven pip shape: refused by default; admit only after a design-level silicon PASS"
"OMUX01@15,12->IMUX00@15,12","X15Y12","unproven_shape_20260929","shape OMUX1->IMUX0 d(0,0) is used by no board-PASS open image or qualified fixture","never-proven pip shape: refused by default; admit only after a design-level silicon PASS"
"OMUX04@15,12->IMUX04@15,12","X15Y12","unproven_shape_20260929","shape OMUX4->IMUX4 d(0,0) is used by no board-PASS open image or qualified fixture","never-proven pip shape: refused by default; admit only after a design-level silicon PASS"
"OMUX13@15,12->IMUX16@15,12","X15Y12","unproven_shape_20260929","shape OMUX13->IMUX16 d(0,0) is used by no board-PASS open image or qualified fixture","never-proven pip shape: refused by default; admit only after a design-level silicon PASS"
"OMUX22@15,12->IMUX28@15,12","X15Y12","unproven_shape_20260929","shape OMUX22->IMUX28 d(0,0) is used by no board-PASS open image or qualified fixture","never-proven pip shape: refused by default; admit only after a design-level silicon PASS"
"OMUX25@15,12->IMUX32@15,12","X15Y12","unproven_shape_20260929","shape OMUX25->IMUX32 d(0,0) is used by no board-PASS open image or qualified fixture","never-proven pip shape: refused by default; admit only after a design-level silicon PASS"
"OMUX31@15,12->IMUX40@15,12","X15Y12","unproven_shape_20260929","shape OMUX31->IMUX40 d(0,0) is used by no board-PASS open image or qualified fixture","never-proven pip shape: refused by default; admit only after a design-level silicon PASS"
"OMUX34@15,12->IMUX44@15,12","X15Y12","unproven_shape_20260929","shape OMUX34->IMUX44 d(0,0) is used by no board-PASS open image or qualified fixture","never-proven pip shape: refused by default; admit only after a design-level silicon PASS"
"OMUX37@15,12->IMUX48@15,12","X15Y12","unproven_shape_20260929","shape OMUX37->IMUX48 d(0,0) is used by no board-PASS open image or qualified fixture","never-proven pip shape: refused by default; admit only after a design-level silicon PASS"
"OMUX40@15,12->IMUX52@15,12","X15Y12","unproven_shape_20260929","shape OMUX40->IMUX52 d(0,0) is used by no board-PASS open image or qualified fixture","never-proven pip shape: refused by default; admit only after a design-level silicon PASS"
"OMUX43@15,12->IMUX56@15,12","X15Y12","unproven_shape_20260929","shape OMUX43->IMUX56 d(0,0) is used by no board-PASS open image or qualified fixture","never-proven pip shape: refused by default; admit only after a design-level silicon PASS"
"OMUX46@15,12->IMUX60@15,12","X15Y12","unproven_shape_20260929","shape OMUX46->IMUX60 d(0,0) is used by no board-PASS open image or qualified fixture","never-proven pip shape: refused by default; admit only after a design-level silicon PASS"
"OMUX01@16,1->IMUX00@16,1","X16Y1","unproven_shape_20260929","shape OMUX1->IMUX0 d(0,0) is used by no board-PASS open image or qualified fixture","never-proven pip shape: refused by default; admit only after a design-level silicon PASS"
"OMUX04@16,1->IMUX04@16,1","X16Y1","unproven_shape_20260929","shape OMUX4->IMUX4 d(0,0) is used by no board-PASS open image or qualified fixture","never-proven pip shape: refused by default; admit only after a design-level silicon PASS"
"OMUX13@16,1->IMUX16@16,1","X16Y1","unproven_shape_20260929","shape OMUX13->IMUX16 d(0,0) is used by no board-PASS open image or qualified fixture","never-proven pip shape: refused by default; admit only after a design-level silicon PASS"
"OMUX16@16,1->IMUX20@16,1","X16Y1","unproven_shape_20260929","shape OMUX16->IMUX20 d(0,0) is used by no board-PASS open image or qualified fixture","never-proven pip shape: refused by default; admit only after a design-level silicon PASS"
"OMUX19@16,1->IMUX24@16,1","X16Y1","unproven_shape_20260929","shape OMUX19->IMUX24 d(0,0) is used by no board-PASS open image or qualified fixture","never-proven pip shape: refused by default; admit only after a design-level silicon PASS"
"OMUX28@16,1->IMUX36@16,1","X16Y1","unproven_shape_20260929","shape OMUX28->IMUX36 d(0,0) is used by no board-PASS open image or qualified fixture","never-proven pip shape: refused by default; admit only after a design-level silicon PASS"
"OMUX31@16,1->IMUX40@16,1","X16Y1","unproven_shape_20260929","shape OMUX31->IMUX40 d(0,0) is used by no board-PASS open image or qualified fixture","never-proven pip shape: refused by default; admit only after a design-level silicon PASS"
"OMUX34@16,1->IMUX44@16,1","X16Y1","unproven_shape_20260929","shape OMUX34->IMUX44 d(0,0) is used by no board-PASS open image or qualified fixture","never-proven pip shape: refused by default; admit only after a design-level silicon PASS"
"OMUX37@16,1->IMUX48@16,1","X16Y1","unproven_shape_20260929","shape OMUX37->IMUX48 d(0,0) is used by no board-PASS open image or qualified fixture","never-proven pip shape: refused by default; admit only after a design-level silicon PASS"
"OMUX40@16,1->IMUX52@16,1","X16Y1","unproven_shape_20260929","shape OMUX40->IMUX52 d(0,0) is used by no board-PASS open image or qualified fixture","never-proven pip shape: refused by default; admit only after a design-level silicon PASS"
"OMUX43@16,1->IMUX56@16,1","X16Y1","unproven_shape_20260929","shape OMUX43->IMUX56 d(0,0) is used by no board-PASS open image or qualified fixture","never-proven pip shape: refused by default; admit only after a design-level silicon PASS"
"OMUX46@16,1->IMUX60@16,1","X16Y1","unproven_shape_20260929","shape OMUX46->IMUX60 d(0,0) is used by no board-PASS open image or qualified fixture","never-proven pip shape: refused by default; admit only after a design-level silicon PASS"
"OMUX01@16,2->IMUX00@16,2","X16Y2","unproven_shape_20260929","shape OMUX1->IMUX0 d(0,0) is used by no board-PASS open image or qualified fixture","never-proven pip shape: refused by default; admit only after a design-level silicon PASS"
"OMUX04@16,2->IMUX04@16,2","X16Y2","unproven_shape_20260929","shape OMUX4->IMUX4 d(0,0) is used by no board-PASS open image or qualified fixture","never-proven pip shape: refused by default; admit only after a design-level silicon PASS"
"OMUX07@16,2->IMUX08@16,2","X16Y2","unproven_shape_20260929","shape OMUX7->IMUX8 d(0,0) is used by no board-PASS open image or qualified fixture","never-proven pip shape: refused by default; admit only after a design-level silicon PASS"
"OMUX10@16,2->IMUX12@16,2","X16Y2","unproven_shape_20260929","shape OMUX10->IMUX12 d(0,0) is used by no board-PASS open image or qualified fixture","never-proven pip shape: refused by default; admit only after a design-level silicon PASS"
"OMUX13@16,2->IMUX16@16,2","X16Y2","unproven_shape_20260929","shape OMUX13->IMUX16 d(0,0) is used by no board-PASS open image or qualified fixture","never-proven pip shape: refused by default; admit only after a design-level silicon PASS"
"OMUX16@16,2->IMUX20@16,2","X16Y2","unproven_shape_20260929","shape OMUX16->IMUX20 d(0,0) is used by no board-PASS open image or qualified fixture","never-proven pip shape: refused by default; admit only after a design-level silicon PASS"
"OMUX19@16,2->IMUX24@16,2","X16Y2","unproven_shape_20260929","shape OMUX19->IMUX24 d(0,0) is used by no board-PASS open image or qualified fixture","never-proven pip shape: refused by default; admit only after a design-level silicon PASS"
"OMUX22@16,2->IMUX28@16,2","X16Y2","unproven_shape_20260929","shape OMUX22->IMUX28 d(0,0) is used by no board-PASS open image or qualified fixture","never-proven pip shape: refused by default; admit only after a design-level silicon PASS"
"OMUX25@16,2->IMUX32@16,2","X16Y2","unproven_shape_20260929","shape OMUX25->IMUX32 d(0,0) is used by no board-PASS open image or qualified fixture","never-proven pip shape: refused by default; admit only after a design-level silicon PASS"
"OMUX28@16,2->IMUX36@16,2","X16Y2","unproven_shape_20260929","shape OMUX28->IMUX36 d(0,0) is used by no board-PASS open image or qualified fixture","never-proven pip shape: refused by default; admit only after a design-level silicon PASS"
"OMUX31@16,2->IMUX40@16,2","X16Y2","unproven_shape_20260929","shape OMUX31->IMUX40 d(0,0) is used by no board-PASS open image or qualified fixture","never-proven pip shape: refused by default; admit only after a design-level silicon PASS"
"OMUX34@16,2->IMUX44@16,2","X16Y2","unproven_shape_20260929","shape OMUX34->IMUX44 d(0,0) is used by no board-PASS open image or qualified fixture","never-proven pip shape: refused by default; admit only after a design-level silicon PASS"
"OMUX37@16,2->IMUX48@16,2","X16Y2","unproven_shape_20260929","shape OMUX37->IMUX48 d(0,0) is used by no board-PASS open image or qualified fixture","never-proven pip shape: refused by default; admit only after a design-level silicon PASS"
"OMUX40@16,2->IMUX52@16,2","X16Y2","unproven_shape_20260929","shape OMUX40->IMUX52 d(0,0) is used by no board-PASS open image or qualified fixture","never-proven pip shape: refused by default; admit only after a design-level silicon PASS"
"OMUX43@16,2->IMUX56@16,2","X16Y2","unproven_shape_20260929","shape OMUX43->IMUX56 d(0,0) is used by no board-PASS open image or qualified fixture","never-proven pip shape: refused by default; admit only after a design-level silicon PASS"
"OMUX46@16,2->IMUX60@16,2","X16Y2","unproven_shape_20260929","shape OMUX46->IMUX60 d(0,0) is used by no board-PASS open image or qualified fixture","never-proven pip shape: refused by default; admit only after a design-level silicon PASS"
"OMUX01@16,3->IMUX00@16,3","X16Y3","unproven_shape_20260929","shape OMUX1->IMUX0 d(0,0) is used by no board-PASS open image or qualified fixture","never-proven pip shape: refused by default; admit only after a design-level silicon PASS"
"OMUX04@16,3->IMUX04@16,3","X16Y3","unproven_shape_20260929","shape OMUX4->IMUX4 d(0,0) is used by no board-PASS open image or qualified fixture","never-proven pip shape: refused by default; admit only after a design-level silicon PASS"
"OMUX10@16,3->IMUX12@16,3","X16Y3","unproven_shape_20260929","shape OMUX10->IMUX12 d(0,0) is used by no board-PASS open image or qualified fixture","never-proven pip shape: refused by default; admit only after a design-level silicon PASS"
"OMUX13@16,3->IMUX16@16,3","X16Y3","unproven_shape_20260929","shape OMUX13->IMUX16 d(0,0) is used by no board-PASS open image or qualified fixture","never-proven pip shape: refused by default; admit only after a design-level silicon PASS"
"OMUX16@16,3->IMUX20@16,3","X16Y3","unproven_shape_20260929","shape OMUX16->IMUX20 d(0,0) is used by no board-PASS open image or qualified fixture","never-proven pip shape: refused by default; admit only after a design-level silicon PASS"
"OMUX19@16,3->IMUX24@16,3","X16Y3","unproven_shape_20260929","shape OMUX19->IMUX24 d(0,0) is used by no board-PASS open image or qualified fixture","never-proven pip shape: refused by default; admit only after a design-level silicon PASS"
"OMUX22@16,3->IMUX28@16,3","X16Y3","unproven_shape_20260929","shape OMUX22->IMUX28 d(0,0) is used by no board-PASS open image or qualified fixture","never-proven pip shape: refused by default; admit only after a design-level silicon PASS"
"OMUX25@16,3->IMUX32@16,3","X16Y3","unproven_shape_20260929","shape OMUX25->IMUX32 d(0,0) is used by no board-PASS open image or qualified fixture","never-proven pip shape: refused by default; admit only after a design-level silicon PASS"
"OMUX28@16,3->IMUX36@16,3","X16Y3","unproven_shape_20260929","shape OMUX28->IMUX36 d(0,0) is used by no board-PASS open image or qualified fixture","never-proven pip shape: refused by default; admit only after a design-level silicon PASS"
"OMUX31@16,3->IMUX40@16,3","X16Y3","unproven_shape_20260929","shape OMUX31->IMUX40 d(0,0) is used by no board-PASS open image or qualified fixture","never-proven pip shape: refused by default; admit only after a design-level silicon PASS"
"OMUX34@16,3->IMUX44@16,3","X16Y3","unproven_shape_20260929","shape OMUX34->IMUX44 d(0,0) is used by no board-PASS open image or qualified fixture","never-proven pip shape: refused by default; admit only after a design-level silicon PASS"
"OMUX37@16,3->IMUX48@16,3","X16Y3","unproven_shape_20260929","shape OMUX37->IMUX48 d(0,0) is used by no board-PASS open image or qualified fixture","never-proven pip shape: refused by default; admit only after a design-level silicon PASS"
"OMUX40@16,3->IMUX52@16,3","X16Y3","unproven_shape_20260929","shape OMUX40->IMUX52 d(0,0) is used by no board-PASS open image or qualified fixture","never-proven pip shape: refused by default; admit only after a design-level silicon PASS"
"OMUX43@16,3->IMUX56@16,3","X16Y3","unproven_shape_20260929","shape OMUX43->IMUX56 d(0,0) is used by no board-PASS open image or qualified fixture","never-proven pip shape: refused by default; admit only after a design-level silicon PASS"
"OMUX46@16,3->IMUX60@16,3","X16Y3","unproven_shape_20260929","shape OMUX46->IMUX60 d(0,0) is used by no board-PASS open image or qualified fixture","never-proven pip shape: refused by default; admit only after a design-level silicon PASS"
"OMUX01@16,4->IMUX00@16,4","X16Y4","unproven_shape_20260929","shape OMUX1->IMUX0 d(0,0) is used by no board-PASS open image or qualified fixture","never-proven pip shape: refused by default; admit only after a design-level silicon PASS"
"OMUX07@16,4->IMUX08@16,4","X16Y4","unproven_shape_20260929","shape OMUX7->IMUX8 d(0,0) is used by no board-PASS open image or qualified fixture","never-proven pip shape: refused by default; admit only after a design-level silicon PASS"
"OMUX10@16,4->IMUX12@16,4","X16Y4","unproven_shape_20260929","shape OMUX10->IMUX12 d(0,0) is used by no board-PASS open image or qualified fixture","never-proven pip shape: refused by default; admit only after a design-level silicon PASS"
"OMUX13@16,4->IMUX16@16,4","X16Y4","unproven_shape_20260929","shape OMUX13->IMUX16 d(0,0) is used by no board-PASS open image or qualified fixture","never-proven pip shape: refused by default; admit only after a design-level silicon PASS"
"OMUX16@16,4->IMUX20@16,4","X16Y4","unproven_shape_20260929","shape OMUX16->IMUX20 d(0,0) is used by no board-PASS open image or qualified fixture","never-proven pip shape: refused by default; admit only after a design-level silicon PASS"
"OMUX19@16,4->IMUX24@16,4","X16Y4","unproven_shape_20260929","shape OMUX19->IMUX24 d(0,0) is used by no board-PASS open image or qualified fixture","never-proven pip shape: refused by default; admit only after a design-level silicon PASS"
"OMUX22@16,4->IMUX28@16,4","X16Y4","unproven_shape_20260929","shape OMUX22->IMUX28 d(0,0) is used by no board-PASS open image or qualified fixture","never-proven pip shape: refused by default; admit only after a design-level silicon PASS"
"OMUX25@16,4->IMUX32@16,4","X16Y4","unproven_shape_20260929","shape OMUX25->IMUX32 d(0,0) is used by no board-PASS open image or qualified fixture","never-proven pip shape: refused by default; admit only after a design-level silicon PASS"
"OMUX28@16,4->IMUX36@16,4","X16Y4","unproven_shape_20260929","shape OMUX28->IMUX36 d(0,0) is used by no board-PASS open image or qualified fixture","never-proven pip shape: refused by default; admit only after a design-level silicon PASS"
"OMUX31@16,4->IMUX40@16,4","X16Y4","unproven_shape_20260929","shape OMUX31->IMUX40 d(0,0) is used by no board-PASS open image or qualified fixture","never-proven pip shape: refused by default; admit only after a design-level silicon PASS"
"OMUX34@16,4->IMUX44@16,4","X16Y4","unproven_shape_20260929","shape OMUX34->IMUX44 d(0,0) is used by no board-PASS open image or qualified fixture","never-proven pip shape: refused by default; admit only after a design-level silicon PASS"
"OMUX37@16,4->IMUX48@16,4","X16Y4","unproven_shape_20260929","shape OMUX37->IMUX48 d(0,0) is used by no board-PASS open image or qualified fixture","never-proven pip shape: refused by default; admit only after a design-level silicon PASS"
"OMUX40@16,4->IMUX52@16,4","X16Y4","unproven_shape_20260929","shape OMUX40->IMUX52 d(0,0) is used by no board-PASS open image or qualified fixture","never-proven pip shape: refused by default; admit only after a design-level silicon PASS"
"OMUX43@16,4->IMUX56@16,4","X16Y4","unproven_shape_20260929","shape OMUX43->IMUX56 d(0,0) is used by no board-PASS open image or qualified fixture","never-proven pip shape: refused by default; admit only after a design-level silicon PASS"
"OMUX46@16,4->IMUX60@16,4","X16Y4","unproven_shape_20260929","shape OMUX46->IMUX60 d(0,0) is used by no board-PASS open image or qualified fixture","never-proven pip shape: refused by default; admit only after a design-level silicon PASS"
"OMUX01@16,5->IMUX00@16,5","X16Y5","unproven_shape_20260929","shape OMUX1->IMUX0 d(0,0) is used by no board-PASS open image or qualified fixture","never-proven pip shape: refused by default; admit only after a design-level silicon PASS"
"OMUX04@16,5->IMUX04@16,5","X16Y5","unproven_shape_20260929","shape OMUX4->IMUX4 d(0,0) is used by no board-PASS open image or qualified fixture","never-proven pip shape: refused by default; admit only after a design-level silicon PASS"
"OMUX07@16,5->IMUX08@16,5","X16Y5","unproven_shape_20260929","shape OMUX7->IMUX8 d(0,0) is used by no board-PASS open image or qualified fixture","never-proven pip shape: refused by default; admit only after a design-level silicon PASS"
"OMUX10@16,5->IMUX12@16,5","X16Y5","unproven_shape_20260929","shape OMUX10->IMUX12 d(0,0) is used by no board-PASS open image or qualified fixture","never-proven pip shape: refused by default; admit only after a design-level silicon PASS"
"OMUX13@16,5->IMUX16@16,5","X16Y5","unproven_shape_20260929","shape OMUX13->IMUX16 d(0,0) is used by no board-PASS open image or qualified fixture","never-proven pip shape: refused by default; admit only after a design-level silicon PASS"
"OMUX16@16,5->IMUX20@16,5","X16Y5","unproven_shape_20260929","shape OMUX16->IMUX20 d(0,0) is used by no board-PASS open image or qualified fixture","never-proven pip shape: refused by default; admit only after a design-level silicon PASS"
"OMUX22@16,5->IMUX28@16,5","X16Y5","unproven_shape_20260929","shape OMUX22->IMUX28 d(0,0) is used by no board-PASS open image or qualified fixture","never-proven pip shape: refused by default; admit only after a design-level silicon PASS"
"OMUX25@16,5->IMUX32@16,5","X16Y5","unproven_shape_20260929","shape OMUX25->IMUX32 d(0,0) is used by no board-PASS open image or qualified fixture","never-proven pip shape: refused by default; admit only after a design-level silicon PASS"
"OMUX28@16,5->IMUX36@16,5","X16Y5","unproven_shape_20260929","shape OMUX28->IMUX36 d(0,0) is used by no board-PASS open image or qualified fixture","never-proven pip shape: refused by default; admit only after a design-level silicon PASS"
"OMUX34@16,5->IMUX44@16,5","X16Y5","unproven_shape_20260929","shape OMUX34->IMUX44 d(0,0) is used by no board-PASS open image or qualified fixture","never-proven pip shape: refused by default; admit only after a design-level silicon PASS"
"OMUX37@16,5->IMUX48@16,5","X16Y5","unproven_shape_20260929","shape OMUX37->IMUX48 d(0,0) is used by no board-PASS open image or qualified fixture","never-proven pip shape: refused by default; admit only after a design-level silicon PASS"
"OMUX40@16,5->IMUX52@16,5","X16Y5","unproven_shape_20260929","shape OMUX40->IMUX52 d(0,0) is used by no board-PASS open image or qualified fixture","never-proven pip shape: refused by default; admit only after a design-level silicon PASS"
"OMUX43@16,5->IMUX56@16,5","X16Y5","unproven_shape_20260929","shape OMUX43->IMUX56 d(0,0) is used by no board-PASS open image or qualified fixture","never-proven pip shape: refused by default; admit only after a design-level silicon PASS"
"OMUX46@16,5->IMUX60@16,5","X16Y5","unproven_shape_20260929","shape OMUX46->IMUX60 d(0,0) is used by no board-PASS open image or qualified fixture","never-proven pip shape: refused by default; admit only after a design-level silicon PASS"
"OMUX01@16,6->IMUX00@16,6","X16Y6","unproven_shape_20260929","shape OMUX1->IMUX0 d(0,0) is used by no board-PASS open image or qualified fixture","never-proven pip shape: refused by default; admit only after a design-level silicon PASS"
"OMUX04@16,6->IMUX04@16,6","X16Y6","unproven_shape_20260929","shape OMUX4->IMUX4 d(0,0) is used by no board-PASS open image or qualified fixture","never-proven pip shape: refused by default; admit only after a design-level silicon PASS"
"OMUX07@16,6->IMUX08@16,6","X16Y6","unproven_shape_20260929","shape OMUX7->IMUX8 d(0,0) is used by no board-PASS open image or qualified fixture","never-proven pip shape: refused by default; admit only after a design-level silicon PASS"
"OMUX13@16,6->IMUX16@16,6","X16Y6","unproven_shape_20260929","shape OMUX13->IMUX16 d(0,0) is used by no board-PASS open image or qualified fixture","never-proven pip shape: refused by default; admit only after a design-level silicon PASS"
"OMUX22@16,6->IMUX28@16,6","X16Y6","unproven_shape_20260929","shape OMUX22->IMUX28 d(0,0) is used by no board-PASS open image or qualified fixture","never-proven pip shape: refused by default; admit only after a design-level silicon PASS"
"OMUX28@16,6->IMUX36@16,6","X16Y6","unproven_shape_20260929","shape OMUX28->IMUX36 d(0,0) is used by no board-PASS open image or qualified fixture","never-proven pip shape: refused by default; admit only after a design-level silicon PASS"
"OMUX31@16,6->IMUX40@16,6","X16Y6","unproven_shape_20260929","shape OMUX31->IMUX40 d(0,0) is used by no board-PASS open image or qualified fixture","never-proven pip shape: refused by default; admit only after a design-level silicon PASS"
"OMUX46@16,6->IMUX60@16,6","X16Y6","unproven_shape_20260929","shape OMUX46->IMUX60 d(0,0) is used by no board-PASS open image or qualified fixture","never-proven pip shape: refused by default; admit only after a design-level silicon PASS"
"OMUX01@16,7->IMUX00@16,7","X16Y7","unproven_shape_20260929","shape OMUX1->IMUX0 d(0,0) is used by no board-PASS open image or qualified fixture","never-proven pip shape: refused by default; admit only after a design-level silicon PASS"
"OMUX04@16,7->IMUX04@16,7","X16Y7","unproven_shape_20260929","shape OMUX4->IMUX4 d(0,0) is used by no board-PASS open image or qualified fixture","never-proven pip shape: refused by default; admit only after a design-level silicon PASS"
"OMUX16@16,7->IMUX20@16,7","X16Y7","unproven_shape_20260929","shape OMUX16->IMUX20 d(0,0) is used by no board-PASS open image or qualified fixture","never-proven pip shape: refused by default; admit only after a design-level silicon PASS"
"OMUX19@16,7->IMUX24@16,7","X16Y7","unproven_shape_20260929","shape OMUX19->IMUX24 d(0,0) is used by no board-PASS open image or qualified fixture","never-proven pip shape: refused by default; admit only after a design-level silicon PASS"
"OMUX25@16,7->IMUX32@16,7","X16Y7","unproven_shape_20260929","shape OMUX25->IMUX32 d(0,0) is used by no board-PASS open image or qualified fixture","never-proven pip shape: refused by default; admit only after a design-level silicon PASS"
"OMUX28@16,7->IMUX36@16,7","X16Y7","unproven_shape_20260929","shape OMUX28->IMUX36 d(0,0) is used by no board-PASS open image or qualified fixture","never-proven pip shape: refused by default; admit only after a design-level silicon PASS"
"OMUX31@16,7->IMUX40@16,7","X16Y7","unproven_shape_20260929","shape OMUX31->IMUX40 d(0,0) is used by no board-PASS open image or qualified fixture","never-proven pip shape: refused by default; admit only after a design-level silicon PASS"
"OMUX34@16,7->IMUX44@16,7","X16Y7","unproven_shape_20260929","shape OMUX34->IMUX44 d(0,0) is used by no board-PASS open image or qualified fixture","never-proven pip shape: refused by default; admit only after a design-level silicon PASS"
"OMUX37@16,7->IMUX48@16,7","X16Y7","unproven_shape_20260929","shape OMUX37->IMUX48 d(0,0) is used by no board-PASS open image or qualified fixture","never-proven pip shape: refused by default; admit only after a design-level silicon PASS"
"OMUX40@16,7->IMUX52@16,7","X16Y7","unproven_shape_20260929","shape OMUX40->IMUX52 d(0,0) is used by no board-PASS open image or qualified fixture","never-proven pip shape: refused by default; admit only after a design-level silicon PASS"
"OMUX43@16,7->IMUX56@16,7","X16Y7","unproven_shape_20260929","shape OMUX43->IMUX56 d(0,0) is used by no board-PASS open image or qualified fixture","never-proven pip shape: refused by default; admit only after a design-level silicon PASS"
"OMUX46@16,7->IMUX60@16,7","X16Y7","unproven_shape_20260929","shape OMUX46->IMUX60 d(0,0) is used by no board-PASS open image or qualified fixture","never-proven pip shape: refused by default; admit only after a design-level silicon PASS"
"OMUX01@16,8->IMUX00@16,8","X16Y8","unproven_shape_20260929","shape OMUX1->IMUX0 d(0,0) is used by no board-PASS open image or qualified fixture","never-proven pip shape: refused by default; admit only after a design-level silicon PASS"
"OMUX04@16,8->IMUX04@16,8","X16Y8","unproven_shape_20260929","shape OMUX4->IMUX4 d(0,0) is used by no board-PASS open image or qualified fixture","never-proven pip shape: refused by default; admit only after a design-level silicon PASS"
"OMUX07@16,8->IMUX08@16,8","X16Y8","unproven_shape_20260929","shape OMUX7->IMUX8 d(0,0) is used by no board-PASS open image or qualified fixture","never-proven pip shape: refused by default; admit only after a design-level silicon PASS"
"OMUX13@16,8->IMUX16@16,8","X16Y8","unproven_shape_20260929","shape OMUX13->IMUX16 d(0,0) is used by no board-PASS open image or qualified fixture","never-proven pip shape: refused by default; admit only after a design-level silicon PASS"
"OMUX16@16,8->IMUX20@16,8","X16Y8","unproven_shape_20260929","shape OMUX16->IMUX20 d(0,0) is used by no board-PASS open image or qualified fixture","never-proven pip shape: refused by default; admit only after a design-level silicon PASS"
"OMUX19@16,8->IMUX24@16,8","X16Y8","unproven_shape_20260929","shape OMUX19->IMUX24 d(0,0) is used by no board-PASS open image or qualified fixture","never-proven pip shape: refused by default; admit only after a design-level silicon PASS"
"OMUX22@16,8->IMUX28@16,8","X16Y8","unproven_shape_20260929","shape OMUX22->IMUX28 d(0,0) is used by no board-PASS open image or qualified fixture","never-proven pip shape: refused by default; admit only after a design-level silicon PASS"
"OMUX25@16,8->IMUX32@16,8","X16Y8","unproven_shape_20260929","shape OMUX25->IMUX32 d(0,0) is used by no board-PASS open image or qualified fixture","never-proven pip shape: refused by default; admit only after a design-level silicon PASS"
"OMUX28@16,8->IMUX36@16,8","X16Y8","unproven_shape_20260929","shape OMUX28->IMUX36 d(0,0) is used by no board-PASS open image or qualified fixture","never-proven pip shape: refused by default; admit only after a design-level silicon PASS"
"OMUX31@16,8->IMUX40@16,8","X16Y8","unproven_shape_20260929","shape OMUX31->IMUX40 d(0,0) is used by no board-PASS open image or qualified fixture","never-proven pip shape: refused by default; admit only after a design-level silicon PASS"
"OMUX34@16,8->IMUX44@16,8","X16Y8","unproven_shape_20260929","shape OMUX34->IMUX44 d(0,0) is used by no board-PASS open image or qualified fixture","never-proven pip shape: refused by default; admit only after a design-level silicon PASS"
"OMUX37@16,8->IMUX48@16,8","X16Y8","unproven_shape_20260929","shape OMUX37->IMUX48 d(0,0) is used by no board-PASS open image or qualified fixture","never-proven pip shape: refused by default; admit only after a design-level silicon PASS"
"OMUX40@16,8->IMUX52@16,8","X16Y8","unproven_shape_20260929","shape OMUX40->IMUX52 d(0,0) is used by no board-PASS open image or qualified fixture","never-proven pip shape: refused by default; admit only after a design-level silicon PASS"
"OMUX43@16,8->IMUX56@16,8","X16Y8","unproven_shape_20260929","shape OMUX43->IMUX56 d(0,0) is used by no board-PASS open image or qualified fixture","never-proven pip shape: refused by default; admit only after a design-level silicon PASS"
"OMUX46@16,8->IMUX60@16,8","X16Y8","unproven_shape_20260929","shape OMUX46->IMUX60 d(0,0) is used by no board-PASS open image or qualified fixture","never-proven pip shape: refused by default; admit only after a design-level silicon PASS"
"OMUX01@16,9->IMUX00@16,9","X16Y9","unproven_shape_20260929","shape OMUX1->IMUX0 d(0,0) is used by no board-PASS open image or qualified fixture","never-proven pip shape: refused by default; admit only after a design-level silicon PASS"
"OMUX04@16,9->IMUX04@16,9","X16Y9","unproven_shape_20260929","shape OMUX4->IMUX4 d(0,0) is used by no board-PASS open image or qualified fixture","never-proven pip shape: refused by default; admit only after a design-level silicon PASS"
"OMUX07@16,9->IMUX08@16,9","X16Y9","unproven_shape_20260929","shape OMUX7->IMUX8 d(0,0) is used by no board-PASS open image or qualified fixture","never-proven pip shape: refused by default; admit only after a design-level silicon PASS"
"OMUX10@16,9->IMUX12@16,9","X16Y9","unproven_shape_20260929","shape OMUX10->IMUX12 d(0,0) is used by no board-PASS open image or qualified fixture","never-proven pip shape: refused by default; admit only after a design-level silicon PASS"
"OMUX16@16,9->IMUX20@16,9","X16Y9","unproven_shape_20260929","shape OMUX16->IMUX20 d(0,0) is used by no board-PASS open image or qualified fixture","never-proven pip shape: refused by default; admit only after a design-level silicon PASS"
"OMUX19@16,9->IMUX24@16,9","X16Y9","unproven_shape_20260929","shape OMUX19->IMUX24 d(0,0) is used by no board-PASS open image or qualified fixture","never-proven pip shape: refused by default; admit only after a design-level silicon PASS"
"OMUX22@16,9->IMUX28@16,9","X16Y9","unproven_shape_20260929","shape OMUX22->IMUX28 d(0,0) is used by no board-PASS open image or qualified fixture","never-proven pip shape: refused by default; admit only after a design-level silicon PASS"
"OMUX25@16,9->IMUX32@16,9","X16Y9","unproven_shape_20260929","shape OMUX25->IMUX32 d(0,0) is used by no board-PASS open image or qualified fixture","never-proven pip shape: refused by default; admit only after a design-level silicon PASS"
"OMUX28@16,9->IMUX36@16,9","X16Y9","unproven_shape_20260929","shape OMUX28->IMUX36 d(0,0) is used by no board-PASS open image or qualified fixture","never-proven pip shape: refused by default; admit only after a design-level silicon PASS"
"OMUX31@16,9->IMUX40@16,9","X16Y9","unproven_shape_20260929","shape OMUX31->IMUX40 d(0,0) is used by no board-PASS open image or qualified fixture","never-proven pip shape: refused by default; admit only after a design-level silicon PASS"
"OMUX34@16,9->IMUX44@16,9","X16Y9","unproven_shape_20260929","shape OMUX34->IMUX44 d(0,0) is used by no board-PASS open image or qualified fixture","never-proven pip shape: refused by default; admit only after a design-level silicon PASS"
"OMUX37@16,9->IMUX48@16,9","X16Y9","unproven_shape_20260929","shape OMUX37->IMUX48 d(0,0) is used by no board-PASS open image or qualified fixture","never-proven pip shape: refused by default; admit only after a design-level silicon PASS"
"OMUX40@16,9->IMUX52@16,9","X16Y9","unproven_shape_20260929","shape OMUX40->IMUX52 d(0,0) is used by no board-PASS open image or qualified fixture","never-proven pip shape: refused by default; admit only after a design-level silicon PASS"
"OMUX43@16,9->IMUX56@16,9","X16Y9","unproven_shape_20260929","shape OMUX43->IMUX56 d(0,0) is used by no board-PASS open image or qualified fixture","never-proven pip shape: refused by default; admit only after a design-level silicon PASS"
"OMUX46@16,9->IMUX60@16,9","X16Y9","unproven_shape_20260929","shape OMUX46->IMUX60 d(0,0) is used by no board-PASS open image or qualified fixture","never-proven pip shape: refused by default; admit only after a design-level silicon PASS"
"OMUX01@16,10->IMUX00@16,10","X16Y10","unproven_shape_20260929","shape OMUX1->IMUX0 d(0,0) is used by no board-PASS open image or qualified fixture","never-proven pip shape: refused by default; admit only after a design-level silicon PASS"
"OMUX04@16,10->IMUX04@16,10","X16Y10","unproven_shape_20260929","shape OMUX4->IMUX4 d(0,0) is used by no board-PASS open image or qualified fixture","never-proven pip shape: refused by default; admit only after a design-level silicon PASS"
"OMUX13@16,10->IMUX16@16,10","X16Y10","unproven_shape_20260929","shape OMUX13->IMUX16 d(0,0) is used by no board-PASS open image or qualified fixture","never-proven pip shape: refused by default; admit only after a design-level silicon PASS"
"OMUX16@16,10->IMUX20@16,10","X16Y10","unproven_shape_20260929","shape OMUX16->IMUX20 d(0,0) is used by no board-PASS open image or qualified fixture","never-proven pip shape: refused by default; admit only after a design-level silicon PASS"
"OMUX19@16,10->IMUX24@16,10","X16Y10","unproven_shape_20260929","shape OMUX19->IMUX24 d(0,0) is used by no board-PASS open image or qualified fixture","never-proven pip shape: refused by default; admit only after a design-level silicon PASS"
"OMUX28@16,10->IMUX36@16,10","X16Y10","unproven_shape_20260929","shape OMUX28->IMUX36 d(0,0) is used by no board-PASS open image or qualified fixture","never-proven pip shape: refused by default; admit only after a design-level silicon PASS"
"OMUX31@16,10->IMUX40@16,10","X16Y10","unproven_shape_20260929","shape OMUX31->IMUX40 d(0,0) is used by no board-PASS open image or qualified fixture","never-proven pip shape: refused by default; admit only after a design-level silicon PASS"
"OMUX34@16,10->IMUX44@16,10","X16Y10","unproven_shape_20260929","shape OMUX34->IMUX44 d(0,0) is used by no board-PASS open image or qualified fixture","never-proven pip shape: refused by default; admit only after a design-level silicon PASS"
"OMUX37@16,10->IMUX48@16,10","X16Y10","unproven_shape_20260929","shape OMUX37->IMUX48 d(0,0) is used by no board-PASS open image or qualified fixture","never-proven pip shape: refused by default; admit only after a design-level silicon PASS"
"OMUX40@16,10->IMUX52@16,10","X16Y10","unproven_shape_20260929","shape OMUX40->IMUX52 d(0,0) is used by no board-PASS open image or qualified fixture","never-proven pip shape: refused by default; admit only after a design-level silicon PASS"
"OMUX43@16,10->IMUX56@16,10","X16Y10","unproven_shape_20260929","shape OMUX43->IMUX56 d(0,0) is used by no board-PASS open image or qualified fixture","never-proven pip shape: refused by default; admit only after a design-level silicon PASS"
"OMUX46@16,10->IMUX60@16,10","X16Y10","unproven_shape_20260929","shape OMUX46->IMUX60 d(0,0) is used by no board-PASS open image or qualified fixture","never-proven pip shape: refused by default; admit only after a design-level silicon PASS"
"OMUX01@16,11->IMUX00@16,11","X16Y11","unproven_shape_20260929","shape OMUX1->IMUX0 d(0,0) is used by no board-PASS open image or qualified fixture","never-proven pip shape: refused by default; admit only after a design-level silicon PASS"
"OMUX04@16,11->IMUX04@16,11","X16Y11","unproven_shape_20260929","shape OMUX4->IMUX4 d(0,0) is used by no board-PASS open image or qualified fixture","never-proven pip shape: refused by default; admit only after a design-level silicon PASS"
"OMUX07@16,11->IMUX08@16,11","X16Y11","unproven_shape_20260929","shape OMUX7->IMUX8 d(0,0) is used by no board-PASS open image or qualified fixture","never-proven pip shape: refused by default; admit only after a design-level silicon PASS"
"OMUX10@16,11->IMUX12@16,11","X16Y11","unproven_shape_20260929","shape OMUX10->IMUX12 d(0,0) is used by no board-PASS open image or qualified fixture","never-proven pip shape: refused by default; admit only after a design-level silicon PASS"
"OMUX13@16,11->IMUX16@16,11","X16Y11","unproven_shape_20260929","shape OMUX13->IMUX16 d(0,0) is used by no board-PASS open image or qualified fixture","never-proven pip shape: refused by default; admit only after a design-level silicon PASS"
"OMUX16@16,11->IMUX20@16,11","X16Y11","unproven_shape_20260929","shape OMUX16->IMUX20 d(0,0) is used by no board-PASS open image or qualified fixture","never-proven pip shape: refused by default; admit only after a design-level silicon PASS"
"OMUX19@16,11->IMUX24@16,11","X16Y11","unproven_shape_20260929","shape OMUX19->IMUX24 d(0,0) is used by no board-PASS open image or qualified fixture","never-proven pip shape: refused by default; admit only after a design-level silicon PASS"
"OMUX22@16,11->IMUX28@16,11","X16Y11","unproven_shape_20260929","shape OMUX22->IMUX28 d(0,0) is used by no board-PASS open image or qualified fixture","never-proven pip shape: refused by default; admit only after a design-level silicon PASS"
"OMUX25@16,11->IMUX32@16,11","X16Y11","unproven_shape_20260929","shape OMUX25->IMUX32 d(0,0) is used by no board-PASS open image or qualified fixture","never-proven pip shape: refused by default; admit only after a design-level silicon PASS"
"OMUX34@16,11->IMUX44@16,11","X16Y11","unproven_shape_20260929","shape OMUX34->IMUX44 d(0,0) is used by no board-PASS open image or qualified fixture","never-proven pip shape: refused by default; admit only after a design-level silicon PASS"
"OMUX37@16,11->IMUX48@16,11","X16Y11","unproven_shape_20260929","shape OMUX37->IMUX48 d(0,0) is used by no board-PASS open image or qualified fixture","never-proven pip shape: refused by default; admit only after a design-level silicon PASS"
"OMUX43@16,11->IMUX56@16,11","X16Y11","unproven_shape_20260929","shape OMUX43->IMUX56 d(0,0) is used by no board-PASS open image or qualified fixture","never-proven pip shape: refused by default; admit only after a design-level silicon PASS"
"OMUX46@16,11->IMUX60@16,11","X16Y11","unproven_shape_20260929","shape OMUX46->IMUX60 d(0,0) is used by no board-PASS open image or qualified fixture","never-proven pip shape: refused by default; admit only after a design-level silicon PASS"
"OMUX01@16,12->IMUX00@16,12","X16Y12","unproven_shape_20260929","shape OMUX1->IMUX0 d(0,0) is used by no board-PASS open image or qualified fixture","never-proven pip shape: refused by default; admit only after a design-level silicon PASS"
"OMUX04@16,12->IMUX04@16,12","X16Y12","unproven_shape_20260929","shape OMUX4->IMUX4 d(0,0) is used by no board-PASS open image or qualified fixture","never-proven pip shape: refused by default; admit only after a design-level silicon PASS"
"OMUX10@16,12->IMUX12@16,12","X16Y12","unproven_shape_20260929","shape OMUX10->IMUX12 d(0,0) is used by no board-PASS open image or qualified fixture","never-proven pip shape: refused by default; admit only after a design-level silicon PASS"
"OMUX13@16,12->IMUX16@16,12","X16Y12","unproven_shape_20260929","shape OMUX13->IMUX16 d(0,0) is used by no board-PASS open image or qualified fixture","never-proven pip shape: refused by default; admit only after a design-level silicon PASS"
"OMUX16@16,12->IMUX20@16,12","X16Y12","unproven_shape_20260929","shape OMUX16->IMUX20 d(0,0) is used by no board-PASS open image or qualified fixture","never-proven pip shape: refused by default; admit only after a design-level silicon PASS"
"OMUX28@16,12->IMUX36@16,12","X16Y12","unproven_shape_20260929","shape OMUX28->IMUX36 d(0,0) is used by no board-PASS open image or qualified fixture","never-proven pip shape: refused by default; admit only after a design-level silicon PASS"
"OMUX34@16,12->IMUX44@16,12","X16Y12","unproven_shape_20260929","shape OMUX34->IMUX44 d(0,0) is used by no board-PASS open image or qualified fixture","never-proven pip shape: refused by default; admit only after a design-level silicon PASS"
"OMUX37@16,12->IMUX48@16,12","X16Y12","unproven_shape_20260929","shape OMUX37->IMUX48 d(0,0) is used by no board-PASS open image or qualified fixture","never-proven pip shape: refused by default; admit only after a design-level silicon PASS"
"OMUX43@16,12->IMUX56@16,12","X16Y12","unproven_shape_20260929","shape OMUX43->IMUX56 d(0,0) is used by no board-PASS open image or qualified fixture","never-proven pip shape: refused by default; admit only after a design-level silicon PASS"
"OMUX46@16,12->IMUX60@16,12","X16Y12","unproven_shape_20260929","shape OMUX46->IMUX60 d(0,0) is used by no board-PASS open image or qualified fixture","never-proven pip shape: refused by default; admit only after a design-level silicon PASS"
"OMUX01@17,1->IMUX00@17,1","X17Y1","unproven_shape_20260929","shape OMUX1->IMUX0 d(0,0) is used by no board-PASS open image or qualified fixture","never-proven pip shape: refused by default; admit only after a design-level silicon PASS"
"OMUX04@17,1->IMUX04@17,1","X17Y1","unproven_shape_20260929","shape OMUX4->IMUX4 d(0,0) is used by no board-PASS open image or qualified fixture","never-proven pip shape: refused by default; admit only after a design-level silicon PASS"
"OMUX07@17,1->IMUX08@17,1","X17Y1","unproven_shape_20260929","shape OMUX7->IMUX8 d(0,0) is used by no board-PASS open image or qualified fixture","never-proven pip shape: refused by default; admit only after a design-level silicon PASS"
"OMUX10@17,1->IMUX12@17,1","X17Y1","unproven_shape_20260929","shape OMUX10->IMUX12 d(0,0) is used by no board-PASS open image or qualified fixture","never-proven pip shape: refused by default; admit only after a design-level silicon PASS"
"OMUX13@17,1->IMUX16@17,1","X17Y1","unproven_shape_20260929","shape OMUX13->IMUX16 d(0,0) is used by no board-PASS open image or qualified fixture","never-proven pip shape: refused by default; admit only after a design-level silicon PASS"
"OMUX16@17,1->IMUX20@17,1","X17Y1","unproven_shape_20260929","shape OMUX16->IMUX20 d(0,0) is used by no board-PASS open image or qualified fixture","never-proven pip shape: refused by default; admit only after a design-level silicon PASS"
"OMUX19@17,1->IMUX24@17,1","X17Y1","unproven_shape_20260929","shape OMUX19->IMUX24 d(0,0) is used by no board-PASS open image or qualified fixture","never-proven pip shape: refused by default; admit only after a design-level silicon PASS"
"OMUX25@17,1->IMUX32@17,1","X17Y1","unproven_shape_20260929","shape OMUX25->IMUX32 d(0,0) is used by no board-PASS open image or qualified fixture","never-proven pip shape: refused by default; admit only after a design-level silicon PASS"
"OMUX28@17,1->IMUX36@17,1","X17Y1","unproven_shape_20260929","shape OMUX28->IMUX36 d(0,0) is used by no board-PASS open image or qualified fixture","never-proven pip shape: refused by default; admit only after a design-level silicon PASS"
"OMUX34@17,1->IMUX44@17,1","X17Y1","unproven_shape_20260929","shape OMUX34->IMUX44 d(0,0) is used by no board-PASS open image or qualified fixture","never-proven pip shape: refused by default; admit only after a design-level silicon PASS"
"OMUX37@17,1->IMUX48@17,1","X17Y1","unproven_shape_20260929","shape OMUX37->IMUX48 d(0,0) is used by no board-PASS open image or qualified fixture","never-proven pip shape: refused by default; admit only after a design-level silicon PASS"
"OMUX40@17,1->IMUX52@17,1","X17Y1","unproven_shape_20260929","shape OMUX40->IMUX52 d(0,0) is used by no board-PASS open image or qualified fixture","never-proven pip shape: refused by default; admit only after a design-level silicon PASS"
"OMUX43@17,1->IMUX56@17,1","X17Y1","unproven_shape_20260929","shape OMUX43->IMUX56 d(0,0) is used by no board-PASS open image or qualified fixture","never-proven pip shape: refused by default; admit only after a design-level silicon PASS"
"OMUX46@17,1->IMUX60@17,1","X17Y1","unproven_shape_20260929","shape OMUX46->IMUX60 d(0,0) is used by no board-PASS open image or qualified fixture","never-proven pip shape: refused by default; admit only after a design-level silicon PASS"
"OMUX01@17,2->IMUX00@17,2","X17Y2","unproven_shape_20260929","shape OMUX1->IMUX0 d(0,0) is used by no board-PASS open image or qualified fixture","never-proven pip shape: refused by default; admit only after a design-level silicon PASS"
"OMUX04@17,2->IMUX04@17,2","X17Y2","unproven_shape_20260929","shape OMUX4->IMUX4 d(0,0) is used by no board-PASS open image or qualified fixture","never-proven pip shape: refused by default; admit only after a design-level silicon PASS"
"OMUX07@17,2->IMUX08@17,2","X17Y2","unproven_shape_20260929","shape OMUX7->IMUX8 d(0,0) is used by no board-PASS open image or qualified fixture","never-proven pip shape: refused by default; admit only after a design-level silicon PASS"
"OMUX10@17,2->IMUX12@17,2","X17Y2","unproven_shape_20260929","shape OMUX10->IMUX12 d(0,0) is used by no board-PASS open image or qualified fixture","never-proven pip shape: refused by default; admit only after a design-level silicon PASS"
"OMUX28@17,2->IMUX36@17,2","X17Y2","unproven_shape_20260929","shape OMUX28->IMUX36 d(0,0) is used by no board-PASS open image or qualified fixture","never-proven pip shape: refused by default; admit only after a design-level silicon PASS"
"OMUX31@17,2->IMUX40@17,2","X17Y2","unproven_shape_20260929","shape OMUX31->IMUX40 d(0,0) is used by no board-PASS open image or qualified fixture","never-proven pip shape: refused by default; admit only after a design-level silicon PASS"
"OMUX34@17,2->IMUX44@17,2","X17Y2","unproven_shape_20260929","shape OMUX34->IMUX44 d(0,0) is used by no board-PASS open image or qualified fixture","never-proven pip shape: refused by default; admit only after a design-level silicon PASS"
"OMUX37@17,2->IMUX48@17,2","X17Y2","unproven_shape_20260929","shape OMUX37->IMUX48 d(0,0) is used by no board-PASS open image or qualified fixture","never-proven pip shape: refused by default; admit only after a design-level silicon PASS"
"OMUX40@17,2->IMUX52@17,2","X17Y2","unproven_shape_20260929","shape OMUX40->IMUX52 d(0,0) is used by no board-PASS open image or qualified fixture","never-proven pip shape: refused by default; admit only after a design-level silicon PASS"
"OMUX43@17,2->IMUX56@17,2","X17Y2","unproven_shape_20260929","shape OMUX43->IMUX56 d(0,0) is used by no board-PASS open image or qualified fixture","never-proven pip shape: refused by default; admit only after a design-level silicon PASS"
"OMUX46@17,2->IMUX60@17,2","X17Y2","unproven_shape_20260929","shape OMUX46->IMUX60 d(0,0) is used by no board-PASS open image or qualified fixture","never-proven pip shape: refused by default; admit only after a design-level silicon PASS"
"OMUX01@17,3->IMUX00@17,3","X17Y3","unproven_shape_20260929","shape OMUX1->IMUX0 d(0,0) is used by no board-PASS open image or qualified fixture","never-proven pip shape: refused by default; admit only after a design-level silicon PASS"
"OMUX04@17,3->IMUX04@17,3","X17Y3","unproven_shape_20260929","shape OMUX4->IMUX4 d(0,0) is used by no board-PASS open image or qualified fixture","never-proven pip shape: refused by default; admit only after a design-level silicon PASS"
"OMUX07@17,3->IMUX08@17,3","X17Y3","unproven_shape_20260929","shape OMUX7->IMUX8 d(0,0) is used by no board-PASS open image or qualified fixture","never-proven pip shape: refused by default; admit only after a design-level silicon PASS"
"OMUX13@17,3->IMUX16@17,3","X17Y3","unproven_shape_20260929","shape OMUX13->IMUX16 d(0,0) is used by no board-PASS open image or qualified fixture","never-proven pip shape: refused by default; admit only after a design-level silicon PASS"
"OMUX22@17,3->IMUX28@17,3","X17Y3","unproven_shape_20260929","shape OMUX22->IMUX28 d(0,0) is used by no board-PASS open image or qualified fixture","never-proven pip shape: refused by default; admit only after a design-level silicon PASS"
"OMUX25@17,3->IMUX32@17,3","X17Y3","unproven_shape_20260929","shape OMUX25->IMUX32 d(0,0) is used by no board-PASS open image or qualified fixture","never-proven pip shape: refused by default; admit only after a design-level silicon PASS"
"OMUX28@17,3->IMUX36@17,3","X17Y3","unproven_shape_20260929","shape OMUX28->IMUX36 d(0,0) is used by no board-PASS open image or qualified fixture","never-proven pip shape: refused by default; admit only after a design-level silicon PASS"
"OMUX31@17,3->IMUX40@17,3","X17Y3","unproven_shape_20260929","shape OMUX31->IMUX40 d(0,0) is used by no board-PASS open image or qualified fixture","never-proven pip shape: refused by default; admit only after a design-level silicon PASS"
"OMUX34@17,3->IMUX44@17,3","X17Y3","unproven_shape_20260929","shape OMUX34->IMUX44 d(0,0) is used by no board-PASS open image or qualified fixture","never-proven pip shape: refused by default; admit only after a design-level silicon PASS"
"OMUX37@17,3->IMUX48@17,3","X17Y3","unproven_shape_20260929","shape OMUX37->IMUX48 d(0,0) is used by no board-PASS open image or qualified fixture","never-proven pip shape: refused by default; admit only after a design-level silicon PASS"
"OMUX40@17,3->IMUX52@17,3","X17Y3","unproven_shape_20260929","shape OMUX40->IMUX52 d(0,0) is used by no board-PASS open image or qualified fixture","never-proven pip shape: refused by default; admit only after a design-level silicon PASS"
"OMUX43@17,3->IMUX56@17,3","X17Y3","unproven_shape_20260929","shape OMUX43->IMUX56 d(0,0) is used by no board-PASS open image or qualified fixture","never-proven pip shape: refused by default; admit only after a design-level silicon PASS"
"OMUX46@17,3->IMUX60@17,3","X17Y3","unproven_shape_20260929","shape OMUX46->IMUX60 d(0,0) is used by no board-PASS open image or qualified fixture","never-proven pip shape: refused by default; admit only after a design-level silicon PASS"
"OMUX01@17,4->IMUX00@17,4","X17Y4","unproven_shape_20260929","shape OMUX1->IMUX0 d(0,0) is used by no board-PASS open image or qualified fixture","never-proven pip shape: refused by default; admit only after a design-level silicon PASS"
"OMUX04@17,4->IMUX04@17,4","X17Y4","unproven_shape_20260929","shape OMUX4->IMUX4 d(0,0) is used by no board-PASS open image or qualified fixture","never-proven pip shape: refused by default; admit only after a design-level silicon PASS"
"OMUX07@17,4->IMUX08@17,4","X17Y4","unproven_shape_20260929","shape OMUX7->IMUX8 d(0,0) is used by no board-PASS open image or qualified fixture","never-proven pip shape: refused by default; admit only after a design-level silicon PASS"
"OMUX25@17,4->IMUX32@17,4","X17Y4","unproven_shape_20260929","shape OMUX25->IMUX32 d(0,0) is used by no board-PASS open image or qualified fixture","never-proven pip shape: refused by default; admit only after a design-level silicon PASS"
"OMUX28@17,4->IMUX36@17,4","X17Y4","unproven_shape_20260929","shape OMUX28->IMUX36 d(0,0) is used by no board-PASS open image or qualified fixture","never-proven pip shape: refused by default; admit only after a design-level silicon PASS"
"OMUX31@17,4->IMUX40@17,4","X17Y4","unproven_shape_20260929","shape OMUX31->IMUX40 d(0,0) is used by no board-PASS open image or qualified fixture","never-proven pip shape: refused by default; admit only after a design-level silicon PASS"
"OMUX34@17,4->IMUX44@17,4","X17Y4","unproven_shape_20260929","shape OMUX34->IMUX44 d(0,0) is used by no board-PASS open image or qualified fixture","never-proven pip shape: refused by default; admit only after a design-level silicon PASS"
"OMUX37@17,4->IMUX48@17,4","X17Y4","unproven_shape_20260929","shape OMUX37->IMUX48 d(0,0) is used by no board-PASS open image or qualified fixture","never-proven pip shape: refused by default; admit only after a design-level silicon PASS"
"OMUX40@17,4->IMUX52@17,4","X17Y4","unproven_shape_20260929","shape OMUX40->IMUX52 d(0,0) is used by no board-PASS open image or qualified fixture","never-proven pip shape: refused by default; admit only after a design-level silicon PASS"
"OMUX43@17,4->IMUX56@17,4","X17Y4","unproven_shape_20260929","shape OMUX43->IMUX56 d(0,0) is used by no board-PASS open image or qualified fixture","never-proven pip shape: refused by default; admit only after a design-level silicon PASS"
"OMUX46@17,4->IMUX60@17,4","X17Y4","unproven_shape_20260929","shape OMUX46->IMUX60 d(0,0) is used by no board-PASS open image or qualified fixture","never-proven pip shape: refused by default; admit only after a design-level silicon PASS"
"OMUX01@17,5->IMUX00@17,5","X17Y5","unproven_shape_20260929","shape OMUX1->IMUX0 d(0,0) is used by no board-PASS open image or qualified fixture","never-proven pip shape: refused by default; admit only after a design-level silicon PASS"
"OMUX04@17,5->IMUX04@17,5","X17Y5","unproven_shape_20260929","shape OMUX4->IMUX4 d(0,0) is used by no board-PASS open image or qualified fixture","never-proven pip shape: refused by default; admit only after a design-level silicon PASS"
"OMUX07@17,5->IMUX08@17,5","X17Y5","unproven_shape_20260929","shape OMUX7->IMUX8 d(0,0) is used by no board-PASS open image or qualified fixture","never-proven pip shape: refused by default; admit only after a design-level silicon PASS"
"OMUX13@17,5->IMUX16@17,5","X17Y5","unproven_shape_20260929","shape OMUX13->IMUX16 d(0,0) is used by no board-PASS open image or qualified fixture","never-proven pip shape: refused by default; admit only after a design-level silicon PASS"
"OMUX16@17,5->IMUX20@17,5","X17Y5","unproven_shape_20260929","shape OMUX16->IMUX20 d(0,0) is used by no board-PASS open image or qualified fixture","never-proven pip shape: refused by default; admit only after a design-level silicon PASS"
"OMUX22@17,5->IMUX28@17,5","X17Y5","unproven_shape_20260929","shape OMUX22->IMUX28 d(0,0) is used by no board-PASS open image or qualified fixture","never-proven pip shape: refused by default; admit only after a design-level silicon PASS"
"OMUX25@17,5->IMUX32@17,5","X17Y5","unproven_shape_20260929","shape OMUX25->IMUX32 d(0,0) is used by no board-PASS open image or qualified fixture","never-proven pip shape: refused by default; admit only after a design-level silicon PASS"
"OMUX28@17,5->IMUX36@17,5","X17Y5","unproven_shape_20260929","shape OMUX28->IMUX36 d(0,0) is used by no board-PASS open image or qualified fixture","never-proven pip shape: refused by default; admit only after a design-level silicon PASS"
"OMUX31@17,5->IMUX40@17,5","X17Y5","unproven_shape_20260929","shape OMUX31->IMUX40 d(0,0) is used by no board-PASS open image or qualified fixture","never-proven pip shape: refused by default; admit only after a design-level silicon PASS"
"OMUX34@17,5->IMUX44@17,5","X17Y5","unproven_shape_20260929","shape OMUX34->IMUX44 d(0,0) is used by no board-PASS open image or qualified fixture","never-proven pip shape: refused by default; admit only after a design-level silicon PASS"
"OMUX37@17,5->IMUX48@17,5","X17Y5","unproven_shape_20260929","shape OMUX37->IMUX48 d(0,0) is used by no board-PASS open image or qualified fixture","never-proven pip shape: refused by default; admit only after a design-level silicon PASS"
"OMUX40@17,5->IMUX52@17,5","X17Y5","unproven_shape_20260929","shape OMUX40->IMUX52 d(0,0) is used by no board-PASS open image or qualified fixture","never-proven pip shape: refused by default; admit only after a design-level silicon PASS"
"OMUX43@17,5->IMUX56@17,5","X17Y5","unproven_shape_20260929","shape OMUX43->IMUX56 d(0,0) is used by no board-PASS open image or qualified fixture","never-proven pip shape: refused by default; admit only after a design-level silicon PASS"
"OMUX46@17,5->IMUX60@17,5","X17Y5","unproven_shape_20260929","shape OMUX46->IMUX60 d(0,0) is used by no board-PASS open image or qualified fixture","never-proven pip shape: refused by default; admit only after a design-level silicon PASS"
"OMUX01@17,6->IMUX00@17,6","X17Y6","unproven_shape_20260929","shape OMUX1->IMUX0 d(0,0) is used by no board-PASS open image or qualified fixture","never-proven pip shape: refused by default; admit only after a design-level silicon PASS"
"OMUX04@17,6->IMUX04@17,6","X17Y6","unproven_shape_20260929","shape OMUX4->IMUX4 d(0,0) is used by no board-PASS open image or qualified fixture","never-proven pip shape: refused by default; admit only after a design-level silicon PASS"
"OMUX07@17,6->IMUX08@17,6","X17Y6","unproven_shape_20260929","shape OMUX7->IMUX8 d(0,0) is used by no board-PASS open image or qualified fixture","never-proven pip shape: refused by default; admit only after a design-level silicon PASS"
"OMUX10@17,6->IMUX12@17,6","X17Y6","unproven_shape_20260929","shape OMUX10->IMUX12 d(0,0) is used by no board-PASS open image or qualified fixture","never-proven pip shape: refused by default; admit only after a design-level silicon PASS"
"OMUX25@17,6->IMUX32@17,6","X17Y6","unproven_shape_20260929","shape OMUX25->IMUX32 d(0,0) is used by no board-PASS open image or qualified fixture","never-proven pip shape: refused by default; admit only after a design-level silicon PASS"
"OMUX28@17,6->IMUX36@17,6","X17Y6","unproven_shape_20260929","shape OMUX28->IMUX36 d(0,0) is used by no board-PASS open image or qualified fixture","never-proven pip shape: refused by default; admit only after a design-level silicon PASS"
"OMUX34@17,6->IMUX44@17,6","X17Y6","unproven_shape_20260929","shape OMUX34->IMUX44 d(0,0) is used by no board-PASS open image or qualified fixture","never-proven pip shape: refused by default; admit only after a design-level silicon PASS"
"OMUX43@17,6->IMUX56@17,6","X17Y6","unproven_shape_20260929","shape OMUX43->IMUX56 d(0,0) is used by no board-PASS open image or qualified fixture","never-proven pip shape: refused by default; admit only after a design-level silicon PASS"
"OMUX46@17,6->IMUX60@17,6","X17Y6","unproven_shape_20260929","shape OMUX46->IMUX60 d(0,0) is used by no board-PASS open image or qualified fixture","never-proven pip shape: refused by default; admit only after a design-level silicon PASS"
"OMUX01@17,7->IMUX00@17,7","X17Y7","unproven_shape_20260929","shape OMUX1->IMUX0 d(0,0) is used by no board-PASS open image or qualified fixture","never-proven pip shape: refused by default; admit only after a design-level silicon PASS"
"OMUX04@17,7->IMUX04@17,7","X17Y7","unproven_shape_20260929","shape OMUX4->IMUX4 d(0,0) is used by no board-PASS open image or qualified fixture","never-proven pip shape: refused by default; admit only after a design-level silicon PASS"
"OMUX07@17,7->IMUX08@17,7","X17Y7","unproven_shape_20260929","shape OMUX7->IMUX8 d(0,0) is used by no board-PASS open image or qualified fixture","never-proven pip shape: refused by default; admit only after a design-level silicon PASS"
"OMUX10@17,7->IMUX12@17,7","X17Y7","unproven_shape_20260929","shape OMUX10->IMUX12 d(0,0) is used by no board-PASS open image or qualified fixture","never-proven pip shape: refused by default; admit only after a design-level silicon PASS"
"OMUX13@17,7->IMUX16@17,7","X17Y7","unproven_shape_20260929","shape OMUX13->IMUX16 d(0,0) is used by no board-PASS open image or qualified fixture","never-proven pip shape: refused by default; admit only after a design-level silicon PASS"
"OMUX16@17,7->IMUX20@17,7","X17Y7","unproven_shape_20260929","shape OMUX16->IMUX20 d(0,0) is used by no board-PASS open image or qualified fixture","never-proven pip shape: refused by default; admit only after a design-level silicon PASS"
"OMUX19@17,7->IMUX24@17,7","X17Y7","unproven_shape_20260929","shape OMUX19->IMUX24 d(0,0) is used by no board-PASS open image or qualified fixture","never-proven pip shape: refused by default; admit only after a design-level silicon PASS"
"OMUX22@17,7->IMUX28@17,7","X17Y7","unproven_shape_20260929","shape OMUX22->IMUX28 d(0,0) is used by no board-PASS open image or qualified fixture","never-proven pip shape: refused by default; admit only after a design-level silicon PASS"
"OMUX25@17,7->IMUX32@17,7","X17Y7","unproven_shape_20260929","shape OMUX25->IMUX32 d(0,0) is used by no board-PASS open image or qualified fixture","never-proven pip shape: refused by default; admit only after a design-level silicon PASS"
"OMUX28@17,7->IMUX36@17,7","X17Y7","unproven_shape_20260929","shape OMUX28->IMUX36 d(0,0) is used by no board-PASS open image or qualified fixture","never-proven pip shape: refused by default; admit only after a design-level silicon PASS"
"OMUX31@17,7->IMUX40@17,7","X17Y7","unproven_shape_20260929","shape OMUX31->IMUX40 d(0,0) is used by no board-PASS open image or qualified fixture","never-proven pip shape: refused by default; admit only after a design-level silicon PASS"
"OMUX34@17,7->IMUX44@17,7","X17Y7","unproven_shape_20260929","shape OMUX34->IMUX44 d(0,0) is used by no board-PASS open image or qualified fixture","never-proven pip shape: refused by default; admit only after a design-level silicon PASS"
"OMUX37@17,7->IMUX48@17,7","X17Y7","unproven_shape_20260929","shape OMUX37->IMUX48 d(0,0) is used by no board-PASS open image or qualified fixture","never-proven pip shape: refused by default; admit only after a design-level silicon PASS"
"OMUX40@17,7->IMUX52@17,7","X17Y7","unproven_shape_20260929","shape OMUX40->IMUX52 d(0,0) is used by no board-PASS open image or qualified fixture","never-proven pip shape: refused by default; admit only after a design-level silicon PASS"
"OMUX43@17,7->IMUX56@17,7","X17Y7","unproven_shape_20260929","shape OMUX43->IMUX56 d(0,0) is used by no board-PASS open image or qualified fixture","never-proven pip shape: refused by default; admit only after a design-level silicon PASS"
"OMUX46@17,7->IMUX60@17,7","X17Y7","unproven_shape_20260929","shape OMUX46->IMUX60 d(0,0) is used by no board-PASS open image or qualified fixture","never-proven pip shape: refused by default; admit only after a design-level silicon PASS"
"OMUX01@17,8->IMUX00@17,8","X17Y8","unproven_shape_20260929","shape OMUX1->IMUX0 d(0,0) is used by no board-PASS open image or qualified fixture","never-proven pip shape: refused by default; admit only after a design-level silicon PASS"
"OMUX07@17,8->IMUX08@17,8","X17Y8","unproven_shape_20260929","shape OMUX7->IMUX8 d(0,0) is used by no board-PASS open image or qualified fixture","never-proven pip shape: refused by default; admit only after a design-level silicon PASS"
"OMUX10@17,8->IMUX12@17,8","X17Y8","unproven_shape_20260929","shape OMUX10->IMUX12 d(0,0) is used by no board-PASS open image or qualified fixture","never-proven pip shape: refused by default; admit only after a design-level silicon PASS"
"OMUX13@17,8->IMUX16@17,8","X17Y8","unproven_shape_20260929","shape OMUX13->IMUX16 d(0,0) is used by no board-PASS open image or qualified fixture","never-proven pip shape: refused by default; admit only after a design-level silicon PASS"
"OMUX16@17,8->IMUX20@17,8","X17Y8","unproven_shape_20260929","shape OMUX16->IMUX20 d(0,0) is used by no board-PASS open image or qualified fixture","never-proven pip shape: refused by default; admit only after a design-level silicon PASS"
"OMUX22@17,8->IMUX28@17,8","X17Y8","unproven_shape_20260929","shape OMUX22->IMUX28 d(0,0) is used by no board-PASS open image or qualified fixture","never-proven pip shape: refused by default; admit only after a design-level silicon PASS"
"OMUX25@17,8->IMUX32@17,8","X17Y8","unproven_shape_20260929","shape OMUX25->IMUX32 d(0,0) is used by no board-PASS open image or qualified fixture","never-proven pip shape: refused by default; admit only after a design-level silicon PASS"
"OMUX28@17,8->IMUX36@17,8","X17Y8","unproven_shape_20260929","shape OMUX28->IMUX36 d(0,0) is used by no board-PASS open image or qualified fixture","never-proven pip shape: refused by default; admit only after a design-level silicon PASS"
"OMUX31@17,8->IMUX40@17,8","X17Y8","unproven_shape_20260929","shape OMUX31->IMUX40 d(0,0) is used by no board-PASS open image or qualified fixture","never-proven pip shape: refused by default; admit only after a design-level silicon PASS"
"OMUX34@17,8->IMUX44@17,8","X17Y8","unproven_shape_20260929","shape OMUX34->IMUX44 d(0,0) is used by no board-PASS open image or qualified fixture","never-proven pip shape: refused by default; admit only after a design-level silicon PASS"
"OMUX37@17,8->IMUX48@17,8","X17Y8","unproven_shape_20260929","shape OMUX37->IMUX48 d(0,0) is used by no board-PASS open image or qualified fixture","never-proven pip shape: refused by default; admit only after a design-level silicon PASS"
"OMUX40@17,8->IMUX52@17,8","X17Y8","unproven_shape_20260929","shape OMUX40->IMUX52 d(0,0) is used by no board-PASS open image or qualified fixture","never-proven pip shape: refused by default; admit only after a design-level silicon PASS"
"OMUX43@17,8->IMUX56@17,8","X17Y8","unproven_shape_20260929","shape OMUX43->IMUX56 d(0,0) is used by no board-PASS open image or qualified fixture","never-proven pip shape: refused by default; admit only after a design-level silicon PASS"
"OMUX46@17,8->IMUX60@17,8","X17Y8","unproven_shape_20260929","shape OMUX46->IMUX60 d(0,0) is used by no board-PASS open image or qualified fixture","never-proven pip shape: refused by default; admit only after a design-level silicon PASS"
"OMUX01@17,9->IMUX00@17,9","X17Y9","unproven_shape_20260929","shape OMUX1->IMUX0 d(0,0) is used by no board-PASS open image or qualified fixture","never-proven pip shape: refused by default; admit only after a design-level silicon PASS"
"OMUX04@17,9->IMUX04@17,9","X17Y9","unproven_shape_20260929","shape OMUX4->IMUX4 d(0,0) is used by no board-PASS open image or qualified fixture","never-proven pip shape: refused by default; admit only after a design-level silicon PASS"
"OMUX07@17,9->IMUX08@17,9","X17Y9","unproven_shape_20260929","shape OMUX7->IMUX8 d(0,0) is used by no board-PASS open image or qualified fixture","never-proven pip shape: refused by default; admit only after a design-level silicon PASS"
"OMUX10@17,9->IMUX12@17,9","X17Y9","unproven_shape_20260929","shape OMUX10->IMUX12 d(0,0) is used by no board-PASS open image or qualified fixture","never-proven pip shape: refused by default; admit only after a design-level silicon PASS"
"OMUX13@17,9->IMUX16@17,9","X17Y9","unproven_shape_20260929","shape OMUX13->IMUX16 d(0,0) is used by no board-PASS open image or qualified fixture","never-proven pip shape: refused by default; admit only after a design-level silicon PASS"
"OMUX16@17,9->IMUX20@17,9","X17Y9","unproven_shape_20260929","shape OMUX16->IMUX20 d(0,0) is used by no board-PASS open image or qualified fixture","never-proven pip shape: refused by default; admit only after a design-level silicon PASS"
"OMUX19@17,9->IMUX24@17,9","X17Y9","unproven_shape_20260929","shape OMUX19->IMUX24 d(0,0) is used by no board-PASS open image or qualified fixture","never-proven pip shape: refused by default; admit only after a design-level silicon PASS"
"OMUX22@17,9->IMUX28@17,9","X17Y9","unproven_shape_20260929","shape OMUX22->IMUX28 d(0,0) is used by no board-PASS open image or qualified fixture","never-proven pip shape: refused by default; admit only after a design-level silicon PASS"
"OMUX25@17,9->IMUX32@17,9","X17Y9","unproven_shape_20260929","shape OMUX25->IMUX32 d(0,0) is used by no board-PASS open image or qualified fixture","never-proven pip shape: refused by default; admit only after a design-level silicon PASS"
"OMUX28@17,9->IMUX36@17,9","X17Y9","unproven_shape_20260929","shape OMUX28->IMUX36 d(0,0) is used by no board-PASS open image or qualified fixture","never-proven pip shape: refused by default; admit only after a design-level silicon PASS"
"OMUX31@17,9->IMUX40@17,9","X17Y9","unproven_shape_20260929","shape OMUX31->IMUX40 d(0,0) is used by no board-PASS open image or qualified fixture","never-proven pip shape: refused by default; admit only after a design-level silicon PASS"
"OMUX34@17,9->IMUX44@17,9","X17Y9","unproven_shape_20260929","shape OMUX34->IMUX44 d(0,0) is used by no board-PASS open image or qualified fixture","never-proven pip shape: refused by default; admit only after a design-level silicon PASS"
"OMUX37@17,9->IMUX48@17,9","X17Y9","unproven_shape_20260929","shape OMUX37->IMUX48 d(0,0) is used by no board-PASS open image or qualified fixture","never-proven pip shape: refused by default; admit only after a design-level silicon PASS"
"OMUX40@17,9->IMUX52@17,9","X17Y9","unproven_shape_20260929","shape OMUX40->IMUX52 d(0,0) is used by no board-PASS open image or qualified fixture","never-proven pip shape: refused by default; admit only after a design-level silicon PASS"
"OMUX43@17,9->IMUX56@17,9","X17Y9","unproven_shape_20260929","shape OMUX43->IMUX56 d(0,0) is used by no board-PASS open image or qualified fixture","never-proven pip shape: refused by default; admit only after a design-level silicon PASS"
"OMUX46@17,9->IMUX60@17,9","X17Y9","unproven_shape_20260929","shape OMUX46->IMUX60 d(0,0) is used by no board-PASS open image or qualified fixture","never-proven pip shape: refused by default; admit only after a design-level silicon PASS"
"OMUX01@17,10->IMUX00@17,10","X17Y10","unproven_shape_20260929","shape OMUX1->IMUX0 d(0,0) is used by no board-PASS open image or qualified fixture","never-proven pip shape: refused by default; admit only after a design-level silicon PASS"
"OMUX04@17,10->IMUX04@17,10","X17Y10","unproven_shape_20260929","shape OMUX4->IMUX4 d(0,0) is used by no board-PASS open image or qualified fixture","never-proven pip shape: refused by default; admit only after a design-level silicon PASS"
"OMUX10@17,10->IMUX12@17,10","X17Y10","unproven_shape_20260929","shape OMUX10->IMUX12 d(0,0) is used by no board-PASS open image or qualified fixture","never-proven pip shape: refused by default; admit only after a design-level silicon PASS"
"OMUX13@17,10->IMUX16@17,10","X17Y10","unproven_shape_20260929","shape OMUX13->IMUX16 d(0,0) is used by no board-PASS open image or qualified fixture","never-proven pip shape: refused by default; admit only after a design-level silicon PASS"
"OMUX16@17,10->IMUX20@17,10","X17Y10","unproven_shape_20260929","shape OMUX16->IMUX20 d(0,0) is used by no board-PASS open image or qualified fixture","never-proven pip shape: refused by default; admit only after a design-level silicon PASS"
"OMUX22@17,10->IMUX28@17,10","X17Y10","unproven_shape_20260929","shape OMUX22->IMUX28 d(0,0) is used by no board-PASS open image or qualified fixture","never-proven pip shape: refused by default; admit only after a design-level silicon PASS"
"OMUX31@17,10->IMUX40@17,10","X17Y10","unproven_shape_20260929","shape OMUX31->IMUX40 d(0,0) is used by no board-PASS open image or qualified fixture","never-proven pip shape: refused by default; admit only after a design-level silicon PASS"
"OMUX37@17,10->IMUX48@17,10","X17Y10","unproven_shape_20260929","shape OMUX37->IMUX48 d(0,0) is used by no board-PASS open image or qualified fixture","never-proven pip shape: refused by default; admit only after a design-level silicon PASS"
"OMUX40@17,10->IMUX52@17,10","X17Y10","unproven_shape_20260929","shape OMUX40->IMUX52 d(0,0) is used by no board-PASS open image or qualified fixture","never-proven pip shape: refused by default; admit only after a design-level silicon PASS"
"OMUX01@17,11->IMUX00@17,11","X17Y11","unproven_shape_20260929","shape OMUX1->IMUX0 d(0,0) is used by no board-PASS open image or qualified fixture","never-proven pip shape: refused by default; admit only after a design-level silicon PASS"
"OMUX10@17,11->IMUX12@17,11","X17Y11","unproven_shape_20260929","shape OMUX10->IMUX12 d(0,0) is used by no board-PASS open image or qualified fixture","never-proven pip shape: refused by default; admit only after a design-level silicon PASS"
"OMUX13@17,11->IMUX16@17,11","X17Y11","unproven_shape_20260929","shape OMUX13->IMUX16 d(0,0) is used by no board-PASS open image or qualified fixture","never-proven pip shape: refused by default; admit only after a design-level silicon PASS"
"OMUX16@17,11->IMUX20@17,11","X17Y11","unproven_shape_20260929","shape OMUX16->IMUX20 d(0,0) is used by no board-PASS open image or qualified fixture","never-proven pip shape: refused by default; admit only after a design-level silicon PASS"
"OMUX19@17,11->IMUX24@17,11","X17Y11","unproven_shape_20260929","shape OMUX19->IMUX24 d(0,0) is used by no board-PASS open image or qualified fixture","never-proven pip shape: refused by default; admit only after a design-level silicon PASS"
"OMUX25@17,11->IMUX32@17,11","X17Y11","unproven_shape_20260929","shape OMUX25->IMUX32 d(0,0) is used by no board-PASS open image or qualified fixture","never-proven pip shape: refused by default; admit only after a design-level silicon PASS"
"OMUX31@17,11->IMUX40@17,11","X17Y11","unproven_shape_20260929","shape OMUX31->IMUX40 d(0,0) is used by no board-PASS open image or qualified fixture","never-proven pip shape: refused by default; admit only after a design-level silicon PASS"
"OMUX34@17,11->IMUX44@17,11","X17Y11","unproven_shape_20260929","shape OMUX34->IMUX44 d(0,0) is used by no board-PASS open image or qualified fixture","never-proven pip shape: refused by default; admit only after a design-level silicon PASS"
"OMUX37@17,11->IMUX48@17,11","X17Y11","unproven_shape_20260929","shape OMUX37->IMUX48 d(0,0) is used by no board-PASS open image or qualified fixture","never-proven pip shape: refused by default; admit only after a design-level silicon PASS"
"OMUX40@17,11->IMUX52@17,11","X17Y11","unproven_shape_20260929","shape OMUX40->IMUX52 d(0,0) is used by no board-PASS open image or qualified fixture","never-proven pip shape: refused by default; admit only after a design-level silicon PASS"
"OMUX43@17,11->IMUX56@17,11","X17Y11","unproven_shape_20260929","shape OMUX43->IMUX56 d(0,0) is used by no board-PASS open image or qualified fixture","never-proven pip shape: refused by default; admit only after a design-level silicon PASS"
"OMUX46@17,11->IMUX60@17,11","X17Y11","unproven_shape_20260929","shape OMUX46->IMUX60 d(0,0) is used by no board-PASS open image or qualified fixture","never-proven pip shape: refused by default; admit only after a design-level silicon PASS"
"OMUX01@17,12->IMUX00@17,12","X17Y12","unproven_shape_20260929","shape OMUX1->IMUX0 d(0,0) is used by no board-PASS open image or qualified fixture","never-proven pip shape: refused by default; admit only after a design-level silicon PASS"
"OMUX04@17,12->IMUX04@17,12","X17Y12","unproven_shape_20260929","shape OMUX4->IMUX4 d(0,0) is used by no board-PASS open image or qualified fixture","never-proven pip shape: refused by default; admit only after a design-level silicon PASS"
"OMUX07@17,12->IMUX08@17,12","X17Y12","unproven_shape_20260929","shape OMUX7->IMUX8 d(0,0) is used by no board-PASS open image or qualified fixture","never-proven pip shape: refused by default; admit only after a design-level silicon PASS"
"OMUX10@17,12->IMUX12@17,12","X17Y12","unproven_shape_20260929","shape OMUX10->IMUX12 d(0,0) is used by no board-PASS open image or qualified fixture","never-proven pip shape: refused by default; admit only after a design-level silicon PASS"
"OMUX13@17,12->IMUX16@17,12","X17Y12","unproven_shape_20260929","shape OMUX13->IMUX16 d(0,0) is used by no board-PASS open image or qualified fixture","never-proven pip shape: refused by default; admit only after a design-level silicon PASS"
"OMUX19@17,12->IMUX24@17,12","X17Y12","unproven_shape_20260929","shape OMUX19->IMUX24 d(0,0) is used by no board-PASS open image or qualified fixture","never-proven pip shape: refused by default; admit only after a design-level silicon PASS"
"OMUX28@17,12->IMUX36@17,12","X17Y12","unproven_shape_20260929","shape OMUX28->IMUX36 d(0,0) is used by no board-PASS open image or qualified fixture","never-proven pip shape: refused by default; admit only after a design-level silicon PASS"
"OMUX31@17,12->IMUX40@17,12","X17Y12","unproven_shape_20260929","shape OMUX31->IMUX40 d(0,0) is used by no board-PASS open image or qualified fixture","never-proven pip shape: refused by default; admit only after a design-level silicon PASS"
"OMUX34@17,12->IMUX44@17,12","X17Y12","unproven_shape_20260929","shape OMUX34->IMUX44 d(0,0) is used by no board-PASS open image or qualified fixture","never-proven pip shape: refused by default; admit only after a design-level silicon PASS"
"OMUX37@17,12->IMUX48@17,12","X17Y12","unproven_shape_20260929","shape OMUX37->IMUX48 d(0,0) is used by no board-PASS open image or qualified fixture","never-proven pip shape: refused by default; admit only after a design-level silicon PASS"
"OMUX40@17,12->IMUX52@17,12","X17Y12","unproven_shape_20260929","shape OMUX40->IMUX52 d(0,0) is used by no board-PASS open image or qualified fixture","never-proven pip shape: refused by default; admit only after a design-level silicon PASS"
"OMUX43@17,12->IMUX56@17,12","X17Y12","unproven_shape_20260929","shape OMUX43->IMUX56 d(0,0) is used by no board-PASS open image or qualified fixture","never-proven pip shape: refused by default; admit only after a design-level silicon PASS"
"OMUX46@17,12->IMUX60@17,12","X17Y12","unproven_shape_20260929","shape OMUX46->IMUX60 d(0,0) is used by no board-PASS open image or qualified fixture","never-proven pip shape: refused by default; admit only after a design-level silicon PASS"
"OMUX01@18,1->IMUX00@18,1","X18Y1","unproven_shape_20260929","shape OMUX1->IMUX0 d(0,0) is used by no board-PASS open image or qualified fixture","never-proven pip shape: refused by default; admit only after a design-level silicon PASS"
"OMUX04@18,1->IMUX04@18,1","X18Y1","unproven_shape_20260929","shape OMUX4->IMUX4 d(0,0) is used by no board-PASS open image or qualified fixture","never-proven pip shape: refused by default; admit only after a design-level silicon PASS"
"OMUX07@18,1->IMUX08@18,1","X18Y1","unproven_shape_20260929","shape OMUX7->IMUX8 d(0,0) is used by no board-PASS open image or qualified fixture","never-proven pip shape: refused by default; admit only after a design-level silicon PASS"
"OMUX10@18,1->IMUX12@18,1","X18Y1","unproven_shape_20260929","shape OMUX10->IMUX12 d(0,0) is used by no board-PASS open image or qualified fixture","never-proven pip shape: refused by default; admit only after a design-level silicon PASS"
"OMUX13@18,1->IMUX16@18,1","X18Y1","unproven_shape_20260929","shape OMUX13->IMUX16 d(0,0) is used by no board-PASS open image or qualified fixture","never-proven pip shape: refused by default; admit only after a design-level silicon PASS"
"OMUX16@18,1->IMUX20@18,1","X18Y1","unproven_shape_20260929","shape OMUX16->IMUX20 d(0,0) is used by no board-PASS open image or qualified fixture","never-proven pip shape: refused by default; admit only after a design-level silicon PASS"
"OMUX25@18,1->IMUX32@18,1","X18Y1","unproven_shape_20260929","shape OMUX25->IMUX32 d(0,0) is used by no board-PASS open image or qualified fixture","never-proven pip shape: refused by default; admit only after a design-level silicon PASS"
"OMUX28@18,1->IMUX36@18,1","X18Y1","unproven_shape_20260929","shape OMUX28->IMUX36 d(0,0) is used by no board-PASS open image or qualified fixture","never-proven pip shape: refused by default; admit only after a design-level silicon PASS"
"OMUX31@18,1->IMUX40@18,1","X18Y1","unproven_shape_20260929","shape OMUX31->IMUX40 d(0,0) is used by no board-PASS open image or qualified fixture","never-proven pip shape: refused by default; admit only after a design-level silicon PASS"
"OMUX34@18,1->IMUX44@18,1","X18Y1","unproven_shape_20260929","shape OMUX34->IMUX44 d(0,0) is used by no board-PASS open image or qualified fixture","never-proven pip shape: refused by default; admit only after a design-level silicon PASS"
"OMUX37@18,1->IMUX48@18,1","X18Y1","unproven_shape_20260929","shape OMUX37->IMUX48 d(0,0) is used by no board-PASS open image or qualified fixture","never-proven pip shape: refused by default; admit only after a design-level silicon PASS"
"OMUX40@18,1->IMUX52@18,1","X18Y1","unproven_shape_20260929","shape OMUX40->IMUX52 d(0,0) is used by no board-PASS open image or qualified fixture","never-proven pip shape: refused by default; admit only after a design-level silicon PASS"
"OMUX43@18,1->IMUX56@18,1","X18Y1","unproven_shape_20260929","shape OMUX43->IMUX56 d(0,0) is used by no board-PASS open image or qualified fixture","never-proven pip shape: refused by default; admit only after a design-level silicon PASS"
"OMUX46@18,1->IMUX60@18,1","X18Y1","unproven_shape_20260929","shape OMUX46->IMUX60 d(0,0) is used by no board-PASS open image or qualified fixture","never-proven pip shape: refused by default; admit only after a design-level silicon PASS"
"OMUX01@18,2->IMUX00@18,2","X18Y2","unproven_shape_20260929","shape OMUX1->IMUX0 d(0,0) is used by no board-PASS open image or qualified fixture","never-proven pip shape: refused by default; admit only after a design-level silicon PASS"
"OMUX04@18,2->IMUX04@18,2","X18Y2","unproven_shape_20260929","shape OMUX4->IMUX4 d(0,0) is used by no board-PASS open image or qualified fixture","never-proven pip shape: refused by default; admit only after a design-level silicon PASS"
"OMUX07@18,2->IMUX08@18,2","X18Y2","unproven_shape_20260929","shape OMUX7->IMUX8 d(0,0) is used by no board-PASS open image or qualified fixture","never-proven pip shape: refused by default; admit only after a design-level silicon PASS"
"OMUX10@18,2->IMUX12@18,2","X18Y2","unproven_shape_20260929","shape OMUX10->IMUX12 d(0,0) is used by no board-PASS open image or qualified fixture","never-proven pip shape: refused by default; admit only after a design-level silicon PASS"
"OMUX13@18,2->IMUX16@18,2","X18Y2","unproven_shape_20260929","shape OMUX13->IMUX16 d(0,0) is used by no board-PASS open image or qualified fixture","never-proven pip shape: refused by default; admit only after a design-level silicon PASS"
"OMUX16@18,2->IMUX20@18,2","X18Y2","unproven_shape_20260929","shape OMUX16->IMUX20 d(0,0) is used by no board-PASS open image or qualified fixture","never-proven pip shape: refused by default; admit only after a design-level silicon PASS"
"OMUX19@18,2->IMUX24@18,2","X18Y2","unproven_shape_20260929","shape OMUX19->IMUX24 d(0,0) is used by no board-PASS open image or qualified fixture","never-proven pip shape: refused by default; admit only after a design-level silicon PASS"
"OMUX22@18,2->IMUX28@18,2","X18Y2","unproven_shape_20260929","shape OMUX22->IMUX28 d(0,0) is used by no board-PASS open image or qualified fixture","never-proven pip shape: refused by default; admit only after a design-level silicon PASS"
"OMUX25@18,2->IMUX32@18,2","X18Y2","unproven_shape_20260929","shape OMUX25->IMUX32 d(0,0) is used by no board-PASS open image or qualified fixture","never-proven pip shape: refused by default; admit only after a design-level silicon PASS"
"OMUX28@18,2->IMUX36@18,2","X18Y2","unproven_shape_20260929","shape OMUX28->IMUX36 d(0,0) is used by no board-PASS open image or qualified fixture","never-proven pip shape: refused by default; admit only after a design-level silicon PASS"
"OMUX31@18,2->IMUX40@18,2","X18Y2","unproven_shape_20260929","shape OMUX31->IMUX40 d(0,0) is used by no board-PASS open image or qualified fixture","never-proven pip shape: refused by default; admit only after a design-level silicon PASS"
"OMUX34@18,2->IMUX44@18,2","X18Y2","unproven_shape_20260929","shape OMUX34->IMUX44 d(0,0) is used by no board-PASS open image or qualified fixture","never-proven pip shape: refused by default; admit only after a design-level silicon PASS"
"OMUX37@18,2->IMUX48@18,2","X18Y2","unproven_shape_20260929","shape OMUX37->IMUX48 d(0,0) is used by no board-PASS open image or qualified fixture","never-proven pip shape: refused by default; admit only after a design-level silicon PASS"
"OMUX40@18,2->IMUX52@18,2","X18Y2","unproven_shape_20260929","shape OMUX40->IMUX52 d(0,0) is used by no board-PASS open image or qualified fixture","never-proven pip shape: refused by default; admit only after a design-level silicon PASS"
"OMUX43@18,2->IMUX56@18,2","X18Y2","unproven_shape_20260929","shape OMUX43->IMUX56 d(0,0) is used by no board-PASS open image or qualified fixture","never-proven pip shape: refused by default; admit only after a design-level silicon PASS"
"OMUX46@18,2->IMUX60@18,2","X18Y2","unproven_shape_20260929","shape OMUX46->IMUX60 d(0,0) is used by no board-PASS open image or qualified fixture","never-proven pip shape: refused by default; admit only after a design-level silicon PASS"
"OMUX01@18,3->IMUX00@18,3","X18Y3","unproven_shape_20260929","shape OMUX1->IMUX0 d(0,0) is used by no board-PASS open image or qualified fixture","never-proven pip shape: refused by default; admit only after a design-level silicon PASS"
"OMUX04@18,3->IMUX04@18,3","X18Y3","unproven_shape_20260929","shape OMUX4->IMUX4 d(0,0) is used by no board-PASS open image or qualified fixture","never-proven pip shape: refused by default; admit only after a design-level silicon PASS"
"OMUX07@18,3->IMUX08@18,3","X18Y3","unproven_shape_20260929","shape OMUX7->IMUX8 d(0,0) is used by no board-PASS open image or qualified fixture","never-proven pip shape: refused by default; admit only after a design-level silicon PASS"
"OMUX10@18,3->IMUX12@18,3","X18Y3","unproven_shape_20260929","shape OMUX10->IMUX12 d(0,0) is used by no board-PASS open image or qualified fixture","never-proven pip shape: refused by default; admit only after a design-level silicon PASS"
"OMUX13@18,3->IMUX16@18,3","X18Y3","unproven_shape_20260929","shape OMUX13->IMUX16 d(0,0) is used by no board-PASS open image or qualified fixture","never-proven pip shape: refused by default; admit only after a design-level silicon PASS"
"OMUX16@18,3->IMUX20@18,3","X18Y3","unproven_shape_20260929","shape OMUX16->IMUX20 d(0,0) is used by no board-PASS open image or qualified fixture","never-proven pip shape: refused by default; admit only after a design-level silicon PASS"
"OMUX19@18,3->IMUX24@18,3","X18Y3","unproven_shape_20260929","shape OMUX19->IMUX24 d(0,0) is used by no board-PASS open image or qualified fixture","never-proven pip shape: refused by default; admit only after a design-level silicon PASS"
"OMUX22@18,3->IMUX28@18,3","X18Y3","unproven_shape_20260929","shape OMUX22->IMUX28 d(0,0) is used by no board-PASS open image or qualified fixture","never-proven pip shape: refused by default; admit only after a design-level silicon PASS"
"OMUX25@18,3->IMUX32@18,3","X18Y3","unproven_shape_20260929","shape OMUX25->IMUX32 d(0,0) is used by no board-PASS open image or qualified fixture","never-proven pip shape: refused by default; admit only after a design-level silicon PASS"
"OMUX28@18,3->IMUX36@18,3","X18Y3","unproven_shape_20260929","shape OMUX28->IMUX36 d(0,0) is used by no board-PASS open image or qualified fixture","never-proven pip shape: refused by default; admit only after a design-level silicon PASS"
"OMUX31@18,3->IMUX40@18,3","X18Y3","unproven_shape_20260929","shape OMUX31->IMUX40 d(0,0) is used by no board-PASS open image or qualified fixture","never-proven pip shape: refused by default; admit only after a design-level silicon PASS"
"OMUX34@18,3->IMUX44@18,3","X18Y3","unproven_shape_20260929","shape OMUX34->IMUX44 d(0,0) is used by no board-PASS open image or qualified fixture","never-proven pip shape: refused by default; admit only after a design-level silicon PASS"
"OMUX37@18,3->IMUX48@18,3","X18Y3","unproven_shape_20260929","shape OMUX37->IMUX48 d(0,0) is used by no board-PASS open image or qualified fixture","never-proven pip shape: refused by default; admit only after a design-level silicon PASS"
"OMUX40@18,3->IMUX52@18,3","X18Y3","unproven_shape_20260929","shape OMUX40->IMUX52 d(0,0) is used by no board-PASS open image or qualified fixture","never-proven pip shape: refused by default; admit only after a design-level silicon PASS"
"OMUX43@18,3->IMUX56@18,3","X18Y3","unproven_shape_20260929","shape OMUX43->IMUX56 d(0,0) is used by no board-PASS open image or qualified fixture","never-proven pip shape: refused by default; admit only after a design-level silicon PASS"
"OMUX46@18,3->IMUX60@18,3","X18Y3","unproven_shape_20260929","shape OMUX46->IMUX60 d(0,0) is used by no board-PASS open image or qualified fixture","never-proven pip shape: refused by default; admit only after a design-level silicon PASS"
"OMUX01@18,4->IMUX00@18,4","X18Y4","unproven_shape_20260929","shape OMUX1->IMUX0 d(0,0) is used by no board-PASS open image or qualified fixture","never-proven pip shape: refused by default; admit only after a design-level silicon PASS"
"OMUX04@18,4->IMUX04@18,4","X18Y4","unproven_shape_20260929","shape OMUX4->IMUX4 d(0,0) is used by no board-PASS open image or qualified fixture","never-proven pip shape: refused by default; admit only after a design-level silicon PASS"
"OMUX07@18,4->IMUX08@18,4","X18Y4","unproven_shape_20260929","shape OMUX7->IMUX8 d(0,0) is used by no board-PASS open image or qualified fixture","never-proven pip shape: refused by default; admit only after a design-level silicon PASS"
"OMUX10@18,4->IMUX12@18,4","X18Y4","unproven_shape_20260929","shape OMUX10->IMUX12 d(0,0) is used by no board-PASS open image or qualified fixture","never-proven pip shape: refused by default; admit only after a design-level silicon PASS"
"OMUX13@18,4->IMUX16@18,4","X18Y4","unproven_shape_20260929","shape OMUX13->IMUX16 d(0,0) is used by no board-PASS open image or qualified fixture","never-proven pip shape: refused by default; admit only after a design-level silicon PASS"
"OMUX16@18,4->IMUX20@18,4","X18Y4","unproven_shape_20260929","shape OMUX16->IMUX20 d(0,0) is used by no board-PASS open image or qualified fixture","never-proven pip shape: refused by default; admit only after a design-level silicon PASS"
"OMUX19@18,4->IMUX24@18,4","X18Y4","unproven_shape_20260929","shape OMUX19->IMUX24 d(0,0) is used by no board-PASS open image or qualified fixture","never-proven pip shape: refused by default; admit only after a design-level silicon PASS"
"OMUX22@18,4->IMUX28@18,4","X18Y4","unproven_shape_20260929","shape OMUX22->IMUX28 d(0,0) is used by no board-PASS open image or qualified fixture","never-proven pip shape: refused by default; admit only after a design-level silicon PASS"
"OMUX25@18,4->IMUX32@18,4","X18Y4","unproven_shape_20260929","shape OMUX25->IMUX32 d(0,0) is used by no board-PASS open image or qualified fixture","never-proven pip shape: refused by default; admit only after a design-level silicon PASS"
"OMUX28@18,4->IMUX36@18,4","X18Y4","unproven_shape_20260929","shape OMUX28->IMUX36 d(0,0) is used by no board-PASS open image or qualified fixture","never-proven pip shape: refused by default; admit only after a design-level silicon PASS"
"OMUX31@18,4->IMUX40@18,4","X18Y4","unproven_shape_20260929","shape OMUX31->IMUX40 d(0,0) is used by no board-PASS open image or qualified fixture","never-proven pip shape: refused by default; admit only after a design-level silicon PASS"
"OMUX34@18,4->IMUX44@18,4","X18Y4","unproven_shape_20260929","shape OMUX34->IMUX44 d(0,0) is used by no board-PASS open image or qualified fixture","never-proven pip shape: refused by default; admit only after a design-level silicon PASS"
"OMUX37@18,4->IMUX48@18,4","X18Y4","unproven_shape_20260929","shape OMUX37->IMUX48 d(0,0) is used by no board-PASS open image or qualified fixture","never-proven pip shape: refused by default; admit only after a design-level silicon PASS"
"OMUX40@18,4->IMUX52@18,4","X18Y4","unproven_shape_20260929","shape OMUX40->IMUX52 d(0,0) is used by no board-PASS open image or qualified fixture","never-proven pip shape: refused by default; admit only after a design-level silicon PASS"
"OMUX43@18,4->IMUX56@18,4","X18Y4","unproven_shape_20260929","shape OMUX43->IMUX56 d(0,0) is used by no board-PASS open image or qualified fixture","never-proven pip shape: refused by default; admit only after a design-level silicon PASS"
"OMUX46@18,4->IMUX60@18,4","X18Y4","unproven_shape_20260929","shape OMUX46->IMUX60 d(0,0) is used by no board-PASS open image or qualified fixture","never-proven pip shape: refused by default; admit only after a design-level silicon PASS"
"OMUX01@18,5->IMUX00@18,5","X18Y5","unproven_shape_20260929","shape OMUX1->IMUX0 d(0,0) is used by no board-PASS open image or qualified fixture","never-proven pip shape: refused by default; admit only after a design-level silicon PASS"
"OMUX04@18,5->IMUX04@18,5","X18Y5","unproven_shape_20260929","shape OMUX4->IMUX4 d(0,0) is used by no board-PASS open image or qualified fixture","never-proven pip shape: refused by default; admit only after a design-level silicon PASS"
"OMUX07@18,5->IMUX08@18,5","X18Y5","unproven_shape_20260929","shape OMUX7->IMUX8 d(0,0) is used by no board-PASS open image or qualified fixture","never-proven pip shape: refused by default; admit only after a design-level silicon PASS"
"OMUX10@18,5->IMUX12@18,5","X18Y5","unproven_shape_20260929","shape OMUX10->IMUX12 d(0,0) is used by no board-PASS open image or qualified fixture","never-proven pip shape: refused by default; admit only after a design-level silicon PASS"
"OMUX13@18,5->IMUX16@18,5","X18Y5","unproven_shape_20260929","shape OMUX13->IMUX16 d(0,0) is used by no board-PASS open image or qualified fixture","never-proven pip shape: refused by default; admit only after a design-level silicon PASS"
"OMUX25@18,5->IMUX32@18,5","X18Y5","unproven_shape_20260929","shape OMUX25->IMUX32 d(0,0) is used by no board-PASS open image or qualified fixture","never-proven pip shape: refused by default; admit only after a design-level silicon PASS"
"OMUX28@18,5->IMUX36@18,5","X18Y5","unproven_shape_20260929","shape OMUX28->IMUX36 d(0,0) is used by no board-PASS open image or qualified fixture","never-proven pip shape: refused by default; admit only after a design-level silicon PASS"
"OMUX31@18,5->IMUX40@18,5","X18Y5","unproven_shape_20260929","shape OMUX31->IMUX40 d(0,0) is used by no board-PASS open image or qualified fixture","never-proven pip shape: refused by default; admit only after a design-level silicon PASS"
"OMUX34@18,5->IMUX44@18,5","X18Y5","unproven_shape_20260929","shape OMUX34->IMUX44 d(0,0) is used by no board-PASS open image or qualified fixture","never-proven pip shape: refused by default; admit only after a design-level silicon PASS"
"OMUX37@18,5->IMUX48@18,5","X18Y5","unproven_shape_20260929","shape OMUX37->IMUX48 d(0,0) is used by no board-PASS open image or qualified fixture","never-proven pip shape: refused by default; admit only after a design-level silicon PASS"
"OMUX40@18,5->IMUX52@18,5","X18Y5","unproven_shape_20260929","shape OMUX40->IMUX52 d(0,0) is used by no board-PASS open image or qualified fixture","never-proven pip shape: refused by default; admit only after a design-level silicon PASS"
"OMUX43@18,5->IMUX56@18,5","X18Y5","unproven_shape_20260929","shape OMUX43->IMUX56 d(0,0) is used by no board-PASS open image or qualified fixture","never-proven pip shape: refused by default; admit only after a design-level silicon PASS"
"OMUX46@18,5->IMUX60@18,5","X18Y5","unproven_shape_20260929","shape OMUX46->IMUX60 d(0,0) is used by no board-PASS open image or qualified fixture","never-proven pip shape: refused by default; admit only after a design-level silicon PASS"
"OMUX01@18,6->IMUX00@18,6","X18Y6","unproven_shape_20260929","shape OMUX1->IMUX0 d(0,0) is used by no board-PASS open image or qualified fixture","never-proven pip shape: refused by default; admit only after a design-level silicon PASS"
"OMUX04@18,6->IMUX04@18,6","X18Y6","unproven_shape_20260929","shape OMUX4->IMUX4 d(0,0) is used by no board-PASS open image or qualified fixture","never-proven pip shape: refused by default; admit only after a design-level silicon PASS"
"OMUX07@18,6->IMUX08@18,6","X18Y6","unproven_shape_20260929","shape OMUX7->IMUX8 d(0,0) is used by no board-PASS open image or qualified fixture","never-proven pip shape: refused by default; admit only after a design-level silicon PASS"
"OMUX10@18,6->IMUX12@18,6","X18Y6","unproven_shape_20260929","shape OMUX10->IMUX12 d(0,0) is used by no board-PASS open image or qualified fixture","never-proven pip shape: refused by default; admit only after a design-level silicon PASS"
"OMUX13@18,6->IMUX16@18,6","X18Y6","unproven_shape_20260929","shape OMUX13->IMUX16 d(0,0) is used by no board-PASS open image or qualified fixture","never-proven pip shape: refused by default; admit only after a design-level silicon PASS"
"OMUX16@18,6->IMUX20@18,6","X18Y6","unproven_shape_20260929","shape OMUX16->IMUX20 d(0,0) is used by no board-PASS open image or qualified fixture","never-proven pip shape: refused by default; admit only after a design-level silicon PASS"
"OMUX19@18,6->IMUX24@18,6","X18Y6","unproven_shape_20260929","shape OMUX19->IMUX24 d(0,0) is used by no board-PASS open image or qualified fixture","never-proven pip shape: refused by default; admit only after a design-level silicon PASS"
"OMUX22@18,6->IMUX28@18,6","X18Y6","unproven_shape_20260929","shape OMUX22->IMUX28 d(0,0) is used by no board-PASS open image or qualified fixture","never-proven pip shape: refused by default; admit only after a design-level silicon PASS"
"OMUX25@18,6->IMUX32@18,6","X18Y6","unproven_shape_20260929","shape OMUX25->IMUX32 d(0,0) is used by no board-PASS open image or qualified fixture","never-proven pip shape: refused by default; admit only after a design-level silicon PASS"
"OMUX28@18,6->IMUX36@18,6","X18Y6","unproven_shape_20260929","shape OMUX28->IMUX36 d(0,0) is used by no board-PASS open image or qualified fixture","never-proven pip shape: refused by default; admit only after a design-level silicon PASS"
"OMUX31@18,6->IMUX40@18,6","X18Y6","unproven_shape_20260929","shape OMUX31->IMUX40 d(0,0) is used by no board-PASS open image or qualified fixture","never-proven pip shape: refused by default; admit only after a design-level silicon PASS"
"OMUX34@18,6->IMUX44@18,6","X18Y6","unproven_shape_20260929","shape OMUX34->IMUX44 d(0,0) is used by no board-PASS open image or qualified fixture","never-proven pip shape: refused by default; admit only after a design-level silicon PASS"
"OMUX37@18,6->IMUX48@18,6","X18Y6","unproven_shape_20260929","shape OMUX37->IMUX48 d(0,0) is used by no board-PASS open image or qualified fixture","never-proven pip shape: refused by default; admit only after a design-level silicon PASS"
"OMUX40@18,6->IMUX52@18,6","X18Y6","unproven_shape_20260929","shape OMUX40->IMUX52 d(0,0) is used by no board-PASS open image or qualified fixture","never-proven pip shape: refused by default; admit only after a design-level silicon PASS"
"OMUX43@18,6->IMUX56@18,6","X18Y6","unproven_shape_20260929","shape OMUX43->IMUX56 d(0,0) is used by no board-PASS open image or qualified fixture","never-proven pip shape: refused by default; admit only after a design-level silicon PASS"
"OMUX46@18,6->IMUX60@18,6","X18Y6","unproven_shape_20260929","shape OMUX46->IMUX60 d(0,0) is used by no board-PASS open image or qualified fixture","never-proven pip shape: refused by default; admit only after a design-level silicon PASS"
"OMUX07@18,7->IMUX08@18,7","X18Y7","unproven_shape_20260929","shape OMUX7->IMUX8 d(0,0) is used by no board-PASS open image or qualified fixture","never-proven pip shape: refused by default; admit only after a design-level silicon PASS"
"OMUX10@18,7->IMUX12@18,7","X18Y7","unproven_shape_20260929","shape OMUX10->IMUX12 d(0,0) is used by no board-PASS open image or qualified fixture","never-proven pip shape: refused by default; admit only after a design-level silicon PASS"
"OMUX13@18,7->IMUX16@18,7","X18Y7","unproven_shape_20260929","shape OMUX13->IMUX16 d(0,0) is used by no board-PASS open image or qualified fixture","never-proven pip shape: refused by default; admit only after a design-level silicon PASS"
"OMUX16@18,7->IMUX20@18,7","X18Y7","unproven_shape_20260929","shape OMUX16->IMUX20 d(0,0) is used by no board-PASS open image or qualified fixture","never-proven pip shape: refused by default; admit only after a design-level silicon PASS"
"OMUX19@18,7->IMUX24@18,7","X18Y7","unproven_shape_20260929","shape OMUX19->IMUX24 d(0,0) is used by no board-PASS open image or qualified fixture","never-proven pip shape: refused by default; admit only after a design-level silicon PASS"
"OMUX22@18,7->IMUX28@18,7","X18Y7","unproven_shape_20260929","shape OMUX22->IMUX28 d(0,0) is used by no board-PASS open image or qualified fixture","never-proven pip shape: refused by default; admit only after a design-level silicon PASS"
"OMUX25@18,7->IMUX32@18,7","X18Y7","unproven_shape_20260929","shape OMUX25->IMUX32 d(0,0) is used by no board-PASS open image or qualified fixture","never-proven pip shape: refused by default; admit only after a design-level silicon PASS"
"OMUX28@18,7->IMUX36@18,7","X18Y7","unproven_shape_20260929","shape OMUX28->IMUX36 d(0,0) is used by no board-PASS open image or qualified fixture","never-proven pip shape: refused by default; admit only after a design-level silicon PASS"
"OMUX31@18,7->IMUX40@18,7","X18Y7","unproven_shape_20260929","shape OMUX31->IMUX40 d(0,0) is used by no board-PASS open image or qualified fixture","never-proven pip shape: refused by default; admit only after a design-level silicon PASS"
"OMUX34@18,7->IMUX44@18,7","X18Y7","unproven_shape_20260929","shape OMUX34->IMUX44 d(0,0) is used by no board-PASS open image or qualified fixture","never-proven pip shape: refused by default; admit only after a design-level silicon PASS"
"OMUX37@18,7->IMUX48@18,7","X18Y7","unproven_shape_20260929","shape OMUX37->IMUX48 d(0,0) is used by no board-PASS open image or qualified fixture","never-proven pip shape: refused by default; admit only after a design-level silicon PASS"
"OMUX40@18,7->IMUX52@18,7","X18Y7","unproven_shape_20260929","shape OMUX40->IMUX52 d(0,0) is used by no board-PASS open image or qualified fixture","never-proven pip shape: refused by default; admit only after a design-level silicon PASS"
"OMUX43@18,7->IMUX56@18,7","X18Y7","unproven_shape_20260929","shape OMUX43->IMUX56 d(0,0) is used by no board-PASS open image or qualified fixture","never-proven pip shape: refused by default; admit only after a design-level silicon PASS"
"OMUX46@18,7->IMUX60@18,7","X18Y7","unproven_shape_20260929","shape OMUX46->IMUX60 d(0,0) is used by no board-PASS open image or qualified fixture","never-proven pip shape: refused by default; admit only after a design-level silicon PASS"
"OMUX01@18,8->IMUX00@18,8","X18Y8","unproven_shape_20260929","shape OMUX1->IMUX0 d(0,0) is used by no board-PASS open image or qualified fixture","never-proven pip shape: refused by default; admit only after a design-level silicon PASS"
"OMUX04@18,8->IMUX04@18,8","X18Y8","unproven_shape_20260929","shape OMUX4->IMUX4 d(0,0) is used by no board-PASS open image or qualified fixture","never-proven pip shape: refused by default; admit only after a design-level silicon PASS"
"OMUX07@18,8->IMUX08@18,8","X18Y8","unproven_shape_20260929","shape OMUX7->IMUX8 d(0,0) is used by no board-PASS open image or qualified fixture","never-proven pip shape: refused by default; admit only after a design-level silicon PASS"
"OMUX22@18,8->IMUX28@18,8","X18Y8","unproven_shape_20260929","shape OMUX22->IMUX28 d(0,0) is used by no board-PASS open image or qualified fixture","never-proven pip shape: refused by default; admit only after a design-level silicon PASS"
"OMUX28@18,8->IMUX36@18,8","X18Y8","unproven_shape_20260929","shape OMUX28->IMUX36 d(0,0) is used by no board-PASS open image or qualified fixture","never-proven pip shape: refused by default; admit only after a design-level silicon PASS"
"OMUX31@18,8->IMUX40@18,8","X18Y8","unproven_shape_20260929","shape OMUX31->IMUX40 d(0,0) is used by no board-PASS open image or qualified fixture","never-proven pip shape: refused by default; admit only after a design-level silicon PASS"
"OMUX37@18,8->IMUX48@18,8","X18Y8","unproven_shape_20260929","shape OMUX37->IMUX48 d(0,0) is used by no board-PASS open image or qualified fixture","never-proven pip shape: refused by default; admit only after a design-level silicon PASS"
"OMUX40@18,8->IMUX52@18,8","X18Y8","unproven_shape_20260929","shape OMUX40->IMUX52 d(0,0) is used by no board-PASS open image or qualified fixture","never-proven pip shape: refused by default; admit only after a design-level silicon PASS"
"OMUX43@18,8->IMUX56@18,8","X18Y8","unproven_shape_20260929","shape OMUX43->IMUX56 d(0,0) is used by no board-PASS open image or qualified fixture","never-proven pip shape: refused by default; admit only after a design-level silicon PASS"
"OMUX46@18,8->IMUX60@18,8","X18Y8","unproven_shape_20260929","shape OMUX46->IMUX60 d(0,0) is used by no board-PASS open image or qualified fixture","never-proven pip shape: refused by default; admit only after a design-level silicon PASS"
"OMUX01@18,9->IMUX00@18,9","X18Y9","unproven_shape_20260929","shape OMUX1->IMUX0 d(0,0) is used by no board-PASS open image or qualified fixture","never-proven pip shape: refused by default; admit only after a design-level silicon PASS"
"OMUX04@18,9->IMUX04@18,9","X18Y9","unproven_shape_20260929","shape OMUX4->IMUX4 d(0,0) is used by no board-PASS open image or qualified fixture","never-proven pip shape: refused by default; admit only after a design-level silicon PASS"
"OMUX07@18,9->IMUX08@18,9","X18Y9","unproven_shape_20260929","shape OMUX7->IMUX8 d(0,0) is used by no board-PASS open image or qualified fixture","never-proven pip shape: refused by default; admit only after a design-level silicon PASS"
"OMUX10@18,9->IMUX12@18,9","X18Y9","unproven_shape_20260929","shape OMUX10->IMUX12 d(0,0) is used by no board-PASS open image or qualified fixture","never-proven pip shape: refused by default; admit only after a design-level silicon PASS"
"OMUX13@18,9->IMUX16@18,9","X18Y9","unproven_shape_20260929","shape OMUX13->IMUX16 d(0,0) is used by no board-PASS open image or qualified fixture","never-proven pip shape: refused by default; admit only after a design-level silicon PASS"
"OMUX16@18,9->IMUX20@18,9","X18Y9","unproven_shape_20260929","shape OMUX16->IMUX20 d(0,0) is used by no board-PASS open image or qualified fixture","never-proven pip shape: refused by default; admit only after a design-level silicon PASS"
"OMUX19@18,9->IMUX24@18,9","X18Y9","unproven_shape_20260929","shape OMUX19->IMUX24 d(0,0) is used by no board-PASS open image or qualified fixture","never-proven pip shape: refused by default; admit only after a design-level silicon PASS"
"OMUX22@18,9->IMUX28@18,9","X18Y9","unproven_shape_20260929","shape OMUX22->IMUX28 d(0,0) is used by no board-PASS open image or qualified fixture","never-proven pip shape: refused by default; admit only after a design-level silicon PASS"
"OMUX25@18,9->IMUX32@18,9","X18Y9","unproven_shape_20260929","shape OMUX25->IMUX32 d(0,0) is used by no board-PASS open image or qualified fixture","never-proven pip shape: refused by default; admit only after a design-level silicon PASS"
"OMUX28@18,9->IMUX36@18,9","X18Y9","unproven_shape_20260929","shape OMUX28->IMUX36 d(0,0) is used by no board-PASS open image or qualified fixture","never-proven pip shape: refused by default; admit only after a design-level silicon PASS"
"OMUX31@18,9->IMUX40@18,9","X18Y9","unproven_shape_20260929","shape OMUX31->IMUX40 d(0,0) is used by no board-PASS open image or qualified fixture","never-proven pip shape: refused by default; admit only after a design-level silicon PASS"
"OMUX34@18,9->IMUX44@18,9","X18Y9","unproven_shape_20260929","shape OMUX34->IMUX44 d(0,0) is used by no board-PASS open image or qualified fixture","never-proven pip shape: refused by default; admit only after a design-level silicon PASS"
"OMUX37@18,9->IMUX48@18,9","X18Y9","unproven_shape_20260929","shape OMUX37->IMUX48 d(0,0) is used by no board-PASS open image or qualified fixture","never-proven pip shape: refused by default; admit only after a design-level silicon PASS"
"OMUX40@18,9->IMUX52@18,9","X18Y9","unproven_shape_20260929","shape OMUX40->IMUX52 d(0,0) is used by no board-PASS open image or qualified fixture","never-proven pip shape: refused by default; admit only after a design-level silicon PASS"
"OMUX43@18,9->IMUX56@18,9","X18Y9","unproven_shape_20260929","shape OMUX43->IMUX56 d(0,0) is used by no board-PASS open image or qualified fixture","never-proven pip shape: refused by default; admit only after a design-level silicon PASS"
"OMUX46@18,9->IMUX60@18,9","X18Y9","unproven_shape_20260929","shape OMUX46->IMUX60 d(0,0) is used by no board-PASS open image or qualified fixture","never-proven pip shape: refused by default; admit only after a design-level silicon PASS"
"OMUX01@18,10->IMUX00@18,10","X18Y10","unproven_shape_20260929","shape OMUX1->IMUX0 d(0,0) is used by no board-PASS open image or qualified fixture","never-proven pip shape: refused by default; admit only after a design-level silicon PASS"
"OMUX10@18,10->IMUX12@18,10","X18Y10","unproven_shape_20260929","shape OMUX10->IMUX12 d(0,0) is used by no board-PASS open image or qualified fixture","never-proven pip shape: refused by default; admit only after a design-level silicon PASS"
"OMUX19@18,10->IMUX24@18,10","X18Y10","unproven_shape_20260929","shape OMUX19->IMUX24 d(0,0) is used by no board-PASS open image or qualified fixture","never-proven pip shape: refused by default; admit only after a design-level silicon PASS"
"OMUX22@18,10->IMUX28@18,10","X18Y10","unproven_shape_20260929","shape OMUX22->IMUX28 d(0,0) is used by no board-PASS open image or qualified fixture","never-proven pip shape: refused by default; admit only after a design-level silicon PASS"
"OMUX28@18,10->IMUX36@18,10","X18Y10","unproven_shape_20260929","shape OMUX28->IMUX36 d(0,0) is used by no board-PASS open image or qualified fixture","never-proven pip shape: refused by default; admit only after a design-level silicon PASS"
"OMUX31@18,10->IMUX40@18,10","X18Y10","unproven_shape_20260929","shape OMUX31->IMUX40 d(0,0) is used by no board-PASS open image or qualified fixture","never-proven pip shape: refused by default; admit only after a design-level silicon PASS"
"OMUX34@18,10->IMUX44@18,10","X18Y10","unproven_shape_20260929","shape OMUX34->IMUX44 d(0,0) is used by no board-PASS open image or qualified fixture","never-proven pip shape: refused by default; admit only after a design-level silicon PASS"
"OMUX37@18,10->IMUX48@18,10","X18Y10","unproven_shape_20260929","shape OMUX37->IMUX48 d(0,0) is used by no board-PASS open image or qualified fixture","never-proven pip shape: refused by default; admit only after a design-level silicon PASS"
"OMUX40@18,10->IMUX52@18,10","X18Y10","unproven_shape_20260929","shape OMUX40->IMUX52 d(0,0) is used by no board-PASS open image or qualified fixture","never-proven pip shape: refused by default; admit only after a design-level silicon PASS"
"OMUX43@18,10->IMUX56@18,10","X18Y10","unproven_shape_20260929","shape OMUX43->IMUX56 d(0,0) is used by no board-PASS open image or qualified fixture","never-proven pip shape: refused by default; admit only after a design-level silicon PASS"
"OMUX46@18,10->IMUX60@18,10","X18Y10","unproven_shape_20260929","shape OMUX46->IMUX60 d(0,0) is used by no board-PASS open image or qualified fixture","never-proven pip shape: refused by default; admit only after a design-level silicon PASS"
"OMUX01@18,11->IMUX00@18,11","X18Y11","unproven_shape_20260929","shape OMUX1->IMUX0 d(0,0) is used by no board-PASS open image or qualified fixture","never-proven pip shape: refused by default; admit only after a design-level silicon PASS"
"OMUX10@18,11->IMUX12@18,11","X18Y11","unproven_shape_20260929","shape OMUX10->IMUX12 d(0,0) is used by no board-PASS open image or qualified fixture","never-proven pip shape: refused by default; admit only after a design-level silicon PASS"
"OMUX13@18,11->IMUX16@18,11","X18Y11","unproven_shape_20260929","shape OMUX13->IMUX16 d(0,0) is used by no board-PASS open image or qualified fixture","never-proven pip shape: refused by default; admit only after a design-level silicon PASS"
"OMUX16@18,11->IMUX20@18,11","X18Y11","unproven_shape_20260929","shape OMUX16->IMUX20 d(0,0) is used by no board-PASS open image or qualified fixture","never-proven pip shape: refused by default; admit only after a design-level silicon PASS"
"OMUX19@18,11->IMUX24@18,11","X18Y11","unproven_shape_20260929","shape OMUX19->IMUX24 d(0,0) is used by no board-PASS open image or qualified fixture","never-proven pip shape: refused by default; admit only after a design-level silicon PASS"
"OMUX25@18,11->IMUX32@18,11","X18Y11","unproven_shape_20260929","shape OMUX25->IMUX32 d(0,0) is used by no board-PASS open image or qualified fixture","never-proven pip shape: refused by default; admit only after a design-level silicon PASS"
"OMUX28@18,11->IMUX36@18,11","X18Y11","unproven_shape_20260929","shape OMUX28->IMUX36 d(0,0) is used by no board-PASS open image or qualified fixture","never-proven pip shape: refused by default; admit only after a design-level silicon PASS"
"OMUX31@18,11->IMUX40@18,11","X18Y11","unproven_shape_20260929","shape OMUX31->IMUX40 d(0,0) is used by no board-PASS open image or qualified fixture","never-proven pip shape: refused by default; admit only after a design-level silicon PASS"
"OMUX34@18,11->IMUX44@18,11","X18Y11","unproven_shape_20260929","shape OMUX34->IMUX44 d(0,0) is used by no board-PASS open image or qualified fixture","never-proven pip shape: refused by default; admit only after a design-level silicon PASS"
"OMUX37@18,11->IMUX48@18,11","X18Y11","unproven_shape_20260929","shape OMUX37->IMUX48 d(0,0) is used by no board-PASS open image or qualified fixture","never-proven pip shape: refused by default; admit only after a design-level silicon PASS"
"OMUX40@18,11->IMUX52@18,11","X18Y11","unproven_shape_20260929","shape OMUX40->IMUX52 d(0,0) is used by no board-PASS open image or qualified fixture","never-proven pip shape: refused by default; admit only after a design-level silicon PASS"
"OMUX43@18,11->IMUX56@18,11","X18Y11","unproven_shape_20260929","shape OMUX43->IMUX56 d(0,0) is used by no board-PASS open image or qualified fixture","never-proven pip shape: refused by default; admit only after a design-level silicon PASS"
"OMUX46@18,11->IMUX60@18,11","X18Y11","unproven_shape_20260929","shape OMUX46->IMUX60 d(0,0) is used by no board-PASS open image or qualified fixture","never-proven pip shape: refused by default; admit only after a design-level silicon PASS"
"OMUX01@18,12->IMUX00@18,12","X18Y12","unproven_shape_20260929","shape OMUX1->IMUX0 d(0,0) is used by no board-PASS open image or qualified fixture","never-proven pip shape: refused by default; admit only after a design-level silicon PASS"
"OMUX04@18,12->IMUX04@18,12","X18Y12","unproven_shape_20260929","shape OMUX4->IMUX4 d(0,0) is used by no board-PASS open image or qualified fixture","never-proven pip shape: refused by default; admit only after a design-level silicon PASS"
"OMUX07@18,12->IMUX08@18,12","X18Y12","unproven_shape_20260929","shape OMUX7->IMUX8 d(0,0) is used by no board-PASS open image or qualified fixture","never-proven pip shape: refused by default; admit only after a design-level silicon PASS"
"OMUX10@18,12->IMUX12@18,12","X18Y12","unproven_shape_20260929","shape OMUX10->IMUX12 d(0,0) is used by no board-PASS open image or qualified fixture","never-proven pip shape: refused by default; admit only after a design-level silicon PASS"
"OMUX13@18,12->IMUX16@18,12","X18Y12","unproven_shape_20260929","shape OMUX13->IMUX16 d(0,0) is used by no board-PASS open image or qualified fixture","never-proven pip shape: refused by default; admit only after a design-level silicon PASS"
"OMUX16@18,12->IMUX20@18,12","X18Y12","unproven_shape_20260929","shape OMUX16->IMUX20 d(0,0) is used by no board-PASS open image or qualified fixture","never-proven pip shape: refused by default; admit only after a design-level silicon PASS"
"OMUX19@18,12->IMUX24@18,12","X18Y12","unproven_shape_20260929","shape OMUX19->IMUX24 d(0,0) is used by no board-PASS open image or qualified fixture","never-proven pip shape: refused by default; admit only after a design-level silicon PASS"
"OMUX22@18,12->IMUX28@18,12","X18Y12","unproven_shape_20260929","shape OMUX22->IMUX28 d(0,0) is used by no board-PASS open image or qualified fixture","never-proven pip shape: refused by default; admit only after a design-level silicon PASS"
"OMUX25@18,12->IMUX32@18,12","X18Y12","unproven_shape_20260929","shape OMUX25->IMUX32 d(0,0) is used by no board-PASS open image or qualified fixture","never-proven pip shape: refused by default; admit only after a design-level silicon PASS"
"OMUX28@18,12->IMUX36@18,12","X18Y12","unproven_shape_20260929","shape OMUX28->IMUX36 d(0,0) is used by no board-PASS open image or qualified fixture","never-proven pip shape: refused by default; admit only after a design-level silicon PASS"
"OMUX31@18,12->IMUX40@18,12","X18Y12","unproven_shape_20260929","shape OMUX31->IMUX40 d(0,0) is used by no board-PASS open image or qualified fixture","never-proven pip shape: refused by default; admit only after a design-level silicon PASS"
"OMUX34@18,12->IMUX44@18,12","X18Y12","unproven_shape_20260929","shape OMUX34->IMUX44 d(0,0) is used by no board-PASS open image or qualified fixture","never-proven pip shape: refused by default; admit only after a design-level silicon PASS"
"OMUX37@18,12->IMUX48@18,12","X18Y12","unproven_shape_20260929","shape OMUX37->IMUX48 d(0,0) is used by no board-PASS open image or qualified fixture","never-proven pip shape: refused by default; admit only after a design-level silicon PASS"
"OMUX40@18,12->IMUX52@18,12","X18Y12","unproven_shape_20260929","shape OMUX40->IMUX52 d(0,0) is used by no board-PASS open image or qualified fixture","never-proven pip shape: refused by default; admit only after a design-level silicon PASS"
"OMUX43@18,12->IMUX56@18,12","X18Y12","unproven_shape_20260929","shape OMUX43->IMUX56 d(0,0) is used by no board-PASS open image or qualified fixture","never-proven pip shape: refused by default; admit only after a design-level silicon PASS"
"OMUX46@18,12->IMUX60@18,12","X18Y12","unproven_shape_20260929","shape OMUX46->IMUX60 d(0,0) is used by no board-PASS open image or qualified fixture","never-proven pip shape: refused by default; admit only after a design-level silicon PASS"
"OMUX01@19,1->IMUX00@19,1","X19Y1","unproven_shape_20260929","shape OMUX1->IMUX0 d(0,0) is used by no board-PASS open image or qualified fixture","never-proven pip shape: refused by default; admit only after a design-level silicon PASS"
"OMUX04@19,1->IMUX04@19,1","X19Y1","unproven_shape_20260929","shape OMUX4->IMUX4 d(0,0) is used by no board-PASS open image or qualified fixture","never-proven pip shape: refused by default; admit only after a design-level silicon PASS"
"OMUX07@19,1->IMUX08@19,1","X19Y1","unproven_shape_20260929","shape OMUX7->IMUX8 d(0,0) is used by no board-PASS open image or qualified fixture","never-proven pip shape: refused by default; admit only after a design-level silicon PASS"
"OMUX10@19,1->IMUX12@19,1","X19Y1","unproven_shape_20260929","shape OMUX10->IMUX12 d(0,0) is used by no board-PASS open image or qualified fixture","never-proven pip shape: refused by default; admit only after a design-level silicon PASS"
"OMUX13@19,1->IMUX16@19,1","X19Y1","unproven_shape_20260929","shape OMUX13->IMUX16 d(0,0) is used by no board-PASS open image or qualified fixture","never-proven pip shape: refused by default; admit only after a design-level silicon PASS"
"OMUX16@19,1->IMUX20@19,1","X19Y1","unproven_shape_20260929","shape OMUX16->IMUX20 d(0,0) is used by no board-PASS open image or qualified fixture","never-proven pip shape: refused by default; admit only after a design-level silicon PASS"
"OMUX19@19,1->IMUX24@19,1","X19Y1","unproven_shape_20260929","shape OMUX19->IMUX24 d(0,0) is used by no board-PASS open image or qualified fixture","never-proven pip shape: refused by default; admit only after a design-level silicon PASS"
"OMUX22@19,1->IMUX28@19,1","X19Y1","unproven_shape_20260929","shape OMUX22->IMUX28 d(0,0) is used by no board-PASS open image or qualified fixture","never-proven pip shape: refused by default; admit only after a design-level silicon PASS"
"OMUX25@19,1->IMUX32@19,1","X19Y1","unproven_shape_20260929","shape OMUX25->IMUX32 d(0,0) is used by no board-PASS open image or qualified fixture","never-proven pip shape: refused by default; admit only after a design-level silicon PASS"
"OMUX28@19,1->IMUX36@19,1","X19Y1","unproven_shape_20260929","shape OMUX28->IMUX36 d(0,0) is used by no board-PASS open image or qualified fixture","never-proven pip shape: refused by default; admit only after a design-level silicon PASS"
"OMUX31@19,1->IMUX40@19,1","X19Y1","unproven_shape_20260929","shape OMUX31->IMUX40 d(0,0) is used by no board-PASS open image or qualified fixture","never-proven pip shape: refused by default; admit only after a design-level silicon PASS"
"OMUX34@19,1->IMUX44@19,1","X19Y1","unproven_shape_20260929","shape OMUX34->IMUX44 d(0,0) is used by no board-PASS open image or qualified fixture","never-proven pip shape: refused by default; admit only after a design-level silicon PASS"
"OMUX37@19,1->IMUX48@19,1","X19Y1","unproven_shape_20260929","shape OMUX37->IMUX48 d(0,0) is used by no board-PASS open image or qualified fixture","never-proven pip shape: refused by default; admit only after a design-level silicon PASS"
"OMUX40@19,1->IMUX52@19,1","X19Y1","unproven_shape_20260929","shape OMUX40->IMUX52 d(0,0) is used by no board-PASS open image or qualified fixture","never-proven pip shape: refused by default; admit only after a design-level silicon PASS"
"OMUX43@19,1->IMUX56@19,1","X19Y1","unproven_shape_20260929","shape OMUX43->IMUX56 d(0,0) is used by no board-PASS open image or qualified fixture","never-proven pip shape: refused by default; admit only after a design-level silicon PASS"
"OMUX46@19,1->IMUX60@19,1","X19Y1","unproven_shape_20260929","shape OMUX46->IMUX60 d(0,0) is used by no board-PASS open image or qualified fixture","never-proven pip shape: refused by default; admit only after a design-level silicon PASS"
"OMUX01@19,2->IMUX00@19,2","X19Y2","unproven_shape_20260929","shape OMUX1->IMUX0 d(0,0) is used by no board-PASS open image or qualified fixture","never-proven pip shape: refused by default; admit only after a design-level silicon PASS"
"OMUX04@19,2->IMUX04@19,2","X19Y2","unproven_shape_20260929","shape OMUX4->IMUX4 d(0,0) is used by no board-PASS open image or qualified fixture","never-proven pip shape: refused by default; admit only after a design-level silicon PASS"
"OMUX07@19,2->IMUX08@19,2","X19Y2","unproven_shape_20260929","shape OMUX7->IMUX8 d(0,0) is used by no board-PASS open image or qualified fixture","never-proven pip shape: refused by default; admit only after a design-level silicon PASS"
"OMUX10@19,2->IMUX12@19,2","X19Y2","unproven_shape_20260929","shape OMUX10->IMUX12 d(0,0) is used by no board-PASS open image or qualified fixture","never-proven pip shape: refused by default; admit only after a design-level silicon PASS"
"OMUX13@19,2->IMUX16@19,2","X19Y2","unproven_shape_20260929","shape OMUX13->IMUX16 d(0,0) is used by no board-PASS open image or qualified fixture","never-proven pip shape: refused by default; admit only after a design-level silicon PASS"
"OMUX16@19,2->IMUX20@19,2","X19Y2","unproven_shape_20260929","shape OMUX16->IMUX20 d(0,0) is used by no board-PASS open image or qualified fixture","never-proven pip shape: refused by default; admit only after a design-level silicon PASS"
"OMUX22@19,2->IMUX28@19,2","X19Y2","unproven_shape_20260929","shape OMUX22->IMUX28 d(0,0) is used by no board-PASS open image or qualified fixture","never-proven pip shape: refused by default; admit only after a design-level silicon PASS"
"OMUX25@19,2->IMUX32@19,2","X19Y2","unproven_shape_20260929","shape OMUX25->IMUX32 d(0,0) is used by no board-PASS open image or qualified fixture","never-proven pip shape: refused by default; admit only after a design-level silicon PASS"
"OMUX28@19,2->IMUX36@19,2","X19Y2","unproven_shape_20260929","shape OMUX28->IMUX36 d(0,0) is used by no board-PASS open image or qualified fixture","never-proven pip shape: refused by default; admit only after a design-level silicon PASS"
"OMUX37@19,2->IMUX48@19,2","X19Y2","unproven_shape_20260929","shape OMUX37->IMUX48 d(0,0) is used by no board-PASS open image or qualified fixture","never-proven pip shape: refused by default; admit only after a design-level silicon PASS"
"OMUX40@19,2->IMUX52@19,2","X19Y2","unproven_shape_20260929","shape OMUX40->IMUX52 d(0,0) is used by no board-PASS open image or qualified fixture","never-proven pip shape: refused by default; admit only after a design-level silicon PASS"
"OMUX43@19,2->IMUX56@19,2","X19Y2","unproven_shape_20260929","shape OMUX43->IMUX56 d(0,0) is used by no board-PASS open image or qualified fixture","never-proven pip shape: refused by default; admit only after a design-level silicon PASS"
"OMUX46@19,2->IMUX60@19,2","X19Y2","unproven_shape_20260929","shape OMUX46->IMUX60 d(0,0) is used by no board-PASS open image or qualified fixture","never-proven pip shape: refused by default; admit only after a design-level silicon PASS"
"OMUX01@19,3->IMUX00@19,3","X19Y3","unproven_shape_20260929","shape OMUX1->IMUX0 d(0,0) is used by no board-PASS open image or qualified fixture","never-proven pip shape: refused by default; admit only after a design-level silicon PASS"
"OMUX04@19,3->IMUX04@19,3","X19Y3","unproven_shape_20260929","shape OMUX4->IMUX4 d(0,0) is used by no board-PASS open image or qualified fixture","never-proven pip shape: refused by default; admit only after a design-level silicon PASS"
"OMUX07@19,3->IMUX08@19,3","X19Y3","unproven_shape_20260929","shape OMUX7->IMUX8 d(0,0) is used by no board-PASS open image or qualified fixture","never-proven pip shape: refused by default; admit only after a design-level silicon PASS"
"OMUX13@19,3->IMUX16@19,3","X19Y3","unproven_shape_20260929","shape OMUX13->IMUX16 d(0,0) is used by no board-PASS open image or qualified fixture","never-proven pip shape: refused by default; admit only after a design-level silicon PASS"
"OMUX16@19,3->IMUX20@19,3","X19Y3","unproven_shape_20260929","shape OMUX16->IMUX20 d(0,0) is used by no board-PASS open image or qualified fixture","never-proven pip shape: refused by default; admit only after a design-level silicon PASS"
"OMUX19@19,3->IMUX24@19,3","X19Y3","unproven_shape_20260929","shape OMUX19->IMUX24 d(0,0) is used by no board-PASS open image or qualified fixture","never-proven pip shape: refused by default; admit only after a design-level silicon PASS"
"OMUX22@19,3->IMUX28@19,3","X19Y3","unproven_shape_20260929","shape OMUX22->IMUX28 d(0,0) is used by no board-PASS open image or qualified fixture","never-proven pip shape: refused by default; admit only after a design-level silicon PASS"
"OMUX25@19,3->IMUX32@19,3","X19Y3","unproven_shape_20260929","shape OMUX25->IMUX32 d(0,0) is used by no board-PASS open image or qualified fixture","never-proven pip shape: refused by default; admit only after a design-level silicon PASS"
"OMUX28@19,3->IMUX36@19,3","X19Y3","unproven_shape_20260929","shape OMUX28->IMUX36 d(0,0) is used by no board-PASS open image or qualified fixture","never-proven pip shape: refused by default; admit only after a design-level silicon PASS"
"OMUX31@19,3->IMUX40@19,3","X19Y3","unproven_shape_20260929","shape OMUX31->IMUX40 d(0,0) is used by no board-PASS open image or qualified fixture","never-proven pip shape: refused by default; admit only after a design-level silicon PASS"
"OMUX34@19,3->IMUX44@19,3","X19Y3","unproven_shape_20260929","shape OMUX34->IMUX44 d(0,0) is used by no board-PASS open image or qualified fixture","never-proven pip shape: refused by default; admit only after a design-level silicon PASS"
"OMUX37@19,3->IMUX48@19,3","X19Y3","unproven_shape_20260929","shape OMUX37->IMUX48 d(0,0) is used by no board-PASS open image or qualified fixture","never-proven pip shape: refused by default; admit only after a design-level silicon PASS"
"OMUX40@19,3->IMUX52@19,3","X19Y3","unproven_shape_20260929","shape OMUX40->IMUX52 d(0,0) is used by no board-PASS open image or qualified fixture","never-proven pip shape: refused by default; admit only after a design-level silicon PASS"
"OMUX43@19,3->IMUX56@19,3","X19Y3","unproven_shape_20260929","shape OMUX43->IMUX56 d(0,0) is used by no board-PASS open image or qualified fixture","never-proven pip shape: refused by default; admit only after a design-level silicon PASS"
"OMUX46@19,3->IMUX60@19,3","X19Y3","unproven_shape_20260929","shape OMUX46->IMUX60 d(0,0) is used by no board-PASS open image or qualified fixture","never-proven pip shape: refused by default; admit only after a design-level silicon PASS"
"OMUX01@19,4->IMUX00@19,4","X19Y4","unproven_shape_20260929","shape OMUX1->IMUX0 d(0,0) is used by no board-PASS open image or qualified fixture","never-proven pip shape: refused by default; admit only after a design-level silicon PASS"
"OMUX04@19,4->IMUX04@19,4","X19Y4","unproven_shape_20260929","shape OMUX4->IMUX4 d(0,0) is used by no board-PASS open image or qualified fixture","never-proven pip shape: refused by default; admit only after a design-level silicon PASS"
"OMUX07@19,4->IMUX08@19,4","X19Y4","unproven_shape_20260929","shape OMUX7->IMUX8 d(0,0) is used by no board-PASS open image or qualified fixture","never-proven pip shape: refused by default; admit only after a design-level silicon PASS"
"OMUX10@19,4->IMUX12@19,4","X19Y4","unproven_shape_20260929","shape OMUX10->IMUX12 d(0,0) is used by no board-PASS open image or qualified fixture","never-proven pip shape: refused by default; admit only after a design-level silicon PASS"
"OMUX13@19,4->IMUX16@19,4","X19Y4","unproven_shape_20260929","shape OMUX13->IMUX16 d(0,0) is used by no board-PASS open image or qualified fixture","never-proven pip shape: refused by default; admit only after a design-level silicon PASS"
"OMUX16@19,4->IMUX20@19,4","X19Y4","unproven_shape_20260929","shape OMUX16->IMUX20 d(0,0) is used by no board-PASS open image or qualified fixture","never-proven pip shape: refused by default; admit only after a design-level silicon PASS"
"OMUX19@19,4->IMUX24@19,4","X19Y4","unproven_shape_20260929","shape OMUX19->IMUX24 d(0,0) is used by no board-PASS open image or qualified fixture","never-proven pip shape: refused by default; admit only after a design-level silicon PASS"
"OMUX22@19,4->IMUX28@19,4","X19Y4","unproven_shape_20260929","shape OMUX22->IMUX28 d(0,0) is used by no board-PASS open image or qualified fixture","never-proven pip shape: refused by default; admit only after a design-level silicon PASS"
"OMUX25@19,4->IMUX32@19,4","X19Y4","unproven_shape_20260929","shape OMUX25->IMUX32 d(0,0) is used by no board-PASS open image or qualified fixture","never-proven pip shape: refused by default; admit only after a design-level silicon PASS"
"OMUX34@19,4->IMUX44@19,4","X19Y4","unproven_shape_20260929","shape OMUX34->IMUX44 d(0,0) is used by no board-PASS open image or qualified fixture","never-proven pip shape: refused by default; admit only after a design-level silicon PASS"
"OMUX40@19,4->IMUX52@19,4","X19Y4","unproven_shape_20260929","shape OMUX40->IMUX52 d(0,0) is used by no board-PASS open image or qualified fixture","never-proven pip shape: refused by default; admit only after a design-level silicon PASS"
"OMUX46@19,4->IMUX60@19,4","X19Y4","unproven_shape_20260929","shape OMUX46->IMUX60 d(0,0) is used by no board-PASS open image or qualified fixture","never-proven pip shape: refused by default; admit only after a design-level silicon PASS"
"OMUX01@19,5->IMUX00@19,5","X19Y5","unproven_shape_20260929","shape OMUX1->IMUX0 d(0,0) is used by no board-PASS open image or qualified fixture","never-proven pip shape: refused by default; admit only after a design-level silicon PASS"
"OMUX04@19,5->IMUX04@19,5","X19Y5","unproven_shape_20260929","shape OMUX4->IMUX4 d(0,0) is used by no board-PASS open image or qualified fixture","never-proven pip shape: refused by default; admit only after a design-level silicon PASS"
"OMUX07@19,5->IMUX08@19,5","X19Y5","unproven_shape_20260929","shape OMUX7->IMUX8 d(0,0) is used by no board-PASS open image or qualified fixture","never-proven pip shape: refused by default; admit only after a design-level silicon PASS"
"OMUX10@19,5->IMUX12@19,5","X19Y5","unproven_shape_20260929","shape OMUX10->IMUX12 d(0,0) is used by no board-PASS open image or qualified fixture","never-proven pip shape: refused by default; admit only after a design-level silicon PASS"
"OMUX13@19,5->IMUX16@19,5","X19Y5","unproven_shape_20260929","shape OMUX13->IMUX16 d(0,0) is used by no board-PASS open image or qualified fixture","never-proven pip shape: refused by default; admit only after a design-level silicon PASS"
"OMUX16@19,5->IMUX20@19,5","X19Y5","unproven_shape_20260929","shape OMUX16->IMUX20 d(0,0) is used by no board-PASS open image or qualified fixture","never-proven pip shape: refused by default; admit only after a design-level silicon PASS"
"OMUX22@19,5->IMUX28@19,5","X19Y5","unproven_shape_20260929","shape OMUX22->IMUX28 d(0,0) is used by no board-PASS open image or qualified fixture","never-proven pip shape: refused by default; admit only after a design-level silicon PASS"
"OMUX25@19,5->IMUX32@19,5","X19Y5","unproven_shape_20260929","shape OMUX25->IMUX32 d(0,0) is used by no board-PASS open image or qualified fixture","never-proven pip shape: refused by default; admit only after a design-level silicon PASS"
"OMUX28@19,5->IMUX36@19,5","X19Y5","unproven_shape_20260929","shape OMUX28->IMUX36 d(0,0) is used by no board-PASS open image or qualified fixture","never-proven pip shape: refused by default; admit only after a design-level silicon PASS"
"OMUX31@19,5->IMUX40@19,5","X19Y5","unproven_shape_20260929","shape OMUX31->IMUX40 d(0,0) is used by no board-PASS open image or qualified fixture","never-proven pip shape: refused by default; admit only after a design-level silicon PASS"
"OMUX34@19,5->IMUX44@19,5","X19Y5","unproven_shape_20260929","shape OMUX34->IMUX44 d(0,0) is used by no board-PASS open image or qualified fixture","never-proven pip shape: refused by default; admit only after a design-level silicon PASS"
"OMUX37@19,5->IMUX48@19,5","X19Y5","unproven_shape_20260929","shape OMUX37->IMUX48 d(0,0) is used by no board-PASS open image or qualified fixture","never-proven pip shape: refused by default; admit only after a design-level silicon PASS"
"OMUX40@19,5->IMUX52@19,5","X19Y5","unproven_shape_20260929","shape OMUX40->IMUX52 d(0,0) is used by no board-PASS open image or qualified fixture","never-proven pip shape: refused by default; admit only after a design-level silicon PASS"
"OMUX43@19,5->IMUX56@19,5","X19Y5","unproven_shape_20260929","shape OMUX43->IMUX56 d(0,0) is used by no board-PASS open image or qualified fixture","never-proven pip shape: refused by default; admit only after a design-level silicon PASS"
"OMUX46@19,5->IMUX60@19,5","X19Y5","unproven_shape_20260929","shape OMUX46->IMUX60 d(0,0) is used by no board-PASS open image or qualified fixture","never-proven pip shape: refused by default; admit only after a design-level silicon PASS"
"OMUX01@19,6->IMUX00@19,6","X19Y6","unproven_shape_20260929","shape OMUX1->IMUX0 d(0,0) is used by no board-PASS open image or qualified fixture","never-proven pip shape: refused by default; admit only after a design-level silicon PASS"
"OMUX04@19,6->IMUX04@19,6","X19Y6","unproven_shape_20260929","shape OMUX4->IMUX4 d(0,0) is used by no board-PASS open image or qualified fixture","never-proven pip shape: refused by default; admit only after a design-level silicon PASS"
"OMUX28@19,6->IMUX36@19,6","X19Y6","unproven_shape_20260929","shape OMUX28->IMUX36 d(0,0) is used by no board-PASS open image or qualified fixture","never-proven pip shape: refused by default; admit only after a design-level silicon PASS"
"OMUX31@19,6->IMUX40@19,6","X19Y6","unproven_shape_20260929","shape OMUX31->IMUX40 d(0,0) is used by no board-PASS open image or qualified fixture","never-proven pip shape: refused by default; admit only after a design-level silicon PASS"
"OMUX34@19,6->IMUX44@19,6","X19Y6","unproven_shape_20260929","shape OMUX34->IMUX44 d(0,0) is used by no board-PASS open image or qualified fixture","never-proven pip shape: refused by default; admit only after a design-level silicon PASS"
"OMUX43@19,6->IMUX56@19,6","X19Y6","unproven_shape_20260929","shape OMUX43->IMUX56 d(0,0) is used by no board-PASS open image or qualified fixture","never-proven pip shape: refused by default; admit only after a design-level silicon PASS"
"OMUX46@19,6->IMUX60@19,6","X19Y6","unproven_shape_20260929","shape OMUX46->IMUX60 d(0,0) is used by no board-PASS open image or qualified fixture","never-proven pip shape: refused by default; admit only after a design-level silicon PASS"
"OMUX01@19,7->IMUX00@19,7","X19Y7","unproven_shape_20260929","shape OMUX1->IMUX0 d(0,0) is used by no board-PASS open image or qualified fixture","never-proven pip shape: refused by default; admit only after a design-level silicon PASS"
"OMUX04@19,7->IMUX04@19,7","X19Y7","unproven_shape_20260929","shape OMUX4->IMUX4 d(0,0) is used by no board-PASS open image or qualified fixture","never-proven pip shape: refused by default; admit only after a design-level silicon PASS"
"OMUX07@19,7->IMUX08@19,7","X19Y7","unproven_shape_20260929","shape OMUX7->IMUX8 d(0,0) is used by no board-PASS open image or qualified fixture","never-proven pip shape: refused by default; admit only after a design-level silicon PASS"
"OMUX10@19,7->IMUX12@19,7","X19Y7","unproven_shape_20260929","shape OMUX10->IMUX12 d(0,0) is used by no board-PASS open image or qualified fixture","never-proven pip shape: refused by default; admit only after a design-level silicon PASS"
"OMUX13@19,7->IMUX16@19,7","X19Y7","unproven_shape_20260929","shape OMUX13->IMUX16 d(0,0) is used by no board-PASS open image or qualified fixture","never-proven pip shape: refused by default; admit only after a design-level silicon PASS"
"OMUX16@19,7->IMUX20@19,7","X19Y7","unproven_shape_20260929","shape OMUX16->IMUX20 d(0,0) is used by no board-PASS open image or qualified fixture","never-proven pip shape: refused by default; admit only after a design-level silicon PASS"
"OMUX19@19,7->IMUX24@19,7","X19Y7","unproven_shape_20260929","shape OMUX19->IMUX24 d(0,0) is used by no board-PASS open image or qualified fixture","never-proven pip shape: refused by default; admit only after a design-level silicon PASS"
"OMUX22@19,7->IMUX28@19,7","X19Y7","unproven_shape_20260929","shape OMUX22->IMUX28 d(0,0) is used by no board-PASS open image or qualified fixture","never-proven pip shape: refused by default; admit only after a design-level silicon PASS"
"OMUX25@19,7->IMUX32@19,7","X19Y7","unproven_shape_20260929","shape OMUX25->IMUX32 d(0,0) is used by no board-PASS open image or qualified fixture","never-proven pip shape: refused by default; admit only after a design-level silicon PASS"
"OMUX28@19,7->IMUX36@19,7","X19Y7","unproven_shape_20260929","shape OMUX28->IMUX36 d(0,0) is used by no board-PASS open image or qualified fixture","never-proven pip shape: refused by default; admit only after a design-level silicon PASS"
"OMUX31@19,7->IMUX40@19,7","X19Y7","unproven_shape_20260929","shape OMUX31->IMUX40 d(0,0) is used by no board-PASS open image or qualified fixture","never-proven pip shape: refused by default; admit only after a design-level silicon PASS"
"OMUX34@19,7->IMUX44@19,7","X19Y7","unproven_shape_20260929","shape OMUX34->IMUX44 d(0,0) is used by no board-PASS open image or qualified fixture","never-proven pip shape: refused by default; admit only after a design-level silicon PASS"
"OMUX37@19,7->IMUX48@19,7","X19Y7","unproven_shape_20260929","shape OMUX37->IMUX48 d(0,0) is used by no board-PASS open image or qualified fixture","never-proven pip shape: refused by default; admit only after a design-level silicon PASS"
"OMUX40@19,7->IMUX52@19,7","X19Y7","unproven_shape_20260929","shape OMUX40->IMUX52 d(0,0) is used by no board-PASS open image or qualified fixture","never-proven pip shape: refused by default; admit only after a design-level silicon PASS"
"OMUX43@19,7->IMUX56@19,7","X19Y7","unproven_shape_20260929","shape OMUX43->IMUX56 d(0,0) is used by no board-PASS open image or qualified fixture","never-proven pip shape: refused by default; admit only after a design-level silicon PASS"
"OMUX46@19,7->IMUX60@19,7","X19Y7","unproven_shape_20260929","shape OMUX46->IMUX60 d(0,0) is used by no board-PASS open image or qualified fixture","never-proven pip shape: refused by default; admit only after a design-level silicon PASS"
"OMUX01@19,8->IMUX00@19,8","X19Y8","unproven_shape_20260929","shape OMUX1->IMUX0 d(0,0) is used by no board-PASS open image or qualified fixture","never-proven pip shape: refused by default; admit only after a design-level silicon PASS"
"OMUX04@19,8->IMUX04@19,8","X19Y8","unproven_shape_20260929","shape OMUX4->IMUX4 d(0,0) is used by no board-PASS open image or qualified fixture","never-proven pip shape: refused by default; admit only after a design-level silicon PASS"
"OMUX10@19,8->IMUX12@19,8","X19Y8","unproven_shape_20260929","shape OMUX10->IMUX12 d(0,0) is used by no board-PASS open image or qualified fixture","never-proven pip shape: refused by default; admit only after a design-level silicon PASS"
"OMUX13@19,8->IMUX16@19,8","X19Y8","unproven_shape_20260929","shape OMUX13->IMUX16 d(0,0) is used by no board-PASS open image or qualified fixture","never-proven pip shape: refused by default; admit only after a design-level silicon PASS"
"OMUX19@19,8->IMUX24@19,8","X19Y8","unproven_shape_20260929","shape OMUX19->IMUX24 d(0,0) is used by no board-PASS open image or qualified fixture","never-proven pip shape: refused by default; admit only after a design-level silicon PASS"
"OMUX22@19,8->IMUX28@19,8","X19Y8","unproven_shape_20260929","shape OMUX22->IMUX28 d(0,0) is used by no board-PASS open image or qualified fixture","never-proven pip shape: refused by default; admit only after a design-level silicon PASS"
"OMUX25@19,8->IMUX32@19,8","X19Y8","unproven_shape_20260929","shape OMUX25->IMUX32 d(0,0) is used by no board-PASS open image or qualified fixture","never-proven pip shape: refused by default; admit only after a design-level silicon PASS"
"OMUX28@19,8->IMUX36@19,8","X19Y8","unproven_shape_20260929","shape OMUX28->IMUX36 d(0,0) is used by no board-PASS open image or qualified fixture","never-proven pip shape: refused by default; admit only after a design-level silicon PASS"
"OMUX31@19,8->IMUX40@19,8","X19Y8","unproven_shape_20260929","shape OMUX31->IMUX40 d(0,0) is used by no board-PASS open image or qualified fixture","never-proven pip shape: refused by default; admit only after a design-level silicon PASS"
"OMUX34@19,8->IMUX44@19,8","X19Y8","unproven_shape_20260929","shape OMUX34->IMUX44 d(0,0) is used by no board-PASS open image or qualified fixture","never-proven pip shape: refused by default; admit only after a design-level silicon PASS"
"OMUX37@19,8->IMUX48@19,8","X19Y8","unproven_shape_20260929","shape OMUX37->IMUX48 d(0,0) is used by no board-PASS open image or qualified fixture","never-proven pip shape: refused by default; admit only after a design-level silicon PASS"
"OMUX40@19,8->IMUX52@19,8","X19Y8","unproven_shape_20260929","shape OMUX40->IMUX52 d(0,0) is used by no board-PASS open image or qualified fixture","never-proven pip shape: refused by default; admit only after a design-level silicon PASS"
"OMUX43@19,8->IMUX56@19,8","X19Y8","unproven_shape_20260929","shape OMUX43->IMUX56 d(0,0) is used by no board-PASS open image or qualified fixture","never-proven pip shape: refused by default; admit only after a design-level silicon PASS"
"OMUX46@19,8->IMUX60@19,8","X19Y8","unproven_shape_20260929","shape OMUX46->IMUX60 d(0,0) is used by no board-PASS open image or qualified fixture","never-proven pip shape: refused by default; admit only after a design-level silicon PASS"
"OMUX01@19,9->IMUX00@19,9","X19Y9","unproven_shape_20260929","shape OMUX1->IMUX0 d(0,0) is used by no board-PASS open image or qualified fixture","never-proven pip shape: refused by default; admit only after a design-level silicon PASS"
"OMUX04@19,9->IMUX04@19,9","X19Y9","unproven_shape_20260929","shape OMUX4->IMUX4 d(0,0) is used by no board-PASS open image or qualified fixture","never-proven pip shape: refused by default; admit only after a design-level silicon PASS"
"OMUX10@19,9->IMUX12@19,9","X19Y9","unproven_shape_20260929","shape OMUX10->IMUX12 d(0,0) is used by no board-PASS open image or qualified fixture","never-proven pip shape: refused by default; admit only after a design-level silicon PASS"
"OMUX16@19,9->IMUX20@19,9","X19Y9","unproven_shape_20260929","shape OMUX16->IMUX20 d(0,0) is used by no board-PASS open image or qualified fixture","never-proven pip shape: refused by default; admit only after a design-level silicon PASS"
"OMUX22@19,9->IMUX28@19,9","X19Y9","unproven_shape_20260929","shape OMUX22->IMUX28 d(0,0) is used by no board-PASS open image or qualified fixture","never-proven pip shape: refused by default; admit only after a design-level silicon PASS"
"OMUX25@19,9->IMUX32@19,9","X19Y9","unproven_shape_20260929","shape OMUX25->IMUX32 d(0,0) is used by no board-PASS open image or qualified fixture","never-proven pip shape: refused by default; admit only after a design-level silicon PASS"
"OMUX28@19,9->IMUX36@19,9","X19Y9","unproven_shape_20260929","shape OMUX28->IMUX36 d(0,0) is used by no board-PASS open image or qualified fixture","never-proven pip shape: refused by default; admit only after a design-level silicon PASS"
"OMUX31@19,9->IMUX40@19,9","X19Y9","unproven_shape_20260929","shape OMUX31->IMUX40 d(0,0) is used by no board-PASS open image or qualified fixture","never-proven pip shape: refused by default; admit only after a design-level silicon PASS"
"OMUX34@19,9->IMUX44@19,9","X19Y9","unproven_shape_20260929","shape OMUX34->IMUX44 d(0,0) is used by no board-PASS open image or qualified fixture","never-proven pip shape: refused by default; admit only after a design-level silicon PASS"
"OMUX37@19,9->IMUX48@19,9","X19Y9","unproven_shape_20260929","shape OMUX37->IMUX48 d(0,0) is used by no board-PASS open image or qualified fixture","never-proven pip shape: refused by default; admit only after a design-level silicon PASS"
"OMUX40@19,9->IMUX52@19,9","X19Y9","unproven_shape_20260929","shape OMUX40->IMUX52 d(0,0) is used by no board-PASS open image or qualified fixture","never-proven pip shape: refused by default; admit only after a design-level silicon PASS"
"OMUX43@19,9->IMUX56@19,9","X19Y9","unproven_shape_20260929","shape OMUX43->IMUX56 d(0,0) is used by no board-PASS open image or qualified fixture","never-proven pip shape: refused by default; admit only after a design-level silicon PASS"
"OMUX46@19,9->IMUX60@19,9","X19Y9","unproven_shape_20260929","shape OMUX46->IMUX60 d(0,0) is used by no board-PASS open image or qualified fixture","never-proven pip shape: refused by default; admit only after a design-level silicon PASS"
"OMUX01@19,10->IMUX00@19,10","X19Y10","unproven_shape_20260929","shape OMUX1->IMUX0 d(0,0) is used by no board-PASS open image or qualified fixture","never-proven pip shape: refused by default; admit only after a design-level silicon PASS"
"OMUX04@19,10->IMUX04@19,10","X19Y10","unproven_shape_20260929","shape OMUX4->IMUX4 d(0,0) is used by no board-PASS open image or qualified fixture","never-proven pip shape: refused by default; admit only after a design-level silicon PASS"
"OMUX07@19,10->IMUX08@19,10","X19Y10","unproven_shape_20260929","shape OMUX7->IMUX8 d(0,0) is used by no board-PASS open image or qualified fixture","never-proven pip shape: refused by default; admit only after a design-level silicon PASS"
"OMUX10@19,10->IMUX12@19,10","X19Y10","unproven_shape_20260929","shape OMUX10->IMUX12 d(0,0) is used by no board-PASS open image or qualified fixture","never-proven pip shape: refused by default; admit only after a design-level silicon PASS"
"OMUX13@19,10->IMUX16@19,10","X19Y10","unproven_shape_20260929","shape OMUX13->IMUX16 d(0,0) is used by no board-PASS open image or qualified fixture","never-proven pip shape: refused by default; admit only after a design-level silicon PASS"
"OMUX16@19,10->IMUX20@19,10","X19Y10","unproven_shape_20260929","shape OMUX16->IMUX20 d(0,0) is used by no board-PASS open image or qualified fixture","never-proven pip shape: refused by default; admit only after a design-level silicon PASS"
"OMUX19@19,10->IMUX24@19,10","X19Y10","unproven_shape_20260929","shape OMUX19->IMUX24 d(0,0) is used by no board-PASS open image or qualified fixture","never-proven pip shape: refused by default; admit only after a design-level silicon PASS"
"OMUX22@19,10->IMUX28@19,10","X19Y10","unproven_shape_20260929","shape OMUX22->IMUX28 d(0,0) is used by no board-PASS open image or qualified fixture","never-proven pip shape: refused by default; admit only after a design-level silicon PASS"
"OMUX25@19,10->IMUX32@19,10","X19Y10","unproven_shape_20260929","shape OMUX25->IMUX32 d(0,0) is used by no board-PASS open image or qualified fixture","never-proven pip shape: refused by default; admit only after a design-level silicon PASS"
"OMUX28@19,10->IMUX36@19,10","X19Y10","unproven_shape_20260929","shape OMUX28->IMUX36 d(0,0) is used by no board-PASS open image or qualified fixture","never-proven pip shape: refused by default; admit only after a design-level silicon PASS"
"OMUX31@19,10->IMUX40@19,10","X19Y10","unproven_shape_20260929","shape OMUX31->IMUX40 d(0,0) is used by no board-PASS open image or qualified fixture","never-proven pip shape: refused by default; admit only after a design-level silicon PASS"
"OMUX34@19,10->IMUX44@19,10","X19Y10","unproven_shape_20260929","shape OMUX34->IMUX44 d(0,0) is used by no board-PASS open image or qualified fixture","never-proven pip shape: refused by default; admit only after a design-level silicon PASS"
"OMUX37@19,10->IMUX48@19,10","X19Y10","unproven_shape_20260929","shape OMUX37->IMUX48 d(0,0) is used by no board-PASS open image or qualified fixture","never-proven pip shape: refused by default; admit only after a design-level silicon PASS"
"OMUX40@19,10->IMUX52@19,10","X19Y10","unproven_shape_20260929","shape OMUX40->IMUX52 d(0,0) is used by no board-PASS open image or qualified fixture","never-proven pip shape: refused by default; admit only after a design-level silicon PASS"
"OMUX43@19,10->IMUX56@19,10","X19Y10","unproven_shape_20260929","shape OMUX43->IMUX56 d(0,0) is used by no board-PASS open image or qualified fixture","never-proven pip shape: refused by default; admit only after a design-level silicon PASS"
"OMUX46@19,10->IMUX60@19,10","X19Y10","unproven_shape_20260929","shape OMUX46->IMUX60 d(0,0) is used by no board-PASS open image or qualified fixture","never-proven pip shape: refused by default; admit only after a design-level silicon PASS"
"OMUX01@19,11->IMUX00@19,11","X19Y11","unproven_shape_20260929","shape OMUX1->IMUX0 d(0,0) is used by no board-PASS open image or qualified fixture","never-proven pip shape: refused by default; admit only after a design-level silicon PASS"
"OMUX04@19,11->IMUX04@19,11","X19Y11","unproven_shape_20260929","shape OMUX4->IMUX4 d(0,0) is used by no board-PASS open image or qualified fixture","never-proven pip shape: refused by default; admit only after a design-level silicon PASS"
"OMUX07@19,11->IMUX08@19,11","X19Y11","unproven_shape_20260929","shape OMUX7->IMUX8 d(0,0) is used by no board-PASS open image or qualified fixture","never-proven pip shape: refused by default; admit only after a design-level silicon PASS"
"OMUX10@19,11->IMUX12@19,11","X19Y11","unproven_shape_20260929","shape OMUX10->IMUX12 d(0,0) is used by no board-PASS open image or qualified fixture","never-proven pip shape: refused by default; admit only after a design-level silicon PASS"
"OMUX13@19,11->IMUX16@19,11","X19Y11","unproven_shape_20260929","shape OMUX13->IMUX16 d(0,0) is used by no board-PASS open image or qualified fixture","never-proven pip shape: refused by default; admit only after a design-level silicon PASS"
"OMUX16@19,11->IMUX20@19,11","X19Y11","unproven_shape_20260929","shape OMUX16->IMUX20 d(0,0) is used by no board-PASS open image or qualified fixture","never-proven pip shape: refused by default; admit only after a design-level silicon PASS"
"OMUX19@19,11->IMUX24@19,11","X19Y11","unproven_shape_20260929","shape OMUX19->IMUX24 d(0,0) is used by no board-PASS open image or qualified fixture","never-proven pip shape: refused by default; admit only after a design-level silicon PASS"
"OMUX22@19,11->IMUX28@19,11","X19Y11","unproven_shape_20260929","shape OMUX22->IMUX28 d(0,0) is used by no board-PASS open image or qualified fixture","never-proven pip shape: refused by default; admit only after a design-level silicon PASS"
"OMUX25@19,11->IMUX32@19,11","X19Y11","unproven_shape_20260929","shape OMUX25->IMUX32 d(0,0) is used by no board-PASS open image or qualified fixture","never-proven pip shape: refused by default; admit only after a design-level silicon PASS"
"OMUX28@19,11->IMUX36@19,11","X19Y11","unproven_shape_20260929","shape OMUX28->IMUX36 d(0,0) is used by no board-PASS open image or qualified fixture","never-proven pip shape: refused by default; admit only after a design-level silicon PASS"
"OMUX31@19,11->IMUX40@19,11","X19Y11","unproven_shape_20260929","shape OMUX31->IMUX40 d(0,0) is used by no board-PASS open image or qualified fixture","never-proven pip shape: refused by default; admit only after a design-level silicon PASS"
"OMUX34@19,11->IMUX44@19,11","X19Y11","unproven_shape_20260929","shape OMUX34->IMUX44 d(0,0) is used by no board-PASS open image or qualified fixture","never-proven pip shape: refused by default; admit only after a design-level silicon PASS"
"OMUX37@19,11->IMUX48@19,11","X19Y11","unproven_shape_20260929","shape OMUX37->IMUX48 d(0,0) is used by no board-PASS open image or qualified fixture","never-proven pip shape: refused by default; admit only after a design-level silicon PASS"
"OMUX40@19,11->IMUX52@19,11","X19Y11","unproven_shape_20260929","shape OMUX40->IMUX52 d(0,0) is used by no board-PASS open image or qualified fixture","never-proven pip shape: refused by default; admit only after a design-level silicon PASS"
"OMUX43@19,11->IMUX56@19,11","X19Y11","unproven_shape_20260929","shape OMUX43->IMUX56 d(0,0) is used by no board-PASS open image or qualified fixture","never-proven pip shape: refused by default; admit only after a design-level silicon PASS"
"OMUX46@19,11->IMUX60@19,11","X19Y11","unproven_shape_20260929","shape OMUX46->IMUX60 d(0,0) is used by no board-PASS open image or qualified fixture","never-proven pip shape: refused by default; admit only after a design-level silicon PASS"
"OMUX01@19,12->IMUX00@19,12","X19Y12","unproven_shape_20260929","shape OMUX1->IMUX0 d(0,0) is used by no board-PASS open image or qualified fixture","never-proven pip shape: refused by default; admit only after a design-level silicon PASS"
"OMUX07@19,12->IMUX08@19,12","X19Y12","unproven_shape_20260929","shape OMUX7->IMUX8 d(0,0) is used by no board-PASS open image or qualified fixture","never-proven pip shape: refused by default; admit only after a design-level silicon PASS"
"OMUX16@19,12->IMUX20@19,12","X19Y12","unproven_shape_20260929","shape OMUX16->IMUX20 d(0,0) is used by no board-PASS open image or qualified fixture","never-proven pip shape: refused by default; admit only after a design-level silicon PASS"
"OMUX19@19,12->IMUX24@19,12","X19Y12","unproven_shape_20260929","shape OMUX19->IMUX24 d(0,0) is used by no board-PASS open image or qualified fixture","never-proven pip shape: refused by default; admit only after a design-level silicon PASS"
"OMUX25@19,12->IMUX32@19,12","X19Y12","unproven_shape_20260929","shape OMUX25->IMUX32 d(0,0) is used by no board-PASS open image or qualified fixture","never-proven pip shape: refused by default; admit only after a design-level silicon PASS"
"OMUX28@19,12->IMUX36@19,12","X19Y12","unproven_shape_20260929","shape OMUX28->IMUX36 d(0,0) is used by no board-PASS open image or qualified fixture","never-proven pip shape: refused by default; admit only after a design-level silicon PASS"
"OMUX31@19,12->IMUX40@19,12","X19Y12","unproven_shape_20260929","shape OMUX31->IMUX40 d(0,0) is used by no board-PASS open image or qualified fixture","never-proven pip shape: refused by default; admit only after a design-level silicon PASS"
"OMUX37@19,12->IMUX48@19,12","X19Y12","unproven_shape_20260929","shape OMUX37->IMUX48 d(0,0) is used by no board-PASS open image or qualified fixture","never-proven pip shape: refused by default; admit only after a design-level silicon PASS"
"OMUX40@19,12->IMUX52@19,12","X19Y12","unproven_shape_20260929","shape OMUX40->IMUX52 d(0,0) is used by no board-PASS open image or qualified fixture","never-proven pip shape: refused by default; admit only after a design-level silicon PASS"
"OMUX43@19,12->IMUX56@19,12","X19Y12","unproven_shape_20260929","shape OMUX43->IMUX56 d(0,0) is used by no board-PASS open image or qualified fixture","never-proven pip shape: refused by default; admit only after a design-level silicon PASS"
"OMUX46@19,12->IMUX60@19,12","X19Y12","unproven_shape_20260929","shape OMUX46->IMUX60 d(0,0) is used by no board-PASS open image or qualified fixture","never-proven pip shape: refused by default; admit only after a design-level silicon PASS"
"OMUX01@20,1->IMUX00@20,1","X20Y1","unproven_shape_20260929","shape OMUX1->IMUX0 d(0,0) is used by no board-PASS open image or qualified fixture","never-proven pip shape: refused by default; admit only after a design-level silicon PASS"
"OMUX04@20,1->IMUX04@20,1","X20Y1","unproven_shape_20260929","shape OMUX4->IMUX4 d(0,0) is used by no board-PASS open image or qualified fixture","never-proven pip shape: refused by default; admit only after a design-level silicon PASS"
"OMUX19@20,1->IMUX24@20,1","X20Y1","unproven_shape_20260929","shape OMUX19->IMUX24 d(0,0) is used by no board-PASS open image or qualified fixture","never-proven pip shape: refused by default; admit only after a design-level silicon PASS"
"OMUX22@20,1->IMUX28@20,1","X20Y1","unproven_shape_20260929","shape OMUX22->IMUX28 d(0,0) is used by no board-PASS open image or qualified fixture","never-proven pip shape: refused by default; admit only after a design-level silicon PASS"
"OMUX25@20,1->IMUX32@20,1","X20Y1","unproven_shape_20260929","shape OMUX25->IMUX32 d(0,0) is used by no board-PASS open image or qualified fixture","never-proven pip shape: refused by default; admit only after a design-level silicon PASS"
"OMUX28@20,1->IMUX36@20,1","X20Y1","unproven_shape_20260929","shape OMUX28->IMUX36 d(0,0) is used by no board-PASS open image or qualified fixture","never-proven pip shape: refused by default; admit only after a design-level silicon PASS"
"OMUX31@20,1->IMUX40@20,1","X20Y1","unproven_shape_20260929","shape OMUX31->IMUX40 d(0,0) is used by no board-PASS open image or qualified fixture","never-proven pip shape: refused by default; admit only after a design-level silicon PASS"
"OMUX34@20,1->IMUX44@20,1","X20Y1","unproven_shape_20260929","shape OMUX34->IMUX44 d(0,0) is used by no board-PASS open image or qualified fixture","never-proven pip shape: refused by default; admit only after a design-level silicon PASS"
"OMUX37@20,1->IMUX48@20,1","X20Y1","unproven_shape_20260929","shape OMUX37->IMUX48 d(0,0) is used by no board-PASS open image or qualified fixture","never-proven pip shape: refused by default; admit only after a design-level silicon PASS"
"OMUX40@20,1->IMUX52@20,1","X20Y1","unproven_shape_20260929","shape OMUX40->IMUX52 d(0,0) is used by no board-PASS open image or qualified fixture","never-proven pip shape: refused by default; admit only after a design-level silicon PASS"
"OMUX43@20,1->IMUX56@20,1","X20Y1","unproven_shape_20260929","shape OMUX43->IMUX56 d(0,0) is used by no board-PASS open image or qualified fixture","never-proven pip shape: refused by default; admit only after a design-level silicon PASS"
"OMUX46@20,1->IMUX60@20,1","X20Y1","unproven_shape_20260929","shape OMUX46->IMUX60 d(0,0) is used by no board-PASS open image or qualified fixture","never-proven pip shape: refused by default; admit only after a design-level silicon PASS"
"OMUX01@20,2->IMUX00@20,2","X20Y2","unproven_shape_20260929","shape OMUX1->IMUX0 d(0,0) is used by no board-PASS open image or qualified fixture","never-proven pip shape: refused by default; admit only after a design-level silicon PASS"
"OMUX04@20,2->IMUX04@20,2","X20Y2","unproven_shape_20260929","shape OMUX4->IMUX4 d(0,0) is used by no board-PASS open image or qualified fixture","never-proven pip shape: refused by default; admit only after a design-level silicon PASS"
"OMUX07@20,2->IMUX08@20,2","X20Y2","unproven_shape_20260929","shape OMUX7->IMUX8 d(0,0) is used by no board-PASS open image or qualified fixture","never-proven pip shape: refused by default; admit only after a design-level silicon PASS"
"OMUX10@20,2->IMUX12@20,2","X20Y2","unproven_shape_20260929","shape OMUX10->IMUX12 d(0,0) is used by no board-PASS open image or qualified fixture","never-proven pip shape: refused by default; admit only after a design-level silicon PASS"
"OMUX13@20,2->IMUX16@20,2","X20Y2","unproven_shape_20260929","shape OMUX13->IMUX16 d(0,0) is used by no board-PASS open image or qualified fixture","never-proven pip shape: refused by default; admit only after a design-level silicon PASS"
"OMUX16@20,2->IMUX20@20,2","X20Y2","unproven_shape_20260929","shape OMUX16->IMUX20 d(0,0) is used by no board-PASS open image or qualified fixture","never-proven pip shape: refused by default; admit only after a design-level silicon PASS"
"OMUX19@20,2->IMUX24@20,2","X20Y2","unproven_shape_20260929","shape OMUX19->IMUX24 d(0,0) is used by no board-PASS open image or qualified fixture","never-proven pip shape: refused by default; admit only after a design-level silicon PASS"
"OMUX22@20,2->IMUX28@20,2","X20Y2","unproven_shape_20260929","shape OMUX22->IMUX28 d(0,0) is used by no board-PASS open image or qualified fixture","never-proven pip shape: refused by default; admit only after a design-level silicon PASS"
"OMUX31@20,2->IMUX40@20,2","X20Y2","unproven_shape_20260929","shape OMUX31->IMUX40 d(0,0) is used by no board-PASS open image or qualified fixture","never-proven pip shape: refused by default; admit only after a design-level silicon PASS"
"OMUX34@20,2->IMUX44@20,2","X20Y2","unproven_shape_20260929","shape OMUX34->IMUX44 d(0,0) is used by no board-PASS open image or qualified fixture","never-proven pip shape: refused by default; admit only after a design-level silicon PASS"
"OMUX37@20,2->IMUX48@20,2","X20Y2","unproven_shape_20260929","shape OMUX37->IMUX48 d(0,0) is used by no board-PASS open image or qualified fixture","never-proven pip shape: refused by default; admit only after a design-level silicon PASS"
"OMUX40@20,2->IMUX52@20,2","X20Y2","unproven_shape_20260929","shape OMUX40->IMUX52 d(0,0) is used by no board-PASS open image or qualified fixture","never-proven pip shape: refused by default; admit only after a design-level silicon PASS"
"OMUX43@20,2->IMUX56@20,2","X20Y2","unproven_shape_20260929","shape OMUX43->IMUX56 d(0,0) is used by no board-PASS open image or qualified fixture","never-proven pip shape: refused by default; admit only after a design-level silicon PASS"
"OMUX46@20,2->IMUX60@20,2","X20Y2","unproven_shape_20260929","shape OMUX46->IMUX60 d(0,0) is used by no board-PASS open image or qualified fixture","never-proven pip shape: refused by default; admit only after a design-level silicon PASS"
"OMUX01@20,3->IMUX00@20,3","X20Y3","unproven_shape_20260929","shape OMUX1->IMUX0 d(0,0) is used by no board-PASS open image or qualified fixture","never-proven pip shape: refused by default; admit only after a design-level silicon PASS"
"OMUX04@20,3->IMUX04@20,3","X20Y3","unproven_shape_20260929","shape OMUX4->IMUX4 d(0,0) is used by no board-PASS open image or qualified fixture","never-proven pip shape: refused by default; admit only after a design-level silicon PASS"
"OMUX07@20,3->IMUX08@20,3","X20Y3","unproven_shape_20260929","shape OMUX7->IMUX8 d(0,0) is used by no board-PASS open image or qualified fixture","never-proven pip shape: refused by default; admit only after a design-level silicon PASS"
"OMUX25@20,3->IMUX32@20,3","X20Y3","unproven_shape_20260929","shape OMUX25->IMUX32 d(0,0) is used by no board-PASS open image or qualified fixture","never-proven pip shape: refused by default; admit only after a design-level silicon PASS"
"OMUX28@20,3->IMUX36@20,3","X20Y3","unproven_shape_20260929","shape OMUX28->IMUX36 d(0,0) is used by no board-PASS open image or qualified fixture","never-proven pip shape: refused by default; admit only after a design-level silicon PASS"
"OMUX31@20,3->IMUX40@20,3","X20Y3","unproven_shape_20260929","shape OMUX31->IMUX40 d(0,0) is used by no board-PASS open image or qualified fixture","never-proven pip shape: refused by default; admit only after a design-level silicon PASS"
"OMUX34@20,3->IMUX44@20,3","X20Y3","unproven_shape_20260929","shape OMUX34->IMUX44 d(0,0) is used by no board-PASS open image or qualified fixture","never-proven pip shape: refused by default; admit only after a design-level silicon PASS"
"OMUX01@20,4->IMUX00@20,4","X20Y4","unproven_shape_20260929","shape OMUX1->IMUX0 d(0,0) is used by no board-PASS open image or qualified fixture","never-proven pip shape: refused by default; admit only after a design-level silicon PASS"
"OMUX04@20,4->IMUX04@20,4","X20Y4","unproven_shape_20260929","shape OMUX4->IMUX4 d(0,0) is used by no board-PASS open image or qualified fixture","never-proven pip shape: refused by default; admit only after a design-level silicon PASS"
"OMUX07@20,4->IMUX08@20,4","X20Y4","unproven_shape_20260929","shape OMUX7->IMUX8 d(0,0) is used by no board-PASS open image or qualified fixture","never-proven pip shape: refused by default; admit only after a design-level silicon PASS"
"OMUX16@20,4->IMUX20@20,4","X20Y4","unproven_shape_20260929","shape OMUX16->IMUX20 d(0,0) is used by no board-PASS open image or qualified fixture","never-proven pip shape: refused by default; admit only after a design-level silicon PASS"
"OMUX19@20,4->IMUX24@20,4","X20Y4","unproven_shape_20260929","shape OMUX19->IMUX24 d(0,0) is used by no board-PASS open image or qualified fixture","never-proven pip shape: refused by default; admit only after a design-level silicon PASS"
"OMUX22@20,4->IMUX28@20,4","X20Y4","unproven_shape_20260929","shape OMUX22->IMUX28 d(0,0) is used by no board-PASS open image or qualified fixture","never-proven pip shape: refused by default; admit only after a design-level silicon PASS"
"OMUX25@20,4->IMUX32@20,4","X20Y4","unproven_shape_20260929","shape OMUX25->IMUX32 d(0,0) is used by no board-PASS open image or qualified fixture","never-proven pip shape: refused by default; admit only after a design-level silicon PASS"
"OMUX28@20,4->IMUX36@20,4","X20Y4","unproven_shape_20260929","shape OMUX28->IMUX36 d(0,0) is used by no board-PASS open image or qualified fixture","never-proven pip shape: refused by default; admit only after a design-level silicon PASS"
"OMUX31@20,4->IMUX40@20,4","X20Y4","unproven_shape_20260929","shape OMUX31->IMUX40 d(0,0) is used by no board-PASS open image or qualified fixture","never-proven pip shape: refused by default; admit only after a design-level silicon PASS"
"OMUX34@20,4->IMUX44@20,4","X20Y4","unproven_shape_20260929","shape OMUX34->IMUX44 d(0,0) is used by no board-PASS open image or qualified fixture","never-proven pip shape: refused by default; admit only after a design-level silicon PASS"
"OMUX40@20,4->IMUX52@20,4","X20Y4","unproven_shape_20260929","shape OMUX40->IMUX52 d(0,0) is used by no board-PASS open image or qualified fixture","never-proven pip shape: refused by default; admit only after a design-level silicon PASS"
"OMUX46@20,4->IMUX60@20,4","X20Y4","unproven_shape_20260929","shape OMUX46->IMUX60 d(0,0) is used by no board-PASS open image or qualified fixture","never-proven pip shape: refused by default; admit only after a design-level silicon PASS"
"OMUX01@20,5->IMUX00@20,5","X20Y5","unproven_shape_20260929","shape OMUX1->IMUX0 d(0,0) is used by no board-PASS open image or qualified fixture","never-proven pip shape: refused by default; admit only after a design-level silicon PASS"
"OMUX04@20,5->IMUX04@20,5","X20Y5","unproven_shape_20260929","shape OMUX4->IMUX4 d(0,0) is used by no board-PASS open image or qualified fixture","never-proven pip shape: refused by default; admit only after a design-level silicon PASS"
"OMUX07@20,5->IMUX08@20,5","X20Y5","unproven_shape_20260929","shape OMUX7->IMUX8 d(0,0) is used by no board-PASS open image or qualified fixture","never-proven pip shape: refused by default; admit only after a design-level silicon PASS"
"OMUX13@20,5->IMUX16@20,5","X20Y5","unproven_shape_20260929","shape OMUX13->IMUX16 d(0,0) is used by no board-PASS open image or qualified fixture","never-proven pip shape: refused by default; admit only after a design-level silicon PASS"
"OMUX16@20,5->IMUX20@20,5","X20Y5","unproven_shape_20260929","shape OMUX16->IMUX20 d(0,0) is used by no board-PASS open image or qualified fixture","never-proven pip shape: refused by default; admit only after a design-level silicon PASS"
"OMUX28@20,5->IMUX36@20,5","X20Y5","unproven_shape_20260929","shape OMUX28->IMUX36 d(0,0) is used by no board-PASS open image or qualified fixture","never-proven pip shape: refused by default; admit only after a design-level silicon PASS"
"OMUX31@20,5->IMUX40@20,5","X20Y5","unproven_shape_20260929","shape OMUX31->IMUX40 d(0,0) is used by no board-PASS open image or qualified fixture","never-proven pip shape: refused by default; admit only after a design-level silicon PASS"
"OMUX34@20,5->IMUX44@20,5","X20Y5","unproven_shape_20260929","shape OMUX34->IMUX44 d(0,0) is used by no board-PASS open image or qualified fixture","never-proven pip shape: refused by default; admit only after a design-level silicon PASS"
"OMUX37@20,5->IMUX48@20,5","X20Y5","unproven_shape_20260929","shape OMUX37->IMUX48 d(0,0) is used by no board-PASS open image or qualified fixture","never-proven pip shape: refused by default; admit only after a design-level silicon PASS"
"OMUX40@20,5->IMUX52@20,5","X20Y5","unproven_shape_20260929","shape OMUX40->IMUX52 d(0,0) is used by no board-PASS open image or qualified fixture","never-proven pip shape: refused by default; admit only after a design-level silicon PASS"
"OMUX43@20,5->IMUX56@20,5","X20Y5","unproven_shape_20260929","shape OMUX43->IMUX56 d(0,0) is used by no board-PASS open image or qualified fixture","never-proven pip shape: refused by default; admit only after a design-level silicon PASS"
"OMUX46@20,5->IMUX60@20,5","X20Y5","unproven_shape_20260929","shape OMUX46->IMUX60 d(0,0) is used by no board-PASS open image or qualified fixture","never-proven pip shape: refused by default; admit only after a design-level silicon PASS"
"OMUX01@20,6->IMUX00@20,6","X20Y6","unproven_shape_20260929","shape OMUX1->IMUX0 d(0,0) is used by no board-PASS open image or qualified fixture","never-proven pip shape: refused by default; admit only after a design-level silicon PASS"
"OMUX04@20,6->IMUX04@20,6","X20Y6","unproven_shape_20260929","shape OMUX4->IMUX4 d(0,0) is used by no board-PASS open image or qualified fixture","never-proven pip shape: refused by default; admit only after a design-level silicon PASS"
"OMUX07@20,6->IMUX08@20,6","X20Y6","unproven_shape_20260929","shape OMUX7->IMUX8 d(0,0) is used by no board-PASS open image or qualified fixture","never-proven pip shape: refused by default; admit only after a design-level silicon PASS"
"OMUX10@20,6->IMUX12@20,6","X20Y6","unproven_shape_20260929","shape OMUX10->IMUX12 d(0,0) is used by no board-PASS open image or qualified fixture","never-proven pip shape: refused by default; admit only after a design-level silicon PASS"
"OMUX13@20,6->IMUX16@20,6","X20Y6","unproven_shape_20260929","shape OMUX13->IMUX16 d(0,0) is used by no board-PASS open image or qualified fixture","never-proven pip shape: refused by default; admit only after a design-level silicon PASS"
"OMUX16@20,6->IMUX20@20,6","X20Y6","unproven_shape_20260929","shape OMUX16->IMUX20 d(0,0) is used by no board-PASS open image or qualified fixture","never-proven pip shape: refused by default; admit only after a design-level silicon PASS"
"OMUX19@20,6->IMUX24@20,6","X20Y6","unproven_shape_20260929","shape OMUX19->IMUX24 d(0,0) is used by no board-PASS open image or qualified fixture","never-proven pip shape: refused by default; admit only after a design-level silicon PASS"
"OMUX22@20,6->IMUX28@20,6","X20Y6","unproven_shape_20260929","shape OMUX22->IMUX28 d(0,0) is used by no board-PASS open image or qualified fixture","never-proven pip shape: refused by default; admit only after a design-level silicon PASS"
"OMUX25@20,6->IMUX32@20,6","X20Y6","unproven_shape_20260929","shape OMUX25->IMUX32 d(0,0) is used by no board-PASS open image or qualified fixture","never-proven pip shape: refused by default; admit only after a design-level silicon PASS"
"OMUX28@20,6->IMUX36@20,6","X20Y6","unproven_shape_20260929","shape OMUX28->IMUX36 d(0,0) is used by no board-PASS open image or qualified fixture","never-proven pip shape: refused by default; admit only after a design-level silicon PASS"
"OMUX31@20,6->IMUX40@20,6","X20Y6","unproven_shape_20260929","shape OMUX31->IMUX40 d(0,0) is used by no board-PASS open image or qualified fixture","never-proven pip shape: refused by default; admit only after a design-level silicon PASS"
"OMUX34@20,6->IMUX44@20,6","X20Y6","unproven_shape_20260929","shape OMUX34->IMUX44 d(0,0) is used by no board-PASS open image or qualified fixture","never-proven pip shape: refused by default; admit only after a design-level silicon PASS"
"OMUX37@20,6->IMUX48@20,6","X20Y6","unproven_shape_20260929","shape OMUX37->IMUX48 d(0,0) is used by no board-PASS open image or qualified fixture","never-proven pip shape: refused by default; admit only after a design-level silicon PASS"
"OMUX40@20,6->IMUX52@20,6","X20Y6","unproven_shape_20260929","shape OMUX40->IMUX52 d(0,0) is used by no board-PASS open image or qualified fixture","never-proven pip shape: refused by default; admit only after a design-level silicon PASS"
"OMUX43@20,6->IMUX56@20,6","X20Y6","unproven_shape_20260929","shape OMUX43->IMUX56 d(0,0) is used by no board-PASS open image or qualified fixture","never-proven pip shape: refused by default; admit only after a design-level silicon PASS"
"OMUX46@20,6->IMUX60@20,6","X20Y6","unproven_shape_20260929","shape OMUX46->IMUX60 d(0,0) is used by no board-PASS open image or qualified fixture","never-proven pip shape: refused by default; admit only after a design-level silicon PASS"
"OMUX07@20,7->IMUX08@20,7","X20Y7","unproven_shape_20260929","shape OMUX7->IMUX8 d(0,0) is used by no board-PASS open image or qualified fixture","never-proven pip shape: refused by default; admit only after a design-level silicon PASS"
"OMUX10@20,7->IMUX12@20,7","X20Y7","unproven_shape_20260929","shape OMUX10->IMUX12 d(0,0) is used by no board-PASS open image or qualified fixture","never-proven pip shape: refused by default; admit only after a design-level silicon PASS"
"OMUX13@20,7->IMUX16@20,7","X20Y7","unproven_shape_20260929","shape OMUX13->IMUX16 d(0,0) is used by no board-PASS open image or qualified fixture","never-proven pip shape: refused by default; admit only after a design-level silicon PASS"
"OMUX16@20,7->IMUX20@20,7","X20Y7","unproven_shape_20260929","shape OMUX16->IMUX20 d(0,0) is used by no board-PASS open image or qualified fixture","never-proven pip shape: refused by default; admit only after a design-level silicon PASS"
"OMUX19@20,7->IMUX24@20,7","X20Y7","unproven_shape_20260929","shape OMUX19->IMUX24 d(0,0) is used by no board-PASS open image or qualified fixture","never-proven pip shape: refused by default; admit only after a design-level silicon PASS"
"OMUX22@20,7->IMUX28@20,7","X20Y7","unproven_shape_20260929","shape OMUX22->IMUX28 d(0,0) is used by no board-PASS open image or qualified fixture","never-proven pip shape: refused by default; admit only after a design-level silicon PASS"
"OMUX25@20,7->IMUX32@20,7","X20Y7","unproven_shape_20260929","shape OMUX25->IMUX32 d(0,0) is used by no board-PASS open image or qualified fixture","never-proven pip shape: refused by default; admit only after a design-level silicon PASS"
"OMUX28@20,7->IMUX36@20,7","X20Y7","unproven_shape_20260929","shape OMUX28->IMUX36 d(0,0) is used by no board-PASS open image or qualified fixture","never-proven pip shape: refused by default; admit only after a design-level silicon PASS"
"OMUX31@20,7->IMUX40@20,7","X20Y7","unproven_shape_20260929","shape OMUX31->IMUX40 d(0,0) is used by no board-PASS open image or qualified fixture","never-proven pip shape: refused by default; admit only after a design-level silicon PASS"
"OMUX34@20,7->IMUX44@20,7","X20Y7","unproven_shape_20260929","shape OMUX34->IMUX44 d(0,0) is used by no board-PASS open image or qualified fixture","never-proven pip shape: refused by default; admit only after a design-level silicon PASS"
"OMUX37@20,7->IMUX48@20,7","X20Y7","unproven_shape_20260929","shape OMUX37->IMUX48 d(0,0) is used by no board-PASS open image or qualified fixture","never-proven pip shape: refused by default; admit only after a design-level silicon PASS"
"OMUX40@20,7->IMUX52@20,7","X20Y7","unproven_shape_20260929","shape OMUX40->IMUX52 d(0,0) is used by no board-PASS open image or qualified fixture","never-proven pip shape: refused by default; admit only after a design-level silicon PASS"
"OMUX43@20,7->IMUX56@20,7","X20Y7","unproven_shape_20260929","shape OMUX43->IMUX56 d(0,0) is used by no board-PASS open image or qualified fixture","never-proven pip shape: refused by default; admit only after a design-level silicon PASS"
"OMUX46@20,7->IMUX60@20,7","X20Y7","unproven_shape_20260929","shape OMUX46->IMUX60 d(0,0) is used by no board-PASS open image or qualified fixture","never-proven pip shape: refused by default; admit only after a design-level silicon PASS"
"OMUX01@20,8->IMUX00@20,8","X20Y8","unproven_shape_20260929","shape OMUX1->IMUX0 d(0,0) is used by no board-PASS open image or qualified fixture","never-proven pip shape: refused by default; admit only after a design-level silicon PASS"
"OMUX10@20,8->IMUX12@20,8","X20Y8","unproven_shape_20260929","shape OMUX10->IMUX12 d(0,0) is used by no board-PASS open image or qualified fixture","never-proven pip shape: refused by default; admit only after a design-level silicon PASS"
"OMUX25@20,8->IMUX32@20,8","X20Y8","unproven_shape_20260929","shape OMUX25->IMUX32 d(0,0) is used by no board-PASS open image or qualified fixture","never-proven pip shape: refused by default; admit only after a design-level silicon PASS"
"OMUX43@20,8->IMUX56@20,8","X20Y8","unproven_shape_20260929","shape OMUX43->IMUX56 d(0,0) is used by no board-PASS open image or qualified fixture","never-proven pip shape: refused by default; admit only after a design-level silicon PASS"
"OMUX46@20,8->IMUX60@20,8","X20Y8","unproven_shape_20260929","shape OMUX46->IMUX60 d(0,0) is used by no board-PASS open image or qualified fixture","never-proven pip shape: refused by default; admit only after a design-level silicon PASS"
"OMUX01@20,9->IMUX00@20,9","X20Y9","unproven_shape_20260929","shape OMUX1->IMUX0 d(0,0) is used by no board-PASS open image or qualified fixture","never-proven pip shape: refused by default; admit only after a design-level silicon PASS"
"OMUX04@20,9->IMUX04@20,9","X20Y9","unproven_shape_20260929","shape OMUX4->IMUX4 d(0,0) is used by no board-PASS open image or qualified fixture","never-proven pip shape: refused by default; admit only after a design-level silicon PASS"
"OMUX07@20,9->IMUX08@20,9","X20Y9","unproven_shape_20260929","shape OMUX7->IMUX8 d(0,0) is used by no board-PASS open image or qualified fixture","never-proven pip shape: refused by default; admit only after a design-level silicon PASS"
"OMUX10@20,9->IMUX12@20,9","X20Y9","unproven_shape_20260929","shape OMUX10->IMUX12 d(0,0) is used by no board-PASS open image or qualified fixture","never-proven pip shape: refused by default; admit only after a design-level silicon PASS"
"OMUX13@20,9->IMUX16@20,9","X20Y9","unproven_shape_20260929","shape OMUX13->IMUX16 d(0,0) is used by no board-PASS open image or qualified fixture","never-proven pip shape: refused by default; admit only after a design-level silicon PASS"
"OMUX16@20,9->IMUX20@20,9","X20Y9","unproven_shape_20260929","shape OMUX16->IMUX20 d(0,0) is used by no board-PASS open image or qualified fixture","never-proven pip shape: refused by default; admit only after a design-level silicon PASS"
"OMUX19@20,9->IMUX24@20,9","X20Y9","unproven_shape_20260929","shape OMUX19->IMUX24 d(0,0) is used by no board-PASS open image or qualified fixture","never-proven pip shape: refused by default; admit only after a design-level silicon PASS"
"OMUX22@20,9->IMUX28@20,9","X20Y9","unproven_shape_20260929","shape OMUX22->IMUX28 d(0,0) is used by no board-PASS open image or qualified fixture","never-proven pip shape: refused by default; admit only after a design-level silicon PASS"
"OMUX25@20,9->IMUX32@20,9","X20Y9","unproven_shape_20260929","shape OMUX25->IMUX32 d(0,0) is used by no board-PASS open image or qualified fixture","never-proven pip shape: refused by default; admit only after a design-level silicon PASS"
"OMUX28@20,9->IMUX36@20,9","X20Y9","unproven_shape_20260929","shape OMUX28->IMUX36 d(0,0) is used by no board-PASS open image or qualified fixture","never-proven pip shape: refused by default; admit only after a design-level silicon PASS"
"OMUX31@20,9->IMUX40@20,9","X20Y9","unproven_shape_20260929","shape OMUX31->IMUX40 d(0,0) is used by no board-PASS open image or qualified fixture","never-proven pip shape: refused by default; admit only after a design-level silicon PASS"
"OMUX34@20,9->IMUX44@20,9","X20Y9","unproven_shape_20260929","shape OMUX34->IMUX44 d(0,0) is used by no board-PASS open image or qualified fixture","never-proven pip shape: refused by default; admit only after a design-level silicon PASS"
"OMUX37@20,9->IMUX48@20,9","X20Y9","unproven_shape_20260929","shape OMUX37->IMUX48 d(0,0) is used by no board-PASS open image or qualified fixture","never-proven pip shape: refused by default; admit only after a design-level silicon PASS"
"OMUX40@20,9->IMUX52@20,9","X20Y9","unproven_shape_20260929","shape OMUX40->IMUX52 d(0,0) is used by no board-PASS open image or qualified fixture","never-proven pip shape: refused by default; admit only after a design-level silicon PASS"
"OMUX43@20,9->IMUX56@20,9","X20Y9","unproven_shape_20260929","shape OMUX43->IMUX56 d(0,0) is used by no board-PASS open image or qualified fixture","never-proven pip shape: refused by default; admit only after a design-level silicon PASS"
"OMUX46@20,9->IMUX60@20,9","X20Y9","unproven_shape_20260929","shape OMUX46->IMUX60 d(0,0) is used by no board-PASS open image or qualified fixture","never-proven pip shape: refused by default; admit only after a design-level silicon PASS"
"OMUX04@20,10->IMUX04@20,10","X20Y10","unproven_shape_20260929","shape OMUX4->IMUX4 d(0,0) is used by no board-PASS open image or qualified fixture","never-proven pip shape: refused by default; admit only after a design-level silicon PASS"
"OMUX07@20,10->IMUX08@20,10","X20Y10","unproven_shape_20260929","shape OMUX7->IMUX8 d(0,0) is used by no board-PASS open image or qualified fixture","never-proven pip shape: refused by default; admit only after a design-level silicon PASS"
"OMUX10@20,10->IMUX12@20,10","X20Y10","unproven_shape_20260929","shape OMUX10->IMUX12 d(0,0) is used by no board-PASS open image or qualified fixture","never-proven pip shape: refused by default; admit only after a design-level silicon PASS"
"OMUX13@20,10->IMUX16@20,10","X20Y10","unproven_shape_20260929","shape OMUX13->IMUX16 d(0,0) is used by no board-PASS open image or qualified fixture","never-proven pip shape: refused by default; admit only after a design-level silicon PASS"
"OMUX16@20,10->IMUX20@20,10","X20Y10","unproven_shape_20260929","shape OMUX16->IMUX20 d(0,0) is used by no board-PASS open image or qualified fixture","never-proven pip shape: refused by default; admit only after a design-level silicon PASS"
"OMUX19@20,10->IMUX24@20,10","X20Y10","unproven_shape_20260929","shape OMUX19->IMUX24 d(0,0) is used by no board-PASS open image or qualified fixture","never-proven pip shape: refused by default; admit only after a design-level silicon PASS"
"OMUX22@20,10->IMUX28@20,10","X20Y10","unproven_shape_20260929","shape OMUX22->IMUX28 d(0,0) is used by no board-PASS open image or qualified fixture","never-proven pip shape: refused by default; admit only after a design-level silicon PASS"
"OMUX25@20,10->IMUX32@20,10","X20Y10","unproven_shape_20260929","shape OMUX25->IMUX32 d(0,0) is used by no board-PASS open image or qualified fixture","never-proven pip shape: refused by default; admit only after a design-level silicon PASS"
"OMUX28@20,10->IMUX36@20,10","X20Y10","unproven_shape_20260929","shape OMUX28->IMUX36 d(0,0) is used by no board-PASS open image or qualified fixture","never-proven pip shape: refused by default; admit only after a design-level silicon PASS"
"OMUX31@20,10->IMUX40@20,10","X20Y10","unproven_shape_20260929","shape OMUX31->IMUX40 d(0,0) is used by no board-PASS open image or qualified fixture","never-proven pip shape: refused by default; admit only after a design-level silicon PASS"
"OMUX34@20,10->IMUX44@20,10","X20Y10","unproven_shape_20260929","shape OMUX34->IMUX44 d(0,0) is used by no board-PASS open image or qualified fixture","never-proven pip shape: refused by default; admit only after a design-level silicon PASS"
"OMUX37@20,10->IMUX48@20,10","X20Y10","unproven_shape_20260929","shape OMUX37->IMUX48 d(0,0) is used by no board-PASS open image or qualified fixture","never-proven pip shape: refused by default; admit only after a design-level silicon PASS"
"OMUX40@20,10->IMUX52@20,10","X20Y10","unproven_shape_20260929","shape OMUX40->IMUX52 d(0,0) is used by no board-PASS open image or qualified fixture","never-proven pip shape: refused by default; admit only after a design-level silicon PASS"
"OMUX43@20,10->IMUX56@20,10","X20Y10","unproven_shape_20260929","shape OMUX43->IMUX56 d(0,0) is used by no board-PASS open image or qualified fixture","never-proven pip shape: refused by default; admit only after a design-level silicon PASS"
"OMUX46@20,10->IMUX60@20,10","X20Y10","unproven_shape_20260929","shape OMUX46->IMUX60 d(0,0) is used by no board-PASS open image or qualified fixture","never-proven pip shape: refused by default; admit only after a design-level silicon PASS"
"OMUX01@20,12->IMUX00@20,12","X20Y12","unproven_shape_20260929","shape OMUX1->IMUX0 d(0,0) is used by no board-PASS open image or qualified fixture","never-proven pip shape: refused by default; admit only after a design-level silicon PASS"
"OMUX36@2,2->RMUX90@3,2","X3Y2","unproven_shape_20260929","shape OMUX36->RMUX90 d(1,0) is used by no board-PASS open image or qualified fixture","never-proven pip shape: refused by default; admit only after a design-level silicon PASS"
"RMUX03@20,8->RMUX15@17,8","X17Y8","unproven_shape_20260929","shape RMUX3->RMUX15 d(-3,0) is used by no board-PASS open image or qualified fixture","never-proven pip shape: refused by default; admit only after a design-level silicon PASS"
"RMUX21@3,2->RMUX83@3,3","X3Y3","unproven_shape_20260929","shape RMUX21->RMUX83 d(0,1) is used by no board-PASS open image or qualified fixture","never-proven pip shape: refused by default; admit only after a design-level silicon PASS"
"RMUX26@2,2->RMUX02@3,2","X3Y2","unproven_shape_20260929","shape RMUX26->RMUX2 d(1,0) is used by no board-PASS open image or qualified fixture","never-proven pip shape: refused by default; admit only after a design-level silicon PASS"
"RMUX26@15,3->RMUX18@13,3","X13Y3","unproven_shape_20260929","shape RMUX26->RMUX18 d(-2,0) is used by no board-PASS open image or qualified fixture","never-proven pip shape: refused by default; admit only after a design-level silicon PASS"
"RMUX37@3,2->RMUX54@3,3","X3Y3","unproven_shape_20260929","shape RMUX37->RMUX54 d(0,1) is used by no board-PASS open image or qualified fixture","never-proven pip shape: refused by default; admit only after a design-level silicon PASS"
"RMUX43@16,6->RMUX78@14,6","X14Y6","unproven_shape_20260929","shape RMUX43->RMUX78 d(-2,0) is used by no board-PASS open image or qualified fixture","never-proven pip shape: refused by default; admit only after a design-level silicon PASS"
"RMUX43@18,12->RMUX78@16,12","X16Y12","unproven_shape_20260929","shape RMUX43->RMUX78 d(-2,0) is used by no board-PASS open image or qualified fixture","never-proven pip shape: refused by default; admit only after a design-level silicon PASS"
"RMUX43@19,7->RMUX78@17,7","X17Y7","unproven_shape_20260929","shape RMUX43->RMUX78 d(-2,0) is used by no board-PASS open image or qualified fixture","never-proven pip shape: refused by default; admit only after a design-level silicon PASS"
"RMUX63@2,4->RMUX62@3,4","X3Y4","unproven_shape_20260929","shape RMUX63->RMUX62 d(1,0) is used by no board-PASS open image or qualified fixture","never-proven pip shape: refused by default; admit only after a design-level silicon PASS"
"RMUX68@11,2->RMUX84@15,2","X15Y2","unproven_shape_20260929","shape RMUX68->RMUX84 d(4,0) is used by no board-PASS open image or qualified fixture","never-proven pip shape: refused by default; admit only after a design-level silicon PASS"
"RMUX79@16,9->RMUX30@14,9","X14Y9","unproven_shape_20260929","shape RMUX79->RMUX30 d(-2,0) is used by no board-PASS open image or qualified fixture","never-proven pip shape: refused by default; admit only after a design-level silicon PASS"
"RMUX79@16,10->RMUX30@14,10","X14Y10","unproven_shape_20260929","shape RMUX79->RMUX30 d(-2,0) is used by no board-PASS open image or qualified fixture","never-proven pip shape: refused by default; admit only after a design-level silicon PASS"
"RMUX21@14,1->RMUX23@14,1","X14Y1","unproven_shape_20260929","shape RMUX21->RMUX23 d(0,0) is used by no board-PASS open image or qualified fixture","never-proven pip shape: refused by default; admit only after a design-level silicon PASS"
"RMUX21@15,1->RMUX23@15,1","X15Y1","unproven_shape_20260929","shape RMUX21->RMUX23 d(0,0) is used by no board-PASS open image or qualified fixture","never-proven pip shape: refused by default; admit only after a design-level silicon PASS"
"RMUX21@16,1->RMUX23@16,1","X16Y1","unproven_shape_20260929","shape RMUX21->RMUX23 d(0,0) is used by no board-PASS open image or qualified fixture","never-proven pip shape: refused by default; admit only after a design-level silicon PASS"
"RMUX85@17,12->RMUX84@17,12","X17Y12","unproven_shape_20260929","shape RMUX85->RMUX84 d(0,0) is used by no board-PASS open image or qualified fixture","never-proven pip shape: refused by default; admit only after a design-level silicon PASS"
"RMUX21@17,1->RMUX23@17,1","X17Y1","unproven_shape_20260929","shape RMUX21->RMUX23 d(0,0) is used by no board-PASS open image or qualified fixture","never-proven pip shape: refused by default; admit only after a design-level silicon PASS"
"RMUX21@18,1->RMUX23@18,1","X18Y1","unproven_shape_20260929","shape RMUX21->RMUX23 d(0,0) is used by no board-PASS open image or qualified fixture","never-proven pip shape: refused by default; admit only after a design-level silicon PASS"
"RMUX85@19,12->RMUX84@19,12","X19Y12","unproven_shape_20260929","shape RMUX85->RMUX84 d(0,0) is used by no board-PASS open image or qualified fixture","never-proven pip shape: refused by default; admit only after a design-level silicon PASS"
"RMUX21@19,1->RMUX23@19,1","X19Y1","unproven_shape_20260929","shape RMUX21->RMUX23 d(0,0) is used by no board-PASS open image or qualified fixture","never-proven pip shape: refused by default; admit only after a design-level silicon PASS"
"RMUX01@20,1->RMUX17@19,1","X19Y1","unproven_shape_20260929","shape RMUX1->RMUX17 d(-1,0) is used by no board-PASS open image or qualified fixture","never-proven pip shape: refused by default; admit only after a design-level silicon PASS"
"RMUX01@20,1->RMUX00@21,1","X21Y1","unproven_shape_20260929","shape RMUX1->RMUX0 d(1,0) is used by no board-PASS open image or qualified fixture","never-proven pip shape: refused by default; admit only after a design-level silicon PASS"
"RMUX63@4,4->RMUX24@0,4","X0Y4","unproven_shape_20260929","shape RMUX63->RMUX24 d(-4,0) is used by no board-PASS open image or qualified fixture","never-proven pip shape: refused by default; admit only after a design-level silicon PASS"
"RMUX63@4,4->RMUX25@0,4","X0Y4","unproven_shape_20260929","shape RMUX63->RMUX25 d(-4,0) is used by no board-PASS open image or qualified fixture","never-proven pip shape: refused by default; admit only after a design-level silicon PASS"
"RMUX49@16,1->RMUX00@13,1","X13Y1","unproven_shape_20260929","shape RMUX49->RMUX0 d(-3,0) is used by no board-PASS open image or qualified fixture","never-proven pip shape: refused by default; admit only after a design-level silicon PASS"
"RMUX75@13,4->RMUX04@13,1","X13Y1","unproven_shape_20260929","shape RMUX75->RMUX4 d(0,-3) is used by no board-PASS open image or qualified fixture","never-proven pip shape: refused by default; admit only after a design-level silicon PASS"
"RMUX75@13,4->RMUX05@13,1","X13Y1","unproven_shape_20260929","shape RMUX75->RMUX5 d(0,-3) is used by no board-PASS open image or qualified fixture","never-proven pip shape: refused by default; admit only after a design-level silicon PASS"
"RMUX25@13,4->RMUX06@13,1","X13Y1","unproven_shape_20260929","shape RMUX25->RMUX6 d(0,-3) is used by no board-PASS open image or qualified fixture","never-proven pip shape: refused by default; admit only after a design-level silicon PASS"
"RMUX25@13,4->RMUX07@13,1","X13Y1","unproven_shape_20260929","shape RMUX25->RMUX7 d(0,-3) is used by no board-PASS open image or qualified fixture","never-proven pip shape: refused by default; admit only after a design-level silicon PASS"
"RMUX75@13,4->RMUX10@13,1","X13Y1","unproven_shape_20260929","shape RMUX75->RMUX10 d(0,-3) is used by no board-PASS open image or qualified fixture","never-proven pip shape: refused by default; admit only after a design-level silicon PASS"
"RMUX75@13,4->RMUX11@13,1","X13Y1","unproven_shape_20260929","shape RMUX75->RMUX11 d(0,-3) is used by no board-PASS open image or qualified fixture","never-proven pip shape: refused by default; admit only after a design-level silicon PASS"
"RMUX50@13,1->RMUX12@13,1","X13Y1","unproven_shape_20260929","shape RMUX50->RMUX12 d(0,0) is used by no board-PASS open image or qualified fixture","never-proven pip shape: refused by default; admit only after a design-level silicon PASS"
"RMUX02@13,4->RMUX12@13,1","X13Y1","unproven_shape_20260929","shape RMUX2->RMUX12 d(0,-3) is used by no board-PASS open image or qualified fixture","never-proven pip shape: refused by default; admit only after a design-level silicon PASS"
"RMUX25@13,4->RMUX16@13,1","X13Y1","unproven_shape_20260929","shape RMUX25->RMUX16 d(0,-3) is used by no board-PASS open image or qualified fixture","never-proven pip shape: refused by default; admit only after a design-level silicon PASS"
"RMUX73@13,1->RMUX17@13,1","X13Y1","unproven_shape_20260929","shape RMUX73->RMUX17 d(0,0) is used by no board-PASS open image or qualified fixture","never-proven pip shape: refused by default; admit only after a design-level silicon PASS"
"RMUX02@13,4->RMUX18@13,1","X13Y1","unproven_shape_20260929","shape RMUX2->RMUX18 d(0,-3) is used by no board-PASS open image or qualified fixture","never-proven pip shape: refused by default; admit only after a design-level silicon PASS"
"RMUX74@10,1->RMUX18@13,1","X13Y1","unproven_shape_20260929","shape RMUX74->RMUX18 d(3,0) is used by no board-PASS open image or qualified fixture","never-proven pip shape: refused by default; admit only after a design-level silicon PASS"
"RMUX26@15,1->RMUX18@13,1","X13Y1","unproven_shape_20260929","shape RMUX26->RMUX18 d(-2,0) is used by no board-PASS open image or qualified fixture","never-proven pip shape: refused by default; admit only after a design-level silicon PASS"
"RMUX25@13,4->RMUX22@13,1","X13Y1","unproven_shape_20260929","shape RMUX25->RMUX22 d(0,-3) is used by no board-PASS open image or qualified fixture","never-proven pip shape: refused by default; admit only after a design-level silicon PASS"
"RMUX25@13,4->RMUX23@13,1","X13Y1","unproven_shape_20260929","shape RMUX25->RMUX23 d(0,-3) is used by no board-PASS open image or qualified fixture","never-proven pip shape: refused by default; admit only after a design-level silicon PASS"
"RMUX55@13,4->RMUX24@13,1","X13Y1","unproven_shape_20260929","shape RMUX55->RMUX24 d(0,-3) is used by no board-PASS open image or qualified fixture","never-proven pip shape: refused by default; admit only after a design-level silicon PASS"
"RMUX09@13,4->RMUX28@13,1","X13Y1","unproven_shape_20260929","shape RMUX9->RMUX28 d(0,-3) is used by no board-PASS open image or qualified fixture","never-proven pip shape: refused by default; admit only after a design-level silicon PASS"
"RMUX09@13,4->RMUX29@13,1","X13Y1","unproven_shape_20260929","shape RMUX9->RMUX29 d(0,-3) is used by no board-PASS open image or qualified fixture","never-proven pip shape: refused by default; admit only after a design-level silicon PASS"
"RMUX55@13,4->RMUX30@13,1","X13Y1","unproven_shape_20260929","shape RMUX55->RMUX30 d(0,-3) is used by no board-PASS open image or qualified fixture","never-proven pip shape: refused by default; admit only after a design-level silicon PASS"
"RMUX79@15,1->RMUX30@13,1","X13Y1","unproven_shape_20260929","shape RMUX79->RMUX30 d(-2,0) is used by no board-PASS open image or qualified fixture","never-proven pip shape: refused by default; admit only after a design-level silicon PASS"
"RMUX09@13,4->RMUX34@13,1","X13Y1","unproven_shape_20260929","shape RMUX9->RMUX34 d(0,-3) is used by no board-PASS open image or qualified fixture","never-proven pip shape: refused by default; admit only after a design-level silicon PASS"
"RMUX57@13,1->RMUX35@13,1","X13Y1","unproven_shape_20260929","shape RMUX57->RMUX35 d(0,0) is used by no board-PASS open image or qualified fixture","never-proven pip shape: refused by default; admit only after a design-level silicon PASS"
"RMUX09@13,4->RMUX35@13,1","X13Y1","unproven_shape_20260929","shape RMUX9->RMUX35 d(0,-3) is used by no board-PASS open image or qualified fixture","never-proven pip shape: refused by default; admit only after a design-level silicon PASS"
"RMUX32@13,4->RMUX36@13,1","X13Y1","unproven_shape_20260929","shape RMUX32->RMUX36 d(0,-3) is used by no board-PASS open image or qualified fixture","never-proven pip shape: refused by default; admit only after a design-level silicon PASS"
"RMUX55@13,4->RMUX40@13,1","X13Y1","unproven_shape_20260929","shape RMUX55->RMUX40 d(0,-3) is used by no board-PASS open image or qualified fixture","never-proven pip shape: refused by default; admit only after a design-level silicon PASS"
"RMUX32@13,4->RMUX42@13,1","X13Y1","unproven_shape_20260929","shape RMUX32->RMUX42 d(0,-3) is used by no board-PASS open image or qualified fixture","never-proven pip shape: refused by default; admit only after a design-level silicon PASS"
"RMUX55@13,4->RMUX46@13,1","X13Y1","unproven_shape_20260929","shape RMUX55->RMUX46 d(0,-3) is used by no board-PASS open image or qualified fixture","never-proven pip shape: refused by default; admit only after a design-level silicon PASS"
"RMUX55@13,4->RMUX47@13,1","X13Y1","unproven_shape_20260929","shape RMUX55->RMUX47 d(0,-3) is used by no board-PASS open image or qualified fixture","never-proven pip shape: refused by default; admit only after a design-level silicon PASS"
"RMUX85@13,4->RMUX48@13,1","X13Y1","unproven_shape_20260929","shape RMUX85->RMUX48 d(0,-3) is used by no board-PASS open image or qualified fixture","never-proven pip shape: refused by default; admit only after a design-level silicon PASS"
"RMUX61@11,1->RMUX48@13,1","X13Y1","unproven_shape_20260929","shape RMUX61->RMUX48 d(2,0) is used by no board-PASS open image or qualified fixture","never-proven pip shape: refused by default; admit only after a design-level silicon PASS"
"RMUX39@13,4->RMUX52@13,1","X13Y1","unproven_shape_20260929","shape RMUX39->RMUX52 d(0,-3) is used by no board-PASS open image or qualified fixture","never-proven pip shape: refused by default; admit only after a design-level silicon PASS"
"RMUX87@13,1->RMUX53@13,1","X13Y1","unproven_shape_20260929","shape RMUX87->RMUX53 d(0,0) is used by no board-PASS open image or qualified fixture","never-proven pip shape: refused by default; admit only after a design-level silicon PASS"
"RMUX39@13,4->RMUX53@13,1","X13Y1","unproven_shape_20260929","shape RMUX39->RMUX53 d(0,-3) is used by no board-PASS open image or qualified fixture","never-proven pip shape: refused by default; admit only after a design-level silicon PASS"
"RMUX37@13,1->RMUX54@13,1","X13Y1","unproven_shape_20260929","shape RMUX37->RMUX54 d(0,0) is used by no board-PASS open image or qualified fixture","never-proven pip shape: refused by default; admit only after a design-level silicon PASS"
"RMUX85@13,4->RMUX54@13,1","X13Y1","unproven_shape_20260929","shape RMUX85->RMUX54 d(0,-3) is used by no board-PASS open image or qualified fixture","never-proven pip shape: refused by default; admit only after a design-level silicon PASS"
"RMUX39@13,4->RMUX58@13,1","X13Y1","unproven_shape_20260929","shape RMUX39->RMUX58 d(0,-3) is used by no board-PASS open image or qualified fixture","never-proven pip shape: refused by default; admit only after a design-level silicon PASS"
"RMUX87@13,1->RMUX59@13,1","X13Y1","unproven_shape_20260929","shape RMUX87->RMUX59 d(0,0) is used by no board-PASS open image or qualified fixture","never-proven pip shape: refused by default; admit only after a design-level silicon PASS"
"RMUX39@13,4->RMUX59@13,1","X13Y1","unproven_shape_20260929","shape RMUX39->RMUX59 d(0,-3) is used by no board-PASS open image or qualified fixture","never-proven pip shape: refused by default; admit only after a design-level silicon PASS"
"RMUX62@13,4->RMUX61@13,1","X13Y1","unproven_shape_20260929","shape RMUX62->RMUX61 d(0,-3) is used by no board-PASS open image or qualified fixture","never-proven pip shape: refused by default; admit only after a design-level silicon PASS"
"RMUX85@13,4->RMUX64@13,1","X13Y1","unproven_shape_20260929","shape RMUX85->RMUX64 d(0,-3) is used by no board-PASS open image or qualified fixture","never-proven pip shape: refused by default; admit only after a design-level silicon PASS"
"RMUX85@13,4->RMUX65@13,1","X13Y1","unproven_shape_20260929","shape RMUX85->RMUX65 d(0,-3) is used by no board-PASS open image or qualified fixture","never-proven pip shape: refused by default; admit only after a design-level silicon PASS"
"RMUX37@13,1->RMUX70@13,1","X13Y1","unproven_shape_20260929","shape RMUX37->RMUX70 d(0,0) is used by no board-PASS open image or qualified fixture","never-proven pip shape: refused by default; admit only after a design-level silicon PASS"
"RMUX85@13,4->RMUX70@13,1","X13Y1","unproven_shape_20260929","shape RMUX85->RMUX70 d(0,-3) is used by no board-PASS open image or qualified fixture","never-proven pip shape: refused by default; admit only after a design-level silicon PASS"
"RMUX85@13,4->RMUX71@13,1","X13Y1","unproven_shape_20260929","shape RMUX85->RMUX71 d(0,-3) is used by no board-PASS open image or qualified fixture","never-proven pip shape: refused by default; admit only after a design-level silicon PASS"
"RMUX19@13,4->RMUX72@13,1","X13Y1","unproven_shape_20260929","shape RMUX19->RMUX72 d(0,-3) is used by no board-PASS open image or qualified fixture","never-proven pip shape: refused by default; admit only after a design-level silicon PASS"
"RMUX69@13,4->RMUX77@13,1","X13Y1","unproven_shape_20260929","shape RMUX69->RMUX77 d(0,-3) is used by no board-PASS open image or qualified fixture","never-proven pip shape: refused by default; admit only after a design-level silicon PASS"
"RMUX43@15,1->RMUX78@13,1","X13Y1","unproven_shape_20260929","shape RMUX43->RMUX78 d(-2,0) is used by no board-PASS open image or qualified fixture","never-proven pip shape: refused by default; admit only after a design-level silicon PASS"
"RMUX69@13,4->RMUX82@13,1","X13Y1","unproven_shape_20260929","shape RMUX69->RMUX82 d(0,-3) is used by no board-PASS open image or qualified fixture","never-proven pip shape: refused by default; admit only after a design-level silicon PASS"
"RMUX69@13,4->RMUX83@13,1","X13Y1","unproven_shape_20260929","shape RMUX69->RMUX83 d(0,-3) is used by no board-PASS open image or qualified fixture","never-proven pip shape: refused by default; admit only after a design-level silicon PASS"
"RMUX92@13,4->RMUX84@13,1","X13Y1","unproven_shape_20260929","shape RMUX92->RMUX84 d(0,-3) is used by no board-PASS open image or qualified fixture","never-proven pip shape: refused by default; admit only after a design-level silicon PASS"
"OMUX36@12,1->RMUX84@13,1","X13Y1","unproven_shape_20260929","shape OMUX36->RMUX84 d(1,0) is used by no board-PASS open image or qualified fixture","never-proven pip shape: refused by default; admit only after a design-level silicon PASS"
"OMUX39@12,1->RMUX84@13,1","X13Y1","unproven_shape_20260929","shape OMUX39->RMUX84 d(1,0) is used by no board-PASS open image or qualified fixture","never-proven pip shape: refused by default; admit only after a design-level silicon PASS"
"RMUX19@13,4->RMUX88@13,1","X13Y1","unproven_shape_20260929","shape RMUX19->RMUX88 d(0,-3) is used by no board-PASS open image or qualified fixture","never-proven pip shape: refused by default; admit only after a design-level silicon PASS"
"RMUX19@13,4->RMUX89@13,1","X13Y1","unproven_shape_20260929","shape RMUX19->RMUX89 d(0,-3) is used by no board-PASS open image or qualified fixture","never-proven pip shape: refused by default; admit only after a design-level silicon PASS"
"RMUX92@13,4->RMUX90@13,1","X13Y1","unproven_shape_20260929","shape RMUX92->RMUX90 d(0,-3) is used by no board-PASS open image or qualified fixture","never-proven pip shape: refused by default; admit only after a design-level silicon PASS"
"RMUX68@12,1->RMUX90@13,1","X13Y1","unproven_shape_20260929","shape RMUX68->RMUX90 d(1,0) is used by no board-PASS open image or qualified fixture","never-proven pip shape: refused by default; admit only after a design-level silicon PASS"
"RMUX19@13,4->RMUX94@13,1","X13Y1","unproven_shape_20260929","shape RMUX19->RMUX94 d(0,-3) is used by no board-PASS open image or qualified fixture","never-proven pip shape: refused by default; admit only after a design-level silicon PASS"
"RMUX19@13,4->RMUX95@13,1","X13Y1","unproven_shape_20260929","shape RMUX19->RMUX95 d(0,-3) is used by no board-PASS open image or qualified fixture","never-proven pip shape: refused by default; admit only after a design-level silicon PASS"
"RMUX49@16,2->RMUX00@13,2","X13Y2","unproven_shape_20260929","shape RMUX49->RMUX0 d(-3,0) is used by no board-PASS open image or qualified fixture","never-proven pip shape: refused by default; admit only after a design-level silicon PASS"
"RMUX75@13,4->RMUX04@13,2","X13Y2","unproven_shape_20260929","shape RMUX75->RMUX4 d(0,-2) is used by no board-PASS open image or qualified fixture","never-proven pip shape: refused by default; admit only after a design-level silicon PASS"
"RMUX75@13,4->RMUX05@13,2","X13Y2","unproven_shape_20260929","shape RMUX75->RMUX5 d(0,-2) is used by no board-PASS open image or qualified fixture","never-proven pip shape: refused by default; admit only after a design-level silicon PASS"
"RMUX25@13,4->RMUX06@13,2","X13Y2","unproven_shape_20260929","shape RMUX25->RMUX6 d(0,-2) is used by no board-PASS open image or qualified fixture","never-proven pip shape: refused by default; admit only after a design-level silicon PASS"
"RMUX75@13,4->RMUX11@13,2","X13Y2","unproven_shape_20260929","shape RMUX75->RMUX11 d(0,-2) is used by no board-PASS open image or qualified fixture","never-proven pip shape: refused by default; admit only after a design-level silicon PASS"
"RMUX02@13,4->RMUX12@13,2","X13Y2","unproven_shape_20260929","shape RMUX2->RMUX12 d(0,-2) is used by no board-PASS open image or qualified fixture","never-proven pip shape: refused by default; admit only after a design-level silicon PASS"
"RMUX02@13,4->RMUX18@13,2","X13Y2","unproven_shape_20260929","shape RMUX2->RMUX18 d(0,-2) is used by no board-PASS open image or qualified fixture","never-proven pip shape: refused by default; admit only after a design-level silicon PASS"
"RMUX26@15,2->RMUX18@13,2","X13Y2","unproven_shape_20260929","shape RMUX26->RMUX18 d(-2,0) is used by no board-PASS open image or qualified fixture","never-proven pip shape: refused by default; admit only after a design-level silicon PASS"
"RMUX25@13,3->RMUX23@13,2","X13Y2","unproven_shape_20260929","shape RMUX25->RMUX23 d(0,-1) is used by no board-PASS open image or qualified fixture","never-proven pip shape: refused by default; admit only after a design-level silicon PASS"
"RMUX09@13,4->RMUX28@13,2","X13Y2","unproven_shape_20260929","shape RMUX9->RMUX28 d(0,-2) is used by no board-PASS open image or qualified fixture","never-proven pip shape: refused by default; admit only after a design-level silicon PASS"
"RMUX09@13,4->RMUX29@13,2","X13Y2","unproven_shape_20260929","shape RMUX9->RMUX29 d(0,-2) is used by no board-PASS open image or qualified fixture","never-proven pip shape: refused by default; admit only after a design-level silicon PASS"
"RMUX55@13,4->RMUX30@13,2","X13Y2","unproven_shape_20260929","shape RMUX55->RMUX30 d(0,-2) is used by no board-PASS open image or qualified fixture","never-proven pip shape: refused by default; admit only after a design-level silicon PASS"
"RMUX79@15,2->RMUX30@13,2","X13Y2","unproven_shape_20260929","shape RMUX79->RMUX30 d(-2,0) is used by no board-PASS open image or qualified fixture","never-proven pip shape: refused by default; admit only after a design-level silicon PASS"
"RMUX09@13,4->RMUX34@13,2","X13Y2","unproven_shape_20260929","shape RMUX9->RMUX34 d(0,-2) is used by no board-PASS open image or qualified fixture","never-proven pip shape: refused by default; admit only after a design-level silicon PASS"
"RMUX09@13,4->RMUX35@13,2","X13Y2","unproven_shape_20260929","shape RMUX9->RMUX35 d(0,-2) is used by no board-PASS open image or qualified fixture","never-proven pip shape: refused by default; admit only after a design-level silicon PASS"
"RMUX55@13,4->RMUX40@13,2","X13Y2","unproven_shape_20260929","shape RMUX55->RMUX40 d(0,-2) is used by no board-PASS open image or qualified fixture","never-proven pip shape: refused by default; admit only after a design-level silicon PASS"
"RMUX55@13,4->RMUX41@13,2","X13Y2","unproven_shape_20260929","shape RMUX55->RMUX41 d(0,-2) is used by no board-PASS open image or qualified fixture","never-proven pip shape: refused by default; admit only after a design-level silicon PASS"
"RMUX55@13,4->RMUX46@13,2","X13Y2","unproven_shape_20260929","shape RMUX55->RMUX46 d(0,-2) is used by no board-PASS open image or qualified fixture","never-proven pip shape: refused by default; admit only after a design-level silicon PASS"
"RMUX87@13,2->RMUX52@13,2","X13Y2","unproven_shape_20260929","shape RMUX87->RMUX52 d(0,0) is used by no board-PASS open image or qualified fixture","never-proven pip shape: refused by default; admit only after a design-level silicon PASS"
"RMUX39@13,4->RMUX52@13,2","X13Y2","unproven_shape_20260929","shape RMUX39->RMUX52 d(0,-2) is used by no board-PASS open image or qualified fixture","never-proven pip shape: refused by default; admit only after a design-level silicon PASS"
"RMUX39@13,4->RMUX53@13,2","X13Y2","unproven_shape_20260929","shape RMUX39->RMUX53 d(0,-2) is used by no board-PASS open image or qualified fixture","never-proven pip shape: refused by default; admit only after a design-level silicon PASS"
"RMUX85@13,4->RMUX54@13,2","X13Y2","unproven_shape_20260929","shape RMUX85->RMUX54 d(0,-2) is used by no board-PASS open image or qualified fixture","never-proven pip shape: refused by default; admit only after a design-level silicon PASS"
"RMUX87@13,2->RMUX58@13,2","X13Y2","unproven_shape_20260929","shape RMUX87->RMUX58 d(0,0) is used by no board-PASS open image or qualified fixture","never-proven pip shape: refused by default; admit only after a design-level silicon PASS"
"RMUX39@13,4->RMUX58@13,2","X13Y2","unproven_shape_20260929","shape RMUX39->RMUX58 d(0,-2) is used by no board-PASS open image or qualified fixture","never-proven pip shape: refused by default; admit only after a design-level silicon PASS"
"RMUX85@13,4->RMUX64@13,2","X13Y2","unproven_shape_20260929","shape RMUX85->RMUX64 d(0,-2) is used by no board-PASS open image or qualified fixture","never-proven pip shape: refused by default; admit only after a design-level silicon PASS"
"RMUX85@13,4->RMUX65@13,2","X13Y2","unproven_shape_20260929","shape RMUX85->RMUX65 d(0,-2) is used by no board-PASS open image or qualified fixture","never-proven pip shape: refused by default; admit only after a design-level silicon PASS"
"RMUX85@13,4->RMUX70@13,2","X13Y2","unproven_shape_20260929","shape RMUX85->RMUX70 d(0,-2) is used by no board-PASS open image or qualified fixture","never-proven pip shape: refused by default; admit only after a design-level silicon PASS"
"RMUX85@13,4->RMUX71@13,2","X13Y2","unproven_shape_20260929","shape RMUX85->RMUX71 d(0,-2) is used by no board-PASS open image or qualified fixture","never-proven pip shape: refused by default; admit only after a design-level silicon PASS"
"RMUX19@13,4->RMUX72@13,2","X13Y2","unproven_shape_20260929","shape RMUX19->RMUX72 d(0,-2) is used by no board-PASS open image or qualified fixture","never-proven pip shape: refused by default; admit only after a design-level silicon PASS"
"RMUX44@13,4->RMUX75@13,2","X13Y2","unproven_shape_20260929","shape RMUX44->RMUX75 d(0,-2) is used by no board-PASS open image or qualified fixture","never-proven pip shape: refused by default; admit only after a design-level silicon PASS"
"RMUX69@13,4->RMUX76@13,2","X13Y2","unproven_shape_20260929","shape RMUX69->RMUX76 d(0,-2) is used by no board-PASS open image or qualified fixture","never-proven pip shape: refused by default; admit only after a design-level silicon PASS"
"RMUX69@13,4->RMUX77@13,2","X13Y2","unproven_shape_20260929","shape RMUX69->RMUX77 d(0,-2) is used by no board-PASS open image or qualified fixture","never-proven pip shape: refused by default; admit only after a design-level silicon PASS"
"RMUX19@13,4->RMUX78@13,2","X13Y2","unproven_shape_20260929","shape RMUX19->RMUX78 d(0,-2) is used by no board-PASS open image or qualified fixture","never-proven pip shape: refused by default; admit only after a design-level silicon PASS"
"RMUX43@15,2->RMUX78@13,2","X13Y2","unproven_shape_20260929","shape RMUX43->RMUX78 d(-2,0) is used by no board-PASS open image or qualified fixture","never-proven pip shape: refused by default; admit only after a design-level silicon PASS"
"RMUX69@13,4->RMUX82@13,2","X13Y2","unproven_shape_20260929","shape RMUX69->RMUX82 d(0,-2) is used by no board-PASS open image or qualified fixture","never-proven pip shape: refused by default; admit only after a design-level silicon PASS"
"RMUX69@13,4->RMUX83@13,2","X13Y2","unproven_shape_20260929","shape RMUX69->RMUX83 d(0,-2) is used by no board-PASS open image or qualified fixture","never-proven pip shape: refused by default; admit only after a design-level silicon PASS"
"RMUX92@13,4->RMUX84@13,2","X13Y2","unproven_shape_20260929","shape RMUX92->RMUX84 d(0,-2) is used by no board-PASS open image or qualified fixture","never-proven pip shape: refused by default; admit only after a design-level silicon PASS"
"RMUX19@13,4->RMUX88@13,2","X13Y2","unproven_shape_20260929","shape RMUX19->RMUX88 d(0,-2) is used by no board-PASS open image or qualified fixture","never-proven pip shape: refused by default; admit only after a design-level silicon PASS"
"RMUX19@13,4->RMUX89@13,2","X13Y2","unproven_shape_20260929","shape RMUX19->RMUX89 d(0,-2) is used by no board-PASS open image or qualified fixture","never-proven pip shape: refused by default; admit only after a design-level silicon PASS"
"RMUX19@13,4->RMUX94@13,2","X13Y2","unproven_shape_20260929","shape RMUX19->RMUX94 d(0,-2) is used by no board-PASS open image or qualified fixture","never-proven pip shape: refused by default; admit only after a design-level silicon PASS"
"RMUX19@13,4->RMUX95@13,2","X13Y2","unproven_shape_20260929","shape RMUX19->RMUX95 d(0,-2) is used by no board-PASS open image or qualified fixture","never-proven pip shape: refused by default; admit only after a design-level silicon PASS"
"RMUX49@16,3->RMUX00@13,3","X13Y3","unproven_shape_20260929","shape RMUX49->RMUX0 d(-3,0) is used by no board-PASS open image or qualified fixture","never-proven pip shape: refused by default; admit only after a design-level silicon PASS"
"RMUX73@13,1->RMUX06@13,3","X13Y3","unproven_shape_20260929","shape RMUX73->RMUX6 d(0,2) is used by no board-PASS open image or qualified fixture","never-proven pip shape: refused by default; admit only after a design-level silicon PASS"
"RMUX25@13,1->RMUX07@13,3","X13Y3","unproven_shape_20260929","shape RMUX25->RMUX7 d(0,2) is used by no board-PASS open image or qualified fixture","never-proven pip shape: refused by default; admit only after a design-level silicon PASS"
"RMUX50@13,1->RMUX08@13,3","X13Y3","unproven_shape_20260929","shape RMUX50->RMUX8 d(0,2) is used by no board-PASS open image or qualified fixture","never-proven pip shape: refused by default; admit only after a design-level silicon PASS"
"RMUX73@13,1->RMUX16@13,3","X13Y3","unproven_shape_20260929","shape RMUX73->RMUX16 d(0,2) is used by no board-PASS open image or qualified fixture","never-proven pip shape: refused by default; admit only after a design-level silicon PASS"
"RMUX02@13,3->RMUX19@13,3","X13Y3","unproven_shape_20260929","shape RMUX2->RMUX19 d(0,0) is used by no board-PASS open image or qualified fixture","never-proven pip shape: refused by default; admit only after a design-level silicon PASS"
"RMUX25@13,3->RMUX22@13,3","X13Y3","unproven_shape_20260929","shape RMUX25->RMUX22 d(0,0) is used by no board-PASS open image or qualified fixture","never-proven pip shape: refused by default; admit only after a design-level silicon PASS"
"RMUX25@13,3->RMUX23@13,3","X13Y3","unproven_shape_20260929","shape RMUX25->RMUX23 d(0,0) is used by no board-PASS open image or qualified fixture","never-proven pip shape: refused by default; admit only after a design-level silicon PASS"
"RMUX79@15,3->RMUX30@13,3","X13Y3","unproven_shape_20260929","shape RMUX79->RMUX30 d(-2,0) is used by no board-PASS open image or qualified fixture","never-proven pip shape: refused by default; admit only after a design-level silicon PASS"
"RMUX07@13,1->RMUX40@13,3","X13Y3","unproven_shape_20260929","shape RMUX7->RMUX40 d(0,2) is used by no board-PASS open image or qualified fixture","never-proven pip shape: refused by default; admit only after a design-level silicon PASS"
"RMUX07@13,1->RMUX41@13,3","X13Y3","unproven_shape_20260929","shape RMUX7->RMUX41 d(0,2) is used by no board-PASS open image or qualified fixture","never-proven pip shape: refused by default; admit only after a design-level silicon PASS"
"RMUX07@13,1->RMUX47@13,3","X13Y3","unproven_shape_20260929","shape RMUX7->RMUX47 d(0,2) is used by no board-PASS open image or qualified fixture","never-proven pip shape: refused by default; admit only after a design-level silicon PASS"
"RMUX37@13,1->RMUX54@13,3","X13Y3","unproven_shape_20260929","shape RMUX37->RMUX54 d(0,2) is used by no board-PASS open image or qualified fixture","never-proven pip shape: refused by default; admit only after a design-level silicon PASS"
"RMUX37@13,1->RMUX64@13,3","X13Y3","unproven_shape_20260929","shape RMUX37->RMUX64 d(0,2) is used by no board-PASS open image or qualified fixture","never-proven pip shape: refused by default; admit only after a design-level silicon PASS"
"RMUX37@13,1->RMUX70@13,3","X13Y3","unproven_shape_20260929","shape RMUX37->RMUX70 d(0,2) is used by no board-PASS open image or qualified fixture","never-proven pip shape: refused by default; admit only after a design-level silicon PASS"
"RMUX37@13,1->RMUX71@13,3","X13Y3","unproven_shape_20260929","shape RMUX37->RMUX71 d(0,2) is used by no board-PASS open image or qualified fixture","never-proven pip shape: refused by default; admit only after a design-level silicon PASS"
"RMUX91@11,3->RMUX72@13,3","X13Y3","unproven_shape_20260929","shape RMUX91->RMUX72 d(2,0) is used by no board-PASS open image or qualified fixture","never-proven pip shape: refused by default; admit only after a design-level silicon PASS"
"RMUX69@13,4->RMUX76@13,3","X13Y3","unproven_shape_20260929","shape RMUX69->RMUX76 d(0,-1) is used by no board-PASS open image or qualified fixture","never-proven pip shape: refused by default; admit only after a design-level silicon PASS"
"RMUX43@15,3->RMUX78@13,3","X13Y3","unproven_shape_20260929","shape RMUX43->RMUX78 d(-2,0) is used by no board-PASS open image or qualified fixture","never-proven pip shape: refused by default; admit only after a design-level silicon PASS"
"RMUX67@13,1->RMUX94@13,3","X13Y3","unproven_shape_20260929","shape RMUX67->RMUX94 d(0,2) is used by no board-PASS open image or qualified fixture","never-proven pip shape: refused by default; admit only after a design-level silicon PASS"
"RMUX67@13,1->RMUX95@13,3","X13Y3","unproven_shape_20260929","shape RMUX67->RMUX95 d(0,2) is used by no board-PASS open image or qualified fixture","never-proven pip shape: refused by default; admit only after a design-level silicon PASS"
"OMUX00@12,4->RMUX12@13,4","X13Y4","unproven_shape_20260929","shape OMUX0->RMUX12 d(1,0) is used by no board-PASS open image or qualified fixture","never-proven pip shape: refused by default; admit only after a design-level silicon PASS"
"OMUX00@12,4->RMUX18@13,4","X13Y4","unproven_shape_20260929","shape OMUX0->RMUX18 d(1,0) is used by no board-PASS open image or qualified fixture","never-proven pip shape: refused by default; admit only after a design-level silicon PASS"
"RMUX26@15,4->RMUX18@13,4","X13Y4","unproven_shape_20260929","shape RMUX26->RMUX18 d(-2,0) is used by no board-PASS open image or qualified fixture","never-proven pip shape: refused by default; admit only after a design-level silicon PASS"
"RMUX57@13,1->RMUX29@13,4","X13Y4","unproven_shape_20260929","shape RMUX57->RMUX29 d(0,3) is used by no board-PASS open image or qualified fixture","never-proven pip shape: refused by default; admit only after a design-level silicon PASS"
"RMUX57@13,1->RMUX35@13,4","X13Y4","unproven_shape_20260929","shape RMUX57->RMUX35 d(0,3) is used by no board-PASS open image or qualified fixture","never-proven pip shape: refused by default; admit only after a design-level silicon PASS"
"RMUX07@13,1->RMUX46@13,4","X13Y4","unproven_shape_20260929","shape RMUX7->RMUX46 d(0,3) is used by no board-PASS open image or qualified fixture","never-proven pip shape: refused by default; admit only after a design-level silicon PASS"
"RMUX07@13,1->RMUX47@13,4","X13Y4","unproven_shape_20260929","shape RMUX7->RMUX47 d(0,3) is used by no board-PASS open image or qualified fixture","never-proven pip shape: refused by default; admit only after a design-level silicon PASS"
"RMUX55@13,4->RMUX47@13,4","X13Y4","unproven_shape_20260929","shape RMUX55->RMUX47 d(0,0) is used by no board-PASS open image or qualified fixture","never-proven pip shape: refused by default; admit only after a design-level silicon PASS"
"RMUX37@13,1->RMUX54@13,4","X13Y4","unproven_shape_20260929","shape RMUX37->RMUX54 d(0,3) is used by no board-PASS open image or qualified fixture","never-proven pip shape: refused by default; admit only after a design-level silicon PASS"
"RMUX91@11,4->RMUX72@13,4","X13Y4","unproven_shape_20260929","shape RMUX91->RMUX72 d(2,0) is used by no board-PASS open image or qualified fixture","never-proven pip shape: refused by default; admit only after a design-level silicon PASS"
"RMUX19@13,1->RMUX73@13,4","X13Y4","unproven_shape_20260929","shape RMUX19->RMUX73 d(0,3) is used by no board-PASS open image or qualified fixture","never-proven pip shape: refused by default; admit only after a design-level silicon PASS"
"RMUX92@13,4->RMUX84@13,4","X13Y4","unproven_shape_20260929","shape RMUX92->RMUX84 d(0,0) is used by no board-PASS open image or qualified fixture","never-proven pip shape: refused by default; admit only after a design-level silicon PASS"
"OMUX36@12,4->RMUX84@13,4","X13Y4","unproven_shape_20260929","shape OMUX36->RMUX84 d(1,0) is used by no board-PASS open image or qualified fixture","never-proven pip shape: refused by default; admit only after a design-level silicon PASS"
"RMUX51@11,2->RMUX21@12,2","X12Y2","board_pair_20260929","used by a silicon-failing default image and absent from its passing same-source twin (inferred_ram, add2x16_kat, minmax32_kat)","board pair differential: refusing these made the failing default builds pass"
"RMUX41@11,3->IMUX09@11,3","X11Y3","board_pair_20260929","used by a silicon-failing default image and absent from its passing same-source twin (inferred_ram, add2x16_kat, minmax32_kat)","board pair differential: refusing these made the failing default builds pass"
"RMUX68@11,3->RMUX85@14,3","X14Y3","board_pair_20260929","used by a silicon-failing default image and absent from its passing same-source twin (inferred_ram, add2x16_kat, minmax32_kat)","board pair differential: refusing these made the failing default builds pass"
"RMUX79@13,3->RMUX46@10,3","X10Y3","board_pair_20260929","used by a silicon-failing default image and absent from its passing same-source twin (inferred_ram, add2x16_kat, minmax32_kat)","board pair differential: refusing these made the failing default builds pass"
"RMUX31@16,5->RMUX40@19,5","X19Y5","board_pair_20260929","used by a silicon-failing default image and absent from its passing same-source twin (inferred_ram, add2x16_kat, minmax32_kat)","board pair differential: refusing these made the failing default builds pass"
"OMUX30@17,7->RMUX50@18,7","X18Y7","board_pair_20260929","used by a silicon-failing default image and absent from its passing same-source twin (inferred_ram, add2x16_kat, minmax32_kat)","board pair differential: refusing these made the failing default builds pass"
"OMUX32@17,7->OMUX30@17,7","X17Y7","board_pair_20260929","used by a silicon-failing default image and absent from its passing same-source twin (inferred_ram, add2x16_kat, minmax32_kat)","board pair differential: refusing these made the failing default builds pass"
"OMUX03@18,7->RMUX07@19,7","X19Y7","board_pair_20260929","used by a silicon-failing default image and absent from its passing same-source twin (inferred_ram, add2x16_kat, minmax32_kat)","board pair differential: refusing these made the failing default builds pass"
"RMUX63@19,2->RMUX63@18,2","X18Y2","board_pair_20260929","used by a silicon-failing default image and absent from its passing same-source twin (inferred_ram, add2x16_kat, minmax32_kat)","board pair differential: refusing these made the failing default builds pass"
"RMUX71@19,2->IMUX11@19,2","X19Y2","board_pair_20260929","used by a silicon-failing default image and absent from its passing same-source twin (inferred_ram, add2x16_kat, minmax32_kat)","board pair differential: refusing these made the failing default builds pass"
"RMUX02@19,3->RMUX13@19,5","X19Y5","board_pair_20260929","used by a silicon-failing default image and absent from its passing same-source twin (inferred_ram, add2x16_kat, minmax32_kat)","board pair differential: refusing these made the failing default builds pass"
"RMUX79@20,3->RMUX46@16,3","X16Y3","board_pair_20260929","used by a silicon-failing default image and absent from its passing same-source twin (inferred_ram, add2x16_kat, minmax32_kat)","board pair differential: refusing these made the failing default builds pass"
"OMUX05@20,6->RMUX02@20,6","X20Y6","board_pair_20260929","used by a silicon-failing default image and absent from its passing same-source twin (inferred_ram, add2x16_kat, minmax32_kat)","board pair differential: refusing these made the failing default builds pass"
"RMUX15@7,3->RMUX58@9,3","X9Y3","board_pair_20260929","used by a silicon-failing default image and absent from its passing same-source twin (inferred_ram, add2x16_kat, minmax32_kat)","board pair differential: refusing these made the failing default builds pass"
"RMUX31@7,4->RMUX40@8,4","X8Y4","board_pair_20260929","used by a silicon-failing default image and absent from its passing same-source twin (inferred_ram, add2x16_kat, minmax32_kat)","board pair differential: refusing these made the failing default builds pass"
"RMUX38@17,10->RMUX61@19,10","X19Y10","board_pair_20260929","used by a silicon-failing default image and absent from its passing same-source twin (inferred_ram, add2x16_kat, minmax32_kat)","board pair differential: refusing these made the failing default builds pass"
"OMUX21@17,9->RMUX41@18,9","X18Y9","board_pair_20260929","used by a silicon-failing default image and absent from its passing same-source twin (inferred_ram, add2x16_kat, minmax32_kat)","board pair differential: refusing these made the failing default builds pass"
"OMUX12@18,9->RMUX25@19,9","X19Y9","board_pair_20260929","used by a silicon-failing default image and absent from its passing same-source twin (inferred_ram, add2x16_kat, minmax32_kat)","board pair differential: refusing these made the failing default builds pass"
"OMUX22@18,9->IMUX53@18,9","X18Y9","board_pair_20260929","used by a silicon-failing default image and absent from its passing same-source twin (inferred_ram, add2x16_kat, minmax32_kat)","board pair differential: refusing these made the failing default builds pass"
"OMUX23@18,9->RMUX42@18,9","X18Y9","board_pair_20260929","used by a silicon-failing default image and absent from its passing same-source twin (inferred_ram, add2x16_kat, minmax32_kat)","board pair differential: refusing these made the failing default builds pass"
"OMUX27@18,9->RMUX70@19,9","X19Y9","board_pair_20260929","used by a silicon-failing default image and absent from its passing same-source twin (inferred_ram, add2x16_kat, minmax32_kat)","board pair differential: refusing these made the failing default builds pass"
"OMUX36@18,9->RMUX77@19,9","X19Y9","board_pair_20260929","used by a silicon-failing default image and absent from its passing same-source twin (inferred_ram, add2x16_kat, minmax32_kat)","board pair differential: refusing these made the failing default builds pass"
"OMUX36@18,9->RMUX79@19,9","X19Y9","board_pair_20260929","used by a silicon-failing default image and absent from its passing same-source twin (inferred_ram, add2x16_kat, minmax32_kat)","board pair differential: refusing these made the failing default builds pass"
"OMUX03@19,10->RMUX03@20,10","X20Y10","board_pair_20260929","used by a silicon-failing default image and absent from its passing same-source twin (inferred_ram, add2x16_kat, minmax32_kat)","board pair differential: refusing these made the failing default builds pass"
"OMUX24@19,10->RMUX49@20,10","X20Y10","board_pair_20260929","used by a silicon-failing default image and absent from its passing same-source twin (inferred_ram, add2x16_kat, minmax32_kat)","board pair differential: refusing these made the failing default builds pass"
"OMUX36@19,10->RMUX86@20,10","X20Y10","board_pair_20260929","used by a silicon-failing default image and absent from its passing same-source twin (inferred_ram, add2x16_kat, minmax32_kat)","board pair differential: refusing these made the failing default builds pass"
"RMUX18@19,10->IMUX03@18,10","X18Y10","board_pair_20260929","used by a silicon-failing default image and absent from its passing same-source twin (inferred_ram, add2x16_kat, minmax32_kat)","board pair differential: refusing these made the failing default builds pass"
"OMUX03@19,11->RMUX14@20,11","X20Y11","board_pair_20260929","used by a silicon-failing default image and absent from its passing same-source twin (inferred_ram, add2x16_kat, minmax32_kat)","board pair differential: refusing these made the failing default builds pass"
"OMUX04@19,11->IMUX51@19,11","X19Y11","board_pair_20260929","used by a silicon-failing default image and absent from its passing same-source twin (inferred_ram, add2x16_kat, minmax32_kat)","board pair differential: refusing these made the failing default builds pass"
"RMUX73@19,11->RMUX22@19,9","X19Y9","board_pair_20260929","used by a silicon-failing default image and absent from its passing same-source twin (inferred_ram, add2x16_kat, minmax32_kat)","board pair differential: refusing these made the failing default builds pass"
"OMUX01@19,9->IMUX06@19,9","X19Y9","board_pair_20260929","used by a silicon-failing default image and absent from its passing same-source twin (inferred_ram, add2x16_kat, minmax32_kat)","board pair differential: refusing these made the failing default builds pass"
"OMUX07@19,9->IMUX46@19,9","X19Y9","board_pair_20260929","used by a silicon-failing default image and absent from its passing same-source twin (inferred_ram, add2x16_kat, minmax32_kat)","board pair differential: refusing these made the failing default builds pass"
"OMUX10@19,9->IMUX07@19,9","X19Y9","board_pair_20260929","used by a silicon-failing default image and absent from its passing same-source twin (inferred_ram, add2x16_kat, minmax32_kat)","board pair differential: refusing these made the failing default builds pass"
"OMUX12@19,9->RMUX44@20,9","X20Y9","board_pair_20260929","used by a silicon-failing default image and absent from its passing same-source twin (inferred_ram, add2x16_kat, minmax32_kat)","board pair differential: refusing these made the failing default builds pass"
"OMUX19@19,9->IMUX10@19,9","X19Y9","board_pair_20260929","used by a silicon-failing default image and absent from its passing same-source twin (inferred_ram, add2x16_kat, minmax32_kat)","board pair differential: refusing these made the failing default builds pass"
"OMUX31@19,9->IMUX08@19,9","X19Y9","board_pair_20260929","used by a silicon-failing default image and absent from its passing same-source twin (inferred_ram, add2x16_kat, minmax32_kat)","board pair differential: refusing these made the failing default builds pass"
"OMUX36@19,9->RMUX79@20,9","X20Y9","board_pair_20260929","used by a silicon-failing default image and absent from its passing same-source twin (inferred_ram, add2x16_kat, minmax32_kat)","board pair differential: refusing these made the failing default builds pass"
"OMUX43@19,9->IMUX44@19,9","X19Y9","board_pair_20260929","used by a silicon-failing default image and absent from its passing same-source twin (inferred_ram, add2x16_kat, minmax32_kat)","board pair differential: refusing these made the failing default builds pass"
"RMUX29@19,9->IMUX47@19,9","X19Y9","board_pair_20260929","used by a silicon-failing default image and absent from its passing same-source twin (inferred_ram, add2x16_kat, minmax32_kat)","board pair differential: refusing these made the failing default builds pass"
"RMUX37@20,10->RMUX54@20,9","X20Y9","board_pair_20260929","used by a silicon-failing default image and absent from its passing same-source twin (inferred_ram, add2x16_kat, minmax32_kat)","board pair differential: refusing these made the failing default builds pass"
"RMUX25@20,7->RMUX06@20,9","X20Y9","board_pair_20260929","used by a silicon-failing default image and absent from its passing same-source twin (inferred_ram, add2x16_kat, minmax32_kat)","board pair differential: refusing these made the failing default builds pass"
"RMUX69@20,8->RMUX87@20,11","X20Y11","board_pair_20260929","used by a silicon-failing default image and absent from its passing same-source twin (inferred_ram, add2x16_kat, minmax32_kat)","board pair differential: refusing these made the failing default builds pass"
"RMUX33@20,9->RMUX38@19,9","X19Y9","board_pair_20260929","used by a silicon-failing default image and absent from its passing same-source twin (inferred_ram, add2x16_kat, minmax32_kat)","board pair differential: refusing these made the failing default builds pass"
"RMUX54@20,9->IMUX17@19,9","X19Y9","board_pair_20260929","used by a silicon-failing default image and absent from its passing same-source twin (inferred_ram, add2x16_kat, minmax32_kat)","board pair differential: refusing these made the failing default builds pass"
"RMUX55@11,2->RMUX31@11,3","X11Y3","board_pair_20260929","used by a silicon-failing default image and absent from its passing same-source twin (inferred_ram, add2x16_kat, minmax32_kat)","board pair differential: refusing these made the failing default builds pass"
"RMUX62@11,2->RMUX61@11,4","X11Y4","board_pair_20260929","used by a silicon-failing default image and absent from its passing same-source twin (inferred_ram, add2x16_kat, minmax32_kat)","board pair differential: refusing these made the failing default builds pass"
"RMUX31@11,3->RMUX40@14,3","X14Y3","board_pair_20260929","used by a silicon-failing default image and absent from its passing same-source twin (inferred_ram, add2x16_kat, minmax32_kat)","board pair differential: refusing these made the failing default builds pass"
"RMUX81@11,3->RMUX34@15,3","X15Y3","board_pair_20260929","used by a silicon-failing default image and absent from its passing same-source twin (inferred_ram, add2x16_kat, minmax32_kat)","board pair differential: refusing these made the failing default builds pass"
"RMUX31@12,4->RMUX40@15,4","X15Y4","board_pair_20260929","used by a silicon-failing default image and absent from its passing same-source twin (inferred_ram, add2x16_kat, minmax32_kat)","board pair differential: refusing these made the failing default builds pass"
"RMUX81@12,4->RMUX34@15,4","X15Y4","board_pair_20260929","used by a silicon-failing default image and absent from its passing same-source twin (inferred_ram, add2x16_kat, minmax32_kat)","board pair differential: refusing these made the failing default builds pass"
"RMUX14@13,4->RMUX61@13,1","X13Y1","board_pair_20260929","used by a silicon-failing default image and absent from its passing same-source twin (inferred_ram, add2x16_kat, minmax32_kat)","board pair differential: refusing these made the failing default builds pass"
"RMUX02@14,1->RMUX02@14,5","X14Y5","board_pair_20260929","used by a silicon-failing default image and absent from its passing same-source twin (inferred_ram, add2x16_kat, minmax32_kat)","board pair differential: refusing these made the failing default builds pass"
"OMUX12@14,2->RMUX35@15,2","X15Y2","board_pair_20260929","used by a silicon-failing default image and absent from its passing same-source twin (inferred_ram, add2x16_kat, minmax32_kat)","board pair differential: refusing these made the failing default builds pass"
"OMUX15@14,2->RMUX29@15,2","X15Y2","board_pair_20260929","used by a silicon-failing default image and absent from its passing same-source twin (inferred_ram, add2x16_kat, minmax32_kat)","board pair differential: refusing these made the failing default builds pass"
"OMUX30@14,2->RMUX63@15,2","X15Y2","board_pair_20260929","used by a silicon-failing default image and absent from its passing same-source twin (inferred_ram, add2x16_kat, minmax32_kat)","board pair differential: refusing these made the failing default builds pass"
"OMUX38@14,2->RMUX87@14,2","X14Y2","board_pair_20260929","used by a silicon-failing default image and absent from its passing same-source twin (inferred_ram, add2x16_kat, minmax32_kat)","board pair differential: refusing these made the failing default builds pass"
"OMUX39@14,2->RMUX86@15,2","X15Y2","board_pair_20260929","used by a silicon-failing default image and absent from its passing same-source twin (inferred_ram, add2x16_kat, minmax32_kat)","board pair differential: refusing these made the failing default builds pass"
"OMUX45@14,2->RMUX80@15,2","X15Y2","board_pair_20260929","used by a silicon-failing default image and absent from its passing same-source twin (inferred_ram, add2x16_kat, minmax32_kat)","board pair differential: refusing these made the failing default builds pass"
"RMUX16@14,2->IMUX58@14,2","X14Y2","board_pair_20260929","used by a silicon-failing default image and absent from its passing same-source twin (inferred_ram, add2x16_kat, minmax32_kat)","board pair differential: refusing these made the failing default builds pass"
"RMUX40@14,2->IMUX20@14,2","X14Y2","board_pair_20260929","used by a silicon-failing default image and absent from its passing same-source twin (inferred_ram, add2x16_kat, minmax32_kat)","board pair differential: refusing these made the failing default builds pass"
"RMUX41@14,2->IMUX21@14,2","X14Y2","board_pair_20260929","used by a silicon-failing default image and absent from its passing same-source twin (inferred_ram, add2x16_kat, minmax32_kat)","board pair differential: refusing these made the failing default builds pass"
"RMUX46@14,2->IMUX42@14,2","X14Y2","board_pair_20260929","used by a silicon-failing default image and absent from its passing same-source twin (inferred_ram, add2x16_kat, minmax32_kat)","board pair differential: refusing these made the failing default builds pass"
"RMUX52@14,2->IMUX60@14,2","X14Y2","board_pair_20260929","used by a silicon-failing default image and absent from its passing same-source twin (inferred_ram, add2x16_kat, minmax32_kat)","board pair differential: refusing these made the failing default builds pass"
"RMUX57@14,2->RMUX45@14,1","X14Y1","board_pair_20260929","used by a silicon-failing default image and absent from its passing same-source twin (inferred_ram, add2x16_kat, minmax32_kat)","board pair differential: refusing these made the failing default builds pass"
"RMUX59@14,2->IMUX45@14,2","X14Y2","board_pair_20260929","used by a silicon-failing default image and absent from its passing same-source twin (inferred_ram, add2x16_kat, minmax32_kat)","board pair differential: refusing these made the failing default builds pass"
"RMUX67@14,2->RMUX94@14,3","X14Y3","board_pair_20260929","used by a silicon-failing default image and absent from its passing same-source twin (inferred_ram, add2x16_kat, minmax32_kat)","board pair differential: refusing these made the failing default builds pass"
"RMUX71@14,2->IMUX37@14,2","X14Y2","board_pair_20260929","used by a silicon-failing default image and absent from its passing same-source twin (inferred_ram, add2x16_kat, minmax32_kat)","board pair differential: refusing these made the failing default builds pass"
"RMUX76@14,2->IMUX22@14,2","X14Y2","board_pair_20260929","used by a silicon-failing default image and absent from its passing same-source twin (inferred_ram, add2x16_kat, minmax32_kat)","board pair differential: refusing these made the failing default builds pass"
"RMUX87@14,2->RMUX59@14,3","X14Y3","board_pair_20260929","used by a silicon-failing default image and absent from its passing same-source twin (inferred_ram, add2x16_kat, minmax32_kat)","board pair differential: refusing these made the failing default builds pass"
"OMUX15@14,3->RMUX44@15,3","X15Y3","board_pair_20260929","used by a silicon-failing default image and absent from its passing same-source twin (inferred_ram, add2x16_kat, minmax32_kat)","board pair differential: refusing these made the failing default builds pass"
"OMUX17@14,3->OMUX15@14,3","X14Y3","board_pair_20260929","used by a silicon-failing default image and absent from its passing same-source twin (inferred_ram, add2x16_kat, minmax32_kat)","board pair differential: refusing these made the failing default builds pass"
"OMUX18@14,3->RMUX47@15,3","X15Y3","board_pair_20260929","used by a silicon-failing default image and absent from its passing same-source twin (inferred_ram, add2x16_kat, minmax32_kat)","board pair differential: refusing these made the failing default builds pass"
"OMUX21@14,3->RMUX45@15,3","X15Y3","board_pair_20260929","used by a silicon-failing default image and absent from its passing same-source twin (inferred_ram, add2x16_kat, minmax32_kat)","board pair differential: refusing these made the failing default builds pass"
"OMUX29@14,3->RMUX56@14,3","X14Y3","board_pair_20260929","used by a silicon-failing default image and absent from its passing same-source twin (inferred_ram, add2x16_kat, minmax32_kat)","board pair differential: refusing these made the failing default builds pass"
"OMUX30@14,3->RMUX69@15,3","X15Y3","board_pair_20260929","used by a silicon-failing default image and absent from its passing same-source twin (inferred_ram, add2x16_kat, minmax32_kat)","board pair differential: refusing these made the failing default builds pass"
"OMUX32@14,3->RMUX49@14,3","X14Y3","board_pair_20260929","used by a silicon-failing default image and absent from its passing same-source twin (inferred_ram, add2x16_kat, minmax32_kat)","board pair differential: refusing these made the failing default builds pass"
"RMUX17@14,3->IMUX45@14,3","X14Y3","board_pair_20260929","used by a silicon-failing default image and absent from its passing same-source twin (inferred_ram, add2x16_kat, minmax32_kat)","board pair differential: refusing these made the failing default builds pass"
"RMUX52@14,3->IMUX58@14,3","X14Y3","board_pair_20260929","used by a silicon-failing default image and absent from its passing same-source twin (inferred_ram, add2x16_kat, minmax32_kat)","board pair differential: refusing these made the failing default builds pass"
"RMUX53@14,3->IMUX51@14,3","X14Y3","board_pair_20260929","used by a silicon-failing default image and absent from its passing same-source twin (inferred_ram, add2x16_kat, minmax32_kat)","board pair differential: refusing these made the failing default builds pass"
"RMUX58@14,3->IMUX20@14,3","X14Y3","board_pair_20260929","used by a silicon-failing default image and absent from its passing same-source twin (inferred_ram, add2x16_kat, minmax32_kat)","board pair differential: refusing these made the failing default builds pass"
"RMUX69@14,3->RMUX82@14,4","X14Y4","board_pair_20260929","used by a silicon-failing default image and absent from its passing same-source twin (inferred_ram, add2x16_kat, minmax32_kat)","board pair differential: refusing these made the failing default builds pass"
"RMUX76@14,3->IMUX06@14,3","X14Y3","board_pair_20260929","used by a silicon-failing default image and absent from its passing same-source twin (inferred_ram, add2x16_kat, minmax32_kat)","board pair differential: refusing these made the failing default builds pass"
"RMUX95@14,3->IMUX41@14,3","X14Y3","board_pair_20260929","used by a silicon-failing default image and absent from its passing same-source twin (inferred_ram, add2x16_kat, minmax32_kat)","board pair differential: refusing these made the failing default builds pass"
"RMUX23@14,4->IMUX33@14,4","X14Y4","board_pair_20260929","used by a silicon-failing default image and absent from its passing same-source twin (inferred_ram, add2x16_kat, minmax32_kat)","board pair differential: refusing these made the failing default builds pass"
"RMUX27@14,4->RMUX11@14,3","X14Y3","board_pair_20260929","used by a silicon-failing default image and absent from its passing same-source twin (inferred_ram, add2x16_kat, minmax32_kat)","board pair differential: refusing these made the failing default builds pass"
"RMUX62@14,4->RMUX56@14,5","X14Y5","board_pair_20260929","used by a silicon-failing default image and absent from its passing same-source twin (inferred_ram, add2x16_kat, minmax32_kat)","board pair differential: refusing these made the failing default builds pass"
"RMUX71@14,4->IMUX49@14,4","X14Y4","board_pair_20260929","used by a silicon-failing default image and absent from its passing same-source twin (inferred_ram, add2x16_kat, minmax32_kat)","board pair differential: refusing these made the failing default builds pass"
"OMUX18@14,5->RMUX39@15,5","X15Y5","board_pair_20260929","used by a silicon-failing default image and absent from its passing same-source twin (inferred_ram, add2x16_kat, minmax32_kat)","board pair differential: refusing these made the failing default builds pass"
"OMUX18@14,5->RMUX45@15,5","X15Y5","board_pair_20260929","used by a silicon-failing default image and absent from its passing same-source twin (inferred_ram, add2x16_kat, minmax32_kat)","board pair differential: refusing these made the failing default builds pass"
"OMUX39@14,5->RMUX79@15,5","X15Y5","board_pair_20260929","used by a silicon-failing default image and absent from its passing same-source twin (inferred_ram, add2x16_kat, minmax32_kat)","board pair differential: refusing these made the failing default builds pass"
"OMUX39@14,5->RMUX81@15,5","X15Y5","board_pair_20260929","used by a silicon-failing default image and absent from its passing same-source twin (inferred_ram, add2x16_kat, minmax32_kat)","board pair differential: refusing these made the failing default builds pass"
"RMUX77@14,5->IMUX63@14,5","X14Y5","board_pair_20260929","used by a silicon-failing default image and absent from its passing same-source twin (inferred_ram, add2x16_kat, minmax32_kat)","board pair differential: refusing these made the failing default builds pass"
"RMUX21@14,6->RMUX77@14,3","X14Y3","board_pair_20260929","used by a silicon-failing default image and absent from its passing same-source twin (inferred_ram, add2x16_kat, minmax32_kat)","board pair differential: refusing these made the failing default builds pass"
"RMUX27@14,6->RMUX05@14,3","X14Y3","board_pair_20260929","used by a silicon-failing default image and absent from its passing same-source twin (inferred_ram, add2x16_kat, minmax32_kat)","board pair differential: refusing these made the failing default builds pass"
"RMUX37@14,6->RMUX64@14,3","X14Y3","board_pair_20260929","used by a silicon-failing default image and absent from its passing same-source twin (inferred_ram, add2x16_kat, minmax32_kat)","board pair differential: refusing these made the failing default builds pass"
"RMUX39@15,1->RMUX69@15,2","X15Y2","board_pair_20260929","used by a silicon-failing default image and absent from its passing same-source twin (inferred_ram, add2x16_kat, minmax32_kat)","board pair differential: refusing these made the failing default builds pass"
"RMUX74@15,1->RMUX09@16,1","X16Y1","board_pair_20260929","used by a silicon-failing default image and absent from its passing same-source twin (inferred_ram, add2x16_kat, minmax32_kat)","board pair differential: refusing these made the failing default builds pass"
"RMUX75@15,1->RMUX15@15,2","X15Y2","board_pair_20260929","used by a silicon-failing default image and absent from its passing same-source twin (inferred_ram, add2x16_kat, minmax32_kat)","board pair differential: refusing these made the failing default builds pass"
"OMUX03@15,2->RMUX11@16,2","X16Y2","board_pair_20260929","used by a silicon-failing default image and absent from its passing same-source twin (inferred_ram, add2x16_kat, minmax32_kat)","board pair differential: refusing these made the failing default builds pass"
"OMUX17@15,2->RMUX37@15,2","X15Y2","board_pair_20260929","used by a silicon-failing default image and absent from its passing same-source twin (inferred_ram, add2x16_kat, minmax32_kat)","board pair differential: refusing these made the failing default builds pass"
"OMUX24@15,2->RMUX49@16,2","X16Y2","board_pair_20260929","used by a silicon-failing default image and absent from its passing same-source twin (inferred_ram, add2x16_kat, minmax32_kat)","board pair differential: refusing these made the failing default builds pass"
"OMUX24@15,2->RMUX68@16,2","X16Y2","board_pair_20260929","used by a silicon-failing default image and absent from its passing same-source twin (inferred_ram, add2x16_kat, minmax32_kat)","board pair differential: refusing these made the failing default builds pass"
"OMUX26@15,2->OMUX24@15,2","X15Y2","board_pair_20260929","used by a silicon-failing default image and absent from its passing same-source twin (inferred_ram, add2x16_kat, minmax32_kat)","board pair differential: refusing these made the failing default builds pass"
"OMUX29@15,2->RMUX56@15,2","X15Y2","board_pair_20260929","used by a silicon-failing default image and absent from its passing same-source twin (inferred_ram, add2x16_kat, minmax32_kat)","board pair differential: refusing these made the failing default builds pass"
"OMUX30@15,2->RMUX65@16,2","X16Y2","board_pair_20260929","used by a silicon-failing default image and absent from its passing same-source twin (inferred_ram, add2x16_kat, minmax32_kat)","board pair differential: refusing these made the failing default builds pass"
"RMUX00@15,2->IMUX56@14,2","X14Y2","board_pair_20260929","used by a silicon-failing default image and absent from its passing same-source twin (inferred_ram, add2x16_kat, minmax32_kat)","board pair differential: refusing these made the failing default builds pass"
"RMUX05@15,2->IMUX23@15,2","X15Y2","board_pair_20260929","used by a silicon-failing default image and absent from its passing same-source twin (inferred_ram, add2x16_kat, minmax32_kat)","board pair differential: refusing these made the failing default builds pass"
"RMUX11@15,2->IMUX35@15,2","X15Y2","board_pair_20260929","used by a silicon-failing default image and absent from its passing same-source twin (inferred_ram, add2x16_kat, minmax32_kat)","board pair differential: refusing these made the failing default builds pass"
"RMUX31@15,2->RMUX40@16,2","X16Y2","board_pair_20260929","used by a silicon-failing default image and absent from its passing same-source twin (inferred_ram, add2x16_kat, minmax32_kat)","board pair differential: refusing these made the failing default builds pass"
"RMUX35@15,2->IMUX49@15,2","X15Y2","board_pair_20260929","used by a silicon-failing default image and absent from its passing same-source twin (inferred_ram, add2x16_kat, minmax32_kat)","board pair differential: refusing these made the failing default builds pass"
"RMUX38@15,2->RMUX67@16,2","X16Y2","board_pair_20260929","used by a silicon-failing default image and absent from its passing same-source twin (inferred_ram, add2x16_kat, minmax32_kat)","board pair differential: refusing these made the failing default builds pass"
"RMUX52@15,2->IMUX20@15,2","X15Y2","board_pair_20260929","used by a silicon-failing default image and absent from its passing same-source twin (inferred_ram, add2x16_kat, minmax32_kat)","board pair differential: refusing these made the failing default builds pass"
"RMUX53@15,2->IMUX45@15,2","X15Y2","board_pair_20260929","used by a silicon-failing default image and absent from its passing same-source twin (inferred_ram, add2x16_kat, minmax32_kat)","board pair differential: refusing these made the failing default builds pass"
"RMUX59@15,2->IMUX01@15,2","X15Y2","board_pair_20260929","used by a silicon-failing default image and absent from its passing same-source twin (inferred_ram, add2x16_kat, minmax32_kat)","board pair differential: refusing these made the failing default builds pass"
"RMUX60@15,2->IMUX34@14,2","X14Y2","board_pair_20260929","used by a silicon-failing default image and absent from its passing same-source twin (inferred_ram, add2x16_kat, minmax32_kat)","board pair differential: refusing these made the failing default builds pass"
"RMUX83@15,2->IMUX29@15,2","X15Y2","board_pair_20260929","used by a silicon-failing default image and absent from its passing same-source twin (inferred_ram, add2x16_kat, minmax32_kat)","board pair differential: refusing these made the failing default builds pass"
"RMUX95@15,2->IMUX41@15,2","X15Y2","board_pair_20260929","used by a silicon-failing default image and absent from its passing same-source twin (inferred_ram, add2x16_kat, minmax32_kat)","board pair differential: refusing these made the failing default builds pass"
"OMUX09@15,3->RMUX21@16,3","X16Y3","board_pair_20260929","used by a silicon-failing default image and absent from its passing same-source twin (inferred_ram, add2x16_kat, minmax32_kat)","board pair differential: refusing these made the failing default builds pass"
"OMUX18@15,3->RMUX32@16,3","X16Y3","board_pair_20260929","used by a silicon-failing default image and absent from its passing same-source twin (inferred_ram, add2x16_kat, minmax32_kat)","board pair differential: refusing these made the failing default builds pass"
"RMUX11@15,3->IMUX49@15,3","X15Y3","board_pair_20260929","used by a silicon-failing default image and absent from its passing same-source twin (inferred_ram, add2x16_kat, minmax32_kat)","board pair differential: refusing these made the failing default builds pass"
"RMUX41@15,3->IMUX47@15,3","X15Y3","board_pair_20260929","used by a silicon-failing default image and absent from its passing same-source twin (inferred_ram, add2x16_kat, minmax32_kat)","board pair differential: refusing these made the failing default builds pass"
"RMUX65@15,3->IMUX37@15,3","X15Y3","board_pair_20260929","used by a silicon-failing default image and absent from its passing same-source twin (inferred_ram, add2x16_kat, minmax32_kat)","board pair differential: refusing these made the failing default builds pass"
"RMUX68@15,3->RMUX74@18,3","X18Y3","board_pair_20260929","used by a silicon-failing default image and absent from its passing same-source twin (inferred_ram, add2x16_kat, minmax32_kat)","board pair differential: refusing these made the failing default builds pass"
"RMUX71@15,3->IMUX41@15,3","X15Y3","board_pair_20260929","used by a silicon-failing default image and absent from its passing same-source twin (inferred_ram, add2x16_kat, minmax32_kat)","board pair differential: refusing these made the failing default builds pass"
"RMUX73@15,3->RMUX16@15,2","X15Y2","board_pair_20260929","used by a silicon-failing default image and absent from its passing same-source twin (inferred_ram, add2x16_kat, minmax32_kat)","board pair differential: refusing these made the failing default builds pass"
"RMUX83@15,3->IMUX29@15,3","X15Y3","board_pair_20260929","used by a silicon-failing default image and absent from its passing same-source twin (inferred_ram, add2x16_kat, minmax32_kat)","board pair differential: refusing these made the failing default builds pass"
"RMUX83@15,3->IMUX33@15,3","X15Y3","board_pair_20260929","used by a silicon-failing default image and absent from its passing same-source twin (inferred_ram, add2x16_kat, minmax32_kat)","board pair differential: refusing these made the failing default builds pass"
"RMUX87@15,3->RMUX58@15,2","X15Y2","board_pair_20260929","used by a silicon-failing default image and absent from its passing same-source twin (inferred_ram, add2x16_kat, minmax32_kat)","board pair differential: refusing these made the failing default builds pass"
"RMUX92@15,3->RMUX80@15,6","X15Y6","board_pair_20260929","used by a silicon-failing default image and absent from its passing same-source twin (inferred_ram, add2x16_kat, minmax32_kat)","board pair differential: refusing these made the failing default builds pass"
"RMUX05@15,4->IMUX31@15,4","X15Y4","board_pair_20260929","used by a silicon-failing default image and absent from its passing same-source twin (inferred_ram, add2x16_kat, minmax32_kat)","board pair differential: refusing these made the failing default builds pass"
"RMUX17@15,4->IMUX53@15,4","X15Y4","board_pair_20260929","used by a silicon-failing default image and absent from its passing same-source twin (inferred_ram, add2x16_kat, minmax32_kat)","board pair differential: refusing these made the failing default builds pass"
"RMUX22@15,4->IMUX12@15,4","X15Y4","board_pair_20260929","used by a silicon-failing default image and absent from its passing same-source twin (inferred_ram, add2x16_kat, minmax32_kat)","board pair differential: refusing these made the failing default builds pass"
"RMUX83@15,4->IMUX33@15,4","X15Y4","board_pair_20260929","used by a silicon-failing default image and absent from its passing same-source twin (inferred_ram, add2x16_kat, minmax32_kat)","board pair differential: refusing these made the failing default builds pass"
"RMUX87@15,4->RMUX59@15,2","X15Y2","board_pair_20260929","used by a silicon-failing default image and absent from its passing same-source twin (inferred_ram, add2x16_kat, minmax32_kat)","board pair differential: refusing these made the failing default builds pass"
"RMUX89@15,4->IMUX25@15,4","X15Y4","board_pair_20260929","used by a silicon-failing default image and absent from its passing same-source twin (inferred_ram, add2x16_kat, minmax32_kat)","board pair differential: refusing these made the failing default builds pass"
"OMUX24@15,5->RMUX59@16,5","X16Y5","board_pair_20260929","used by a silicon-failing default image and absent from its passing same-source twin (inferred_ram, add2x16_kat, minmax32_kat)","board pair differential: refusing these made the failing default builds pass"
"OMUX27@15,5->RMUX62@16,5","X16Y5","board_pair_20260929","used by a silicon-failing default image and absent from its passing same-source twin (inferred_ram, add2x16_kat, minmax32_kat)","board pair differential: refusing these made the failing default builds pass"
"OMUX33@15,5->RMUX71@16,5","X16Y5","board_pair_20260929","used by a silicon-failing default image and absent from its passing same-source twin (inferred_ram, add2x16_kat, minmax32_kat)","board pair differential: refusing these made the failing default builds pass"
"OMUX39@15,5->RMUX86@16,5","X16Y5","board_pair_20260929","used by a silicon-failing default image and absent from its passing same-source twin (inferred_ram, add2x16_kat, minmax32_kat)","board pair differential: refusing these made the failing default builds pass"
"OMUX42@15,5->RMUX91@16,5","X16Y5","board_pair_20260929","used by a silicon-failing default image and absent from its passing same-source twin (inferred_ram, add2x16_kat, minmax32_kat)","board pair differential: refusing these made the failing default builds pass"
"RMUX68@15,5->RMUX91@18,5","X18Y5","board_pair_20260929","used by a silicon-failing default image and absent from its passing same-source twin (inferred_ram, add2x16_kat, minmax32_kat)","board pair differential: refusing these made the failing default builds pass"
"RMUX77@15,5->IMUX29@15,5","X15Y5","board_pair_20260929","used by a silicon-failing default image and absent from its passing same-source twin (inferred_ram, add2x16_kat, minmax32_kat)","board pair differential: refusing these made the failing default builds pass"
"RMUX37@15,7->RMUX64@15,5","X15Y5","board_pair_20260929","used by a silicon-failing default image and absent from its passing same-source twin (inferred_ram, add2x16_kat, minmax32_kat)","board pair differential: refusing these made the failing default builds pass"
"RMUX87@15,7->RMUX52@15,4","X15Y4","board_pair_20260929","used by a silicon-failing default image and absent from its passing same-source twin (inferred_ram, add2x16_kat, minmax32_kat)","board pair differential: refusing these made the failing default builds pass"
"RMUX14@15,8->RMUX60@15,5","X15Y5","board_pair_20260929","used by a silicon-failing default image and absent from its passing same-source twin (inferred_ram, add2x16_kat, minmax32_kat)","board pair differential: refusing these made the failing default builds pass"
"RMUX73@15,9->RMUX22@15,5","X15Y5","board_pair_20260929","used by a silicon-failing default image and absent from its passing same-source twin (inferred_ram, add2x16_kat, minmax32_kat)","board pair differential: refusing these made the failing default builds pass"
"OMUX27@16,2->RMUX51@17,2","X17Y2","board_pair_20260929","used by a silicon-failing default image and absent from its passing same-source twin (inferred_ram, add2x16_kat, minmax32_kat)","board pair differential: refusing these made the failing default builds pass"
"OMUX36@16,2->RMUX79@17,2","X17Y2","board_pair_20260929","used by a silicon-failing default image and absent from its passing same-source twin (inferred_ram, add2x16_kat, minmax32_kat)","board pair differential: refusing these made the failing default builds pass"
"OMUX45@16,2->RMUX93@17,2","X17Y2","board_pair_20260929","used by a silicon-failing default image and absent from its passing same-source twin (inferred_ram, add2x16_kat, minmax32_kat)","board pair differential: refusing these made the failing default builds pass"
"RMUX05@16,2->IMUX35@16,2","X16Y2","board_pair_20260929","used by a silicon-failing default image and absent from its passing same-source twin (inferred_ram, add2x16_kat, minmax32_kat)","board pair differential: refusing these made the failing default builds pass"
"RMUX11@16,2->IMUX29@16,2","X16Y2","board_pair_20260929","used by a silicon-failing default image and absent from its passing same-source twin (inferred_ram, add2x16_kat, minmax32_kat)","board pair differential: refusing these made the failing default builds pass"
"RMUX15@16,2->RMUX62@18,2","X18Y2","board_pair_20260929","used by a silicon-failing default image and absent from its passing same-source twin (inferred_ram, add2x16_kat, minmax32_kat)","board pair differential: refusing these made the failing default builds pass"
"RMUX24@16,2->IMUX28@15,2","X15Y2","board_pair_20260929","used by a silicon-failing default image and absent from its passing same-source twin (inferred_ram, add2x16_kat, minmax32_kat)","board pair differential: refusing these made the failing default builds pass"
"RMUX35@16,2->IMUX27@16,2","X16Y2","board_pair_20260929","used by a silicon-failing default image and absent from its passing same-source twin (inferred_ram, add2x16_kat, minmax32_kat)","board pair differential: refusing these made the failing default builds pass"
"RMUX39@16,2->RMUX53@16,4","X16Y4","board_pair_20260929","used by a silicon-failing default image and absent from its passing same-source twin (inferred_ram, add2x16_kat, minmax32_kat)","board pair differential: refusing these made the failing default builds pass"
"RMUX40@16,2->IMUX30@16,2","X16Y2","board_pair_20260929","used by a silicon-failing default image and absent from its passing same-source twin (inferred_ram, add2x16_kat, minmax32_kat)","board pair differential: refusing these made the failing default builds pass"
"RMUX46@16,2->IMUX42@16,2","X16Y2","board_pair_20260929","used by a silicon-failing default image and absent from its passing same-source twin (inferred_ram, add2x16_kat, minmax32_kat)","board pair differential: refusing these made the failing default builds pass"
"RMUX47@16,2->IMUX41@16,2","X16Y2","board_pair_20260929","used by a silicon-failing default image and absent from its passing same-source twin (inferred_ram, add2x16_kat, minmax32_kat)","board pair differential: refusing these made the failing default builds pass"
"RMUX63@16,2->RMUX52@14,2","X14Y2","board_pair_20260929","used by a silicon-failing default image and absent from its passing same-source twin (inferred_ram, add2x16_kat, minmax32_kat)","board pair differential: refusing these made the failing default builds pass"
"RMUX67@16,2->RMUX72@16,2","X16Y2","board_pair_20260929","used by a silicon-failing default image and absent from its passing same-source twin (inferred_ram, add2x16_kat, minmax32_kat)","board pair differential: refusing these made the failing default builds pass"
"RMUX72@16,2->IMUX52@15,2","X15Y2","board_pair_20260929","used by a silicon-failing default image and absent from its passing same-source twin (inferred_ram, add2x16_kat, minmax32_kat)","board pair differential: refusing these made the failing default builds pass"
"RMUX78@16,2->IMUX37@15,2","X15Y2","board_pair_20260929","used by a silicon-failing default image and absent from its passing same-source twin (inferred_ram, add2x16_kat, minmax32_kat)","board pair differential: refusing these made the failing default builds pass"
"RMUX84@16,2->IMUX46@15,2","X15Y2","board_pair_20260929","used by a silicon-failing default image and absent from its passing same-source twin (inferred_ram, add2x16_kat, minmax32_kat)","board pair differential: refusing these made the failing default builds pass"
"RMUX93@16,2->RMUX76@14,2","X14Y2","board_pair_20260929","used by a silicon-failing default image and absent from its passing same-source twin (inferred_ram, add2x16_kat, minmax32_kat)","board pair differential: refusing these made the failing default builds pass"
"RMUX44@16,3->RMUX84@16,2","X16Y2","board_pair_20260929","used by a silicon-failing default image and absent from its passing same-source twin (inferred_ram, add2x16_kat, minmax32_kat)","board pair differential: refusing these made the failing default builds pass"
"RMUX48@16,3->IMUX40@15,3","X15Y3","board_pair_20260929","used by a silicon-failing default image and absent from its passing same-source twin (inferred_ram, add2x16_kat, minmax32_kat)","board pair differential: refusing these made the failing default builds pass"
"RMUX69@16,3->RMUX93@16,7","X16Y7","board_pair_20260929","used by a silicon-failing default image and absent from its passing same-source twin (inferred_ram, add2x16_kat, minmax32_kat)","board pair differential: refusing these made the failing default builds pass"
"RMUX72@16,3->IMUX20@15,3","X15Y3","board_pair_20260929","used by a silicon-failing default image and absent from its passing same-source twin (inferred_ram, add2x16_kat, minmax32_kat)","board pair differential: refusing these made the failing default builds pass"
"OMUX27@16,4->RMUX49@17,4","X17Y4","board_pair_20260929","used by a silicon-failing default image and absent from its passing same-source twin (inferred_ram, add2x16_kat, minmax32_kat)","board pair differential: refusing these made the failing default builds pass"
"RMUX26@16,4->RMUX12@15,4","X15Y4","board_pair_20260929","used by a silicon-failing default image and absent from its passing same-source twin (inferred_ram, add2x16_kat, minmax32_kat)","board pair differential: refusing these made the failing default builds pass"
"RMUX29@16,4->IMUX47@16,4","X16Y4","board_pair_20260929","used by a silicon-failing default image and absent from its passing same-source twin (inferred_ram, add2x16_kat, minmax32_kat)","board pair differential: refusing these made the failing default builds pass"
"RMUX41@16,4->IMUX33@16,4","X16Y4","board_pair_20260929","used by a silicon-failing default image and absent from its passing same-source twin (inferred_ram, add2x16_kat, minmax32_kat)","board pair differential: refusing these made the failing default builds pass"
"RMUX48@16,4->IMUX56@15,4","X15Y4","board_pair_20260929","used by a silicon-failing default image and absent from its passing same-source twin (inferred_ram, add2x16_kat, minmax32_kat)","board pair differential: refusing these made the failing default builds pass"
"RMUX57@16,4->RMUX35@16,2","X16Y2","board_pair_20260929","used by a silicon-failing default image and absent from its passing same-source twin (inferred_ram, add2x16_kat, minmax32_kat)","board pair differential: refusing these made the failing default builds pass"
"RMUX67@16,4->RMUX78@16,2","X16Y2","board_pair_20260929","used by a silicon-failing default image and absent from its passing same-source twin (inferred_ram, add2x16_kat, minmax32_kat)","board pair differential: refusing these made the failing default builds pass"
"RMUX72@16,4->IMUX28@15,4","X15Y4","board_pair_20260929","used by a silicon-failing default image and absent from its passing same-source twin (inferred_ram, add2x16_kat, minmax32_kat)","board pair differential: refusing these made the failing default builds pass"
"RMUX73@16,4->RMUX06@16,2","X16Y2","board_pair_20260929","used by a silicon-failing default image and absent from its passing same-source twin (inferred_ram, add2x16_kat, minmax32_kat)","board pair differential: refusing these made the failing default builds pass"
"OMUX21@16,5->RMUX43@17,5","X17Y5","board_pair_20260929","used by a silicon-failing default image and absent from its passing same-source twin (inferred_ram, add2x16_kat, minmax32_kat)","board pair differential: refusing these made the failing default builds pass"
"RMUX11@16,5->IMUX21@16,5","X16Y5","board_pair_20260929","used by a silicon-failing default image and absent from its passing same-source twin (inferred_ram, add2x16_kat, minmax32_kat)","board pair differential: refusing these made the failing default builds pass"
"RMUX59@16,5->IMUX41@16,5","X16Y5","board_pair_20260929","used by a silicon-failing default image and absent from its passing same-source twin (inferred_ram, add2x16_kat, minmax32_kat)","board pair differential: refusing these made the failing default builds pass"
"RMUX14@17,10->RMUX67@17,6","X17Y6","board_pair_20260929","used by a silicon-failing default image and absent from its passing same-source twin (inferred_ram, add2x16_kat, minmax32_kat)","board pair differential: refusing these made the failing default builds pass"
"RMUX33@17,2->RMUX39@16,2","X16Y2","board_pair_20260929","used by a silicon-failing default image and absent from its passing same-source twin (inferred_ram, add2x16_kat, minmax32_kat)","board pair differential: refusing these made the failing default builds pass"
"RMUX51@17,2->RMUX15@20,2","X20Y2","board_pair_20260929","used by a silicon-failing default image and absent from its passing same-source twin (inferred_ram, add2x16_kat, minmax32_kat)","board pair differential: refusing these made the failing default builds pass"
"RMUX54@17,2->IMUX01@16,2","X16Y2","board_pair_20260929","used by a silicon-failing default image and absent from its passing same-source twin (inferred_ram, add2x16_kat, minmax32_kat)","board pair differential: refusing these made the failing default builds pass"
"RMUX68@17,2->RMUX85@20,2","X20Y2","board_pair_20260929","used by a silicon-failing default image and absent from its passing same-source twin (inferred_ram, add2x16_kat, minmax32_kat)","board pair differential: refusing these made the failing default builds pass"
"RMUX79@17,2->RMUX41@16,2","X16Y2","board_pair_20260929","used by a silicon-failing default image and absent from its passing same-source twin (inferred_ram, add2x16_kat, minmax32_kat)","board pair differential: refusing these made the failing default builds pass"
"RMUX90@17,2->IMUX63@16,2","X16Y2","board_pair_20260929","used by a silicon-failing default image and absent from its passing same-source twin (inferred_ram, add2x16_kat, minmax32_kat)","board pair differential: refusing these made the failing default builds pass"
"RMUX93@17,2->RMUX87@16,2","X16Y2","board_pair_20260929","used by a silicon-failing default image and absent from its passing same-source twin (inferred_ram, add2x16_kat, minmax32_kat)","board pair differential: refusing these made the failing default builds pass"
"RMUX19@17,3->RMUX78@17,4","X17Y4","board_pair_20260929","used by a silicon-failing default image and absent from its passing same-source twin (inferred_ram, add2x16_kat, minmax32_kat)","board pair differential: refusing these made the failing default builds pass"
"RMUX25@17,3->RMUX07@17,4","X17Y4","board_pair_20260929","used by a silicon-failing default image and absent from its passing same-source twin (inferred_ram, add2x16_kat, minmax32_kat)","board pair differential: refusing these made the failing default builds pass"
"RMUX63@17,3->RMUX52@14,3","X14Y3","board_pair_20260929","used by a silicon-failing default image and absent from its passing same-source twin (inferred_ram, add2x16_kat, minmax32_kat)","board pair differential: refusing these made the failing default builds pass"
"RMUX78@17,4->IMUX45@16,4","X16Y4","board_pair_20260929","used by a silicon-failing default image and absent from its passing same-source twin (inferred_ram, add2x16_kat, minmax32_kat)","board pair differential: refusing these made the failing default builds pass"
"RMUX03@18,2->RMUX04@15,2","X15Y2","board_pair_20260929","used by a silicon-failing default image and absent from its passing same-source twin (inferred_ram, add2x16_kat, minmax32_kat)","board pair differential: refusing these made the failing default builds pass"
"RMUX33@18,3->RMUX29@14,3","X14Y3","board_pair_20260929","used by a silicon-failing default image and absent from its passing same-source twin (inferred_ram, add2x16_kat, minmax32_kat)","board pair differential: refusing these made the failing default builds pass"
"RMUX03@18,4->RMUX04@15,4","X15Y4","board_pair_20260929","used by a silicon-failing default image and absent from its passing same-source twin (inferred_ram, add2x16_kat, minmax32_kat)","board pair differential: refusing these made the failing default builds pass"
"RMUX20@18,4->RMUX84@15,4","X15Y4","board_pair_20260929","used by a silicon-failing default image and absent from its passing same-source twin (inferred_ram, add2x16_kat, minmax32_kat)","board pair differential: refusing these made the failing default builds pass"
"RMUX79@18,4->RMUX46@15,4","X15Y4","board_pair_20260929","used by a silicon-failing default image and absent from its passing same-source twin (inferred_ram, add2x16_kat, minmax32_kat)","board pair differential: refusing these made the failing default builds pass"
"RMUX50@18,6->RMUX03@18,4","X18Y4","board_pair_20260929","used by a silicon-failing default image and absent from its passing same-source twin (inferred_ram, add2x16_kat, minmax32_kat)","board pair differential: refusing these made the failing default builds pass"
"RMUX50@18,6->RMUX03@18,5","X18Y5","board_pair_20260929","used by a silicon-failing default image and absent from its passing same-source twin (inferred_ram, add2x16_kat, minmax32_kat)","board pair differential: refusing these made the failing default builds pass"
"RMUX79@19,2->RMUX24@15,2","X15Y2","board_pair_20260929","used by a silicon-failing default image and absent from its passing same-source twin (inferred_ram, add2x16_kat, minmax32_kat)","board pair differential: refusing these made the failing default builds pass"
"RMUX79@20,2->RMUX46@16,2","X16Y2","board_pair_20260929","used by a silicon-failing default image and absent from its passing same-source twin (inferred_ram, add2x16_kat, minmax32_kat)","board pair differential: refusing these made the failing default builds pass"
"RMUX85@20,2->RMUX49@20,4","X20Y4","board_pair_20260929","used by a silicon-failing default image and absent from its passing same-source twin (inferred_ram, add2x16_kat, minmax32_kat)","board pair differential: refusing these made the failing default builds pass"
"RMUX02@20,3->RMUX13@20,5","X20Y5","board_pair_20260929","used by a silicon-failing default image and absent from its passing same-source twin (inferred_ram, add2x16_kat, minmax32_kat)","board pair differential: refusing these made the failing default builds pass"
"RMUX43@20,4->RMUX72@16,4","X16Y4","board_pair_20260929","used by a silicon-failing default image and absent from its passing same-source twin (inferred_ram, add2x16_kat, minmax32_kat)","board pair differential: refusing these made the failing default builds pass"
"RMUX49@20,4->RMUX22@16,4","X16Y4","board_pair_20260929","used by a silicon-failing default image and absent from its passing same-source twin (inferred_ram, add2x16_kat, minmax32_kat)","board pair differential: refusing these made the failing default builds pass"
"RMUX43@20,5->RMUX72@16,5","X16Y5","board_pair_20260929","used by a silicon-failing default image and absent from its passing same-source twin (inferred_ram, add2x16_kat, minmax32_kat)","board pair differential: refusing these made the failing default builds pass"
"RMUX67@20,6->RMUX79@20,2","X20Y2","board_pair_20260929","used by a silicon-failing default image and absent from its passing same-source twin (inferred_ram, add2x16_kat, minmax32_kat)","board pair differential: refusing these made the failing default builds pass"
"RMUX15@15,1->RMUX52@16,1","X16Y1","afexe_absent_20260929","af.exe bitgen writes nothing for this hop at this position (oracle_20260919 verdicts: absent); no board-passing design uses it","unknown to af.exe and never used by a board-passing design: refused by default; admit only with a design-level silicon PASS that depends on it"
"RMUX21@16,8->RMUX87@16,4","X16Y4","afexe_absent_20260929","af.exe bitgen writes nothing for this hop at this position (oracle_20260919 verdicts: absent); no board-passing design uses it","unknown to af.exe and never used by a board-passing design: refused by default; admit only with a design-level silicon PASS that depends on it"
"RMUX27@17,4->RMUX04@17,0","X17Y0","afexe_absent_20260929","af.exe bitgen writes nothing for this hop at this position (oracle_20260919 verdicts: absent); no board-passing design uses it","unknown to af.exe and never used by a board-passing design: refused by default; admit only with a design-level silicon PASS that depends on it"
"RMUX27@5,1->RMUX11@5,2","X5Y2","afexe_absent_20260929","af.exe bitgen writes nothing for this hop at this position (oracle_20260919 verdicts: absent); no board-passing design uses it","unknown to af.exe and never used by a board-passing design: refused by default; admit only with a design-level silicon PASS that depends on it"
"RMUX39@4,1->RMUX68@4,4","X4Y4","afexe_absent_20260929","af.exe bitgen writes nothing for this hop at this position (oracle_20260919 verdicts: absent); no board-passing design uses it","unknown to af.exe and never used by a board-passing design: refused by default; admit only with a design-level silicon PASS that depends on it"
"RMUX45@14,4->RMUX87@16,4","X16Y4","afexe_absent_20260929","af.exe bitgen writes nothing for this hop at this position (oracle_20260919 verdicts: absent); no board-passing design uses it","unknown to af.exe and never used by a board-passing design: refused by default; admit only with a design-level silicon PASS that depends on it"
"RMUX57@16,3->RMUX34@16,4","X16Y4","afexe_absent_board_20260929","af.exe bitgen writes nothing for this hop (3 positions); codeword [2,9] belongs to RMUX09 four rows below, undriven in row 4; board bisection of minmax32_kat to this single pip; rerouting only its net fixed minmax32_kat, lfsr16x7_kat and the stronger fast-RAM holdout","unknown to af.exe and board-proven wrong: refused by default"
"RMUX57@20,10->RMUX45@20,10","X20Y10","afexe_absent_20260929","af.exe bitgen writes nothing for this hop at this position (oracle_20260919 verdicts: absent); no board-passing design uses it","unknown to af.exe and never used by a board-passing design: refused by default; admit only with a design-level silicon PASS that depends on it"
"RMUX63@17,1->RMUX52@16,1","X16Y1","afexe_absent_20260929","af.exe bitgen writes nothing for this hop at this position (oracle_20260919 verdicts: absent); no board-passing design uses it","unknown to af.exe and never used by a board-passing design: refused by default; admit only with a design-level silicon PASS that depends on it"
"RMUX63@18,1->RMUX52@16,1","X16Y1","afexe_absent_20260929","af.exe bitgen writes nothing for this hop at this position (oracle_20260919 verdicts: absent); no board-passing design uses it","unknown to af.exe and never used by a board-passing design: refused by default; admit only with a design-level silicon PASS that depends on it"
"RMUX63@20,1->RMUX52@16,1","X16Y1","afexe_absent_20260929","af.exe bitgen writes nothing for this hop at this position (oracle_20260919 verdicts: absent); no board-passing design uses it","unknown to af.exe and never used by a board-passing design: refused by default; admit only with a design-level silicon PASS that depends on it"
"RMUX68@5,4->RMUX81@8,4","X8Y4","afexe_absent_20260929","af.exe bitgen writes nothing for this hop at this position (oracle_20260919 verdicts: absent); no board-passing design uses it","unknown to af.exe and never used by a board-passing design: refused by default; admit only with a design-level silicon PASS that depends on it"
"RMUX69@16,1->RMUX87@16,4","X16Y4","afexe_absent_20260929","af.exe bitgen writes nothing for this hop at this position (oracle_20260919 verdicts: absent); no board-passing design uses it","unknown to af.exe and never used by a board-passing design: refused by default; admit only with a design-level silicon PASS that depends on it"
"RMUX73@18,3->RMUX00@18,0","X18Y0","afexe_absent_20260929","af.exe bitgen writes nothing for this hop at this position (oracle_20260919 verdicts: absent); no board-passing design uses it","unknown to af.exe and never used by a board-passing design: refused by default; admit only with a design-level silicon PASS that depends on it"
"RMUX73@20,3->RMUX00@20,0","X20Y0","afexe_absent_20260929","af.exe bitgen writes nothing for this hop at this position (oracle_20260919 verdicts: absent); no board-passing design uses it","unknown to af.exe and never used by a board-passing design: refused by default; admit only with a design-level silicon PASS that depends on it"
"RMUX73@8,1->RMUX01@8,1","X8Y1","afexe_absent_20260929","af.exe bitgen writes nothing for this hop at this position (oracle_20260919 verdicts: absent); no board-passing design uses it","unknown to af.exe and never used by a board-passing design: refused by default; admit only with a design-level silicon PASS that depends on it"
"RMUX75@1,1->RMUX15@1,4","X1Y4","afexe_absent_20260929","af.exe bitgen writes nothing for this hop at this position (oracle_20260919 verdicts: absent); no board-passing design uses it","unknown to af.exe and never used by a board-passing design: refused by default; admit only with a design-level silicon PASS that depends on it"
"RMUX75@1,2->RMUX15@1,4","X1Y4","afexe_absent_20260929","af.exe bitgen writes nothing for this hop at this position (oracle_20260919 verdicts: absent); no board-passing design uses it","unknown to af.exe and never used by a board-passing design: refused by default; admit only with a design-level silicon PASS that depends on it"
"RMUX92@8,1->RMUX81@8,4","X8Y4","afexe_absent_20260929","af.exe bitgen writes nothing for this hop at this position (oracle_20260919 verdicts: absent); no board-passing design uses it","unknown to af.exe and never used by a board-passing design: refused by default; admit only with a design-level silicon PASS that depends on it"
"RMUX92@8,2->RMUX81@8,4","X8Y4","afexe_absent_20260929","af.exe bitgen writes nothing for this hop at this position (oracle_20260919 verdicts: absent); no board-passing design uses it","unknown to af.exe and never used by a board-passing design: refused by default; admit only with a design-level silicon PASS that depends on it"
"RMUX08@2,4->RMUX33@1,4","X1Y4","afexe_codeword_conflict_20260930","af.exe writes nothing for this hop; our codeword [1,8] is af.exe's codeword for RMUX56@5,4->RMUX33@1,4, so it selects a different wire","emitted selector does not select this source on the vendor's topology: refused by default"
"RMUX62@20,9->RMUX20@20,13","X20Y13","afexe_codeword_conflict_20260930","IO-row hop without a pad-feed row: our generic-chain bytes (2487,0x80),(2603,0x80) differ from what af.exe writes, (2492,0x80),(2607,0x02); used by 5 failing and 1 passing aim-vehicle image","emitted selector does not select this source on the vendor's topology: refused by default"
