x,y,mux,sel_index,byte,mask
1,5,BBMUXS0,0,64308,16
1,5,BBMUXS0,1,64424,16
1,5,BBMUXS0,2,64308,32
1,5,BBMUXS0,3,64424,32
1,5,BBMUXS0,4,64308,64
1,5,BBMUXS0,5,64424,64
1,5,BBMUXS0,6,64308,128
1,5,BBMUXS0,7,64424,128
1,5,BBMUXS0,8,64423,4
1,5,BBMUXS1,0,64540,16
1,5,BBMUXS1,1,64656,16
1,5,BBMUXS1,2,64540,32
1,5,BBMUXS1,3,64656,32
1,5,BBMUXS1,4,64540,64
1,5,BBMUXS1,5,64656,64
1,5,BBMUXS1,6,64540,128
1,5,BBMUXS1,7,64656,128
1,5,BBMUXS1,8,64655,4
1,5,BBMUXS10,0,65464,2
1,5,BBMUXS10,1,65580,2
1,5,BBMUXS10,2,65464,1
1,5,BBMUXS10,3,65580,1
1,5,BBMUXS10,4,65465,128
1,5,BBMUXS10,5,65581,128
1,5,BBMUXS10,6,65465,64
1,5,BBMUXS10,7,65581,64
1,5,BBMUXS10,8,65581,8
1,5,BBMUXS11,0,65696,2
1,5,BBMUXS11,1,65812,2
1,5,BBMUXS11,2,65696,1
1,5,BBMUXS11,3,65812,1
1,5,BBMUXS11,4,65697,128
1,5,BBMUXS11,5,65813,128
1,5,BBMUXS11,6,65697,64
1,5,BBMUXS11,7,65813,64
1,5,BBMUXS11,8,65813,8
1,5,BBMUXS2,0,64772,16
1,5,BBMUXS2,1,64888,16
1,5,BBMUXS2,2,64772,32
1,5,BBMUXS2,3,64888,32
1,5,BBMUXS2,4,64772,64
1,5,BBMUXS2,5,64888,64
1,5,BBMUXS2,6,64772,128
1,5,BBMUXS2,7,64888,128
1,5,BBMUXS2,8,64887,4
1,5,BBMUXS3,0,65236,16
1,5,BBMUXS3,1,65352,16
1,5,BBMUXS3,2,65236,32
1,5,BBMUXS3,3,65352,32
1,5,BBMUXS3,4,65236,64
1,5,BBMUXS3,5,65352,64
1,5,BBMUXS3,6,65236,128
1,5,BBMUXS3,7,65352,128
1,5,BBMUXS3,8,65351,4
1,5,BBMUXS4,0,65468,16
1,5,BBMUXS4,1,65584,16
1,5,BBMUXS4,2,65468,32
1,5,BBMUXS4,3,65584,32
1,5,BBMUXS4,4,65468,64
1,5,BBMUXS4,5,65584,64
1,5,BBMUXS4,6,65468,128
1,5,BBMUXS4,7,65584,128
1,5,BBMUXS4,8,65583,4
1,5,BBMUXS5,0,65700,16
1,5,BBMUXS5,1,65816,16
1,5,BBMUXS5,2,65700,32
1,5,BBMUXS5,3,65816,32
1,5,BBMUXS5,4,65700,64
1,5,BBMUXS5,5,65816,64
1,5,BBMUXS5,6,65700,128
1,5,BBMUXS5,7,65816,128
1,5,BBMUXS5,8,65815,4
1,5,BBMUXS6,0,64304,2
1,5,BBMUXS6,1,64420,2
1,5,BBMUXS6,2,64304,1
1,5,BBMUXS6,3,64420,1
1,5,BBMUXS6,4,64305,128
1,5,BBMUXS6,5,64421,128
1,5,BBMUXS6,6,64305,64
1,5,BBMUXS6,7,64421,64
1,5,BBMUXS6,8,64421,8
1,5,BBMUXS7,0,64536,2
1,5,BBMUXS7,1,64652,2
1,5,BBMUXS7,2,64536,1
1,5,BBMUXS7,3,64652,1
1,5,BBMUXS7,4,64537,128
1,5,BBMUXS7,5,64653,128
1,5,BBMUXS7,6,64537,64
1,5,BBMUXS7,7,64653,64
1,5,BBMUXS7,8,64653,8
1,5,BBMUXS8,0,64768,2
1,5,BBMUXS8,1,64884,2
1,5,BBMUXS8,2,64768,1
1,5,BBMUXS8,3,64884,1
1,5,BBMUXS8,4,64769,128
1,5,BBMUXS8,5,64885,128
1,5,BBMUXS8,6,64769,64
1,5,BBMUXS8,7,64885,64
1,5,BBMUXS8,8,64885,8
1,5,BBMUXS9,0,65232,2
1,5,BBMUXS9,1,65348,2
1,5,BBMUXS9,2,65232,1
1,5,BBMUXS9,3,65348,1
1,5,BBMUXS9,4,65233,128
1,5,BBMUXS9,5,65349,128
1,5,BBMUXS9,6,65233,64
1,5,BBMUXS9,7,65349,64
1,5,BBMUXS9,8,65349,8
1,5,InputMUX0,0,64304,4
1,5,InputMUX1,0,64536,4
1,5,InputMUX10,0,65464,16
1,5,InputMUX11,0,65696,16
1,5,InputMUX2,0,64768,4
1,5,InputMUX3,0,65232,4
1,5,InputMUX4,0,65464,4
1,5,InputMUX5,0,65696,4
1,5,InputMUX6,0,64304,16
1,5,InputMUX7,0,64536,16
1,5,InputMUX8,0,64768,16
1,5,InputMUX9,0,65232,16
1,5,SeamMUX0,0,64307,32
1,5,SeamMUX0,1,64307,64
1,5,SeamMUX0,2,64307,128
1,5,SeamMUX0,3,64306,1
1,5,SeamMUX0,4,64306,2
1,5,SeamMUX0,5,64306,4
1,5,SeamMUX1,0,64539,32
1,5,SeamMUX1,1,64539,64
1,5,SeamMUX1,2,64539,128
1,5,SeamMUX1,3,64538,1
1,5,SeamMUX1,4,64538,2
1,5,SeamMUX1,5,64538,4
1,5,SeamMUX10,0,65465,1
1,5,SeamMUX10,1,65466,128
1,5,SeamMUX10,2,65466,64
1,5,SeamMUX10,3,65466,32
1,5,SeamMUX10,4,65466,16
1,5,SeamMUX10,5,65466,8
1,5,SeamMUX11,0,65697,1
1,5,SeamMUX11,1,65698,128
1,5,SeamMUX11,2,65698,64
1,5,SeamMUX11,3,65698,32
1,5,SeamMUX11,4,65698,16
1,5,SeamMUX11,5,65698,8
1,5,SeamMUX2,0,64771,32
1,5,SeamMUX2,1,64771,64
1,5,SeamMUX2,2,64771,128
1,5,SeamMUX2,3,64770,1
1,5,SeamMUX2,4,64770,2
1,5,SeamMUX2,5,64770,4
1,5,SeamMUX3,0,65235,32
1,5,SeamMUX3,1,65235,64
1,5,SeamMUX3,2,65235,128
1,5,SeamMUX3,3,65234,1
1,5,SeamMUX3,4,65234,2
1,5,SeamMUX3,5,65234,4
1,5,SeamMUX4,0,65467,32
1,5,SeamMUX4,1,65467,64
1,5,SeamMUX4,2,65467,128
1,5,SeamMUX4,3,65466,1
1,5,SeamMUX4,4,65466,2
1,5,SeamMUX4,5,65466,4
1,5,SeamMUX5,0,65699,32
1,5,SeamMUX5,1,65699,64
1,5,SeamMUX5,2,65699,128
1,5,SeamMUX5,3,65698,1
1,5,SeamMUX5,4,65698,2
1,5,SeamMUX5,5,65698,4
1,5,SeamMUX6,0,64305,1
1,5,SeamMUX6,1,64306,128
1,5,SeamMUX6,2,64306,64
1,5,SeamMUX6,3,64306,32
1,5,SeamMUX6,4,64306,16
1,5,SeamMUX6,5,64306,8
1,5,SeamMUX7,0,64537,1
1,5,SeamMUX7,1,64538,128
1,5,SeamMUX7,2,64538,64
1,5,SeamMUX7,3,64538,32
1,5,SeamMUX7,4,64538,16
1,5,SeamMUX7,5,64538,8
1,5,SeamMUX8,0,64769,1
1,5,SeamMUX8,1,64770,128
1,5,SeamMUX8,2,64770,64
1,5,SeamMUX8,3,64770,32
1,5,SeamMUX8,4,64770,16
1,5,SeamMUX8,5,64770,8
1,5,SeamMUX9,0,65233,1
1,5,SeamMUX9,1,65234,128
1,5,SeamMUX9,2,65234,64
1,5,SeamMUX9,3,65234,32
1,5,SeamMUX9,4,65234,16
1,5,SeamMUX9,5,65234,8
2,5,BBMUXS0,0,64303,1
2,5,BBMUXS0,1,64419,1
2,5,BBMUXS0,2,64303,2
2,5,BBMUXS0,3,64419,2
2,5,BBMUXS0,4,64303,4
2,5,BBMUXS0,5,64419,4
2,5,BBMUXS0,6,64303,8
2,5,BBMUXS0,7,64419,8
2,5,BBMUXS0,8,64419,64
2,5,BBMUXS1,0,64535,1
2,5,BBMUXS1,1,64651,1
2,5,BBMUXS1,2,64535,2
2,5,BBMUXS1,3,64651,2
2,5,BBMUXS1,4,64535,4
2,5,BBMUXS1,5,64651,4
2,5,BBMUXS1,6,64535,8
2,5,BBMUXS1,7,64651,8
2,5,BBMUXS1,8,64651,64
2,5,BBMUXS10,0,65460,32
2,5,BBMUXS10,1,65576,32
2,5,BBMUXS10,2,65460,16
2,5,BBMUXS10,3,65576,16
2,5,BBMUXS10,4,65460,8
2,5,BBMUXS10,5,65576,8
2,5,BBMUXS10,6,65460,4
2,5,BBMUXS10,7,65576,4
2,5,BBMUXS10,8,65577,128
2,5,BBMUXS11,0,65692,32
2,5,BBMUXS11,1,65808,32
2,5,BBMUXS11,2,65692,16
2,5,BBMUXS11,3,65808,16
2,5,BBMUXS11,4,65692,8
2,5,BBMUXS11,5,65808,8
2,5,BBMUXS11,6,65692,4
2,5,BBMUXS11,7,65808,4
2,5,BBMUXS11,8,65809,128
2,5,BBMUXS2,0,64767,1
2,5,BBMUXS2,1,64883,1
2,5,BBMUXS2,2,64767,2
2,5,BBMUXS2,3,64883,2
2,5,BBMUXS2,4,64767,4
2,5,BBMUXS2,5,64883,4
2,5,BBMUXS2,6,64767,8
2,5,BBMUXS2,7,64883,8
2,5,BBMUXS2,8,64883,64
2,5,BBMUXS3,0,65231,1
2,5,BBMUXS3,1,65347,1
2,5,BBMUXS3,2,65231,2
2,5,BBMUXS3,3,65347,2
2,5,BBMUXS3,4,65231,4
2,5,BBMUXS3,5,65347,4
2,5,BBMUXS3,6,65231,8
2,5,BBMUXS3,7,65347,8
2,5,BBMUXS3,8,65347,64
2,5,BBMUXS4,0,65463,1
2,5,BBMUXS4,1,65579,1
2,5,BBMUXS4,2,65463,2
2,5,BBMUXS4,3,65579,2
2,5,BBMUXS4,4,65463,4
2,5,BBMUXS4,5,65579,4
2,5,BBMUXS4,6,65463,8
2,5,BBMUXS4,7,65579,8
2,5,BBMUXS4,8,65579,64
2,5,BBMUXS5,0,65695,1
2,5,BBMUXS5,1,65811,1
2,5,BBMUXS5,2,65695,2
2,5,BBMUXS5,3,65811,2
2,5,BBMUXS5,4,65695,4
2,5,BBMUXS5,5,65811,4
2,5,BBMUXS5,6,65695,8
2,5,BBMUXS5,7,65811,8
2,5,BBMUXS5,8,65811,64
2,5,BBMUXS6,0,64300,32
2,5,BBMUXS6,1,64416,32
2,5,BBMUXS6,2,64300,16
2,5,BBMUXS6,3,64416,16
2,5,BBMUXS6,4,64300,8
2,5,BBMUXS6,5,64416,8
2,5,BBMUXS6,6,64300,4
2,5,BBMUXS6,7,64416,4
2,5,BBMUXS6,8,64417,128
2,5,BBMUXS7,0,64532,32
2,5,BBMUXS7,1,64648,32
2,5,BBMUXS7,2,64532,16
2,5,BBMUXS7,3,64648,16
2,5,BBMUXS7,4,64532,8
2,5,BBMUXS7,5,64648,8
2,5,BBMUXS7,6,64532,4
2,5,BBMUXS7,7,64648,4
2,5,BBMUXS7,8,64649,128
2,5,BBMUXS8,0,64764,32
2,5,BBMUXS8,1,64880,32
2,5,BBMUXS8,2,64764,16
2,5,BBMUXS8,3,64880,16
2,5,BBMUXS8,4,64764,8
2,5,BBMUXS8,5,64880,8
2,5,BBMUXS8,6,64764,4
2,5,BBMUXS8,7,64880,4
2,5,BBMUXS8,8,64881,128
2,5,BBMUXS9,0,65228,32
2,5,BBMUXS9,1,65344,32
2,5,BBMUXS9,2,65228,16
2,5,BBMUXS9,3,65344,16
2,5,BBMUXS9,4,65228,8
2,5,BBMUXS9,5,65344,8
2,5,BBMUXS9,6,65228,4
2,5,BBMUXS9,7,65344,4
2,5,BBMUXS9,8,65345,128
2,5,InputMUX0,0,64300,64
2,5,InputMUX1,0,64532,64
2,5,InputMUX10,0,65459,1
2,5,InputMUX11,0,65691,1
2,5,InputMUX2,0,64764,64
2,5,InputMUX3,0,65228,64
2,5,InputMUX4,0,65460,64
2,5,InputMUX5,0,65692,64
2,5,InputMUX6,0,64299,1
2,5,InputMUX7,0,64531,1
2,5,InputMUX8,0,64763,1
2,5,InputMUX9,0,65227,1
2,5,SeamMUX0,0,64302,2
2,5,SeamMUX0,1,64302,4
2,5,SeamMUX0,2,64302,8
2,5,SeamMUX0,3,64302,16
2,5,SeamMUX0,4,64302,32
2,5,SeamMUX0,5,64302,64
2,5,SeamMUX1,0,64534,2
2,5,SeamMUX1,1,64534,4
2,5,SeamMUX1,2,64534,8
2,5,SeamMUX1,3,64534,16
2,5,SeamMUX1,4,64534,32
2,5,SeamMUX1,5,64534,64
2,5,SeamMUX10,0,65461,16
2,5,SeamMUX10,1,65461,8
2,5,SeamMUX10,2,65461,4
2,5,SeamMUX10,3,65461,2
2,5,SeamMUX10,4,65461,1
2,5,SeamMUX10,5,65462,128
2,5,SeamMUX11,0,65693,16
2,5,SeamMUX11,1,65693,8
2,5,SeamMUX11,2,65693,4
2,5,SeamMUX11,3,65693,2
2,5,SeamMUX11,4,65693,1
2,5,SeamMUX11,5,65694,128
2,5,SeamMUX2,0,64766,2
2,5,SeamMUX2,1,64766,4
2,5,SeamMUX2,2,64766,8
2,5,SeamMUX2,3,64766,16
2,5,SeamMUX2,4,64766,32
2,5,SeamMUX2,5,64766,64
2,5,SeamMUX3,0,65230,2
2,5,SeamMUX3,1,65230,4
2,5,SeamMUX3,2,65230,8
2,5,SeamMUX3,3,65230,16
2,5,SeamMUX3,4,65230,32
2,5,SeamMUX3,5,65230,64
2,5,SeamMUX4,0,65462,2
2,5,SeamMUX4,1,65462,4
2,5,SeamMUX4,2,65462,8
2,5,SeamMUX4,3,65462,16
2,5,SeamMUX4,4,65462,32
2,5,SeamMUX4,5,65462,64
2,5,SeamMUX5,0,65694,2
2,5,SeamMUX5,1,65694,4
2,5,SeamMUX5,2,65694,8
2,5,SeamMUX5,3,65694,16
2,5,SeamMUX5,4,65694,32
2,5,SeamMUX5,5,65694,64
2,5,SeamMUX6,0,64301,16
2,5,SeamMUX6,1,64301,8
2,5,SeamMUX6,2,64301,4
2,5,SeamMUX6,3,64301,2
2,5,SeamMUX6,4,64301,1
2,5,SeamMUX6,5,64302,128
2,5,SeamMUX7,0,64533,16
2,5,SeamMUX7,1,64533,8
2,5,SeamMUX7,2,64533,4
2,5,SeamMUX7,3,64533,2
2,5,SeamMUX7,4,64533,1
2,5,SeamMUX7,5,64534,128
2,5,SeamMUX8,0,64765,16
2,5,SeamMUX8,1,64765,8
2,5,SeamMUX8,2,64765,4
2,5,SeamMUX8,3,64765,2
2,5,SeamMUX8,4,64765,1
2,5,SeamMUX8,5,64766,128
2,5,SeamMUX9,0,65229,16
2,5,SeamMUX9,1,65229,8
2,5,SeamMUX9,2,65229,4
2,5,SeamMUX9,3,65229,2
2,5,SeamMUX9,4,65229,1
2,5,SeamMUX9,5,65230,128
3,5,BBMUXS0,0,64299,16
3,5,BBMUXS0,1,64415,16
3,5,BBMUXS0,2,64299,32
3,5,BBMUXS0,3,64415,32
3,5,BBMUXS0,4,64299,64
3,5,BBMUXS0,5,64415,64
3,5,BBMUXS0,6,64299,128
3,5,BBMUXS0,7,64415,128
3,5,BBMUXS0,8,64414,4
3,5,BBMUXS1,0,64531,16
3,5,BBMUXS1,1,64647,16
3,5,BBMUXS1,2,64531,32
3,5,BBMUXS1,3,64647,32
3,5,BBMUXS1,4,64531,64
3,5,BBMUXS1,5,64647,64
3,5,BBMUXS1,6,64531,128
3,5,BBMUXS1,7,64647,128
3,5,BBMUXS1,8,64646,4
3,5,BBMUXS10,0,65455,2
3,5,BBMUXS10,1,65571,2
3,5,BBMUXS10,2,65455,1
3,5,BBMUXS10,3,65571,1
3,5,BBMUXS10,4,65456,128
3,5,BBMUXS10,5,65572,128
3,5,BBMUXS10,6,65456,64
3,5,BBMUXS10,7,65572,64
3,5,BBMUXS10,8,65572,8
3,5,BBMUXS11,0,65687,2
3,5,BBMUXS11,1,65803,2
3,5,BBMUXS11,2,65687,1
3,5,BBMUXS11,3,65803,1
3,5,BBMUXS11,4,65688,128
3,5,BBMUXS11,5,65804,128
3,5,BBMUXS11,6,65688,64
3,5,BBMUXS11,7,65804,64
3,5,BBMUXS11,8,65804,8
3,5,BBMUXS2,0,64763,16
3,5,BBMUXS2,1,64879,16
3,5,BBMUXS2,2,64763,32
3,5,BBMUXS2,3,64879,32
3,5,BBMUXS2,4,64763,64
3,5,BBMUXS2,5,64879,64
3,5,BBMUXS2,6,64763,128
3,5,BBMUXS2,7,64879,128
3,5,BBMUXS2,8,64878,4
3,5,BBMUXS3,0,65227,16
3,5,BBMUXS3,1,65343,16
3,5,BBMUXS3,2,65227,32
3,5,BBMUXS3,3,65343,32
3,5,BBMUXS3,4,65227,64
3,5,BBMUXS3,5,65343,64
3,5,BBMUXS3,6,65227,128
3,5,BBMUXS3,7,65343,128
3,5,BBMUXS3,8,65342,4
3,5,BBMUXS4,0,65459,16
3,5,BBMUXS4,1,65575,16
3,5,BBMUXS4,2,65459,32
3,5,BBMUXS4,3,65575,32
3,5,BBMUXS4,4,65459,64
3,5,BBMUXS4,5,65575,64
3,5,BBMUXS4,6,65459,128
3,5,BBMUXS4,7,65575,128
3,5,BBMUXS4,8,65574,4
3,5,BBMUXS5,0,65691,16
3,5,BBMUXS5,1,65807,16
3,5,BBMUXS5,2,65691,32
3,5,BBMUXS5,3,65807,32
3,5,BBMUXS5,4,65691,64
3,5,BBMUXS5,5,65807,64
3,5,BBMUXS5,6,65691,128
3,5,BBMUXS5,7,65807,128
3,5,BBMUXS5,8,65806,4
3,5,BBMUXS6,0,64295,2
3,5,BBMUXS6,1,64411,2
3,5,BBMUXS6,2,64295,1
3,5,BBMUXS6,3,64411,1
3,5,BBMUXS6,4,64296,128
3,5,BBMUXS6,5,64412,128
3,5,BBMUXS6,6,64296,64
3,5,BBMUXS6,7,64412,64
3,5,BBMUXS6,8,64412,8
3,5,BBMUXS7,0,64527,2
3,5,BBMUXS7,1,64643,2
3,5,BBMUXS7,2,64527,1
3,5,BBMUXS7,3,64643,1
3,5,BBMUXS7,4,64528,128
3,5,BBMUXS7,5,64644,128
3,5,BBMUXS7,6,64528,64
3,5,BBMUXS7,7,64644,64
3,5,BBMUXS7,8,64644,8
3,5,BBMUXS8,0,64759,2
3,5,BBMUXS8,1,64875,2
3,5,BBMUXS8,2,64759,1
3,5,BBMUXS8,3,64875,1
3,5,BBMUXS8,4,64760,128
3,5,BBMUXS8,5,64876,128
3,5,BBMUXS8,6,64760,64
3,5,BBMUXS8,7,64876,64
3,5,BBMUXS8,8,64876,8
3,5,BBMUXS9,0,65223,2
3,5,BBMUXS9,1,65339,2
3,5,BBMUXS9,2,65223,1
3,5,BBMUXS9,3,65339,1
3,5,BBMUXS9,4,65224,128
3,5,BBMUXS9,5,65340,128
3,5,BBMUXS9,6,65224,64
3,5,BBMUXS9,7,65340,64
3,5,BBMUXS9,8,65340,8
3,5,InputMUX0,0,64295,4
3,5,InputMUX1,0,64527,4
3,5,InputMUX10,0,65455,16
3,5,InputMUX11,0,65687,16
3,5,InputMUX2,0,64759,4
3,5,InputMUX3,0,65223,4
3,5,InputMUX4,0,65455,4
3,5,InputMUX5,0,65687,4
3,5,InputMUX6,0,64295,16
3,5,InputMUX7,0,64527,16
3,5,InputMUX8,0,64759,16
3,5,InputMUX9,0,65223,16
3,5,SeamMUX0,0,64298,32
3,5,SeamMUX0,1,64298,64
3,5,SeamMUX0,2,64298,128
3,5,SeamMUX0,3,64297,1
3,5,SeamMUX0,4,64297,2
3,5,SeamMUX0,5,64297,4
3,5,SeamMUX1,0,64530,32
3,5,SeamMUX1,1,64530,64
3,5,SeamMUX1,2,64530,128
3,5,SeamMUX1,3,64529,1
3,5,SeamMUX1,4,64529,2
3,5,SeamMUX1,5,64529,4
3,5,SeamMUX10,0,65456,1
3,5,SeamMUX10,1,65457,128
3,5,SeamMUX10,2,65457,64
3,5,SeamMUX10,3,65457,32
3,5,SeamMUX10,4,65457,16
3,5,SeamMUX10,5,65457,8
3,5,SeamMUX11,0,65688,1
3,5,SeamMUX11,1,65689,128
3,5,SeamMUX11,2,65689,64
3,5,SeamMUX11,3,65689,32
3,5,SeamMUX11,4,65689,16
3,5,SeamMUX11,5,65689,8
3,5,SeamMUX2,0,64762,32
3,5,SeamMUX2,1,64762,64
3,5,SeamMUX2,2,64762,128
3,5,SeamMUX2,3,64761,1
3,5,SeamMUX2,4,64761,2
3,5,SeamMUX2,5,64761,4
3,5,SeamMUX3,0,65226,32
3,5,SeamMUX3,1,65226,64
3,5,SeamMUX3,2,65226,128
3,5,SeamMUX3,3,65225,1
3,5,SeamMUX3,4,65225,2
3,5,SeamMUX3,5,65225,4
3,5,SeamMUX4,0,65458,32
3,5,SeamMUX4,1,65458,64
3,5,SeamMUX4,2,65458,128
3,5,SeamMUX4,3,65457,1
3,5,SeamMUX4,4,65457,2
3,5,SeamMUX4,5,65457,4
3,5,SeamMUX5,0,65690,32
3,5,SeamMUX5,1,65690,64
3,5,SeamMUX5,2,65690,128
3,5,SeamMUX5,3,65689,1
3,5,SeamMUX5,4,65689,2
3,5,SeamMUX5,5,65689,4
3,5,SeamMUX6,0,64296,1
3,5,SeamMUX6,1,64297,128
3,5,SeamMUX6,2,64297,64
3,5,SeamMUX6,3,64297,32
3,5,SeamMUX6,4,64297,16
3,5,SeamMUX6,5,64297,8
3,5,SeamMUX7,0,64528,1
3,5,SeamMUX7,1,64529,128
3,5,SeamMUX7,2,64529,64
3,5,SeamMUX7,3,64529,32
3,5,SeamMUX7,4,64529,16
3,5,SeamMUX7,5,64529,8
3,5,SeamMUX8,0,64760,1
3,5,SeamMUX8,1,64761,128
3,5,SeamMUX8,2,64761,64
3,5,SeamMUX8,3,64761,32
3,5,SeamMUX8,4,64761,16
3,5,SeamMUX8,5,64761,8
3,5,SeamMUX9,0,65224,1
3,5,SeamMUX9,1,65225,128
3,5,SeamMUX9,2,65225,64
3,5,SeamMUX9,3,65225,32
3,5,SeamMUX9,4,65225,16
3,5,SeamMUX9,5,65225,8
4,5,BBMUXS0,0,64294,1
4,5,BBMUXS0,1,64410,1
4,5,BBMUXS0,2,64294,2
4,5,BBMUXS0,3,64410,2
4,5,BBMUXS0,4,64294,4
4,5,BBMUXS0,5,64410,4
4,5,BBMUXS0,6,64294,8
4,5,BBMUXS0,7,64410,8
4,5,BBMUXS0,8,64410,64
4,5,BBMUXS1,0,64526,1
4,5,BBMUXS1,1,64642,1
4,5,BBMUXS1,2,64526,2
4,5,BBMUXS1,3,64642,2
4,5,BBMUXS1,4,64526,4
4,5,BBMUXS1,5,64642,4
4,5,BBMUXS1,6,64526,8
4,5,BBMUXS1,7,64642,8
4,5,BBMUXS1,8,64642,64
4,5,BBMUXS10,0,65451,32
4,5,BBMUXS10,1,65567,32
4,5,BBMUXS10,2,65451,16
4,5,BBMUXS10,3,65567,16
4,5,BBMUXS10,4,65451,8
4,5,BBMUXS10,5,65567,8
4,5,BBMUXS10,6,65451,4
4,5,BBMUXS10,7,65567,4
4,5,BBMUXS10,8,65568,128
4,5,BBMUXS11,0,65683,32
4,5,BBMUXS11,1,65799,32
4,5,BBMUXS11,2,65683,16
4,5,BBMUXS11,3,65799,16
4,5,BBMUXS11,4,65683,8
4,5,BBMUXS11,5,65799,8
4,5,BBMUXS11,6,65683,4
4,5,BBMUXS11,7,65799,4
4,5,BBMUXS11,8,65800,128
4,5,BBMUXS2,0,64758,1
4,5,BBMUXS2,1,64874,1
4,5,BBMUXS2,2,64758,2
4,5,BBMUXS2,3,64874,2
4,5,BBMUXS2,4,64758,4
4,5,BBMUXS2,5,64874,4
4,5,BBMUXS2,6,64758,8
4,5,BBMUXS2,7,64874,8
4,5,BBMUXS2,8,64874,64
4,5,BBMUXS3,0,65222,1
4,5,BBMUXS3,1,65338,1
4,5,BBMUXS3,2,65222,2
4,5,BBMUXS3,3,65338,2
4,5,BBMUXS3,4,65222,4
4,5,BBMUXS3,5,65338,4
4,5,BBMUXS3,6,65222,8
4,5,BBMUXS3,7,65338,8
4,5,BBMUXS3,8,65338,64
4,5,BBMUXS4,0,65454,1
4,5,BBMUXS4,1,65570,1
4,5,BBMUXS4,2,65454,2
4,5,BBMUXS4,3,65570,2
4,5,BBMUXS4,4,65454,4
4,5,BBMUXS4,5,65570,4
4,5,BBMUXS4,6,65454,8
4,5,BBMUXS4,7,65570,8
4,5,BBMUXS4,8,65570,64
4,5,BBMUXS5,0,65686,1
4,5,BBMUXS5,1,65802,1
4,5,BBMUXS5,2,65686,2
4,5,BBMUXS5,3,65802,2
4,5,BBMUXS5,4,65686,4
4,5,BBMUXS5,5,65802,4
4,5,BBMUXS5,6,65686,8
4,5,BBMUXS5,7,65802,8
4,5,BBMUXS5,8,65802,64
4,5,BBMUXS6,0,64291,32
4,5,BBMUXS6,1,64407,32
4,5,BBMUXS6,2,64291,16
4,5,BBMUXS6,3,64407,16
4,5,BBMUXS6,4,64291,8
4,5,BBMUXS6,5,64407,8
4,5,BBMUXS6,6,64291,4
4,5,BBMUXS6,7,64407,4
4,5,BBMUXS6,8,64408,128
4,5,BBMUXS7,0,64523,32
4,5,BBMUXS7,1,64639,32
4,5,BBMUXS7,2,64523,16
4,5,BBMUXS7,3,64639,16
4,5,BBMUXS7,4,64523,8
4,5,BBMUXS7,5,64639,8
4,5,BBMUXS7,6,64523,4
4,5,BBMUXS7,7,64639,4
4,5,BBMUXS7,8,64640,128
4,5,BBMUXS8,0,64755,32
4,5,BBMUXS8,1,64871,32
4,5,BBMUXS8,2,64755,16
4,5,BBMUXS8,3,64871,16
4,5,BBMUXS8,4,64755,8
4,5,BBMUXS8,5,64871,8
4,5,BBMUXS8,6,64755,4
4,5,BBMUXS8,7,64871,4
4,5,BBMUXS8,8,64872,128
4,5,BBMUXS9,0,65219,32
4,5,BBMUXS9,1,65335,32
4,5,BBMUXS9,2,65219,16
4,5,BBMUXS9,3,65335,16
4,5,BBMUXS9,4,65219,8
4,5,BBMUXS9,5,65335,8
4,5,BBMUXS9,6,65219,4
4,5,BBMUXS9,7,65335,4
4,5,BBMUXS9,8,65336,128
4,5,InputMUX0,0,64291,64
4,5,InputMUX1,0,64523,64
4,5,InputMUX10,0,65450,1
4,5,InputMUX11,0,65682,1
4,5,InputMUX2,0,64755,64
4,5,InputMUX3,0,65219,64
4,5,InputMUX4,0,65451,64
4,5,InputMUX5,0,65683,64
4,5,InputMUX6,0,64290,1
4,5,InputMUX7,0,64522,1
4,5,InputMUX8,0,64754,1
4,5,InputMUX9,0,65218,1
4,5,SeamMUX0,0,64293,2
4,5,SeamMUX0,1,64293,4
4,5,SeamMUX0,2,64293,8
4,5,SeamMUX0,3,64293,16
4,5,SeamMUX0,4,64293,32
4,5,SeamMUX0,5,64293,64
4,5,SeamMUX1,0,64525,2
4,5,SeamMUX1,1,64525,4
4,5,SeamMUX1,2,64525,8
4,5,SeamMUX1,3,64525,16
4,5,SeamMUX1,4,64525,32
4,5,SeamMUX1,5,64525,64
4,5,SeamMUX10,0,65452,16
4,5,SeamMUX10,1,65452,8
4,5,SeamMUX10,2,65452,4
4,5,SeamMUX10,3,65452,2
4,5,SeamMUX10,4,65452,1
4,5,SeamMUX10,5,65453,128
4,5,SeamMUX11,0,65684,16
4,5,SeamMUX11,1,65684,8
4,5,SeamMUX11,2,65684,4
4,5,SeamMUX11,3,65684,2
4,5,SeamMUX11,4,65684,1
4,5,SeamMUX11,5,65685,128
4,5,SeamMUX2,0,64757,2
4,5,SeamMUX2,1,64757,4
4,5,SeamMUX2,2,64757,8
4,5,SeamMUX2,3,64757,16
4,5,SeamMUX2,4,64757,32
4,5,SeamMUX2,5,64757,64
4,5,SeamMUX3,0,65221,2
4,5,SeamMUX3,1,65221,4
4,5,SeamMUX3,2,65221,8
4,5,SeamMUX3,3,65221,16
4,5,SeamMUX3,4,65221,32
4,5,SeamMUX3,5,65221,64
4,5,SeamMUX4,0,65453,2
4,5,SeamMUX4,1,65453,4
4,5,SeamMUX4,2,65453,8
4,5,SeamMUX4,3,65453,16
4,5,SeamMUX4,4,65453,32
4,5,SeamMUX4,5,65453,64
4,5,SeamMUX5,0,65685,2
4,5,SeamMUX5,1,65685,4
4,5,SeamMUX5,2,65685,8
4,5,SeamMUX5,3,65685,16
4,5,SeamMUX5,4,65685,32
4,5,SeamMUX5,5,65685,64
4,5,SeamMUX6,0,64292,16
4,5,SeamMUX6,1,64292,8
4,5,SeamMUX6,2,64292,4
4,5,SeamMUX6,3,64292,2
4,5,SeamMUX6,4,64292,1
4,5,SeamMUX6,5,64293,128
4,5,SeamMUX7,0,64524,16
4,5,SeamMUX7,1,64524,8
4,5,SeamMUX7,2,64524,4
4,5,SeamMUX7,3,64524,2
4,5,SeamMUX7,4,64524,1
4,5,SeamMUX7,5,64525,128
4,5,SeamMUX8,0,64756,16
4,5,SeamMUX8,1,64756,8
4,5,SeamMUX8,2,64756,4
4,5,SeamMUX8,3,64756,2
4,5,SeamMUX8,4,64756,1
4,5,SeamMUX8,5,64757,128
4,5,SeamMUX9,0,65220,16
4,5,SeamMUX9,1,65220,8
4,5,SeamMUX9,2,65220,4
4,5,SeamMUX9,3,65220,2
4,5,SeamMUX9,4,65220,1
4,5,SeamMUX9,5,65221,128
5,5,BBMUXS0,0,64290,16
5,5,BBMUXS0,1,64406,16
5,5,BBMUXS0,2,64290,32
5,5,BBMUXS0,3,64406,32
5,5,BBMUXS0,4,64290,64
5,5,BBMUXS0,5,64406,64
5,5,BBMUXS0,6,64290,128
5,5,BBMUXS0,7,64406,128
5,5,BBMUXS0,8,64405,4
5,5,BBMUXS1,0,64522,16
5,5,BBMUXS1,1,64638,16
5,5,BBMUXS1,2,64522,32
5,5,BBMUXS1,3,64638,32
5,5,BBMUXS1,4,64522,64
5,5,BBMUXS1,5,64638,64
5,5,BBMUXS1,6,64522,128
5,5,BBMUXS1,7,64638,128
5,5,BBMUXS1,8,64637,4
5,5,BBMUXS10,0,65446,2
5,5,BBMUXS10,1,65562,2
5,5,BBMUXS10,2,65446,1
5,5,BBMUXS10,3,65562,1
5,5,BBMUXS10,4,65447,128
5,5,BBMUXS10,5,65563,128
5,5,BBMUXS10,6,65447,64
5,5,BBMUXS10,7,65563,64
5,5,BBMUXS10,8,65563,8
5,5,BBMUXS11,0,65678,2
5,5,BBMUXS11,1,65794,2
5,5,BBMUXS11,2,65678,1
5,5,BBMUXS11,3,65794,1
5,5,BBMUXS11,4,65679,128
5,5,BBMUXS11,5,65795,128
5,5,BBMUXS11,6,65679,64
5,5,BBMUXS11,7,65795,64
5,5,BBMUXS11,8,65795,8
5,5,BBMUXS2,0,64754,16
5,5,BBMUXS2,1,64870,16
5,5,BBMUXS2,2,64754,32
5,5,BBMUXS2,3,64870,32
5,5,BBMUXS2,4,64754,64
5,5,BBMUXS2,5,64870,64
5,5,BBMUXS2,6,64754,128
5,5,BBMUXS2,7,64870,128
5,5,BBMUXS2,8,64869,4
5,5,BBMUXS3,0,65218,16
5,5,BBMUXS3,1,65334,16
5,5,BBMUXS3,2,65218,32
5,5,BBMUXS3,3,65334,32
5,5,BBMUXS3,4,65218,64
5,5,BBMUXS3,5,65334,64
5,5,BBMUXS3,6,65218,128
5,5,BBMUXS3,7,65334,128
5,5,BBMUXS3,8,65333,4
5,5,BBMUXS4,0,65450,16
5,5,BBMUXS4,1,65566,16
5,5,BBMUXS4,2,65450,32
5,5,BBMUXS4,3,65566,32
5,5,BBMUXS4,4,65450,64
5,5,BBMUXS4,5,65566,64
5,5,BBMUXS4,6,65450,128
5,5,BBMUXS4,7,65566,128
5,5,BBMUXS4,8,65565,4
5,5,BBMUXS5,0,65682,16
5,5,BBMUXS5,1,65798,16
5,5,BBMUXS5,2,65682,32
5,5,BBMUXS5,3,65798,32
5,5,BBMUXS5,4,65682,64
5,5,BBMUXS5,5,65798,64
5,5,BBMUXS5,6,65682,128
5,5,BBMUXS5,7,65798,128
5,5,BBMUXS5,8,65797,4
5,5,BBMUXS6,0,64286,2
5,5,BBMUXS6,1,64402,2
5,5,BBMUXS6,2,64286,1
5,5,BBMUXS6,3,64402,1
5,5,BBMUXS6,4,64287,128
5,5,BBMUXS6,5,64403,128
5,5,BBMUXS6,6,64287,64
5,5,BBMUXS6,7,64403,64
5,5,BBMUXS6,8,64403,8
5,5,BBMUXS7,0,64518,2
5,5,BBMUXS7,1,64634,2
5,5,BBMUXS7,2,64518,1
5,5,BBMUXS7,3,64634,1
5,5,BBMUXS7,4,64519,128
5,5,BBMUXS7,5,64635,128
5,5,BBMUXS7,6,64519,64
5,5,BBMUXS7,7,64635,64
5,5,BBMUXS7,8,64635,8
5,5,BBMUXS8,0,64750,2
5,5,BBMUXS8,1,64866,2
5,5,BBMUXS8,2,64750,1
5,5,BBMUXS8,3,64866,1
5,5,BBMUXS8,4,64751,128
5,5,BBMUXS8,5,64867,128
5,5,BBMUXS8,6,64751,64
5,5,BBMUXS8,7,64867,64
5,5,BBMUXS8,8,64867,8
5,5,BBMUXS9,0,65214,2
5,5,BBMUXS9,1,65330,2
5,5,BBMUXS9,2,65214,1
5,5,BBMUXS9,3,65330,1
5,5,BBMUXS9,4,65215,128
5,5,BBMUXS9,5,65331,128
5,5,BBMUXS9,6,65215,64
5,5,BBMUXS9,7,65331,64
5,5,BBMUXS9,8,65331,8
5,5,InputMUX0,0,64286,4
5,5,InputMUX1,0,64518,4
5,5,InputMUX10,0,65446,16
5,5,InputMUX11,0,65678,16
5,5,InputMUX2,0,64750,4
5,5,InputMUX3,0,65214,4
5,5,InputMUX4,0,65446,4
5,5,InputMUX5,0,65678,4
5,5,InputMUX6,0,64286,16
5,5,InputMUX7,0,64518,16
5,5,InputMUX8,0,64750,16
5,5,InputMUX9,0,65214,16
5,5,SeamMUX0,0,64289,32
5,5,SeamMUX0,1,64289,64
5,5,SeamMUX0,2,64289,128
5,5,SeamMUX0,3,64288,1
5,5,SeamMUX0,4,64288,2
5,5,SeamMUX0,5,64288,4
5,5,SeamMUX1,0,64521,32
5,5,SeamMUX1,1,64521,64
5,5,SeamMUX1,2,64521,128
5,5,SeamMUX1,3,64520,1
5,5,SeamMUX1,4,64520,2
5,5,SeamMUX1,5,64520,4
5,5,SeamMUX10,0,65447,1
5,5,SeamMUX10,1,65448,128
5,5,SeamMUX10,2,65448,64
5,5,SeamMUX10,3,65448,32
5,5,SeamMUX10,4,65448,16
5,5,SeamMUX10,5,65448,8
5,5,SeamMUX11,0,65679,1
5,5,SeamMUX11,1,65680,128
5,5,SeamMUX11,2,65680,64
5,5,SeamMUX11,3,65680,32
5,5,SeamMUX11,4,65680,16
5,5,SeamMUX11,5,65680,8
5,5,SeamMUX2,0,64753,32
5,5,SeamMUX2,1,64753,64
5,5,SeamMUX2,2,64753,128
5,5,SeamMUX2,3,64752,1
5,5,SeamMUX2,4,64752,2
5,5,SeamMUX2,5,64752,4
5,5,SeamMUX3,0,65217,32
5,5,SeamMUX3,1,65217,64
5,5,SeamMUX3,2,65217,128
5,5,SeamMUX3,3,65216,1
5,5,SeamMUX3,4,65216,2
5,5,SeamMUX3,5,65216,4
5,5,SeamMUX4,0,65449,32
5,5,SeamMUX4,1,65449,64
5,5,SeamMUX4,2,65449,128
5,5,SeamMUX4,3,65448,1
5,5,SeamMUX4,4,65448,2
5,5,SeamMUX4,5,65448,4
5,5,SeamMUX5,0,65681,32
5,5,SeamMUX5,1,65681,64
5,5,SeamMUX5,2,65681,128
5,5,SeamMUX5,3,65680,1
5,5,SeamMUX5,4,65680,2
5,5,SeamMUX5,5,65680,4
5,5,SeamMUX6,0,64287,1
5,5,SeamMUX6,1,64288,128
5,5,SeamMUX6,2,64288,64
5,5,SeamMUX6,3,64288,32
5,5,SeamMUX6,4,64288,16
5,5,SeamMUX6,5,64288,8
5,5,SeamMUX7,0,64519,1
5,5,SeamMUX7,1,64520,128
5,5,SeamMUX7,2,64520,64
5,5,SeamMUX7,3,64520,32
5,5,SeamMUX7,4,64520,16
5,5,SeamMUX7,5,64520,8
5,5,SeamMUX8,0,64751,1
5,5,SeamMUX8,1,64752,128
5,5,SeamMUX8,2,64752,64
5,5,SeamMUX8,3,64752,32
5,5,SeamMUX8,4,64752,16
5,5,SeamMUX8,5,64752,8
5,5,SeamMUX9,0,65215,1
5,5,SeamMUX9,1,65216,128
5,5,SeamMUX9,2,65216,64
5,5,SeamMUX9,3,65216,32
5,5,SeamMUX9,4,65216,16
5,5,SeamMUX9,5,65216,8
6,5,BBMUXS0,0,64285,1
6,5,BBMUXS0,1,64401,1
6,5,BBMUXS0,2,64285,2
6,5,BBMUXS0,3,64401,2
6,5,BBMUXS0,4,64285,4
6,5,BBMUXS0,5,64401,4
6,5,BBMUXS0,6,64285,8
6,5,BBMUXS0,7,64401,8
6,5,BBMUXS0,8,64401,64
6,5,BBMUXS1,0,64517,1
6,5,BBMUXS1,1,64633,1
6,5,BBMUXS1,2,64517,2
6,5,BBMUXS1,3,64633,2
6,5,BBMUXS1,4,64517,4
6,5,BBMUXS1,5,64633,4
6,5,BBMUXS1,6,64517,8
6,5,BBMUXS1,7,64633,8
6,5,BBMUXS1,8,64633,64
6,5,BBMUXS10,0,65442,32
6,5,BBMUXS10,1,65558,32
6,5,BBMUXS10,2,65442,16
6,5,BBMUXS10,3,65558,16
6,5,BBMUXS10,4,65442,8
6,5,BBMUXS10,5,65558,8
6,5,BBMUXS10,6,65442,4
6,5,BBMUXS10,7,65558,4
6,5,BBMUXS10,8,65559,128
6,5,BBMUXS11,0,65674,32
6,5,BBMUXS11,1,65790,32
6,5,BBMUXS11,2,65674,16
6,5,BBMUXS11,3,65790,16
6,5,BBMUXS11,4,65674,8
6,5,BBMUXS11,5,65790,8
6,5,BBMUXS11,6,65674,4
6,5,BBMUXS11,7,65790,4
6,5,BBMUXS11,8,65791,128
6,5,BBMUXS2,0,64749,1
6,5,BBMUXS2,1,64865,1
6,5,BBMUXS2,2,64749,2
6,5,BBMUXS2,3,64865,2
6,5,BBMUXS2,4,64749,4
6,5,BBMUXS2,5,64865,4
6,5,BBMUXS2,6,64749,8
6,5,BBMUXS2,7,64865,8
6,5,BBMUXS2,8,64865,64
6,5,BBMUXS3,0,65213,1
6,5,BBMUXS3,1,65329,1
6,5,BBMUXS3,2,65213,2
6,5,BBMUXS3,3,65329,2
6,5,BBMUXS3,4,65213,4
6,5,BBMUXS3,5,65329,4
6,5,BBMUXS3,6,65213,8
6,5,BBMUXS3,7,65329,8
6,5,BBMUXS3,8,65329,64
6,5,BBMUXS4,0,65445,1
6,5,BBMUXS4,1,65561,1
6,5,BBMUXS4,2,65445,2
6,5,BBMUXS4,3,65561,2
6,5,BBMUXS4,4,65445,4
6,5,BBMUXS4,5,65561,4
6,5,BBMUXS4,6,65445,8
6,5,BBMUXS4,7,65561,8
6,5,BBMUXS4,8,65561,64
6,5,BBMUXS5,0,65677,1
6,5,BBMUXS5,1,65793,1
6,5,BBMUXS5,2,65677,2
6,5,BBMUXS5,3,65793,2
6,5,BBMUXS5,4,65677,4
6,5,BBMUXS5,5,65793,4
6,5,BBMUXS5,6,65677,8
6,5,BBMUXS5,7,65793,8
6,5,BBMUXS5,8,65793,64
6,5,BBMUXS6,0,64282,32
6,5,BBMUXS6,1,64398,32
6,5,BBMUXS6,2,64282,16
6,5,BBMUXS6,3,64398,16
6,5,BBMUXS6,4,64282,8
6,5,BBMUXS6,5,64398,8
6,5,BBMUXS6,6,64282,4
6,5,BBMUXS6,7,64398,4
6,5,BBMUXS6,8,64399,128
6,5,BBMUXS7,0,64514,32
6,5,BBMUXS7,1,64630,32
6,5,BBMUXS7,2,64514,16
6,5,BBMUXS7,3,64630,16
6,5,BBMUXS7,4,64514,8
6,5,BBMUXS7,5,64630,8
6,5,BBMUXS7,6,64514,4
6,5,BBMUXS7,7,64630,4
6,5,BBMUXS7,8,64631,128
6,5,BBMUXS8,0,64746,32
6,5,BBMUXS8,1,64862,32
6,5,BBMUXS8,2,64746,16
6,5,BBMUXS8,3,64862,16
6,5,BBMUXS8,4,64746,8
6,5,BBMUXS8,5,64862,8
6,5,BBMUXS8,6,64746,4
6,5,BBMUXS8,7,64862,4
6,5,BBMUXS8,8,64863,128
6,5,BBMUXS9,0,65210,32
6,5,BBMUXS9,1,65326,32
6,5,BBMUXS9,2,65210,16
6,5,BBMUXS9,3,65326,16
6,5,BBMUXS9,4,65210,8
6,5,BBMUXS9,5,65326,8
6,5,BBMUXS9,6,65210,4
6,5,BBMUXS9,7,65326,4
6,5,BBMUXS9,8,65327,128
6,5,InputMUX0,0,64282,64
6,5,InputMUX1,0,64514,64
6,5,InputMUX10,0,65441,1
6,5,InputMUX11,0,65673,1
6,5,InputMUX2,0,64746,64
6,5,InputMUX3,0,65210,64
6,5,InputMUX4,0,65442,64
6,5,InputMUX5,0,65674,64
6,5,InputMUX6,0,64281,1
6,5,InputMUX7,0,64513,1
6,5,InputMUX8,0,64745,1
6,5,InputMUX9,0,65209,1
6,5,SeamMUX0,0,64284,2
6,5,SeamMUX0,1,64284,4
6,5,SeamMUX0,2,64284,8
6,5,SeamMUX0,3,64284,16
6,5,SeamMUX0,4,64284,32
6,5,SeamMUX0,5,64284,64
6,5,SeamMUX1,0,64516,2
6,5,SeamMUX1,1,64516,4
6,5,SeamMUX1,2,64516,8
6,5,SeamMUX1,3,64516,16
6,5,SeamMUX1,4,64516,32
6,5,SeamMUX1,5,64516,64
6,5,SeamMUX10,0,65443,16
6,5,SeamMUX10,1,65443,8
6,5,SeamMUX10,2,65443,4
6,5,SeamMUX10,3,65443,2
6,5,SeamMUX10,4,65443,1
6,5,SeamMUX10,5,65444,128
6,5,SeamMUX11,0,65675,16
6,5,SeamMUX11,1,65675,8
6,5,SeamMUX11,2,65675,4
6,5,SeamMUX11,3,65675,2
6,5,SeamMUX11,4,65675,1
6,5,SeamMUX11,5,65676,128
6,5,SeamMUX2,0,64748,2
6,5,SeamMUX2,1,64748,4
6,5,SeamMUX2,2,64748,8
6,5,SeamMUX2,3,64748,16
6,5,SeamMUX2,4,64748,32
6,5,SeamMUX2,5,64748,64
6,5,SeamMUX3,0,65212,2
6,5,SeamMUX3,1,65212,4
6,5,SeamMUX3,2,65212,8
6,5,SeamMUX3,3,65212,16
6,5,SeamMUX3,4,65212,32
6,5,SeamMUX3,5,65212,64
6,5,SeamMUX4,0,65444,2
6,5,SeamMUX4,1,65444,4
6,5,SeamMUX4,2,65444,8
6,5,SeamMUX4,3,65444,16
6,5,SeamMUX4,4,65444,32
6,5,SeamMUX4,5,65444,64
6,5,SeamMUX5,0,65676,2
6,5,SeamMUX5,1,65676,4
6,5,SeamMUX5,2,65676,8
6,5,SeamMUX5,3,65676,16
6,5,SeamMUX5,4,65676,32
6,5,SeamMUX5,5,65676,64
6,5,SeamMUX6,0,64283,16
6,5,SeamMUX6,1,64283,8
6,5,SeamMUX6,2,64283,4
6,5,SeamMUX6,3,64283,2
6,5,SeamMUX6,4,64283,1
6,5,SeamMUX6,5,64284,128
6,5,SeamMUX7,0,64515,16
6,5,SeamMUX7,1,64515,8
6,5,SeamMUX7,2,64515,4
6,5,SeamMUX7,3,64515,2
6,5,SeamMUX7,4,64515,1
6,5,SeamMUX7,5,64516,128
6,5,SeamMUX8,0,64747,16
6,5,SeamMUX8,1,64747,8
6,5,SeamMUX8,2,64747,4
6,5,SeamMUX8,3,64747,2
6,5,SeamMUX8,4,64747,1
6,5,SeamMUX8,5,64748,128
6,5,SeamMUX9,0,65211,16
6,5,SeamMUX9,1,65211,8
6,5,SeamMUX9,2,65211,4
6,5,SeamMUX9,3,65211,2
6,5,SeamMUX9,4,65211,1
6,5,SeamMUX9,5,65212,128
7,5,BBMUXS0,0,64281,16
7,5,BBMUXS0,1,64397,16
7,5,BBMUXS0,2,64281,32
7,5,BBMUXS0,3,64397,32
7,5,BBMUXS0,4,64281,64
7,5,BBMUXS0,5,64397,64
7,5,BBMUXS0,6,64281,128
7,5,BBMUXS0,7,64397,128
7,5,BBMUXS0,8,64396,4
7,5,BBMUXS1,0,64513,16
7,5,BBMUXS1,1,64629,16
7,5,BBMUXS1,2,64513,32
7,5,BBMUXS1,3,64629,32
7,5,BBMUXS1,4,64513,64
7,5,BBMUXS1,5,64629,64
7,5,BBMUXS1,6,64513,128
7,5,BBMUXS1,7,64629,128
7,5,BBMUXS1,8,64628,4
7,5,BBMUXS10,0,65437,2
7,5,BBMUXS10,1,65553,2
7,5,BBMUXS10,2,65437,1
7,5,BBMUXS10,3,65553,1
7,5,BBMUXS10,4,65438,128
7,5,BBMUXS10,5,65554,128
7,5,BBMUXS10,6,65438,64
7,5,BBMUXS10,7,65554,64
7,5,BBMUXS10,8,65554,8
7,5,BBMUXS11,0,65669,2
7,5,BBMUXS11,1,65785,2
7,5,BBMUXS11,2,65669,1
7,5,BBMUXS11,3,65785,1
7,5,BBMUXS11,4,65670,128
7,5,BBMUXS11,5,65786,128
7,5,BBMUXS11,6,65670,64
7,5,BBMUXS11,7,65786,64
7,5,BBMUXS11,8,65786,8
7,5,BBMUXS2,0,64745,16
7,5,BBMUXS2,1,64861,16
7,5,BBMUXS2,2,64745,32
7,5,BBMUXS2,3,64861,32
7,5,BBMUXS2,4,64745,64
7,5,BBMUXS2,5,64861,64
7,5,BBMUXS2,6,64745,128
7,5,BBMUXS2,7,64861,128
7,5,BBMUXS2,8,64860,4
7,5,BBMUXS3,0,65209,16
7,5,BBMUXS3,1,65325,16
7,5,BBMUXS3,2,65209,32
7,5,BBMUXS3,3,65325,32
7,5,BBMUXS3,4,65209,64
7,5,BBMUXS3,5,65325,64
7,5,BBMUXS3,6,65209,128
7,5,BBMUXS3,7,65325,128
7,5,BBMUXS3,8,65324,4
7,5,BBMUXS4,0,65441,16
7,5,BBMUXS4,1,65557,16
7,5,BBMUXS4,2,65441,32
7,5,BBMUXS4,3,65557,32
7,5,BBMUXS4,4,65441,64
7,5,BBMUXS4,5,65557,64
7,5,BBMUXS4,6,65441,128
7,5,BBMUXS4,7,65557,128
7,5,BBMUXS4,8,65556,4
7,5,BBMUXS5,0,65673,16
7,5,BBMUXS5,1,65789,16
7,5,BBMUXS5,2,65673,32
7,5,BBMUXS5,3,65789,32
7,5,BBMUXS5,4,65673,64
7,5,BBMUXS5,5,65789,64
7,5,BBMUXS5,6,65673,128
7,5,BBMUXS5,7,65789,128
7,5,BBMUXS5,8,65788,4
7,5,BBMUXS6,0,64277,2
7,5,BBMUXS6,1,64393,2
7,5,BBMUXS6,2,64277,1
7,5,BBMUXS6,3,64393,1
7,5,BBMUXS6,4,64278,128
7,5,BBMUXS6,5,64394,128
7,5,BBMUXS6,6,64278,64
7,5,BBMUXS6,7,64394,64
7,5,BBMUXS6,8,64394,8
7,5,BBMUXS7,0,64509,2
7,5,BBMUXS7,1,64625,2
7,5,BBMUXS7,2,64509,1
7,5,BBMUXS7,3,64625,1
7,5,BBMUXS7,4,64510,128
7,5,BBMUXS7,5,64626,128
7,5,BBMUXS7,6,64510,64
7,5,BBMUXS7,7,64626,64
7,5,BBMUXS7,8,64626,8
7,5,BBMUXS8,0,64741,2
7,5,BBMUXS8,1,64857,2
7,5,BBMUXS8,2,64741,1
7,5,BBMUXS8,3,64857,1
7,5,BBMUXS8,4,64742,128
7,5,BBMUXS8,5,64858,128
7,5,BBMUXS8,6,64742,64
7,5,BBMUXS8,7,64858,64
7,5,BBMUXS8,8,64858,8
7,5,BBMUXS9,0,65205,2
7,5,BBMUXS9,1,65321,2
7,5,BBMUXS9,2,65205,1
7,5,BBMUXS9,3,65321,1
7,5,BBMUXS9,4,65206,128
7,5,BBMUXS9,5,65322,128
7,5,BBMUXS9,6,65206,64
7,5,BBMUXS9,7,65322,64
7,5,BBMUXS9,8,65322,8
7,5,InputMUX0,0,64277,4
7,5,InputMUX1,0,64509,4
7,5,InputMUX10,0,65437,16
7,5,InputMUX11,0,65669,16
7,5,InputMUX2,0,64741,4
7,5,InputMUX3,0,65205,4
7,5,InputMUX4,0,65437,4
7,5,InputMUX5,0,65669,4
7,5,InputMUX6,0,64277,16
7,5,InputMUX7,0,64509,16
7,5,InputMUX8,0,64741,16
7,5,InputMUX9,0,65205,16
7,5,SeamMUX0,0,64280,32
7,5,SeamMUX0,1,64280,64
7,5,SeamMUX0,2,64280,128
7,5,SeamMUX0,3,64279,1
7,5,SeamMUX0,4,64279,2
7,5,SeamMUX0,5,64279,4
7,5,SeamMUX1,0,64512,32
7,5,SeamMUX1,1,64512,64
7,5,SeamMUX1,2,64512,128
7,5,SeamMUX1,3,64511,1
7,5,SeamMUX1,4,64511,2
7,5,SeamMUX1,5,64511,4
7,5,SeamMUX10,0,65438,1
7,5,SeamMUX10,1,65439,128
7,5,SeamMUX10,2,65439,64
7,5,SeamMUX10,3,65439,32
7,5,SeamMUX10,4,65439,16
7,5,SeamMUX10,5,65439,8
7,5,SeamMUX11,0,65670,1
7,5,SeamMUX11,1,65671,128
7,5,SeamMUX11,2,65671,64
7,5,SeamMUX11,3,65671,32
7,5,SeamMUX11,4,65671,16
7,5,SeamMUX11,5,65671,8
7,5,SeamMUX2,0,64744,32
7,5,SeamMUX2,1,64744,64
7,5,SeamMUX2,2,64744,128
7,5,SeamMUX2,3,64743,1
7,5,SeamMUX2,4,64743,2
7,5,SeamMUX2,5,64743,4
7,5,SeamMUX3,0,65208,32
7,5,SeamMUX3,1,65208,64
7,5,SeamMUX3,2,65208,128
7,5,SeamMUX3,3,65207,1
7,5,SeamMUX3,4,65207,2
7,5,SeamMUX3,5,65207,4
7,5,SeamMUX4,0,65440,32
7,5,SeamMUX4,1,65440,64
7,5,SeamMUX4,2,65440,128
7,5,SeamMUX4,3,65439,1
7,5,SeamMUX4,4,65439,2
7,5,SeamMUX4,5,65439,4
7,5,SeamMUX5,0,65672,32
7,5,SeamMUX5,1,65672,64
7,5,SeamMUX5,2,65672,128
7,5,SeamMUX5,3,65671,1
7,5,SeamMUX5,4,65671,2
7,5,SeamMUX5,5,65671,4
7,5,SeamMUX6,0,64278,1
7,5,SeamMUX6,1,64279,128
7,5,SeamMUX6,2,64279,64
7,5,SeamMUX6,3,64279,32
7,5,SeamMUX6,4,64279,16
7,5,SeamMUX6,5,64279,8
7,5,SeamMUX7,0,64510,1
7,5,SeamMUX7,1,64511,128
7,5,SeamMUX7,2,64511,64
7,5,SeamMUX7,3,64511,32
7,5,SeamMUX7,4,64511,16
7,5,SeamMUX7,5,64511,8
7,5,SeamMUX8,0,64742,1
7,5,SeamMUX8,1,64743,128
7,5,SeamMUX8,2,64743,64
7,5,SeamMUX8,3,64743,32
7,5,SeamMUX8,4,64743,16
7,5,SeamMUX8,5,64743,8
7,5,SeamMUX9,0,65206,1
7,5,SeamMUX9,1,65207,128
7,5,SeamMUX9,2,65207,64
7,5,SeamMUX9,3,65207,32
7,5,SeamMUX9,4,65207,16
7,5,SeamMUX9,5,65207,8
8,5,BBMUXS0,0,64276,1
8,5,BBMUXS0,1,64392,1
8,5,BBMUXS0,2,64276,2
8,5,BBMUXS0,3,64392,2
8,5,BBMUXS0,4,64276,4
8,5,BBMUXS0,5,64392,4
8,5,BBMUXS0,6,64276,8
8,5,BBMUXS0,7,64392,8
8,5,BBMUXS0,8,64392,64
8,5,BBMUXS1,0,64508,1
8,5,BBMUXS1,1,64624,1
8,5,BBMUXS1,2,64508,2
8,5,BBMUXS1,3,64624,2
8,5,BBMUXS1,4,64508,4
8,5,BBMUXS1,5,64624,4
8,5,BBMUXS1,6,64508,8
8,5,BBMUXS1,7,64624,8
8,5,BBMUXS1,8,64624,64
8,5,BBMUXS10,0,65433,32
8,5,BBMUXS10,1,65549,32
8,5,BBMUXS10,2,65433,16
8,5,BBMUXS10,3,65549,16
8,5,BBMUXS10,4,65433,8
8,5,BBMUXS10,5,65549,8
8,5,BBMUXS10,6,65433,4
8,5,BBMUXS10,7,65549,4
8,5,BBMUXS10,8,65550,128
8,5,BBMUXS11,0,65665,32
8,5,BBMUXS11,1,65781,32
8,5,BBMUXS11,2,65665,16
8,5,BBMUXS11,3,65781,16
8,5,BBMUXS11,4,65665,8
8,5,BBMUXS11,5,65781,8
8,5,BBMUXS11,6,65665,4
8,5,BBMUXS11,7,65781,4
8,5,BBMUXS11,8,65782,128
8,5,BBMUXS2,0,64740,1
8,5,BBMUXS2,1,64856,1
8,5,BBMUXS2,2,64740,2
8,5,BBMUXS2,3,64856,2
8,5,BBMUXS2,4,64740,4
8,5,BBMUXS2,5,64856,4
8,5,BBMUXS2,6,64740,8
8,5,BBMUXS2,7,64856,8
8,5,BBMUXS2,8,64856,64
8,5,BBMUXS3,0,65204,1
8,5,BBMUXS3,1,65320,1
8,5,BBMUXS3,2,65204,2
8,5,BBMUXS3,3,65320,2
8,5,BBMUXS3,4,65204,4
8,5,BBMUXS3,5,65320,4
8,5,BBMUXS3,6,65204,8
8,5,BBMUXS3,7,65320,8
8,5,BBMUXS3,8,65320,64
8,5,BBMUXS4,0,65436,1
8,5,BBMUXS4,1,65552,1
8,5,BBMUXS4,2,65436,2
8,5,BBMUXS4,3,65552,2
8,5,BBMUXS4,4,65436,4
8,5,BBMUXS4,5,65552,4
8,5,BBMUXS4,6,65436,8
8,5,BBMUXS4,7,65552,8
8,5,BBMUXS4,8,65552,64
8,5,BBMUXS5,0,65668,1
8,5,BBMUXS5,1,65784,1
8,5,BBMUXS5,2,65668,2
8,5,BBMUXS5,3,65784,2
8,5,BBMUXS5,4,65668,4
8,5,BBMUXS5,5,65784,4
8,5,BBMUXS5,6,65668,8
8,5,BBMUXS5,7,65784,8
8,5,BBMUXS5,8,65784,64
8,5,BBMUXS6,0,64273,32
8,5,BBMUXS6,1,64389,32
8,5,BBMUXS6,2,64273,16
8,5,BBMUXS6,3,64389,16
8,5,BBMUXS6,4,64273,8
8,5,BBMUXS6,5,64389,8
8,5,BBMUXS6,6,64273,4
8,5,BBMUXS6,7,64389,4
8,5,BBMUXS6,8,64390,128
8,5,BBMUXS7,0,64505,32
8,5,BBMUXS7,1,64621,32
8,5,BBMUXS7,2,64505,16
8,5,BBMUXS7,3,64621,16
8,5,BBMUXS7,4,64505,8
8,5,BBMUXS7,5,64621,8
8,5,BBMUXS7,6,64505,4
8,5,BBMUXS7,7,64621,4
8,5,BBMUXS7,8,64622,128
8,5,BBMUXS8,0,64737,32
8,5,BBMUXS8,1,64853,32
8,5,BBMUXS8,2,64737,16
8,5,BBMUXS8,3,64853,16
8,5,BBMUXS8,4,64737,8
8,5,BBMUXS8,5,64853,8
8,5,BBMUXS8,6,64737,4
8,5,BBMUXS8,7,64853,4
8,5,BBMUXS8,8,64854,128
8,5,BBMUXS9,0,65201,32
8,5,BBMUXS9,1,65317,32
8,5,BBMUXS9,2,65201,16
8,5,BBMUXS9,3,65317,16
8,5,BBMUXS9,4,65201,8
8,5,BBMUXS9,5,65317,8
8,5,BBMUXS9,6,65201,4
8,5,BBMUXS9,7,65317,4
8,5,BBMUXS9,8,65318,128
8,5,InputMUX0,0,64273,64
8,5,InputMUX1,0,64505,64
8,5,InputMUX10,0,65432,1
8,5,InputMUX11,0,65664,1
8,5,InputMUX2,0,64737,64
8,5,InputMUX3,0,65201,64
8,5,InputMUX4,0,65433,64
8,5,InputMUX5,0,65665,64
8,5,InputMUX6,0,64272,1
8,5,InputMUX7,0,64504,1
8,5,InputMUX8,0,64736,1
8,5,InputMUX9,0,65200,1
8,5,SeamMUX0,0,64275,2
8,5,SeamMUX0,1,64275,4
8,5,SeamMUX0,2,64275,8
8,5,SeamMUX0,3,64275,16
8,5,SeamMUX0,4,64275,32
8,5,SeamMUX0,5,64275,64
8,5,SeamMUX1,0,64507,2
8,5,SeamMUX1,1,64507,4
8,5,SeamMUX1,2,64507,8
8,5,SeamMUX1,3,64507,16
8,5,SeamMUX1,4,64507,32
8,5,SeamMUX1,5,64507,64
8,5,SeamMUX10,0,65434,16
8,5,SeamMUX10,1,65434,8
8,5,SeamMUX10,2,65434,4
8,5,SeamMUX10,3,65434,2
8,5,SeamMUX10,4,65434,1
8,5,SeamMUX10,5,65435,128
8,5,SeamMUX11,0,65666,16
8,5,SeamMUX11,1,65666,8
8,5,SeamMUX11,2,65666,4
8,5,SeamMUX11,3,65666,2
8,5,SeamMUX11,4,65666,1
8,5,SeamMUX11,5,65667,128
8,5,SeamMUX2,0,64739,2
8,5,SeamMUX2,1,64739,4
8,5,SeamMUX2,2,64739,8
8,5,SeamMUX2,3,64739,16
8,5,SeamMUX2,4,64739,32
8,5,SeamMUX2,5,64739,64
8,5,SeamMUX3,0,65203,2
8,5,SeamMUX3,1,65203,4
8,5,SeamMUX3,2,65203,8
8,5,SeamMUX3,3,65203,16
8,5,SeamMUX3,4,65203,32
8,5,SeamMUX3,5,65203,64
8,5,SeamMUX4,0,65435,2
8,5,SeamMUX4,1,65435,4
8,5,SeamMUX4,2,65435,8
8,5,SeamMUX4,3,65435,16
8,5,SeamMUX4,4,65435,32
8,5,SeamMUX4,5,65435,64
8,5,SeamMUX5,0,65667,2
8,5,SeamMUX5,1,65667,4
8,5,SeamMUX5,2,65667,8
8,5,SeamMUX5,3,65667,16
8,5,SeamMUX5,4,65667,32
8,5,SeamMUX5,5,65667,64
8,5,SeamMUX6,0,64274,16
8,5,SeamMUX6,1,64274,8
8,5,SeamMUX6,2,64274,4
8,5,SeamMUX6,3,64274,2
8,5,SeamMUX6,4,64274,1
8,5,SeamMUX6,5,64275,128
8,5,SeamMUX7,0,64506,16
8,5,SeamMUX7,1,64506,8
8,5,SeamMUX7,2,64506,4
8,5,SeamMUX7,3,64506,2
8,5,SeamMUX7,4,64506,1
8,5,SeamMUX7,5,64507,128
8,5,SeamMUX8,0,64738,16
8,5,SeamMUX8,1,64738,8
8,5,SeamMUX8,2,64738,4
8,5,SeamMUX8,3,64738,2
8,5,SeamMUX8,4,64738,1
8,5,SeamMUX8,5,64739,128
8,5,SeamMUX9,0,65202,16
8,5,SeamMUX9,1,65202,8
8,5,SeamMUX9,2,65202,4
8,5,SeamMUX9,3,65202,2
8,5,SeamMUX9,4,65202,1
8,5,SeamMUX9,5,65203,128
9,5,BBMUXS0,0,64272,16
9,5,BBMUXS0,1,64388,16
9,5,BBMUXS0,2,64272,32
9,5,BBMUXS0,3,64388,32
9,5,BBMUXS0,4,64272,64
9,5,BBMUXS0,5,64388,64
9,5,BBMUXS0,6,64272,128
9,5,BBMUXS0,7,64388,128
9,5,BBMUXS0,8,64387,4
9,5,BBMUXS1,0,64504,16
9,5,BBMUXS1,1,64620,16
9,5,BBMUXS1,2,64504,32
9,5,BBMUXS1,3,64620,32
9,5,BBMUXS1,4,64504,64
9,5,BBMUXS1,5,64620,64
9,5,BBMUXS1,6,64504,128
9,5,BBMUXS1,7,64620,128
9,5,BBMUXS1,8,64619,4
9,5,BBMUXS10,0,65428,2
9,5,BBMUXS10,1,65544,2
9,5,BBMUXS10,2,65428,1
9,5,BBMUXS10,3,65544,1
9,5,BBMUXS10,4,65429,128
9,5,BBMUXS10,5,65545,128
9,5,BBMUXS10,6,65429,64
9,5,BBMUXS10,7,65545,64
9,5,BBMUXS10,8,65545,8
9,5,BBMUXS11,0,65660,2
9,5,BBMUXS11,1,65776,2
9,5,BBMUXS11,2,65660,1
9,5,BBMUXS11,3,65776,1
9,5,BBMUXS11,4,65661,128
9,5,BBMUXS11,5,65777,128
9,5,BBMUXS11,6,65661,64
9,5,BBMUXS11,7,65777,64
9,5,BBMUXS11,8,65777,8
9,5,BBMUXS2,0,64736,16
9,5,BBMUXS2,1,64852,16
9,5,BBMUXS2,2,64736,32
9,5,BBMUXS2,3,64852,32
9,5,BBMUXS2,4,64736,64
9,5,BBMUXS2,5,64852,64
9,5,BBMUXS2,6,64736,128
9,5,BBMUXS2,7,64852,128
9,5,BBMUXS2,8,64851,4
9,5,BBMUXS3,0,65200,16
9,5,BBMUXS3,1,65316,16
9,5,BBMUXS3,2,65200,32
9,5,BBMUXS3,3,65316,32
9,5,BBMUXS3,4,65200,64
9,5,BBMUXS3,5,65316,64
9,5,BBMUXS3,6,65200,128
9,5,BBMUXS3,7,65316,128
9,5,BBMUXS3,8,65315,4
9,5,BBMUXS4,0,65432,16
9,5,BBMUXS4,1,65548,16
9,5,BBMUXS4,2,65432,32
9,5,BBMUXS4,3,65548,32
9,5,BBMUXS4,4,65432,64
9,5,BBMUXS4,5,65548,64
9,5,BBMUXS4,6,65432,128
9,5,BBMUXS4,7,65548,128
9,5,BBMUXS4,8,65547,4
9,5,BBMUXS5,0,65664,16
9,5,BBMUXS5,1,65780,16
9,5,BBMUXS5,2,65664,32
9,5,BBMUXS5,3,65780,32
9,5,BBMUXS5,4,65664,64
9,5,BBMUXS5,5,65780,64
9,5,BBMUXS5,6,65664,128
9,5,BBMUXS5,7,65780,128
9,5,BBMUXS5,8,65779,4
9,5,BBMUXS6,0,64268,2
9,5,BBMUXS6,1,64384,2
9,5,BBMUXS6,2,64268,1
9,5,BBMUXS6,3,64384,1
9,5,BBMUXS6,4,64269,128
9,5,BBMUXS6,5,64385,128
9,5,BBMUXS6,6,64269,64
9,5,BBMUXS6,7,64385,64
9,5,BBMUXS6,8,64385,8
9,5,BBMUXS7,0,64500,2
9,5,BBMUXS7,1,64616,2
9,5,BBMUXS7,2,64500,1
9,5,BBMUXS7,3,64616,1
9,5,BBMUXS7,4,64501,128
9,5,BBMUXS7,5,64617,128
9,5,BBMUXS7,6,64501,64
9,5,BBMUXS7,7,64617,64
9,5,BBMUXS7,8,64617,8
9,5,BBMUXS8,0,64732,2
9,5,BBMUXS8,1,64848,2
9,5,BBMUXS8,2,64732,1
9,5,BBMUXS8,3,64848,1
9,5,BBMUXS8,4,64733,128
9,5,BBMUXS8,5,64849,128
9,5,BBMUXS8,6,64733,64
9,5,BBMUXS8,7,64849,64
9,5,BBMUXS8,8,64849,8
9,5,BBMUXS9,0,65196,2
9,5,BBMUXS9,1,65312,2
9,5,BBMUXS9,2,65196,1
9,5,BBMUXS9,3,65312,1
9,5,BBMUXS9,4,65197,128
9,5,BBMUXS9,5,65313,128
9,5,BBMUXS9,6,65197,64
9,5,BBMUXS9,7,65313,64
9,5,BBMUXS9,8,65313,8
9,5,InputMUX0,0,64268,4
9,5,InputMUX1,0,64500,4
9,5,InputMUX10,0,65428,16
9,5,InputMUX11,0,65660,16
9,5,InputMUX2,0,64732,4
9,5,InputMUX3,0,65196,4
9,5,InputMUX4,0,65428,4
9,5,InputMUX5,0,65660,4
9,5,InputMUX6,0,64268,16
9,5,InputMUX7,0,64500,16
9,5,InputMUX8,0,64732,16
9,5,InputMUX9,0,65196,16
9,5,SeamMUX0,0,64271,32
9,5,SeamMUX0,1,64271,64
9,5,SeamMUX0,2,64271,128
9,5,SeamMUX0,3,64270,1
9,5,SeamMUX0,4,64270,2
9,5,SeamMUX0,5,64270,4
9,5,SeamMUX1,0,64503,32
9,5,SeamMUX1,1,64503,64
9,5,SeamMUX1,2,64503,128
9,5,SeamMUX1,3,64502,1
9,5,SeamMUX1,4,64502,2
9,5,SeamMUX1,5,64502,4
9,5,SeamMUX10,0,65429,1
9,5,SeamMUX10,1,65430,128
9,5,SeamMUX10,2,65430,64
9,5,SeamMUX10,3,65430,32
9,5,SeamMUX10,4,65430,16
9,5,SeamMUX10,5,65430,8
9,5,SeamMUX11,0,65661,1
9,5,SeamMUX11,1,65662,128
9,5,SeamMUX11,2,65662,64
9,5,SeamMUX11,3,65662,32
9,5,SeamMUX11,4,65662,16
9,5,SeamMUX11,5,65662,8
9,5,SeamMUX2,0,64735,32
9,5,SeamMUX2,1,64735,64
9,5,SeamMUX2,2,64735,128
9,5,SeamMUX2,3,64734,1
9,5,SeamMUX2,4,64734,2
9,5,SeamMUX2,5,64734,4
9,5,SeamMUX3,0,65199,32
9,5,SeamMUX3,1,65199,64
9,5,SeamMUX3,2,65199,128
9,5,SeamMUX3,3,65198,1
9,5,SeamMUX3,4,65198,2
9,5,SeamMUX3,5,65198,4
9,5,SeamMUX4,0,65431,32
9,5,SeamMUX4,1,65431,64
9,5,SeamMUX4,2,65431,128
9,5,SeamMUX4,3,65430,1
9,5,SeamMUX4,4,65430,2
9,5,SeamMUX4,5,65430,4
9,5,SeamMUX5,0,65663,32
9,5,SeamMUX5,1,65663,64
9,5,SeamMUX5,2,65663,128
9,5,SeamMUX5,3,65662,1
9,5,SeamMUX5,4,65662,2
9,5,SeamMUX5,5,65662,4
9,5,SeamMUX6,0,64269,1
9,5,SeamMUX6,1,64270,128
9,5,SeamMUX6,2,64270,64
9,5,SeamMUX6,3,64270,32
9,5,SeamMUX6,4,64270,16
9,5,SeamMUX6,5,64270,8
9,5,SeamMUX7,0,64501,1
9,5,SeamMUX7,1,64502,128
9,5,SeamMUX7,2,64502,64
9,5,SeamMUX7,3,64502,32
9,5,SeamMUX7,4,64502,16
9,5,SeamMUX7,5,64502,8
9,5,SeamMUX8,0,64733,1
9,5,SeamMUX8,1,64734,128
9,5,SeamMUX8,2,64734,64
9,5,SeamMUX8,3,64734,32
9,5,SeamMUX8,4,64734,16
9,5,SeamMUX8,5,64734,8
9,5,SeamMUX9,0,65197,1
9,5,SeamMUX9,1,65198,128
9,5,SeamMUX9,2,65198,64
9,5,SeamMUX9,3,65198,32
9,5,SeamMUX9,4,65198,16
9,5,SeamMUX9,5,65198,8
10,5,BBMUXS0,0,64267,1
10,5,BBMUXS0,1,64383,1
10,5,BBMUXS0,2,64267,2
10,5,BBMUXS0,3,64383,2
10,5,BBMUXS0,4,64267,4
10,5,BBMUXS0,5,64383,4
10,5,BBMUXS0,6,64267,8
10,5,BBMUXS0,7,64383,8
10,5,BBMUXS0,8,64383,64
10,5,BBMUXS1,0,64499,1
10,5,BBMUXS1,1,64615,1
10,5,BBMUXS1,2,64499,2
10,5,BBMUXS1,3,64615,2
10,5,BBMUXS1,4,64499,4
10,5,BBMUXS1,5,64615,4
10,5,BBMUXS1,6,64499,8
10,5,BBMUXS1,7,64615,8
10,5,BBMUXS1,8,64615,64
10,5,BBMUXS10,0,65424,32
10,5,BBMUXS10,1,65540,32
10,5,BBMUXS10,2,65424,16
10,5,BBMUXS10,3,65540,16
10,5,BBMUXS10,4,65424,8
10,5,BBMUXS10,5,65540,8
10,5,BBMUXS10,6,65424,4
10,5,BBMUXS10,7,65540,4
10,5,BBMUXS10,8,65541,128
10,5,BBMUXS11,0,65656,32
10,5,BBMUXS11,1,65772,32
10,5,BBMUXS11,2,65656,16
10,5,BBMUXS11,3,65772,16
10,5,BBMUXS11,4,65656,8
10,5,BBMUXS11,5,65772,8
10,5,BBMUXS11,6,65656,4
10,5,BBMUXS11,7,65772,4
10,5,BBMUXS11,8,65773,128
10,5,BBMUXS2,0,64731,1
10,5,BBMUXS2,1,64847,1
10,5,BBMUXS2,2,64731,2
10,5,BBMUXS2,3,64847,2
10,5,BBMUXS2,4,64731,4
10,5,BBMUXS2,5,64847,4
10,5,BBMUXS2,6,64731,8
10,5,BBMUXS2,7,64847,8
10,5,BBMUXS2,8,64847,64
10,5,BBMUXS3,0,65195,1
10,5,BBMUXS3,1,65311,1
10,5,BBMUXS3,2,65195,2
10,5,BBMUXS3,3,65311,2
10,5,BBMUXS3,4,65195,4
10,5,BBMUXS3,5,65311,4
10,5,BBMUXS3,6,65195,8
10,5,BBMUXS3,7,65311,8
10,5,BBMUXS3,8,65311,64
10,5,BBMUXS4,0,65427,1
10,5,BBMUXS4,1,65543,1
10,5,BBMUXS4,2,65427,2
10,5,BBMUXS4,3,65543,2
10,5,BBMUXS4,4,65427,4
10,5,BBMUXS4,5,65543,4
10,5,BBMUXS4,6,65427,8
10,5,BBMUXS4,7,65543,8
10,5,BBMUXS4,8,65543,64
10,5,BBMUXS5,0,65659,1
10,5,BBMUXS5,1,65775,1
10,5,BBMUXS5,2,65659,2
10,5,BBMUXS5,3,65775,2
10,5,BBMUXS5,4,65659,4
10,5,BBMUXS5,5,65775,4
10,5,BBMUXS5,6,65659,8
10,5,BBMUXS5,7,65775,8
10,5,BBMUXS5,8,65775,64
10,5,BBMUXS6,0,64264,32
10,5,BBMUXS6,1,64380,32
10,5,BBMUXS6,2,64264,16
10,5,BBMUXS6,3,64380,16
10,5,BBMUXS6,4,64264,8
10,5,BBMUXS6,5,64380,8
10,5,BBMUXS6,6,64264,4
10,5,BBMUXS6,7,64380,4
10,5,BBMUXS6,8,64381,128
10,5,BBMUXS7,0,64496,32
10,5,BBMUXS7,1,64612,32
10,5,BBMUXS7,2,64496,16
10,5,BBMUXS7,3,64612,16
10,5,BBMUXS7,4,64496,8
10,5,BBMUXS7,5,64612,8
10,5,BBMUXS7,6,64496,4
10,5,BBMUXS7,7,64612,4
10,5,BBMUXS7,8,64613,128
10,5,BBMUXS8,0,64728,32
10,5,BBMUXS8,1,64844,32
10,5,BBMUXS8,2,64728,16
10,5,BBMUXS8,3,64844,16
10,5,BBMUXS8,4,64728,8
10,5,BBMUXS8,5,64844,8
10,5,BBMUXS8,6,64728,4
10,5,BBMUXS8,7,64844,4
10,5,BBMUXS8,8,64845,128
10,5,BBMUXS9,0,65192,32
10,5,BBMUXS9,1,65308,32
10,5,BBMUXS9,2,65192,16
10,5,BBMUXS9,3,65308,16
10,5,BBMUXS9,4,65192,8
10,5,BBMUXS9,5,65308,8
10,5,BBMUXS9,6,65192,4
10,5,BBMUXS9,7,65308,4
10,5,BBMUXS9,8,65309,128
10,5,InputMUX0,0,64264,64
10,5,InputMUX1,0,64496,64
10,5,InputMUX10,0,65423,1
10,5,InputMUX11,0,65655,1
10,5,InputMUX2,0,64728,64
10,5,InputMUX3,0,65192,64
10,5,InputMUX4,0,65424,64
10,5,InputMUX5,0,65656,64
10,5,InputMUX6,0,64263,1
10,5,InputMUX7,0,64495,1
10,5,InputMUX8,0,64727,1
10,5,InputMUX9,0,65191,1
10,5,SeamMUX0,0,64266,2
10,5,SeamMUX0,1,64266,4
10,5,SeamMUX0,2,64266,8
10,5,SeamMUX0,3,64266,16
10,5,SeamMUX0,4,64266,32
10,5,SeamMUX0,5,64266,64
10,5,SeamMUX1,0,64498,2
10,5,SeamMUX1,1,64498,4
10,5,SeamMUX1,2,64498,8
10,5,SeamMUX1,3,64498,16
10,5,SeamMUX1,4,64498,32
10,5,SeamMUX1,5,64498,64
10,5,SeamMUX10,0,65425,16
10,5,SeamMUX10,1,65425,8
10,5,SeamMUX10,2,65425,4
10,5,SeamMUX10,3,65425,2
10,5,SeamMUX10,4,65425,1
10,5,SeamMUX10,5,65426,128
10,5,SeamMUX11,0,65657,16
10,5,SeamMUX11,1,65657,8
10,5,SeamMUX11,2,65657,4
10,5,SeamMUX11,3,65657,2
10,5,SeamMUX11,4,65657,1
10,5,SeamMUX11,5,65658,128
10,5,SeamMUX2,0,64730,2
10,5,SeamMUX2,1,64730,4
10,5,SeamMUX2,2,64730,8
10,5,SeamMUX2,3,64730,16
10,5,SeamMUX2,4,64730,32
10,5,SeamMUX2,5,64730,64
10,5,SeamMUX3,0,65194,2
10,5,SeamMUX3,1,65194,4
10,5,SeamMUX3,2,65194,8
10,5,SeamMUX3,3,65194,16
10,5,SeamMUX3,4,65194,32
10,5,SeamMUX3,5,65194,64
10,5,SeamMUX4,0,65426,2
10,5,SeamMUX4,1,65426,4
10,5,SeamMUX4,2,65426,8
10,5,SeamMUX4,3,65426,16
10,5,SeamMUX4,4,65426,32
10,5,SeamMUX4,5,65426,64
10,5,SeamMUX5,0,65658,2
10,5,SeamMUX5,1,65658,4
10,5,SeamMUX5,2,65658,8
10,5,SeamMUX5,3,65658,16
10,5,SeamMUX5,4,65658,32
10,5,SeamMUX5,5,65658,64
10,5,SeamMUX6,0,64265,16
10,5,SeamMUX6,1,64265,8
10,5,SeamMUX6,2,64265,4
10,5,SeamMUX6,3,64265,2
10,5,SeamMUX6,4,64265,1
10,5,SeamMUX6,5,64266,128
10,5,SeamMUX7,0,64497,16
10,5,SeamMUX7,1,64497,8
10,5,SeamMUX7,2,64497,4
10,5,SeamMUX7,3,64497,2
10,5,SeamMUX7,4,64497,1
10,5,SeamMUX7,5,64498,128
10,5,SeamMUX8,0,64729,16
10,5,SeamMUX8,1,64729,8
10,5,SeamMUX8,2,64729,4
10,5,SeamMUX8,3,64729,2
10,5,SeamMUX8,4,64729,1
10,5,SeamMUX8,5,64730,128
10,5,SeamMUX9,0,65193,16
10,5,SeamMUX9,1,65193,8
10,5,SeamMUX9,2,65193,4
10,5,SeamMUX9,3,65193,2
10,5,SeamMUX9,4,65193,1
10,5,SeamMUX9,5,65194,128
11,5,BBMUXS0,0,64263,16
11,5,BBMUXS0,1,64379,16
11,5,BBMUXS0,2,64263,32
11,5,BBMUXS0,3,64379,32
11,5,BBMUXS0,4,64263,64
11,5,BBMUXS0,5,64379,64
11,5,BBMUXS0,6,64263,128
11,5,BBMUXS0,7,64379,128
11,5,BBMUXS0,8,64378,4
11,5,BBMUXS1,0,64495,16
11,5,BBMUXS1,1,64611,16
11,5,BBMUXS1,2,64495,32
11,5,BBMUXS1,3,64611,32
11,5,BBMUXS1,4,64495,64
11,5,BBMUXS1,5,64611,64
11,5,BBMUXS1,6,64495,128
11,5,BBMUXS1,7,64611,128
11,5,BBMUXS1,8,64610,4
11,5,BBMUXS10,0,65419,2
11,5,BBMUXS10,1,65535,2
11,5,BBMUXS10,2,65419,1
11,5,BBMUXS10,3,65535,1
11,5,BBMUXS10,4,65420,128
11,5,BBMUXS10,5,65536,128
11,5,BBMUXS10,6,65420,64
11,5,BBMUXS10,7,65536,64
11,5,BBMUXS10,8,65536,8
11,5,BBMUXS11,0,65651,2
11,5,BBMUXS11,1,65767,2
11,5,BBMUXS11,2,65651,1
11,5,BBMUXS11,3,65767,1
11,5,BBMUXS11,4,65652,128
11,5,BBMUXS11,5,65768,128
11,5,BBMUXS11,6,65652,64
11,5,BBMUXS11,7,65768,64
11,5,BBMUXS11,8,65768,8
11,5,BBMUXS2,0,64727,16
11,5,BBMUXS2,1,64843,16
11,5,BBMUXS2,2,64727,32
11,5,BBMUXS2,3,64843,32
11,5,BBMUXS2,4,64727,64
11,5,BBMUXS2,5,64843,64
11,5,BBMUXS2,6,64727,128
11,5,BBMUXS2,7,64843,128
11,5,BBMUXS2,8,64842,4
11,5,BBMUXS3,0,65191,16
11,5,BBMUXS3,1,65307,16
11,5,BBMUXS3,2,65191,32
11,5,BBMUXS3,3,65307,32
11,5,BBMUXS3,4,65191,64
11,5,BBMUXS3,5,65307,64
11,5,BBMUXS3,6,65191,128
11,5,BBMUXS3,7,65307,128
11,5,BBMUXS3,8,65306,4
11,5,BBMUXS4,0,65423,16
11,5,BBMUXS4,1,65539,16
11,5,BBMUXS4,2,65423,32
11,5,BBMUXS4,3,65539,32
11,5,BBMUXS4,4,65423,64
11,5,BBMUXS4,5,65539,64
11,5,BBMUXS4,6,65423,128
11,5,BBMUXS4,7,65539,128
11,5,BBMUXS4,8,65538,4
11,5,BBMUXS5,0,65655,16
11,5,BBMUXS5,1,65771,16
11,5,BBMUXS5,2,65655,32
11,5,BBMUXS5,3,65771,32
11,5,BBMUXS5,4,65655,64
11,5,BBMUXS5,5,65771,64
11,5,BBMUXS5,6,65655,128
11,5,BBMUXS5,7,65771,128
11,5,BBMUXS5,8,65770,4
11,5,BBMUXS6,0,64259,2
11,5,BBMUXS6,1,64375,2
11,5,BBMUXS6,2,64259,1
11,5,BBMUXS6,3,64375,1
11,5,BBMUXS6,4,64260,128
11,5,BBMUXS6,5,64376,128
11,5,BBMUXS6,6,64260,64
11,5,BBMUXS6,7,64376,64
11,5,BBMUXS6,8,64376,8
11,5,BBMUXS7,0,64491,2
11,5,BBMUXS7,1,64607,2
11,5,BBMUXS7,2,64491,1
11,5,BBMUXS7,3,64607,1
11,5,BBMUXS7,4,64492,128
11,5,BBMUXS7,5,64608,128
11,5,BBMUXS7,6,64492,64
11,5,BBMUXS7,7,64608,64
11,5,BBMUXS7,8,64608,8
11,5,BBMUXS8,0,64723,2
11,5,BBMUXS8,1,64839,2
11,5,BBMUXS8,2,64723,1
11,5,BBMUXS8,3,64839,1
11,5,BBMUXS8,4,64724,128
11,5,BBMUXS8,5,64840,128
11,5,BBMUXS8,6,64724,64
11,5,BBMUXS8,7,64840,64
11,5,BBMUXS8,8,64840,8
11,5,BBMUXS9,0,65187,2
11,5,BBMUXS9,1,65303,2
11,5,BBMUXS9,2,65187,1
11,5,BBMUXS9,3,65303,1
11,5,BBMUXS9,4,65188,128
11,5,BBMUXS9,5,65304,128
11,5,BBMUXS9,6,65188,64
11,5,BBMUXS9,7,65304,64
11,5,BBMUXS9,8,65304,8
11,5,InputMUX0,0,64259,4
11,5,InputMUX1,0,64491,4
11,5,InputMUX10,0,65419,16
11,5,InputMUX11,0,65651,16
11,5,InputMUX2,0,64723,4
11,5,InputMUX3,0,65187,4
11,5,InputMUX4,0,65419,4
11,5,InputMUX5,0,65651,4
11,5,InputMUX6,0,64259,16
11,5,InputMUX7,0,64491,16
11,5,InputMUX8,0,64723,16
11,5,InputMUX9,0,65187,16
11,5,SeamMUX0,0,64262,32
11,5,SeamMUX0,1,64262,64
11,5,SeamMUX0,2,64262,128
11,5,SeamMUX0,3,64261,1
11,5,SeamMUX0,4,64261,2
11,5,SeamMUX0,5,64261,4
11,5,SeamMUX1,0,64494,32
11,5,SeamMUX1,1,64494,64
11,5,SeamMUX1,2,64494,128
11,5,SeamMUX1,3,64493,1
11,5,SeamMUX1,4,64493,2
11,5,SeamMUX1,5,64493,4
11,5,SeamMUX10,0,65420,1
11,5,SeamMUX10,1,65421,128
11,5,SeamMUX10,2,65421,64
11,5,SeamMUX10,3,65421,32
11,5,SeamMUX10,4,65421,16
11,5,SeamMUX10,5,65421,8
11,5,SeamMUX11,0,65652,1
11,5,SeamMUX11,1,65653,128
11,5,SeamMUX11,2,65653,64
11,5,SeamMUX11,3,65653,32
11,5,SeamMUX11,4,65653,16
11,5,SeamMUX11,5,65653,8
11,5,SeamMUX2,0,64726,32
11,5,SeamMUX2,1,64726,64
11,5,SeamMUX2,2,64726,128
11,5,SeamMUX2,3,64725,1
11,5,SeamMUX2,4,64725,2
11,5,SeamMUX2,5,64725,4
11,5,SeamMUX3,0,65190,32
11,5,SeamMUX3,1,65190,64
11,5,SeamMUX3,2,65190,128
11,5,SeamMUX3,3,65189,1
11,5,SeamMUX3,4,65189,2
11,5,SeamMUX3,5,65189,4
11,5,SeamMUX4,0,65422,32
11,5,SeamMUX4,1,65422,64
11,5,SeamMUX4,2,65422,128
11,5,SeamMUX4,3,65421,1
11,5,SeamMUX4,4,65421,2
11,5,SeamMUX4,5,65421,4
11,5,SeamMUX5,0,65654,32
11,5,SeamMUX5,1,65654,64
11,5,SeamMUX5,2,65654,128
11,5,SeamMUX5,3,65653,1
11,5,SeamMUX5,4,65653,2
11,5,SeamMUX5,5,65653,4
11,5,SeamMUX6,0,64260,1
11,5,SeamMUX6,1,64261,128
11,5,SeamMUX6,2,64261,64
11,5,SeamMUX6,3,64261,32
11,5,SeamMUX6,4,64261,16
11,5,SeamMUX6,5,64261,8
11,5,SeamMUX7,0,64492,1
11,5,SeamMUX7,1,64493,128
11,5,SeamMUX7,2,64493,64
11,5,SeamMUX7,3,64493,32
11,5,SeamMUX7,4,64493,16
11,5,SeamMUX7,5,64493,8
11,5,SeamMUX8,0,64724,1
11,5,SeamMUX8,1,64725,128
11,5,SeamMUX8,2,64725,64
11,5,SeamMUX8,3,64725,32
11,5,SeamMUX8,4,64725,16
11,5,SeamMUX8,5,64725,8
11,5,SeamMUX9,0,65188,1
11,5,SeamMUX9,1,65189,128
11,5,SeamMUX9,2,65189,64
11,5,SeamMUX9,3,65189,32
11,5,SeamMUX9,4,65189,16
11,5,SeamMUX9,5,65189,8
12,5,BBMUXS0,0,64258,1
12,5,BBMUXS0,1,64374,1
12,5,BBMUXS0,2,64258,2
12,5,BBMUXS0,3,64374,2
12,5,BBMUXS0,4,64258,4
12,5,BBMUXS0,5,64374,4
12,5,BBMUXS0,6,64258,8
12,5,BBMUXS0,7,64374,8
12,5,BBMUXS0,8,64374,64
12,5,BBMUXS1,0,64490,1
12,5,BBMUXS1,1,64606,1
12,5,BBMUXS1,2,64490,2
12,5,BBMUXS1,3,64606,2
12,5,BBMUXS1,4,64490,4
12,5,BBMUXS1,5,64606,4
12,5,BBMUXS1,6,64490,8
12,5,BBMUXS1,7,64606,8
12,5,BBMUXS1,8,64606,64
12,5,BBMUXS10,0,65415,32
12,5,BBMUXS10,1,65531,32
12,5,BBMUXS10,2,65415,16
12,5,BBMUXS10,3,65531,16
12,5,BBMUXS10,4,65415,8
12,5,BBMUXS10,5,65531,8
12,5,BBMUXS10,6,65415,4
12,5,BBMUXS10,7,65531,4
12,5,BBMUXS10,8,65532,128
12,5,BBMUXS11,0,65647,32
12,5,BBMUXS11,1,65763,32
12,5,BBMUXS11,2,65647,16
12,5,BBMUXS11,3,65763,16
12,5,BBMUXS11,4,65647,8
12,5,BBMUXS11,5,65763,8
12,5,BBMUXS11,6,65647,4
12,5,BBMUXS11,7,65763,4
12,5,BBMUXS11,8,65764,128
12,5,BBMUXS2,0,64722,1
12,5,BBMUXS2,1,64838,1
12,5,BBMUXS2,2,64722,2
12,5,BBMUXS2,3,64838,2
12,5,BBMUXS2,4,64722,4
12,5,BBMUXS2,5,64838,4
12,5,BBMUXS2,6,64722,8
12,5,BBMUXS2,7,64838,8
12,5,BBMUXS2,8,64838,64
12,5,BBMUXS3,0,65186,1
12,5,BBMUXS3,1,65302,1
12,5,BBMUXS3,2,65186,2
12,5,BBMUXS3,3,65302,2
12,5,BBMUXS3,4,65186,4
12,5,BBMUXS3,5,65302,4
12,5,BBMUXS3,6,65186,8
12,5,BBMUXS3,7,65302,8
12,5,BBMUXS3,8,65302,64
12,5,BBMUXS4,0,65418,1
12,5,BBMUXS4,1,65534,1
12,5,BBMUXS4,2,65418,2
12,5,BBMUXS4,3,65534,2
12,5,BBMUXS4,4,65418,4
12,5,BBMUXS4,5,65534,4
12,5,BBMUXS4,6,65418,8
12,5,BBMUXS4,7,65534,8
12,5,BBMUXS4,8,65534,64
12,5,BBMUXS5,0,65650,1
12,5,BBMUXS5,1,65766,1
12,5,BBMUXS5,2,65650,2
12,5,BBMUXS5,3,65766,2
12,5,BBMUXS5,4,65650,4
12,5,BBMUXS5,5,65766,4
12,5,BBMUXS5,6,65650,8
12,5,BBMUXS5,7,65766,8
12,5,BBMUXS5,8,65766,64
12,5,BBMUXS6,0,64255,32
12,5,BBMUXS6,1,64371,32
12,5,BBMUXS6,2,64255,16
12,5,BBMUXS6,3,64371,16
12,5,BBMUXS6,4,64255,8
12,5,BBMUXS6,5,64371,8
12,5,BBMUXS6,6,64255,4
12,5,BBMUXS6,7,64371,4
12,5,BBMUXS6,8,64372,128
12,5,BBMUXS7,0,64487,32
12,5,BBMUXS7,1,64603,32
12,5,BBMUXS7,2,64487,16
12,5,BBMUXS7,3,64603,16
12,5,BBMUXS7,4,64487,8
12,5,BBMUXS7,5,64603,8
12,5,BBMUXS7,6,64487,4
12,5,BBMUXS7,7,64603,4
12,5,BBMUXS7,8,64604,128
12,5,BBMUXS8,0,64719,32
12,5,BBMUXS8,1,64835,32
12,5,BBMUXS8,2,64719,16
12,5,BBMUXS8,3,64835,16
12,5,BBMUXS8,4,64719,8
12,5,BBMUXS8,5,64835,8
12,5,BBMUXS8,6,64719,4
12,5,BBMUXS8,7,64835,4
12,5,BBMUXS8,8,64836,128
12,5,BBMUXS9,0,65183,32
12,5,BBMUXS9,1,65299,32
12,5,BBMUXS9,2,65183,16
12,5,BBMUXS9,3,65299,16
12,5,BBMUXS9,4,65183,8
12,5,BBMUXS9,5,65299,8
12,5,BBMUXS9,6,65183,4
12,5,BBMUXS9,7,65299,4
12,5,BBMUXS9,8,65300,128
12,5,InputMUX0,0,64255,64
12,5,InputMUX1,0,64487,64
12,5,InputMUX10,0,65414,1
12,5,InputMUX11,0,65646,1
12,5,InputMUX2,0,64719,64
12,5,InputMUX3,0,65183,64
12,5,InputMUX4,0,65415,64
12,5,InputMUX5,0,65647,64
12,5,InputMUX6,0,64254,1
12,5,InputMUX7,0,64486,1
12,5,InputMUX8,0,64718,1
12,5,InputMUX9,0,65182,1
12,5,SeamMUX0,0,64257,2
12,5,SeamMUX0,1,64257,4
12,5,SeamMUX0,2,64257,8
12,5,SeamMUX0,3,64257,16
12,5,SeamMUX0,4,64257,32
12,5,SeamMUX0,5,64257,64
12,5,SeamMUX1,0,64489,2
12,5,SeamMUX1,1,64489,4
12,5,SeamMUX1,2,64489,8
12,5,SeamMUX1,3,64489,16
12,5,SeamMUX1,4,64489,32
12,5,SeamMUX1,5,64489,64
12,5,SeamMUX10,0,65416,16
12,5,SeamMUX10,1,65416,8
12,5,SeamMUX10,2,65416,4
12,5,SeamMUX10,3,65416,2
12,5,SeamMUX10,4,65416,1
12,5,SeamMUX10,5,65417,128
12,5,SeamMUX11,0,65648,16
12,5,SeamMUX11,1,65648,8
12,5,SeamMUX11,2,65648,4
12,5,SeamMUX11,3,65648,2
12,5,SeamMUX11,4,65648,1
12,5,SeamMUX11,5,65649,128
12,5,SeamMUX2,0,64721,2
12,5,SeamMUX2,1,64721,4
12,5,SeamMUX2,2,64721,8
12,5,SeamMUX2,3,64721,16
12,5,SeamMUX2,4,64721,32
12,5,SeamMUX2,5,64721,64
12,5,SeamMUX3,0,65185,2
12,5,SeamMUX3,1,65185,4
12,5,SeamMUX3,2,65185,8
12,5,SeamMUX3,3,65185,16
12,5,SeamMUX3,4,65185,32
12,5,SeamMUX3,5,65185,64
12,5,SeamMUX4,0,65417,2
12,5,SeamMUX4,1,65417,4
12,5,SeamMUX4,2,65417,8
12,5,SeamMUX4,3,65417,16
12,5,SeamMUX4,4,65417,32
12,5,SeamMUX4,5,65417,64
12,5,SeamMUX5,0,65649,2
12,5,SeamMUX5,1,65649,4
12,5,SeamMUX5,2,65649,8
12,5,SeamMUX5,3,65649,16
12,5,SeamMUX5,4,65649,32
12,5,SeamMUX5,5,65649,64
12,5,SeamMUX6,0,64256,16
12,5,SeamMUX6,1,64256,8
12,5,SeamMUX6,2,64256,4
12,5,SeamMUX6,3,64256,2
12,5,SeamMUX6,4,64256,1
12,5,SeamMUX6,5,64257,128
12,5,SeamMUX7,0,64488,16
12,5,SeamMUX7,1,64488,8
12,5,SeamMUX7,2,64488,4
12,5,SeamMUX7,3,64488,2
12,5,SeamMUX7,4,64488,1
12,5,SeamMUX7,5,64489,128
12,5,SeamMUX8,0,64720,16
12,5,SeamMUX8,1,64720,8
12,5,SeamMUX8,2,64720,4
12,5,SeamMUX8,3,64720,2
12,5,SeamMUX8,4,64720,1
12,5,SeamMUX8,5,64721,128
12,5,SeamMUX9,0,65184,16
12,5,SeamMUX9,1,65184,8
12,5,SeamMUX9,2,65184,4
12,5,SeamMUX9,3,65184,2
12,5,SeamMUX9,4,65184,1
12,5,SeamMUX9,5,65185,128
13,5,BBMUXE0,0,59360,2
13,5,BBMUXE0,1,59476,2
13,5,BBMUXE0,2,59360,1
13,5,BBMUXE0,3,59476,1
13,5,BBMUXE0,4,59361,128
13,5,BBMUXE0,5,59477,128
13,5,BBMUXE0,6,59361,64
13,5,BBMUXE0,7,59477,64
13,5,BBMUXE0,8,59361,32
13,5,BBMUXE1,0,59592,2
13,5,BBMUXE1,1,59708,2
13,5,BBMUXE1,2,59592,1
13,5,BBMUXE1,3,59708,1
13,5,BBMUXE1,4,59593,128
13,5,BBMUXE1,5,59709,128
13,5,BBMUXE1,6,59593,64
13,5,BBMUXE1,7,59709,64
13,5,BBMUXE1,8,59593,32
13,5,BBMUXE10,0,62144,2
13,5,BBMUXE10,1,62260,2
13,5,BBMUXE10,2,62144,1
13,5,BBMUXE10,3,62260,1
13,5,BBMUXE10,4,62145,128
13,5,BBMUXE10,5,62261,128
13,5,BBMUXE10,6,62145,64
13,5,BBMUXE10,7,62261,64
13,5,BBMUXE10,8,62145,32
13,5,BBMUXE11,0,62376,2
13,5,BBMUXE11,1,62492,2
13,5,BBMUXE11,2,62376,1
13,5,BBMUXE11,3,62492,1
13,5,BBMUXE11,4,62377,128
13,5,BBMUXE11,5,62493,128
13,5,BBMUXE11,6,62377,64
13,5,BBMUXE11,7,62493,64
13,5,BBMUXE11,8,62377,32
13,5,BBMUXE2,0,59824,2
13,5,BBMUXE2,1,59940,2
13,5,BBMUXE2,2,59824,1
13,5,BBMUXE2,3,59940,1
13,5,BBMUXE2,4,59825,128
13,5,BBMUXE2,5,59941,128
13,5,BBMUXE2,6,59825,64
13,5,BBMUXE2,7,59941,64
13,5,BBMUXE2,8,59825,32
13,5,BBMUXE3,0,60056,2
13,5,BBMUXE3,1,60172,2
13,5,BBMUXE3,2,60056,1
13,5,BBMUXE3,3,60172,1
13,5,BBMUXE3,4,60057,128
13,5,BBMUXE3,5,60173,128
13,5,BBMUXE3,6,60057,64
13,5,BBMUXE3,7,60173,64
13,5,BBMUXE3,8,60057,32
13,5,BBMUXE4,0,60288,2
13,5,BBMUXE4,1,60404,2
13,5,BBMUXE4,2,60288,1
13,5,BBMUXE4,3,60404,1
13,5,BBMUXE4,4,60289,128
13,5,BBMUXE4,5,60405,128
13,5,BBMUXE4,6,60289,64
13,5,BBMUXE4,7,60405,64
13,5,BBMUXE4,8,60289,32
13,5,BBMUXE5,0,60520,2
13,5,BBMUXE5,1,60636,2
13,5,BBMUXE5,2,60520,1
13,5,BBMUXE5,3,60636,1
13,5,BBMUXE5,4,60521,128
13,5,BBMUXE5,5,60637,128
13,5,BBMUXE5,6,60521,64
13,5,BBMUXE5,7,60637,64
13,5,BBMUXE5,8,60521,32
13,5,BBMUXE6,0,60752,2
13,5,BBMUXE6,1,60868,2
13,5,BBMUXE6,2,60752,1
13,5,BBMUXE6,3,60868,1
13,5,BBMUXE6,4,60753,128
13,5,BBMUXE6,5,60869,128
13,5,BBMUXE6,6,60753,64
13,5,BBMUXE6,7,60869,64
13,5,BBMUXE6,8,60753,32
13,5,BBMUXE7,0,60984,2
13,5,BBMUXE7,1,61100,2
13,5,BBMUXE7,2,60984,1
13,5,BBMUXE7,3,61100,1
13,5,BBMUXE7,4,60985,128
13,5,BBMUXE7,5,61101,128
13,5,BBMUXE7,6,60985,64
13,5,BBMUXE7,7,61101,64
13,5,BBMUXE7,8,60985,32
13,5,BBMUXE8,0,61216,2
13,5,BBMUXE8,1,61332,2
13,5,BBMUXE8,2,61216,1
13,5,BBMUXE8,3,61332,1
13,5,BBMUXE8,4,61217,128
13,5,BBMUXE8,5,61333,128
13,5,BBMUXE8,6,61217,64
13,5,BBMUXE8,7,61333,64
13,5,BBMUXE8,8,61217,32
13,5,BBMUXE9,0,61448,2
13,5,BBMUXE9,1,61564,2
13,5,BBMUXE9,2,61448,1
13,5,BBMUXE9,3,61564,1
13,5,BBMUXE9,4,61449,128
13,5,BBMUXE9,5,61565,128
13,5,BBMUXE9,6,61449,64
13,5,BBMUXE9,7,61565,64
13,5,BBMUXE9,8,61449,32
13,5,BBMUXW0,0,62840,2
13,5,BBMUXW0,1,62608,2
13,5,BBMUXW0,2,62840,1
13,5,BBMUXW0,3,62608,1
13,5,BBMUXW0,4,62841,32
13,5,BBMUXW0,5,62841,128
13,5,BBMUXW0,6,62609,128
13,5,BBMUXW0,7,62609,64
13,5,BBMUXW0,8,62841,64
13,5,BBMUXW0,9,62609,32
13,5,BBMUXW1,0,62956,2
13,5,BBMUXW1,1,63188,2
13,5,BBMUXW1,2,62956,1
13,5,BBMUXW1,3,63188,1
13,5,BBMUXW1,4,62957,32
13,5,BBMUXW1,5,62957,128
13,5,BBMUXW1,6,63189,128
13,5,BBMUXW1,7,63189,64
13,5,BBMUXW1,8,62957,64
13,5,BBMUXW1,9,63189,32
13,5,BBMUXW2,0,63536,2
13,5,BBMUXW2,1,63304,2
13,5,BBMUXW2,2,63536,1
13,5,BBMUXW2,3,63304,1
13,5,BBMUXW2,4,63537,32
13,5,BBMUXW2,5,63537,128
13,5,BBMUXW2,6,63305,128
13,5,BBMUXW2,7,63305,64
13,5,BBMUXW2,8,63537,64
13,5,BBMUXW2,9,63305,32
13,5,BBMUXW3,0,63652,2
13,5,BBMUXW3,1,63884,2
13,5,BBMUXW3,2,63652,1
13,5,BBMUXW3,3,63884,1
13,5,BBMUXW3,4,63653,32
13,5,BBMUXW3,5,63653,128
13,5,BBMUXW3,6,63885,128
13,5,BBMUXW3,7,63885,64
13,5,BBMUXW3,8,63653,64
13,5,BBMUXW3,9,63885,32
13,5,BBMUXW4,0,64232,2
13,5,BBMUXW4,1,64000,2
13,5,BBMUXW4,2,64232,1
13,5,BBMUXW4,3,64000,1
13,5,BBMUXW4,4,64233,32
13,5,BBMUXW4,5,64233,128
13,5,BBMUXW4,6,64001,128
13,5,BBMUXW4,7,64001,64
13,5,BBMUXW4,8,64233,64
13,5,BBMUXW4,9,64001,32
13,5,BBMUXW5,0,64348,2
13,5,BBMUXW5,1,64580,2
13,5,BBMUXW5,2,64348,1
13,5,BBMUXW5,3,64580,1
13,5,BBMUXW5,4,64349,32
13,5,BBMUXW5,5,64349,128
13,5,BBMUXW5,6,64581,128
13,5,BBMUXW5,7,64581,64
13,5,BBMUXW5,8,64349,64
13,5,BBMUXW5,9,64581,32
13,5,BBMUXW6,0,64928,2
13,5,BBMUXW6,1,64696,2
13,5,BBMUXW6,2,64928,1
13,5,BBMUXW6,3,64696,1
13,5,BBMUXW6,4,64929,32
13,5,BBMUXW6,5,64929,128
13,5,BBMUXW6,6,64697,128
13,5,BBMUXW6,7,64697,64
13,5,BBMUXW6,8,64929,64
13,5,BBMUXW6,9,64697,32
13,5,BBMUXW7,0,65044,2
13,5,BBMUXW7,1,65276,2
13,5,BBMUXW7,2,65044,1
13,5,BBMUXW7,3,65276,1
13,5,BBMUXW7,4,65045,32
13,5,BBMUXW7,5,65045,128
13,5,BBMUXW7,6,65277,128
13,5,BBMUXW7,7,65277,64
13,5,BBMUXW7,8,65045,64
13,5,BBMUXW7,9,65277,32
13,5,InputMUX0,0,57968,1
13,5,InputMUX1,0,58084,1
13,5,InputMUX10,0,59128,1
13,5,InputMUX11,0,59244,1
13,5,InputMUX2,0,58200,1
13,5,InputMUX3,0,58316,1
13,5,InputMUX4,0,58432,1
13,5,InputMUX5,0,58548,1
13,5,InputMUX6,0,58664,1
13,5,InputMUX7,0,58780,1
13,5,InputMUX8,0,58896,1
13,5,InputMUX9,0,59012,1
13,5,SeamMUX0,0,59360,128
13,5,SeamMUX0,1,59360,64
13,5,SeamMUX0,2,59360,32
13,5,SeamMUX0,3,59360,16
13,5,SeamMUX0,4,59360,8
13,5,SeamMUX0,5,59360,4
13,5,SeamMUX1,0,59592,128
13,5,SeamMUX1,1,59592,64
13,5,SeamMUX1,2,59592,32
13,5,SeamMUX1,3,59592,16
13,5,SeamMUX1,4,59592,8
13,5,SeamMUX1,5,59592,4
13,5,SeamMUX10,0,62144,128
13,5,SeamMUX10,1,62144,64
13,5,SeamMUX10,2,62144,32
13,5,SeamMUX10,3,62144,16
13,5,SeamMUX10,4,62144,8
13,5,SeamMUX10,5,62144,4
13,5,SeamMUX11,0,62376,128
13,5,SeamMUX11,1,62376,64
13,5,SeamMUX11,2,62376,32
13,5,SeamMUX11,3,62376,16
13,5,SeamMUX11,4,62376,8
13,5,SeamMUX11,5,62376,4
13,5,SeamMUX12,0,62608,128
13,5,SeamMUX12,1,62608,64
13,5,SeamMUX12,2,62608,32
13,5,SeamMUX12,3,62608,16
13,5,SeamMUX12,4,62608,8
13,5,SeamMUX12,5,62608,4
13,5,SeamMUX13,0,63188,128
13,5,SeamMUX13,1,63188,64
13,5,SeamMUX13,2,63188,32
13,5,SeamMUX13,3,63188,16
13,5,SeamMUX13,4,63188,8
13,5,SeamMUX13,5,63188,4
13,5,SeamMUX14,0,63304,128
13,5,SeamMUX14,1,63304,64
13,5,SeamMUX14,2,63304,32
13,5,SeamMUX14,3,63304,16
13,5,SeamMUX14,4,63304,8
13,5,SeamMUX14,5,63304,4
13,5,SeamMUX15,0,63884,128
13,5,SeamMUX15,1,63884,64
13,5,SeamMUX15,2,63884,32
13,5,SeamMUX15,3,63884,16
13,5,SeamMUX15,4,63884,8
13,5,SeamMUX15,5,63884,4
13,5,SeamMUX16,0,64000,128
13,5,SeamMUX16,1,64000,64
13,5,SeamMUX16,2,64000,32
13,5,SeamMUX16,3,64000,16
13,5,SeamMUX16,4,64000,8
13,5,SeamMUX16,5,64000,4
13,5,SeamMUX17,0,64580,128
13,5,SeamMUX17,1,64580,64
13,5,SeamMUX17,2,64580,32
13,5,SeamMUX17,3,64580,16
13,5,SeamMUX17,4,64580,8
13,5,SeamMUX17,5,64580,4
13,5,SeamMUX18,0,64696,128
13,5,SeamMUX18,1,64696,64
13,5,SeamMUX18,2,64696,32
13,5,SeamMUX18,3,64696,16
13,5,SeamMUX18,4,64696,8
13,5,SeamMUX18,5,64696,4
13,5,SeamMUX19,0,65276,128
13,5,SeamMUX19,1,65276,64
13,5,SeamMUX19,2,65276,32
13,5,SeamMUX19,3,65276,16
13,5,SeamMUX19,4,65276,8
13,5,SeamMUX19,5,65276,4
13,5,SeamMUX2,0,59824,128
13,5,SeamMUX2,1,59824,64
13,5,SeamMUX2,2,59824,32
13,5,SeamMUX2,3,59824,16
13,5,SeamMUX2,4,59824,8
13,5,SeamMUX2,5,59824,4
13,5,SeamMUX3,0,60056,128
13,5,SeamMUX3,1,60056,64
13,5,SeamMUX3,2,60056,32
13,5,SeamMUX3,3,60056,16
13,5,SeamMUX3,4,60056,8
13,5,SeamMUX3,5,60056,4
13,5,SeamMUX4,0,60288,128
13,5,SeamMUX4,1,60288,64
13,5,SeamMUX4,2,60288,32
13,5,SeamMUX4,3,60288,16
13,5,SeamMUX4,4,60288,8
13,5,SeamMUX4,5,60288,4
13,5,SeamMUX5,0,60520,128
13,5,SeamMUX5,1,60520,64
13,5,SeamMUX5,2,60520,32
13,5,SeamMUX5,3,60520,16
13,5,SeamMUX5,4,60520,8
13,5,SeamMUX5,5,60520,4
13,5,SeamMUX6,0,60752,128
13,5,SeamMUX6,1,60752,64
13,5,SeamMUX6,2,60752,32
13,5,SeamMUX6,3,60752,16
13,5,SeamMUX6,4,60752,8
13,5,SeamMUX6,5,60752,4
13,5,SeamMUX7,0,60984,128
13,5,SeamMUX7,1,60984,64
13,5,SeamMUX7,2,60984,32
13,5,SeamMUX7,3,60984,16
13,5,SeamMUX7,4,60984,8
13,5,SeamMUX7,5,60984,4
13,5,SeamMUX8,0,61216,128
13,5,SeamMUX8,1,61216,64
13,5,SeamMUX8,2,61216,32
13,5,SeamMUX8,3,61216,16
13,5,SeamMUX8,4,61216,8
13,5,SeamMUX8,5,61216,4
13,5,SeamMUX9,0,61448,128
13,5,SeamMUX9,1,61448,64
13,5,SeamMUX9,2,61448,32
13,5,SeamMUX9,3,61448,16
13,5,SeamMUX9,4,61448,8
13,5,SeamMUX9,5,61448,4
13,6,BBMUXE0,0,51472,2
13,6,BBMUXE0,1,51588,2
13,6,BBMUXE0,2,51472,1
13,6,BBMUXE0,3,51588,1
13,6,BBMUXE0,4,51473,128
13,6,BBMUXE0,5,51589,128
13,6,BBMUXE0,6,51473,64
13,6,BBMUXE0,7,51589,64
13,6,BBMUXE0,8,51473,32
13,6,BBMUXE1,0,51704,2
13,6,BBMUXE1,1,51820,2
13,6,BBMUXE1,2,51704,1
13,6,BBMUXE1,3,51820,1
13,6,BBMUXE1,4,51705,128
13,6,BBMUXE1,5,51821,128
13,6,BBMUXE1,6,51705,64
13,6,BBMUXE1,7,51821,64
13,6,BBMUXE1,8,51705,32
13,6,BBMUXE10,0,54256,2
13,6,BBMUXE10,1,54372,2
13,6,BBMUXE10,2,54256,1
13,6,BBMUXE10,3,54372,1
13,6,BBMUXE10,4,54257,128
13,6,BBMUXE10,5,54373,128
13,6,BBMUXE10,6,54257,64
13,6,BBMUXE10,7,54373,64
13,6,BBMUXE10,8,54257,32
13,6,BBMUXE11,0,54488,2
13,6,BBMUXE11,1,54604,2
13,6,BBMUXE11,2,54488,1
13,6,BBMUXE11,3,54604,1
13,6,BBMUXE11,4,54489,128
13,6,BBMUXE11,5,54605,128
13,6,BBMUXE11,6,54489,64
13,6,BBMUXE11,7,54605,64
13,6,BBMUXE11,8,54489,32
13,6,BBMUXE2,0,51936,2
13,6,BBMUXE2,1,52052,2
13,6,BBMUXE2,2,51936,1
13,6,BBMUXE2,3,52052,1
13,6,BBMUXE2,4,51937,128
13,6,BBMUXE2,5,52053,128
13,6,BBMUXE2,6,51937,64
13,6,BBMUXE2,7,52053,64
13,6,BBMUXE2,8,51937,32
13,6,BBMUXE3,0,52168,2
13,6,BBMUXE3,1,52284,2
13,6,BBMUXE3,2,52168,1
13,6,BBMUXE3,3,52284,1
13,6,BBMUXE3,4,52169,128
13,6,BBMUXE3,5,52285,128
13,6,BBMUXE3,6,52169,64
13,6,BBMUXE3,7,52285,64
13,6,BBMUXE3,8,52169,32
13,6,BBMUXE4,0,52400,2
13,6,BBMUXE4,1,52516,2
13,6,BBMUXE4,2,52400,1
13,6,BBMUXE4,3,52516,1
13,6,BBMUXE4,4,52401,128
13,6,BBMUXE4,5,52517,128
13,6,BBMUXE4,6,52401,64
13,6,BBMUXE4,7,52517,64
13,6,BBMUXE4,8,52401,32
13,6,BBMUXE5,0,52632,2
13,6,BBMUXE5,1,52748,2
13,6,BBMUXE5,2,52632,1
13,6,BBMUXE5,3,52748,1
13,6,BBMUXE5,4,52633,128
13,6,BBMUXE5,5,52749,128
13,6,BBMUXE5,6,52633,64
13,6,BBMUXE5,7,52749,64
13,6,BBMUXE5,8,52633,32
13,6,BBMUXE6,0,52864,2
13,6,BBMUXE6,1,52980,2
13,6,BBMUXE6,2,52864,1
13,6,BBMUXE6,3,52980,1
13,6,BBMUXE6,4,52865,128
13,6,BBMUXE6,5,52981,128
13,6,BBMUXE6,6,52865,64
13,6,BBMUXE6,7,52981,64
13,6,BBMUXE6,8,52865,32
13,6,BBMUXE7,0,53096,2
13,6,BBMUXE7,1,53212,2
13,6,BBMUXE7,2,53096,1
13,6,BBMUXE7,3,53212,1
13,6,BBMUXE7,4,53097,128
13,6,BBMUXE7,5,53213,128
13,6,BBMUXE7,6,53097,64
13,6,BBMUXE7,7,53213,64
13,6,BBMUXE7,8,53097,32
13,6,BBMUXE8,0,53328,2
13,6,BBMUXE8,1,53444,2
13,6,BBMUXE8,2,53328,1
13,6,BBMUXE8,3,53444,1
13,6,BBMUXE8,4,53329,128
13,6,BBMUXE8,5,53445,128
13,6,BBMUXE8,6,53329,64
13,6,BBMUXE8,7,53445,64
13,6,BBMUXE8,8,53329,32
13,6,BBMUXE9,0,53560,2
13,6,BBMUXE9,1,53676,2
13,6,BBMUXE9,2,53560,1
13,6,BBMUXE9,3,53676,1
13,6,BBMUXE9,4,53561,128
13,6,BBMUXE9,5,53677,128
13,6,BBMUXE9,6,53561,64
13,6,BBMUXE9,7,53677,64
13,6,BBMUXE9,8,53561,32
13,6,BBMUXW0,0,54952,2
13,6,BBMUXW0,1,54720,2
13,6,BBMUXW0,2,54952,1
13,6,BBMUXW0,3,54720,1
13,6,BBMUXW0,4,54953,32
13,6,BBMUXW0,5,54953,128
13,6,BBMUXW0,6,54721,128
13,6,BBMUXW0,7,54721,64
13,6,BBMUXW0,8,54953,64
13,6,BBMUXW0,9,54721,32
13,6,BBMUXW1,0,55068,2
13,6,BBMUXW1,1,55300,2
13,6,BBMUXW1,2,55068,1
13,6,BBMUXW1,3,55300,1
13,6,BBMUXW1,4,55069,32
13,6,BBMUXW1,5,55069,128
13,6,BBMUXW1,6,55301,128
13,6,BBMUXW1,7,55301,64
13,6,BBMUXW1,8,55069,64
13,6,BBMUXW1,9,55301,32
13,6,BBMUXW2,0,55648,2
13,6,BBMUXW2,1,55416,2
13,6,BBMUXW2,2,55648,1
13,6,BBMUXW2,3,55416,1
13,6,BBMUXW2,4,55649,32
13,6,BBMUXW2,5,55649,128
13,6,BBMUXW2,6,55417,128
13,6,BBMUXW2,7,55417,64
13,6,BBMUXW2,8,55649,64
13,6,BBMUXW2,9,55417,32
13,6,BBMUXW3,0,55764,2
13,6,BBMUXW3,1,55996,2
13,6,BBMUXW3,2,55764,1
13,6,BBMUXW3,3,55996,1
13,6,BBMUXW3,4,55765,32
13,6,BBMUXW3,5,55765,128
13,6,BBMUXW3,6,55997,128
13,6,BBMUXW3,7,55997,64
13,6,BBMUXW3,8,55765,64
13,6,BBMUXW3,9,55997,32
13,6,BBMUXW4,0,56344,2
13,6,BBMUXW4,1,56112,2
13,6,BBMUXW4,2,56344,1
13,6,BBMUXW4,3,56112,1
13,6,BBMUXW4,4,56345,32
13,6,BBMUXW4,5,56345,128
13,6,BBMUXW4,6,56113,128
13,6,BBMUXW4,7,56113,64
13,6,BBMUXW4,8,56345,64
13,6,BBMUXW4,9,56113,32
13,6,BBMUXW5,0,56460,2
13,6,BBMUXW5,1,56692,2
13,6,BBMUXW5,2,56460,1
13,6,BBMUXW5,3,56692,1
13,6,BBMUXW5,4,56461,32
13,6,BBMUXW5,5,56461,128
13,6,BBMUXW5,6,56693,128
13,6,BBMUXW5,7,56693,64
13,6,BBMUXW5,8,56461,64
13,6,BBMUXW5,9,56693,32
13,6,BBMUXW6,0,57040,2
13,6,BBMUXW6,1,56808,2
13,6,BBMUXW6,2,57040,1
13,6,BBMUXW6,3,56808,1
13,6,BBMUXW6,4,57041,32
13,6,BBMUXW6,5,57041,128
13,6,BBMUXW6,6,56809,128
13,6,BBMUXW6,7,56809,64
13,6,BBMUXW6,8,57041,64
13,6,BBMUXW6,9,56809,32
13,6,BBMUXW7,0,57156,2
13,6,BBMUXW7,1,57388,2
13,6,BBMUXW7,2,57156,1
13,6,BBMUXW7,3,57388,1
13,6,BBMUXW7,4,57157,32
13,6,BBMUXW7,5,57157,128
13,6,BBMUXW7,6,57389,128
13,6,BBMUXW7,7,57389,64
13,6,BBMUXW7,8,57157,64
13,6,BBMUXW7,9,57389,32
13,6,InputMUX0,0,50080,1
13,6,InputMUX1,0,50196,1
13,6,InputMUX10,0,51240,1
13,6,InputMUX11,0,51356,1
13,6,InputMUX2,0,50312,1
13,6,InputMUX3,0,50428,1
13,6,InputMUX4,0,50544,1
13,6,InputMUX5,0,50660,1
13,6,InputMUX6,0,50776,1
13,6,InputMUX7,0,50892,1
13,6,InputMUX8,0,51008,1
13,6,InputMUX9,0,51124,1
13,6,SeamMUX0,0,51472,128
13,6,SeamMUX0,1,51472,64
13,6,SeamMUX0,2,51472,32
13,6,SeamMUX0,3,51472,16
13,6,SeamMUX0,4,51472,8
13,6,SeamMUX0,5,51472,4
13,6,SeamMUX1,0,51704,128
13,6,SeamMUX1,1,51704,64
13,6,SeamMUX1,2,51704,32
13,6,SeamMUX1,3,51704,16
13,6,SeamMUX1,4,51704,8
13,6,SeamMUX1,5,51704,4
13,6,SeamMUX10,0,54256,128
13,6,SeamMUX10,1,54256,64
13,6,SeamMUX10,2,54256,32
13,6,SeamMUX10,3,54256,16
13,6,SeamMUX10,4,54256,8
13,6,SeamMUX10,5,54256,4
13,6,SeamMUX11,0,54488,128
13,6,SeamMUX11,1,54488,64
13,6,SeamMUX11,2,54488,32
13,6,SeamMUX11,3,54488,16
13,6,SeamMUX11,4,54488,8
13,6,SeamMUX11,5,54488,4
13,6,SeamMUX12,0,54720,128
13,6,SeamMUX12,1,54720,64
13,6,SeamMUX12,2,54720,32
13,6,SeamMUX12,3,54720,16
13,6,SeamMUX12,4,54720,8
13,6,SeamMUX12,5,54720,4
13,6,SeamMUX13,0,55300,128
13,6,SeamMUX13,1,55300,64
13,6,SeamMUX13,2,55300,32
13,6,SeamMUX13,3,55300,16
13,6,SeamMUX13,4,55300,8
13,6,SeamMUX13,5,55300,4
13,6,SeamMUX14,0,55416,128
13,6,SeamMUX14,1,55416,64
13,6,SeamMUX14,2,55416,32
13,6,SeamMUX14,3,55416,16
13,6,SeamMUX14,4,55416,8
13,6,SeamMUX14,5,55416,4
13,6,SeamMUX15,0,55996,128
13,6,SeamMUX15,1,55996,64
13,6,SeamMUX15,2,55996,32
13,6,SeamMUX15,3,55996,16
13,6,SeamMUX15,4,55996,8
13,6,SeamMUX15,5,55996,4
13,6,SeamMUX16,0,56112,128
13,6,SeamMUX16,1,56112,64
13,6,SeamMUX16,2,56112,32
13,6,SeamMUX16,3,56112,16
13,6,SeamMUX16,4,56112,8
13,6,SeamMUX16,5,56112,4
13,6,SeamMUX17,0,56692,128
13,6,SeamMUX17,1,56692,64
13,6,SeamMUX17,2,56692,32
13,6,SeamMUX17,3,56692,16
13,6,SeamMUX17,4,56692,8
13,6,SeamMUX17,5,56692,4
13,6,SeamMUX18,0,56808,128
13,6,SeamMUX18,1,56808,64
13,6,SeamMUX18,2,56808,32
13,6,SeamMUX18,3,56808,16
13,6,SeamMUX18,4,56808,8
13,6,SeamMUX18,5,56808,4
13,6,SeamMUX19,0,57388,128
13,6,SeamMUX19,1,57388,64
13,6,SeamMUX19,2,57388,32
13,6,SeamMUX19,3,57388,16
13,6,SeamMUX19,4,57388,8
13,6,SeamMUX19,5,57388,4
13,6,SeamMUX2,0,51936,128
13,6,SeamMUX2,1,51936,64
13,6,SeamMUX2,2,51936,32
13,6,SeamMUX2,3,51936,16
13,6,SeamMUX2,4,51936,8
13,6,SeamMUX2,5,51936,4
13,6,SeamMUX3,0,52168,128
13,6,SeamMUX3,1,52168,64
13,6,SeamMUX3,2,52168,32
13,6,SeamMUX3,3,52168,16
13,6,SeamMUX3,4,52168,8
13,6,SeamMUX3,5,52168,4
13,6,SeamMUX4,0,52400,128
13,6,SeamMUX4,1,52400,64
13,6,SeamMUX4,2,52400,32
13,6,SeamMUX4,3,52400,16
13,6,SeamMUX4,4,52400,8
13,6,SeamMUX4,5,52400,4
13,6,SeamMUX5,0,52632,128
13,6,SeamMUX5,1,52632,64
13,6,SeamMUX5,2,52632,32
13,6,SeamMUX5,3,52632,16
13,6,SeamMUX5,4,52632,8
13,6,SeamMUX5,5,52632,4
13,6,SeamMUX6,0,52864,128
13,6,SeamMUX6,1,52864,64
13,6,SeamMUX6,2,52864,32
13,6,SeamMUX6,3,52864,16
13,6,SeamMUX6,4,52864,8
13,6,SeamMUX6,5,52864,4
13,6,SeamMUX7,0,53096,128
13,6,SeamMUX7,1,53096,64
13,6,SeamMUX7,2,53096,32
13,6,SeamMUX7,3,53096,16
13,6,SeamMUX7,4,53096,8
13,6,SeamMUX7,5,53096,4
13,6,SeamMUX8,0,53328,128
13,6,SeamMUX8,1,53328,64
13,6,SeamMUX8,2,53328,32
13,6,SeamMUX8,3,53328,16
13,6,SeamMUX8,4,53328,8
13,6,SeamMUX8,5,53328,4
13,6,SeamMUX9,0,53560,128
13,6,SeamMUX9,1,53560,64
13,6,SeamMUX9,2,53560,32
13,6,SeamMUX9,3,53560,16
13,6,SeamMUX9,4,53560,8
13,6,SeamMUX9,5,53560,4
13,7,BBMUXE0,0,43584,2
13,7,BBMUXE0,1,43700,2
13,7,BBMUXE0,2,43584,1
13,7,BBMUXE0,3,43700,1
13,7,BBMUXE0,4,43585,128
13,7,BBMUXE0,5,43701,128
13,7,BBMUXE0,6,43585,64
13,7,BBMUXE0,7,43701,64
13,7,BBMUXE0,8,43585,32
13,7,BBMUXE1,0,43816,2
13,7,BBMUXE1,1,43932,2
13,7,BBMUXE1,2,43816,1
13,7,BBMUXE1,3,43932,1
13,7,BBMUXE1,4,43817,128
13,7,BBMUXE1,5,43933,128
13,7,BBMUXE1,6,43817,64
13,7,BBMUXE1,7,43933,64
13,7,BBMUXE1,8,43817,32
13,7,BBMUXE10,0,46368,2
13,7,BBMUXE10,1,46484,2
13,7,BBMUXE10,2,46368,1
13,7,BBMUXE10,3,46484,1
13,7,BBMUXE10,4,46369,128
13,7,BBMUXE10,5,46485,128
13,7,BBMUXE10,6,46369,64
13,7,BBMUXE10,7,46485,64
13,7,BBMUXE10,8,46369,32
13,7,BBMUXE11,0,46600,2
13,7,BBMUXE11,1,46716,2
13,7,BBMUXE11,2,46600,1
13,7,BBMUXE11,3,46716,1
13,7,BBMUXE11,4,46601,128
13,7,BBMUXE11,5,46717,128
13,7,BBMUXE11,6,46601,64
13,7,BBMUXE11,7,46717,64
13,7,BBMUXE11,8,46601,32
13,7,BBMUXE2,0,44048,2
13,7,BBMUXE2,1,44164,2
13,7,BBMUXE2,2,44048,1
13,7,BBMUXE2,3,44164,1
13,7,BBMUXE2,4,44049,128
13,7,BBMUXE2,5,44165,128
13,7,BBMUXE2,6,44049,64
13,7,BBMUXE2,7,44165,64
13,7,BBMUXE2,8,44049,32
13,7,BBMUXE3,0,44280,2
13,7,BBMUXE3,1,44396,2
13,7,BBMUXE3,2,44280,1
13,7,BBMUXE3,3,44396,1
13,7,BBMUXE3,4,44281,128
13,7,BBMUXE3,5,44397,128
13,7,BBMUXE3,6,44281,64
13,7,BBMUXE3,7,44397,64
13,7,BBMUXE3,8,44281,32
13,7,BBMUXE4,0,44512,2
13,7,BBMUXE4,1,44628,2
13,7,BBMUXE4,2,44512,1
13,7,BBMUXE4,3,44628,1
13,7,BBMUXE4,4,44513,128
13,7,BBMUXE4,5,44629,128
13,7,BBMUXE4,6,44513,64
13,7,BBMUXE4,7,44629,64
13,7,BBMUXE4,8,44513,32
13,7,BBMUXE5,0,44744,2
13,7,BBMUXE5,1,44860,2
13,7,BBMUXE5,2,44744,1
13,7,BBMUXE5,3,44860,1
13,7,BBMUXE5,4,44745,128
13,7,BBMUXE5,5,44861,128
13,7,BBMUXE5,6,44745,64
13,7,BBMUXE5,7,44861,64
13,7,BBMUXE5,8,44745,32
13,7,BBMUXE6,0,44976,2
13,7,BBMUXE6,1,45092,2
13,7,BBMUXE6,2,44976,1
13,7,BBMUXE6,3,45092,1
13,7,BBMUXE6,4,44977,128
13,7,BBMUXE6,5,45093,128
13,7,BBMUXE6,6,44977,64
13,7,BBMUXE6,7,45093,64
13,7,BBMUXE6,8,44977,32
13,7,BBMUXE7,0,45208,2
13,7,BBMUXE7,1,45324,2
13,7,BBMUXE7,2,45208,1
13,7,BBMUXE7,3,45324,1
13,7,BBMUXE7,4,45209,128
13,7,BBMUXE7,5,45325,128
13,7,BBMUXE7,6,45209,64
13,7,BBMUXE7,7,45325,64
13,7,BBMUXE7,8,45209,32
13,7,BBMUXE8,0,45440,2
13,7,BBMUXE8,1,45556,2
13,7,BBMUXE8,2,45440,1
13,7,BBMUXE8,3,45556,1
13,7,BBMUXE8,4,45441,128
13,7,BBMUXE8,5,45557,128
13,7,BBMUXE8,6,45441,64
13,7,BBMUXE8,7,45557,64
13,7,BBMUXE8,8,45441,32
13,7,BBMUXE9,0,45672,2
13,7,BBMUXE9,1,45788,2
13,7,BBMUXE9,2,45672,1
13,7,BBMUXE9,3,45788,1
13,7,BBMUXE9,4,45673,128
13,7,BBMUXE9,5,45789,128
13,7,BBMUXE9,6,45673,64
13,7,BBMUXE9,7,45789,64
13,7,BBMUXE9,8,45673,32
13,7,BBMUXW0,0,47064,2
13,7,BBMUXW0,1,46832,2
13,7,BBMUXW0,2,47064,1
13,7,BBMUXW0,3,46832,1
13,7,BBMUXW0,4,47065,32
13,7,BBMUXW0,5,47065,128
13,7,BBMUXW0,6,46833,128
13,7,BBMUXW0,7,46833,64
13,7,BBMUXW0,8,47065,64
13,7,BBMUXW0,9,46833,32
13,7,BBMUXW1,0,47180,2
13,7,BBMUXW1,1,47412,2
13,7,BBMUXW1,2,47180,1
13,7,BBMUXW1,3,47412,1
13,7,BBMUXW1,4,47181,32
13,7,BBMUXW1,5,47181,128
13,7,BBMUXW1,6,47413,128
13,7,BBMUXW1,7,47413,64
13,7,BBMUXW1,8,47181,64
13,7,BBMUXW1,9,47413,32
13,7,BBMUXW2,0,47760,2
13,7,BBMUXW2,1,47528,2
13,7,BBMUXW2,2,47760,1
13,7,BBMUXW2,3,47528,1
13,7,BBMUXW2,4,47761,32
13,7,BBMUXW2,5,47761,128
13,7,BBMUXW2,6,47529,128
13,7,BBMUXW2,7,47529,64
13,7,BBMUXW2,8,47761,64
13,7,BBMUXW2,9,47529,32
13,7,BBMUXW3,0,47876,2
13,7,BBMUXW3,1,48108,2
13,7,BBMUXW3,2,47876,1
13,7,BBMUXW3,3,48108,1
13,7,BBMUXW3,4,47877,32
13,7,BBMUXW3,5,47877,128
13,7,BBMUXW3,6,48109,128
13,7,BBMUXW3,7,48109,64
13,7,BBMUXW3,8,47877,64
13,7,BBMUXW3,9,48109,32
13,7,BBMUXW4,0,48456,2
13,7,BBMUXW4,1,48224,2
13,7,BBMUXW4,2,48456,1
13,7,BBMUXW4,3,48224,1
13,7,BBMUXW4,4,48457,32
13,7,BBMUXW4,5,48457,128
13,7,BBMUXW4,6,48225,128
13,7,BBMUXW4,7,48225,64
13,7,BBMUXW4,8,48457,64
13,7,BBMUXW4,9,48225,32
13,7,BBMUXW5,0,48572,2
13,7,BBMUXW5,1,48804,2
13,7,BBMUXW5,2,48572,1
13,7,BBMUXW5,3,48804,1
13,7,BBMUXW5,4,48573,32
13,7,BBMUXW5,5,48573,128
13,7,BBMUXW5,6,48805,128
13,7,BBMUXW5,7,48805,64
13,7,BBMUXW5,8,48573,64
13,7,BBMUXW5,9,48805,32
13,7,BBMUXW6,0,49152,2
13,7,BBMUXW6,1,48920,2
13,7,BBMUXW6,2,49152,1
13,7,BBMUXW6,3,48920,1
13,7,BBMUXW6,4,49153,32
13,7,BBMUXW6,5,49153,128
13,7,BBMUXW6,6,48921,128
13,7,BBMUXW6,7,48921,64
13,7,BBMUXW6,8,49153,64
13,7,BBMUXW6,9,48921,32
13,7,BBMUXW7,0,49268,2
13,7,BBMUXW7,1,49500,2
13,7,BBMUXW7,2,49268,1
13,7,BBMUXW7,3,49500,1
13,7,BBMUXW7,4,49269,32
13,7,BBMUXW7,5,49269,128
13,7,BBMUXW7,6,49501,128
13,7,BBMUXW7,7,49501,64
13,7,BBMUXW7,8,49269,64
13,7,BBMUXW7,9,49501,32
13,7,InputMUX0,0,42192,1
13,7,InputMUX1,0,42308,1
13,7,InputMUX10,0,43352,1
13,7,InputMUX11,0,43468,1
13,7,InputMUX2,0,42424,1
13,7,InputMUX3,0,42540,1
13,7,InputMUX4,0,42656,1
13,7,InputMUX5,0,42772,1
13,7,InputMUX6,0,42888,1
13,7,InputMUX7,0,43004,1
13,7,InputMUX8,0,43120,1
13,7,InputMUX9,0,43236,1
13,7,SeamMUX0,0,43584,128
13,7,SeamMUX0,1,43584,64
13,7,SeamMUX0,2,43584,32
13,7,SeamMUX0,3,43584,16
13,7,SeamMUX0,4,43584,8
13,7,SeamMUX0,5,43584,4
13,7,SeamMUX1,0,43816,128
13,7,SeamMUX1,1,43816,64
13,7,SeamMUX1,2,43816,32
13,7,SeamMUX1,3,43816,16
13,7,SeamMUX1,4,43816,8
13,7,SeamMUX1,5,43816,4
13,7,SeamMUX10,0,46368,128
13,7,SeamMUX10,1,46368,64
13,7,SeamMUX10,2,46368,32
13,7,SeamMUX10,3,46368,16
13,7,SeamMUX10,4,46368,8
13,7,SeamMUX10,5,46368,4
13,7,SeamMUX11,0,46600,128
13,7,SeamMUX11,1,46600,64
13,7,SeamMUX11,2,46600,32
13,7,SeamMUX11,3,46600,16
13,7,SeamMUX11,4,46600,8
13,7,SeamMUX11,5,46600,4
13,7,SeamMUX12,0,46832,128
13,7,SeamMUX12,1,46832,64
13,7,SeamMUX12,2,46832,32
13,7,SeamMUX12,3,46832,16
13,7,SeamMUX12,4,46832,8
13,7,SeamMUX12,5,46832,4
13,7,SeamMUX13,0,47412,128
13,7,SeamMUX13,1,47412,64
13,7,SeamMUX13,2,47412,32
13,7,SeamMUX13,3,47412,16
13,7,SeamMUX13,4,47412,8
13,7,SeamMUX13,5,47412,4
13,7,SeamMUX14,0,47528,128
13,7,SeamMUX14,1,47528,64
13,7,SeamMUX14,2,47528,32
13,7,SeamMUX14,3,47528,16
13,7,SeamMUX14,4,47528,8
13,7,SeamMUX14,5,47528,4
13,7,SeamMUX15,0,48108,128
13,7,SeamMUX15,1,48108,64
13,7,SeamMUX15,2,48108,32
13,7,SeamMUX15,3,48108,16
13,7,SeamMUX15,4,48108,8
13,7,SeamMUX15,5,48108,4
13,7,SeamMUX16,0,48224,128
13,7,SeamMUX16,1,48224,64
13,7,SeamMUX16,2,48224,32
13,7,SeamMUX16,3,48224,16
13,7,SeamMUX16,4,48224,8
13,7,SeamMUX16,5,48224,4
13,7,SeamMUX17,0,48804,128
13,7,SeamMUX17,1,48804,64
13,7,SeamMUX17,2,48804,32
13,7,SeamMUX17,3,48804,16
13,7,SeamMUX17,4,48804,8
13,7,SeamMUX17,5,48804,4
13,7,SeamMUX18,0,48920,128
13,7,SeamMUX18,1,48920,64
13,7,SeamMUX18,2,48920,32
13,7,SeamMUX18,3,48920,16
13,7,SeamMUX18,4,48920,8
13,7,SeamMUX18,5,48920,4
13,7,SeamMUX19,0,49500,128
13,7,SeamMUX19,1,49500,64
13,7,SeamMUX19,2,49500,32
13,7,SeamMUX19,3,49500,16
13,7,SeamMUX19,4,49500,8
13,7,SeamMUX19,5,49500,4
13,7,SeamMUX2,0,44048,128
13,7,SeamMUX2,1,44048,64
13,7,SeamMUX2,2,44048,32
13,7,SeamMUX2,3,44048,16
13,7,SeamMUX2,4,44048,8
13,7,SeamMUX2,5,44048,4
13,7,SeamMUX3,0,44280,128
13,7,SeamMUX3,1,44280,64
13,7,SeamMUX3,2,44280,32
13,7,SeamMUX3,3,44280,16
13,7,SeamMUX3,4,44280,8
13,7,SeamMUX3,5,44280,4
13,7,SeamMUX4,0,44512,128
13,7,SeamMUX4,1,44512,64
13,7,SeamMUX4,2,44512,32
13,7,SeamMUX4,3,44512,16
13,7,SeamMUX4,4,44512,8
13,7,SeamMUX4,5,44512,4
13,7,SeamMUX5,0,44744,128
13,7,SeamMUX5,1,44744,64
13,7,SeamMUX5,2,44744,32
13,7,SeamMUX5,3,44744,16
13,7,SeamMUX5,4,44744,8
13,7,SeamMUX5,5,44744,4
13,7,SeamMUX6,0,44976,128
13,7,SeamMUX6,1,44976,64
13,7,SeamMUX6,2,44976,32
13,7,SeamMUX6,3,44976,16
13,7,SeamMUX6,4,44976,8
13,7,SeamMUX6,5,44976,4
13,7,SeamMUX7,0,45208,128
13,7,SeamMUX7,1,45208,64
13,7,SeamMUX7,2,45208,32
13,7,SeamMUX7,3,45208,16
13,7,SeamMUX7,4,45208,8
13,7,SeamMUX7,5,45208,4
13,7,SeamMUX8,0,45440,128
13,7,SeamMUX8,1,45440,64
13,7,SeamMUX8,2,45440,32
13,7,SeamMUX8,3,45440,16
13,7,SeamMUX8,4,45440,8
13,7,SeamMUX8,5,45440,4
13,7,SeamMUX9,0,45672,128
13,7,SeamMUX9,1,45672,64
13,7,SeamMUX9,2,45672,32
13,7,SeamMUX9,3,45672,16
13,7,SeamMUX9,4,45672,8
13,7,SeamMUX9,5,45672,4
13,8,BBMUXE0,0,35696,2
13,8,BBMUXE0,1,35812,2
13,8,BBMUXE0,2,35696,1
13,8,BBMUXE0,3,35812,1
13,8,BBMUXE0,4,35697,128
13,8,BBMUXE0,5,35813,128
13,8,BBMUXE0,6,35697,64
13,8,BBMUXE0,7,35813,64
13,8,BBMUXE0,8,35697,32
13,8,BBMUXE1,0,35928,2
13,8,BBMUXE1,1,36044,2
13,8,BBMUXE1,2,35928,1
13,8,BBMUXE1,3,36044,1
13,8,BBMUXE1,4,35929,128
13,8,BBMUXE1,5,36045,128
13,8,BBMUXE1,6,35929,64
13,8,BBMUXE1,7,36045,64
13,8,BBMUXE1,8,35929,32
13,8,BBMUXE10,0,38480,2
13,8,BBMUXE10,1,38596,2
13,8,BBMUXE10,2,38480,1
13,8,BBMUXE10,3,38596,1
13,8,BBMUXE10,4,38481,128
13,8,BBMUXE10,5,38597,128
13,8,BBMUXE10,6,38481,64
13,8,BBMUXE10,7,38597,64
13,8,BBMUXE10,8,38481,32
13,8,BBMUXE11,0,38712,2
13,8,BBMUXE11,1,38828,2
13,8,BBMUXE11,2,38712,1
13,8,BBMUXE11,3,38828,1
13,8,BBMUXE11,4,38713,128
13,8,BBMUXE11,5,38829,128
13,8,BBMUXE11,6,38713,64
13,8,BBMUXE11,7,38829,64
13,8,BBMUXE11,8,38713,32
13,8,BBMUXE2,0,36160,2
13,8,BBMUXE2,1,36276,2
13,8,BBMUXE2,2,36160,1
13,8,BBMUXE2,3,36276,1
13,8,BBMUXE2,4,36161,128
13,8,BBMUXE2,5,36277,128
13,8,BBMUXE2,6,36161,64
13,8,BBMUXE2,7,36277,64
13,8,BBMUXE2,8,36161,32
13,8,BBMUXE3,0,36392,2
13,8,BBMUXE3,1,36508,2
13,8,BBMUXE3,2,36392,1
13,8,BBMUXE3,3,36508,1
13,8,BBMUXE3,4,36393,128
13,8,BBMUXE3,5,36509,128
13,8,BBMUXE3,6,36393,64
13,8,BBMUXE3,7,36509,64
13,8,BBMUXE3,8,36393,32
13,8,BBMUXE4,0,36624,2
13,8,BBMUXE4,1,36740,2
13,8,BBMUXE4,2,36624,1
13,8,BBMUXE4,3,36740,1
13,8,BBMUXE4,4,36625,128
13,8,BBMUXE4,5,36741,128
13,8,BBMUXE4,6,36625,64
13,8,BBMUXE4,7,36741,64
13,8,BBMUXE4,8,36625,32
13,8,BBMUXE5,0,36856,2
13,8,BBMUXE5,1,36972,2
13,8,BBMUXE5,2,36856,1
13,8,BBMUXE5,3,36972,1
13,8,BBMUXE5,4,36857,128
13,8,BBMUXE5,5,36973,128
13,8,BBMUXE5,6,36857,64
13,8,BBMUXE5,7,36973,64
13,8,BBMUXE5,8,36857,32
13,8,BBMUXE6,0,37088,2
13,8,BBMUXE6,1,37204,2
13,8,BBMUXE6,2,37088,1
13,8,BBMUXE6,3,37204,1
13,8,BBMUXE6,4,37089,128
13,8,BBMUXE6,5,37205,128
13,8,BBMUXE6,6,37089,64
13,8,BBMUXE6,7,37205,64
13,8,BBMUXE6,8,37089,32
13,8,BBMUXE7,0,37320,2
13,8,BBMUXE7,1,37436,2
13,8,BBMUXE7,2,37320,1
13,8,BBMUXE7,3,37436,1
13,8,BBMUXE7,4,37321,128
13,8,BBMUXE7,5,37437,128
13,8,BBMUXE7,6,37321,64
13,8,BBMUXE7,7,37437,64
13,8,BBMUXE7,8,37321,32
13,8,BBMUXE8,0,37552,2
13,8,BBMUXE8,1,37668,2
13,8,BBMUXE8,2,37552,1
13,8,BBMUXE8,3,37668,1
13,8,BBMUXE8,4,37553,128
13,8,BBMUXE8,5,37669,128
13,8,BBMUXE8,6,37553,64
13,8,BBMUXE8,7,37669,64
13,8,BBMUXE8,8,37553,32
13,8,BBMUXE9,0,37784,2
13,8,BBMUXE9,1,37900,2
13,8,BBMUXE9,2,37784,1
13,8,BBMUXE9,3,37900,1
13,8,BBMUXE9,4,37785,128
13,8,BBMUXE9,5,37901,128
13,8,BBMUXE9,6,37785,64
13,8,BBMUXE9,7,37901,64
13,8,BBMUXE9,8,37785,32
13,8,BBMUXW0,0,39176,2
13,8,BBMUXW0,1,38944,2
13,8,BBMUXW0,2,39176,1
13,8,BBMUXW0,3,38944,1
13,8,BBMUXW0,4,39177,32
13,8,BBMUXW0,5,39177,128
13,8,BBMUXW0,6,38945,128
13,8,BBMUXW0,7,38945,64
13,8,BBMUXW0,8,39177,64
13,8,BBMUXW0,9,38945,32
13,8,BBMUXW1,0,39292,2
13,8,BBMUXW1,1,39524,2
13,8,BBMUXW1,2,39292,1
13,8,BBMUXW1,3,39524,1
13,8,BBMUXW1,4,39293,32
13,8,BBMUXW1,5,39293,128
13,8,BBMUXW1,6,39525,128
13,8,BBMUXW1,7,39525,64
13,8,BBMUXW1,8,39293,64
13,8,BBMUXW1,9,39525,32
13,8,BBMUXW2,0,39872,2
13,8,BBMUXW2,1,39640,2
13,8,BBMUXW2,2,39872,1
13,8,BBMUXW2,3,39640,1
13,8,BBMUXW2,4,39873,32
13,8,BBMUXW2,5,39873,128
13,8,BBMUXW2,6,39641,128
13,8,BBMUXW2,7,39641,64
13,8,BBMUXW2,8,39873,64
13,8,BBMUXW2,9,39641,32
13,8,BBMUXW3,0,39988,2
13,8,BBMUXW3,1,40220,2
13,8,BBMUXW3,2,39988,1
13,8,BBMUXW3,3,40220,1
13,8,BBMUXW3,4,39989,32
13,8,BBMUXW3,5,39989,128
13,8,BBMUXW3,6,40221,128
13,8,BBMUXW3,7,40221,64
13,8,BBMUXW3,8,39989,64
13,8,BBMUXW3,9,40221,32
13,8,BBMUXW4,0,40568,2
13,8,BBMUXW4,1,40336,2
13,8,BBMUXW4,2,40568,1
13,8,BBMUXW4,3,40336,1
13,8,BBMUXW4,4,40569,32
13,8,BBMUXW4,5,40569,128
13,8,BBMUXW4,6,40337,128
13,8,BBMUXW4,7,40337,64
13,8,BBMUXW4,8,40569,64
13,8,BBMUXW4,9,40337,32
13,8,BBMUXW5,0,40684,2
13,8,BBMUXW5,1,40916,2
13,8,BBMUXW5,2,40684,1
13,8,BBMUXW5,3,40916,1
13,8,BBMUXW5,4,40685,32
13,8,BBMUXW5,5,40685,128
13,8,BBMUXW5,6,40917,128
13,8,BBMUXW5,7,40917,64
13,8,BBMUXW5,8,40685,64
13,8,BBMUXW5,9,40917,32
13,8,BBMUXW6,0,41264,2
13,8,BBMUXW6,1,41032,2
13,8,BBMUXW6,2,41264,1
13,8,BBMUXW6,3,41032,1
13,8,BBMUXW6,4,41265,32
13,8,BBMUXW6,5,41265,128
13,8,BBMUXW6,6,41033,128
13,8,BBMUXW6,7,41033,64
13,8,BBMUXW6,8,41265,64
13,8,BBMUXW6,9,41033,32
13,8,BBMUXW7,0,41380,2
13,8,BBMUXW7,1,41612,2
13,8,BBMUXW7,2,41380,1
13,8,BBMUXW7,3,41612,1
13,8,BBMUXW7,4,41381,32
13,8,BBMUXW7,5,41381,128
13,8,BBMUXW7,6,41613,128
13,8,BBMUXW7,7,41613,64
13,8,BBMUXW7,8,41381,64
13,8,BBMUXW7,9,41613,32
13,8,InputMUX0,0,34304,1
13,8,InputMUX1,0,34420,1
13,8,InputMUX10,0,35464,1
13,8,InputMUX11,0,35580,1
13,8,InputMUX2,0,34536,1
13,8,InputMUX3,0,34652,1
13,8,InputMUX4,0,34768,1
13,8,InputMUX5,0,34884,1
13,8,InputMUX6,0,35000,1
13,8,InputMUX7,0,35116,1
13,8,InputMUX8,0,35232,1
13,8,InputMUX9,0,35348,1
13,8,SeamMUX0,0,35696,128
13,8,SeamMUX0,1,35696,64
13,8,SeamMUX0,2,35696,32
13,8,SeamMUX0,3,35696,16
13,8,SeamMUX0,4,35696,8
13,8,SeamMUX0,5,35696,4
13,8,SeamMUX1,0,35928,128
13,8,SeamMUX1,1,35928,64
13,8,SeamMUX1,2,35928,32
13,8,SeamMUX1,3,35928,16
13,8,SeamMUX1,4,35928,8
13,8,SeamMUX1,5,35928,4
13,8,SeamMUX10,0,38480,128
13,8,SeamMUX10,1,38480,64
13,8,SeamMUX10,2,38480,32
13,8,SeamMUX10,3,38480,16
13,8,SeamMUX10,4,38480,8
13,8,SeamMUX10,5,38480,4
13,8,SeamMUX11,0,38712,128
13,8,SeamMUX11,1,38712,64
13,8,SeamMUX11,2,38712,32
13,8,SeamMUX11,3,38712,16
13,8,SeamMUX11,4,38712,8
13,8,SeamMUX11,5,38712,4
13,8,SeamMUX12,0,38944,128
13,8,SeamMUX12,1,38944,64
13,8,SeamMUX12,2,38944,32
13,8,SeamMUX12,3,38944,16
13,8,SeamMUX12,4,38944,8
13,8,SeamMUX12,5,38944,4
13,8,SeamMUX13,0,39524,128
13,8,SeamMUX13,1,39524,64
13,8,SeamMUX13,2,39524,32
13,8,SeamMUX13,3,39524,16
13,8,SeamMUX13,4,39524,8
13,8,SeamMUX13,5,39524,4
13,8,SeamMUX14,0,39640,128
13,8,SeamMUX14,1,39640,64
13,8,SeamMUX14,2,39640,32
13,8,SeamMUX14,3,39640,16
13,8,SeamMUX14,4,39640,8
13,8,SeamMUX14,5,39640,4
13,8,SeamMUX15,0,40220,128
13,8,SeamMUX15,1,40220,64
13,8,SeamMUX15,2,40220,32
13,8,SeamMUX15,3,40220,16
13,8,SeamMUX15,4,40220,8
13,8,SeamMUX15,5,40220,4
13,8,SeamMUX16,0,40336,128
13,8,SeamMUX16,1,40336,64
13,8,SeamMUX16,2,40336,32
13,8,SeamMUX16,3,40336,16
13,8,SeamMUX16,4,40336,8
13,8,SeamMUX16,5,40336,4
13,8,SeamMUX17,0,40916,128
13,8,SeamMUX17,1,40916,64
13,8,SeamMUX17,2,40916,32
13,8,SeamMUX17,3,40916,16
13,8,SeamMUX17,4,40916,8
13,8,SeamMUX17,5,40916,4
13,8,SeamMUX18,0,41032,128
13,8,SeamMUX18,1,41032,64
13,8,SeamMUX18,2,41032,32
13,8,SeamMUX18,3,41032,16
13,8,SeamMUX18,4,41032,8
13,8,SeamMUX18,5,41032,4
13,8,SeamMUX19,0,41612,128
13,8,SeamMUX19,1,41612,64
13,8,SeamMUX19,2,41612,32
13,8,SeamMUX19,3,41612,16
13,8,SeamMUX19,4,41612,8
13,8,SeamMUX19,5,41612,4
13,8,SeamMUX2,0,36160,128
13,8,SeamMUX2,1,36160,64
13,8,SeamMUX2,2,36160,32
13,8,SeamMUX2,3,36160,16
13,8,SeamMUX2,4,36160,8
13,8,SeamMUX2,5,36160,4
13,8,SeamMUX3,0,36392,128
13,8,SeamMUX3,1,36392,64
13,8,SeamMUX3,2,36392,32
13,8,SeamMUX3,3,36392,16
13,8,SeamMUX3,4,36392,8
13,8,SeamMUX3,5,36392,4
13,8,SeamMUX4,0,36624,128
13,8,SeamMUX4,1,36624,64
13,8,SeamMUX4,2,36624,32
13,8,SeamMUX4,3,36624,16
13,8,SeamMUX4,4,36624,8
13,8,SeamMUX4,5,36624,4
13,8,SeamMUX5,0,36856,128
13,8,SeamMUX5,1,36856,64
13,8,SeamMUX5,2,36856,32
13,8,SeamMUX5,3,36856,16
13,8,SeamMUX5,4,36856,8
13,8,SeamMUX5,5,36856,4
13,8,SeamMUX6,0,37088,128
13,8,SeamMUX6,1,37088,64
13,8,SeamMUX6,2,37088,32
13,8,SeamMUX6,3,37088,16
13,8,SeamMUX6,4,37088,8
13,8,SeamMUX6,5,37088,4
13,8,SeamMUX7,0,37320,128
13,8,SeamMUX7,1,37320,64
13,8,SeamMUX7,2,37320,32
13,8,SeamMUX7,3,37320,16
13,8,SeamMUX7,4,37320,8
13,8,SeamMUX7,5,37320,4
13,8,SeamMUX8,0,37552,128
13,8,SeamMUX8,1,37552,64
13,8,SeamMUX8,2,37552,32
13,8,SeamMUX8,3,37552,16
13,8,SeamMUX8,4,37552,8
13,8,SeamMUX8,5,37552,4
13,8,SeamMUX9,0,37784,128
13,8,SeamMUX9,1,37784,64
13,8,SeamMUX9,2,37784,32
13,8,SeamMUX9,3,37784,16
13,8,SeamMUX9,4,37784,8
13,8,SeamMUX9,5,37784,4
13,9,BBMUXE0,0,27808,2
13,9,BBMUXE0,1,27924,2
13,9,BBMUXE0,2,27808,1
13,9,BBMUXE0,3,27924,1
13,9,BBMUXE0,4,27809,128
13,9,BBMUXE0,5,27925,128
13,9,BBMUXE0,6,27809,64
13,9,BBMUXE0,7,27925,64
13,9,BBMUXE0,8,27809,32
13,9,BBMUXE1,0,28040,2
13,9,BBMUXE1,1,28156,2
13,9,BBMUXE1,2,28040,1
13,9,BBMUXE1,3,28156,1
13,9,BBMUXE1,4,28041,128
13,9,BBMUXE1,5,28157,128
13,9,BBMUXE1,6,28041,64
13,9,BBMUXE1,7,28157,64
13,9,BBMUXE1,8,28041,32
13,9,BBMUXE10,0,30592,2
13,9,BBMUXE10,1,30708,2
13,9,BBMUXE10,2,30592,1
13,9,BBMUXE10,3,30708,1
13,9,BBMUXE10,4,30593,128
13,9,BBMUXE10,5,30709,128
13,9,BBMUXE10,6,30593,64
13,9,BBMUXE10,7,30709,64
13,9,BBMUXE10,8,30593,32
13,9,BBMUXE11,0,30824,2
13,9,BBMUXE11,1,30940,2
13,9,BBMUXE11,2,30824,1
13,9,BBMUXE11,3,30940,1
13,9,BBMUXE11,4,30825,128
13,9,BBMUXE11,5,30941,128
13,9,BBMUXE11,6,30825,64
13,9,BBMUXE11,7,30941,64
13,9,BBMUXE11,8,30825,32
13,9,BBMUXE2,0,28272,2
13,9,BBMUXE2,1,28388,2
13,9,BBMUXE2,2,28272,1
13,9,BBMUXE2,3,28388,1
13,9,BBMUXE2,4,28273,128
13,9,BBMUXE2,5,28389,128
13,9,BBMUXE2,6,28273,64
13,9,BBMUXE2,7,28389,64
13,9,BBMUXE2,8,28273,32
13,9,BBMUXE3,0,28504,2
13,9,BBMUXE3,1,28620,2
13,9,BBMUXE3,2,28504,1
13,9,BBMUXE3,3,28620,1
13,9,BBMUXE3,4,28505,128
13,9,BBMUXE3,5,28621,128
13,9,BBMUXE3,6,28505,64
13,9,BBMUXE3,7,28621,64
13,9,BBMUXE3,8,28505,32
13,9,BBMUXE4,0,28736,2
13,9,BBMUXE4,1,28852,2
13,9,BBMUXE4,2,28736,1
13,9,BBMUXE4,3,28852,1
13,9,BBMUXE4,4,28737,128
13,9,BBMUXE4,5,28853,128
13,9,BBMUXE4,6,28737,64
13,9,BBMUXE4,7,28853,64
13,9,BBMUXE4,8,28737,32
13,9,BBMUXE5,0,28968,2
13,9,BBMUXE5,1,29084,2
13,9,BBMUXE5,2,28968,1
13,9,BBMUXE5,3,29084,1
13,9,BBMUXE5,4,28969,128
13,9,BBMUXE5,5,29085,128
13,9,BBMUXE5,6,28969,64
13,9,BBMUXE5,7,29085,64
13,9,BBMUXE5,8,28969,32
13,9,BBMUXE6,0,29200,2
13,9,BBMUXE6,1,29316,2
13,9,BBMUXE6,2,29200,1
13,9,BBMUXE6,3,29316,1
13,9,BBMUXE6,4,29201,128
13,9,BBMUXE6,5,29317,128
13,9,BBMUXE6,6,29201,64
13,9,BBMUXE6,7,29317,64
13,9,BBMUXE6,8,29201,32
13,9,BBMUXE7,0,29432,2
13,9,BBMUXE7,1,29548,2
13,9,BBMUXE7,2,29432,1
13,9,BBMUXE7,3,29548,1
13,9,BBMUXE7,4,29433,128
13,9,BBMUXE7,5,29549,128
13,9,BBMUXE7,6,29433,64
13,9,BBMUXE7,7,29549,64
13,9,BBMUXE7,8,29433,32
13,9,BBMUXE8,0,29664,2
13,9,BBMUXE8,1,29780,2
13,9,BBMUXE8,2,29664,1
13,9,BBMUXE8,3,29780,1
13,9,BBMUXE8,4,29665,128
13,9,BBMUXE8,5,29781,128
13,9,BBMUXE8,6,29665,64
13,9,BBMUXE8,7,29781,64
13,9,BBMUXE8,8,29665,32
13,9,BBMUXE9,0,29896,2
13,9,BBMUXE9,1,30012,2
13,9,BBMUXE9,2,29896,1
13,9,BBMUXE9,3,30012,1
13,9,BBMUXE9,4,29897,128
13,9,BBMUXE9,5,30013,128
13,9,BBMUXE9,6,29897,64
13,9,BBMUXE9,7,30013,64
13,9,BBMUXE9,8,29897,32
13,9,BBMUXW0,0,31288,2
13,9,BBMUXW0,1,31056,2
13,9,BBMUXW0,2,31288,1
13,9,BBMUXW0,3,31056,1
13,9,BBMUXW0,4,31289,32
13,9,BBMUXW0,5,31289,128
13,9,BBMUXW0,6,31057,128
13,9,BBMUXW0,7,31057,64
13,9,BBMUXW0,8,31289,64
13,9,BBMUXW0,9,31057,32
13,9,BBMUXW1,0,31404,2
13,9,BBMUXW1,1,31636,2
13,9,BBMUXW1,2,31404,1
13,9,BBMUXW1,3,31636,1
13,9,BBMUXW1,4,31405,32
13,9,BBMUXW1,5,31405,128
13,9,BBMUXW1,6,31637,128
13,9,BBMUXW1,7,31637,64
13,9,BBMUXW1,8,31405,64
13,9,BBMUXW1,9,31637,32
13,9,BBMUXW2,0,31984,2
13,9,BBMUXW2,1,31752,2
13,9,BBMUXW2,2,31984,1
13,9,BBMUXW2,3,31752,1
13,9,BBMUXW2,4,31985,32
13,9,BBMUXW2,5,31985,128
13,9,BBMUXW2,6,31753,128
13,9,BBMUXW2,7,31753,64
13,9,BBMUXW2,8,31985,64
13,9,BBMUXW2,9,31753,32
13,9,BBMUXW3,0,32100,2
13,9,BBMUXW3,1,32332,2
13,9,BBMUXW3,2,32100,1
13,9,BBMUXW3,3,32332,1
13,9,BBMUXW3,4,32101,32
13,9,BBMUXW3,5,32101,128
13,9,BBMUXW3,6,32333,128
13,9,BBMUXW3,7,32333,64
13,9,BBMUXW3,8,32101,64
13,9,BBMUXW3,9,32333,32
13,9,BBMUXW4,0,32680,2
13,9,BBMUXW4,1,32448,2
13,9,BBMUXW4,2,32680,1
13,9,BBMUXW4,3,32448,1
13,9,BBMUXW4,4,32681,32
13,9,BBMUXW4,5,32681,128
13,9,BBMUXW4,6,32449,128
13,9,BBMUXW4,7,32449,64
13,9,BBMUXW4,8,32681,64
13,9,BBMUXW4,9,32449,32
13,9,BBMUXW5,0,32796,2
13,9,BBMUXW5,1,33028,2
13,9,BBMUXW5,2,32796,1
13,9,BBMUXW5,3,33028,1
13,9,BBMUXW5,4,32797,32
13,9,BBMUXW5,5,32797,128
13,9,BBMUXW5,6,33029,128
13,9,BBMUXW5,7,33029,64
13,9,BBMUXW5,8,32797,64
13,9,BBMUXW5,9,33029,32
13,9,BBMUXW6,0,33376,2
13,9,BBMUXW6,1,33144,2
13,9,BBMUXW6,2,33376,1
13,9,BBMUXW6,3,33144,1
13,9,BBMUXW6,4,33377,32
13,9,BBMUXW6,5,33377,128
13,9,BBMUXW6,6,33145,128
13,9,BBMUXW6,7,33145,64
13,9,BBMUXW6,8,33377,64
13,9,BBMUXW6,9,33145,32
13,9,BBMUXW7,0,33492,2
13,9,BBMUXW7,1,33724,2
13,9,BBMUXW7,2,33492,1
13,9,BBMUXW7,3,33724,1
13,9,BBMUXW7,4,33493,32
13,9,BBMUXW7,5,33493,128
13,9,BBMUXW7,6,33725,128
13,9,BBMUXW7,7,33725,64
13,9,BBMUXW7,8,33493,64
13,9,BBMUXW7,9,33725,32
13,9,InputMUX0,0,26416,1
13,9,InputMUX1,0,26532,1
13,9,InputMUX10,0,27576,1
13,9,InputMUX11,0,27692,1
13,9,InputMUX2,0,26648,1
13,9,InputMUX3,0,26764,1
13,9,InputMUX4,0,26880,1
13,9,InputMUX5,0,26996,1
13,9,InputMUX6,0,27112,1
13,9,InputMUX7,0,27228,1
13,9,InputMUX8,0,27344,1
13,9,InputMUX9,0,27460,1
13,9,SeamMUX0,0,27808,128
13,9,SeamMUX0,1,27808,64
13,9,SeamMUX0,2,27808,32
13,9,SeamMUX0,3,27808,16
13,9,SeamMUX0,4,27808,8
13,9,SeamMUX0,5,27808,4
13,9,SeamMUX1,0,28040,128
13,9,SeamMUX1,1,28040,64
13,9,SeamMUX1,2,28040,32
13,9,SeamMUX1,3,28040,16
13,9,SeamMUX1,4,28040,8
13,9,SeamMUX1,5,28040,4
13,9,SeamMUX10,0,30592,128
13,9,SeamMUX10,1,30592,64
13,9,SeamMUX10,2,30592,32
13,9,SeamMUX10,3,30592,16
13,9,SeamMUX10,4,30592,8
13,9,SeamMUX10,5,30592,4
13,9,SeamMUX11,0,30824,128
13,9,SeamMUX11,1,30824,64
13,9,SeamMUX11,2,30824,32
13,9,SeamMUX11,3,30824,16
13,9,SeamMUX11,4,30824,8
13,9,SeamMUX11,5,30824,4
13,9,SeamMUX12,0,31056,128
13,9,SeamMUX12,1,31056,64
13,9,SeamMUX12,2,31056,32
13,9,SeamMUX12,3,31056,16
13,9,SeamMUX12,4,31056,8
13,9,SeamMUX12,5,31056,4
13,9,SeamMUX13,0,31636,128
13,9,SeamMUX13,1,31636,64
13,9,SeamMUX13,2,31636,32
13,9,SeamMUX13,3,31636,16
13,9,SeamMUX13,4,31636,8
13,9,SeamMUX13,5,31636,4
13,9,SeamMUX14,0,31752,128
13,9,SeamMUX14,1,31752,64
13,9,SeamMUX14,2,31752,32
13,9,SeamMUX14,3,31752,16
13,9,SeamMUX14,4,31752,8
13,9,SeamMUX14,5,31752,4
13,9,SeamMUX15,0,32332,128
13,9,SeamMUX15,1,32332,64
13,9,SeamMUX15,2,32332,32
13,9,SeamMUX15,3,32332,16
13,9,SeamMUX15,4,32332,8
13,9,SeamMUX15,5,32332,4
13,9,SeamMUX16,0,32448,128
13,9,SeamMUX16,1,32448,64
13,9,SeamMUX16,2,32448,32
13,9,SeamMUX16,3,32448,16
13,9,SeamMUX16,4,32448,8
13,9,SeamMUX16,5,32448,4
13,9,SeamMUX17,0,33028,128
13,9,SeamMUX17,1,33028,64
13,9,SeamMUX17,2,33028,32
13,9,SeamMUX17,3,33028,16
13,9,SeamMUX17,4,33028,8
13,9,SeamMUX17,5,33028,4
13,9,SeamMUX18,0,33144,128
13,9,SeamMUX18,1,33144,64
13,9,SeamMUX18,2,33144,32
13,9,SeamMUX18,3,33144,16
13,9,SeamMUX18,4,33144,8
13,9,SeamMUX18,5,33144,4
13,9,SeamMUX19,0,33724,128
13,9,SeamMUX19,1,33724,64
13,9,SeamMUX19,2,33724,32
13,9,SeamMUX19,3,33724,16
13,9,SeamMUX19,4,33724,8
13,9,SeamMUX19,5,33724,4
13,9,SeamMUX2,0,28272,128
13,9,SeamMUX2,1,28272,64
13,9,SeamMUX2,2,28272,32
13,9,SeamMUX2,3,28272,16
13,9,SeamMUX2,4,28272,8
13,9,SeamMUX2,5,28272,4
13,9,SeamMUX3,0,28504,128
13,9,SeamMUX3,1,28504,64
13,9,SeamMUX3,2,28504,32
13,9,SeamMUX3,3,28504,16
13,9,SeamMUX3,4,28504,8
13,9,SeamMUX3,5,28504,4
13,9,SeamMUX4,0,28736,128
13,9,SeamMUX4,1,28736,64
13,9,SeamMUX4,2,28736,32
13,9,SeamMUX4,3,28736,16
13,9,SeamMUX4,4,28736,8
13,9,SeamMUX4,5,28736,4
13,9,SeamMUX5,0,28968,128
13,9,SeamMUX5,1,28968,64
13,9,SeamMUX5,2,28968,32
13,9,SeamMUX5,3,28968,16
13,9,SeamMUX5,4,28968,8
13,9,SeamMUX5,5,28968,4
13,9,SeamMUX6,0,29200,128
13,9,SeamMUX6,1,29200,64
13,9,SeamMUX6,2,29200,32
13,9,SeamMUX6,3,29200,16
13,9,SeamMUX6,4,29200,8
13,9,SeamMUX6,5,29200,4
13,9,SeamMUX7,0,29432,128
13,9,SeamMUX7,1,29432,64
13,9,SeamMUX7,2,29432,32
13,9,SeamMUX7,3,29432,16
13,9,SeamMUX7,4,29432,8
13,9,SeamMUX7,5,29432,4
13,9,SeamMUX8,0,29664,128
13,9,SeamMUX8,1,29664,64
13,9,SeamMUX8,2,29664,32
13,9,SeamMUX8,3,29664,16
13,9,SeamMUX8,4,29664,8
13,9,SeamMUX8,5,29664,4
13,9,SeamMUX9,0,29896,128
13,9,SeamMUX9,1,29896,64
13,9,SeamMUX9,2,29896,32
13,9,SeamMUX9,3,29896,16
13,9,SeamMUX9,4,29896,8
13,9,SeamMUX9,5,29896,4
13,10,BBMUXE0,0,19920,2
13,10,BBMUXE0,1,20036,2
13,10,BBMUXE0,2,19920,1
13,10,BBMUXE0,3,20036,1
13,10,BBMUXE0,4,19921,128
13,10,BBMUXE0,5,20037,128
13,10,BBMUXE0,6,19921,64
13,10,BBMUXE0,7,20037,64
13,10,BBMUXE0,8,19921,32
13,10,BBMUXE1,0,20152,2
13,10,BBMUXE1,1,20268,2
13,10,BBMUXE1,2,20152,1
13,10,BBMUXE1,3,20268,1
13,10,BBMUXE1,4,20153,128
13,10,BBMUXE1,5,20269,128
13,10,BBMUXE1,6,20153,64
13,10,BBMUXE1,7,20269,64
13,10,BBMUXE1,8,20153,32
13,10,BBMUXE10,0,22704,2
13,10,BBMUXE10,1,22820,2
13,10,BBMUXE10,2,22704,1
13,10,BBMUXE10,3,22820,1
13,10,BBMUXE10,4,22705,128
13,10,BBMUXE10,5,22821,128
13,10,BBMUXE10,6,22705,64
13,10,BBMUXE10,7,22821,64
13,10,BBMUXE10,8,22705,32
13,10,BBMUXE11,0,22936,2
13,10,BBMUXE11,1,23052,2
13,10,BBMUXE11,2,22936,1
13,10,BBMUXE11,3,23052,1
13,10,BBMUXE11,4,22937,128
13,10,BBMUXE11,5,23053,128
13,10,BBMUXE11,6,22937,64
13,10,BBMUXE11,7,23053,64
13,10,BBMUXE11,8,22937,32
13,10,BBMUXE2,0,20384,2
13,10,BBMUXE2,1,20500,2
13,10,BBMUXE2,2,20384,1
13,10,BBMUXE2,3,20500,1
13,10,BBMUXE2,4,20385,128
13,10,BBMUXE2,5,20501,128
13,10,BBMUXE2,6,20385,64
13,10,BBMUXE2,7,20501,64
13,10,BBMUXE2,8,20385,32
13,10,BBMUXE3,0,20616,2
13,10,BBMUXE3,1,20732,2
13,10,BBMUXE3,2,20616,1
13,10,BBMUXE3,3,20732,1
13,10,BBMUXE3,4,20617,128
13,10,BBMUXE3,5,20733,128
13,10,BBMUXE3,6,20617,64
13,10,BBMUXE3,7,20733,64
13,10,BBMUXE3,8,20617,32
13,10,BBMUXE4,0,20848,2
13,10,BBMUXE4,1,20964,2
13,10,BBMUXE4,2,20848,1
13,10,BBMUXE4,3,20964,1
13,10,BBMUXE4,4,20849,128
13,10,BBMUXE4,5,20965,128
13,10,BBMUXE4,6,20849,64
13,10,BBMUXE4,7,20965,64
13,10,BBMUXE4,8,20849,32
13,10,BBMUXE5,0,21080,2
13,10,BBMUXE5,1,21196,2
13,10,BBMUXE5,2,21080,1
13,10,BBMUXE5,3,21196,1
13,10,BBMUXE5,4,21081,128
13,10,BBMUXE5,5,21197,128
13,10,BBMUXE5,6,21081,64
13,10,BBMUXE5,7,21197,64
13,10,BBMUXE5,8,21081,32
13,10,BBMUXE6,0,21312,2
13,10,BBMUXE6,1,21428,2
13,10,BBMUXE6,2,21312,1
13,10,BBMUXE6,3,21428,1
13,10,BBMUXE6,4,21313,128
13,10,BBMUXE6,5,21429,128
13,10,BBMUXE6,6,21313,64
13,10,BBMUXE6,7,21429,64
13,10,BBMUXE6,8,21313,32
13,10,BBMUXE7,0,21544,2
13,10,BBMUXE7,1,21660,2
13,10,BBMUXE7,2,21544,1
13,10,BBMUXE7,3,21660,1
13,10,BBMUXE7,4,21545,128
13,10,BBMUXE7,5,21661,128
13,10,BBMUXE7,6,21545,64
13,10,BBMUXE7,7,21661,64
13,10,BBMUXE7,8,21545,32
13,10,BBMUXE8,0,21776,2
13,10,BBMUXE8,1,21892,2
13,10,BBMUXE8,2,21776,1
13,10,BBMUXE8,3,21892,1
13,10,BBMUXE8,4,21777,128
13,10,BBMUXE8,5,21893,128
13,10,BBMUXE8,6,21777,64
13,10,BBMUXE8,7,21893,64
13,10,BBMUXE8,8,21777,32
13,10,BBMUXE9,0,22008,2
13,10,BBMUXE9,1,22124,2
13,10,BBMUXE9,2,22008,1
13,10,BBMUXE9,3,22124,1
13,10,BBMUXE9,4,22009,128
13,10,BBMUXE9,5,22125,128
13,10,BBMUXE9,6,22009,64
13,10,BBMUXE9,7,22125,64
13,10,BBMUXE9,8,22009,32
13,10,BBMUXW0,0,23400,2
13,10,BBMUXW0,1,23168,2
13,10,BBMUXW0,2,23400,1
13,10,BBMUXW0,3,23168,1
13,10,BBMUXW0,4,23401,32
13,10,BBMUXW0,5,23401,128
13,10,BBMUXW0,6,23169,128
13,10,BBMUXW0,7,23169,64
13,10,BBMUXW0,8,23401,64
13,10,BBMUXW0,9,23169,32
13,10,BBMUXW1,0,23516,2
13,10,BBMUXW1,1,23748,2
13,10,BBMUXW1,2,23516,1
13,10,BBMUXW1,3,23748,1
13,10,BBMUXW1,4,23517,32
13,10,BBMUXW1,5,23517,128
13,10,BBMUXW1,6,23749,128
13,10,BBMUXW1,7,23749,64
13,10,BBMUXW1,8,23517,64
13,10,BBMUXW1,9,23749,32
13,10,BBMUXW2,0,24096,2
13,10,BBMUXW2,1,23864,2
13,10,BBMUXW2,2,24096,1
13,10,BBMUXW2,3,23864,1
13,10,BBMUXW2,4,24097,32
13,10,BBMUXW2,5,24097,128
13,10,BBMUXW2,6,23865,128
13,10,BBMUXW2,7,23865,64
13,10,BBMUXW2,8,24097,64
13,10,BBMUXW2,9,23865,32
13,10,BBMUXW3,0,24212,2
13,10,BBMUXW3,1,24444,2
13,10,BBMUXW3,2,24212,1
13,10,BBMUXW3,3,24444,1
13,10,BBMUXW3,4,24213,32
13,10,BBMUXW3,5,24213,128
13,10,BBMUXW3,6,24445,128
13,10,BBMUXW3,7,24445,64
13,10,BBMUXW3,8,24213,64
13,10,BBMUXW3,9,24445,32
13,10,BBMUXW4,0,24792,2
13,10,BBMUXW4,1,24560,2
13,10,BBMUXW4,2,24792,1
13,10,BBMUXW4,3,24560,1
13,10,BBMUXW4,4,24793,32
13,10,BBMUXW4,5,24793,128
13,10,BBMUXW4,6,24561,128
13,10,BBMUXW4,7,24561,64
13,10,BBMUXW4,8,24793,64
13,10,BBMUXW4,9,24561,32
13,10,BBMUXW5,0,24908,2
13,10,BBMUXW5,1,25140,2
13,10,BBMUXW5,2,24908,1
13,10,BBMUXW5,3,25140,1
13,10,BBMUXW5,4,24909,32
13,10,BBMUXW5,5,24909,128
13,10,BBMUXW5,6,25141,128
13,10,BBMUXW5,7,25141,64
13,10,BBMUXW5,8,24909,64
13,10,BBMUXW5,9,25141,32
13,10,BBMUXW6,0,25488,2
13,10,BBMUXW6,1,25256,2
13,10,BBMUXW6,2,25488,1
13,10,BBMUXW6,3,25256,1
13,10,BBMUXW6,4,25489,32
13,10,BBMUXW6,5,25489,128
13,10,BBMUXW6,6,25257,128
13,10,BBMUXW6,7,25257,64
13,10,BBMUXW6,8,25489,64
13,10,BBMUXW6,9,25257,32
13,10,BBMUXW7,0,25604,2
13,10,BBMUXW7,1,25836,2
13,10,BBMUXW7,2,25604,1
13,10,BBMUXW7,3,25836,1
13,10,BBMUXW7,4,25605,32
13,10,BBMUXW7,5,25605,128
13,10,BBMUXW7,6,25837,128
13,10,BBMUXW7,7,25837,64
13,10,BBMUXW7,8,25605,64
13,10,BBMUXW7,9,25837,32
13,10,InputMUX0,0,18528,1
13,10,InputMUX1,0,18644,1
13,10,InputMUX10,0,19688,1
13,10,InputMUX11,0,19804,1
13,10,InputMUX2,0,18760,1
13,10,InputMUX3,0,18876,1
13,10,InputMUX4,0,18992,1
13,10,InputMUX5,0,19108,1
13,10,InputMUX6,0,19224,1
13,10,InputMUX7,0,19340,1
13,10,InputMUX8,0,19456,1
13,10,InputMUX9,0,19572,1
13,10,SeamMUX0,0,19920,128
13,10,SeamMUX0,1,19920,64
13,10,SeamMUX0,2,19920,32
13,10,SeamMUX0,3,19920,16
13,10,SeamMUX0,4,19920,8
13,10,SeamMUX0,5,19920,4
13,10,SeamMUX1,0,20152,128
13,10,SeamMUX1,1,20152,64
13,10,SeamMUX1,2,20152,32
13,10,SeamMUX1,3,20152,16
13,10,SeamMUX1,4,20152,8
13,10,SeamMUX1,5,20152,4
13,10,SeamMUX10,0,22704,128
13,10,SeamMUX10,1,22704,64
13,10,SeamMUX10,2,22704,32
13,10,SeamMUX10,3,22704,16
13,10,SeamMUX10,4,22704,8
13,10,SeamMUX10,5,22704,4
13,10,SeamMUX11,0,22936,128
13,10,SeamMUX11,1,22936,64
13,10,SeamMUX11,2,22936,32
13,10,SeamMUX11,3,22936,16
13,10,SeamMUX11,4,22936,8
13,10,SeamMUX11,5,22936,4
13,10,SeamMUX12,0,23168,128
13,10,SeamMUX12,1,23168,64
13,10,SeamMUX12,2,23168,32
13,10,SeamMUX12,3,23168,16
13,10,SeamMUX12,4,23168,8
13,10,SeamMUX12,5,23168,4
13,10,SeamMUX13,0,23748,128
13,10,SeamMUX13,1,23748,64
13,10,SeamMUX13,2,23748,32
13,10,SeamMUX13,3,23748,16
13,10,SeamMUX13,4,23748,8
13,10,SeamMUX13,5,23748,4
13,10,SeamMUX14,0,23864,128
13,10,SeamMUX14,1,23864,64
13,10,SeamMUX14,2,23864,32
13,10,SeamMUX14,3,23864,16
13,10,SeamMUX14,4,23864,8
13,10,SeamMUX14,5,23864,4
13,10,SeamMUX15,0,24444,128
13,10,SeamMUX15,1,24444,64
13,10,SeamMUX15,2,24444,32
13,10,SeamMUX15,3,24444,16
13,10,SeamMUX15,4,24444,8
13,10,SeamMUX15,5,24444,4
13,10,SeamMUX16,0,24560,128
13,10,SeamMUX16,1,24560,64
13,10,SeamMUX16,2,24560,32
13,10,SeamMUX16,3,24560,16
13,10,SeamMUX16,4,24560,8
13,10,SeamMUX16,5,24560,4
13,10,SeamMUX17,0,25140,128
13,10,SeamMUX17,1,25140,64
13,10,SeamMUX17,2,25140,32
13,10,SeamMUX17,3,25140,16
13,10,SeamMUX17,4,25140,8
13,10,SeamMUX17,5,25140,4
13,10,SeamMUX18,0,25256,128
13,10,SeamMUX18,1,25256,64
13,10,SeamMUX18,2,25256,32
13,10,SeamMUX18,3,25256,16
13,10,SeamMUX18,4,25256,8
13,10,SeamMUX18,5,25256,4
13,10,SeamMUX19,0,25836,128
13,10,SeamMUX19,1,25836,64
13,10,SeamMUX19,2,25836,32
13,10,SeamMUX19,3,25836,16
13,10,SeamMUX19,4,25836,8
13,10,SeamMUX19,5,25836,4
13,10,SeamMUX2,0,20384,128
13,10,SeamMUX2,1,20384,64
13,10,SeamMUX2,2,20384,32
13,10,SeamMUX2,3,20384,16
13,10,SeamMUX2,4,20384,8
13,10,SeamMUX2,5,20384,4
13,10,SeamMUX3,0,20616,128
13,10,SeamMUX3,1,20616,64
13,10,SeamMUX3,2,20616,32
13,10,SeamMUX3,3,20616,16
13,10,SeamMUX3,4,20616,8
13,10,SeamMUX3,5,20616,4
13,10,SeamMUX4,0,20848,128
13,10,SeamMUX4,1,20848,64
13,10,SeamMUX4,2,20848,32
13,10,SeamMUX4,3,20848,16
13,10,SeamMUX4,4,20848,8
13,10,SeamMUX4,5,20848,4
13,10,SeamMUX5,0,21080,128
13,10,SeamMUX5,1,21080,64
13,10,SeamMUX5,2,21080,32
13,10,SeamMUX5,3,21080,16
13,10,SeamMUX5,4,21080,8
13,10,SeamMUX5,5,21080,4
13,10,SeamMUX6,0,21312,128
13,10,SeamMUX6,1,21312,64
13,10,SeamMUX6,2,21312,32
13,10,SeamMUX6,3,21312,16
13,10,SeamMUX6,4,21312,8
13,10,SeamMUX6,5,21312,4
13,10,SeamMUX7,0,21544,128
13,10,SeamMUX7,1,21544,64
13,10,SeamMUX7,2,21544,32
13,10,SeamMUX7,3,21544,16
13,10,SeamMUX7,4,21544,8
13,10,SeamMUX7,5,21544,4
13,10,SeamMUX8,0,21776,128
13,10,SeamMUX8,1,21776,64
13,10,SeamMUX8,2,21776,32
13,10,SeamMUX8,3,21776,16
13,10,SeamMUX8,4,21776,8
13,10,SeamMUX8,5,21776,4
13,10,SeamMUX9,0,22008,128
13,10,SeamMUX9,1,22008,64
13,10,SeamMUX9,2,22008,32
13,10,SeamMUX9,3,22008,16
13,10,SeamMUX9,4,22008,8
13,10,SeamMUX9,5,22008,4
13,11,BBMUXE0,0,12032,2
13,11,BBMUXE0,1,12148,2
13,11,BBMUXE0,2,12032,1
13,11,BBMUXE0,3,12148,1
13,11,BBMUXE0,4,12033,128
13,11,BBMUXE0,5,12149,128
13,11,BBMUXE0,6,12033,64
13,11,BBMUXE0,7,12149,64
13,11,BBMUXE0,8,12033,32
13,11,BBMUXE1,0,12264,2
13,11,BBMUXE1,1,12380,2
13,11,BBMUXE1,2,12264,1
13,11,BBMUXE1,3,12380,1
13,11,BBMUXE1,4,12265,128
13,11,BBMUXE1,5,12381,128
13,11,BBMUXE1,6,12265,64
13,11,BBMUXE1,7,12381,64
13,11,BBMUXE1,8,12265,32
13,11,BBMUXE10,0,14816,2
13,11,BBMUXE10,1,14932,2
13,11,BBMUXE10,2,14816,1
13,11,BBMUXE10,3,14932,1
13,11,BBMUXE10,4,14817,128
13,11,BBMUXE10,5,14933,128
13,11,BBMUXE10,6,14817,64
13,11,BBMUXE10,7,14933,64
13,11,BBMUXE10,8,14817,32
13,11,BBMUXE11,0,15048,2
13,11,BBMUXE11,1,15164,2
13,11,BBMUXE11,2,15048,1
13,11,BBMUXE11,3,15164,1
13,11,BBMUXE11,4,15049,128
13,11,BBMUXE11,5,15165,128
13,11,BBMUXE11,6,15049,64
13,11,BBMUXE11,7,15165,64
13,11,BBMUXE11,8,15049,32
13,11,BBMUXE2,0,12496,2
13,11,BBMUXE2,1,12612,2
13,11,BBMUXE2,2,12496,1
13,11,BBMUXE2,3,12612,1
13,11,BBMUXE2,4,12497,128
13,11,BBMUXE2,5,12613,128
13,11,BBMUXE2,6,12497,64
13,11,BBMUXE2,7,12613,64
13,11,BBMUXE2,8,12497,32
13,11,BBMUXE3,0,12728,2
13,11,BBMUXE3,1,12844,2
13,11,BBMUXE3,2,12728,1
13,11,BBMUXE3,3,12844,1
13,11,BBMUXE3,4,12729,128
13,11,BBMUXE3,5,12845,128
13,11,BBMUXE3,6,12729,64
13,11,BBMUXE3,7,12845,64
13,11,BBMUXE3,8,12729,32
13,11,BBMUXE4,0,12960,2
13,11,BBMUXE4,1,13076,2
13,11,BBMUXE4,2,12960,1
13,11,BBMUXE4,3,13076,1
13,11,BBMUXE4,4,12961,128
13,11,BBMUXE4,5,13077,128
13,11,BBMUXE4,6,12961,64
13,11,BBMUXE4,7,13077,64
13,11,BBMUXE4,8,12961,32
13,11,BBMUXE5,0,13192,2
13,11,BBMUXE5,1,13308,2
13,11,BBMUXE5,2,13192,1
13,11,BBMUXE5,3,13308,1
13,11,BBMUXE5,4,13193,128
13,11,BBMUXE5,5,13309,128
13,11,BBMUXE5,6,13193,64
13,11,BBMUXE5,7,13309,64
13,11,BBMUXE5,8,13193,32
13,11,BBMUXE6,0,13424,2
13,11,BBMUXE6,1,13540,2
13,11,BBMUXE6,2,13424,1
13,11,BBMUXE6,3,13540,1
13,11,BBMUXE6,4,13425,128
13,11,BBMUXE6,5,13541,128
13,11,BBMUXE6,6,13425,64
13,11,BBMUXE6,7,13541,64
13,11,BBMUXE6,8,13425,32
13,11,BBMUXE7,0,13656,2
13,11,BBMUXE7,1,13772,2
13,11,BBMUXE7,2,13656,1
13,11,BBMUXE7,3,13772,1
13,11,BBMUXE7,4,13657,128
13,11,BBMUXE7,5,13773,128
13,11,BBMUXE7,6,13657,64
13,11,BBMUXE7,7,13773,64
13,11,BBMUXE7,8,13657,32
13,11,BBMUXE8,0,13888,2
13,11,BBMUXE8,1,14004,2
13,11,BBMUXE8,2,13888,1
13,11,BBMUXE8,3,14004,1
13,11,BBMUXE8,4,13889,128
13,11,BBMUXE8,5,14005,128
13,11,BBMUXE8,6,13889,64
13,11,BBMUXE8,7,14005,64
13,11,BBMUXE8,8,13889,32
13,11,BBMUXE9,0,14120,2
13,11,BBMUXE9,1,14236,2
13,11,BBMUXE9,2,14120,1
13,11,BBMUXE9,3,14236,1
13,11,BBMUXE9,4,14121,128
13,11,BBMUXE9,5,14237,128
13,11,BBMUXE9,6,14121,64
13,11,BBMUXE9,7,14237,64
13,11,BBMUXE9,8,14121,32
13,11,BBMUXW0,0,15512,2
13,11,BBMUXW0,1,15280,2
13,11,BBMUXW0,2,15512,1
13,11,BBMUXW0,3,15280,1
13,11,BBMUXW0,4,15513,32
13,11,BBMUXW0,5,15513,128
13,11,BBMUXW0,6,15281,128
13,11,BBMUXW0,7,15281,64
13,11,BBMUXW0,8,15513,64
13,11,BBMUXW0,9,15281,32
13,11,BBMUXW1,0,15628,2
13,11,BBMUXW1,1,15860,2
13,11,BBMUXW1,2,15628,1
13,11,BBMUXW1,3,15860,1
13,11,BBMUXW1,4,15629,32
13,11,BBMUXW1,5,15629,128
13,11,BBMUXW1,6,15861,128
13,11,BBMUXW1,7,15861,64
13,11,BBMUXW1,8,15629,64
13,11,BBMUXW1,9,15861,32
13,11,BBMUXW2,0,16208,2
13,11,BBMUXW2,1,15976,2
13,11,BBMUXW2,2,16208,1
13,11,BBMUXW2,3,15976,1
13,11,BBMUXW2,4,16209,32
13,11,BBMUXW2,5,16209,128
13,11,BBMUXW2,6,15977,128
13,11,BBMUXW2,7,15977,64
13,11,BBMUXW2,8,16209,64
13,11,BBMUXW2,9,15977,32
13,11,BBMUXW3,0,16324,2
13,11,BBMUXW3,1,16556,2
13,11,BBMUXW3,2,16324,1
13,11,BBMUXW3,3,16556,1
13,11,BBMUXW3,4,16325,32
13,11,BBMUXW3,5,16325,128
13,11,BBMUXW3,6,16557,128
13,11,BBMUXW3,7,16557,64
13,11,BBMUXW3,8,16325,64
13,11,BBMUXW3,9,16557,32
13,11,BBMUXW4,0,16904,2
13,11,BBMUXW4,1,16672,2
13,11,BBMUXW4,2,16904,1
13,11,BBMUXW4,3,16672,1
13,11,BBMUXW4,4,16905,32
13,11,BBMUXW4,5,16905,128
13,11,BBMUXW4,6,16673,128
13,11,BBMUXW4,7,16673,64
13,11,BBMUXW4,8,16905,64
13,11,BBMUXW4,9,16673,32
13,11,BBMUXW5,0,17020,2
13,11,BBMUXW5,1,17252,2
13,11,BBMUXW5,2,17020,1
13,11,BBMUXW5,3,17252,1
13,11,BBMUXW5,4,17021,32
13,11,BBMUXW5,5,17021,128
13,11,BBMUXW5,6,17253,128
13,11,BBMUXW5,7,17253,64
13,11,BBMUXW5,8,17021,64
13,11,BBMUXW5,9,17253,32
13,11,BBMUXW6,0,17600,2
13,11,BBMUXW6,1,17368,2
13,11,BBMUXW6,2,17600,1
13,11,BBMUXW6,3,17368,1
13,11,BBMUXW6,4,17601,32
13,11,BBMUXW6,5,17601,128
13,11,BBMUXW6,6,17369,128
13,11,BBMUXW6,7,17369,64
13,11,BBMUXW6,8,17601,64
13,11,BBMUXW6,9,17369,32
13,11,BBMUXW7,0,17716,2
13,11,BBMUXW7,1,17948,2
13,11,BBMUXW7,2,17716,1
13,11,BBMUXW7,3,17948,1
13,11,BBMUXW7,4,17717,32
13,11,BBMUXW7,5,17717,128
13,11,BBMUXW7,6,17949,128
13,11,BBMUXW7,7,17949,64
13,11,BBMUXW7,8,17717,64
13,11,BBMUXW7,9,17949,32
13,11,InputMUX0,0,10640,1
13,11,InputMUX1,0,10756,1
13,11,InputMUX10,0,11800,1
13,11,InputMUX11,0,11916,1
13,11,InputMUX2,0,10872,1
13,11,InputMUX3,0,10988,1
13,11,InputMUX4,0,11104,1
13,11,InputMUX5,0,11220,1
13,11,InputMUX6,0,11336,1
13,11,InputMUX7,0,11452,1
13,11,InputMUX8,0,11568,1
13,11,InputMUX9,0,11684,1
13,11,SeamMUX0,0,12032,128
13,11,SeamMUX0,1,12032,64
13,11,SeamMUX0,2,12032,32
13,11,SeamMUX0,3,12032,16
13,11,SeamMUX0,4,12032,8
13,11,SeamMUX0,5,12032,4
13,11,SeamMUX1,0,12264,128
13,11,SeamMUX1,1,12264,64
13,11,SeamMUX1,2,12264,32
13,11,SeamMUX1,3,12264,16
13,11,SeamMUX1,4,12264,8
13,11,SeamMUX1,5,12264,4
13,11,SeamMUX10,0,14816,128
13,11,SeamMUX10,1,14816,64
13,11,SeamMUX10,2,14816,32
13,11,SeamMUX10,3,14816,16
13,11,SeamMUX10,4,14816,8
13,11,SeamMUX10,5,14816,4
13,11,SeamMUX11,0,15048,128
13,11,SeamMUX11,1,15048,64
13,11,SeamMUX11,2,15048,32
13,11,SeamMUX11,3,15048,16
13,11,SeamMUX11,4,15048,8
13,11,SeamMUX11,5,15048,4
13,11,SeamMUX12,0,15280,128
13,11,SeamMUX12,1,15280,64
13,11,SeamMUX12,2,15280,32
13,11,SeamMUX12,3,15280,16
13,11,SeamMUX12,4,15280,8
13,11,SeamMUX12,5,15280,4
13,11,SeamMUX13,0,15860,128
13,11,SeamMUX13,1,15860,64
13,11,SeamMUX13,2,15860,32
13,11,SeamMUX13,3,15860,16
13,11,SeamMUX13,4,15860,8
13,11,SeamMUX13,5,15860,4
13,11,SeamMUX14,0,15976,128
13,11,SeamMUX14,1,15976,64
13,11,SeamMUX14,2,15976,32
13,11,SeamMUX14,3,15976,16
13,11,SeamMUX14,4,15976,8
13,11,SeamMUX14,5,15976,4
13,11,SeamMUX15,0,16556,128
13,11,SeamMUX15,1,16556,64
13,11,SeamMUX15,2,16556,32
13,11,SeamMUX15,3,16556,16
13,11,SeamMUX15,4,16556,8
13,11,SeamMUX15,5,16556,4
13,11,SeamMUX16,0,16672,128
13,11,SeamMUX16,1,16672,64
13,11,SeamMUX16,2,16672,32
13,11,SeamMUX16,3,16672,16
13,11,SeamMUX16,4,16672,8
13,11,SeamMUX16,5,16672,4
13,11,SeamMUX17,0,17252,128
13,11,SeamMUX17,1,17252,64
13,11,SeamMUX17,2,17252,32
13,11,SeamMUX17,3,17252,16
13,11,SeamMUX17,4,17252,8
13,11,SeamMUX17,5,17252,4
13,11,SeamMUX18,0,17368,128
13,11,SeamMUX18,1,17368,64
13,11,SeamMUX18,2,17368,32
13,11,SeamMUX18,3,17368,16
13,11,SeamMUX18,4,17368,8
13,11,SeamMUX18,5,17368,4
13,11,SeamMUX19,0,17948,128
13,11,SeamMUX19,1,17948,64
13,11,SeamMUX19,2,17948,32
13,11,SeamMUX19,3,17948,16
13,11,SeamMUX19,4,17948,8
13,11,SeamMUX19,5,17948,4
13,11,SeamMUX2,0,12496,128
13,11,SeamMUX2,1,12496,64
13,11,SeamMUX2,2,12496,32
13,11,SeamMUX2,3,12496,16
13,11,SeamMUX2,4,12496,8
13,11,SeamMUX2,5,12496,4
13,11,SeamMUX3,0,12728,128
13,11,SeamMUX3,1,12728,64
13,11,SeamMUX3,2,12728,32
13,11,SeamMUX3,3,12728,16
13,11,SeamMUX3,4,12728,8
13,11,SeamMUX3,5,12728,4
13,11,SeamMUX4,0,12960,128
13,11,SeamMUX4,1,12960,64
13,11,SeamMUX4,2,12960,32
13,11,SeamMUX4,3,12960,16
13,11,SeamMUX4,4,12960,8
13,11,SeamMUX4,5,12960,4
13,11,SeamMUX5,0,13192,128
13,11,SeamMUX5,1,13192,64
13,11,SeamMUX5,2,13192,32
13,11,SeamMUX5,3,13192,16
13,11,SeamMUX5,4,13192,8
13,11,SeamMUX5,5,13192,4
13,11,SeamMUX6,0,13424,128
13,11,SeamMUX6,1,13424,64
13,11,SeamMUX6,2,13424,32
13,11,SeamMUX6,3,13424,16
13,11,SeamMUX6,4,13424,8
13,11,SeamMUX6,5,13424,4
13,11,SeamMUX7,0,13656,128
13,11,SeamMUX7,1,13656,64
13,11,SeamMUX7,2,13656,32
13,11,SeamMUX7,3,13656,16
13,11,SeamMUX7,4,13656,8
13,11,SeamMUX7,5,13656,4
13,11,SeamMUX8,0,13888,128
13,11,SeamMUX8,1,13888,64
13,11,SeamMUX8,2,13888,32
13,11,SeamMUX8,3,13888,16
13,11,SeamMUX8,4,13888,8
13,11,SeamMUX8,5,13888,4
13,11,SeamMUX9,0,14120,128
13,11,SeamMUX9,1,14120,64
13,11,SeamMUX9,2,14120,32
13,11,SeamMUX9,3,14120,16
13,11,SeamMUX9,4,14120,8
13,11,SeamMUX9,5,14120,4
13,12,BBMUXE0,0,4144,2
13,12,BBMUXE0,1,4260,2
13,12,BBMUXE0,2,4144,1
13,12,BBMUXE0,3,4260,1
13,12,BBMUXE0,4,4145,128
13,12,BBMUXE0,5,4261,128
13,12,BBMUXE0,6,4145,64
13,12,BBMUXE0,7,4261,64
13,12,BBMUXE0,8,4145,32
13,12,BBMUXE1,0,4376,2
13,12,BBMUXE1,1,4492,2
13,12,BBMUXE1,2,4376,1
13,12,BBMUXE1,3,4492,1
13,12,BBMUXE1,4,4377,128
13,12,BBMUXE1,5,4493,128
13,12,BBMUXE1,6,4377,64
13,12,BBMUXE1,7,4493,64
13,12,BBMUXE1,8,4377,32
13,12,BBMUXE10,0,6928,2
13,12,BBMUXE10,1,7044,2
13,12,BBMUXE10,2,6928,1
13,12,BBMUXE10,3,7044,1
13,12,BBMUXE10,4,6929,128
13,12,BBMUXE10,5,7045,128
13,12,BBMUXE10,6,6929,64
13,12,BBMUXE10,7,7045,64
13,12,BBMUXE10,8,6929,32
13,12,BBMUXE11,0,7160,2
13,12,BBMUXE11,1,7276,2
13,12,BBMUXE11,2,7160,1
13,12,BBMUXE11,3,7276,1
13,12,BBMUXE11,4,7161,128
13,12,BBMUXE11,5,7277,128
13,12,BBMUXE11,6,7161,64
13,12,BBMUXE11,7,7277,64
13,12,BBMUXE11,8,7161,32
13,12,BBMUXE2,0,4608,2
13,12,BBMUXE2,1,4724,2
13,12,BBMUXE2,2,4608,1
13,12,BBMUXE2,3,4724,1
13,12,BBMUXE2,4,4609,128
13,12,BBMUXE2,5,4725,128
13,12,BBMUXE2,6,4609,64
13,12,BBMUXE2,7,4725,64
13,12,BBMUXE2,8,4609,32
13,12,BBMUXE3,0,4840,2
13,12,BBMUXE3,1,4956,2
13,12,BBMUXE3,2,4840,1
13,12,BBMUXE3,3,4956,1
13,12,BBMUXE3,4,4841,128
13,12,BBMUXE3,5,4957,128
13,12,BBMUXE3,6,4841,64
13,12,BBMUXE3,7,4957,64
13,12,BBMUXE3,8,4841,32
13,12,BBMUXE4,0,5072,2
13,12,BBMUXE4,1,5188,2
13,12,BBMUXE4,2,5072,1
13,12,BBMUXE4,3,5188,1
13,12,BBMUXE4,4,5073,128
13,12,BBMUXE4,5,5189,128
13,12,BBMUXE4,6,5073,64
13,12,BBMUXE4,7,5189,64
13,12,BBMUXE4,8,5073,32
13,12,BBMUXE5,0,5304,2
13,12,BBMUXE5,1,5420,2
13,12,BBMUXE5,2,5304,1
13,12,BBMUXE5,3,5420,1
13,12,BBMUXE5,4,5305,128
13,12,BBMUXE5,5,5421,128
13,12,BBMUXE5,6,5305,64
13,12,BBMUXE5,7,5421,64
13,12,BBMUXE5,8,5305,32
13,12,BBMUXE6,0,5536,2
13,12,BBMUXE6,1,5652,2
13,12,BBMUXE6,2,5536,1
13,12,BBMUXE6,3,5652,1
13,12,BBMUXE6,4,5537,128
13,12,BBMUXE6,5,5653,128
13,12,BBMUXE6,6,5537,64
13,12,BBMUXE6,7,5653,64
13,12,BBMUXE6,8,5537,32
13,12,BBMUXE7,0,5768,2
13,12,BBMUXE7,1,5884,2
13,12,BBMUXE7,2,5768,1
13,12,BBMUXE7,3,5884,1
13,12,BBMUXE7,4,5769,128
13,12,BBMUXE7,5,5885,128
13,12,BBMUXE7,6,5769,64
13,12,BBMUXE7,7,5885,64
13,12,BBMUXE7,8,5769,32
13,12,BBMUXE8,0,6000,2
13,12,BBMUXE8,1,6116,2
13,12,BBMUXE8,2,6000,1
13,12,BBMUXE8,3,6116,1
13,12,BBMUXE8,4,6001,128
13,12,BBMUXE8,5,6117,128
13,12,BBMUXE8,6,6001,64
13,12,BBMUXE8,7,6117,64
13,12,BBMUXE8,8,6001,32
13,12,BBMUXE9,0,6232,2
13,12,BBMUXE9,1,6348,2
13,12,BBMUXE9,2,6232,1
13,12,BBMUXE9,3,6348,1
13,12,BBMUXE9,4,6233,128
13,12,BBMUXE9,5,6349,128
13,12,BBMUXE9,6,6233,64
13,12,BBMUXE9,7,6349,64
13,12,BBMUXE9,8,6233,32
13,12,BBMUXW0,0,7624,2
13,12,BBMUXW0,1,7392,2
13,12,BBMUXW0,2,7624,1
13,12,BBMUXW0,3,7392,1
13,12,BBMUXW0,4,7625,32
13,12,BBMUXW0,5,7625,128
13,12,BBMUXW0,6,7393,128
13,12,BBMUXW0,7,7393,64
13,12,BBMUXW0,8,7625,64
13,12,BBMUXW0,9,7393,32
13,12,BBMUXW1,0,7740,2
13,12,BBMUXW1,1,7972,2
13,12,BBMUXW1,2,7740,1
13,12,BBMUXW1,3,7972,1
13,12,BBMUXW1,4,7741,32
13,12,BBMUXW1,5,7741,128
13,12,BBMUXW1,6,7973,128
13,12,BBMUXW1,7,7973,64
13,12,BBMUXW1,8,7741,64
13,12,BBMUXW1,9,7973,32
13,12,BBMUXW2,0,8320,2
13,12,BBMUXW2,1,8088,2
13,12,BBMUXW2,2,8320,1
13,12,BBMUXW2,3,8088,1
13,12,BBMUXW2,4,8321,32
13,12,BBMUXW2,5,8321,128
13,12,BBMUXW2,6,8089,128
13,12,BBMUXW2,7,8089,64
13,12,BBMUXW2,8,8321,64
13,12,BBMUXW2,9,8089,32
13,12,BBMUXW3,0,8436,2
13,12,BBMUXW3,1,8668,2
13,12,BBMUXW3,2,8436,1
13,12,BBMUXW3,3,8668,1
13,12,BBMUXW3,4,8437,32
13,12,BBMUXW3,5,8437,128
13,12,BBMUXW3,6,8669,128
13,12,BBMUXW3,7,8669,64
13,12,BBMUXW3,8,8437,64
13,12,BBMUXW3,9,8669,32
13,12,BBMUXW4,0,9016,2
13,12,BBMUXW4,1,8784,2
13,12,BBMUXW4,2,9016,1
13,12,BBMUXW4,3,8784,1
13,12,BBMUXW4,4,9017,32
13,12,BBMUXW4,5,9017,128
13,12,BBMUXW4,6,8785,128
13,12,BBMUXW4,7,8785,64
13,12,BBMUXW4,8,9017,64
13,12,BBMUXW4,9,8785,32
13,12,BBMUXW5,0,9132,2
13,12,BBMUXW5,1,9364,2
13,12,BBMUXW5,2,9132,1
13,12,BBMUXW5,3,9364,1
13,12,BBMUXW5,4,9133,32
13,12,BBMUXW5,5,9133,128
13,12,BBMUXW5,6,9365,128
13,12,BBMUXW5,7,9365,64
13,12,BBMUXW5,8,9133,64
13,12,BBMUXW5,9,9365,32
13,12,BBMUXW6,0,9712,2
13,12,BBMUXW6,1,9480,2
13,12,BBMUXW6,2,9712,1
13,12,BBMUXW6,3,9480,1
13,12,BBMUXW6,4,9713,32
13,12,BBMUXW6,5,9713,128
13,12,BBMUXW6,6,9481,128
13,12,BBMUXW6,7,9481,64
13,12,BBMUXW6,8,9713,64
13,12,BBMUXW6,9,9481,32
13,12,BBMUXW7,0,9828,2
13,12,BBMUXW7,1,10060,2
13,12,BBMUXW7,2,9828,1
13,12,BBMUXW7,3,10060,1
13,12,BBMUXW7,4,9829,32
13,12,BBMUXW7,5,9829,128
13,12,BBMUXW7,6,10061,128
13,12,BBMUXW7,7,10061,64
13,12,BBMUXW7,8,9829,64
13,12,BBMUXW7,9,10061,32
13,12,InputMUX0,0,2752,1
13,12,InputMUX1,0,2868,1
13,12,InputMUX10,0,3912,1
13,12,InputMUX11,0,4028,1
13,12,InputMUX2,0,2984,1
13,12,InputMUX3,0,3100,1
13,12,InputMUX4,0,3216,1
13,12,InputMUX5,0,3332,1
13,12,InputMUX6,0,3448,1
13,12,InputMUX7,0,3564,1
13,12,InputMUX8,0,3680,1
13,12,InputMUX9,0,3796,1
13,12,SeamMUX0,0,4144,128
13,12,SeamMUX0,1,4144,64
13,12,SeamMUX0,2,4144,32
13,12,SeamMUX0,3,4144,16
13,12,SeamMUX0,4,4144,8
13,12,SeamMUX0,5,4144,4
13,12,SeamMUX1,0,4376,128
13,12,SeamMUX1,1,4376,64
13,12,SeamMUX1,2,4376,32
13,12,SeamMUX1,3,4376,16
13,12,SeamMUX1,4,4376,8
13,12,SeamMUX1,5,4376,4
13,12,SeamMUX10,0,6928,128
13,12,SeamMUX10,1,6928,64
13,12,SeamMUX10,2,6928,32
13,12,SeamMUX10,3,6928,16
13,12,SeamMUX10,4,6928,8
13,12,SeamMUX10,5,6928,4
13,12,SeamMUX11,0,7160,128
13,12,SeamMUX11,1,7160,64
13,12,SeamMUX11,2,7160,32
13,12,SeamMUX11,3,7160,16
13,12,SeamMUX11,4,7160,8
13,12,SeamMUX11,5,7160,4
13,12,SeamMUX12,0,7392,128
13,12,SeamMUX12,1,7392,64
13,12,SeamMUX12,2,7392,32
13,12,SeamMUX12,3,7392,16
13,12,SeamMUX12,4,7392,8
13,12,SeamMUX12,5,7392,4
13,12,SeamMUX13,0,7972,128
13,12,SeamMUX13,1,7972,64
13,12,SeamMUX13,2,7972,32
13,12,SeamMUX13,3,7972,16
13,12,SeamMUX13,4,7972,8
13,12,SeamMUX13,5,7972,4
13,12,SeamMUX14,0,8088,128
13,12,SeamMUX14,1,8088,64
13,12,SeamMUX14,2,8088,32
13,12,SeamMUX14,3,8088,16
13,12,SeamMUX14,4,8088,8
13,12,SeamMUX14,5,8088,4
13,12,SeamMUX15,0,8668,128
13,12,SeamMUX15,1,8668,64
13,12,SeamMUX15,2,8668,32
13,12,SeamMUX15,3,8668,16
13,12,SeamMUX15,4,8668,8
13,12,SeamMUX15,5,8668,4
13,12,SeamMUX16,0,8784,128
13,12,SeamMUX16,1,8784,64
13,12,SeamMUX16,2,8784,32
13,12,SeamMUX16,3,8784,16
13,12,SeamMUX16,4,8784,8
13,12,SeamMUX16,5,8784,4
13,12,SeamMUX17,0,9364,128
13,12,SeamMUX17,1,9364,64
13,12,SeamMUX17,2,9364,32
13,12,SeamMUX17,3,9364,16
13,12,SeamMUX17,4,9364,8
13,12,SeamMUX17,5,9364,4
13,12,SeamMUX18,0,9480,128
13,12,SeamMUX18,1,9480,64
13,12,SeamMUX18,2,9480,32
13,12,SeamMUX18,3,9480,16
13,12,SeamMUX18,4,9480,8
13,12,SeamMUX18,5,9480,4
13,12,SeamMUX19,0,10060,128
13,12,SeamMUX19,1,10060,64
13,12,SeamMUX19,2,10060,32
13,12,SeamMUX19,3,10060,16
13,12,SeamMUX19,4,10060,8
13,12,SeamMUX19,5,10060,4
13,12,SeamMUX2,0,4608,128
13,12,SeamMUX2,1,4608,64
13,12,SeamMUX2,2,4608,32
13,12,SeamMUX2,3,4608,16
13,12,SeamMUX2,4,4608,8
13,12,SeamMUX2,5,4608,4
13,12,SeamMUX3,0,4840,128
13,12,SeamMUX3,1,4840,64
13,12,SeamMUX3,2,4840,32
13,12,SeamMUX3,3,4840,16
13,12,SeamMUX3,4,4840,8
13,12,SeamMUX3,5,4840,4
13,12,SeamMUX4,0,5072,128
13,12,SeamMUX4,1,5072,64
13,12,SeamMUX4,2,5072,32
13,12,SeamMUX4,3,5072,16
13,12,SeamMUX4,4,5072,8
13,12,SeamMUX4,5,5072,4
13,12,SeamMUX5,0,5304,128
13,12,SeamMUX5,1,5304,64
13,12,SeamMUX5,2,5304,32
13,12,SeamMUX5,3,5304,16
13,12,SeamMUX5,4,5304,8
13,12,SeamMUX5,5,5304,4
13,12,SeamMUX6,0,5536,128
13,12,SeamMUX6,1,5536,64
13,12,SeamMUX6,2,5536,32
13,12,SeamMUX6,3,5536,16
13,12,SeamMUX6,4,5536,8
13,12,SeamMUX6,5,5536,4
13,12,SeamMUX7,0,5768,128
13,12,SeamMUX7,1,5768,64
13,12,SeamMUX7,2,5768,32
13,12,SeamMUX7,3,5768,16
13,12,SeamMUX7,4,5768,8
13,12,SeamMUX7,5,5768,4
13,12,SeamMUX8,0,6000,128
13,12,SeamMUX8,1,6000,64
13,12,SeamMUX8,2,6000,32
13,12,SeamMUX8,3,6000,16
13,12,SeamMUX8,4,6000,8
13,12,SeamMUX8,5,6000,4
13,12,SeamMUX9,0,6232,128
13,12,SeamMUX9,1,6232,64
13,12,SeamMUX9,2,6232,32
13,12,SeamMUX9,3,6232,16
13,12,SeamMUX9,4,6232,8
13,12,SeamMUX9,5,6232,4
22,6,BBMUXE0,0,54916,2
22,6,BBMUXE0,1,54684,2
22,6,BBMUXE0,2,54916,1
22,6,BBMUXE0,3,54684,1
22,6,BBMUXE0,4,54917,32
22,6,BBMUXE0,5,54917,128
22,6,BBMUXE0,6,54685,128
22,6,BBMUXE0,7,54685,64
22,6,BBMUXE0,8,54917,64
22,6,BBMUXE0,9,54685,32
22,6,BBMUXE1,0,55032,2
22,6,BBMUXE1,1,55264,2
22,6,BBMUXE1,2,55032,1
22,6,BBMUXE1,3,55264,1
22,6,BBMUXE1,4,55033,32
22,6,BBMUXE1,5,55033,128
22,6,BBMUXE1,6,55265,128
22,6,BBMUXE1,7,55265,64
22,6,BBMUXE1,8,55033,64
22,6,BBMUXE1,9,55265,32
22,6,BBMUXE2,0,55612,2
22,6,BBMUXE2,1,55380,2
22,6,BBMUXE2,2,55612,1
22,6,BBMUXE2,3,55380,1
22,6,BBMUXE2,4,55613,32
22,6,BBMUXE2,5,55613,128
22,6,BBMUXE2,6,55381,128
22,6,BBMUXE2,7,55381,64
22,6,BBMUXE2,8,55613,64
22,6,BBMUXE2,9,55381,32
22,6,BBMUXE3,0,55728,2
22,6,BBMUXE3,1,55960,2
22,6,BBMUXE3,2,55728,1
22,6,BBMUXE3,3,55960,1
22,6,BBMUXE3,4,55729,32
22,6,BBMUXE3,5,55729,128
22,6,BBMUXE3,6,55961,128
22,6,BBMUXE3,7,55961,64
22,6,BBMUXE3,8,55729,64
22,6,BBMUXE3,9,55961,32
22,6,BBMUXE4,0,56308,2
22,6,BBMUXE4,1,56076,2
22,6,BBMUXE4,2,56308,1
22,6,BBMUXE4,3,56076,1
22,6,BBMUXE4,4,56309,32
22,6,BBMUXE4,5,56309,128
22,6,BBMUXE4,6,56077,128
22,6,BBMUXE4,7,56077,64
22,6,BBMUXE4,8,56309,64
22,6,BBMUXE4,9,56077,32
22,6,BBMUXE5,0,56424,2
22,6,BBMUXE5,1,56656,2
22,6,BBMUXE5,2,56424,1
22,6,BBMUXE5,3,56656,1
22,6,BBMUXE5,4,56425,32
22,6,BBMUXE5,5,56425,128
22,6,BBMUXE5,6,56657,128
22,6,BBMUXE5,7,56657,64
22,6,BBMUXE5,8,56425,64
22,6,BBMUXE5,9,56657,32
22,6,BBMUXE6,0,57004,2
22,6,BBMUXE6,1,56772,2
22,6,BBMUXE6,2,57004,1
22,6,BBMUXE6,3,56772,1
22,6,BBMUXE6,4,57005,32
22,6,BBMUXE6,5,57005,128
22,6,BBMUXE6,6,56773,128
22,6,BBMUXE6,7,56773,64
22,6,BBMUXE6,8,57005,64
22,6,BBMUXE6,9,56773,32
22,6,BBMUXE7,0,57120,2
22,6,BBMUXE7,1,57352,2
22,6,BBMUXE7,2,57120,1
22,6,BBMUXE7,3,57352,1
22,6,BBMUXE7,4,57121,32
22,6,BBMUXE7,5,57121,128
22,6,BBMUXE7,6,57353,128
22,6,BBMUXE7,7,57353,64
22,6,BBMUXE7,8,57121,64
22,6,BBMUXE7,9,57353,32
22,6,BBMUXW0,0,51436,2
22,6,BBMUXW0,1,51552,2
22,6,BBMUXW0,2,51436,1
22,6,BBMUXW0,3,51552,1
22,6,BBMUXW0,4,51437,128
22,6,BBMUXW0,5,51553,128
22,6,BBMUXW0,6,51437,64
22,6,BBMUXW0,7,51553,64
22,6,BBMUXW0,8,51437,32
22,6,BBMUXW1,0,51668,2
22,6,BBMUXW1,1,51784,2
22,6,BBMUXW1,2,51668,1
22,6,BBMUXW1,3,51784,1
22,6,BBMUXW1,4,51669,128
22,6,BBMUXW1,5,51785,128
22,6,BBMUXW1,6,51669,64
22,6,BBMUXW1,7,51785,64
22,6,BBMUXW1,8,51669,32
22,6,BBMUXW10,0,54220,2
22,6,BBMUXW10,1,54336,2
22,6,BBMUXW10,2,54220,1
22,6,BBMUXW10,3,54336,1
22,6,BBMUXW10,4,54221,128
22,6,BBMUXW10,5,54337,128
22,6,BBMUXW10,6,54221,64
22,6,BBMUXW10,7,54337,64
22,6,BBMUXW10,8,54221,32
22,6,BBMUXW11,0,54452,2
22,6,BBMUXW11,1,54568,2
22,6,BBMUXW11,2,54452,1
22,6,BBMUXW11,3,54568,1
22,6,BBMUXW11,4,54453,128
22,6,BBMUXW11,5,54569,128
22,6,BBMUXW11,6,54453,64
22,6,BBMUXW11,7,54569,64
22,6,BBMUXW11,8,54453,32
22,6,BBMUXW2,0,51900,2
22,6,BBMUXW2,1,52016,2
22,6,BBMUXW2,2,51900,1
22,6,BBMUXW2,3,52016,1
22,6,BBMUXW2,4,51901,128
22,6,BBMUXW2,5,52017,128
22,6,BBMUXW2,6,51901,64
22,6,BBMUXW2,7,52017,64
22,6,BBMUXW2,8,51901,32
22,6,BBMUXW3,0,52132,2
22,6,BBMUXW3,1,52248,2
22,6,BBMUXW3,2,52132,1
22,6,BBMUXW3,3,52248,1
22,6,BBMUXW3,4,52133,128
22,6,BBMUXW3,5,52249,128
22,6,BBMUXW3,6,52133,64
22,6,BBMUXW3,7,52249,64
22,6,BBMUXW3,8,52133,32
22,6,BBMUXW4,0,52364,2
22,6,BBMUXW4,1,52480,2
22,6,BBMUXW4,2,52364,1
22,6,BBMUXW4,3,52480,1
22,6,BBMUXW4,4,52365,128
22,6,BBMUXW4,5,52481,128
22,6,BBMUXW4,6,52365,64
22,6,BBMUXW4,7,52481,64
22,6,BBMUXW4,8,52365,32
22,6,BBMUXW5,0,52596,2
22,6,BBMUXW5,1,52712,2
22,6,BBMUXW5,2,52596,1
22,6,BBMUXW5,3,52712,1
22,6,BBMUXW5,4,52597,128
22,6,BBMUXW5,5,52713,128
22,6,BBMUXW5,6,52597,64
22,6,BBMUXW5,7,52713,64
22,6,BBMUXW5,8,52597,32
22,6,BBMUXW6,0,52828,2
22,6,BBMUXW6,1,52944,2
22,6,BBMUXW6,2,52828,1
22,6,BBMUXW6,3,52944,1
22,6,BBMUXW6,4,52829,128
22,6,BBMUXW6,5,52945,128
22,6,BBMUXW6,6,52829,64
22,6,BBMUXW6,7,52945,64
22,6,BBMUXW6,8,52829,32
22,6,BBMUXW7,0,53060,2
22,6,BBMUXW7,1,53176,2
22,6,BBMUXW7,2,53060,1
22,6,BBMUXW7,3,53176,1
22,6,BBMUXW7,4,53061,128
22,6,BBMUXW7,5,53177,128
22,6,BBMUXW7,6,53061,64
22,6,BBMUXW7,7,53177,64
22,6,BBMUXW7,8,53061,32
22,6,BBMUXW8,0,53292,2
22,6,BBMUXW8,1,53408,2
22,6,BBMUXW8,2,53292,1
22,6,BBMUXW8,3,53408,1
22,6,BBMUXW8,4,53293,128
22,6,BBMUXW8,5,53409,128
22,6,BBMUXW8,6,53293,64
22,6,BBMUXW8,7,53409,64
22,6,BBMUXW8,8,53293,32
22,6,BBMUXW9,0,53524,2
22,6,BBMUXW9,1,53640,2
22,6,BBMUXW9,2,53524,1
22,6,BBMUXW9,3,53640,1
22,6,BBMUXW9,4,53525,128
22,6,BBMUXW9,5,53641,128
22,6,BBMUXW9,6,53525,64
22,6,BBMUXW9,7,53641,64
22,6,BBMUXW9,8,53525,32
22,6,InputMUX0,0,50044,1
22,6,InputMUX1,0,50160,1
22,6,InputMUX10,0,51204,1
22,6,InputMUX11,0,51320,1
22,6,InputMUX2,0,50276,1
22,6,InputMUX3,0,50392,1
22,6,InputMUX4,0,50508,1
22,6,InputMUX5,0,50624,1
22,6,InputMUX6,0,50740,1
22,6,InputMUX7,0,50856,1
22,6,InputMUX8,0,50972,1
22,6,InputMUX9,0,51088,1
22,6,SeamMUX0,0,51436,128
22,6,SeamMUX0,1,51436,64
22,6,SeamMUX0,2,51436,32
22,6,SeamMUX0,3,51436,16
22,6,SeamMUX0,4,51436,8
22,6,SeamMUX0,5,51436,4
22,6,SeamMUX1,0,51668,128
22,6,SeamMUX1,1,51668,64
22,6,SeamMUX1,2,51668,32
22,6,SeamMUX1,3,51668,16
22,6,SeamMUX1,4,51668,8
22,6,SeamMUX1,5,51668,4
22,6,SeamMUX10,0,54220,128
22,6,SeamMUX10,1,54220,64
22,6,SeamMUX10,2,54220,32
22,6,SeamMUX10,3,54220,16
22,6,SeamMUX10,4,54220,8
22,6,SeamMUX10,5,54220,4
22,6,SeamMUX11,0,54452,128
22,6,SeamMUX11,1,54452,64
22,6,SeamMUX11,2,54452,32
22,6,SeamMUX11,3,54452,16
22,6,SeamMUX11,4,54452,8
22,6,SeamMUX11,5,54452,4
22,6,SeamMUX12,0,54684,128
22,6,SeamMUX12,1,54684,64
22,6,SeamMUX12,2,54684,32
22,6,SeamMUX12,3,54684,16
22,6,SeamMUX12,4,54684,8
22,6,SeamMUX12,5,54684,4
22,6,SeamMUX13,0,55264,128
22,6,SeamMUX13,1,55264,64
22,6,SeamMUX13,2,55264,32
22,6,SeamMUX13,3,55264,16
22,6,SeamMUX13,4,55264,8
22,6,SeamMUX13,5,55264,4
22,6,SeamMUX14,0,55380,128
22,6,SeamMUX14,1,55380,64
22,6,SeamMUX14,2,55380,32
22,6,SeamMUX14,3,55380,16
22,6,SeamMUX14,4,55380,8
22,6,SeamMUX14,5,55380,4
22,6,SeamMUX15,0,55960,128
22,6,SeamMUX15,1,55960,64
22,6,SeamMUX15,2,55960,32
22,6,SeamMUX15,3,55960,16
22,6,SeamMUX15,4,55960,8
22,6,SeamMUX15,5,55960,4
22,6,SeamMUX16,0,56076,128
22,6,SeamMUX16,1,56076,64
22,6,SeamMUX16,2,56076,32
22,6,SeamMUX16,3,56076,16
22,6,SeamMUX16,4,56076,8
22,6,SeamMUX16,5,56076,4
22,6,SeamMUX17,0,56656,128
22,6,SeamMUX17,1,56656,64
22,6,SeamMUX17,2,56656,32
22,6,SeamMUX17,3,56656,16
22,6,SeamMUX17,4,56656,8
22,6,SeamMUX17,5,56656,4
22,6,SeamMUX18,0,56772,128
22,6,SeamMUX18,1,56772,64
22,6,SeamMUX18,2,56772,32
22,6,SeamMUX18,3,56772,16
22,6,SeamMUX18,4,56772,8
22,6,SeamMUX18,5,56772,4
22,6,SeamMUX19,0,57352,128
22,6,SeamMUX19,1,57352,64
22,6,SeamMUX19,2,57352,32
22,6,SeamMUX19,3,57352,16
22,6,SeamMUX19,4,57352,8
22,6,SeamMUX19,5,57352,4
22,6,SeamMUX2,0,51900,128
22,6,SeamMUX2,1,51900,64
22,6,SeamMUX2,2,51900,32
22,6,SeamMUX2,3,51900,16
22,6,SeamMUX2,4,51900,8
22,6,SeamMUX2,5,51900,4
22,6,SeamMUX3,0,52132,128
22,6,SeamMUX3,1,52132,64
22,6,SeamMUX3,2,52132,32
22,6,SeamMUX3,3,52132,16
22,6,SeamMUX3,4,52132,8
22,6,SeamMUX3,5,52132,4
22,6,SeamMUX4,0,52364,128
22,6,SeamMUX4,1,52364,64
22,6,SeamMUX4,2,52364,32
22,6,SeamMUX4,3,52364,16
22,6,SeamMUX4,4,52364,8
22,6,SeamMUX4,5,52364,4
22,6,SeamMUX5,0,52596,128
22,6,SeamMUX5,1,52596,64
22,6,SeamMUX5,2,52596,32
22,6,SeamMUX5,3,52596,16
22,6,SeamMUX5,4,52596,8
22,6,SeamMUX5,5,52596,4
22,6,SeamMUX6,0,52828,128
22,6,SeamMUX6,1,52828,64
22,6,SeamMUX6,2,52828,32
22,6,SeamMUX6,3,52828,16
22,6,SeamMUX6,4,52828,8
22,6,SeamMUX6,5,52828,4
22,6,SeamMUX7,0,53060,128
22,6,SeamMUX7,1,53060,64
22,6,SeamMUX7,2,53060,32
22,6,SeamMUX7,3,53060,16
22,6,SeamMUX7,4,53060,8
22,6,SeamMUX7,5,53060,4
22,6,SeamMUX8,0,53292,128
22,6,SeamMUX8,1,53292,64
22,6,SeamMUX8,2,53292,32
22,6,SeamMUX8,3,53292,16
22,6,SeamMUX8,4,53292,8
22,6,SeamMUX8,5,53292,4
22,6,SeamMUX9,0,53524,128
22,6,SeamMUX9,1,53524,64
22,6,SeamMUX9,2,53524,32
22,6,SeamMUX9,3,53524,16
22,6,SeamMUX9,4,53524,8
22,6,SeamMUX9,5,53524,4
22,7,BBMUXE0,0,47028,2
22,7,BBMUXE0,1,46796,2
22,7,BBMUXE0,2,47028,1
22,7,BBMUXE0,3,46796,1
22,7,BBMUXE0,4,47029,32
22,7,BBMUXE0,5,47029,128
22,7,BBMUXE0,6,46797,128
22,7,BBMUXE0,7,46797,64
22,7,BBMUXE0,8,47029,64
22,7,BBMUXE0,9,46797,32
22,7,BBMUXE1,0,47144,2
22,7,BBMUXE1,1,47376,2
22,7,BBMUXE1,2,47144,1
22,7,BBMUXE1,3,47376,1
22,7,BBMUXE1,4,47145,32
22,7,BBMUXE1,5,47145,128
22,7,BBMUXE1,6,47377,128
22,7,BBMUXE1,7,47377,64
22,7,BBMUXE1,8,47145,64
22,7,BBMUXE1,9,47377,32
22,7,BBMUXE2,0,47724,2
22,7,BBMUXE2,1,47492,2
22,7,BBMUXE2,2,47724,1
22,7,BBMUXE2,3,47492,1
22,7,BBMUXE2,4,47725,32
22,7,BBMUXE2,5,47725,128
22,7,BBMUXE2,6,47493,128
22,7,BBMUXE2,7,47493,64
22,7,BBMUXE2,8,47725,64
22,7,BBMUXE2,9,47493,32
22,7,BBMUXE3,0,47840,2
22,7,BBMUXE3,1,48072,2
22,7,BBMUXE3,2,47840,1
22,7,BBMUXE3,3,48072,1
22,7,BBMUXE3,4,47841,32
22,7,BBMUXE3,5,47841,128
22,7,BBMUXE3,6,48073,128
22,7,BBMUXE3,7,48073,64
22,7,BBMUXE3,8,47841,64
22,7,BBMUXE3,9,48073,32
22,7,BBMUXE4,0,48420,2
22,7,BBMUXE4,1,48188,2
22,7,BBMUXE4,2,48420,1
22,7,BBMUXE4,3,48188,1
22,7,BBMUXE4,4,48421,32
22,7,BBMUXE4,5,48421,128
22,7,BBMUXE4,6,48189,128
22,7,BBMUXE4,7,48189,64
22,7,BBMUXE4,8,48421,64
22,7,BBMUXE4,9,48189,32
22,7,BBMUXE5,0,48536,2
22,7,BBMUXE5,1,48768,2
22,7,BBMUXE5,2,48536,1
22,7,BBMUXE5,3,48768,1
22,7,BBMUXE5,4,48537,32
22,7,BBMUXE5,5,48537,128
22,7,BBMUXE5,6,48769,128
22,7,BBMUXE5,7,48769,64
22,7,BBMUXE5,8,48537,64
22,7,BBMUXE5,9,48769,32
22,7,BBMUXE6,0,49116,2
22,7,BBMUXE6,1,48884,2
22,7,BBMUXE6,2,49116,1
22,7,BBMUXE6,3,48884,1
22,7,BBMUXE6,4,49117,32
22,7,BBMUXE6,5,49117,128
22,7,BBMUXE6,6,48885,128
22,7,BBMUXE6,7,48885,64
22,7,BBMUXE6,8,49117,64
22,7,BBMUXE6,9,48885,32
22,7,BBMUXE7,0,49232,2
22,7,BBMUXE7,1,49464,2
22,7,BBMUXE7,2,49232,1
22,7,BBMUXE7,3,49464,1
22,7,BBMUXE7,4,49233,32
22,7,BBMUXE7,5,49233,128
22,7,BBMUXE7,6,49465,128
22,7,BBMUXE7,7,49465,64
22,7,BBMUXE7,8,49233,64
22,7,BBMUXE7,9,49465,32
22,7,BBMUXW0,0,43548,2
22,7,BBMUXW0,1,43664,2
22,7,BBMUXW0,2,43548,1
22,7,BBMUXW0,3,43664,1
22,7,BBMUXW0,4,43549,128
22,7,BBMUXW0,5,43665,128
22,7,BBMUXW0,6,43549,64
22,7,BBMUXW0,7,43665,64
22,7,BBMUXW0,8,43549,32
22,7,BBMUXW1,0,43780,2
22,7,BBMUXW1,1,43896,2
22,7,BBMUXW1,2,43780,1
22,7,BBMUXW1,3,43896,1
22,7,BBMUXW1,4,43781,128
22,7,BBMUXW1,5,43897,128
22,7,BBMUXW1,6,43781,64
22,7,BBMUXW1,7,43897,64
22,7,BBMUXW1,8,43781,32
22,7,BBMUXW10,0,46332,2
22,7,BBMUXW10,1,46448,2
22,7,BBMUXW10,2,46332,1
22,7,BBMUXW10,3,46448,1
22,7,BBMUXW10,4,46333,128
22,7,BBMUXW10,5,46449,128
22,7,BBMUXW10,6,46333,64
22,7,BBMUXW10,7,46449,64
22,7,BBMUXW10,8,46333,32
22,7,BBMUXW11,0,46564,2
22,7,BBMUXW11,1,46680,2
22,7,BBMUXW11,2,46564,1
22,7,BBMUXW11,3,46680,1
22,7,BBMUXW11,4,46565,128
22,7,BBMUXW11,5,46681,128
22,7,BBMUXW11,6,46565,64
22,7,BBMUXW11,7,46681,64
22,7,BBMUXW11,8,46565,32
22,7,BBMUXW2,0,44012,2
22,7,BBMUXW2,1,44128,2
22,7,BBMUXW2,2,44012,1
22,7,BBMUXW2,3,44128,1
22,7,BBMUXW2,4,44013,128
22,7,BBMUXW2,5,44129,128
22,7,BBMUXW2,6,44013,64
22,7,BBMUXW2,7,44129,64
22,7,BBMUXW2,8,44013,32
22,7,BBMUXW3,0,44244,2
22,7,BBMUXW3,1,44360,2
22,7,BBMUXW3,2,44244,1
22,7,BBMUXW3,3,44360,1
22,7,BBMUXW3,4,44245,128
22,7,BBMUXW3,5,44361,128
22,7,BBMUXW3,6,44245,64
22,7,BBMUXW3,7,44361,64
22,7,BBMUXW3,8,44245,32
22,7,BBMUXW4,0,44476,2
22,7,BBMUXW4,1,44592,2
22,7,BBMUXW4,2,44476,1
22,7,BBMUXW4,3,44592,1
22,7,BBMUXW4,4,44477,128
22,7,BBMUXW4,5,44593,128
22,7,BBMUXW4,6,44477,64
22,7,BBMUXW4,7,44593,64
22,7,BBMUXW4,8,44477,32
22,7,BBMUXW5,0,44708,2
22,7,BBMUXW5,1,44824,2
22,7,BBMUXW5,2,44708,1
22,7,BBMUXW5,3,44824,1
22,7,BBMUXW5,4,44709,128
22,7,BBMUXW5,5,44825,128
22,7,BBMUXW5,6,44709,64
22,7,BBMUXW5,7,44825,64
22,7,BBMUXW5,8,44709,32
22,7,BBMUXW6,0,44940,2
22,7,BBMUXW6,1,45056,2
22,7,BBMUXW6,2,44940,1
22,7,BBMUXW6,3,45056,1
22,7,BBMUXW6,4,44941,128
22,7,BBMUXW6,5,45057,128
22,7,BBMUXW6,6,44941,64
22,7,BBMUXW6,7,45057,64
22,7,BBMUXW6,8,44941,32
22,7,BBMUXW7,0,45172,2
22,7,BBMUXW7,1,45288,2
22,7,BBMUXW7,2,45172,1
22,7,BBMUXW7,3,45288,1
22,7,BBMUXW7,4,45173,128
22,7,BBMUXW7,5,45289,128
22,7,BBMUXW7,6,45173,64
22,7,BBMUXW7,7,45289,64
22,7,BBMUXW7,8,45173,32
22,7,BBMUXW8,0,45404,2
22,7,BBMUXW8,1,45520,2
22,7,BBMUXW8,2,45404,1
22,7,BBMUXW8,3,45520,1
22,7,BBMUXW8,4,45405,128
22,7,BBMUXW8,5,45521,128
22,7,BBMUXW8,6,45405,64
22,7,BBMUXW8,7,45521,64
22,7,BBMUXW8,8,45405,32
22,7,BBMUXW9,0,45636,2
22,7,BBMUXW9,1,45752,2
22,7,BBMUXW9,2,45636,1
22,7,BBMUXW9,3,45752,1
22,7,BBMUXW9,4,45637,128
22,7,BBMUXW9,5,45753,128
22,7,BBMUXW9,6,45637,64
22,7,BBMUXW9,7,45753,64
22,7,BBMUXW9,8,45637,32
22,7,InputMUX0,0,42156,1
22,7,InputMUX1,0,42272,1
22,7,InputMUX10,0,43316,1
22,7,InputMUX11,0,43432,1
22,7,InputMUX2,0,42388,1
22,7,InputMUX3,0,42504,1
22,7,InputMUX4,0,42620,1
22,7,InputMUX5,0,42736,1
22,7,InputMUX6,0,42852,1
22,7,InputMUX7,0,42968,1
22,7,InputMUX8,0,43084,1
22,7,InputMUX9,0,43200,1
22,7,SeamMUX0,0,43548,128
22,7,SeamMUX0,1,43548,64
22,7,SeamMUX0,2,43548,32
22,7,SeamMUX0,3,43548,16
22,7,SeamMUX0,4,43548,8
22,7,SeamMUX0,5,43548,4
22,7,SeamMUX1,0,43780,128
22,7,SeamMUX1,1,43780,64
22,7,SeamMUX1,2,43780,32
22,7,SeamMUX1,3,43780,16
22,7,SeamMUX1,4,43780,8
22,7,SeamMUX1,5,43780,4
22,7,SeamMUX10,0,46332,128
22,7,SeamMUX10,1,46332,64
22,7,SeamMUX10,2,46332,32
22,7,SeamMUX10,3,46332,16
22,7,SeamMUX10,4,46332,8
22,7,SeamMUX10,5,46332,4
22,7,SeamMUX11,0,46564,128
22,7,SeamMUX11,1,46564,64
22,7,SeamMUX11,2,46564,32
22,7,SeamMUX11,3,46564,16
22,7,SeamMUX11,4,46564,8
22,7,SeamMUX11,5,46564,4
22,7,SeamMUX12,0,46796,128
22,7,SeamMUX12,1,46796,64
22,7,SeamMUX12,2,46796,32
22,7,SeamMUX12,3,46796,16
22,7,SeamMUX12,4,46796,8
22,7,SeamMUX12,5,46796,4
22,7,SeamMUX13,0,47376,128
22,7,SeamMUX13,1,47376,64
22,7,SeamMUX13,2,47376,32
22,7,SeamMUX13,3,47376,16
22,7,SeamMUX13,4,47376,8
22,7,SeamMUX13,5,47376,4
22,7,SeamMUX14,0,47492,128
22,7,SeamMUX14,1,47492,64
22,7,SeamMUX14,2,47492,32
22,7,SeamMUX14,3,47492,16
22,7,SeamMUX14,4,47492,8
22,7,SeamMUX14,5,47492,4
22,7,SeamMUX15,0,48072,128
22,7,SeamMUX15,1,48072,64
22,7,SeamMUX15,2,48072,32
22,7,SeamMUX15,3,48072,16
22,7,SeamMUX15,4,48072,8
22,7,SeamMUX15,5,48072,4
22,7,SeamMUX16,0,48188,128
22,7,SeamMUX16,1,48188,64
22,7,SeamMUX16,2,48188,32
22,7,SeamMUX16,3,48188,16
22,7,SeamMUX16,4,48188,8
22,7,SeamMUX16,5,48188,4
22,7,SeamMUX17,0,48768,128
22,7,SeamMUX17,1,48768,64
22,7,SeamMUX17,2,48768,32
22,7,SeamMUX17,3,48768,16
22,7,SeamMUX17,4,48768,8
22,7,SeamMUX17,5,48768,4
22,7,SeamMUX18,0,48884,128
22,7,SeamMUX18,1,48884,64
22,7,SeamMUX18,2,48884,32
22,7,SeamMUX18,3,48884,16
22,7,SeamMUX18,4,48884,8
22,7,SeamMUX18,5,48884,4
22,7,SeamMUX19,0,49464,128
22,7,SeamMUX19,1,49464,64
22,7,SeamMUX19,2,49464,32
22,7,SeamMUX19,3,49464,16
22,7,SeamMUX19,4,49464,8
22,7,SeamMUX19,5,49464,4
22,7,SeamMUX2,0,44012,128
22,7,SeamMUX2,1,44012,64
22,7,SeamMUX2,2,44012,32
22,7,SeamMUX2,3,44012,16
22,7,SeamMUX2,4,44012,8
22,7,SeamMUX2,5,44012,4
22,7,SeamMUX3,0,44244,128
22,7,SeamMUX3,1,44244,64
22,7,SeamMUX3,2,44244,32
22,7,SeamMUX3,3,44244,16
22,7,SeamMUX3,4,44244,8
22,7,SeamMUX3,5,44244,4
22,7,SeamMUX4,0,44476,128
22,7,SeamMUX4,1,44476,64
22,7,SeamMUX4,2,44476,32
22,7,SeamMUX4,3,44476,16
22,7,SeamMUX4,4,44476,8
22,7,SeamMUX4,5,44476,4
22,7,SeamMUX5,0,44708,128
22,7,SeamMUX5,1,44708,64
22,7,SeamMUX5,2,44708,32
22,7,SeamMUX5,3,44708,16
22,7,SeamMUX5,4,44708,8
22,7,SeamMUX5,5,44708,4
22,7,SeamMUX6,0,44940,128
22,7,SeamMUX6,1,44940,64
22,7,SeamMUX6,2,44940,32
22,7,SeamMUX6,3,44940,16
22,7,SeamMUX6,4,44940,8
22,7,SeamMUX6,5,44940,4
22,7,SeamMUX7,0,45172,128
22,7,SeamMUX7,1,45172,64
22,7,SeamMUX7,2,45172,32
22,7,SeamMUX7,3,45172,16
22,7,SeamMUX7,4,45172,8
22,7,SeamMUX7,5,45172,4
22,7,SeamMUX8,0,45404,128
22,7,SeamMUX8,1,45404,64
22,7,SeamMUX8,2,45404,32
22,7,SeamMUX8,3,45404,16
22,7,SeamMUX8,4,45404,8
22,7,SeamMUX8,5,45404,4
22,7,SeamMUX9,0,45636,128
22,7,SeamMUX9,1,45636,64
22,7,SeamMUX9,2,45636,32
22,7,SeamMUX9,3,45636,16
22,7,SeamMUX9,4,45636,8
22,7,SeamMUX9,5,45636,4
22,8,BBMUXE0,0,39140,2
22,8,BBMUXE0,1,38908,2
22,8,BBMUXE0,2,39140,1
22,8,BBMUXE0,3,38908,1
22,8,BBMUXE0,4,39141,32
22,8,BBMUXE0,5,39141,128
22,8,BBMUXE0,6,38909,128
22,8,BBMUXE0,7,38909,64
22,8,BBMUXE0,8,39141,64
22,8,BBMUXE0,9,38909,32
22,8,BBMUXE1,0,39256,2
22,8,BBMUXE1,1,39488,2
22,8,BBMUXE1,2,39256,1
22,8,BBMUXE1,3,39488,1
22,8,BBMUXE1,4,39257,32
22,8,BBMUXE1,5,39257,128
22,8,BBMUXE1,6,39489,128
22,8,BBMUXE1,7,39489,64
22,8,BBMUXE1,8,39257,64
22,8,BBMUXE1,9,39489,32
22,8,BBMUXE2,0,39836,2
22,8,BBMUXE2,1,39604,2
22,8,BBMUXE2,2,39836,1
22,8,BBMUXE2,3,39604,1
22,8,BBMUXE2,4,39837,32
22,8,BBMUXE2,5,39837,128
22,8,BBMUXE2,6,39605,128
22,8,BBMUXE2,7,39605,64
22,8,BBMUXE2,8,39837,64
22,8,BBMUXE2,9,39605,32
22,8,BBMUXE3,0,39952,2
22,8,BBMUXE3,1,40184,2
22,8,BBMUXE3,2,39952,1
22,8,BBMUXE3,3,40184,1
22,8,BBMUXE3,4,39953,32
22,8,BBMUXE3,5,39953,128
22,8,BBMUXE3,6,40185,128
22,8,BBMUXE3,7,40185,64
22,8,BBMUXE3,8,39953,64
22,8,BBMUXE3,9,40185,32
22,8,BBMUXE4,0,40532,2
22,8,BBMUXE4,1,40300,2
22,8,BBMUXE4,2,40532,1
22,8,BBMUXE4,3,40300,1
22,8,BBMUXE4,4,40533,32
22,8,BBMUXE4,5,40533,128
22,8,BBMUXE4,6,40301,128
22,8,BBMUXE4,7,40301,64
22,8,BBMUXE4,8,40533,64
22,8,BBMUXE4,9,40301,32
22,8,BBMUXE5,0,40648,2
22,8,BBMUXE5,1,40880,2
22,8,BBMUXE5,2,40648,1
22,8,BBMUXE5,3,40880,1
22,8,BBMUXE5,4,40649,32
22,8,BBMUXE5,5,40649,128
22,8,BBMUXE5,6,40881,128
22,8,BBMUXE5,7,40881,64
22,8,BBMUXE5,8,40649,64
22,8,BBMUXE5,9,40881,32
22,8,BBMUXE6,0,41228,2
22,8,BBMUXE6,1,40996,2
22,8,BBMUXE6,2,41228,1
22,8,BBMUXE6,3,40996,1
22,8,BBMUXE6,4,41229,32
22,8,BBMUXE6,5,41229,128
22,8,BBMUXE6,6,40997,128
22,8,BBMUXE6,7,40997,64
22,8,BBMUXE6,8,41229,64
22,8,BBMUXE6,9,40997,32
22,8,BBMUXE7,0,41344,2
22,8,BBMUXE7,1,41576,2
22,8,BBMUXE7,2,41344,1
22,8,BBMUXE7,3,41576,1
22,8,BBMUXE7,4,41345,32
22,8,BBMUXE7,5,41345,128
22,8,BBMUXE7,6,41577,128
22,8,BBMUXE7,7,41577,64
22,8,BBMUXE7,8,41345,64
22,8,BBMUXE7,9,41577,32
22,8,BBMUXW0,0,35660,2
22,8,BBMUXW0,1,35776,2
22,8,BBMUXW0,2,35660,1
22,8,BBMUXW0,3,35776,1
22,8,BBMUXW0,4,35661,128
22,8,BBMUXW0,5,35777,128
22,8,BBMUXW0,6,35661,64
22,8,BBMUXW0,7,35777,64
22,8,BBMUXW0,8,35661,32
22,8,BBMUXW1,0,35892,2
22,8,BBMUXW1,1,36008,2
22,8,BBMUXW1,2,35892,1
22,8,BBMUXW1,3,36008,1
22,8,BBMUXW1,4,35893,128
22,8,BBMUXW1,5,36009,128
22,8,BBMUXW1,6,35893,64
22,8,BBMUXW1,7,36009,64
22,8,BBMUXW1,8,35893,32
22,8,BBMUXW10,0,38444,2
22,8,BBMUXW10,1,38560,2
22,8,BBMUXW10,2,38444,1
22,8,BBMUXW10,3,38560,1
22,8,BBMUXW10,4,38445,128
22,8,BBMUXW10,5,38561,128
22,8,BBMUXW10,6,38445,64
22,8,BBMUXW10,7,38561,64
22,8,BBMUXW10,8,38445,32
22,8,BBMUXW11,0,38676,2
22,8,BBMUXW11,1,38792,2
22,8,BBMUXW11,2,38676,1
22,8,BBMUXW11,3,38792,1
22,8,BBMUXW11,4,38677,128
22,8,BBMUXW11,5,38793,128
22,8,BBMUXW11,6,38677,64
22,8,BBMUXW11,7,38793,64
22,8,BBMUXW11,8,38677,32
22,8,BBMUXW2,0,36124,2
22,8,BBMUXW2,1,36240,2
22,8,BBMUXW2,2,36124,1
22,8,BBMUXW2,3,36240,1
22,8,BBMUXW2,4,36125,128
22,8,BBMUXW2,5,36241,128
22,8,BBMUXW2,6,36125,64
22,8,BBMUXW2,7,36241,64
22,8,BBMUXW2,8,36125,32
22,8,BBMUXW3,0,36356,2
22,8,BBMUXW3,1,36472,2
22,8,BBMUXW3,2,36356,1
22,8,BBMUXW3,3,36472,1
22,8,BBMUXW3,4,36357,128
22,8,BBMUXW3,5,36473,128
22,8,BBMUXW3,6,36357,64
22,8,BBMUXW3,7,36473,64
22,8,BBMUXW3,8,36357,32
22,8,BBMUXW4,0,36588,2
22,8,BBMUXW4,1,36704,2
22,8,BBMUXW4,2,36588,1
22,8,BBMUXW4,3,36704,1
22,8,BBMUXW4,4,36589,128
22,8,BBMUXW4,5,36705,128
22,8,BBMUXW4,6,36589,64
22,8,BBMUXW4,7,36705,64
22,8,BBMUXW4,8,36589,32
22,8,BBMUXW5,0,36820,2
22,8,BBMUXW5,1,36936,2
22,8,BBMUXW5,2,36820,1
22,8,BBMUXW5,3,36936,1
22,8,BBMUXW5,4,36821,128
22,8,BBMUXW5,5,36937,128
22,8,BBMUXW5,6,36821,64
22,8,BBMUXW5,7,36937,64
22,8,BBMUXW5,8,36821,32
22,8,BBMUXW6,0,37052,2
22,8,BBMUXW6,1,37168,2
22,8,BBMUXW6,2,37052,1
22,8,BBMUXW6,3,37168,1
22,8,BBMUXW6,4,37053,128
22,8,BBMUXW6,5,37169,128
22,8,BBMUXW6,6,37053,64
22,8,BBMUXW6,7,37169,64
22,8,BBMUXW6,8,37053,32
22,8,BBMUXW7,0,37284,2
22,8,BBMUXW7,1,37400,2
22,8,BBMUXW7,2,37284,1
22,8,BBMUXW7,3,37400,1
22,8,BBMUXW7,4,37285,128
22,8,BBMUXW7,5,37401,128
22,8,BBMUXW7,6,37285,64
22,8,BBMUXW7,7,37401,64
22,8,BBMUXW7,8,37285,32
22,8,BBMUXW8,0,37516,2
22,8,BBMUXW8,1,37632,2
22,8,BBMUXW8,2,37516,1
22,8,BBMUXW8,3,37632,1
22,8,BBMUXW8,4,37517,128
22,8,BBMUXW8,5,37633,128
22,8,BBMUXW8,6,37517,64
22,8,BBMUXW8,7,37633,64
22,8,BBMUXW8,8,37517,32
22,8,BBMUXW9,0,37748,2
22,8,BBMUXW9,1,37864,2
22,8,BBMUXW9,2,37748,1
22,8,BBMUXW9,3,37864,1
22,8,BBMUXW9,4,37749,128
22,8,BBMUXW9,5,37865,128
22,8,BBMUXW9,6,37749,64
22,8,BBMUXW9,7,37865,64
22,8,BBMUXW9,8,37749,32
22,8,InputMUX0,0,34268,1
22,8,InputMUX1,0,34384,1
22,8,InputMUX10,0,35428,1
22,8,InputMUX11,0,35544,1
22,8,InputMUX2,0,34500,1
22,8,InputMUX3,0,34616,1
22,8,InputMUX4,0,34732,1
22,8,InputMUX5,0,34848,1
22,8,InputMUX6,0,34964,1
22,8,InputMUX7,0,35080,1
22,8,InputMUX8,0,35196,1
22,8,InputMUX9,0,35312,1
22,8,SeamMUX0,0,35660,128
22,8,SeamMUX0,1,35660,64
22,8,SeamMUX0,2,35660,32
22,8,SeamMUX0,3,35660,16
22,8,SeamMUX0,4,35660,8
22,8,SeamMUX0,5,35660,4
22,8,SeamMUX1,0,35892,128
22,8,SeamMUX1,1,35892,64
22,8,SeamMUX1,2,35892,32
22,8,SeamMUX1,3,35892,16
22,8,SeamMUX1,4,35892,8
22,8,SeamMUX1,5,35892,4
22,8,SeamMUX10,0,38444,128
22,8,SeamMUX10,1,38444,64
22,8,SeamMUX10,2,38444,32
22,8,SeamMUX10,3,38444,16
22,8,SeamMUX10,4,38444,8
22,8,SeamMUX10,5,38444,4
22,8,SeamMUX11,0,38676,128
22,8,SeamMUX11,1,38676,64
22,8,SeamMUX11,2,38676,32
22,8,SeamMUX11,3,38676,16
22,8,SeamMUX11,4,38676,8
22,8,SeamMUX11,5,38676,4
22,8,SeamMUX12,0,38908,128
22,8,SeamMUX12,1,38908,64
22,8,SeamMUX12,2,38908,32
22,8,SeamMUX12,3,38908,16
22,8,SeamMUX12,4,38908,8
22,8,SeamMUX12,5,38908,4
22,8,SeamMUX13,0,39488,128
22,8,SeamMUX13,1,39488,64
22,8,SeamMUX13,2,39488,32
22,8,SeamMUX13,3,39488,16
22,8,SeamMUX13,4,39488,8
22,8,SeamMUX13,5,39488,4
22,8,SeamMUX14,0,39604,128
22,8,SeamMUX14,1,39604,64
22,8,SeamMUX14,2,39604,32
22,8,SeamMUX14,3,39604,16
22,8,SeamMUX14,4,39604,8
22,8,SeamMUX14,5,39604,4
22,8,SeamMUX15,0,40184,128
22,8,SeamMUX15,1,40184,64
22,8,SeamMUX15,2,40184,32
22,8,SeamMUX15,3,40184,16
22,8,SeamMUX15,4,40184,8
22,8,SeamMUX15,5,40184,4
22,8,SeamMUX16,0,40300,128
22,8,SeamMUX16,1,40300,64
22,8,SeamMUX16,2,40300,32
22,8,SeamMUX16,3,40300,16
22,8,SeamMUX16,4,40300,8
22,8,SeamMUX16,5,40300,4
22,8,SeamMUX17,0,40880,128
22,8,SeamMUX17,1,40880,64
22,8,SeamMUX17,2,40880,32
22,8,SeamMUX17,3,40880,16
22,8,SeamMUX17,4,40880,8
22,8,SeamMUX17,5,40880,4
22,8,SeamMUX18,0,40996,128
22,8,SeamMUX18,1,40996,64
22,8,SeamMUX18,2,40996,32
22,8,SeamMUX18,3,40996,16
22,8,SeamMUX18,4,40996,8
22,8,SeamMUX18,5,40996,4
22,8,SeamMUX19,0,41576,128
22,8,SeamMUX19,1,41576,64
22,8,SeamMUX19,2,41576,32
22,8,SeamMUX19,3,41576,16
22,8,SeamMUX19,4,41576,8
22,8,SeamMUX19,5,41576,4
22,8,SeamMUX2,0,36124,128
22,8,SeamMUX2,1,36124,64
22,8,SeamMUX2,2,36124,32
22,8,SeamMUX2,3,36124,16
22,8,SeamMUX2,4,36124,8
22,8,SeamMUX2,5,36124,4
22,8,SeamMUX3,0,36356,128
22,8,SeamMUX3,1,36356,64
22,8,SeamMUX3,2,36356,32
22,8,SeamMUX3,3,36356,16
22,8,SeamMUX3,4,36356,8
22,8,SeamMUX3,5,36356,4
22,8,SeamMUX4,0,36588,128
22,8,SeamMUX4,1,36588,64
22,8,SeamMUX4,2,36588,32
22,8,SeamMUX4,3,36588,16
22,8,SeamMUX4,4,36588,8
22,8,SeamMUX4,5,36588,4
22,8,SeamMUX5,0,36820,128
22,8,SeamMUX5,1,36820,64
22,8,SeamMUX5,2,36820,32
22,8,SeamMUX5,3,36820,16
22,8,SeamMUX5,4,36820,8
22,8,SeamMUX5,5,36820,4
22,8,SeamMUX6,0,37052,128
22,8,SeamMUX6,1,37052,64
22,8,SeamMUX6,2,37052,32
22,8,SeamMUX6,3,37052,16
22,8,SeamMUX6,4,37052,8
22,8,SeamMUX6,5,37052,4
22,8,SeamMUX7,0,37284,128
22,8,SeamMUX7,1,37284,64
22,8,SeamMUX7,2,37284,32
22,8,SeamMUX7,3,37284,16
22,8,SeamMUX7,4,37284,8
22,8,SeamMUX7,5,37284,4
22,8,SeamMUX8,0,37516,128
22,8,SeamMUX8,1,37516,64
22,8,SeamMUX8,2,37516,32
22,8,SeamMUX8,3,37516,16
22,8,SeamMUX8,4,37516,8
22,8,SeamMUX8,5,37516,4
22,8,SeamMUX9,0,37748,128
22,8,SeamMUX9,1,37748,64
22,8,SeamMUX9,2,37748,32
22,8,SeamMUX9,3,37748,16
22,8,SeamMUX9,4,37748,8
22,8,SeamMUX9,5,37748,4
22,9,BBMUXE0,0,31252,2
22,9,BBMUXE0,1,31020,2
22,9,BBMUXE0,2,31252,1
22,9,BBMUXE0,3,31020,1
22,9,BBMUXE0,4,31253,32
22,9,BBMUXE0,5,31253,128
22,9,BBMUXE0,6,31021,128
22,9,BBMUXE0,7,31021,64
22,9,BBMUXE0,8,31253,64
22,9,BBMUXE0,9,31021,32
22,9,BBMUXE1,0,31368,2
22,9,BBMUXE1,1,31600,2
22,9,BBMUXE1,2,31368,1
22,9,BBMUXE1,3,31600,1
22,9,BBMUXE1,4,31369,32
22,9,BBMUXE1,5,31369,128
22,9,BBMUXE1,6,31601,128
22,9,BBMUXE1,7,31601,64
22,9,BBMUXE1,8,31369,64
22,9,BBMUXE1,9,31601,32
22,9,BBMUXE2,0,31948,2
22,9,BBMUXE2,1,31716,2
22,9,BBMUXE2,2,31948,1
22,9,BBMUXE2,3,31716,1
22,9,BBMUXE2,4,31949,32
22,9,BBMUXE2,5,31949,128
22,9,BBMUXE2,6,31717,128
22,9,BBMUXE2,7,31717,64
22,9,BBMUXE2,8,31949,64
22,9,BBMUXE2,9,31717,32
22,9,BBMUXE3,0,32064,2
22,9,BBMUXE3,1,32296,2
22,9,BBMUXE3,2,32064,1
22,9,BBMUXE3,3,32296,1
22,9,BBMUXE3,4,32065,32
22,9,BBMUXE3,5,32065,128
22,9,BBMUXE3,6,32297,128
22,9,BBMUXE3,7,32297,64
22,9,BBMUXE3,8,32065,64
22,9,BBMUXE3,9,32297,32
22,9,BBMUXE4,0,32644,2
22,9,BBMUXE4,1,32412,2
22,9,BBMUXE4,2,32644,1
22,9,BBMUXE4,3,32412,1
22,9,BBMUXE4,4,32645,32
22,9,BBMUXE4,5,32645,128
22,9,BBMUXE4,6,32413,128
22,9,BBMUXE4,7,32413,64
22,9,BBMUXE4,8,32645,64
22,9,BBMUXE4,9,32413,32
22,9,BBMUXE5,0,32760,2
22,9,BBMUXE5,1,32992,2
22,9,BBMUXE5,2,32760,1
22,9,BBMUXE5,3,32992,1
22,9,BBMUXE5,4,32761,32
22,9,BBMUXE5,5,32761,128
22,9,BBMUXE5,6,32993,128
22,9,BBMUXE5,7,32993,64
22,9,BBMUXE5,8,32761,64
22,9,BBMUXE5,9,32993,32
22,9,BBMUXE6,0,33340,2
22,9,BBMUXE6,1,33108,2
22,9,BBMUXE6,2,33340,1
22,9,BBMUXE6,3,33108,1
22,9,BBMUXE6,4,33341,32
22,9,BBMUXE6,5,33341,128
22,9,BBMUXE6,6,33109,128
22,9,BBMUXE6,7,33109,64
22,9,BBMUXE6,8,33341,64
22,9,BBMUXE6,9,33109,32
22,9,BBMUXE7,0,33456,2
22,9,BBMUXE7,1,33688,2
22,9,BBMUXE7,2,33456,1
22,9,BBMUXE7,3,33688,1
22,9,BBMUXE7,4,33457,32
22,9,BBMUXE7,5,33457,128
22,9,BBMUXE7,6,33689,128
22,9,BBMUXE7,7,33689,64
22,9,BBMUXE7,8,33457,64
22,9,BBMUXE7,9,33689,32
22,9,BBMUXW0,0,27772,2
22,9,BBMUXW0,1,27888,2
22,9,BBMUXW0,2,27772,1
22,9,BBMUXW0,3,27888,1
22,9,BBMUXW0,4,27773,128
22,9,BBMUXW0,5,27889,128
22,9,BBMUXW0,6,27773,64
22,9,BBMUXW0,7,27889,64
22,9,BBMUXW0,8,27773,32
22,9,BBMUXW1,0,28004,2
22,9,BBMUXW1,1,28120,2
22,9,BBMUXW1,2,28004,1
22,9,BBMUXW1,3,28120,1
22,9,BBMUXW1,4,28005,128
22,9,BBMUXW1,5,28121,128
22,9,BBMUXW1,6,28005,64
22,9,BBMUXW1,7,28121,64
22,9,BBMUXW1,8,28005,32
22,9,BBMUXW10,0,30556,2
22,9,BBMUXW10,1,30672,2
22,9,BBMUXW10,2,30556,1
22,9,BBMUXW10,3,30672,1
22,9,BBMUXW10,4,30557,128
22,9,BBMUXW10,5,30673,128
22,9,BBMUXW10,6,30557,64
22,9,BBMUXW10,7,30673,64
22,9,BBMUXW10,8,30557,32
22,9,BBMUXW11,0,30788,2
22,9,BBMUXW11,1,30904,2
22,9,BBMUXW11,2,30788,1
22,9,BBMUXW11,3,30904,1
22,9,BBMUXW11,4,30789,128
22,9,BBMUXW11,5,30905,128
22,9,BBMUXW11,6,30789,64
22,9,BBMUXW11,7,30905,64
22,9,BBMUXW11,8,30789,32
22,9,BBMUXW2,0,28236,2
22,9,BBMUXW2,1,28352,2
22,9,BBMUXW2,2,28236,1
22,9,BBMUXW2,3,28352,1
22,9,BBMUXW2,4,28237,128
22,9,BBMUXW2,5,28353,128
22,9,BBMUXW2,6,28237,64
22,9,BBMUXW2,7,28353,64
22,9,BBMUXW2,8,28237,32
22,9,BBMUXW3,0,28468,2
22,9,BBMUXW3,1,28584,2
22,9,BBMUXW3,2,28468,1
22,9,BBMUXW3,3,28584,1
22,9,BBMUXW3,4,28469,128
22,9,BBMUXW3,5,28585,128
22,9,BBMUXW3,6,28469,64
22,9,BBMUXW3,7,28585,64
22,9,BBMUXW3,8,28469,32
22,9,BBMUXW4,0,28700,2
22,9,BBMUXW4,1,28816,2
22,9,BBMUXW4,2,28700,1
22,9,BBMUXW4,3,28816,1
22,9,BBMUXW4,4,28701,128
22,9,BBMUXW4,5,28817,128
22,9,BBMUXW4,6,28701,64
22,9,BBMUXW4,7,28817,64
22,9,BBMUXW4,8,28701,32
22,9,BBMUXW5,0,28932,2
22,9,BBMUXW5,1,29048,2
22,9,BBMUXW5,2,28932,1
22,9,BBMUXW5,3,29048,1
22,9,BBMUXW5,4,28933,128
22,9,BBMUXW5,5,29049,128
22,9,BBMUXW5,6,28933,64
22,9,BBMUXW5,7,29049,64
22,9,BBMUXW5,8,28933,32
22,9,BBMUXW6,0,29164,2
22,9,BBMUXW6,1,29280,2
22,9,BBMUXW6,2,29164,1
22,9,BBMUXW6,3,29280,1
22,9,BBMUXW6,4,29165,128
22,9,BBMUXW6,5,29281,128
22,9,BBMUXW6,6,29165,64
22,9,BBMUXW6,7,29281,64
22,9,BBMUXW6,8,29165,32
22,9,BBMUXW7,0,29396,2
22,9,BBMUXW7,1,29512,2
22,9,BBMUXW7,2,29396,1
22,9,BBMUXW7,3,29512,1
22,9,BBMUXW7,4,29397,128
22,9,BBMUXW7,5,29513,128
22,9,BBMUXW7,6,29397,64
22,9,BBMUXW7,7,29513,64
22,9,BBMUXW7,8,29397,32
22,9,BBMUXW8,0,29628,2
22,9,BBMUXW8,1,29744,2
22,9,BBMUXW8,2,29628,1
22,9,BBMUXW8,3,29744,1
22,9,BBMUXW8,4,29629,128
22,9,BBMUXW8,5,29745,128
22,9,BBMUXW8,6,29629,64
22,9,BBMUXW8,7,29745,64
22,9,BBMUXW8,8,29629,32
22,9,BBMUXW9,0,29860,2
22,9,BBMUXW9,1,29976,2
22,9,BBMUXW9,2,29860,1
22,9,BBMUXW9,3,29976,1
22,9,BBMUXW9,4,29861,128
22,9,BBMUXW9,5,29977,128
22,9,BBMUXW9,6,29861,64
22,9,BBMUXW9,7,29977,64
22,9,BBMUXW9,8,29861,32
22,9,InputMUX0,0,26380,1
22,9,InputMUX1,0,26496,1
22,9,InputMUX10,0,27540,1
22,9,InputMUX11,0,27656,1
22,9,InputMUX2,0,26612,1
22,9,InputMUX3,0,26728,1
22,9,InputMUX4,0,26844,1
22,9,InputMUX5,0,26960,1
22,9,InputMUX6,0,27076,1
22,9,InputMUX7,0,27192,1
22,9,InputMUX8,0,27308,1
22,9,InputMUX9,0,27424,1
22,9,SeamMUX0,0,27772,128
22,9,SeamMUX0,1,27772,64
22,9,SeamMUX0,2,27772,32
22,9,SeamMUX0,3,27772,16
22,9,SeamMUX0,4,27772,8
22,9,SeamMUX0,5,27772,4
22,9,SeamMUX1,0,28004,128
22,9,SeamMUX1,1,28004,64
22,9,SeamMUX1,2,28004,32
22,9,SeamMUX1,3,28004,16
22,9,SeamMUX1,4,28004,8
22,9,SeamMUX1,5,28004,4
22,9,SeamMUX10,0,30556,128
22,9,SeamMUX10,1,30556,64
22,9,SeamMUX10,2,30556,32
22,9,SeamMUX10,3,30556,16
22,9,SeamMUX10,4,30556,8
22,9,SeamMUX10,5,30556,4
22,9,SeamMUX11,0,30788,128
22,9,SeamMUX11,1,30788,64
22,9,SeamMUX11,2,30788,32
22,9,SeamMUX11,3,30788,16
22,9,SeamMUX11,4,30788,8
22,9,SeamMUX11,5,30788,4
22,9,SeamMUX12,0,31020,128
22,9,SeamMUX12,1,31020,64
22,9,SeamMUX12,2,31020,32
22,9,SeamMUX12,3,31020,16
22,9,SeamMUX12,4,31020,8
22,9,SeamMUX12,5,31020,4
22,9,SeamMUX13,0,31600,128
22,9,SeamMUX13,1,31600,64
22,9,SeamMUX13,2,31600,32
22,9,SeamMUX13,3,31600,16
22,9,SeamMUX13,4,31600,8
22,9,SeamMUX13,5,31600,4
22,9,SeamMUX14,0,31716,128
22,9,SeamMUX14,1,31716,64
22,9,SeamMUX14,2,31716,32
22,9,SeamMUX14,3,31716,16
22,9,SeamMUX14,4,31716,8
22,9,SeamMUX14,5,31716,4
22,9,SeamMUX15,0,32296,128
22,9,SeamMUX15,1,32296,64
22,9,SeamMUX15,2,32296,32
22,9,SeamMUX15,3,32296,16
22,9,SeamMUX15,4,32296,8
22,9,SeamMUX15,5,32296,4
22,9,SeamMUX16,0,32412,128
22,9,SeamMUX16,1,32412,64
22,9,SeamMUX16,2,32412,32
22,9,SeamMUX16,3,32412,16
22,9,SeamMUX16,4,32412,8
22,9,SeamMUX16,5,32412,4
22,9,SeamMUX17,0,32992,128
22,9,SeamMUX17,1,32992,64
22,9,SeamMUX17,2,32992,32
22,9,SeamMUX17,3,32992,16
22,9,SeamMUX17,4,32992,8
22,9,SeamMUX17,5,32992,4
22,9,SeamMUX18,0,33108,128
22,9,SeamMUX18,1,33108,64
22,9,SeamMUX18,2,33108,32
22,9,SeamMUX18,3,33108,16
22,9,SeamMUX18,4,33108,8
22,9,SeamMUX18,5,33108,4
22,9,SeamMUX19,0,33688,128
22,9,SeamMUX19,1,33688,64
22,9,SeamMUX19,2,33688,32
22,9,SeamMUX19,3,33688,16
22,9,SeamMUX19,4,33688,8
22,9,SeamMUX19,5,33688,4
22,9,SeamMUX2,0,28236,128
22,9,SeamMUX2,1,28236,64
22,9,SeamMUX2,2,28236,32
22,9,SeamMUX2,3,28236,16
22,9,SeamMUX2,4,28236,8
22,9,SeamMUX2,5,28236,4
22,9,SeamMUX3,0,28468,128
22,9,SeamMUX3,1,28468,64
22,9,SeamMUX3,2,28468,32
22,9,SeamMUX3,3,28468,16
22,9,SeamMUX3,4,28468,8
22,9,SeamMUX3,5,28468,4
22,9,SeamMUX4,0,28700,128
22,9,SeamMUX4,1,28700,64
22,9,SeamMUX4,2,28700,32
22,9,SeamMUX4,3,28700,16
22,9,SeamMUX4,4,28700,8
22,9,SeamMUX4,5,28700,4
22,9,SeamMUX5,0,28932,128
22,9,SeamMUX5,1,28932,64
22,9,SeamMUX5,2,28932,32
22,9,SeamMUX5,3,28932,16
22,9,SeamMUX5,4,28932,8
22,9,SeamMUX5,5,28932,4
22,9,SeamMUX6,0,29164,128
22,9,SeamMUX6,1,29164,64
22,9,SeamMUX6,2,29164,32
22,9,SeamMUX6,3,29164,16
22,9,SeamMUX6,4,29164,8
22,9,SeamMUX6,5,29164,4
22,9,SeamMUX7,0,29396,128
22,9,SeamMUX7,1,29396,64
22,9,SeamMUX7,2,29396,32
22,9,SeamMUX7,3,29396,16
22,9,SeamMUX7,4,29396,8
22,9,SeamMUX7,5,29396,4
22,9,SeamMUX8,0,29628,128
22,9,SeamMUX8,1,29628,64
22,9,SeamMUX8,2,29628,32
22,9,SeamMUX8,3,29628,16
22,9,SeamMUX8,4,29628,8
22,9,SeamMUX8,5,29628,4
22,9,SeamMUX9,0,29860,128
22,9,SeamMUX9,1,29860,64
22,9,SeamMUX9,2,29860,32
22,9,SeamMUX9,3,29860,16
22,9,SeamMUX9,4,29860,8
22,9,SeamMUX9,5,29860,4
22,10,BBMUXE0,0,23364,2
22,10,BBMUXE0,1,23132,2
22,10,BBMUXE0,2,23364,1
22,10,BBMUXE0,3,23132,1
22,10,BBMUXE0,4,23365,32
22,10,BBMUXE0,5,23365,128
22,10,BBMUXE0,6,23133,128
22,10,BBMUXE0,7,23133,64
22,10,BBMUXE0,8,23365,64
22,10,BBMUXE0,9,23133,32
22,10,BBMUXE1,0,23480,2
22,10,BBMUXE1,1,23712,2
22,10,BBMUXE1,2,23480,1
22,10,BBMUXE1,3,23712,1
22,10,BBMUXE1,4,23481,32
22,10,BBMUXE1,5,23481,128
22,10,BBMUXE1,6,23713,128
22,10,BBMUXE1,7,23713,64
22,10,BBMUXE1,8,23481,64
22,10,BBMUXE1,9,23713,32
22,10,BBMUXE2,0,24060,2
22,10,BBMUXE2,1,23828,2
22,10,BBMUXE2,2,24060,1
22,10,BBMUXE2,3,23828,1
22,10,BBMUXE2,4,24061,32
22,10,BBMUXE2,5,24061,128
22,10,BBMUXE2,6,23829,128
22,10,BBMUXE2,7,23829,64
22,10,BBMUXE2,8,24061,64
22,10,BBMUXE2,9,23829,32
22,10,BBMUXE3,0,24176,2
22,10,BBMUXE3,1,24408,2
22,10,BBMUXE3,2,24176,1
22,10,BBMUXE3,3,24408,1
22,10,BBMUXE3,4,24177,32
22,10,BBMUXE3,5,24177,128
22,10,BBMUXE3,6,24409,128
22,10,BBMUXE3,7,24409,64
22,10,BBMUXE3,8,24177,64
22,10,BBMUXE3,9,24409,32
22,10,BBMUXE4,0,24756,2
22,10,BBMUXE4,1,24524,2
22,10,BBMUXE4,2,24756,1
22,10,BBMUXE4,3,24524,1
22,10,BBMUXE4,4,24757,32
22,10,BBMUXE4,5,24757,128
22,10,BBMUXE4,6,24525,128
22,10,BBMUXE4,7,24525,64
22,10,BBMUXE4,8,24757,64
22,10,BBMUXE4,9,24525,32
22,10,BBMUXE5,0,24872,2
22,10,BBMUXE5,1,25104,2
22,10,BBMUXE5,2,24872,1
22,10,BBMUXE5,3,25104,1
22,10,BBMUXE5,4,24873,32
22,10,BBMUXE5,5,24873,128
22,10,BBMUXE5,6,25105,128
22,10,BBMUXE5,7,25105,64
22,10,BBMUXE5,8,24873,64
22,10,BBMUXE5,9,25105,32
22,10,BBMUXE6,0,25452,2
22,10,BBMUXE6,1,25220,2
22,10,BBMUXE6,2,25452,1
22,10,BBMUXE6,3,25220,1
22,10,BBMUXE6,4,25453,32
22,10,BBMUXE6,5,25453,128
22,10,BBMUXE6,6,25221,128
22,10,BBMUXE6,7,25221,64
22,10,BBMUXE6,8,25453,64
22,10,BBMUXE6,9,25221,32
22,10,BBMUXE7,0,25568,2
22,10,BBMUXE7,1,25800,2
22,10,BBMUXE7,2,25568,1
22,10,BBMUXE7,3,25800,1
22,10,BBMUXE7,4,25569,32
22,10,BBMUXE7,5,25569,128
22,10,BBMUXE7,6,25801,128
22,10,BBMUXE7,7,25801,64
22,10,BBMUXE7,8,25569,64
22,10,BBMUXE7,9,25801,32
22,10,BBMUXW0,0,19884,2
22,10,BBMUXW0,1,20000,2
22,10,BBMUXW0,2,19884,1
22,10,BBMUXW0,3,20000,1
22,10,BBMUXW0,4,19885,128
22,10,BBMUXW0,5,20001,128
22,10,BBMUXW0,6,19885,64
22,10,BBMUXW0,7,20001,64
22,10,BBMUXW0,8,19885,32
22,10,BBMUXW1,0,20116,2
22,10,BBMUXW1,1,20232,2
22,10,BBMUXW1,2,20116,1
22,10,BBMUXW1,3,20232,1
22,10,BBMUXW1,4,20117,128
22,10,BBMUXW1,5,20233,128
22,10,BBMUXW1,6,20117,64
22,10,BBMUXW1,7,20233,64
22,10,BBMUXW1,8,20117,32
22,10,BBMUXW10,0,22668,2
22,10,BBMUXW10,1,22784,2
22,10,BBMUXW10,2,22668,1
22,10,BBMUXW10,3,22784,1
22,10,BBMUXW10,4,22669,128
22,10,BBMUXW10,5,22785,128
22,10,BBMUXW10,6,22669,64
22,10,BBMUXW10,7,22785,64
22,10,BBMUXW10,8,22669,32
22,10,BBMUXW11,0,22900,2
22,10,BBMUXW11,1,23016,2
22,10,BBMUXW11,2,22900,1
22,10,BBMUXW11,3,23016,1
22,10,BBMUXW11,4,22901,128
22,10,BBMUXW11,5,23017,128
22,10,BBMUXW11,6,22901,64
22,10,BBMUXW11,7,23017,64
22,10,BBMUXW11,8,22901,32
22,10,BBMUXW2,0,20348,2
22,10,BBMUXW2,1,20464,2
22,10,BBMUXW2,2,20348,1
22,10,BBMUXW2,3,20464,1
22,10,BBMUXW2,4,20349,128
22,10,BBMUXW2,5,20465,128
22,10,BBMUXW2,6,20349,64
22,10,BBMUXW2,7,20465,64
22,10,BBMUXW2,8,20349,32
22,10,BBMUXW3,0,20580,2
22,10,BBMUXW3,1,20696,2
22,10,BBMUXW3,2,20580,1
22,10,BBMUXW3,3,20696,1
22,10,BBMUXW3,4,20581,128
22,10,BBMUXW3,5,20697,128
22,10,BBMUXW3,6,20581,64
22,10,BBMUXW3,7,20697,64
22,10,BBMUXW3,8,20581,32
22,10,BBMUXW4,0,20812,2
22,10,BBMUXW4,1,20928,2
22,10,BBMUXW4,2,20812,1
22,10,BBMUXW4,3,20928,1
22,10,BBMUXW4,4,20813,128
22,10,BBMUXW4,5,20929,128
22,10,BBMUXW4,6,20813,64
22,10,BBMUXW4,7,20929,64
22,10,BBMUXW4,8,20813,32
22,10,BBMUXW5,0,21044,2
22,10,BBMUXW5,1,21160,2
22,10,BBMUXW5,2,21044,1
22,10,BBMUXW5,3,21160,1
22,10,BBMUXW5,4,21045,128
22,10,BBMUXW5,5,21161,128
22,10,BBMUXW5,6,21045,64
22,10,BBMUXW5,7,21161,64
22,10,BBMUXW5,8,21045,32
22,10,BBMUXW6,0,21276,2
22,10,BBMUXW6,1,21392,2
22,10,BBMUXW6,2,21276,1
22,10,BBMUXW6,3,21392,1
22,10,BBMUXW6,4,21277,128
22,10,BBMUXW6,5,21393,128
22,10,BBMUXW6,6,21277,64
22,10,BBMUXW6,7,21393,64
22,10,BBMUXW6,8,21277,32
22,10,BBMUXW7,0,21508,2
22,10,BBMUXW7,1,21624,2
22,10,BBMUXW7,2,21508,1
22,10,BBMUXW7,3,21624,1
22,10,BBMUXW7,4,21509,128
22,10,BBMUXW7,5,21625,128
22,10,BBMUXW7,6,21509,64
22,10,BBMUXW7,7,21625,64
22,10,BBMUXW7,8,21509,32
22,10,BBMUXW8,0,21740,2
22,10,BBMUXW8,1,21856,2
22,10,BBMUXW8,2,21740,1
22,10,BBMUXW8,3,21856,1
22,10,BBMUXW8,4,21741,128
22,10,BBMUXW8,5,21857,128
22,10,BBMUXW8,6,21741,64
22,10,BBMUXW8,7,21857,64
22,10,BBMUXW8,8,21741,32
22,10,BBMUXW9,0,21972,2
22,10,BBMUXW9,1,22088,2
22,10,BBMUXW9,2,21972,1
22,10,BBMUXW9,3,22088,1
22,10,BBMUXW9,4,21973,128
22,10,BBMUXW9,5,22089,128
22,10,BBMUXW9,6,21973,64
22,10,BBMUXW9,7,22089,64
22,10,BBMUXW9,8,21973,32
22,10,InputMUX0,0,18492,1
22,10,InputMUX1,0,18608,1
22,10,InputMUX10,0,19652,1
22,10,InputMUX11,0,19768,1
22,10,InputMUX2,0,18724,1
22,10,InputMUX3,0,18840,1
22,10,InputMUX4,0,18956,1
22,10,InputMUX5,0,19072,1
22,10,InputMUX6,0,19188,1
22,10,InputMUX7,0,19304,1
22,10,InputMUX8,0,19420,1
22,10,InputMUX9,0,19536,1
22,10,SeamMUX0,0,19884,128
22,10,SeamMUX0,1,19884,64
22,10,SeamMUX0,2,19884,32
22,10,SeamMUX0,3,19884,16
22,10,SeamMUX0,4,19884,8
22,10,SeamMUX0,5,19884,4
22,10,SeamMUX1,0,20116,128
22,10,SeamMUX1,1,20116,64
22,10,SeamMUX1,2,20116,32
22,10,SeamMUX1,3,20116,16
22,10,SeamMUX1,4,20116,8
22,10,SeamMUX1,5,20116,4
22,10,SeamMUX10,0,22668,128
22,10,SeamMUX10,1,22668,64
22,10,SeamMUX10,2,22668,32
22,10,SeamMUX10,3,22668,16
22,10,SeamMUX10,4,22668,8
22,10,SeamMUX10,5,22668,4
22,10,SeamMUX11,0,22900,128
22,10,SeamMUX11,1,22900,64
22,10,SeamMUX11,2,22900,32
22,10,SeamMUX11,3,22900,16
22,10,SeamMUX11,4,22900,8
22,10,SeamMUX11,5,22900,4
22,10,SeamMUX12,0,23132,128
22,10,SeamMUX12,1,23132,64
22,10,SeamMUX12,2,23132,32
22,10,SeamMUX12,3,23132,16
22,10,SeamMUX12,4,23132,8
22,10,SeamMUX12,5,23132,4
22,10,SeamMUX13,0,23712,128
22,10,SeamMUX13,1,23712,64
22,10,SeamMUX13,2,23712,32
22,10,SeamMUX13,3,23712,16
22,10,SeamMUX13,4,23712,8
22,10,SeamMUX13,5,23712,4
22,10,SeamMUX14,0,23828,128
22,10,SeamMUX14,1,23828,64
22,10,SeamMUX14,2,23828,32
22,10,SeamMUX14,3,23828,16
22,10,SeamMUX14,4,23828,8
22,10,SeamMUX14,5,23828,4
22,10,SeamMUX15,0,24408,128
22,10,SeamMUX15,1,24408,64
22,10,SeamMUX15,2,24408,32
22,10,SeamMUX15,3,24408,16
22,10,SeamMUX15,4,24408,8
22,10,SeamMUX15,5,24408,4
22,10,SeamMUX16,0,24524,128
22,10,SeamMUX16,1,24524,64
22,10,SeamMUX16,2,24524,32
22,10,SeamMUX16,3,24524,16
22,10,SeamMUX16,4,24524,8
22,10,SeamMUX16,5,24524,4
22,10,SeamMUX17,0,25104,128
22,10,SeamMUX17,1,25104,64
22,10,SeamMUX17,2,25104,32
22,10,SeamMUX17,3,25104,16
22,10,SeamMUX17,4,25104,8
22,10,SeamMUX17,5,25104,4
22,10,SeamMUX18,0,25220,128
22,10,SeamMUX18,1,25220,64
22,10,SeamMUX18,2,25220,32
22,10,SeamMUX18,3,25220,16
22,10,SeamMUX18,4,25220,8
22,10,SeamMUX18,5,25220,4
22,10,SeamMUX19,0,25800,128
22,10,SeamMUX19,1,25800,64
22,10,SeamMUX19,2,25800,32
22,10,SeamMUX19,3,25800,16
22,10,SeamMUX19,4,25800,8
22,10,SeamMUX19,5,25800,4
22,10,SeamMUX2,0,20348,128
22,10,SeamMUX2,1,20348,64
22,10,SeamMUX2,2,20348,32
22,10,SeamMUX2,3,20348,16
22,10,SeamMUX2,4,20348,8
22,10,SeamMUX2,5,20348,4
22,10,SeamMUX3,0,20580,128
22,10,SeamMUX3,1,20580,64
22,10,SeamMUX3,2,20580,32
22,10,SeamMUX3,3,20580,16
22,10,SeamMUX3,4,20580,8
22,10,SeamMUX3,5,20580,4
22,10,SeamMUX4,0,20812,128
22,10,SeamMUX4,1,20812,64
22,10,SeamMUX4,2,20812,32
22,10,SeamMUX4,3,20812,16
22,10,SeamMUX4,4,20812,8
22,10,SeamMUX4,5,20812,4
22,10,SeamMUX5,0,21044,128
22,10,SeamMUX5,1,21044,64
22,10,SeamMUX5,2,21044,32
22,10,SeamMUX5,3,21044,16
22,10,SeamMUX5,4,21044,8
22,10,SeamMUX5,5,21044,4
22,10,SeamMUX6,0,21276,128
22,10,SeamMUX6,1,21276,64
22,10,SeamMUX6,2,21276,32
22,10,SeamMUX6,3,21276,16
22,10,SeamMUX6,4,21276,8
22,10,SeamMUX6,5,21276,4
22,10,SeamMUX7,0,21508,128
22,10,SeamMUX7,1,21508,64
22,10,SeamMUX7,2,21508,32
22,10,SeamMUX7,3,21508,16
22,10,SeamMUX7,4,21508,8
22,10,SeamMUX7,5,21508,4
22,10,SeamMUX8,0,21740,128
22,10,SeamMUX8,1,21740,64
22,10,SeamMUX8,2,21740,32
22,10,SeamMUX8,3,21740,16
22,10,SeamMUX8,4,21740,8
22,10,SeamMUX8,5,21740,4
22,10,SeamMUX9,0,21972,128
22,10,SeamMUX9,1,21972,64
22,10,SeamMUX9,2,21972,32
22,10,SeamMUX9,3,21972,16
22,10,SeamMUX9,4,21972,8
22,10,SeamMUX9,5,21972,4
22,11,BBMUXE0,0,15476,2
22,11,BBMUXE0,1,15244,2
22,11,BBMUXE0,2,15476,1
22,11,BBMUXE0,3,15244,1
22,11,BBMUXE0,4,15477,32
22,11,BBMUXE0,5,15477,128
22,11,BBMUXE0,6,15245,128
22,11,BBMUXE0,7,15245,64
22,11,BBMUXE0,8,15477,64
22,11,BBMUXE0,9,15245,32
22,11,BBMUXE1,0,15592,2
22,11,BBMUXE1,1,15824,2
22,11,BBMUXE1,2,15592,1
22,11,BBMUXE1,3,15824,1
22,11,BBMUXE1,4,15593,32
22,11,BBMUXE1,5,15593,128
22,11,BBMUXE1,6,15825,128
22,11,BBMUXE1,7,15825,64
22,11,BBMUXE1,8,15593,64
22,11,BBMUXE1,9,15825,32
22,11,BBMUXE2,0,16172,2
22,11,BBMUXE2,1,15940,2
22,11,BBMUXE2,2,16172,1
22,11,BBMUXE2,3,15940,1
22,11,BBMUXE2,4,16173,32
22,11,BBMUXE2,5,16173,128
22,11,BBMUXE2,6,15941,128
22,11,BBMUXE2,7,15941,64
22,11,BBMUXE2,8,16173,64
22,11,BBMUXE2,9,15941,32
22,11,BBMUXE3,0,16288,2
22,11,BBMUXE3,1,16520,2
22,11,BBMUXE3,2,16288,1
22,11,BBMUXE3,3,16520,1
22,11,BBMUXE3,4,16289,32
22,11,BBMUXE3,5,16289,128
22,11,BBMUXE3,6,16521,128
22,11,BBMUXE3,7,16521,64
22,11,BBMUXE3,8,16289,64
22,11,BBMUXE3,9,16521,32
22,11,BBMUXE4,0,16868,2
22,11,BBMUXE4,1,16636,2
22,11,BBMUXE4,2,16868,1
22,11,BBMUXE4,3,16636,1
22,11,BBMUXE4,4,16869,32
22,11,BBMUXE4,5,16869,128
22,11,BBMUXE4,6,16637,128
22,11,BBMUXE4,7,16637,64
22,11,BBMUXE4,8,16869,64
22,11,BBMUXE4,9,16637,32
22,11,BBMUXE5,0,16984,2
22,11,BBMUXE5,1,17216,2
22,11,BBMUXE5,2,16984,1
22,11,BBMUXE5,3,17216,1
22,11,BBMUXE5,4,16985,32
22,11,BBMUXE5,5,16985,128
22,11,BBMUXE5,6,17217,128
22,11,BBMUXE5,7,17217,64
22,11,BBMUXE5,8,16985,64
22,11,BBMUXE5,9,17217,32
22,11,BBMUXE6,0,17564,2
22,11,BBMUXE6,1,17332,2
22,11,BBMUXE6,2,17564,1
22,11,BBMUXE6,3,17332,1
22,11,BBMUXE6,4,17565,32
22,11,BBMUXE6,5,17565,128
22,11,BBMUXE6,6,17333,128
22,11,BBMUXE6,7,17333,64
22,11,BBMUXE6,8,17565,64
22,11,BBMUXE6,9,17333,32
22,11,BBMUXE7,0,17680,2
22,11,BBMUXE7,1,17912,2
22,11,BBMUXE7,2,17680,1
22,11,BBMUXE7,3,17912,1
22,11,BBMUXE7,4,17681,32
22,11,BBMUXE7,5,17681,128
22,11,BBMUXE7,6,17913,128
22,11,BBMUXE7,7,17913,64
22,11,BBMUXE7,8,17681,64
22,11,BBMUXE7,9,17913,32
22,11,BBMUXW0,0,11996,2
22,11,BBMUXW0,1,12112,2
22,11,BBMUXW0,2,11996,1
22,11,BBMUXW0,3,12112,1
22,11,BBMUXW0,4,11997,128
22,11,BBMUXW0,5,12113,128
22,11,BBMUXW0,6,11997,64
22,11,BBMUXW0,7,12113,64
22,11,BBMUXW0,8,11997,32
22,11,BBMUXW1,0,12228,2
22,11,BBMUXW1,1,12344,2
22,11,BBMUXW1,2,12228,1
22,11,BBMUXW1,3,12344,1
22,11,BBMUXW1,4,12229,128
22,11,BBMUXW1,5,12345,128
22,11,BBMUXW1,6,12229,64
22,11,BBMUXW1,7,12345,64
22,11,BBMUXW1,8,12229,32
22,11,BBMUXW10,0,14780,2
22,11,BBMUXW10,1,14896,2
22,11,BBMUXW10,2,14780,1
22,11,BBMUXW10,3,14896,1
22,11,BBMUXW10,4,14781,128
22,11,BBMUXW10,5,14897,128
22,11,BBMUXW10,6,14781,64
22,11,BBMUXW10,7,14897,64
22,11,BBMUXW10,8,14781,32
22,11,BBMUXW11,0,15012,2
22,11,BBMUXW11,1,15128,2
22,11,BBMUXW11,2,15012,1
22,11,BBMUXW11,3,15128,1
22,11,BBMUXW11,4,15013,128
22,11,BBMUXW11,5,15129,128
22,11,BBMUXW11,6,15013,64
22,11,BBMUXW11,7,15129,64
22,11,BBMUXW11,8,15013,32
22,11,BBMUXW2,0,12460,2
22,11,BBMUXW2,1,12576,2
22,11,BBMUXW2,2,12460,1
22,11,BBMUXW2,3,12576,1
22,11,BBMUXW2,4,12461,128
22,11,BBMUXW2,5,12577,128
22,11,BBMUXW2,6,12461,64
22,11,BBMUXW2,7,12577,64
22,11,BBMUXW2,8,12461,32
22,11,BBMUXW3,0,12692,2
22,11,BBMUXW3,1,12808,2
22,11,BBMUXW3,2,12692,1
22,11,BBMUXW3,3,12808,1
22,11,BBMUXW3,4,12693,128
22,11,BBMUXW3,5,12809,128
22,11,BBMUXW3,6,12693,64
22,11,BBMUXW3,7,12809,64
22,11,BBMUXW3,8,12693,32
22,11,BBMUXW4,0,12924,2
22,11,BBMUXW4,1,13040,2
22,11,BBMUXW4,2,12924,1
22,11,BBMUXW4,3,13040,1
22,11,BBMUXW4,4,12925,128
22,11,BBMUXW4,5,13041,128
22,11,BBMUXW4,6,12925,64
22,11,BBMUXW4,7,13041,64
22,11,BBMUXW4,8,12925,32
22,11,BBMUXW5,0,13156,2
22,11,BBMUXW5,1,13272,2
22,11,BBMUXW5,2,13156,1
22,11,BBMUXW5,3,13272,1
22,11,BBMUXW5,4,13157,128
22,11,BBMUXW5,5,13273,128
22,11,BBMUXW5,6,13157,64
22,11,BBMUXW5,7,13273,64
22,11,BBMUXW5,8,13157,32
22,11,BBMUXW6,0,13388,2
22,11,BBMUXW6,1,13504,2
22,11,BBMUXW6,2,13388,1
22,11,BBMUXW6,3,13504,1
22,11,BBMUXW6,4,13389,128
22,11,BBMUXW6,5,13505,128
22,11,BBMUXW6,6,13389,64
22,11,BBMUXW6,7,13505,64
22,11,BBMUXW6,8,13389,32
22,11,BBMUXW7,0,13620,2
22,11,BBMUXW7,1,13736,2
22,11,BBMUXW7,2,13620,1
22,11,BBMUXW7,3,13736,1
22,11,BBMUXW7,4,13621,128
22,11,BBMUXW7,5,13737,128
22,11,BBMUXW7,6,13621,64
22,11,BBMUXW7,7,13737,64
22,11,BBMUXW7,8,13621,32
22,11,BBMUXW8,0,13852,2
22,11,BBMUXW8,1,13968,2
22,11,BBMUXW8,2,13852,1
22,11,BBMUXW8,3,13968,1
22,11,BBMUXW8,4,13853,128
22,11,BBMUXW8,5,13969,128
22,11,BBMUXW8,6,13853,64
22,11,BBMUXW8,7,13969,64
22,11,BBMUXW8,8,13853,32
22,11,BBMUXW9,0,14084,2
22,11,BBMUXW9,1,14200,2
22,11,BBMUXW9,2,14084,1
22,11,BBMUXW9,3,14200,1
22,11,BBMUXW9,4,14085,128
22,11,BBMUXW9,5,14201,128
22,11,BBMUXW9,6,14085,64
22,11,BBMUXW9,7,14201,64
22,11,BBMUXW9,8,14085,32
22,11,InputMUX0,0,10604,1
22,11,InputMUX1,0,10720,1
22,11,InputMUX10,0,11764,1
22,11,InputMUX11,0,11880,1
22,11,InputMUX2,0,10836,1
22,11,InputMUX3,0,10952,1
22,11,InputMUX4,0,11068,1
22,11,InputMUX5,0,11184,1
22,11,InputMUX6,0,11300,1
22,11,InputMUX7,0,11416,1
22,11,InputMUX8,0,11532,1
22,11,InputMUX9,0,11648,1
22,11,SeamMUX0,0,11996,128
22,11,SeamMUX0,1,11996,64
22,11,SeamMUX0,2,11996,32
22,11,SeamMUX0,3,11996,16
22,11,SeamMUX0,4,11996,8
22,11,SeamMUX0,5,11996,4
22,11,SeamMUX1,0,12228,128
22,11,SeamMUX1,1,12228,64
22,11,SeamMUX1,2,12228,32
22,11,SeamMUX1,3,12228,16
22,11,SeamMUX1,4,12228,8
22,11,SeamMUX1,5,12228,4
22,11,SeamMUX10,0,14780,128
22,11,SeamMUX10,1,14780,64
22,11,SeamMUX10,2,14780,32
22,11,SeamMUX10,3,14780,16
22,11,SeamMUX10,4,14780,8
22,11,SeamMUX10,5,14780,4
22,11,SeamMUX11,0,15012,128
22,11,SeamMUX11,1,15012,64
22,11,SeamMUX11,2,15012,32
22,11,SeamMUX11,3,15012,16
22,11,SeamMUX11,4,15012,8
22,11,SeamMUX11,5,15012,4
22,11,SeamMUX12,0,15244,128
22,11,SeamMUX12,1,15244,64
22,11,SeamMUX12,2,15244,32
22,11,SeamMUX12,3,15244,16
22,11,SeamMUX12,4,15244,8
22,11,SeamMUX12,5,15244,4
22,11,SeamMUX13,0,15824,128
22,11,SeamMUX13,1,15824,64
22,11,SeamMUX13,2,15824,32
22,11,SeamMUX13,3,15824,16
22,11,SeamMUX13,4,15824,8
22,11,SeamMUX13,5,15824,4
22,11,SeamMUX14,0,15940,128
22,11,SeamMUX14,1,15940,64
22,11,SeamMUX14,2,15940,32
22,11,SeamMUX14,3,15940,16
22,11,SeamMUX14,4,15940,8
22,11,SeamMUX14,5,15940,4
22,11,SeamMUX15,0,16520,128
22,11,SeamMUX15,1,16520,64
22,11,SeamMUX15,2,16520,32
22,11,SeamMUX15,3,16520,16
22,11,SeamMUX15,4,16520,8
22,11,SeamMUX15,5,16520,4
22,11,SeamMUX16,0,16636,128
22,11,SeamMUX16,1,16636,64
22,11,SeamMUX16,2,16636,32
22,11,SeamMUX16,3,16636,16
22,11,SeamMUX16,4,16636,8
22,11,SeamMUX16,5,16636,4
22,11,SeamMUX17,0,17216,128
22,11,SeamMUX17,1,17216,64
22,11,SeamMUX17,2,17216,32
22,11,SeamMUX17,3,17216,16
22,11,SeamMUX17,4,17216,8
22,11,SeamMUX17,5,17216,4
22,11,SeamMUX18,0,17332,128
22,11,SeamMUX18,1,17332,64
22,11,SeamMUX18,2,17332,32
22,11,SeamMUX18,3,17332,16
22,11,SeamMUX18,4,17332,8
22,11,SeamMUX18,5,17332,4
22,11,SeamMUX19,0,17912,128
22,11,SeamMUX19,1,17912,64
22,11,SeamMUX19,2,17912,32
22,11,SeamMUX19,3,17912,16
22,11,SeamMUX19,4,17912,8
22,11,SeamMUX19,5,17912,4
22,11,SeamMUX2,0,12460,128
22,11,SeamMUX2,1,12460,64
22,11,SeamMUX2,2,12460,32
22,11,SeamMUX2,3,12460,16
22,11,SeamMUX2,4,12460,8
22,11,SeamMUX2,5,12460,4
22,11,SeamMUX3,0,12692,128
22,11,SeamMUX3,1,12692,64
22,11,SeamMUX3,2,12692,32
22,11,SeamMUX3,3,12692,16
22,11,SeamMUX3,4,12692,8
22,11,SeamMUX3,5,12692,4
22,11,SeamMUX4,0,12924,128
22,11,SeamMUX4,1,12924,64
22,11,SeamMUX4,2,12924,32
22,11,SeamMUX4,3,12924,16
22,11,SeamMUX4,4,12924,8
22,11,SeamMUX4,5,12924,4
22,11,SeamMUX5,0,13156,128
22,11,SeamMUX5,1,13156,64
22,11,SeamMUX5,2,13156,32
22,11,SeamMUX5,3,13156,16
22,11,SeamMUX5,4,13156,8
22,11,SeamMUX5,5,13156,4
22,11,SeamMUX6,0,13388,128
22,11,SeamMUX6,1,13388,64
22,11,SeamMUX6,2,13388,32
22,11,SeamMUX6,3,13388,16
22,11,SeamMUX6,4,13388,8
22,11,SeamMUX6,5,13388,4
22,11,SeamMUX7,0,13620,128
22,11,SeamMUX7,1,13620,64
22,11,SeamMUX7,2,13620,32
22,11,SeamMUX7,3,13620,16
22,11,SeamMUX7,4,13620,8
22,11,SeamMUX7,5,13620,4
22,11,SeamMUX8,0,13852,128
22,11,SeamMUX8,1,13852,64
22,11,SeamMUX8,2,13852,32
22,11,SeamMUX8,3,13852,16
22,11,SeamMUX8,4,13852,8
22,11,SeamMUX8,5,13852,4
22,11,SeamMUX9,0,14084,128
22,11,SeamMUX9,1,14084,64
22,11,SeamMUX9,2,14084,32
22,11,SeamMUX9,3,14084,16
22,11,SeamMUX9,4,14084,8
22,11,SeamMUX9,5,14084,4
22,12,BBMUXE0,0,7588,2
22,12,BBMUXE0,1,7356,2
22,12,BBMUXE0,2,7588,1
22,12,BBMUXE0,3,7356,1
22,12,BBMUXE0,4,7589,32
22,12,BBMUXE0,5,7589,128
22,12,BBMUXE0,6,7357,128
22,12,BBMUXE0,7,7357,64
22,12,BBMUXE0,8,7589,64
22,12,BBMUXE0,9,7357,32
22,12,BBMUXE1,0,7704,2
22,12,BBMUXE1,1,7936,2
22,12,BBMUXE1,2,7704,1
22,12,BBMUXE1,3,7936,1
22,12,BBMUXE1,4,7705,32
22,12,BBMUXE1,5,7705,128
22,12,BBMUXE1,6,7937,128
22,12,BBMUXE1,7,7937,64
22,12,BBMUXE1,8,7705,64
22,12,BBMUXE1,9,7937,32
22,12,BBMUXE2,0,8284,2
22,12,BBMUXE2,1,8052,2
22,12,BBMUXE2,2,8284,1
22,12,BBMUXE2,3,8052,1
22,12,BBMUXE2,4,8285,32
22,12,BBMUXE2,5,8285,128
22,12,BBMUXE2,6,8053,128
22,12,BBMUXE2,7,8053,64
22,12,BBMUXE2,8,8285,64
22,12,BBMUXE2,9,8053,32
22,12,BBMUXE3,0,8400,2
22,12,BBMUXE3,1,8632,2
22,12,BBMUXE3,2,8400,1
22,12,BBMUXE3,3,8632,1
22,12,BBMUXE3,4,8401,32
22,12,BBMUXE3,5,8401,128
22,12,BBMUXE3,6,8633,128
22,12,BBMUXE3,7,8633,64
22,12,BBMUXE3,8,8401,64
22,12,BBMUXE3,9,8633,32
22,12,BBMUXE4,0,8980,2
22,12,BBMUXE4,1,8748,2
22,12,BBMUXE4,2,8980,1
22,12,BBMUXE4,3,8748,1
22,12,BBMUXE4,4,8981,32
22,12,BBMUXE4,5,8981,128
22,12,BBMUXE4,6,8749,128
22,12,BBMUXE4,7,8749,64
22,12,BBMUXE4,8,8981,64
22,12,BBMUXE4,9,8749,32
22,12,BBMUXE5,0,9096,2
22,12,BBMUXE5,1,9328,2
22,12,BBMUXE5,2,9096,1
22,12,BBMUXE5,3,9328,1
22,12,BBMUXE5,4,9097,32
22,12,BBMUXE5,5,9097,128
22,12,BBMUXE5,6,9329,128
22,12,BBMUXE5,7,9329,64
22,12,BBMUXE5,8,9097,64
22,12,BBMUXE5,9,9329,32
22,12,BBMUXE6,0,9676,2
22,12,BBMUXE6,1,9444,2
22,12,BBMUXE6,2,9676,1
22,12,BBMUXE6,3,9444,1
22,12,BBMUXE6,4,9677,32
22,12,BBMUXE6,5,9677,128
22,12,BBMUXE6,6,9445,128
22,12,BBMUXE6,7,9445,64
22,12,BBMUXE6,8,9677,64
22,12,BBMUXE6,9,9445,32
22,12,BBMUXE7,0,9792,2
22,12,BBMUXE7,1,10024,2
22,12,BBMUXE7,2,9792,1
22,12,BBMUXE7,3,10024,1
22,12,BBMUXE7,4,9793,32
22,12,BBMUXE7,5,9793,128
22,12,BBMUXE7,6,10025,128
22,12,BBMUXE7,7,10025,64
22,12,BBMUXE7,8,9793,64
22,12,BBMUXE7,9,10025,32
22,12,BBMUXW0,0,4108,2
22,12,BBMUXW0,1,4224,2
22,12,BBMUXW0,2,4108,1
22,12,BBMUXW0,3,4224,1
22,12,BBMUXW0,4,4109,128
22,12,BBMUXW0,5,4225,128
22,12,BBMUXW0,6,4109,64
22,12,BBMUXW0,7,4225,64
22,12,BBMUXW0,8,4109,32
22,12,BBMUXW1,0,4340,2
22,12,BBMUXW1,1,4456,2
22,12,BBMUXW1,2,4340,1
22,12,BBMUXW1,3,4456,1
22,12,BBMUXW1,4,4341,128
22,12,BBMUXW1,5,4457,128
22,12,BBMUXW1,6,4341,64
22,12,BBMUXW1,7,4457,64
22,12,BBMUXW1,8,4341,32
22,12,BBMUXW10,0,6892,2
22,12,BBMUXW10,1,7008,2
22,12,BBMUXW10,2,6892,1
22,12,BBMUXW10,3,7008,1
22,12,BBMUXW10,4,6893,128
22,12,BBMUXW10,5,7009,128
22,12,BBMUXW10,6,6893,64
22,12,BBMUXW10,7,7009,64
22,12,BBMUXW10,8,6893,32
22,12,BBMUXW11,0,7124,2
22,12,BBMUXW11,1,7240,2
22,12,BBMUXW11,2,7124,1
22,12,BBMUXW11,3,7240,1
22,12,BBMUXW11,4,7125,128
22,12,BBMUXW11,5,7241,128
22,12,BBMUXW11,6,7125,64
22,12,BBMUXW11,7,7241,64
22,12,BBMUXW11,8,7125,32
22,12,BBMUXW2,0,4572,2
22,12,BBMUXW2,1,4688,2
22,12,BBMUXW2,2,4572,1
22,12,BBMUXW2,3,4688,1
22,12,BBMUXW2,4,4573,128
22,12,BBMUXW2,5,4689,128
22,12,BBMUXW2,6,4573,64
22,12,BBMUXW2,7,4689,64
22,12,BBMUXW2,8,4573,32
22,12,BBMUXW3,0,4804,2
22,12,BBMUXW3,1,4920,2
22,12,BBMUXW3,2,4804,1
22,12,BBMUXW3,3,4920,1
22,12,BBMUXW3,4,4805,128
22,12,BBMUXW3,5,4921,128
22,12,BBMUXW3,6,4805,64
22,12,BBMUXW3,7,4921,64
22,12,BBMUXW3,8,4805,32
22,12,BBMUXW4,0,5036,2
22,12,BBMUXW4,1,5152,2
22,12,BBMUXW4,2,5036,1
22,12,BBMUXW4,3,5152,1
22,12,BBMUXW4,4,5037,128
22,12,BBMUXW4,5,5153,128
22,12,BBMUXW4,6,5037,64
22,12,BBMUXW4,7,5153,64
22,12,BBMUXW4,8,5037,32
22,12,BBMUXW5,0,5268,2
22,12,BBMUXW5,1,5384,2
22,12,BBMUXW5,2,5268,1
22,12,BBMUXW5,3,5384,1
22,12,BBMUXW5,4,5269,128
22,12,BBMUXW5,5,5385,128
22,12,BBMUXW5,6,5269,64
22,12,BBMUXW5,7,5385,64
22,12,BBMUXW5,8,5269,32
22,12,BBMUXW6,0,5500,2
22,12,BBMUXW6,1,5616,2
22,12,BBMUXW6,2,5500,1
22,12,BBMUXW6,3,5616,1
22,12,BBMUXW6,4,5501,128
22,12,BBMUXW6,5,5617,128
22,12,BBMUXW6,6,5501,64
22,12,BBMUXW6,7,5617,64
22,12,BBMUXW6,8,5501,32
22,12,BBMUXW7,0,5732,2
22,12,BBMUXW7,1,5848,2
22,12,BBMUXW7,2,5732,1
22,12,BBMUXW7,3,5848,1
22,12,BBMUXW7,4,5733,128
22,12,BBMUXW7,5,5849,128
22,12,BBMUXW7,6,5733,64
22,12,BBMUXW7,7,5849,64
22,12,BBMUXW7,8,5733,32
22,12,BBMUXW8,0,5964,2
22,12,BBMUXW8,1,6080,2
22,12,BBMUXW8,2,5964,1
22,12,BBMUXW8,3,6080,1
22,12,BBMUXW8,4,5965,128
22,12,BBMUXW8,5,6081,128
22,12,BBMUXW8,6,5965,64
22,12,BBMUXW8,7,6081,64
22,12,BBMUXW8,8,5965,32
22,12,BBMUXW9,0,6196,2
22,12,BBMUXW9,1,6312,2
22,12,BBMUXW9,2,6196,1
22,12,BBMUXW9,3,6312,1
22,12,BBMUXW9,4,6197,128
22,12,BBMUXW9,5,6313,128
22,12,BBMUXW9,6,6197,64
22,12,BBMUXW9,7,6313,64
22,12,BBMUXW9,8,6197,32
22,12,InputMUX0,0,2716,1
22,12,InputMUX1,0,2832,1
22,12,InputMUX10,0,3876,1
22,12,InputMUX11,0,3992,1
22,12,InputMUX2,0,2948,1
22,12,InputMUX3,0,3064,1
22,12,InputMUX4,0,3180,1
22,12,InputMUX5,0,3296,1
22,12,InputMUX6,0,3412,1
22,12,InputMUX7,0,3528,1
22,12,InputMUX8,0,3644,1
22,12,InputMUX9,0,3760,1
22,12,SeamMUX0,0,4108,128
22,12,SeamMUX0,1,4108,64
22,12,SeamMUX0,2,4108,32
22,12,SeamMUX0,3,4108,16
22,12,SeamMUX0,4,4108,8
22,12,SeamMUX0,5,4108,4
22,12,SeamMUX1,0,4340,128
22,12,SeamMUX1,1,4340,64
22,12,SeamMUX1,2,4340,32
22,12,SeamMUX1,3,4340,16
22,12,SeamMUX1,4,4340,8
22,12,SeamMUX1,5,4340,4
22,12,SeamMUX10,0,6892,128
22,12,SeamMUX10,1,6892,64
22,12,SeamMUX10,2,6892,32
22,12,SeamMUX10,3,6892,16
22,12,SeamMUX10,4,6892,8
22,12,SeamMUX10,5,6892,4
22,12,SeamMUX11,0,7124,128
22,12,SeamMUX11,1,7124,64
22,12,SeamMUX11,2,7124,32
22,12,SeamMUX11,3,7124,16
22,12,SeamMUX11,4,7124,8
22,12,SeamMUX11,5,7124,4
22,12,SeamMUX12,0,7356,128
22,12,SeamMUX12,1,7356,64
22,12,SeamMUX12,2,7356,32
22,12,SeamMUX12,3,7356,16
22,12,SeamMUX12,4,7356,8
22,12,SeamMUX12,5,7356,4
22,12,SeamMUX13,0,7936,128
22,12,SeamMUX13,1,7936,64
22,12,SeamMUX13,2,7936,32
22,12,SeamMUX13,3,7936,16
22,12,SeamMUX13,4,7936,8
22,12,SeamMUX13,5,7936,4
22,12,SeamMUX14,0,8052,128
22,12,SeamMUX14,1,8052,64
22,12,SeamMUX14,2,8052,32
22,12,SeamMUX14,3,8052,16
22,12,SeamMUX14,4,8052,8
22,12,SeamMUX14,5,8052,4
22,12,SeamMUX15,0,8632,128
22,12,SeamMUX15,1,8632,64
22,12,SeamMUX15,2,8632,32
22,12,SeamMUX15,3,8632,16
22,12,SeamMUX15,4,8632,8
22,12,SeamMUX15,5,8632,4
22,12,SeamMUX16,0,8748,128
22,12,SeamMUX16,1,8748,64
22,12,SeamMUX16,2,8748,32
22,12,SeamMUX16,3,8748,16
22,12,SeamMUX16,4,8748,8
22,12,SeamMUX16,5,8748,4
22,12,SeamMUX17,0,9328,128
22,12,SeamMUX17,1,9328,64
22,12,SeamMUX17,2,9328,32
22,12,SeamMUX17,3,9328,16
22,12,SeamMUX17,4,9328,8
22,12,SeamMUX17,5,9328,4
22,12,SeamMUX18,0,9444,128
22,12,SeamMUX18,1,9444,64
22,12,SeamMUX18,2,9444,32
22,12,SeamMUX18,3,9444,16
22,12,SeamMUX18,4,9444,8
22,12,SeamMUX18,5,9444,4
22,12,SeamMUX19,0,10024,128
22,12,SeamMUX19,1,10024,64
22,12,SeamMUX19,2,10024,32
22,12,SeamMUX19,3,10024,16
22,12,SeamMUX19,4,10024,8
22,12,SeamMUX19,5,10024,4
22,12,SeamMUX2,0,4572,128
22,12,SeamMUX2,1,4572,64
22,12,SeamMUX2,2,4572,32
22,12,SeamMUX2,3,4572,16
22,12,SeamMUX2,4,4572,8
22,12,SeamMUX2,5,4572,4
22,12,SeamMUX3,0,4804,128
22,12,SeamMUX3,1,4804,64
22,12,SeamMUX3,2,4804,32
22,12,SeamMUX3,3,4804,16
22,12,SeamMUX3,4,4804,8
22,12,SeamMUX3,5,4804,4
22,12,SeamMUX4,0,5036,128
22,12,SeamMUX4,1,5036,64
22,12,SeamMUX4,2,5036,32
22,12,SeamMUX4,3,5036,16
22,12,SeamMUX4,4,5036,8
22,12,SeamMUX4,5,5036,4
22,12,SeamMUX5,0,5268,128
22,12,SeamMUX5,1,5268,64
22,12,SeamMUX5,2,5268,32
22,12,SeamMUX5,3,5268,16
22,12,SeamMUX5,4,5268,8
22,12,SeamMUX5,5,5268,4
22,12,SeamMUX6,0,5500,128
22,12,SeamMUX6,1,5500,64
22,12,SeamMUX6,2,5500,32
22,12,SeamMUX6,3,5500,16
22,12,SeamMUX6,4,5500,8
22,12,SeamMUX6,5,5500,4
22,12,SeamMUX7,0,5732,128
22,12,SeamMUX7,1,5732,64
22,12,SeamMUX7,2,5732,32
22,12,SeamMUX7,3,5732,16
22,12,SeamMUX7,4,5732,8
22,12,SeamMUX7,5,5732,4
22,12,SeamMUX8,0,5964,128
22,12,SeamMUX8,1,5964,64
22,12,SeamMUX8,2,5964,32
22,12,SeamMUX8,3,5964,16
22,12,SeamMUX8,4,5964,8
22,12,SeamMUX8,5,5964,4
22,12,SeamMUX9,0,6196,128
22,12,SeamMUX9,1,6196,64
22,12,SeamMUX9,2,6196,32
22,12,SeamMUX9,3,6196,16
22,12,SeamMUX9,4,6196,8
22,12,SeamMUX9,5,6196,4
