x,y,mux,sel,byte,mask,kind,tile
0,1,CFG_INDA_DELAY,0,90294,2,delay,IOTILE
0,1,CFG_INDA_DELAY,1,90294,1,delay,IOTILE
0,1,CFG_INDA_DELAY,2,90410,2,delay,IOTILE
0,1,CFG_INDA_DELAY,3,91454,2,delay,IOTILE
0,1,CFG_INDA_DELAY,4,91454,1,delay,IOTILE
0,1,CFG_INDA_DELAY,5,91570,2,delay,IOTILE
0,1,CFG_INDA_DELAY,6,92614,2,delay,IOTILE
0,1,CFG_INDA_DELAY,7,92614,1,delay,IOTILE
0,1,CFG_INDA_DELAY,8,92730,2,delay,IOTILE
0,1,CFG_INDA_DELAY,9,94702,2,delay,IOTILE
0,1,CFG_INDA_DELAY,10,94702,1,delay,IOTILE
0,1,CFG_INDA_DELAY,11,94818,2,delay,IOTILE
0,1,CFG_INDA_DELAY,12,95862,2,delay,IOTILE
0,1,CFG_INDA_DELAY,13,95862,1,delay,IOTILE
0,1,CFG_INDA_DELAY,14,95978,2,delay,IOTILE
0,1,CFG_INDA_DELAY,15,97022,2,delay,IOTILE
0,1,CFG_INDA_DELAY,16,97022,1,delay,IOTILE
0,1,CFG_INDA_DELAY,17,97138,2,delay,IOTILE
0,1,CFG_INPUTMUX0,0,89598,8,mux,IOTILE
0,1,CFG_INPUTMUX0,1,89830,8,mux,IOTILE
0,1,CFG_INPUTMUX1,0,90758,8,mux,IOTILE
0,1,CFG_INPUTMUX1,1,90990,8,mux,IOTILE
0,1,CFG_INPUTMUX2,0,91686,8,mux,IOTILE
0,1,CFG_INPUTMUX2,1,91918,8,mux,IOTILE
0,1,CFG_INPUTMUX3,0,94702,8,mux,IOTILE
0,1,CFG_INPUTMUX3,1,94934,8,mux,IOTILE
0,1,CFG_INPUTMUX4,0,95166,8,mux,IOTILE
0,1,CFG_INPUTMUX4,1,95398,8,mux,IOTILE
0,1,CFG_INPUTMUX5,0,96326,8,mux,IOTILE
0,1,CFG_INPUTMUX5,1,96558,8,mux,IOTILE
0,1,CFG_INREG_DELAY,0,90410,1,delay,IOTILE
0,1,CFG_INREG_DELAY,1,90526,1,delay,IOTILE
0,1,CFG_INREG_DELAY,2,90526,2,delay,IOTILE
0,1,CFG_INREG_DELAY,3,91570,1,delay,IOTILE
0,1,CFG_INREG_DELAY,4,91686,1,delay,IOTILE
0,1,CFG_INREG_DELAY,5,91686,2,delay,IOTILE
0,1,CFG_INREG_DELAY,6,92730,1,delay,IOTILE
0,1,CFG_INREG_DELAY,7,92846,1,delay,IOTILE
0,1,CFG_INREG_DELAY,8,92846,2,delay,IOTILE
0,1,CFG_INREG_DELAY,9,94818,1,delay,IOTILE
0,1,CFG_INREG_DELAY,10,94934,1,delay,IOTILE
0,1,CFG_INREG_DELAY,11,94934,2,delay,IOTILE
0,1,CFG_INREG_DELAY,12,95978,1,delay,IOTILE
0,1,CFG_INREG_DELAY,13,96094,1,delay,IOTILE
0,1,CFG_INREG_DELAY,14,96094,2,delay,IOTILE
0,1,CFG_INREG_DELAY,15,97138,1,delay,IOTILE
0,1,CFG_INREG_DELAY,16,97254,1,delay,IOTILE
0,1,CFG_INREG_DELAY,17,97254,2,delay,IOTILE
0,1,CFG_IN_ASYNC_MODE,0,89598,1,ioreg,IOTILE
0,1,CFG_IN_ASYNC_MODE,1,90758,1,ioreg,IOTILE
0,1,CFG_IN_ASYNC_MODE,2,91918,1,ioreg,IOTILE
0,1,CFG_IN_ASYNC_MODE,3,94006,1,ioreg,IOTILE
0,1,CFG_IN_ASYNC_MODE,4,95166,1,ioreg,IOTILE
0,1,CFG_IN_ASYNC_MODE,5,96326,1,ioreg,IOTILE
0,1,CFG_IN_POWERUP,0,89714,2,ioreg,IOTILE
0,1,CFG_IN_POWERUP,1,90874,2,ioreg,IOTILE
0,1,CFG_IN_POWERUP,2,92034,2,ioreg,IOTILE
0,1,CFG_IN_POWERUP,3,94122,2,ioreg,IOTILE
0,1,CFG_IN_POWERUP,4,95282,2,ioreg,IOTILE
0,1,CFG_IN_POWERUP,5,96442,2,ioreg,IOTILE
0,1,CFG_IN_SYNC_MODE,0,89598,2,ioreg,IOTILE
0,1,CFG_IN_SYNC_MODE,1,90758,2,ioreg,IOTILE
0,1,CFG_IN_SYNC_MODE,2,91918,2,ioreg,IOTILE
0,1,CFG_IN_SYNC_MODE,3,94006,2,ioreg,IOTILE
0,1,CFG_IN_SYNC_MODE,4,95166,2,ioreg,IOTILE
0,1,CFG_IN_SYNC_MODE,5,96326,2,ioreg,IOTILE
0,1,CFG_IOMUX0,0,89597,1,mux,IOTILE
0,1,CFG_IOMUX0,1,89713,1,mux,IOTILE
0,1,CFG_IOMUX0,2,89597,2,mux,IOTILE
0,1,CFG_IOMUX0,3,89713,2,mux,IOTILE
0,1,CFG_IOMUX0,4,89597,4,mux,IOTILE
0,1,CFG_IOMUX0,5,89713,4,mux,IOTILE
0,1,CFG_IOMUX0,6,89713,8,mux,IOTILE
0,1,CFG_IOMUX0,7,89829,1,mux,IOTILE
0,1,CFG_IOMUX0,8,89945,1,mux,IOTILE
0,1,CFG_IOMUX0,9,89829,2,mux,IOTILE
0,1,CFG_IOMUX0,10,89945,2,mux,IOTILE
0,1,CFG_IOMUX0,11,89829,4,mux,IOTILE
0,1,CFG_IOMUX0,12,89945,4,mux,IOTILE
0,1,CFG_IOMUX0,13,89945,8,mux,IOTILE
0,1,CFG_IOMUX0,14,90061,1,mux,IOTILE
0,1,CFG_IOMUX0,15,90177,1,mux,IOTILE
0,1,CFG_IOMUX0,16,90061,2,mux,IOTILE
0,1,CFG_IOMUX0,17,90177,2,mux,IOTILE
0,1,CFG_IOMUX0,18,90061,4,mux,IOTILE
0,1,CFG_IOMUX0,19,90177,4,mux,IOTILE
0,1,CFG_IOMUX0,20,90177,8,mux,IOTILE
0,1,CFG_IOMUX0,21,90293,1,mux,IOTILE
0,1,CFG_IOMUX0,22,90409,1,mux,IOTILE
0,1,CFG_IOMUX0,23,90293,2,mux,IOTILE
0,1,CFG_IOMUX0,24,90409,2,mux,IOTILE
0,1,CFG_IOMUX0,25,90293,4,mux,IOTILE
0,1,CFG_IOMUX0,26,90409,4,mux,IOTILE
0,1,CFG_IOMUX0,27,90409,8,mux,IOTILE
0,1,CFG_IOMUX0,28,90525,1,mux,IOTILE
0,1,CFG_IOMUX0,29,90641,1,mux,IOTILE
0,1,CFG_IOMUX0,30,90525,2,mux,IOTILE
0,1,CFG_IOMUX0,31,90641,2,mux,IOTILE
0,1,CFG_IOMUX0,32,90525,4,mux,IOTILE
0,1,CFG_IOMUX0,33,90641,4,mux,IOTILE
0,1,CFG_IOMUX0,34,90641,8,mux,IOTILE
0,1,CFG_IOMUX0,35,90757,1,mux,IOTILE
0,1,CFG_IOMUX0,36,90873,1,mux,IOTILE
0,1,CFG_IOMUX0,37,90757,2,mux,IOTILE
0,1,CFG_IOMUX0,38,90873,2,mux,IOTILE
0,1,CFG_IOMUX0,39,90757,4,mux,IOTILE
0,1,CFG_IOMUX0,40,90873,4,mux,IOTILE
0,1,CFG_IOMUX0,41,90873,8,mux,IOTILE
0,1,CFG_IOMUX1,0,90989,1,mux,IOTILE
0,1,CFG_IOMUX1,1,91105,1,mux,IOTILE
0,1,CFG_IOMUX1,2,90989,2,mux,IOTILE
0,1,CFG_IOMUX1,3,91105,2,mux,IOTILE
0,1,CFG_IOMUX1,4,90989,4,mux,IOTILE
0,1,CFG_IOMUX1,5,91105,4,mux,IOTILE
0,1,CFG_IOMUX1,6,91105,8,mux,IOTILE
0,1,CFG_IOMUX1,7,91221,1,mux,IOTILE
0,1,CFG_IOMUX1,8,91337,1,mux,IOTILE
0,1,CFG_IOMUX1,9,91221,2,mux,IOTILE
0,1,CFG_IOMUX1,10,91337,2,mux,IOTILE
0,1,CFG_IOMUX1,11,91221,4,mux,IOTILE
0,1,CFG_IOMUX1,12,91337,4,mux,IOTILE
0,1,CFG_IOMUX1,13,91337,8,mux,IOTILE
0,1,CFG_IOMUX1,14,89598,128,mux,IOTILE
0,1,CFG_IOMUX1,15,89714,128,mux,IOTILE
0,1,CFG_IOMUX1,16,89598,64,mux,IOTILE
0,1,CFG_IOMUX1,17,89714,64,mux,IOTILE
0,1,CFG_IOMUX1,18,89598,32,mux,IOTILE
0,1,CFG_IOMUX1,19,89714,32,mux,IOTILE
0,1,CFG_IOMUX1,20,89714,16,mux,IOTILE
0,1,CFG_IOMUX1,21,89830,128,mux,IOTILE
0,1,CFG_IOMUX1,22,89946,128,mux,IOTILE
0,1,CFG_IOMUX1,23,89830,64,mux,IOTILE
0,1,CFG_IOMUX1,24,89946,64,mux,IOTILE
0,1,CFG_IOMUX1,25,89830,32,mux,IOTILE
0,1,CFG_IOMUX1,26,89946,32,mux,IOTILE
0,1,CFG_IOMUX1,27,89946,16,mux,IOTILE
0,1,CFG_IOMUX1,28,90062,128,mux,IOTILE
0,1,CFG_IOMUX1,29,90178,128,mux,IOTILE
0,1,CFG_IOMUX1,30,90062,64,mux,IOTILE
0,1,CFG_IOMUX1,31,90178,64,mux,IOTILE
0,1,CFG_IOMUX1,32,90062,32,mux,IOTILE
0,1,CFG_IOMUX1,33,90178,32,mux,IOTILE
0,1,CFG_IOMUX1,34,90178,16,mux,IOTILE
0,1,CFG_IOMUX1,35,90294,128,mux,IOTILE
0,1,CFG_IOMUX1,36,90410,128,mux,IOTILE
0,1,CFG_IOMUX1,37,90294,64,mux,IOTILE
0,1,CFG_IOMUX1,38,90410,64,mux,IOTILE
0,1,CFG_IOMUX1,39,90294,32,mux,IOTILE
0,1,CFG_IOMUX1,40,90410,32,mux,IOTILE
0,1,CFG_IOMUX1,41,90410,16,mux,IOTILE
0,1,CFG_IOMUX2,0,90526,128,mux,IOTILE
0,1,CFG_IOMUX2,1,90642,128,mux,IOTILE
0,1,CFG_IOMUX2,2,90526,64,mux,IOTILE
0,1,CFG_IOMUX2,3,90642,64,mux,IOTILE
0,1,CFG_IOMUX2,4,90526,32,mux,IOTILE
0,1,CFG_IOMUX2,5,90642,32,mux,IOTILE
0,1,CFG_IOMUX2,6,90642,16,mux,IOTILE
0,1,CFG_IOMUX2,7,90758,128,mux,IOTILE
0,1,CFG_IOMUX2,8,90874,128,mux,IOTILE
0,1,CFG_IOMUX2,9,90758,64,mux,IOTILE
0,1,CFG_IOMUX2,10,90874,64,mux,IOTILE
0,1,CFG_IOMUX2,11,90758,32,mux,IOTILE
0,1,CFG_IOMUX2,12,90874,32,mux,IOTILE
0,1,CFG_IOMUX2,13,90874,16,mux,IOTILE
0,1,CFG_IOMUX2,14,90990,128,mux,IOTILE
0,1,CFG_IOMUX2,15,91106,128,mux,IOTILE
0,1,CFG_IOMUX2,16,90990,64,mux,IOTILE
0,1,CFG_IOMUX2,17,91106,64,mux,IOTILE
0,1,CFG_IOMUX2,18,90990,32,mux,IOTILE
0,1,CFG_IOMUX2,19,91106,32,mux,IOTILE
0,1,CFG_IOMUX2,20,91106,16,mux,IOTILE
0,1,CFG_IOMUX2,21,91222,128,mux,IOTILE
0,1,CFG_IOMUX2,22,91338,128,mux,IOTILE
0,1,CFG_IOMUX2,23,91222,64,mux,IOTILE
0,1,CFG_IOMUX2,24,91338,64,mux,IOTILE
0,1,CFG_IOMUX2,25,91222,32,mux,IOTILE
0,1,CFG_IOMUX2,26,91338,32,mux,IOTILE
0,1,CFG_IOMUX2,27,91338,16,mux,IOTILE
0,1,CFG_IOMUX2,28,95629,1,mux,IOTILE
0,1,CFG_IOMUX2,29,95745,1,mux,IOTILE
0,1,CFG_IOMUX2,30,95629,2,mux,IOTILE
0,1,CFG_IOMUX2,31,95745,2,mux,IOTILE
0,1,CFG_IOMUX2,32,95629,4,mux,IOTILE
0,1,CFG_IOMUX2,33,95745,4,mux,IOTILE
0,1,CFG_IOMUX2,34,95745,8,mux,IOTILE
0,1,CFG_IOMUX2,35,95861,1,mux,IOTILE
0,1,CFG_IOMUX2,36,95977,1,mux,IOTILE
0,1,CFG_IOMUX2,37,95861,2,mux,IOTILE
0,1,CFG_IOMUX2,38,95977,2,mux,IOTILE
0,1,CFG_IOMUX2,39,95861,4,mux,IOTILE
0,1,CFG_IOMUX2,40,95977,4,mux,IOTILE
0,1,CFG_IOMUX2,41,95977,8,mux,IOTILE
0,1,CFG_IOMUX3,0,96093,1,mux,IOTILE
0,1,CFG_IOMUX3,1,96209,1,mux,IOTILE
0,1,CFG_IOMUX3,2,96093,2,mux,IOTILE
0,1,CFG_IOMUX3,3,96209,2,mux,IOTILE
0,1,CFG_IOMUX3,4,96093,4,mux,IOTILE
0,1,CFG_IOMUX3,5,96209,4,mux,IOTILE
0,1,CFG_IOMUX3,6,96209,8,mux,IOTILE
0,1,CFG_IOMUX3,7,96325,1,mux,IOTILE
0,1,CFG_IOMUX3,8,96441,1,mux,IOTILE
0,1,CFG_IOMUX3,9,96325,2,mux,IOTILE
0,1,CFG_IOMUX3,10,96441,2,mux,IOTILE
0,1,CFG_IOMUX3,11,96325,4,mux,IOTILE
0,1,CFG_IOMUX3,12,96441,4,mux,IOTILE
0,1,CFG_IOMUX3,13,96441,8,mux,IOTILE
0,1,CFG_IOMUX3,14,96557,1,mux,IOTILE
0,1,CFG_IOMUX3,15,96673,1,mux,IOTILE
0,1,CFG_IOMUX3,16,96557,2,mux,IOTILE
0,1,CFG_IOMUX3,17,96673,2,mux,IOTILE
0,1,CFG_IOMUX3,18,96557,4,mux,IOTILE
0,1,CFG_IOMUX3,19,96673,4,mux,IOTILE
0,1,CFG_IOMUX3,20,96673,8,mux,IOTILE
0,1,CFG_IOMUX3,21,96789,1,mux,IOTILE
0,1,CFG_IOMUX3,22,96905,1,mux,IOTILE
0,1,CFG_IOMUX3,23,96789,2,mux,IOTILE
0,1,CFG_IOMUX3,24,96905,2,mux,IOTILE
0,1,CFG_IOMUX3,25,96789,4,mux,IOTILE
0,1,CFG_IOMUX3,26,96905,4,mux,IOTILE
0,1,CFG_IOMUX3,27,96905,8,mux,IOTILE
0,1,CFG_IOMUX3,28,97021,1,mux,IOTILE
0,1,CFG_IOMUX3,29,97137,1,mux,IOTILE
0,1,CFG_IOMUX3,30,97021,2,mux,IOTILE
0,1,CFG_IOMUX3,31,97137,2,mux,IOTILE
0,1,CFG_IOMUX3,32,97021,4,mux,IOTILE
0,1,CFG_IOMUX3,33,97137,4,mux,IOTILE
0,1,CFG_IOMUX3,34,97137,8,mux,IOTILE
0,1,CFG_IOMUX3,35,97253,1,mux,IOTILE
0,1,CFG_IOMUX3,36,97369,1,mux,IOTILE
0,1,CFG_IOMUX3,37,97253,2,mux,IOTILE
0,1,CFG_IOMUX3,38,97369,2,mux,IOTILE
0,1,CFG_IOMUX3,39,97253,4,mux,IOTILE
0,1,CFG_IOMUX3,40,97369,4,mux,IOTILE
0,1,CFG_IOMUX3,41,97369,8,mux,IOTILE
0,1,CFG_IOMUX4,0,95630,128,mux,IOTILE
0,1,CFG_IOMUX4,1,95746,128,mux,IOTILE
0,1,CFG_IOMUX4,2,95630,64,mux,IOTILE
0,1,CFG_IOMUX4,3,95746,64,mux,IOTILE
0,1,CFG_IOMUX4,4,95630,32,mux,IOTILE
0,1,CFG_IOMUX4,5,95746,32,mux,IOTILE
0,1,CFG_IOMUX4,6,95746,16,mux,IOTILE
0,1,CFG_IOMUX4,7,95862,128,mux,IOTILE
0,1,CFG_IOMUX4,8,95978,128,mux,IOTILE
0,1,CFG_IOMUX4,9,95862,64,mux,IOTILE
0,1,CFG_IOMUX4,10,95978,64,mux,IOTILE
0,1,CFG_IOMUX4,11,95862,32,mux,IOTILE
0,1,CFG_IOMUX4,12,95978,32,mux,IOTILE
0,1,CFG_IOMUX4,13,95978,16,mux,IOTILE
0,1,CFG_IOMUX4,14,96094,128,mux,IOTILE
0,1,CFG_IOMUX4,15,96210,128,mux,IOTILE
0,1,CFG_IOMUX4,16,96094,64,mux,IOTILE
0,1,CFG_IOMUX4,17,96210,64,mux,IOTILE
0,1,CFG_IOMUX4,18,96094,32,mux,IOTILE
0,1,CFG_IOMUX4,19,96210,32,mux,IOTILE
0,1,CFG_IOMUX4,20,96210,16,mux,IOTILE
0,1,CFG_IOMUX4,21,96326,128,mux,IOTILE
0,1,CFG_IOMUX4,22,96442,128,mux,IOTILE
0,1,CFG_IOMUX4,23,96326,64,mux,IOTILE
0,1,CFG_IOMUX4,24,96442,64,mux,IOTILE
0,1,CFG_IOMUX4,25,96326,32,mux,IOTILE
0,1,CFG_IOMUX4,26,96442,32,mux,IOTILE
0,1,CFG_IOMUX4,27,96442,16,mux,IOTILE
0,1,CFG_IOMUX4,28,96558,128,mux,IOTILE
0,1,CFG_IOMUX4,29,96674,128,mux,IOTILE
0,1,CFG_IOMUX4,30,96558,64,mux,IOTILE
0,1,CFG_IOMUX4,31,96674,64,mux,IOTILE
0,1,CFG_IOMUX4,32,96558,32,mux,IOTILE
0,1,CFG_IOMUX4,33,96674,32,mux,IOTILE
0,1,CFG_IOMUX4,34,96674,16,mux,IOTILE
0,1,CFG_IOMUX4,35,96790,128,mux,IOTILE
0,1,CFG_IOMUX4,36,96906,128,mux,IOTILE
0,1,CFG_IOMUX4,37,96790,64,mux,IOTILE
0,1,CFG_IOMUX4,38,96906,64,mux,IOTILE
0,1,CFG_IOMUX4,39,96790,32,mux,IOTILE
0,1,CFG_IOMUX4,40,96906,32,mux,IOTILE
0,1,CFG_IOMUX4,41,96906,16,mux,IOTILE
0,1,CFG_IOMUX5,0,97022,128,mux,IOTILE
0,1,CFG_IOMUX5,1,97138,128,mux,IOTILE
0,1,CFG_IOMUX5,2,97022,64,mux,IOTILE
0,1,CFG_IOMUX5,3,97138,64,mux,IOTILE
0,1,CFG_IOMUX5,4,97022,32,mux,IOTILE
0,1,CFG_IOMUX5,5,97138,32,mux,IOTILE
0,1,CFG_IOMUX5,6,97138,16,mux,IOTILE
0,1,CFG_IOMUX5,7,97254,128,mux,IOTILE
0,1,CFG_IOMUX5,8,97370,128,mux,IOTILE
0,1,CFG_IOMUX5,9,97254,64,mux,IOTILE
0,1,CFG_IOMUX5,10,97370,64,mux,IOTILE
0,1,CFG_IOMUX5,11,97254,32,mux,IOTILE
0,1,CFG_IOMUX5,12,97370,32,mux,IOTILE
0,1,CFG_IOMUX5,13,97370,16,mux,IOTILE
0,1,CFG_IOMUX5,14,94701,1,mux,IOTILE
0,1,CFG_IOMUX5,15,94817,1,mux,IOTILE
0,1,CFG_IOMUX5,16,94701,2,mux,IOTILE
0,1,CFG_IOMUX5,17,94817,2,mux,IOTILE
0,1,CFG_IOMUX5,18,94701,4,mux,IOTILE
0,1,CFG_IOMUX5,19,94817,4,mux,IOTILE
0,1,CFG_IOMUX5,20,94817,8,mux,IOTILE
0,1,CFG_IOMUX5,21,94933,1,mux,IOTILE
0,1,CFG_IOMUX5,22,95049,1,mux,IOTILE
0,1,CFG_IOMUX5,23,94933,2,mux,IOTILE
0,1,CFG_IOMUX5,24,95049,2,mux,IOTILE
0,1,CFG_IOMUX5,25,94933,4,mux,IOTILE
0,1,CFG_IOMUX5,26,95049,4,mux,IOTILE
0,1,CFG_IOMUX5,27,95049,8,mux,IOTILE
0,1,CFG_IOMUX5,28,95165,1,mux,IOTILE
0,1,CFG_IOMUX5,29,95281,1,mux,IOTILE
0,1,CFG_IOMUX5,30,95165,2,mux,IOTILE
0,1,CFG_IOMUX5,31,95281,2,mux,IOTILE
0,1,CFG_IOMUX5,32,95165,4,mux,IOTILE
0,1,CFG_IOMUX5,33,95281,4,mux,IOTILE
0,1,CFG_IOMUX5,34,95281,8,mux,IOTILE
0,1,CFG_IOMUX5,35,95397,1,mux,IOTILE
0,1,CFG_IOMUX5,36,95513,1,mux,IOTILE
0,1,CFG_IOMUX5,37,95397,2,mux,IOTILE
0,1,CFG_IOMUX5,38,95513,2,mux,IOTILE
0,1,CFG_IOMUX5,39,95397,4,mux,IOTILE
0,1,CFG_IOMUX5,40,95513,4,mux,IOTILE
0,1,CFG_IOMUX5,41,95513,8,mux,IOTILE
0,1,CFG_OE_ASYNC_MODE,0,90062,1,ioreg,IOTILE
0,1,CFG_OE_ASYNC_MODE,1,91222,1,ioreg,IOTILE
0,1,CFG_OE_ASYNC_MODE,2,92382,1,ioreg,IOTILE
0,1,CFG_OE_ASYNC_MODE,3,94470,1,ioreg,IOTILE
0,1,CFG_OE_ASYNC_MODE,4,95630,1,ioreg,IOTILE
0,1,CFG_OE_ASYNC_MODE,5,96790,1,ioreg,IOTILE
0,1,CFG_OE_POWERUP,0,90178,2,ioreg,IOTILE
0,1,CFG_OE_POWERUP,1,91338,2,ioreg,IOTILE
0,1,CFG_OE_POWERUP,2,92498,2,ioreg,IOTILE
0,1,CFG_OE_POWERUP,3,94586,2,ioreg,IOTILE
0,1,CFG_OE_POWERUP,4,95746,2,ioreg,IOTILE
0,1,CFG_OE_POWERUP,5,96906,2,ioreg,IOTILE
0,1,CFG_OE_REG_MODE,0,89946,1,ioreg,IOTILE
0,1,CFG_OE_REG_MODE,1,91106,1,ioreg,IOTILE
0,1,CFG_OE_REG_MODE,2,92266,1,ioreg,IOTILE
0,1,CFG_OE_REG_MODE,3,94354,1,ioreg,IOTILE
0,1,CFG_OE_REG_MODE,4,95514,1,ioreg,IOTILE
0,1,CFG_OE_REG_MODE,5,96674,1,ioreg,IOTILE
0,1,CFG_OE_SYNC_MODE,0,90062,2,ioreg,IOTILE
0,1,CFG_OE_SYNC_MODE,1,91222,2,ioreg,IOTILE
0,1,CFG_OE_SYNC_MODE,2,92382,2,ioreg,IOTILE
0,1,CFG_OE_SYNC_MODE,3,94470,2,ioreg,IOTILE
0,1,CFG_OE_SYNC_MODE,4,95630,2,ioreg,IOTILE
0,1,CFG_OE_SYNC_MODE,5,96790,2,ioreg,IOTILE
0,1,CFG_OUTDELAY,0,90642,1,delay,IOTILE
0,1,CFG_OUTDELAY,1,91802,1,delay,IOTILE
0,1,CFG_OUTDELAY,2,92962,1,delay,IOTILE
0,1,CFG_OUTDELAY,3,95050,1,delay,IOTILE
0,1,CFG_OUTDELAY,4,96210,1,delay,IOTILE
0,1,CFG_OUTDELAY,5,97370,1,delay,IOTILE
0,1,CFG_OUT_ASYNC_MODE,0,89830,1,ioreg,IOTILE
0,1,CFG_OUT_ASYNC_MODE,1,90990,1,ioreg,IOTILE
0,1,CFG_OUT_ASYNC_MODE,2,92150,1,ioreg,IOTILE
0,1,CFG_OUT_ASYNC_MODE,3,94238,1,ioreg,IOTILE
0,1,CFG_OUT_ASYNC_MODE,4,95398,1,ioreg,IOTILE
0,1,CFG_OUT_ASYNC_MODE,5,96558,1,ioreg,IOTILE
0,1,CFG_OUT_POWERUP,0,89946,2,ioreg,IOTILE
0,1,CFG_OUT_POWERUP,1,91106,2,ioreg,IOTILE
0,1,CFG_OUT_POWERUP,2,92266,2,ioreg,IOTILE
0,1,CFG_OUT_POWERUP,3,94354,2,ioreg,IOTILE
0,1,CFG_OUT_POWERUP,4,95514,2,ioreg,IOTILE
0,1,CFG_OUT_POWERUP,5,96674,2,ioreg,IOTILE
0,1,CFG_OUT_REG_MODE,0,90178,1,ioreg,IOTILE
0,1,CFG_OUT_REG_MODE,1,91338,1,ioreg,IOTILE
0,1,CFG_OUT_REG_MODE,2,92498,1,ioreg,IOTILE
0,1,CFG_OUT_REG_MODE,3,94586,1,ioreg,IOTILE
0,1,CFG_OUT_REG_MODE,4,95746,1,ioreg,IOTILE
0,1,CFG_OUT_REG_MODE,5,96906,1,ioreg,IOTILE
0,1,CFG_OUT_SYNC_MODE,0,89830,2,ioreg,IOTILE
0,1,CFG_OUT_SYNC_MODE,1,90990,2,ioreg,IOTILE
0,1,CFG_OUT_SYNC_MODE,2,92150,2,ioreg,IOTILE
0,1,CFG_OUT_SYNC_MODE,3,94238,2,ioreg,IOTILE
0,1,CFG_OUT_SYNC_MODE,4,95398,2,ioreg,IOTILE
0,1,CFG_OUT_SYNC_MODE,5,96558,2,ioreg,IOTILE
0,2,CFG_INDA_DELAY,0,82406,2,delay,IOTILE
0,2,CFG_INDA_DELAY,1,82406,1,delay,IOTILE
0,2,CFG_INDA_DELAY,2,82522,2,delay,IOTILE
0,2,CFG_INDA_DELAY,3,83566,2,delay,IOTILE
0,2,CFG_INDA_DELAY,4,83566,1,delay,IOTILE
0,2,CFG_INDA_DELAY,5,83682,2,delay,IOTILE
0,2,CFG_INDA_DELAY,6,84726,2,delay,IOTILE
0,2,CFG_INDA_DELAY,7,84726,1,delay,IOTILE
0,2,CFG_INDA_DELAY,8,84842,2,delay,IOTILE
0,2,CFG_INDA_DELAY,9,86814,2,delay,IOTILE
0,2,CFG_INDA_DELAY,10,86814,1,delay,IOTILE
0,2,CFG_INDA_DELAY,11,86930,2,delay,IOTILE
0,2,CFG_INDA_DELAY,12,87974,2,delay,IOTILE
0,2,CFG_INDA_DELAY,13,87974,1,delay,IOTILE
0,2,CFG_INDA_DELAY,14,88090,2,delay,IOTILE
0,2,CFG_INDA_DELAY,15,89134,2,delay,IOTILE
0,2,CFG_INDA_DELAY,16,89134,1,delay,IOTILE
0,2,CFG_INDA_DELAY,17,89250,2,delay,IOTILE
0,2,CFG_INPUTMUX0,0,81710,8,mux,IOTILE
0,2,CFG_INPUTMUX0,1,81942,8,mux,IOTILE
0,2,CFG_INPUTMUX1,0,82870,8,mux,IOTILE
0,2,CFG_INPUTMUX1,1,83102,8,mux,IOTILE
0,2,CFG_INPUTMUX2,0,83798,8,mux,IOTILE
0,2,CFG_INPUTMUX2,1,84030,8,mux,IOTILE
0,2,CFG_INPUTMUX3,0,86814,8,mux,IOTILE
0,2,CFG_INPUTMUX3,1,87046,8,mux,IOTILE
0,2,CFG_INPUTMUX4,0,87278,8,mux,IOTILE
0,2,CFG_INPUTMUX4,1,87510,8,mux,IOTILE
0,2,CFG_INPUTMUX5,0,88438,8,mux,IOTILE
0,2,CFG_INPUTMUX5,1,88670,8,mux,IOTILE
0,2,CFG_INREG_DELAY,0,82522,1,delay,IOTILE
0,2,CFG_INREG_DELAY,1,82638,1,delay,IOTILE
0,2,CFG_INREG_DELAY,2,82638,2,delay,IOTILE
0,2,CFG_INREG_DELAY,3,83682,1,delay,IOTILE
0,2,CFG_INREG_DELAY,4,83798,1,delay,IOTILE
0,2,CFG_INREG_DELAY,5,83798,2,delay,IOTILE
0,2,CFG_INREG_DELAY,6,84842,1,delay,IOTILE
0,2,CFG_INREG_DELAY,7,84958,1,delay,IOTILE
0,2,CFG_INREG_DELAY,8,84958,2,delay,IOTILE
0,2,CFG_INREG_DELAY,9,86930,1,delay,IOTILE
0,2,CFG_INREG_DELAY,10,87046,1,delay,IOTILE
0,2,CFG_INREG_DELAY,11,87046,2,delay,IOTILE
0,2,CFG_INREG_DELAY,12,88090,1,delay,IOTILE
0,2,CFG_INREG_DELAY,13,88206,1,delay,IOTILE
0,2,CFG_INREG_DELAY,14,88206,2,delay,IOTILE
0,2,CFG_INREG_DELAY,15,89250,1,delay,IOTILE
0,2,CFG_INREG_DELAY,16,89366,1,delay,IOTILE
0,2,CFG_INREG_DELAY,17,89366,2,delay,IOTILE
0,2,CFG_IN_ASYNC_MODE,0,81710,1,ioreg,IOTILE
0,2,CFG_IN_ASYNC_MODE,1,82870,1,ioreg,IOTILE
0,2,CFG_IN_ASYNC_MODE,2,84030,1,ioreg,IOTILE
0,2,CFG_IN_ASYNC_MODE,3,86118,1,ioreg,IOTILE
0,2,CFG_IN_ASYNC_MODE,4,87278,1,ioreg,IOTILE
0,2,CFG_IN_ASYNC_MODE,5,88438,1,ioreg,IOTILE
0,2,CFG_IN_POWERUP,0,81826,2,ioreg,IOTILE
0,2,CFG_IN_POWERUP,1,82986,2,ioreg,IOTILE
0,2,CFG_IN_POWERUP,2,84146,2,ioreg,IOTILE
0,2,CFG_IN_POWERUP,3,86234,2,ioreg,IOTILE
0,2,CFG_IN_POWERUP,4,87394,2,ioreg,IOTILE
0,2,CFG_IN_POWERUP,5,88554,2,ioreg,IOTILE
0,2,CFG_IN_SYNC_MODE,0,81710,2,ioreg,IOTILE
0,2,CFG_IN_SYNC_MODE,1,82870,2,ioreg,IOTILE
0,2,CFG_IN_SYNC_MODE,2,84030,2,ioreg,IOTILE
0,2,CFG_IN_SYNC_MODE,3,86118,2,ioreg,IOTILE
0,2,CFG_IN_SYNC_MODE,4,87278,2,ioreg,IOTILE
0,2,CFG_IN_SYNC_MODE,5,88438,2,ioreg,IOTILE
0,2,CFG_IOMUX0,0,81709,1,mux,IOTILE
0,2,CFG_IOMUX0,1,81825,1,mux,IOTILE
0,2,CFG_IOMUX0,2,81709,2,mux,IOTILE
0,2,CFG_IOMUX0,3,81825,2,mux,IOTILE
0,2,CFG_IOMUX0,4,81709,4,mux,IOTILE
0,2,CFG_IOMUX0,5,81825,4,mux,IOTILE
0,2,CFG_IOMUX0,6,81825,8,mux,IOTILE
0,2,CFG_IOMUX0,7,81941,1,mux,IOTILE
0,2,CFG_IOMUX0,8,82057,1,mux,IOTILE
0,2,CFG_IOMUX0,9,81941,2,mux,IOTILE
0,2,CFG_IOMUX0,10,82057,2,mux,IOTILE
0,2,CFG_IOMUX0,11,81941,4,mux,IOTILE
0,2,CFG_IOMUX0,12,82057,4,mux,IOTILE
0,2,CFG_IOMUX0,13,82057,8,mux,IOTILE
0,2,CFG_IOMUX0,14,82173,1,mux,IOTILE
0,2,CFG_IOMUX0,15,82289,1,mux,IOTILE
0,2,CFG_IOMUX0,16,82173,2,mux,IOTILE
0,2,CFG_IOMUX0,17,82289,2,mux,IOTILE
0,2,CFG_IOMUX0,18,82173,4,mux,IOTILE
0,2,CFG_IOMUX0,19,82289,4,mux,IOTILE
0,2,CFG_IOMUX0,20,82289,8,mux,IOTILE
0,2,CFG_IOMUX0,21,82405,1,mux,IOTILE
0,2,CFG_IOMUX0,22,82521,1,mux,IOTILE
0,2,CFG_IOMUX0,23,82405,2,mux,IOTILE
0,2,CFG_IOMUX0,24,82521,2,mux,IOTILE
0,2,CFG_IOMUX0,25,82405,4,mux,IOTILE
0,2,CFG_IOMUX0,26,82521,4,mux,IOTILE
0,2,CFG_IOMUX0,27,82521,8,mux,IOTILE
0,2,CFG_IOMUX0,28,82637,1,mux,IOTILE
0,2,CFG_IOMUX0,29,82753,1,mux,IOTILE
0,2,CFG_IOMUX0,30,82637,2,mux,IOTILE
0,2,CFG_IOMUX0,31,82753,2,mux,IOTILE
0,2,CFG_IOMUX0,32,82637,4,mux,IOTILE
0,2,CFG_IOMUX0,33,82753,4,mux,IOTILE
0,2,CFG_IOMUX0,34,82753,8,mux,IOTILE
0,2,CFG_IOMUX0,35,82869,1,mux,IOTILE
0,2,CFG_IOMUX0,36,82985,1,mux,IOTILE
0,2,CFG_IOMUX0,37,82869,2,mux,IOTILE
0,2,CFG_IOMUX0,38,82985,2,mux,IOTILE
0,2,CFG_IOMUX0,39,82869,4,mux,IOTILE
0,2,CFG_IOMUX0,40,82985,4,mux,IOTILE
0,2,CFG_IOMUX0,41,82985,8,mux,IOTILE
0,2,CFG_IOMUX1,0,83101,1,mux,IOTILE
0,2,CFG_IOMUX1,1,83217,1,mux,IOTILE
0,2,CFG_IOMUX1,2,83101,2,mux,IOTILE
0,2,CFG_IOMUX1,3,83217,2,mux,IOTILE
0,2,CFG_IOMUX1,4,83101,4,mux,IOTILE
0,2,CFG_IOMUX1,5,83217,4,mux,IOTILE
0,2,CFG_IOMUX1,6,83217,8,mux,IOTILE
0,2,CFG_IOMUX1,7,83333,1,mux,IOTILE
0,2,CFG_IOMUX1,8,83449,1,mux,IOTILE
0,2,CFG_IOMUX1,9,83333,2,mux,IOTILE
0,2,CFG_IOMUX1,10,83449,2,mux,IOTILE
0,2,CFG_IOMUX1,11,83333,4,mux,IOTILE
0,2,CFG_IOMUX1,12,83449,4,mux,IOTILE
0,2,CFG_IOMUX1,13,83449,8,mux,IOTILE
0,2,CFG_IOMUX1,14,81710,128,mux,IOTILE
0,2,CFG_IOMUX1,15,81826,128,mux,IOTILE
0,2,CFG_IOMUX1,16,81710,64,mux,IOTILE
0,2,CFG_IOMUX1,17,81826,64,mux,IOTILE
0,2,CFG_IOMUX1,18,81710,32,mux,IOTILE
0,2,CFG_IOMUX1,19,81826,32,mux,IOTILE
0,2,CFG_IOMUX1,20,81826,16,mux,IOTILE
0,2,CFG_IOMUX1,21,81942,128,mux,IOTILE
0,2,CFG_IOMUX1,22,82058,128,mux,IOTILE
0,2,CFG_IOMUX1,23,81942,64,mux,IOTILE
0,2,CFG_IOMUX1,24,82058,64,mux,IOTILE
0,2,CFG_IOMUX1,25,81942,32,mux,IOTILE
0,2,CFG_IOMUX1,26,82058,32,mux,IOTILE
0,2,CFG_IOMUX1,27,82058,16,mux,IOTILE
0,2,CFG_IOMUX1,28,82174,128,mux,IOTILE
0,2,CFG_IOMUX1,29,82290,128,mux,IOTILE
0,2,CFG_IOMUX1,30,82174,64,mux,IOTILE
0,2,CFG_IOMUX1,31,82290,64,mux,IOTILE
0,2,CFG_IOMUX1,32,82174,32,mux,IOTILE
0,2,CFG_IOMUX1,33,82290,32,mux,IOTILE
0,2,CFG_IOMUX1,34,82290,16,mux,IOTILE
0,2,CFG_IOMUX1,35,82406,128,mux,IOTILE
0,2,CFG_IOMUX1,36,82522,128,mux,IOTILE
0,2,CFG_IOMUX1,37,82406,64,mux,IOTILE
0,2,CFG_IOMUX1,38,82522,64,mux,IOTILE
0,2,CFG_IOMUX1,39,82406,32,mux,IOTILE
0,2,CFG_IOMUX1,40,82522,32,mux,IOTILE
0,2,CFG_IOMUX1,41,82522,16,mux,IOTILE
0,2,CFG_IOMUX2,0,82638,128,mux,IOTILE
0,2,CFG_IOMUX2,1,82754,128,mux,IOTILE
0,2,CFG_IOMUX2,2,82638,64,mux,IOTILE
0,2,CFG_IOMUX2,3,82754,64,mux,IOTILE
0,2,CFG_IOMUX2,4,82638,32,mux,IOTILE
0,2,CFG_IOMUX2,5,82754,32,mux,IOTILE
0,2,CFG_IOMUX2,6,82754,16,mux,IOTILE
0,2,CFG_IOMUX2,7,82870,128,mux,IOTILE
0,2,CFG_IOMUX2,8,82986,128,mux,IOTILE
0,2,CFG_IOMUX2,9,82870,64,mux,IOTILE
0,2,CFG_IOMUX2,10,82986,64,mux,IOTILE
0,2,CFG_IOMUX2,11,82870,32,mux,IOTILE
0,2,CFG_IOMUX2,12,82986,32,mux,IOTILE
0,2,CFG_IOMUX2,13,82986,16,mux,IOTILE
0,2,CFG_IOMUX2,14,83102,128,mux,IOTILE
0,2,CFG_IOMUX2,15,83218,128,mux,IOTILE
0,2,CFG_IOMUX2,16,83102,64,mux,IOTILE
0,2,CFG_IOMUX2,17,83218,64,mux,IOTILE
0,2,CFG_IOMUX2,18,83102,32,mux,IOTILE
0,2,CFG_IOMUX2,19,83218,32,mux,IOTILE
0,2,CFG_IOMUX2,20,83218,16,mux,IOTILE
0,2,CFG_IOMUX2,21,83334,128,mux,IOTILE
0,2,CFG_IOMUX2,22,83450,128,mux,IOTILE
0,2,CFG_IOMUX2,23,83334,64,mux,IOTILE
0,2,CFG_IOMUX2,24,83450,64,mux,IOTILE
0,2,CFG_IOMUX2,25,83334,32,mux,IOTILE
0,2,CFG_IOMUX2,26,83450,32,mux,IOTILE
0,2,CFG_IOMUX2,27,83450,16,mux,IOTILE
0,2,CFG_IOMUX2,28,87741,1,mux,IOTILE
0,2,CFG_IOMUX2,29,87857,1,mux,IOTILE
0,2,CFG_IOMUX2,30,87741,2,mux,IOTILE
0,2,CFG_IOMUX2,31,87857,2,mux,IOTILE
0,2,CFG_IOMUX2,32,87741,4,mux,IOTILE
0,2,CFG_IOMUX2,33,87857,4,mux,IOTILE
0,2,CFG_IOMUX2,34,87857,8,mux,IOTILE
0,2,CFG_IOMUX2,35,87973,1,mux,IOTILE
0,2,CFG_IOMUX2,36,88089,1,mux,IOTILE
0,2,CFG_IOMUX2,37,87973,2,mux,IOTILE
0,2,CFG_IOMUX2,38,88089,2,mux,IOTILE
0,2,CFG_IOMUX2,39,87973,4,mux,IOTILE
0,2,CFG_IOMUX2,40,88089,4,mux,IOTILE
0,2,CFG_IOMUX2,41,88089,8,mux,IOTILE
0,2,CFG_IOMUX3,0,88205,1,mux,IOTILE
0,2,CFG_IOMUX3,1,88321,1,mux,IOTILE
0,2,CFG_IOMUX3,2,88205,2,mux,IOTILE
0,2,CFG_IOMUX3,3,88321,2,mux,IOTILE
0,2,CFG_IOMUX3,4,88205,4,mux,IOTILE
0,2,CFG_IOMUX3,5,88321,4,mux,IOTILE
0,2,CFG_IOMUX3,6,88321,8,mux,IOTILE
0,2,CFG_IOMUX3,7,88437,1,mux,IOTILE
0,2,CFG_IOMUX3,8,88553,1,mux,IOTILE
0,2,CFG_IOMUX3,9,88437,2,mux,IOTILE
0,2,CFG_IOMUX3,10,88553,2,mux,IOTILE
0,2,CFG_IOMUX3,11,88437,4,mux,IOTILE
0,2,CFG_IOMUX3,12,88553,4,mux,IOTILE
0,2,CFG_IOMUX3,13,88553,8,mux,IOTILE
0,2,CFG_IOMUX3,14,88669,1,mux,IOTILE
0,2,CFG_IOMUX3,15,88785,1,mux,IOTILE
0,2,CFG_IOMUX3,16,88669,2,mux,IOTILE
0,2,CFG_IOMUX3,17,88785,2,mux,IOTILE
0,2,CFG_IOMUX3,18,88669,4,mux,IOTILE
0,2,CFG_IOMUX3,19,88785,4,mux,IOTILE
0,2,CFG_IOMUX3,20,88785,8,mux,IOTILE
0,2,CFG_IOMUX3,21,88901,1,mux,IOTILE
0,2,CFG_IOMUX3,22,89017,1,mux,IOTILE
0,2,CFG_IOMUX3,23,88901,2,mux,IOTILE
0,2,CFG_IOMUX3,24,89017,2,mux,IOTILE
0,2,CFG_IOMUX3,25,88901,4,mux,IOTILE
0,2,CFG_IOMUX3,26,89017,4,mux,IOTILE
0,2,CFG_IOMUX3,27,89017,8,mux,IOTILE
0,2,CFG_IOMUX3,28,89133,1,mux,IOTILE
0,2,CFG_IOMUX3,29,89249,1,mux,IOTILE
0,2,CFG_IOMUX3,30,89133,2,mux,IOTILE
0,2,CFG_IOMUX3,31,89249,2,mux,IOTILE
0,2,CFG_IOMUX3,32,89133,4,mux,IOTILE
0,2,CFG_IOMUX3,33,89249,4,mux,IOTILE
0,2,CFG_IOMUX3,34,89249,8,mux,IOTILE
0,2,CFG_IOMUX3,35,89365,1,mux,IOTILE
0,2,CFG_IOMUX3,36,89481,1,mux,IOTILE
0,2,CFG_IOMUX3,37,89365,2,mux,IOTILE
0,2,CFG_IOMUX3,38,89481,2,mux,IOTILE
0,2,CFG_IOMUX3,39,89365,4,mux,IOTILE
0,2,CFG_IOMUX3,40,89481,4,mux,IOTILE
0,2,CFG_IOMUX3,41,89481,8,mux,IOTILE
0,2,CFG_IOMUX4,0,87742,128,mux,IOTILE
0,2,CFG_IOMUX4,1,87858,128,mux,IOTILE
0,2,CFG_IOMUX4,2,87742,64,mux,IOTILE
0,2,CFG_IOMUX4,3,87858,64,mux,IOTILE
0,2,CFG_IOMUX4,4,87742,32,mux,IOTILE
0,2,CFG_IOMUX4,5,87858,32,mux,IOTILE
0,2,CFG_IOMUX4,6,87858,16,mux,IOTILE
0,2,CFG_IOMUX4,7,87974,128,mux,IOTILE
0,2,CFG_IOMUX4,8,88090,128,mux,IOTILE
0,2,CFG_IOMUX4,9,87974,64,mux,IOTILE
0,2,CFG_IOMUX4,10,88090,64,mux,IOTILE
0,2,CFG_IOMUX4,11,87974,32,mux,IOTILE
0,2,CFG_IOMUX4,12,88090,32,mux,IOTILE
0,2,CFG_IOMUX4,13,88090,16,mux,IOTILE
0,2,CFG_IOMUX4,14,88206,128,mux,IOTILE
0,2,CFG_IOMUX4,15,88322,128,mux,IOTILE
0,2,CFG_IOMUX4,16,88206,64,mux,IOTILE
0,2,CFG_IOMUX4,17,88322,64,mux,IOTILE
0,2,CFG_IOMUX4,18,88206,32,mux,IOTILE
0,2,CFG_IOMUX4,19,88322,32,mux,IOTILE
0,2,CFG_IOMUX4,20,88322,16,mux,IOTILE
0,2,CFG_IOMUX4,21,88438,128,mux,IOTILE
0,2,CFG_IOMUX4,22,88554,128,mux,IOTILE
0,2,CFG_IOMUX4,23,88438,64,mux,IOTILE
0,2,CFG_IOMUX4,24,88554,64,mux,IOTILE
0,2,CFG_IOMUX4,25,88438,32,mux,IOTILE
0,2,CFG_IOMUX4,26,88554,32,mux,IOTILE
0,2,CFG_IOMUX4,27,88554,16,mux,IOTILE
0,2,CFG_IOMUX4,28,88670,128,mux,IOTILE
0,2,CFG_IOMUX4,29,88786,128,mux,IOTILE
0,2,CFG_IOMUX4,30,88670,64,mux,IOTILE
0,2,CFG_IOMUX4,31,88786,64,mux,IOTILE
0,2,CFG_IOMUX4,32,88670,32,mux,IOTILE
0,2,CFG_IOMUX4,33,88786,32,mux,IOTILE
0,2,CFG_IOMUX4,34,88786,16,mux,IOTILE
0,2,CFG_IOMUX4,35,88902,128,mux,IOTILE
0,2,CFG_IOMUX4,36,89018,128,mux,IOTILE
0,2,CFG_IOMUX4,37,88902,64,mux,IOTILE
0,2,CFG_IOMUX4,38,89018,64,mux,IOTILE
0,2,CFG_IOMUX4,39,88902,32,mux,IOTILE
0,2,CFG_IOMUX4,40,89018,32,mux,IOTILE
0,2,CFG_IOMUX4,41,89018,16,mux,IOTILE
0,2,CFG_IOMUX5,0,89134,128,mux,IOTILE
0,2,CFG_IOMUX5,1,89250,128,mux,IOTILE
0,2,CFG_IOMUX5,2,89134,64,mux,IOTILE
0,2,CFG_IOMUX5,3,89250,64,mux,IOTILE
0,2,CFG_IOMUX5,4,89134,32,mux,IOTILE
0,2,CFG_IOMUX5,5,89250,32,mux,IOTILE
0,2,CFG_IOMUX5,6,89250,16,mux,IOTILE
0,2,CFG_IOMUX5,7,89366,128,mux,IOTILE
0,2,CFG_IOMUX5,8,89482,128,mux,IOTILE
0,2,CFG_IOMUX5,9,89366,64,mux,IOTILE
0,2,CFG_IOMUX5,10,89482,64,mux,IOTILE
0,2,CFG_IOMUX5,11,89366,32,mux,IOTILE
0,2,CFG_IOMUX5,12,89482,32,mux,IOTILE
0,2,CFG_IOMUX5,13,89482,16,mux,IOTILE
0,2,CFG_IOMUX5,14,86813,1,mux,IOTILE
0,2,CFG_IOMUX5,15,86929,1,mux,IOTILE
0,2,CFG_IOMUX5,16,86813,2,mux,IOTILE
0,2,CFG_IOMUX5,17,86929,2,mux,IOTILE
0,2,CFG_IOMUX5,18,86813,4,mux,IOTILE
0,2,CFG_IOMUX5,19,86929,4,mux,IOTILE
0,2,CFG_IOMUX5,20,86929,8,mux,IOTILE
0,2,CFG_IOMUX5,21,87045,1,mux,IOTILE
0,2,CFG_IOMUX5,22,87161,1,mux,IOTILE
0,2,CFG_IOMUX5,23,87045,2,mux,IOTILE
0,2,CFG_IOMUX5,24,87161,2,mux,IOTILE
0,2,CFG_IOMUX5,25,87045,4,mux,IOTILE
0,2,CFG_IOMUX5,26,87161,4,mux,IOTILE
0,2,CFG_IOMUX5,27,87161,8,mux,IOTILE
0,2,CFG_IOMUX5,28,87277,1,mux,IOTILE
0,2,CFG_IOMUX5,29,87393,1,mux,IOTILE
0,2,CFG_IOMUX5,30,87277,2,mux,IOTILE
0,2,CFG_IOMUX5,31,87393,2,mux,IOTILE
0,2,CFG_IOMUX5,32,87277,4,mux,IOTILE
0,2,CFG_IOMUX5,33,87393,4,mux,IOTILE
0,2,CFG_IOMUX5,34,87393,8,mux,IOTILE
0,2,CFG_IOMUX5,35,87509,1,mux,IOTILE
0,2,CFG_IOMUX5,36,87625,1,mux,IOTILE
0,2,CFG_IOMUX5,37,87509,2,mux,IOTILE
0,2,CFG_IOMUX5,38,87625,2,mux,IOTILE
0,2,CFG_IOMUX5,39,87509,4,mux,IOTILE
0,2,CFG_IOMUX5,40,87625,4,mux,IOTILE
0,2,CFG_IOMUX5,41,87625,8,mux,IOTILE
0,2,CFG_OE_ASYNC_MODE,0,82174,1,ioreg,IOTILE
0,2,CFG_OE_ASYNC_MODE,1,83334,1,ioreg,IOTILE
0,2,CFG_OE_ASYNC_MODE,2,84494,1,ioreg,IOTILE
0,2,CFG_OE_ASYNC_MODE,3,86582,1,ioreg,IOTILE
0,2,CFG_OE_ASYNC_MODE,4,87742,1,ioreg,IOTILE
0,2,CFG_OE_ASYNC_MODE,5,88902,1,ioreg,IOTILE
0,2,CFG_OE_POWERUP,0,82290,2,ioreg,IOTILE
0,2,CFG_OE_POWERUP,1,83450,2,ioreg,IOTILE
0,2,CFG_OE_POWERUP,2,84610,2,ioreg,IOTILE
0,2,CFG_OE_POWERUP,3,86698,2,ioreg,IOTILE
0,2,CFG_OE_POWERUP,4,87858,2,ioreg,IOTILE
0,2,CFG_OE_POWERUP,5,89018,2,ioreg,IOTILE
0,2,CFG_OE_REG_MODE,0,82058,1,ioreg,IOTILE
0,2,CFG_OE_REG_MODE,1,83218,1,ioreg,IOTILE
0,2,CFG_OE_REG_MODE,2,84378,1,ioreg,IOTILE
0,2,CFG_OE_REG_MODE,3,86466,1,ioreg,IOTILE
0,2,CFG_OE_REG_MODE,4,87626,1,ioreg,IOTILE
0,2,CFG_OE_REG_MODE,5,88786,1,ioreg,IOTILE
0,2,CFG_OE_SYNC_MODE,0,82174,2,ioreg,IOTILE
0,2,CFG_OE_SYNC_MODE,1,83334,2,ioreg,IOTILE
0,2,CFG_OE_SYNC_MODE,2,84494,2,ioreg,IOTILE
0,2,CFG_OE_SYNC_MODE,3,86582,2,ioreg,IOTILE
0,2,CFG_OE_SYNC_MODE,4,87742,2,ioreg,IOTILE
0,2,CFG_OE_SYNC_MODE,5,88902,2,ioreg,IOTILE
0,2,CFG_OUTDELAY,0,82754,1,delay,IOTILE
0,2,CFG_OUTDELAY,1,83914,1,delay,IOTILE
0,2,CFG_OUTDELAY,2,85074,1,delay,IOTILE
0,2,CFG_OUTDELAY,3,87162,1,delay,IOTILE
0,2,CFG_OUTDELAY,4,88322,1,delay,IOTILE
0,2,CFG_OUTDELAY,5,89482,1,delay,IOTILE
0,2,CFG_OUT_ASYNC_MODE,0,81942,1,ioreg,IOTILE
0,2,CFG_OUT_ASYNC_MODE,1,83102,1,ioreg,IOTILE
0,2,CFG_OUT_ASYNC_MODE,2,84262,1,ioreg,IOTILE
0,2,CFG_OUT_ASYNC_MODE,3,86350,1,ioreg,IOTILE
0,2,CFG_OUT_ASYNC_MODE,4,87510,1,ioreg,IOTILE
0,2,CFG_OUT_ASYNC_MODE,5,88670,1,ioreg,IOTILE
0,2,CFG_OUT_POWERUP,0,82058,2,ioreg,IOTILE
0,2,CFG_OUT_POWERUP,1,83218,2,ioreg,IOTILE
0,2,CFG_OUT_POWERUP,2,84378,2,ioreg,IOTILE
0,2,CFG_OUT_POWERUP,3,86466,2,ioreg,IOTILE
0,2,CFG_OUT_POWERUP,4,87626,2,ioreg,IOTILE
0,2,CFG_OUT_POWERUP,5,88786,2,ioreg,IOTILE
0,2,CFG_OUT_REG_MODE,0,82290,1,ioreg,IOTILE
0,2,CFG_OUT_REG_MODE,1,83450,1,ioreg,IOTILE
0,2,CFG_OUT_REG_MODE,2,84610,1,ioreg,IOTILE
0,2,CFG_OUT_REG_MODE,3,86698,1,ioreg,IOTILE
0,2,CFG_OUT_REG_MODE,4,87858,1,ioreg,IOTILE
0,2,CFG_OUT_REG_MODE,5,89018,1,ioreg,IOTILE
0,2,CFG_OUT_SYNC_MODE,0,81942,2,ioreg,IOTILE
0,2,CFG_OUT_SYNC_MODE,1,83102,2,ioreg,IOTILE
0,2,CFG_OUT_SYNC_MODE,2,84262,2,ioreg,IOTILE
0,2,CFG_OUT_SYNC_MODE,3,86350,2,ioreg,IOTILE
0,2,CFG_OUT_SYNC_MODE,4,87510,2,ioreg,IOTILE
0,2,CFG_OUT_SYNC_MODE,5,88670,2,ioreg,IOTILE
0,3,CFG_INDA_DELAY,0,74518,2,delay,IOTILE
0,3,CFG_INDA_DELAY,1,74518,1,delay,IOTILE
0,3,CFG_INDA_DELAY,2,74634,2,delay,IOTILE
0,3,CFG_INDA_DELAY,3,75678,2,delay,IOTILE
0,3,CFG_INDA_DELAY,4,75678,1,delay,IOTILE
0,3,CFG_INDA_DELAY,5,75794,2,delay,IOTILE
0,3,CFG_INDA_DELAY,6,76838,2,delay,IOTILE
0,3,CFG_INDA_DELAY,7,76838,1,delay,IOTILE
0,3,CFG_INDA_DELAY,8,76954,2,delay,IOTILE
0,3,CFG_INDA_DELAY,9,78926,2,delay,IOTILE
0,3,CFG_INDA_DELAY,10,78926,1,delay,IOTILE
0,3,CFG_INDA_DELAY,11,79042,2,delay,IOTILE
0,3,CFG_INDA_DELAY,12,80086,2,delay,IOTILE
0,3,CFG_INDA_DELAY,13,80086,1,delay,IOTILE
0,3,CFG_INDA_DELAY,14,80202,2,delay,IOTILE
0,3,CFG_INDA_DELAY,15,81246,2,delay,IOTILE
0,3,CFG_INDA_DELAY,16,81246,1,delay,IOTILE
0,3,CFG_INDA_DELAY,17,81362,2,delay,IOTILE
0,3,CFG_INPUTMUX0,0,73822,8,mux,IOTILE
0,3,CFG_INPUTMUX0,1,74054,8,mux,IOTILE
0,3,CFG_INPUTMUX1,0,74982,8,mux,IOTILE
0,3,CFG_INPUTMUX1,1,75214,8,mux,IOTILE
0,3,CFG_INPUTMUX2,0,75910,8,mux,IOTILE
0,3,CFG_INPUTMUX2,1,76142,8,mux,IOTILE
0,3,CFG_INPUTMUX3,0,78926,8,mux,IOTILE
0,3,CFG_INPUTMUX3,1,79158,8,mux,IOTILE
0,3,CFG_INPUTMUX4,0,79390,8,mux,IOTILE
0,3,CFG_INPUTMUX4,1,79622,8,mux,IOTILE
0,3,CFG_INPUTMUX5,0,80550,8,mux,IOTILE
0,3,CFG_INPUTMUX5,1,80782,8,mux,IOTILE
0,3,CFG_INREG_DELAY,0,74634,1,delay,IOTILE
0,3,CFG_INREG_DELAY,1,74750,1,delay,IOTILE
0,3,CFG_INREG_DELAY,2,74750,2,delay,IOTILE
0,3,CFG_INREG_DELAY,3,75794,1,delay,IOTILE
0,3,CFG_INREG_DELAY,4,75910,1,delay,IOTILE
0,3,CFG_INREG_DELAY,5,75910,2,delay,IOTILE
0,3,CFG_INREG_DELAY,6,76954,1,delay,IOTILE
0,3,CFG_INREG_DELAY,7,77070,1,delay,IOTILE
0,3,CFG_INREG_DELAY,8,77070,2,delay,IOTILE
0,3,CFG_INREG_DELAY,9,79042,1,delay,IOTILE
0,3,CFG_INREG_DELAY,10,79158,1,delay,IOTILE
0,3,CFG_INREG_DELAY,11,79158,2,delay,IOTILE
0,3,CFG_INREG_DELAY,12,80202,1,delay,IOTILE
0,3,CFG_INREG_DELAY,13,80318,1,delay,IOTILE
0,3,CFG_INREG_DELAY,14,80318,2,delay,IOTILE
0,3,CFG_INREG_DELAY,15,81362,1,delay,IOTILE
0,3,CFG_INREG_DELAY,16,81478,1,delay,IOTILE
0,3,CFG_INREG_DELAY,17,81478,2,delay,IOTILE
0,3,CFG_IN_ASYNC_MODE,0,73822,1,ioreg,IOTILE
0,3,CFG_IN_ASYNC_MODE,1,74982,1,ioreg,IOTILE
0,3,CFG_IN_ASYNC_MODE,2,76142,1,ioreg,IOTILE
0,3,CFG_IN_ASYNC_MODE,3,78230,1,ioreg,IOTILE
0,3,CFG_IN_ASYNC_MODE,4,79390,1,ioreg,IOTILE
0,3,CFG_IN_ASYNC_MODE,5,80550,1,ioreg,IOTILE
0,3,CFG_IN_POWERUP,0,73938,2,ioreg,IOTILE
0,3,CFG_IN_POWERUP,1,75098,2,ioreg,IOTILE
0,3,CFG_IN_POWERUP,2,76258,2,ioreg,IOTILE
0,3,CFG_IN_POWERUP,3,78346,2,ioreg,IOTILE
0,3,CFG_IN_POWERUP,4,79506,2,ioreg,IOTILE
0,3,CFG_IN_POWERUP,5,80666,2,ioreg,IOTILE
0,3,CFG_IN_SYNC_MODE,0,73822,2,ioreg,IOTILE
0,3,CFG_IN_SYNC_MODE,1,74982,2,ioreg,IOTILE
0,3,CFG_IN_SYNC_MODE,2,76142,2,ioreg,IOTILE
0,3,CFG_IN_SYNC_MODE,3,78230,2,ioreg,IOTILE
0,3,CFG_IN_SYNC_MODE,4,79390,2,ioreg,IOTILE
0,3,CFG_IN_SYNC_MODE,5,80550,2,ioreg,IOTILE
0,3,CFG_IOMUX0,0,73821,1,mux,IOTILE
0,3,CFG_IOMUX0,1,73937,1,mux,IOTILE
0,3,CFG_IOMUX0,2,73821,2,mux,IOTILE
0,3,CFG_IOMUX0,3,73937,2,mux,IOTILE
0,3,CFG_IOMUX0,4,73821,4,mux,IOTILE
0,3,CFG_IOMUX0,5,73937,4,mux,IOTILE
0,3,CFG_IOMUX0,6,73937,8,mux,IOTILE
0,3,CFG_IOMUX0,7,74053,1,mux,IOTILE
0,3,CFG_IOMUX0,8,74169,1,mux,IOTILE
0,3,CFG_IOMUX0,9,74053,2,mux,IOTILE
0,3,CFG_IOMUX0,10,74169,2,mux,IOTILE
0,3,CFG_IOMUX0,11,74053,4,mux,IOTILE
0,3,CFG_IOMUX0,12,74169,4,mux,IOTILE
0,3,CFG_IOMUX0,13,74169,8,mux,IOTILE
0,3,CFG_IOMUX0,14,74285,1,mux,IOTILE
0,3,CFG_IOMUX0,15,74401,1,mux,IOTILE
0,3,CFG_IOMUX0,16,74285,2,mux,IOTILE
0,3,CFG_IOMUX0,17,74401,2,mux,IOTILE
0,3,CFG_IOMUX0,18,74285,4,mux,IOTILE
0,3,CFG_IOMUX0,19,74401,4,mux,IOTILE
0,3,CFG_IOMUX0,20,74401,8,mux,IOTILE
0,3,CFG_IOMUX0,21,74517,1,mux,IOTILE
0,3,CFG_IOMUX0,22,74633,1,mux,IOTILE
0,3,CFG_IOMUX0,23,74517,2,mux,IOTILE
0,3,CFG_IOMUX0,24,74633,2,mux,IOTILE
0,3,CFG_IOMUX0,25,74517,4,mux,IOTILE
0,3,CFG_IOMUX0,26,74633,4,mux,IOTILE
0,3,CFG_IOMUX0,27,74633,8,mux,IOTILE
0,3,CFG_IOMUX0,28,74749,1,mux,IOTILE
0,3,CFG_IOMUX0,29,74865,1,mux,IOTILE
0,3,CFG_IOMUX0,30,74749,2,mux,IOTILE
0,3,CFG_IOMUX0,31,74865,2,mux,IOTILE
0,3,CFG_IOMUX0,32,74749,4,mux,IOTILE
0,3,CFG_IOMUX0,33,74865,4,mux,IOTILE
0,3,CFG_IOMUX0,34,74865,8,mux,IOTILE
0,3,CFG_IOMUX0,35,74981,1,mux,IOTILE
0,3,CFG_IOMUX0,36,75097,1,mux,IOTILE
0,3,CFG_IOMUX0,37,74981,2,mux,IOTILE
0,3,CFG_IOMUX0,38,75097,2,mux,IOTILE
0,3,CFG_IOMUX0,39,74981,4,mux,IOTILE
0,3,CFG_IOMUX0,40,75097,4,mux,IOTILE
0,3,CFG_IOMUX0,41,75097,8,mux,IOTILE
0,3,CFG_IOMUX1,0,75213,1,mux,IOTILE
0,3,CFG_IOMUX1,1,75329,1,mux,IOTILE
0,3,CFG_IOMUX1,2,75213,2,mux,IOTILE
0,3,CFG_IOMUX1,3,75329,2,mux,IOTILE
0,3,CFG_IOMUX1,4,75213,4,mux,IOTILE
0,3,CFG_IOMUX1,5,75329,4,mux,IOTILE
0,3,CFG_IOMUX1,6,75329,8,mux,IOTILE
0,3,CFG_IOMUX1,7,75445,1,mux,IOTILE
0,3,CFG_IOMUX1,8,75561,1,mux,IOTILE
0,3,CFG_IOMUX1,9,75445,2,mux,IOTILE
0,3,CFG_IOMUX1,10,75561,2,mux,IOTILE
0,3,CFG_IOMUX1,11,75445,4,mux,IOTILE
0,3,CFG_IOMUX1,12,75561,4,mux,IOTILE
0,3,CFG_IOMUX1,13,75561,8,mux,IOTILE
0,3,CFG_IOMUX1,14,73822,128,mux,IOTILE
0,3,CFG_IOMUX1,15,73938,128,mux,IOTILE
0,3,CFG_IOMUX1,16,73822,64,mux,IOTILE
0,3,CFG_IOMUX1,17,73938,64,mux,IOTILE
0,3,CFG_IOMUX1,18,73822,32,mux,IOTILE
0,3,CFG_IOMUX1,19,73938,32,mux,IOTILE
0,3,CFG_IOMUX1,20,73938,16,mux,IOTILE
0,3,CFG_IOMUX1,21,74054,128,mux,IOTILE
0,3,CFG_IOMUX1,22,74170,128,mux,IOTILE
0,3,CFG_IOMUX1,23,74054,64,mux,IOTILE
0,3,CFG_IOMUX1,24,74170,64,mux,IOTILE
0,3,CFG_IOMUX1,25,74054,32,mux,IOTILE
0,3,CFG_IOMUX1,26,74170,32,mux,IOTILE
0,3,CFG_IOMUX1,27,74170,16,mux,IOTILE
0,3,CFG_IOMUX1,28,74286,128,mux,IOTILE
0,3,CFG_IOMUX1,29,74402,128,mux,IOTILE
0,3,CFG_IOMUX1,30,74286,64,mux,IOTILE
0,3,CFG_IOMUX1,31,74402,64,mux,IOTILE
0,3,CFG_IOMUX1,32,74286,32,mux,IOTILE
0,3,CFG_IOMUX1,33,74402,32,mux,IOTILE
0,3,CFG_IOMUX1,34,74402,16,mux,IOTILE
0,3,CFG_IOMUX1,35,74518,128,mux,IOTILE
0,3,CFG_IOMUX1,36,74634,128,mux,IOTILE
0,3,CFG_IOMUX1,37,74518,64,mux,IOTILE
0,3,CFG_IOMUX1,38,74634,64,mux,IOTILE
0,3,CFG_IOMUX1,39,74518,32,mux,IOTILE
0,3,CFG_IOMUX1,40,74634,32,mux,IOTILE
0,3,CFG_IOMUX1,41,74634,16,mux,IOTILE
0,3,CFG_IOMUX2,0,74750,128,mux,IOTILE
0,3,CFG_IOMUX2,1,74866,128,mux,IOTILE
0,3,CFG_IOMUX2,2,74750,64,mux,IOTILE
0,3,CFG_IOMUX2,3,74866,64,mux,IOTILE
0,3,CFG_IOMUX2,4,74750,32,mux,IOTILE
0,3,CFG_IOMUX2,5,74866,32,mux,IOTILE
0,3,CFG_IOMUX2,6,74866,16,mux,IOTILE
0,3,CFG_IOMUX2,7,74982,128,mux,IOTILE
0,3,CFG_IOMUX2,8,75098,128,mux,IOTILE
0,3,CFG_IOMUX2,9,74982,64,mux,IOTILE
0,3,CFG_IOMUX2,10,75098,64,mux,IOTILE
0,3,CFG_IOMUX2,11,74982,32,mux,IOTILE
0,3,CFG_IOMUX2,12,75098,32,mux,IOTILE
0,3,CFG_IOMUX2,13,75098,16,mux,IOTILE
0,3,CFG_IOMUX2,14,75214,128,mux,IOTILE
0,3,CFG_IOMUX2,15,75330,128,mux,IOTILE
0,3,CFG_IOMUX2,16,75214,64,mux,IOTILE
0,3,CFG_IOMUX2,17,75330,64,mux,IOTILE
0,3,CFG_IOMUX2,18,75214,32,mux,IOTILE
0,3,CFG_IOMUX2,19,75330,32,mux,IOTILE
0,3,CFG_IOMUX2,20,75330,16,mux,IOTILE
0,3,CFG_IOMUX2,21,75446,128,mux,IOTILE
0,3,CFG_IOMUX2,22,75562,128,mux,IOTILE
0,3,CFG_IOMUX2,23,75446,64,mux,IOTILE
0,3,CFG_IOMUX2,24,75562,64,mux,IOTILE
0,3,CFG_IOMUX2,25,75446,32,mux,IOTILE
0,3,CFG_IOMUX2,26,75562,32,mux,IOTILE
0,3,CFG_IOMUX2,27,75562,16,mux,IOTILE
0,3,CFG_IOMUX2,28,79853,1,mux,IOTILE
0,3,CFG_IOMUX2,29,79969,1,mux,IOTILE
0,3,CFG_IOMUX2,30,79853,2,mux,IOTILE
0,3,CFG_IOMUX2,31,79969,2,mux,IOTILE
0,3,CFG_IOMUX2,32,79853,4,mux,IOTILE
0,3,CFG_IOMUX2,33,79969,4,mux,IOTILE
0,3,CFG_IOMUX2,34,79969,8,mux,IOTILE
0,3,CFG_IOMUX2,35,80085,1,mux,IOTILE
0,3,CFG_IOMUX2,36,80201,1,mux,IOTILE
0,3,CFG_IOMUX2,37,80085,2,mux,IOTILE
0,3,CFG_IOMUX2,38,80201,2,mux,IOTILE
0,3,CFG_IOMUX2,39,80085,4,mux,IOTILE
0,3,CFG_IOMUX2,40,80201,4,mux,IOTILE
0,3,CFG_IOMUX2,41,80201,8,mux,IOTILE
0,3,CFG_IOMUX3,0,80317,1,mux,IOTILE
0,3,CFG_IOMUX3,1,80433,1,mux,IOTILE
0,3,CFG_IOMUX3,2,80317,2,mux,IOTILE
0,3,CFG_IOMUX3,3,80433,2,mux,IOTILE
0,3,CFG_IOMUX3,4,80317,4,mux,IOTILE
0,3,CFG_IOMUX3,5,80433,4,mux,IOTILE
0,3,CFG_IOMUX3,6,80433,8,mux,IOTILE
0,3,CFG_IOMUX3,7,80549,1,mux,IOTILE
0,3,CFG_IOMUX3,8,80665,1,mux,IOTILE
0,3,CFG_IOMUX3,9,80549,2,mux,IOTILE
0,3,CFG_IOMUX3,10,80665,2,mux,IOTILE
0,3,CFG_IOMUX3,11,80549,4,mux,IOTILE
0,3,CFG_IOMUX3,12,80665,4,mux,IOTILE
0,3,CFG_IOMUX3,13,80665,8,mux,IOTILE
0,3,CFG_IOMUX3,14,80781,1,mux,IOTILE
0,3,CFG_IOMUX3,15,80897,1,mux,IOTILE
0,3,CFG_IOMUX3,16,80781,2,mux,IOTILE
0,3,CFG_IOMUX3,17,80897,2,mux,IOTILE
0,3,CFG_IOMUX3,18,80781,4,mux,IOTILE
0,3,CFG_IOMUX3,19,80897,4,mux,IOTILE
0,3,CFG_IOMUX3,20,80897,8,mux,IOTILE
0,3,CFG_IOMUX3,21,81013,1,mux,IOTILE
0,3,CFG_IOMUX3,22,81129,1,mux,IOTILE
0,3,CFG_IOMUX3,23,81013,2,mux,IOTILE
0,3,CFG_IOMUX3,24,81129,2,mux,IOTILE
0,3,CFG_IOMUX3,25,81013,4,mux,IOTILE
0,3,CFG_IOMUX3,26,81129,4,mux,IOTILE
0,3,CFG_IOMUX3,27,81129,8,mux,IOTILE
0,3,CFG_IOMUX3,28,81245,1,mux,IOTILE
0,3,CFG_IOMUX3,29,81361,1,mux,IOTILE
0,3,CFG_IOMUX3,30,81245,2,mux,IOTILE
0,3,CFG_IOMUX3,31,81361,2,mux,IOTILE
0,3,CFG_IOMUX3,32,81245,4,mux,IOTILE
0,3,CFG_IOMUX3,33,81361,4,mux,IOTILE
0,3,CFG_IOMUX3,34,81361,8,mux,IOTILE
0,3,CFG_IOMUX3,35,81477,1,mux,IOTILE
0,3,CFG_IOMUX3,36,81593,1,mux,IOTILE
0,3,CFG_IOMUX3,37,81477,2,mux,IOTILE
0,3,CFG_IOMUX3,38,81593,2,mux,IOTILE
0,3,CFG_IOMUX3,39,81477,4,mux,IOTILE
0,3,CFG_IOMUX3,40,81593,4,mux,IOTILE
0,3,CFG_IOMUX3,41,81593,8,mux,IOTILE
0,3,CFG_IOMUX4,0,79854,128,mux,IOTILE
0,3,CFG_IOMUX4,1,79970,128,mux,IOTILE
0,3,CFG_IOMUX4,2,79854,64,mux,IOTILE
0,3,CFG_IOMUX4,3,79970,64,mux,IOTILE
0,3,CFG_IOMUX4,4,79854,32,mux,IOTILE
0,3,CFG_IOMUX4,5,79970,32,mux,IOTILE
0,3,CFG_IOMUX4,6,79970,16,mux,IOTILE
0,3,CFG_IOMUX4,7,80086,128,mux,IOTILE
0,3,CFG_IOMUX4,8,80202,128,mux,IOTILE
0,3,CFG_IOMUX4,9,80086,64,mux,IOTILE
0,3,CFG_IOMUX4,10,80202,64,mux,IOTILE
0,3,CFG_IOMUX4,11,80086,32,mux,IOTILE
0,3,CFG_IOMUX4,12,80202,32,mux,IOTILE
0,3,CFG_IOMUX4,13,80202,16,mux,IOTILE
0,3,CFG_IOMUX4,14,80318,128,mux,IOTILE
0,3,CFG_IOMUX4,15,80434,128,mux,IOTILE
0,3,CFG_IOMUX4,16,80318,64,mux,IOTILE
0,3,CFG_IOMUX4,17,80434,64,mux,IOTILE
0,3,CFG_IOMUX4,18,80318,32,mux,IOTILE
0,3,CFG_IOMUX4,19,80434,32,mux,IOTILE
0,3,CFG_IOMUX4,20,80434,16,mux,IOTILE
0,3,CFG_IOMUX4,21,80550,128,mux,IOTILE
0,3,CFG_IOMUX4,22,80666,128,mux,IOTILE
0,3,CFG_IOMUX4,23,80550,64,mux,IOTILE
0,3,CFG_IOMUX4,24,80666,64,mux,IOTILE
0,3,CFG_IOMUX4,25,80550,32,mux,IOTILE
0,3,CFG_IOMUX4,26,80666,32,mux,IOTILE
0,3,CFG_IOMUX4,27,80666,16,mux,IOTILE
0,3,CFG_IOMUX4,28,80782,128,mux,IOTILE
0,3,CFG_IOMUX4,29,80898,128,mux,IOTILE
0,3,CFG_IOMUX4,30,80782,64,mux,IOTILE
0,3,CFG_IOMUX4,31,80898,64,mux,IOTILE
0,3,CFG_IOMUX4,32,80782,32,mux,IOTILE
0,3,CFG_IOMUX4,33,80898,32,mux,IOTILE
0,3,CFG_IOMUX4,34,80898,16,mux,IOTILE
0,3,CFG_IOMUX4,35,81014,128,mux,IOTILE
0,3,CFG_IOMUX4,36,81130,128,mux,IOTILE
0,3,CFG_IOMUX4,37,81014,64,mux,IOTILE
0,3,CFG_IOMUX4,38,81130,64,mux,IOTILE
0,3,CFG_IOMUX4,39,81014,32,mux,IOTILE
0,3,CFG_IOMUX4,40,81130,32,mux,IOTILE
0,3,CFG_IOMUX4,41,81130,16,mux,IOTILE
0,3,CFG_IOMUX5,0,81246,128,mux,IOTILE
0,3,CFG_IOMUX5,1,81362,128,mux,IOTILE
0,3,CFG_IOMUX5,2,81246,64,mux,IOTILE
0,3,CFG_IOMUX5,3,81362,64,mux,IOTILE
0,3,CFG_IOMUX5,4,81246,32,mux,IOTILE
0,3,CFG_IOMUX5,5,81362,32,mux,IOTILE
0,3,CFG_IOMUX5,6,81362,16,mux,IOTILE
0,3,CFG_IOMUX5,7,81478,128,mux,IOTILE
0,3,CFG_IOMUX5,8,81594,128,mux,IOTILE
0,3,CFG_IOMUX5,9,81478,64,mux,IOTILE
0,3,CFG_IOMUX5,10,81594,64,mux,IOTILE
0,3,CFG_IOMUX5,11,81478,32,mux,IOTILE
0,3,CFG_IOMUX5,12,81594,32,mux,IOTILE
0,3,CFG_IOMUX5,13,81594,16,mux,IOTILE
0,3,CFG_IOMUX5,14,78925,1,mux,IOTILE
0,3,CFG_IOMUX5,15,79041,1,mux,IOTILE
0,3,CFG_IOMUX5,16,78925,2,mux,IOTILE
0,3,CFG_IOMUX5,17,79041,2,mux,IOTILE
0,3,CFG_IOMUX5,18,78925,4,mux,IOTILE
0,3,CFG_IOMUX5,19,79041,4,mux,IOTILE
0,3,CFG_IOMUX5,20,79041,8,mux,IOTILE
0,3,CFG_IOMUX5,21,79157,1,mux,IOTILE
0,3,CFG_IOMUX5,22,79273,1,mux,IOTILE
0,3,CFG_IOMUX5,23,79157,2,mux,IOTILE
0,3,CFG_IOMUX5,24,79273,2,mux,IOTILE
0,3,CFG_IOMUX5,25,79157,4,mux,IOTILE
0,3,CFG_IOMUX5,26,79273,4,mux,IOTILE
0,3,CFG_IOMUX5,27,79273,8,mux,IOTILE
0,3,CFG_IOMUX5,28,79389,1,mux,IOTILE
0,3,CFG_IOMUX5,29,79505,1,mux,IOTILE
0,3,CFG_IOMUX5,30,79389,2,mux,IOTILE
0,3,CFG_IOMUX5,31,79505,2,mux,IOTILE
0,3,CFG_IOMUX5,32,79389,4,mux,IOTILE
0,3,CFG_IOMUX5,33,79505,4,mux,IOTILE
0,3,CFG_IOMUX5,34,79505,8,mux,IOTILE
0,3,CFG_IOMUX5,35,79621,1,mux,IOTILE
0,3,CFG_IOMUX5,36,79737,1,mux,IOTILE
0,3,CFG_IOMUX5,37,79621,2,mux,IOTILE
0,3,CFG_IOMUX5,38,79737,2,mux,IOTILE
0,3,CFG_IOMUX5,39,79621,4,mux,IOTILE
0,3,CFG_IOMUX5,40,79737,4,mux,IOTILE
0,3,CFG_IOMUX5,41,79737,8,mux,IOTILE
0,3,CFG_OE_ASYNC_MODE,0,74286,1,ioreg,IOTILE
0,3,CFG_OE_ASYNC_MODE,1,75446,1,ioreg,IOTILE
0,3,CFG_OE_ASYNC_MODE,2,76606,1,ioreg,IOTILE
0,3,CFG_OE_ASYNC_MODE,3,78694,1,ioreg,IOTILE
0,3,CFG_OE_ASYNC_MODE,4,79854,1,ioreg,IOTILE
0,3,CFG_OE_ASYNC_MODE,5,81014,1,ioreg,IOTILE
0,3,CFG_OE_POWERUP,0,74402,2,ioreg,IOTILE
0,3,CFG_OE_POWERUP,1,75562,2,ioreg,IOTILE
0,3,CFG_OE_POWERUP,2,76722,2,ioreg,IOTILE
0,3,CFG_OE_POWERUP,3,78810,2,ioreg,IOTILE
0,3,CFG_OE_POWERUP,4,79970,2,ioreg,IOTILE
0,3,CFG_OE_POWERUP,5,81130,2,ioreg,IOTILE
0,3,CFG_OE_REG_MODE,0,74170,1,ioreg,IOTILE
0,3,CFG_OE_REG_MODE,1,75330,1,ioreg,IOTILE
0,3,CFG_OE_REG_MODE,2,76490,1,ioreg,IOTILE
0,3,CFG_OE_REG_MODE,3,78578,1,ioreg,IOTILE
0,3,CFG_OE_REG_MODE,4,79738,1,ioreg,IOTILE
0,3,CFG_OE_REG_MODE,5,80898,1,ioreg,IOTILE
0,3,CFG_OE_SYNC_MODE,0,74286,2,ioreg,IOTILE
0,3,CFG_OE_SYNC_MODE,1,75446,2,ioreg,IOTILE
0,3,CFG_OE_SYNC_MODE,2,76606,2,ioreg,IOTILE
0,3,CFG_OE_SYNC_MODE,3,78694,2,ioreg,IOTILE
0,3,CFG_OE_SYNC_MODE,4,79854,2,ioreg,IOTILE
0,3,CFG_OE_SYNC_MODE,5,81014,2,ioreg,IOTILE
0,3,CFG_OUTDELAY,0,74866,1,delay,IOTILE
0,3,CFG_OUTDELAY,1,76026,1,delay,IOTILE
0,3,CFG_OUTDELAY,2,77186,1,delay,IOTILE
0,3,CFG_OUTDELAY,3,79274,1,delay,IOTILE
0,3,CFG_OUTDELAY,4,80434,1,delay,IOTILE
0,3,CFG_OUTDELAY,5,81594,1,delay,IOTILE
0,3,CFG_OUT_ASYNC_MODE,0,74054,1,ioreg,IOTILE
0,3,CFG_OUT_ASYNC_MODE,1,75214,1,ioreg,IOTILE
0,3,CFG_OUT_ASYNC_MODE,2,76374,1,ioreg,IOTILE
0,3,CFG_OUT_ASYNC_MODE,3,78462,1,ioreg,IOTILE
0,3,CFG_OUT_ASYNC_MODE,4,79622,1,ioreg,IOTILE
0,3,CFG_OUT_ASYNC_MODE,5,80782,1,ioreg,IOTILE
0,3,CFG_OUT_POWERUP,0,74170,2,ioreg,IOTILE
0,3,CFG_OUT_POWERUP,1,75330,2,ioreg,IOTILE
0,3,CFG_OUT_POWERUP,2,76490,2,ioreg,IOTILE
0,3,CFG_OUT_POWERUP,3,78578,2,ioreg,IOTILE
0,3,CFG_OUT_POWERUP,4,79738,2,ioreg,IOTILE
0,3,CFG_OUT_POWERUP,5,80898,2,ioreg,IOTILE
0,3,CFG_OUT_REG_MODE,0,74402,1,ioreg,IOTILE
0,3,CFG_OUT_REG_MODE,1,75562,1,ioreg,IOTILE
0,3,CFG_OUT_REG_MODE,2,76722,1,ioreg,IOTILE
0,3,CFG_OUT_REG_MODE,3,78810,1,ioreg,IOTILE
0,3,CFG_OUT_REG_MODE,4,79970,1,ioreg,IOTILE
0,3,CFG_OUT_REG_MODE,5,81130,1,ioreg,IOTILE
0,3,CFG_OUT_SYNC_MODE,0,74054,2,ioreg,IOTILE
0,3,CFG_OUT_SYNC_MODE,1,75214,2,ioreg,IOTILE
0,3,CFG_OUT_SYNC_MODE,2,76374,2,ioreg,IOTILE
0,3,CFG_OUT_SYNC_MODE,3,78462,2,ioreg,IOTILE
0,3,CFG_OUT_SYNC_MODE,4,79622,2,ioreg,IOTILE
0,3,CFG_OUT_SYNC_MODE,5,80782,2,ioreg,IOTILE
0,4,CFG_INDA_DELAY,0,66630,2,delay,IOTILE
0,4,CFG_INDA_DELAY,1,66630,1,delay,IOTILE
0,4,CFG_INDA_DELAY,2,66746,2,delay,IOTILE
0,4,CFG_INDA_DELAY,3,67790,2,delay,IOTILE
0,4,CFG_INDA_DELAY,4,67790,1,delay,IOTILE
0,4,CFG_INDA_DELAY,5,67906,2,delay,IOTILE
0,4,CFG_INDA_DELAY,6,68950,2,delay,IOTILE
0,4,CFG_INDA_DELAY,7,68950,1,delay,IOTILE
0,4,CFG_INDA_DELAY,8,69066,2,delay,IOTILE
0,4,CFG_INDA_DELAY,9,71038,2,delay,IOTILE
0,4,CFG_INDA_DELAY,10,71038,1,delay,IOTILE
0,4,CFG_INDA_DELAY,11,71154,2,delay,IOTILE
0,4,CFG_INDA_DELAY,12,72198,2,delay,IOTILE
0,4,CFG_INDA_DELAY,13,72198,1,delay,IOTILE
0,4,CFG_INDA_DELAY,14,72314,2,delay,IOTILE
0,4,CFG_INDA_DELAY,15,73358,2,delay,IOTILE
0,4,CFG_INDA_DELAY,16,73358,1,delay,IOTILE
0,4,CFG_INDA_DELAY,17,73474,2,delay,IOTILE
0,4,CFG_INPUTMUX0,0,65934,8,mux,IOTILE
0,4,CFG_INPUTMUX0,1,66166,8,mux,IOTILE
0,4,CFG_INPUTMUX1,0,67094,8,mux,IOTILE
0,4,CFG_INPUTMUX1,1,67326,8,mux,IOTILE
0,4,CFG_INPUTMUX2,0,68022,8,mux,IOTILE
0,4,CFG_INPUTMUX2,1,68254,8,mux,IOTILE
0,4,CFG_INPUTMUX3,0,71038,8,mux,IOTILE
0,4,CFG_INPUTMUX3,1,71270,8,mux,IOTILE
0,4,CFG_INPUTMUX4,0,71502,8,mux,IOTILE
0,4,CFG_INPUTMUX4,1,71734,8,mux,IOTILE
0,4,CFG_INPUTMUX5,0,72662,8,mux,IOTILE
0,4,CFG_INPUTMUX5,1,72894,8,mux,IOTILE
0,4,CFG_INREG_DELAY,0,66746,1,delay,IOTILE
0,4,CFG_INREG_DELAY,1,66862,1,delay,IOTILE
0,4,CFG_INREG_DELAY,2,66862,2,delay,IOTILE
0,4,CFG_INREG_DELAY,3,67906,1,delay,IOTILE
0,4,CFG_INREG_DELAY,4,68022,1,delay,IOTILE
0,4,CFG_INREG_DELAY,5,68022,2,delay,IOTILE
0,4,CFG_INREG_DELAY,6,69066,1,delay,IOTILE
0,4,CFG_INREG_DELAY,7,69182,1,delay,IOTILE
0,4,CFG_INREG_DELAY,8,69182,2,delay,IOTILE
0,4,CFG_INREG_DELAY,9,71154,1,delay,IOTILE
0,4,CFG_INREG_DELAY,10,71270,1,delay,IOTILE
0,4,CFG_INREG_DELAY,11,71270,2,delay,IOTILE
0,4,CFG_INREG_DELAY,12,72314,1,delay,IOTILE
0,4,CFG_INREG_DELAY,13,72430,1,delay,IOTILE
0,4,CFG_INREG_DELAY,14,72430,2,delay,IOTILE
0,4,CFG_INREG_DELAY,15,73474,1,delay,IOTILE
0,4,CFG_INREG_DELAY,16,73590,1,delay,IOTILE
0,4,CFG_INREG_DELAY,17,73590,2,delay,IOTILE
0,4,CFG_IN_ASYNC_MODE,0,65934,1,ioreg,IOTILE
0,4,CFG_IN_ASYNC_MODE,1,67094,1,ioreg,IOTILE
0,4,CFG_IN_ASYNC_MODE,2,68254,1,ioreg,IOTILE
0,4,CFG_IN_ASYNC_MODE,3,70342,1,ioreg,IOTILE
0,4,CFG_IN_ASYNC_MODE,4,71502,1,ioreg,IOTILE
0,4,CFG_IN_ASYNC_MODE,5,72662,1,ioreg,IOTILE
0,4,CFG_IN_POWERUP,0,66050,2,ioreg,IOTILE
0,4,CFG_IN_POWERUP,1,67210,2,ioreg,IOTILE
0,4,CFG_IN_POWERUP,2,68370,2,ioreg,IOTILE
0,4,CFG_IN_POWERUP,3,70458,2,ioreg,IOTILE
0,4,CFG_IN_POWERUP,4,71618,2,ioreg,IOTILE
0,4,CFG_IN_POWERUP,5,72778,2,ioreg,IOTILE
0,4,CFG_IN_SYNC_MODE,0,65934,2,ioreg,IOTILE
0,4,CFG_IN_SYNC_MODE,1,67094,2,ioreg,IOTILE
0,4,CFG_IN_SYNC_MODE,2,68254,2,ioreg,IOTILE
0,4,CFG_IN_SYNC_MODE,3,70342,2,ioreg,IOTILE
0,4,CFG_IN_SYNC_MODE,4,71502,2,ioreg,IOTILE
0,4,CFG_IN_SYNC_MODE,5,72662,2,ioreg,IOTILE
0,4,CFG_IOMUX0,0,65933,1,mux,IOTILE
0,4,CFG_IOMUX0,1,66049,1,mux,IOTILE
0,4,CFG_IOMUX0,2,65933,2,mux,IOTILE
0,4,CFG_IOMUX0,3,66049,2,mux,IOTILE
0,4,CFG_IOMUX0,4,65933,4,mux,IOTILE
0,4,CFG_IOMUX0,5,66049,4,mux,IOTILE
0,4,CFG_IOMUX0,6,66049,8,mux,IOTILE
0,4,CFG_IOMUX0,7,66165,1,mux,IOTILE
0,4,CFG_IOMUX0,8,66281,1,mux,IOTILE
0,4,CFG_IOMUX0,9,66165,2,mux,IOTILE
0,4,CFG_IOMUX0,10,66281,2,mux,IOTILE
0,4,CFG_IOMUX0,11,66165,4,mux,IOTILE
0,4,CFG_IOMUX0,12,66281,4,mux,IOTILE
0,4,CFG_IOMUX0,13,66281,8,mux,IOTILE
0,4,CFG_IOMUX0,14,66397,1,mux,IOTILE
0,4,CFG_IOMUX0,15,66513,1,mux,IOTILE
0,4,CFG_IOMUX0,16,66397,2,mux,IOTILE
0,4,CFG_IOMUX0,17,66513,2,mux,IOTILE
0,4,CFG_IOMUX0,18,66397,4,mux,IOTILE
0,4,CFG_IOMUX0,19,66513,4,mux,IOTILE
0,4,CFG_IOMUX0,20,66513,8,mux,IOTILE
0,4,CFG_IOMUX0,21,66629,1,mux,IOTILE
0,4,CFG_IOMUX0,22,66745,1,mux,IOTILE
0,4,CFG_IOMUX0,23,66629,2,mux,IOTILE
0,4,CFG_IOMUX0,24,66745,2,mux,IOTILE
0,4,CFG_IOMUX0,25,66629,4,mux,IOTILE
0,4,CFG_IOMUX0,26,66745,4,mux,IOTILE
0,4,CFG_IOMUX0,27,66745,8,mux,IOTILE
0,4,CFG_IOMUX0,28,66861,1,mux,IOTILE
0,4,CFG_IOMUX0,29,66977,1,mux,IOTILE
0,4,CFG_IOMUX0,30,66861,2,mux,IOTILE
0,4,CFG_IOMUX0,31,66977,2,mux,IOTILE
0,4,CFG_IOMUX0,32,66861,4,mux,IOTILE
0,4,CFG_IOMUX0,33,66977,4,mux,IOTILE
0,4,CFG_IOMUX0,34,66977,8,mux,IOTILE
0,4,CFG_IOMUX0,35,67093,1,mux,IOTILE
0,4,CFG_IOMUX0,36,67209,1,mux,IOTILE
0,4,CFG_IOMUX0,37,67093,2,mux,IOTILE
0,4,CFG_IOMUX0,38,67209,2,mux,IOTILE
0,4,CFG_IOMUX0,39,67093,4,mux,IOTILE
0,4,CFG_IOMUX0,40,67209,4,mux,IOTILE
0,4,CFG_IOMUX0,41,67209,8,mux,IOTILE
0,4,CFG_IOMUX1,0,67325,1,mux,IOTILE
0,4,CFG_IOMUX1,1,67441,1,mux,IOTILE
0,4,CFG_IOMUX1,2,67325,2,mux,IOTILE
0,4,CFG_IOMUX1,3,67441,2,mux,IOTILE
0,4,CFG_IOMUX1,4,67325,4,mux,IOTILE
0,4,CFG_IOMUX1,5,67441,4,mux,IOTILE
0,4,CFG_IOMUX1,6,67441,8,mux,IOTILE
0,4,CFG_IOMUX1,7,67557,1,mux,IOTILE
0,4,CFG_IOMUX1,8,67673,1,mux,IOTILE
0,4,CFG_IOMUX1,9,67557,2,mux,IOTILE
0,4,CFG_IOMUX1,10,67673,2,mux,IOTILE
0,4,CFG_IOMUX1,11,67557,4,mux,IOTILE
0,4,CFG_IOMUX1,12,67673,4,mux,IOTILE
0,4,CFG_IOMUX1,13,67673,8,mux,IOTILE
0,4,CFG_IOMUX1,14,65934,128,mux,IOTILE
0,4,CFG_IOMUX1,15,66050,128,mux,IOTILE
0,4,CFG_IOMUX1,16,65934,64,mux,IOTILE
0,4,CFG_IOMUX1,17,66050,64,mux,IOTILE
0,4,CFG_IOMUX1,18,65934,32,mux,IOTILE
0,4,CFG_IOMUX1,19,66050,32,mux,IOTILE
0,4,CFG_IOMUX1,20,66050,16,mux,IOTILE
0,4,CFG_IOMUX1,21,66166,128,mux,IOTILE
0,4,CFG_IOMUX1,22,66282,128,mux,IOTILE
0,4,CFG_IOMUX1,23,66166,64,mux,IOTILE
0,4,CFG_IOMUX1,24,66282,64,mux,IOTILE
0,4,CFG_IOMUX1,25,66166,32,mux,IOTILE
0,4,CFG_IOMUX1,26,66282,32,mux,IOTILE
0,4,CFG_IOMUX1,27,66282,16,mux,IOTILE
0,4,CFG_IOMUX1,28,66398,128,mux,IOTILE
0,4,CFG_IOMUX1,29,66514,128,mux,IOTILE
0,4,CFG_IOMUX1,30,66398,64,mux,IOTILE
0,4,CFG_IOMUX1,31,66514,64,mux,IOTILE
0,4,CFG_IOMUX1,32,66398,32,mux,IOTILE
0,4,CFG_IOMUX1,33,66514,32,mux,IOTILE
0,4,CFG_IOMUX1,34,66514,16,mux,IOTILE
0,4,CFG_IOMUX1,35,66630,128,mux,IOTILE
0,4,CFG_IOMUX1,36,66746,128,mux,IOTILE
0,4,CFG_IOMUX1,37,66630,64,mux,IOTILE
0,4,CFG_IOMUX1,38,66746,64,mux,IOTILE
0,4,CFG_IOMUX1,39,66630,32,mux,IOTILE
0,4,CFG_IOMUX1,40,66746,32,mux,IOTILE
0,4,CFG_IOMUX1,41,66746,16,mux,IOTILE
0,4,CFG_IOMUX2,0,66862,128,mux,IOTILE
0,4,CFG_IOMUX2,1,66978,128,mux,IOTILE
0,4,CFG_IOMUX2,2,66862,64,mux,IOTILE
0,4,CFG_IOMUX2,3,66978,64,mux,IOTILE
0,4,CFG_IOMUX2,4,66862,32,mux,IOTILE
0,4,CFG_IOMUX2,5,66978,32,mux,IOTILE
0,4,CFG_IOMUX2,6,66978,16,mux,IOTILE
0,4,CFG_IOMUX2,7,67094,128,mux,IOTILE
0,4,CFG_IOMUX2,8,67210,128,mux,IOTILE
0,4,CFG_IOMUX2,9,67094,64,mux,IOTILE
0,4,CFG_IOMUX2,10,67210,64,mux,IOTILE
0,4,CFG_IOMUX2,11,67094,32,mux,IOTILE
0,4,CFG_IOMUX2,12,67210,32,mux,IOTILE
0,4,CFG_IOMUX2,13,67210,16,mux,IOTILE
0,4,CFG_IOMUX2,14,67326,128,mux,IOTILE
0,4,CFG_IOMUX2,15,67442,128,mux,IOTILE
0,4,CFG_IOMUX2,16,67326,64,mux,IOTILE
0,4,CFG_IOMUX2,17,67442,64,mux,IOTILE
0,4,CFG_IOMUX2,18,67326,32,mux,IOTILE
0,4,CFG_IOMUX2,19,67442,32,mux,IOTILE
0,4,CFG_IOMUX2,20,67442,16,mux,IOTILE
0,4,CFG_IOMUX2,21,67558,128,mux,IOTILE
0,4,CFG_IOMUX2,22,67674,128,mux,IOTILE
0,4,CFG_IOMUX2,23,67558,64,mux,IOTILE
0,4,CFG_IOMUX2,24,67674,64,mux,IOTILE
0,4,CFG_IOMUX2,25,67558,32,mux,IOTILE
0,4,CFG_IOMUX2,26,67674,32,mux,IOTILE
0,4,CFG_IOMUX2,27,67674,16,mux,IOTILE
0,4,CFG_IOMUX2,28,71965,1,mux,IOTILE
0,4,CFG_IOMUX2,29,72081,1,mux,IOTILE
0,4,CFG_IOMUX2,30,71965,2,mux,IOTILE
0,4,CFG_IOMUX2,31,72081,2,mux,IOTILE
0,4,CFG_IOMUX2,32,71965,4,mux,IOTILE
0,4,CFG_IOMUX2,33,72081,4,mux,IOTILE
0,4,CFG_IOMUX2,34,72081,8,mux,IOTILE
0,4,CFG_IOMUX2,35,72197,1,mux,IOTILE
0,4,CFG_IOMUX2,36,72313,1,mux,IOTILE
0,4,CFG_IOMUX2,37,72197,2,mux,IOTILE
0,4,CFG_IOMUX2,38,72313,2,mux,IOTILE
0,4,CFG_IOMUX2,39,72197,4,mux,IOTILE
0,4,CFG_IOMUX2,40,72313,4,mux,IOTILE
0,4,CFG_IOMUX2,41,72313,8,mux,IOTILE
0,4,CFG_IOMUX3,0,72429,1,mux,IOTILE
0,4,CFG_IOMUX3,1,72545,1,mux,IOTILE
0,4,CFG_IOMUX3,2,72429,2,mux,IOTILE
0,4,CFG_IOMUX3,3,72545,2,mux,IOTILE
0,4,CFG_IOMUX3,4,72429,4,mux,IOTILE
0,4,CFG_IOMUX3,5,72545,4,mux,IOTILE
0,4,CFG_IOMUX3,6,72545,8,mux,IOTILE
0,4,CFG_IOMUX3,7,72661,1,mux,IOTILE
0,4,CFG_IOMUX3,8,72777,1,mux,IOTILE
0,4,CFG_IOMUX3,9,72661,2,mux,IOTILE
0,4,CFG_IOMUX3,10,72777,2,mux,IOTILE
0,4,CFG_IOMUX3,11,72661,4,mux,IOTILE
0,4,CFG_IOMUX3,12,72777,4,mux,IOTILE
0,4,CFG_IOMUX3,13,72777,8,mux,IOTILE
0,4,CFG_IOMUX3,14,72893,1,mux,IOTILE
0,4,CFG_IOMUX3,15,73009,1,mux,IOTILE
0,4,CFG_IOMUX3,16,72893,2,mux,IOTILE
0,4,CFG_IOMUX3,17,73009,2,mux,IOTILE
0,4,CFG_IOMUX3,18,72893,4,mux,IOTILE
0,4,CFG_IOMUX3,19,73009,4,mux,IOTILE
0,4,CFG_IOMUX3,20,73009,8,mux,IOTILE
0,4,CFG_IOMUX3,21,73125,1,mux,IOTILE
0,4,CFG_IOMUX3,22,73241,1,mux,IOTILE
0,4,CFG_IOMUX3,23,73125,2,mux,IOTILE
0,4,CFG_IOMUX3,24,73241,2,mux,IOTILE
0,4,CFG_IOMUX3,25,73125,4,mux,IOTILE
0,4,CFG_IOMUX3,26,73241,4,mux,IOTILE
0,4,CFG_IOMUX3,27,73241,8,mux,IOTILE
0,4,CFG_IOMUX3,28,73357,1,mux,IOTILE
0,4,CFG_IOMUX3,29,73473,1,mux,IOTILE
0,4,CFG_IOMUX3,30,73357,2,mux,IOTILE
0,4,CFG_IOMUX3,31,73473,2,mux,IOTILE
0,4,CFG_IOMUX3,32,73357,4,mux,IOTILE
0,4,CFG_IOMUX3,33,73473,4,mux,IOTILE
0,4,CFG_IOMUX3,34,73473,8,mux,IOTILE
0,4,CFG_IOMUX3,35,73589,1,mux,IOTILE
0,4,CFG_IOMUX3,36,73705,1,mux,IOTILE
0,4,CFG_IOMUX3,37,73589,2,mux,IOTILE
0,4,CFG_IOMUX3,38,73705,2,mux,IOTILE
0,4,CFG_IOMUX3,39,73589,4,mux,IOTILE
0,4,CFG_IOMUX3,40,73705,4,mux,IOTILE
0,4,CFG_IOMUX3,41,73705,8,mux,IOTILE
0,4,CFG_IOMUX4,0,71966,128,mux,IOTILE
0,4,CFG_IOMUX4,1,72082,128,mux,IOTILE
0,4,CFG_IOMUX4,2,71966,64,mux,IOTILE
0,4,CFG_IOMUX4,3,72082,64,mux,IOTILE
0,4,CFG_IOMUX4,4,71966,32,mux,IOTILE
0,4,CFG_IOMUX4,5,72082,32,mux,IOTILE
0,4,CFG_IOMUX4,6,72082,16,mux,IOTILE
0,4,CFG_IOMUX4,7,72198,128,mux,IOTILE
0,4,CFG_IOMUX4,8,72314,128,mux,IOTILE
0,4,CFG_IOMUX4,9,72198,64,mux,IOTILE
0,4,CFG_IOMUX4,10,72314,64,mux,IOTILE
0,4,CFG_IOMUX4,11,72198,32,mux,IOTILE
0,4,CFG_IOMUX4,12,72314,32,mux,IOTILE
0,4,CFG_IOMUX4,13,72314,16,mux,IOTILE
0,4,CFG_IOMUX4,14,72430,128,mux,IOTILE
0,4,CFG_IOMUX4,15,72546,128,mux,IOTILE
0,4,CFG_IOMUX4,16,72430,64,mux,IOTILE
0,4,CFG_IOMUX4,17,72546,64,mux,IOTILE
0,4,CFG_IOMUX4,18,72430,32,mux,IOTILE
0,4,CFG_IOMUX4,19,72546,32,mux,IOTILE
0,4,CFG_IOMUX4,20,72546,16,mux,IOTILE
0,4,CFG_IOMUX4,21,72662,128,mux,IOTILE
0,4,CFG_IOMUX4,22,72778,128,mux,IOTILE
0,4,CFG_IOMUX4,23,72662,64,mux,IOTILE
0,4,CFG_IOMUX4,24,72778,64,mux,IOTILE
0,4,CFG_IOMUX4,25,72662,32,mux,IOTILE
0,4,CFG_IOMUX4,26,72778,32,mux,IOTILE
0,4,CFG_IOMUX4,27,72778,16,mux,IOTILE
0,4,CFG_IOMUX4,28,72894,128,mux,IOTILE
0,4,CFG_IOMUX4,29,73010,128,mux,IOTILE
0,4,CFG_IOMUX4,30,72894,64,mux,IOTILE
0,4,CFG_IOMUX4,31,73010,64,mux,IOTILE
0,4,CFG_IOMUX4,32,72894,32,mux,IOTILE
0,4,CFG_IOMUX4,33,73010,32,mux,IOTILE
0,4,CFG_IOMUX4,34,73010,16,mux,IOTILE
0,4,CFG_IOMUX4,35,73126,128,mux,IOTILE
0,4,CFG_IOMUX4,36,73242,128,mux,IOTILE
0,4,CFG_IOMUX4,37,73126,64,mux,IOTILE
0,4,CFG_IOMUX4,38,73242,64,mux,IOTILE
0,4,CFG_IOMUX4,39,73126,32,mux,IOTILE
0,4,CFG_IOMUX4,40,73242,32,mux,IOTILE
0,4,CFG_IOMUX4,41,73242,16,mux,IOTILE
0,4,CFG_IOMUX5,0,73358,128,mux,IOTILE
0,4,CFG_IOMUX5,1,73474,128,mux,IOTILE
0,4,CFG_IOMUX5,2,73358,64,mux,IOTILE
0,4,CFG_IOMUX5,3,73474,64,mux,IOTILE
0,4,CFG_IOMUX5,4,73358,32,mux,IOTILE
0,4,CFG_IOMUX5,5,73474,32,mux,IOTILE
0,4,CFG_IOMUX5,6,73474,16,mux,IOTILE
0,4,CFG_IOMUX5,7,73590,128,mux,IOTILE
0,4,CFG_IOMUX5,8,73706,128,mux,IOTILE
0,4,CFG_IOMUX5,9,73590,64,mux,IOTILE
0,4,CFG_IOMUX5,10,73706,64,mux,IOTILE
0,4,CFG_IOMUX5,11,73590,32,mux,IOTILE
0,4,CFG_IOMUX5,12,73706,32,mux,IOTILE
0,4,CFG_IOMUX5,13,73706,16,mux,IOTILE
0,4,CFG_IOMUX5,14,71037,1,mux,IOTILE
0,4,CFG_IOMUX5,15,71153,1,mux,IOTILE
0,4,CFG_IOMUX5,16,71037,2,mux,IOTILE
0,4,CFG_IOMUX5,17,71153,2,mux,IOTILE
0,4,CFG_IOMUX5,18,71037,4,mux,IOTILE
0,4,CFG_IOMUX5,19,71153,4,mux,IOTILE
0,4,CFG_IOMUX5,20,71153,8,mux,IOTILE
0,4,CFG_IOMUX5,21,71269,1,mux,IOTILE
0,4,CFG_IOMUX5,22,71385,1,mux,IOTILE
0,4,CFG_IOMUX5,23,71269,2,mux,IOTILE
0,4,CFG_IOMUX5,24,71385,2,mux,IOTILE
0,4,CFG_IOMUX5,25,71269,4,mux,IOTILE
0,4,CFG_IOMUX5,26,71385,4,mux,IOTILE
0,4,CFG_IOMUX5,27,71385,8,mux,IOTILE
0,4,CFG_IOMUX5,28,71501,1,mux,IOTILE
0,4,CFG_IOMUX5,29,71617,1,mux,IOTILE
0,4,CFG_IOMUX5,30,71501,2,mux,IOTILE
0,4,CFG_IOMUX5,31,71617,2,mux,IOTILE
0,4,CFG_IOMUX5,32,71501,4,mux,IOTILE
0,4,CFG_IOMUX5,33,71617,4,mux,IOTILE
0,4,CFG_IOMUX5,34,71617,8,mux,IOTILE
0,4,CFG_IOMUX5,35,71733,1,mux,IOTILE
0,4,CFG_IOMUX5,36,71849,1,mux,IOTILE
0,4,CFG_IOMUX5,37,71733,2,mux,IOTILE
0,4,CFG_IOMUX5,38,71849,2,mux,IOTILE
0,4,CFG_IOMUX5,39,71733,4,mux,IOTILE
0,4,CFG_IOMUX5,40,71849,4,mux,IOTILE
0,4,CFG_IOMUX5,41,71849,8,mux,IOTILE
0,4,CFG_OE_ASYNC_MODE,0,66398,1,ioreg,IOTILE
0,4,CFG_OE_ASYNC_MODE,1,67558,1,ioreg,IOTILE
0,4,CFG_OE_ASYNC_MODE,2,68718,1,ioreg,IOTILE
0,4,CFG_OE_ASYNC_MODE,3,70806,1,ioreg,IOTILE
0,4,CFG_OE_ASYNC_MODE,4,71966,1,ioreg,IOTILE
0,4,CFG_OE_ASYNC_MODE,5,73126,1,ioreg,IOTILE
0,4,CFG_OE_POWERUP,0,66514,2,ioreg,IOTILE
0,4,CFG_OE_POWERUP,1,67674,2,ioreg,IOTILE
0,4,CFG_OE_POWERUP,2,68834,2,ioreg,IOTILE
0,4,CFG_OE_POWERUP,3,70922,2,ioreg,IOTILE
0,4,CFG_OE_POWERUP,4,72082,2,ioreg,IOTILE
0,4,CFG_OE_POWERUP,5,73242,2,ioreg,IOTILE
0,4,CFG_OE_REG_MODE,0,66282,1,ioreg,IOTILE
0,4,CFG_OE_REG_MODE,1,67442,1,ioreg,IOTILE
0,4,CFG_OE_REG_MODE,2,68602,1,ioreg,IOTILE
0,4,CFG_OE_REG_MODE,3,70690,1,ioreg,IOTILE
0,4,CFG_OE_REG_MODE,4,71850,1,ioreg,IOTILE
0,4,CFG_OE_REG_MODE,5,73010,1,ioreg,IOTILE
0,4,CFG_OE_SYNC_MODE,0,66398,2,ioreg,IOTILE
0,4,CFG_OE_SYNC_MODE,1,67558,2,ioreg,IOTILE
0,4,CFG_OE_SYNC_MODE,2,68718,2,ioreg,IOTILE
0,4,CFG_OE_SYNC_MODE,3,70806,2,ioreg,IOTILE
0,4,CFG_OE_SYNC_MODE,4,71966,2,ioreg,IOTILE
0,4,CFG_OE_SYNC_MODE,5,73126,2,ioreg,IOTILE
0,4,CFG_OUTDELAY,0,66978,1,delay,IOTILE
0,4,CFG_OUTDELAY,1,68138,1,delay,IOTILE
0,4,CFG_OUTDELAY,2,69298,1,delay,IOTILE
0,4,CFG_OUTDELAY,3,71386,1,delay,IOTILE
0,4,CFG_OUTDELAY,4,72546,1,delay,IOTILE
0,4,CFG_OUTDELAY,5,73706,1,delay,IOTILE
0,4,CFG_OUT_ASYNC_MODE,0,66166,1,ioreg,IOTILE
0,4,CFG_OUT_ASYNC_MODE,1,67326,1,ioreg,IOTILE
0,4,CFG_OUT_ASYNC_MODE,2,68486,1,ioreg,IOTILE
0,4,CFG_OUT_ASYNC_MODE,3,70574,1,ioreg,IOTILE
0,4,CFG_OUT_ASYNC_MODE,4,71734,1,ioreg,IOTILE
0,4,CFG_OUT_ASYNC_MODE,5,72894,1,ioreg,IOTILE
0,4,CFG_OUT_POWERUP,0,66282,2,ioreg,IOTILE
0,4,CFG_OUT_POWERUP,1,67442,2,ioreg,IOTILE
0,4,CFG_OUT_POWERUP,2,68602,2,ioreg,IOTILE
0,4,CFG_OUT_POWERUP,3,70690,2,ioreg,IOTILE
0,4,CFG_OUT_POWERUP,4,71850,2,ioreg,IOTILE
0,4,CFG_OUT_POWERUP,5,73010,2,ioreg,IOTILE
0,4,CFG_OUT_REG_MODE,0,66514,1,ioreg,IOTILE
0,4,CFG_OUT_REG_MODE,1,67674,1,ioreg,IOTILE
0,4,CFG_OUT_REG_MODE,2,68834,1,ioreg,IOTILE
0,4,CFG_OUT_REG_MODE,3,70922,1,ioreg,IOTILE
0,4,CFG_OUT_REG_MODE,4,72082,1,ioreg,IOTILE
0,4,CFG_OUT_REG_MODE,5,73242,1,ioreg,IOTILE
0,4,CFG_OUT_SYNC_MODE,0,66166,2,ioreg,IOTILE
0,4,CFG_OUT_SYNC_MODE,1,67326,2,ioreg,IOTILE
0,4,CFG_OUT_SYNC_MODE,2,68486,2,ioreg,IOTILE
0,4,CFG_OUT_SYNC_MODE,3,70574,2,ioreg,IOTILE
0,4,CFG_OUT_SYNC_MODE,4,71734,2,ioreg,IOTILE
0,4,CFG_OUT_SYNC_MODE,5,72894,2,ioreg,IOTILE
1,0,CFG_INDA_DELAY,0,99892,2,delay,IOTILE
1,0,CFG_INDA_DELAY,1,99892,1,delay,IOTILE
1,0,CFG_INDA_DELAY,2,99893,128,delay,IOTILE
1,0,CFG_INDA_DELAY,3,99776,2,delay,IOTILE
1,0,CFG_INDA_DELAY,4,99776,1,delay,IOTILE
1,0,CFG_INDA_DELAY,5,99777,128,delay,IOTILE
1,0,CFG_INDA_DELAY,6,99890,2,delay,IOTILE
1,0,CFG_INDA_DELAY,7,99890,1,delay,IOTILE
1,0,CFG_INDA_DELAY,8,99891,128,delay,IOTILE
1,0,CFG_INDA_DELAY,9,99774,2,delay,IOTILE
1,0,CFG_INDA_DELAY,10,99774,1,delay,IOTILE
1,0,CFG_INDA_DELAY,11,99775,128,delay,IOTILE
1,0,CFG_INPUTMUX0,0,99890,128,mux,IOTILE
1,0,CFG_INPUTMUX0,1,99774,128,mux,IOTILE
1,0,CFG_INPUTMUX1,0,99889,32,mux,IOTILE
1,0,CFG_INPUTMUX1,1,99889,16,mux,IOTILE
1,0,CFG_INPUTMUX2,0,99773,1,mux,IOTILE
1,0,CFG_INPUTMUX2,1,99889,1,mux,IOTILE
1,0,CFG_INPUTMUX3,0,99773,32,mux,IOTILE
1,0,CFG_INPUTMUX3,1,99773,16,mux,IOTILE
1,0,CFG_INREG_DELAY,0,99892,8,delay,IOTILE
1,0,CFG_INREG_DELAY,1,99892,16,delay,IOTILE
1,0,CFG_INREG_DELAY,2,99892,32,delay,IOTILE
1,0,CFG_INREG_DELAY,3,99776,8,delay,IOTILE
1,0,CFG_INREG_DELAY,4,99776,16,delay,IOTILE
1,0,CFG_INREG_DELAY,5,99776,32,delay,IOTILE
1,0,CFG_INREG_DELAY,6,99890,16,delay,IOTILE
1,0,CFG_INREG_DELAY,7,99890,8,delay,IOTILE
1,0,CFG_INREG_DELAY,8,99890,32,delay,IOTILE
1,0,CFG_INREG_DELAY,9,99774,32,delay,IOTILE
1,0,CFG_INREG_DELAY,10,99774,16,delay,IOTILE
1,0,CFG_INREG_DELAY,11,99774,8,delay,IOTILE
1,0,CFG_IN_ASYNC_MODE,0,99657,1,ioreg,IOTILE
1,0,CFG_IN_ASYNC_MODE,1,99657,16,ioreg,IOTILE
1,0,CFG_IN_ASYNC_MODE,2,97453,1,ioreg,IOTILE
1,0,CFG_IN_ASYNC_MODE,3,97453,16,ioreg,IOTILE
1,0,CFG_IN_POWERUP,0,99542,128,ioreg,IOTILE
1,0,CFG_IN_POWERUP,1,99541,32,ioreg,IOTILE
1,0,CFG_IN_POWERUP,2,97570,128,ioreg,IOTILE
1,0,CFG_IN_POWERUP,3,97569,32,ioreg,IOTILE
1,0,CFG_IN_SYNC_MODE,0,99658,128,ioreg,IOTILE
1,0,CFG_IN_SYNC_MODE,1,99657,32,ioreg,IOTILE
1,0,CFG_IN_SYNC_MODE,2,97454,128,ioreg,IOTILE
1,0,CFG_IN_SYNC_MODE,3,97453,32,ioreg,IOTILE
1,0,CFG_IOMUX0,0,99659,64,mux,IOTILE
1,0,CFG_IOMUX0,1,99543,64,mux,IOTILE
1,0,CFG_IOMUX0,2,99659,32,mux,IOTILE
1,0,CFG_IOMUX0,3,99543,32,mux,IOTILE
1,0,CFG_IOMUX0,4,99659,16,mux,IOTILE
1,0,CFG_IOMUX0,5,99543,16,mux,IOTILE
1,0,CFG_IOMUX0,6,99543,8,mux,IOTILE
1,0,CFG_IOMUX0,7,99427,64,mux,IOTILE
1,0,CFG_IOMUX0,8,99311,64,mux,IOTILE
1,0,CFG_IOMUX0,9,99427,32,mux,IOTILE
1,0,CFG_IOMUX0,10,99311,32,mux,IOTILE
1,0,CFG_IOMUX0,11,99427,16,mux,IOTILE
1,0,CFG_IOMUX0,12,99311,16,mux,IOTILE
1,0,CFG_IOMUX0,13,99311,8,mux,IOTILE
1,0,CFG_IOMUX0,14,97571,64,mux,IOTILE
1,0,CFG_IOMUX0,15,97455,64,mux,IOTILE
1,0,CFG_IOMUX0,16,97571,32,mux,IOTILE
1,0,CFG_IOMUX0,17,97455,32,mux,IOTILE
1,0,CFG_IOMUX0,18,97571,16,mux,IOTILE
1,0,CFG_IOMUX0,19,97455,16,mux,IOTILE
1,0,CFG_IOMUX0,20,97455,8,mux,IOTILE
1,0,CFG_IOMUX0,21,97803,64,mux,IOTILE
1,0,CFG_IOMUX0,22,97687,64,mux,IOTILE
1,0,CFG_IOMUX0,23,97803,32,mux,IOTILE
1,0,CFG_IOMUX0,24,97687,32,mux,IOTILE
1,0,CFG_IOMUX0,25,97803,16,mux,IOTILE
1,0,CFG_IOMUX0,26,97687,16,mux,IOTILE
1,0,CFG_IOMUX0,27,97687,8,mux,IOTILE
1,0,CFG_IOMUX0,28,99195,64,mux,IOTILE
1,0,CFG_IOMUX0,29,99079,64,mux,IOTILE
1,0,CFG_IOMUX0,30,99195,32,mux,IOTILE
1,0,CFG_IOMUX0,31,99079,32,mux,IOTILE
1,0,CFG_IOMUX0,32,99195,16,mux,IOTILE
1,0,CFG_IOMUX0,33,99079,16,mux,IOTILE
1,0,CFG_IOMUX0,34,99079,8,mux,IOTILE
1,0,CFG_IOMUX0,35,98963,64,mux,IOTILE
1,0,CFG_IOMUX0,36,98847,64,mux,IOTILE
1,0,CFG_IOMUX0,37,98963,32,mux,IOTILE
1,0,CFG_IOMUX0,38,98847,32,mux,IOTILE
1,0,CFG_IOMUX0,39,98963,16,mux,IOTILE
1,0,CFG_IOMUX0,40,98847,16,mux,IOTILE
1,0,CFG_IOMUX0,41,98847,8,mux,IOTILE
1,0,CFG_IOMUX1,0,98035,64,mux,IOTILE
1,0,CFG_IOMUX1,1,97919,64,mux,IOTILE
1,0,CFG_IOMUX1,2,98035,32,mux,IOTILE
1,0,CFG_IOMUX1,3,97919,32,mux,IOTILE
1,0,CFG_IOMUX1,4,98035,16,mux,IOTILE
1,0,CFG_IOMUX1,5,97919,16,mux,IOTILE
1,0,CFG_IOMUX1,6,97919,8,mux,IOTILE
1,0,CFG_IOMUX1,7,98267,64,mux,IOTILE
1,0,CFG_IOMUX1,8,98151,64,mux,IOTILE
1,0,CFG_IOMUX1,9,98267,32,mux,IOTILE
1,0,CFG_IOMUX1,10,98151,32,mux,IOTILE
1,0,CFG_IOMUX1,11,98267,16,mux,IOTILE
1,0,CFG_IOMUX1,12,98151,16,mux,IOTILE
1,0,CFG_IOMUX1,13,98151,8,mux,IOTILE
1,0,CFG_IOMUX1,14,99195,128,mux,IOTILE
1,0,CFG_IOMUX1,15,99079,128,mux,IOTILE
1,0,CFG_IOMUX1,16,99194,1,mux,IOTILE
1,0,CFG_IOMUX1,17,99078,1,mux,IOTILE
1,0,CFG_IOMUX1,18,99194,2,mux,IOTILE
1,0,CFG_IOMUX1,19,99078,2,mux,IOTILE
1,0,CFG_IOMUX1,20,99078,4,mux,IOTILE
1,0,CFG_IOMUX1,21,98963,128,mux,IOTILE
1,0,CFG_IOMUX1,22,98847,128,mux,IOTILE
1,0,CFG_IOMUX1,23,98962,1,mux,IOTILE
1,0,CFG_IOMUX1,24,98846,1,mux,IOTILE
1,0,CFG_IOMUX1,25,98962,2,mux,IOTILE
1,0,CFG_IOMUX1,26,98846,2,mux,IOTILE
1,0,CFG_IOMUX1,27,98846,4,mux,IOTILE
1,0,CFG_IOMUX1,28,98035,128,mux,IOTILE
1,0,CFG_IOMUX1,29,97919,128,mux,IOTILE
1,0,CFG_IOMUX1,30,98034,1,mux,IOTILE
1,0,CFG_IOMUX1,31,97918,1,mux,IOTILE
1,0,CFG_IOMUX1,32,98034,2,mux,IOTILE
1,0,CFG_IOMUX1,33,97918,2,mux,IOTILE
1,0,CFG_IOMUX1,34,97918,4,mux,IOTILE
1,0,CFG_IOMUX1,35,98267,128,mux,IOTILE
1,0,CFG_IOMUX1,36,98151,128,mux,IOTILE
1,0,CFG_IOMUX1,37,98266,1,mux,IOTILE
1,0,CFG_IOMUX1,38,98150,1,mux,IOTILE
1,0,CFG_IOMUX1,39,98266,2,mux,IOTILE
1,0,CFG_IOMUX1,40,98150,2,mux,IOTILE
1,0,CFG_IOMUX1,41,98150,4,mux,IOTILE
1,0,CFG_IOMUX2,0,99659,128,mux,IOTILE
1,0,CFG_IOMUX2,1,99543,128,mux,IOTILE
1,0,CFG_IOMUX2,2,99658,1,mux,IOTILE
1,0,CFG_IOMUX2,3,99542,1,mux,IOTILE
1,0,CFG_IOMUX2,4,99658,2,mux,IOTILE
1,0,CFG_IOMUX2,5,99542,2,mux,IOTILE
1,0,CFG_IOMUX2,6,99542,4,mux,IOTILE
1,0,CFG_IOMUX2,7,99427,128,mux,IOTILE
1,0,CFG_IOMUX2,8,99311,128,mux,IOTILE
1,0,CFG_IOMUX2,9,99426,1,mux,IOTILE
1,0,CFG_IOMUX2,10,99310,1,mux,IOTILE
1,0,CFG_IOMUX2,11,99426,2,mux,IOTILE
1,0,CFG_IOMUX2,12,99310,2,mux,IOTILE
1,0,CFG_IOMUX2,13,99310,4,mux,IOTILE
1,0,CFG_IOMUX2,14,97571,128,mux,IOTILE
1,0,CFG_IOMUX2,15,97455,128,mux,IOTILE
1,0,CFG_IOMUX2,16,97570,1,mux,IOTILE
1,0,CFG_IOMUX2,17,97454,1,mux,IOTILE
1,0,CFG_IOMUX2,18,97570,2,mux,IOTILE
1,0,CFG_IOMUX2,19,97454,2,mux,IOTILE
1,0,CFG_IOMUX2,20,97454,4,mux,IOTILE
1,0,CFG_IOMUX2,21,97803,128,mux,IOTILE
1,0,CFG_IOMUX2,22,97687,128,mux,IOTILE
1,0,CFG_IOMUX2,23,97802,1,mux,IOTILE
1,0,CFG_IOMUX2,24,97686,1,mux,IOTILE
1,0,CFG_IOMUX2,25,97802,2,mux,IOTILE
1,0,CFG_IOMUX2,26,97686,2,mux,IOTILE
1,0,CFG_IOMUX2,27,97686,4,mux,IOTILE
1,0,CFG_IOMUX2,28,99658,64,mux,IOTILE
1,0,CFG_IOMUX2,29,99542,64,mux,IOTILE
1,0,CFG_IOMUX2,30,99658,32,mux,IOTILE
1,0,CFG_IOMUX2,31,99542,32,mux,IOTILE
1,0,CFG_IOMUX2,32,99658,16,mux,IOTILE
1,0,CFG_IOMUX2,33,99542,16,mux,IOTILE
1,0,CFG_IOMUX2,34,99542,8,mux,IOTILE
1,0,CFG_IOMUX2,35,99426,64,mux,IOTILE
1,0,CFG_IOMUX2,36,99310,64,mux,IOTILE
1,0,CFG_IOMUX2,37,99426,32,mux,IOTILE
1,0,CFG_IOMUX2,38,99310,32,mux,IOTILE
1,0,CFG_IOMUX2,39,99426,16,mux,IOTILE
1,0,CFG_IOMUX2,40,99310,16,mux,IOTILE
1,0,CFG_IOMUX2,41,99310,8,mux,IOTILE
1,0,CFG_IOMUX3,0,97570,64,mux,IOTILE
1,0,CFG_IOMUX3,1,97454,64,mux,IOTILE
1,0,CFG_IOMUX3,2,97570,32,mux,IOTILE
1,0,CFG_IOMUX3,3,97454,32,mux,IOTILE
1,0,CFG_IOMUX3,4,97570,16,mux,IOTILE
1,0,CFG_IOMUX3,5,97454,16,mux,IOTILE
1,0,CFG_IOMUX3,6,97454,8,mux,IOTILE
1,0,CFG_IOMUX3,7,97802,64,mux,IOTILE
1,0,CFG_IOMUX3,8,97686,64,mux,IOTILE
1,0,CFG_IOMUX3,9,97802,32,mux,IOTILE
1,0,CFG_IOMUX3,10,97686,32,mux,IOTILE
1,0,CFG_IOMUX3,11,97802,16,mux,IOTILE
1,0,CFG_IOMUX3,12,97686,16,mux,IOTILE
1,0,CFG_IOMUX3,13,97686,8,mux,IOTILE
1,0,CFG_IOMUX3,14,99194,64,mux,IOTILE
1,0,CFG_IOMUX3,15,99078,64,mux,IOTILE
1,0,CFG_IOMUX3,16,99194,32,mux,IOTILE
1,0,CFG_IOMUX3,17,99078,32,mux,IOTILE
1,0,CFG_IOMUX3,18,99194,16,mux,IOTILE
1,0,CFG_IOMUX3,19,99078,16,mux,IOTILE
1,0,CFG_IOMUX3,20,99078,8,mux,IOTILE
1,0,CFG_IOMUX3,21,98962,64,mux,IOTILE
1,0,CFG_IOMUX3,22,98846,64,mux,IOTILE
1,0,CFG_IOMUX3,23,98962,32,mux,IOTILE
1,0,CFG_IOMUX3,24,98846,32,mux,IOTILE
1,0,CFG_IOMUX3,25,98962,16,mux,IOTILE
1,0,CFG_IOMUX3,26,98846,16,mux,IOTILE
1,0,CFG_IOMUX3,27,98846,8,mux,IOTILE
1,0,CFG_IOMUX3,28,98034,64,mux,IOTILE
1,0,CFG_IOMUX3,29,97918,64,mux,IOTILE
1,0,CFG_IOMUX3,30,98034,32,mux,IOTILE
1,0,CFG_IOMUX3,31,97918,32,mux,IOTILE
1,0,CFG_IOMUX3,32,98034,16,mux,IOTILE
1,0,CFG_IOMUX3,33,97918,16,mux,IOTILE
1,0,CFG_IOMUX3,34,97918,8,mux,IOTILE
1,0,CFG_IOMUX3,35,98266,64,mux,IOTILE
1,0,CFG_IOMUX3,36,98150,64,mux,IOTILE
1,0,CFG_IOMUX3,37,98266,32,mux,IOTILE
1,0,CFG_IOMUX3,38,98150,32,mux,IOTILE
1,0,CFG_IOMUX3,39,98266,16,mux,IOTILE
1,0,CFG_IOMUX3,40,98150,16,mux,IOTILE
1,0,CFG_IOMUX3,41,98150,8,mux,IOTILE
1,0,CFG_OE_ASYNC_MODE,0,99193,1,ioreg,IOTILE
1,0,CFG_OE_ASYNC_MODE,1,99193,16,ioreg,IOTILE
1,0,CFG_OE_ASYNC_MODE,2,97917,1,ioreg,IOTILE
1,0,CFG_OE_ASYNC_MODE,3,97917,16,ioreg,IOTILE
1,0,CFG_OE_POWERUP,0,99078,128,ioreg,IOTILE
1,0,CFG_OE_POWERUP,1,99077,32,ioreg,IOTILE
1,0,CFG_OE_POWERUP,2,98034,128,ioreg,IOTILE
1,0,CFG_OE_POWERUP,3,98033,32,ioreg,IOTILE
1,0,CFG_OE_REG_MODE,0,99309,1,ioreg,IOTILE
1,0,CFG_OE_REG_MODE,1,99309,16,ioreg,IOTILE
1,0,CFG_OE_REG_MODE,2,97801,1,ioreg,IOTILE
1,0,CFG_OE_REG_MODE,3,97801,16,ioreg,IOTILE
1,0,CFG_OE_SYNC_MODE,0,99194,128,ioreg,IOTILE
1,0,CFG_OE_SYNC_MODE,1,99193,32,ioreg,IOTILE
1,0,CFG_OE_SYNC_MODE,2,97918,128,ioreg,IOTILE
1,0,CFG_OE_SYNC_MODE,3,97917,32,ioreg,IOTILE
1,0,CFG_OUTDELAY,0,99891,8,delay,IOTILE
1,0,CFG_OUTDELAY,1,99775,8,delay,IOTILE
1,0,CFG_OUTDELAY,2,99890,64,delay,IOTILE
1,0,CFG_OUTDELAY,3,99774,64,delay,IOTILE
1,0,CFG_OUT_ASYNC_MODE,0,99425,1,ioreg,IOTILE
1,0,CFG_OUT_ASYNC_MODE,1,99425,16,ioreg,IOTILE
1,0,CFG_OUT_ASYNC_MODE,2,97685,1,ioreg,IOTILE
1,0,CFG_OUT_ASYNC_MODE,3,97685,16,ioreg,IOTILE
1,0,CFG_OUT_POWERUP,0,99310,128,ioreg,IOTILE
1,0,CFG_OUT_POWERUP,1,99309,32,ioreg,IOTILE
1,0,CFG_OUT_POWERUP,2,97802,128,ioreg,IOTILE
1,0,CFG_OUT_POWERUP,3,97801,32,ioreg,IOTILE
1,0,CFG_OUT_REG_MODE,0,99077,1,ioreg,IOTILE
1,0,CFG_OUT_REG_MODE,1,99077,16,ioreg,IOTILE
1,0,CFG_OUT_REG_MODE,2,98033,1,ioreg,IOTILE
1,0,CFG_OUT_REG_MODE,3,98033,16,ioreg,IOTILE
1,0,CFG_OUT_SYNC_MODE,0,99426,128,ioreg,IOTILE
1,0,CFG_OUT_SYNC_MODE,1,99425,32,ioreg,IOTILE
1,0,CFG_OUT_SYNC_MODE,2,97686,128,ioreg,IOTILE
1,0,CFG_OUT_SYNC_MODE,3,97685,32,ioreg,IOTILE
1,5,CFG_INPUTMUX,0,64304,4,mux,UFMTILE
1,5,CFG_INPUTMUX,1,64536,4,mux,UFMTILE
1,5,CFG_INPUTMUX,2,64768,4,mux,UFMTILE
1,5,CFG_INPUTMUX,3,65232,4,mux,UFMTILE
1,5,CFG_INPUTMUX,4,65464,4,mux,UFMTILE
1,5,CFG_INPUTMUX,5,65696,4,mux,UFMTILE
1,5,CFG_INPUTMUX,6,64304,16,mux,UFMTILE
1,5,CFG_INPUTMUX,7,64536,16,mux,UFMTILE
1,5,CFG_INPUTMUX,8,64768,16,mux,UFMTILE
1,5,CFG_INPUTMUX,9,65232,16,mux,UFMTILE
1,5,CFG_INPUTMUX,10,65464,16,mux,UFMTILE
1,5,CFG_INPUTMUX,11,65696,16,mux,UFMTILE
2,0,CFG_INDA_DELAY,0,99888,32,delay,IOTILE
2,0,CFG_INDA_DELAY,1,99888,16,delay,IOTILE
2,0,CFG_INDA_DELAY,2,99888,8,delay,IOTILE
2,0,CFG_INDA_DELAY,3,99772,32,delay,IOTILE
2,0,CFG_INDA_DELAY,4,99772,16,delay,IOTILE
2,0,CFG_INDA_DELAY,5,99772,8,delay,IOTILE
2,0,CFG_INDA_DELAY,6,99886,32,delay,IOTILE
2,0,CFG_INDA_DELAY,7,99886,16,delay,IOTILE
2,0,CFG_INDA_DELAY,8,99886,8,delay,IOTILE
2,0,CFG_INDA_DELAY,9,99770,32,delay,IOTILE
2,0,CFG_INDA_DELAY,10,99770,16,delay,IOTILE
2,0,CFG_INDA_DELAY,11,99770,8,delay,IOTILE
2,0,CFG_INPUTMUX0,0,99885,8,mux,IOTILE
2,0,CFG_INPUTMUX0,1,99769,8,mux,IOTILE
2,0,CFG_INPUTMUX1,0,99884,2,mux,IOTILE
2,0,CFG_INPUTMUX1,1,99884,1,mux,IOTILE
2,0,CFG_INPUTMUX2,0,99769,16,mux,IOTILE
2,0,CFG_INPUTMUX2,1,99885,16,mux,IOTILE
2,0,CFG_INPUTMUX3,0,99768,2,mux,IOTILE
2,0,CFG_INPUTMUX3,1,99768,1,mux,IOTILE
2,0,CFG_INREG_DELAY,0,99888,128,delay,IOTILE
2,0,CFG_INREG_DELAY,1,99887,1,delay,IOTILE
2,0,CFG_INREG_DELAY,2,99887,2,delay,IOTILE
2,0,CFG_INREG_DELAY,3,99772,128,delay,IOTILE
2,0,CFG_INREG_DELAY,4,99771,1,delay,IOTILE
2,0,CFG_INREG_DELAY,5,99771,2,delay,IOTILE
2,0,CFG_INREG_DELAY,6,99885,1,delay,IOTILE
2,0,CFG_INREG_DELAY,7,99886,128,delay,IOTILE
2,0,CFG_INREG_DELAY,8,99885,2,delay,IOTILE
2,0,CFG_INREG_DELAY,9,99769,2,delay,IOTILE
2,0,CFG_INREG_DELAY,10,99769,1,delay,IOTILE
2,0,CFG_INREG_DELAY,11,99770,128,delay,IOTILE
2,0,CFG_IN_ASYNC_MODE,0,99653,16,ioreg,IOTILE
2,0,CFG_IN_ASYNC_MODE,1,99652,1,ioreg,IOTILE
2,0,CFG_IN_ASYNC_MODE,2,97449,16,ioreg,IOTILE
2,0,CFG_IN_ASYNC_MODE,3,97448,1,ioreg,IOTILE
2,0,CFG_IN_POWERUP,0,99537,8,ioreg,IOTILE
2,0,CFG_IN_POWERUP,1,99536,2,ioreg,IOTILE
2,0,CFG_IN_POWERUP,2,97565,8,ioreg,IOTILE
2,0,CFG_IN_POWERUP,3,97564,2,ioreg,IOTILE
2,0,CFG_IN_SYNC_MODE,0,99653,8,ioreg,IOTILE
2,0,CFG_IN_SYNC_MODE,1,99652,2,ioreg,IOTILE
2,0,CFG_IN_SYNC_MODE,2,97449,8,ioreg,IOTILE
2,0,CFG_IN_SYNC_MODE,3,97448,2,ioreg,IOTILE
2,0,CFG_IOMUX0,0,99654,4,mux,IOTILE
2,0,CFG_IOMUX0,1,99538,4,mux,IOTILE
2,0,CFG_IOMUX0,2,99654,2,mux,IOTILE
2,0,CFG_IOMUX0,3,99538,2,mux,IOTILE
2,0,CFG_IOMUX0,4,99654,1,mux,IOTILE
2,0,CFG_IOMUX0,5,99538,1,mux,IOTILE
2,0,CFG_IOMUX0,6,99539,128,mux,IOTILE
2,0,CFG_IOMUX0,7,99422,4,mux,IOTILE
2,0,CFG_IOMUX0,8,99306,4,mux,IOTILE
2,0,CFG_IOMUX0,9,99422,2,mux,IOTILE
2,0,CFG_IOMUX0,10,99306,2,mux,IOTILE
2,0,CFG_IOMUX0,11,99422,1,mux,IOTILE
2,0,CFG_IOMUX0,12,99306,1,mux,IOTILE
2,0,CFG_IOMUX0,13,99307,128,mux,IOTILE
2,0,CFG_IOMUX0,14,97566,4,mux,IOTILE
2,0,CFG_IOMUX0,15,97450,4,mux,IOTILE
2,0,CFG_IOMUX0,16,97566,2,mux,IOTILE
2,0,CFG_IOMUX0,17,97450,2,mux,IOTILE
2,0,CFG_IOMUX0,18,97566,1,mux,IOTILE
2,0,CFG_IOMUX0,19,97450,1,mux,IOTILE
2,0,CFG_IOMUX0,20,97451,128,mux,IOTILE
2,0,CFG_IOMUX0,21,97798,4,mux,IOTILE
2,0,CFG_IOMUX0,22,97682,4,mux,IOTILE
2,0,CFG_IOMUX0,23,97798,2,mux,IOTILE
2,0,CFG_IOMUX0,24,97682,2,mux,IOTILE
2,0,CFG_IOMUX0,25,97798,1,mux,IOTILE
2,0,CFG_IOMUX0,26,97682,1,mux,IOTILE
2,0,CFG_IOMUX0,27,97683,128,mux,IOTILE
2,0,CFG_IOMUX0,28,99190,4,mux,IOTILE
2,0,CFG_IOMUX0,29,99074,4,mux,IOTILE
2,0,CFG_IOMUX0,30,99190,2,mux,IOTILE
2,0,CFG_IOMUX0,31,99074,2,mux,IOTILE
2,0,CFG_IOMUX0,32,99190,1,mux,IOTILE
2,0,CFG_IOMUX0,33,99074,1,mux,IOTILE
2,0,CFG_IOMUX0,34,99075,128,mux,IOTILE
2,0,CFG_IOMUX0,35,98958,4,mux,IOTILE
2,0,CFG_IOMUX0,36,98842,4,mux,IOTILE
2,0,CFG_IOMUX0,37,98958,2,mux,IOTILE
2,0,CFG_IOMUX0,38,98842,2,mux,IOTILE
2,0,CFG_IOMUX0,39,98958,1,mux,IOTILE
2,0,CFG_IOMUX0,40,98842,1,mux,IOTILE
2,0,CFG_IOMUX0,41,98843,128,mux,IOTILE
2,0,CFG_IOMUX1,0,98030,4,mux,IOTILE
2,0,CFG_IOMUX1,1,97914,4,mux,IOTILE
2,0,CFG_IOMUX1,2,98030,2,mux,IOTILE
2,0,CFG_IOMUX1,3,97914,2,mux,IOTILE
2,0,CFG_IOMUX1,4,98030,1,mux,IOTILE
2,0,CFG_IOMUX1,5,97914,1,mux,IOTILE
2,0,CFG_IOMUX1,6,97915,128,mux,IOTILE
2,0,CFG_IOMUX1,7,98262,4,mux,IOTILE
2,0,CFG_IOMUX1,8,98146,4,mux,IOTILE
2,0,CFG_IOMUX1,9,98262,2,mux,IOTILE
2,0,CFG_IOMUX1,10,98146,2,mux,IOTILE
2,0,CFG_IOMUX1,11,98262,1,mux,IOTILE
2,0,CFG_IOMUX1,12,98146,1,mux,IOTILE
2,0,CFG_IOMUX1,13,98147,128,mux,IOTILE
2,0,CFG_IOMUX1,14,99190,8,mux,IOTILE
2,0,CFG_IOMUX1,15,99074,8,mux,IOTILE
2,0,CFG_IOMUX1,16,99190,16,mux,IOTILE
2,0,CFG_IOMUX1,17,99074,16,mux,IOTILE
2,0,CFG_IOMUX1,18,99190,32,mux,IOTILE
2,0,CFG_IOMUX1,19,99074,32,mux,IOTILE
2,0,CFG_IOMUX1,20,99074,64,mux,IOTILE
2,0,CFG_IOMUX1,21,98958,8,mux,IOTILE
2,0,CFG_IOMUX1,22,98842,8,mux,IOTILE
2,0,CFG_IOMUX1,23,98958,16,mux,IOTILE
2,0,CFG_IOMUX1,24,98842,16,mux,IOTILE
2,0,CFG_IOMUX1,25,98958,32,mux,IOTILE
2,0,CFG_IOMUX1,26,98842,32,mux,IOTILE
2,0,CFG_IOMUX1,27,98842,64,mux,IOTILE
2,0,CFG_IOMUX1,28,98030,8,mux,IOTILE
2,0,CFG_IOMUX1,29,97914,8,mux,IOTILE
2,0,CFG_IOMUX1,30,98030,16,mux,IOTILE
2,0,CFG_IOMUX1,31,97914,16,mux,IOTILE
2,0,CFG_IOMUX1,32,98030,32,mux,IOTILE
2,0,CFG_IOMUX1,33,97914,32,mux,IOTILE
2,0,CFG_IOMUX1,34,97914,64,mux,IOTILE
2,0,CFG_IOMUX1,35,98262,8,mux,IOTILE
2,0,CFG_IOMUX1,36,98146,8,mux,IOTILE
2,0,CFG_IOMUX1,37,98262,16,mux,IOTILE
2,0,CFG_IOMUX1,38,98146,16,mux,IOTILE
2,0,CFG_IOMUX1,39,98262,32,mux,IOTILE
2,0,CFG_IOMUX1,40,98146,32,mux,IOTILE
2,0,CFG_IOMUX1,41,98146,64,mux,IOTILE
2,0,CFG_IOMUX2,0,99654,8,mux,IOTILE
2,0,CFG_IOMUX2,1,99538,8,mux,IOTILE
2,0,CFG_IOMUX2,2,99654,16,mux,IOTILE
2,0,CFG_IOMUX2,3,99538,16,mux,IOTILE
2,0,CFG_IOMUX2,4,99654,32,mux,IOTILE
2,0,CFG_IOMUX2,5,99538,32,mux,IOTILE
2,0,CFG_IOMUX2,6,99538,64,mux,IOTILE
2,0,CFG_IOMUX2,7,99422,8,mux,IOTILE
2,0,CFG_IOMUX2,8,99306,8,mux,IOTILE
2,0,CFG_IOMUX2,9,99422,16,mux,IOTILE
2,0,CFG_IOMUX2,10,99306,16,mux,IOTILE
2,0,CFG_IOMUX2,11,99422,32,mux,IOTILE
2,0,CFG_IOMUX2,12,99306,32,mux,IOTILE
2,0,CFG_IOMUX2,13,99306,64,mux,IOTILE
2,0,CFG_IOMUX2,14,97566,8,mux,IOTILE
2,0,CFG_IOMUX2,15,97450,8,mux,IOTILE
2,0,CFG_IOMUX2,16,97566,16,mux,IOTILE
2,0,CFG_IOMUX2,17,97450,16,mux,IOTILE
2,0,CFG_IOMUX2,18,97566,32,mux,IOTILE
2,0,CFG_IOMUX2,19,97450,32,mux,IOTILE
2,0,CFG_IOMUX2,20,97450,64,mux,IOTILE
2,0,CFG_IOMUX2,21,97798,8,mux,IOTILE
2,0,CFG_IOMUX2,22,97682,8,mux,IOTILE
2,0,CFG_IOMUX2,23,97798,16,mux,IOTILE
2,0,CFG_IOMUX2,24,97682,16,mux,IOTILE
2,0,CFG_IOMUX2,25,97798,32,mux,IOTILE
2,0,CFG_IOMUX2,26,97682,32,mux,IOTILE
2,0,CFG_IOMUX2,27,97682,64,mux,IOTILE
2,0,CFG_IOMUX2,28,99653,4,mux,IOTILE
2,0,CFG_IOMUX2,29,99537,4,mux,IOTILE
2,0,CFG_IOMUX2,30,99653,2,mux,IOTILE
2,0,CFG_IOMUX2,31,99537,2,mux,IOTILE
2,0,CFG_IOMUX2,32,99653,1,mux,IOTILE
2,0,CFG_IOMUX2,33,99537,1,mux,IOTILE
2,0,CFG_IOMUX2,34,99538,128,mux,IOTILE
2,0,CFG_IOMUX2,35,99421,4,mux,IOTILE
2,0,CFG_IOMUX2,36,99305,4,mux,IOTILE
2,0,CFG_IOMUX2,37,99421,2,mux,IOTILE
2,0,CFG_IOMUX2,38,99305,2,mux,IOTILE
2,0,CFG_IOMUX2,39,99421,1,mux,IOTILE
2,0,CFG_IOMUX2,40,99305,1,mux,IOTILE
2,0,CFG_IOMUX2,41,99306,128,mux,IOTILE
2,0,CFG_IOMUX3,0,97565,4,mux,IOTILE
2,0,CFG_IOMUX3,1,97449,4,mux,IOTILE
2,0,CFG_IOMUX3,2,97565,2,mux,IOTILE
2,0,CFG_IOMUX3,3,97449,2,mux,IOTILE
2,0,CFG_IOMUX3,4,97565,1,mux,IOTILE
2,0,CFG_IOMUX3,5,97449,1,mux,IOTILE
2,0,CFG_IOMUX3,6,97450,128,mux,IOTILE
2,0,CFG_IOMUX3,7,97797,4,mux,IOTILE
2,0,CFG_IOMUX3,8,97681,4,mux,IOTILE
2,0,CFG_IOMUX3,9,97797,2,mux,IOTILE
2,0,CFG_IOMUX3,10,97681,2,mux,IOTILE
2,0,CFG_IOMUX3,11,97797,1,mux,IOTILE
2,0,CFG_IOMUX3,12,97681,1,mux,IOTILE
2,0,CFG_IOMUX3,13,97682,128,mux,IOTILE
2,0,CFG_IOMUX3,14,99189,4,mux,IOTILE
2,0,CFG_IOMUX3,15,99073,4,mux,IOTILE
2,0,CFG_IOMUX3,16,99189,2,mux,IOTILE
2,0,CFG_IOMUX3,17,99073,2,mux,IOTILE
2,0,CFG_IOMUX3,18,99189,1,mux,IOTILE
2,0,CFG_IOMUX3,19,99073,1,mux,IOTILE
2,0,CFG_IOMUX3,20,99074,128,mux,IOTILE
2,0,CFG_IOMUX3,21,98957,4,mux,IOTILE
2,0,CFG_IOMUX3,22,98841,4,mux,IOTILE
2,0,CFG_IOMUX3,23,98957,2,mux,IOTILE
2,0,CFG_IOMUX3,24,98841,2,mux,IOTILE
2,0,CFG_IOMUX3,25,98957,1,mux,IOTILE
2,0,CFG_IOMUX3,26,98841,1,mux,IOTILE
2,0,CFG_IOMUX3,27,98842,128,mux,IOTILE
2,0,CFG_IOMUX3,28,98029,4,mux,IOTILE
2,0,CFG_IOMUX3,29,97913,4,mux,IOTILE
2,0,CFG_IOMUX3,30,98029,2,mux,IOTILE
2,0,CFG_IOMUX3,31,97913,2,mux,IOTILE
2,0,CFG_IOMUX3,32,98029,1,mux,IOTILE
2,0,CFG_IOMUX3,33,97913,1,mux,IOTILE
2,0,CFG_IOMUX3,34,97914,128,mux,IOTILE
2,0,CFG_IOMUX3,35,98261,4,mux,IOTILE
2,0,CFG_IOMUX3,36,98145,4,mux,IOTILE
2,0,CFG_IOMUX3,37,98261,2,mux,IOTILE
2,0,CFG_IOMUX3,38,98145,2,mux,IOTILE
2,0,CFG_IOMUX3,39,98261,1,mux,IOTILE
2,0,CFG_IOMUX3,40,98145,1,mux,IOTILE
2,0,CFG_IOMUX3,41,98146,128,mux,IOTILE
2,0,CFG_OE_ASYNC_MODE,0,99189,16,ioreg,IOTILE
2,0,CFG_OE_ASYNC_MODE,1,99188,1,ioreg,IOTILE
2,0,CFG_OE_ASYNC_MODE,2,97913,16,ioreg,IOTILE
2,0,CFG_OE_ASYNC_MODE,3,97912,1,ioreg,IOTILE
2,0,CFG_OE_POWERUP,0,99073,8,ioreg,IOTILE
2,0,CFG_OE_POWERUP,1,99072,2,ioreg,IOTILE
2,0,CFG_OE_POWERUP,2,98029,8,ioreg,IOTILE
2,0,CFG_OE_POWERUP,3,98028,2,ioreg,IOTILE
2,0,CFG_OE_REG_MODE,0,99305,16,ioreg,IOTILE
2,0,CFG_OE_REG_MODE,1,99304,1,ioreg,IOTILE
2,0,CFG_OE_REG_MODE,2,97797,16,ioreg,IOTILE
2,0,CFG_OE_REG_MODE,3,97796,1,ioreg,IOTILE
2,0,CFG_OE_SYNC_MODE,0,99189,8,ioreg,IOTILE
2,0,CFG_OE_SYNC_MODE,1,99188,2,ioreg,IOTILE
2,0,CFG_OE_SYNC_MODE,2,97913,8,ioreg,IOTILE
2,0,CFG_OE_SYNC_MODE,3,97912,2,ioreg,IOTILE
2,0,CFG_OUTDELAY,0,99887,128,delay,IOTILE
2,0,CFG_OUTDELAY,1,99771,128,delay,IOTILE
2,0,CFG_OUTDELAY,2,99885,4,delay,IOTILE
2,0,CFG_OUTDELAY,3,99769,4,delay,IOTILE
2,0,CFG_OUT_ASYNC_MODE,0,99421,16,ioreg,IOTILE
2,0,CFG_OUT_ASYNC_MODE,1,99420,1,ioreg,IOTILE
2,0,CFG_OUT_ASYNC_MODE,2,97681,16,ioreg,IOTILE
2,0,CFG_OUT_ASYNC_MODE,3,97680,1,ioreg,IOTILE
2,0,CFG_OUT_POWERUP,0,99305,8,ioreg,IOTILE
2,0,CFG_OUT_POWERUP,1,99304,2,ioreg,IOTILE
2,0,CFG_OUT_POWERUP,2,97797,8,ioreg,IOTILE
2,0,CFG_OUT_POWERUP,3,97796,2,ioreg,IOTILE
2,0,CFG_OUT_REG_MODE,0,99073,16,ioreg,IOTILE
2,0,CFG_OUT_REG_MODE,1,99072,1,ioreg,IOTILE
2,0,CFG_OUT_REG_MODE,2,98029,16,ioreg,IOTILE
2,0,CFG_OUT_REG_MODE,3,98028,1,ioreg,IOTILE
2,0,CFG_OUT_SYNC_MODE,0,99421,8,ioreg,IOTILE
2,0,CFG_OUT_SYNC_MODE,1,99420,2,ioreg,IOTILE
2,0,CFG_OUT_SYNC_MODE,2,97681,8,ioreg,IOTILE
2,0,CFG_OUT_SYNC_MODE,3,97680,2,ioreg,IOTILE
2,5,CFG_INPUTMUX,0,64300,64,mux,UFMTILE
2,5,CFG_INPUTMUX,1,64532,64,mux,UFMTILE
2,5,CFG_INPUTMUX,2,64764,64,mux,UFMTILE
2,5,CFG_INPUTMUX,3,65228,64,mux,UFMTILE
2,5,CFG_INPUTMUX,4,65460,64,mux,UFMTILE
2,5,CFG_INPUTMUX,5,65692,64,mux,UFMTILE
2,5,CFG_INPUTMUX,6,64299,1,mux,UFMTILE
2,5,CFG_INPUTMUX,7,64531,1,mux,UFMTILE
2,5,CFG_INPUTMUX,8,64763,1,mux,UFMTILE
2,5,CFG_INPUTMUX,9,65227,1,mux,UFMTILE
2,5,CFG_INPUTMUX,10,65459,1,mux,UFMTILE
2,5,CFG_INPUTMUX,11,65691,1,mux,UFMTILE
3,0,CFG_INDA_DELAY,0,99883,2,delay,IOTILE
3,0,CFG_INDA_DELAY,1,99883,1,delay,IOTILE
3,0,CFG_INDA_DELAY,2,99884,128,delay,IOTILE
3,0,CFG_INDA_DELAY,3,99767,2,delay,IOTILE
3,0,CFG_INDA_DELAY,4,99767,1,delay,IOTILE
3,0,CFG_INDA_DELAY,5,99768,128,delay,IOTILE
3,0,CFG_INDA_DELAY,6,99881,2,delay,IOTILE
3,0,CFG_INDA_DELAY,7,99881,1,delay,IOTILE
3,0,CFG_INDA_DELAY,8,99882,128,delay,IOTILE
3,0,CFG_INDA_DELAY,9,99765,2,delay,IOTILE
3,0,CFG_INDA_DELAY,10,99765,1,delay,IOTILE
3,0,CFG_INDA_DELAY,11,99766,128,delay,IOTILE
3,0,CFG_INPUTMUX0,0,99881,128,mux,IOTILE
3,0,CFG_INPUTMUX0,1,99765,128,mux,IOTILE
3,0,CFG_INPUTMUX1,0,99880,32,mux,IOTILE
3,0,CFG_INPUTMUX1,1,99880,16,mux,IOTILE
3,0,CFG_INPUTMUX2,0,99764,1,mux,IOTILE
3,0,CFG_INPUTMUX2,1,99880,1,mux,IOTILE
3,0,CFG_INPUTMUX3,0,99764,32,mux,IOTILE
3,0,CFG_INPUTMUX3,1,99764,16,mux,IOTILE
3,0,CFG_INREG_DELAY,0,99883,8,delay,IOTILE
3,0,CFG_INREG_DELAY,1,99883,16,delay,IOTILE
3,0,CFG_INREG_DELAY,2,99883,32,delay,IOTILE
3,0,CFG_INREG_DELAY,3,99767,8,delay,IOTILE
3,0,CFG_INREG_DELAY,4,99767,16,delay,IOTILE
3,0,CFG_INREG_DELAY,5,99767,32,delay,IOTILE
3,0,CFG_INREG_DELAY,6,99881,16,delay,IOTILE
3,0,CFG_INREG_DELAY,7,99881,8,delay,IOTILE
3,0,CFG_INREG_DELAY,8,99881,32,delay,IOTILE
3,0,CFG_INREG_DELAY,9,99765,32,delay,IOTILE
3,0,CFG_INREG_DELAY,10,99765,16,delay,IOTILE
3,0,CFG_INREG_DELAY,11,99765,8,delay,IOTILE
3,0,CFG_IN_ASYNC_MODE,0,99648,1,ioreg,IOTILE
3,0,CFG_IN_ASYNC_MODE,1,99648,16,ioreg,IOTILE
3,0,CFG_IN_ASYNC_MODE,2,97444,1,ioreg,IOTILE
3,0,CFG_IN_ASYNC_MODE,3,97444,16,ioreg,IOTILE
3,0,CFG_IN_POWERUP,0,99533,128,ioreg,IOTILE
3,0,CFG_IN_POWERUP,1,99532,32,ioreg,IOTILE
3,0,CFG_IN_POWERUP,2,97561,128,ioreg,IOTILE
3,0,CFG_IN_POWERUP,3,97560,32,ioreg,IOTILE
3,0,CFG_IN_SYNC_MODE,0,99649,128,ioreg,IOTILE
3,0,CFG_IN_SYNC_MODE,1,99648,32,ioreg,IOTILE
3,0,CFG_IN_SYNC_MODE,2,97445,128,ioreg,IOTILE
3,0,CFG_IN_SYNC_MODE,3,97444,32,ioreg,IOTILE
3,0,CFG_IOMUX0,0,99650,64,mux,IOTILE
3,0,CFG_IOMUX0,1,99534,64,mux,IOTILE
3,0,CFG_IOMUX0,2,99650,32,mux,IOTILE
3,0,CFG_IOMUX0,3,99534,32,mux,IOTILE
3,0,CFG_IOMUX0,4,99650,16,mux,IOTILE
3,0,CFG_IOMUX0,5,99534,16,mux,IOTILE
3,0,CFG_IOMUX0,6,99534,8,mux,IOTILE
3,0,CFG_IOMUX0,7,99418,64,mux,IOTILE
3,0,CFG_IOMUX0,8,99302,64,mux,IOTILE
3,0,CFG_IOMUX0,9,99418,32,mux,IOTILE
3,0,CFG_IOMUX0,10,99302,32,mux,IOTILE
3,0,CFG_IOMUX0,11,99418,16,mux,IOTILE
3,0,CFG_IOMUX0,12,99302,16,mux,IOTILE
3,0,CFG_IOMUX0,13,99302,8,mux,IOTILE
3,0,CFG_IOMUX0,14,97562,64,mux,IOTILE
3,0,CFG_IOMUX0,15,97446,64,mux,IOTILE
3,0,CFG_IOMUX0,16,97562,32,mux,IOTILE
3,0,CFG_IOMUX0,17,97446,32,mux,IOTILE
3,0,CFG_IOMUX0,18,97562,16,mux,IOTILE
3,0,CFG_IOMUX0,19,97446,16,mux,IOTILE
3,0,CFG_IOMUX0,20,97446,8,mux,IOTILE
3,0,CFG_IOMUX0,21,97794,64,mux,IOTILE
3,0,CFG_IOMUX0,22,97678,64,mux,IOTILE
3,0,CFG_IOMUX0,23,97794,32,mux,IOTILE
3,0,CFG_IOMUX0,24,97678,32,mux,IOTILE
3,0,CFG_IOMUX0,25,97794,16,mux,IOTILE
3,0,CFG_IOMUX0,26,97678,16,mux,IOTILE
3,0,CFG_IOMUX0,27,97678,8,mux,IOTILE
3,0,CFG_IOMUX0,28,99186,64,mux,IOTILE
3,0,CFG_IOMUX0,29,99070,64,mux,IOTILE
3,0,CFG_IOMUX0,30,99186,32,mux,IOTILE
3,0,CFG_IOMUX0,31,99070,32,mux,IOTILE
3,0,CFG_IOMUX0,32,99186,16,mux,IOTILE
3,0,CFG_IOMUX0,33,99070,16,mux,IOTILE
3,0,CFG_IOMUX0,34,99070,8,mux,IOTILE
3,0,CFG_IOMUX0,35,98954,64,mux,IOTILE
3,0,CFG_IOMUX0,36,98838,64,mux,IOTILE
3,0,CFG_IOMUX0,37,98954,32,mux,IOTILE
3,0,CFG_IOMUX0,38,98838,32,mux,IOTILE
3,0,CFG_IOMUX0,39,98954,16,mux,IOTILE
3,0,CFG_IOMUX0,40,98838,16,mux,IOTILE
3,0,CFG_IOMUX0,41,98838,8,mux,IOTILE
3,0,CFG_IOMUX1,0,98026,64,mux,IOTILE
3,0,CFG_IOMUX1,1,97910,64,mux,IOTILE
3,0,CFG_IOMUX1,2,98026,32,mux,IOTILE
3,0,CFG_IOMUX1,3,97910,32,mux,IOTILE
3,0,CFG_IOMUX1,4,98026,16,mux,IOTILE
3,0,CFG_IOMUX1,5,97910,16,mux,IOTILE
3,0,CFG_IOMUX1,6,97910,8,mux,IOTILE
3,0,CFG_IOMUX1,7,98258,64,mux,IOTILE
3,0,CFG_IOMUX1,8,98142,64,mux,IOTILE
3,0,CFG_IOMUX1,9,98258,32,mux,IOTILE
3,0,CFG_IOMUX1,10,98142,32,mux,IOTILE
3,0,CFG_IOMUX1,11,98258,16,mux,IOTILE
3,0,CFG_IOMUX1,12,98142,16,mux,IOTILE
3,0,CFG_IOMUX1,13,98142,8,mux,IOTILE
3,0,CFG_IOMUX1,14,99186,128,mux,IOTILE
3,0,CFG_IOMUX1,15,99070,128,mux,IOTILE
3,0,CFG_IOMUX1,16,99185,1,mux,IOTILE
3,0,CFG_IOMUX1,17,99069,1,mux,IOTILE
3,0,CFG_IOMUX1,18,99185,2,mux,IOTILE
3,0,CFG_IOMUX1,19,99069,2,mux,IOTILE
3,0,CFG_IOMUX1,20,99069,4,mux,IOTILE
3,0,CFG_IOMUX1,21,98954,128,mux,IOTILE
3,0,CFG_IOMUX1,22,98838,128,mux,IOTILE
3,0,CFG_IOMUX1,23,98953,1,mux,IOTILE
3,0,CFG_IOMUX1,24,98837,1,mux,IOTILE
3,0,CFG_IOMUX1,25,98953,2,mux,IOTILE
3,0,CFG_IOMUX1,26,98837,2,mux,IOTILE
3,0,CFG_IOMUX1,27,98837,4,mux,IOTILE
3,0,CFG_IOMUX1,28,98026,128,mux,IOTILE
3,0,CFG_IOMUX1,29,97910,128,mux,IOTILE
3,0,CFG_IOMUX1,30,98025,1,mux,IOTILE
3,0,CFG_IOMUX1,31,97909,1,mux,IOTILE
3,0,CFG_IOMUX1,32,98025,2,mux,IOTILE
3,0,CFG_IOMUX1,33,97909,2,mux,IOTILE
3,0,CFG_IOMUX1,34,97909,4,mux,IOTILE
3,0,CFG_IOMUX1,35,98258,128,mux,IOTILE
3,0,CFG_IOMUX1,36,98142,128,mux,IOTILE
3,0,CFG_IOMUX1,37,98257,1,mux,IOTILE
3,0,CFG_IOMUX1,38,98141,1,mux,IOTILE
3,0,CFG_IOMUX1,39,98257,2,mux,IOTILE
3,0,CFG_IOMUX1,40,98141,2,mux,IOTILE
3,0,CFG_IOMUX1,41,98141,4,mux,IOTILE
3,0,CFG_IOMUX2,0,99650,128,mux,IOTILE
3,0,CFG_IOMUX2,1,99534,128,mux,IOTILE
3,0,CFG_IOMUX2,2,99649,1,mux,IOTILE
3,0,CFG_IOMUX2,3,99533,1,mux,IOTILE
3,0,CFG_IOMUX2,4,99649,2,mux,IOTILE
3,0,CFG_IOMUX2,5,99533,2,mux,IOTILE
3,0,CFG_IOMUX2,6,99533,4,mux,IOTILE
3,0,CFG_IOMUX2,7,99418,128,mux,IOTILE
3,0,CFG_IOMUX2,8,99302,128,mux,IOTILE
3,0,CFG_IOMUX2,9,99417,1,mux,IOTILE
3,0,CFG_IOMUX2,10,99301,1,mux,IOTILE
3,0,CFG_IOMUX2,11,99417,2,mux,IOTILE
3,0,CFG_IOMUX2,12,99301,2,mux,IOTILE
3,0,CFG_IOMUX2,13,99301,4,mux,IOTILE
3,0,CFG_IOMUX2,14,97562,128,mux,IOTILE
3,0,CFG_IOMUX2,15,97446,128,mux,IOTILE
3,0,CFG_IOMUX2,16,97561,1,mux,IOTILE
3,0,CFG_IOMUX2,17,97445,1,mux,IOTILE
3,0,CFG_IOMUX2,18,97561,2,mux,IOTILE
3,0,CFG_IOMUX2,19,97445,2,mux,IOTILE
3,0,CFG_IOMUX2,20,97445,4,mux,IOTILE
3,0,CFG_IOMUX2,21,97794,128,mux,IOTILE
3,0,CFG_IOMUX2,22,97678,128,mux,IOTILE
3,0,CFG_IOMUX2,23,97793,1,mux,IOTILE
3,0,CFG_IOMUX2,24,97677,1,mux,IOTILE
3,0,CFG_IOMUX2,25,97793,2,mux,IOTILE
3,0,CFG_IOMUX2,26,97677,2,mux,IOTILE
3,0,CFG_IOMUX2,27,97677,4,mux,IOTILE
3,0,CFG_IOMUX2,28,99649,64,mux,IOTILE
3,0,CFG_IOMUX2,29,99533,64,mux,IOTILE
3,0,CFG_IOMUX2,30,99649,32,mux,IOTILE
3,0,CFG_IOMUX2,31,99533,32,mux,IOTILE
3,0,CFG_IOMUX2,32,99649,16,mux,IOTILE
3,0,CFG_IOMUX2,33,99533,16,mux,IOTILE
3,0,CFG_IOMUX2,34,99533,8,mux,IOTILE
3,0,CFG_IOMUX2,35,99417,64,mux,IOTILE
3,0,CFG_IOMUX2,36,99301,64,mux,IOTILE
3,0,CFG_IOMUX2,37,99417,32,mux,IOTILE
3,0,CFG_IOMUX2,38,99301,32,mux,IOTILE
3,0,CFG_IOMUX2,39,99417,16,mux,IOTILE
3,0,CFG_IOMUX2,40,99301,16,mux,IOTILE
3,0,CFG_IOMUX2,41,99301,8,mux,IOTILE
3,0,CFG_IOMUX3,0,97561,64,mux,IOTILE
3,0,CFG_IOMUX3,1,97445,64,mux,IOTILE
3,0,CFG_IOMUX3,2,97561,32,mux,IOTILE
3,0,CFG_IOMUX3,3,97445,32,mux,IOTILE
3,0,CFG_IOMUX3,4,97561,16,mux,IOTILE
3,0,CFG_IOMUX3,5,97445,16,mux,IOTILE
3,0,CFG_IOMUX3,6,97445,8,mux,IOTILE
3,0,CFG_IOMUX3,7,97793,64,mux,IOTILE
3,0,CFG_IOMUX3,8,97677,64,mux,IOTILE
3,0,CFG_IOMUX3,9,97793,32,mux,IOTILE
3,0,CFG_IOMUX3,10,97677,32,mux,IOTILE
3,0,CFG_IOMUX3,11,97793,16,mux,IOTILE
3,0,CFG_IOMUX3,12,97677,16,mux,IOTILE
3,0,CFG_IOMUX3,13,97677,8,mux,IOTILE
3,0,CFG_IOMUX3,14,99185,64,mux,IOTILE
3,0,CFG_IOMUX3,15,99069,64,mux,IOTILE
3,0,CFG_IOMUX3,16,99185,32,mux,IOTILE
3,0,CFG_IOMUX3,17,99069,32,mux,IOTILE
3,0,CFG_IOMUX3,18,99185,16,mux,IOTILE
3,0,CFG_IOMUX3,19,99069,16,mux,IOTILE
3,0,CFG_IOMUX3,20,99069,8,mux,IOTILE
3,0,CFG_IOMUX3,21,98953,64,mux,IOTILE
3,0,CFG_IOMUX3,22,98837,64,mux,IOTILE
3,0,CFG_IOMUX3,23,98953,32,mux,IOTILE
3,0,CFG_IOMUX3,24,98837,32,mux,IOTILE
3,0,CFG_IOMUX3,25,98953,16,mux,IOTILE
3,0,CFG_IOMUX3,26,98837,16,mux,IOTILE
3,0,CFG_IOMUX3,27,98837,8,mux,IOTILE
3,0,CFG_IOMUX3,28,98025,64,mux,IOTILE
3,0,CFG_IOMUX3,29,97909,64,mux,IOTILE
3,0,CFG_IOMUX3,30,98025,32,mux,IOTILE
3,0,CFG_IOMUX3,31,97909,32,mux,IOTILE
3,0,CFG_IOMUX3,32,98025,16,mux,IOTILE
3,0,CFG_IOMUX3,33,97909,16,mux,IOTILE
3,0,CFG_IOMUX3,34,97909,8,mux,IOTILE
3,0,CFG_IOMUX3,35,98257,64,mux,IOTILE
3,0,CFG_IOMUX3,36,98141,64,mux,IOTILE
3,0,CFG_IOMUX3,37,98257,32,mux,IOTILE
3,0,CFG_IOMUX3,38,98141,32,mux,IOTILE
3,0,CFG_IOMUX3,39,98257,16,mux,IOTILE
3,0,CFG_IOMUX3,40,98141,16,mux,IOTILE
3,0,CFG_IOMUX3,41,98141,8,mux,IOTILE
3,0,CFG_OE_ASYNC_MODE,0,99184,1,ioreg,IOTILE
3,0,CFG_OE_ASYNC_MODE,1,99184,16,ioreg,IOTILE
3,0,CFG_OE_ASYNC_MODE,2,97908,1,ioreg,IOTILE
3,0,CFG_OE_ASYNC_MODE,3,97908,16,ioreg,IOTILE
3,0,CFG_OE_POWERUP,0,99069,128,ioreg,IOTILE
3,0,CFG_OE_POWERUP,1,99068,32,ioreg,IOTILE
3,0,CFG_OE_POWERUP,2,98025,128,ioreg,IOTILE
3,0,CFG_OE_POWERUP,3,98024,32,ioreg,IOTILE
3,0,CFG_OE_REG_MODE,0,99300,1,ioreg,IOTILE
3,0,CFG_OE_REG_MODE,1,99300,16,ioreg,IOTILE
3,0,CFG_OE_REG_MODE,2,97792,1,ioreg,IOTILE
3,0,CFG_OE_REG_MODE,3,97792,16,ioreg,IOTILE
3,0,CFG_OE_SYNC_MODE,0,99185,128,ioreg,IOTILE
3,0,CFG_OE_SYNC_MODE,1,99184,32,ioreg,IOTILE
3,0,CFG_OE_SYNC_MODE,2,97909,128,ioreg,IOTILE
3,0,CFG_OE_SYNC_MODE,3,97908,32,ioreg,IOTILE
3,0,CFG_OUTDELAY,0,99882,8,delay,IOTILE
3,0,CFG_OUTDELAY,1,99766,8,delay,IOTILE
3,0,CFG_OUTDELAY,2,99881,64,delay,IOTILE
3,0,CFG_OUTDELAY,3,99765,64,delay,IOTILE
3,0,CFG_OUT_ASYNC_MODE,0,99416,1,ioreg,IOTILE
3,0,CFG_OUT_ASYNC_MODE,1,99416,16,ioreg,IOTILE
3,0,CFG_OUT_ASYNC_MODE,2,97676,1,ioreg,IOTILE
3,0,CFG_OUT_ASYNC_MODE,3,97676,16,ioreg,IOTILE
3,0,CFG_OUT_POWERUP,0,99301,128,ioreg,IOTILE
3,0,CFG_OUT_POWERUP,1,99300,32,ioreg,IOTILE
3,0,CFG_OUT_POWERUP,2,97793,128,ioreg,IOTILE
3,0,CFG_OUT_POWERUP,3,97792,32,ioreg,IOTILE
3,0,CFG_OUT_REG_MODE,0,99068,1,ioreg,IOTILE
3,0,CFG_OUT_REG_MODE,1,99068,16,ioreg,IOTILE
3,0,CFG_OUT_REG_MODE,2,98024,1,ioreg,IOTILE
3,0,CFG_OUT_REG_MODE,3,98024,16,ioreg,IOTILE
3,0,CFG_OUT_SYNC_MODE,0,99417,128,ioreg,IOTILE
3,0,CFG_OUT_SYNC_MODE,1,99416,32,ioreg,IOTILE
3,0,CFG_OUT_SYNC_MODE,2,97677,128,ioreg,IOTILE
3,0,CFG_OUT_SYNC_MODE,3,97676,32,ioreg,IOTILE
3,5,CFG_INPUTMUX,0,64295,4,mux,UFMTILE
3,5,CFG_INPUTMUX,1,64527,4,mux,UFMTILE
3,5,CFG_INPUTMUX,2,64759,4,mux,UFMTILE
3,5,CFG_INPUTMUX,3,65223,4,mux,UFMTILE
3,5,CFG_INPUTMUX,4,65455,4,mux,UFMTILE
3,5,CFG_INPUTMUX,5,65687,4,mux,UFMTILE
3,5,CFG_INPUTMUX,6,64295,16,mux,UFMTILE
3,5,CFG_INPUTMUX,7,64527,16,mux,UFMTILE
3,5,CFG_INPUTMUX,8,64759,16,mux,UFMTILE
3,5,CFG_INPUTMUX,9,65223,16,mux,UFMTILE
3,5,CFG_INPUTMUX,10,65455,16,mux,UFMTILE
3,5,CFG_INPUTMUX,11,65687,16,mux,UFMTILE
4,0,CFG_INDA_DELAY,0,99879,32,delay,IOTILE
4,0,CFG_INDA_DELAY,1,99879,16,delay,IOTILE
4,0,CFG_INDA_DELAY,2,99879,8,delay,IOTILE
4,0,CFG_INDA_DELAY,3,99763,32,delay,IOTILE
4,0,CFG_INDA_DELAY,4,99763,16,delay,IOTILE
4,0,CFG_INDA_DELAY,5,99763,8,delay,IOTILE
4,0,CFG_INDA_DELAY,6,99877,32,delay,IOTILE
4,0,CFG_INDA_DELAY,7,99877,16,delay,IOTILE
4,0,CFG_INDA_DELAY,8,99877,8,delay,IOTILE
4,0,CFG_INDA_DELAY,9,99761,32,delay,IOTILE
4,0,CFG_INDA_DELAY,10,99761,16,delay,IOTILE
4,0,CFG_INDA_DELAY,11,99761,8,delay,IOTILE
4,0,CFG_INPUTMUX0,0,99876,8,mux,IOTILE
4,0,CFG_INPUTMUX0,1,99760,8,mux,IOTILE
4,0,CFG_INPUTMUX1,0,99875,2,mux,IOTILE
4,0,CFG_INPUTMUX1,1,99875,1,mux,IOTILE
4,0,CFG_INPUTMUX2,0,99760,16,mux,IOTILE
4,0,CFG_INPUTMUX2,1,99876,16,mux,IOTILE
4,0,CFG_INPUTMUX3,0,99759,2,mux,IOTILE
4,0,CFG_INPUTMUX3,1,99759,1,mux,IOTILE
4,0,CFG_INREG_DELAY,0,99879,128,delay,IOTILE
4,0,CFG_INREG_DELAY,1,99878,1,delay,IOTILE
4,0,CFG_INREG_DELAY,2,99878,2,delay,IOTILE
4,0,CFG_INREG_DELAY,3,99763,128,delay,IOTILE
4,0,CFG_INREG_DELAY,4,99762,1,delay,IOTILE
4,0,CFG_INREG_DELAY,5,99762,2,delay,IOTILE
4,0,CFG_INREG_DELAY,6,99876,1,delay,IOTILE
4,0,CFG_INREG_DELAY,7,99877,128,delay,IOTILE
4,0,CFG_INREG_DELAY,8,99876,2,delay,IOTILE
4,0,CFG_INREG_DELAY,9,99760,2,delay,IOTILE
4,0,CFG_INREG_DELAY,10,99760,1,delay,IOTILE
4,0,CFG_INREG_DELAY,11,99761,128,delay,IOTILE
4,0,CFG_IN_ASYNC_MODE,0,99644,16,ioreg,IOTILE
4,0,CFG_IN_ASYNC_MODE,1,99643,1,ioreg,IOTILE
4,0,CFG_IN_ASYNC_MODE,2,97440,16,ioreg,IOTILE
4,0,CFG_IN_ASYNC_MODE,3,97439,1,ioreg,IOTILE
4,0,CFG_IN_POWERUP,0,99528,8,ioreg,IOTILE
4,0,CFG_IN_POWERUP,1,99527,2,ioreg,IOTILE
4,0,CFG_IN_POWERUP,2,97556,8,ioreg,IOTILE
4,0,CFG_IN_POWERUP,3,97555,2,ioreg,IOTILE
4,0,CFG_IN_SYNC_MODE,0,99644,8,ioreg,IOTILE
4,0,CFG_IN_SYNC_MODE,1,99643,2,ioreg,IOTILE
4,0,CFG_IN_SYNC_MODE,2,97440,8,ioreg,IOTILE
4,0,CFG_IN_SYNC_MODE,3,97439,2,ioreg,IOTILE
4,0,CFG_IOMUX0,0,99645,4,mux,IOTILE
4,0,CFG_IOMUX0,1,99529,4,mux,IOTILE
4,0,CFG_IOMUX0,2,99645,2,mux,IOTILE
4,0,CFG_IOMUX0,3,99529,2,mux,IOTILE
4,0,CFG_IOMUX0,4,99645,1,mux,IOTILE
4,0,CFG_IOMUX0,5,99529,1,mux,IOTILE
4,0,CFG_IOMUX0,6,99530,128,mux,IOTILE
4,0,CFG_IOMUX0,7,99413,4,mux,IOTILE
4,0,CFG_IOMUX0,8,99297,4,mux,IOTILE
4,0,CFG_IOMUX0,9,99413,2,mux,IOTILE
4,0,CFG_IOMUX0,10,99297,2,mux,IOTILE
4,0,CFG_IOMUX0,11,99413,1,mux,IOTILE
4,0,CFG_IOMUX0,12,99297,1,mux,IOTILE
4,0,CFG_IOMUX0,13,99298,128,mux,IOTILE
4,0,CFG_IOMUX0,14,97557,4,mux,IOTILE
4,0,CFG_IOMUX0,15,97441,4,mux,IOTILE
4,0,CFG_IOMUX0,16,97557,2,mux,IOTILE
4,0,CFG_IOMUX0,17,97441,2,mux,IOTILE
4,0,CFG_IOMUX0,18,97557,1,mux,IOTILE
4,0,CFG_IOMUX0,19,97441,1,mux,IOTILE
4,0,CFG_IOMUX0,20,97442,128,mux,IOTILE
4,0,CFG_IOMUX0,21,97789,4,mux,IOTILE
4,0,CFG_IOMUX0,22,97673,4,mux,IOTILE
4,0,CFG_IOMUX0,23,97789,2,mux,IOTILE
4,0,CFG_IOMUX0,24,97673,2,mux,IOTILE
4,0,CFG_IOMUX0,25,97789,1,mux,IOTILE
4,0,CFG_IOMUX0,26,97673,1,mux,IOTILE
4,0,CFG_IOMUX0,27,97674,128,mux,IOTILE
4,0,CFG_IOMUX0,28,99181,4,mux,IOTILE
4,0,CFG_IOMUX0,29,99065,4,mux,IOTILE
4,0,CFG_IOMUX0,30,99181,2,mux,IOTILE
4,0,CFG_IOMUX0,31,99065,2,mux,IOTILE
4,0,CFG_IOMUX0,32,99181,1,mux,IOTILE
4,0,CFG_IOMUX0,33,99065,1,mux,IOTILE
4,0,CFG_IOMUX0,34,99066,128,mux,IOTILE
4,0,CFG_IOMUX0,35,98949,4,mux,IOTILE
4,0,CFG_IOMUX0,36,98833,4,mux,IOTILE
4,0,CFG_IOMUX0,37,98949,2,mux,IOTILE
4,0,CFG_IOMUX0,38,98833,2,mux,IOTILE
4,0,CFG_IOMUX0,39,98949,1,mux,IOTILE
4,0,CFG_IOMUX0,40,98833,1,mux,IOTILE
4,0,CFG_IOMUX0,41,98834,128,mux,IOTILE
4,0,CFG_IOMUX1,0,98021,4,mux,IOTILE
4,0,CFG_IOMUX1,1,97905,4,mux,IOTILE
4,0,CFG_IOMUX1,2,98021,2,mux,IOTILE
4,0,CFG_IOMUX1,3,97905,2,mux,IOTILE
4,0,CFG_IOMUX1,4,98021,1,mux,IOTILE
4,0,CFG_IOMUX1,5,97905,1,mux,IOTILE
4,0,CFG_IOMUX1,6,97906,128,mux,IOTILE
4,0,CFG_IOMUX1,7,98253,4,mux,IOTILE
4,0,CFG_IOMUX1,8,98137,4,mux,IOTILE
4,0,CFG_IOMUX1,9,98253,2,mux,IOTILE
4,0,CFG_IOMUX1,10,98137,2,mux,IOTILE
4,0,CFG_IOMUX1,11,98253,1,mux,IOTILE
4,0,CFG_IOMUX1,12,98137,1,mux,IOTILE
4,0,CFG_IOMUX1,13,98138,128,mux,IOTILE
4,0,CFG_IOMUX1,14,99181,8,mux,IOTILE
4,0,CFG_IOMUX1,15,99065,8,mux,IOTILE
4,0,CFG_IOMUX1,16,99181,16,mux,IOTILE
4,0,CFG_IOMUX1,17,99065,16,mux,IOTILE
4,0,CFG_IOMUX1,18,99181,32,mux,IOTILE
4,0,CFG_IOMUX1,19,99065,32,mux,IOTILE
4,0,CFG_IOMUX1,20,99065,64,mux,IOTILE
4,0,CFG_IOMUX1,21,98949,8,mux,IOTILE
4,0,CFG_IOMUX1,22,98833,8,mux,IOTILE
4,0,CFG_IOMUX1,23,98949,16,mux,IOTILE
4,0,CFG_IOMUX1,24,98833,16,mux,IOTILE
4,0,CFG_IOMUX1,25,98949,32,mux,IOTILE
4,0,CFG_IOMUX1,26,98833,32,mux,IOTILE
4,0,CFG_IOMUX1,27,98833,64,mux,IOTILE
4,0,CFG_IOMUX1,28,98021,8,mux,IOTILE
4,0,CFG_IOMUX1,29,97905,8,mux,IOTILE
4,0,CFG_IOMUX1,30,98021,16,mux,IOTILE
4,0,CFG_IOMUX1,31,97905,16,mux,IOTILE
4,0,CFG_IOMUX1,32,98021,32,mux,IOTILE
4,0,CFG_IOMUX1,33,97905,32,mux,IOTILE
4,0,CFG_IOMUX1,34,97905,64,mux,IOTILE
4,0,CFG_IOMUX1,35,98253,8,mux,IOTILE
4,0,CFG_IOMUX1,36,98137,8,mux,IOTILE
4,0,CFG_IOMUX1,37,98253,16,mux,IOTILE
4,0,CFG_IOMUX1,38,98137,16,mux,IOTILE
4,0,CFG_IOMUX1,39,98253,32,mux,IOTILE
4,0,CFG_IOMUX1,40,98137,32,mux,IOTILE
4,0,CFG_IOMUX1,41,98137,64,mux,IOTILE
4,0,CFG_IOMUX2,0,99645,8,mux,IOTILE
4,0,CFG_IOMUX2,1,99529,8,mux,IOTILE
4,0,CFG_IOMUX2,2,99645,16,mux,IOTILE
4,0,CFG_IOMUX2,3,99529,16,mux,IOTILE
4,0,CFG_IOMUX2,4,99645,32,mux,IOTILE
4,0,CFG_IOMUX2,5,99529,32,mux,IOTILE
4,0,CFG_IOMUX2,6,99529,64,mux,IOTILE
4,0,CFG_IOMUX2,7,99413,8,mux,IOTILE
4,0,CFG_IOMUX2,8,99297,8,mux,IOTILE
4,0,CFG_IOMUX2,9,99413,16,mux,IOTILE
4,0,CFG_IOMUX2,10,99297,16,mux,IOTILE
4,0,CFG_IOMUX2,11,99413,32,mux,IOTILE
4,0,CFG_IOMUX2,12,99297,32,mux,IOTILE
4,0,CFG_IOMUX2,13,99297,64,mux,IOTILE
4,0,CFG_IOMUX2,14,97557,8,mux,IOTILE
4,0,CFG_IOMUX2,15,97441,8,mux,IOTILE
4,0,CFG_IOMUX2,16,97557,16,mux,IOTILE
4,0,CFG_IOMUX2,17,97441,16,mux,IOTILE
4,0,CFG_IOMUX2,18,97557,32,mux,IOTILE
4,0,CFG_IOMUX2,19,97441,32,mux,IOTILE
4,0,CFG_IOMUX2,20,97441,64,mux,IOTILE
4,0,CFG_IOMUX2,21,97789,8,mux,IOTILE
4,0,CFG_IOMUX2,22,97673,8,mux,IOTILE
4,0,CFG_IOMUX2,23,97789,16,mux,IOTILE
4,0,CFG_IOMUX2,24,97673,16,mux,IOTILE
4,0,CFG_IOMUX2,25,97789,32,mux,IOTILE
4,0,CFG_IOMUX2,26,97673,32,mux,IOTILE
4,0,CFG_IOMUX2,27,97673,64,mux,IOTILE
4,0,CFG_IOMUX2,28,99644,4,mux,IOTILE
4,0,CFG_IOMUX2,29,99528,4,mux,IOTILE
4,0,CFG_IOMUX2,30,99644,2,mux,IOTILE
4,0,CFG_IOMUX2,31,99528,2,mux,IOTILE
4,0,CFG_IOMUX2,32,99644,1,mux,IOTILE
4,0,CFG_IOMUX2,33,99528,1,mux,IOTILE
4,0,CFG_IOMUX2,34,99529,128,mux,IOTILE
4,0,CFG_IOMUX2,35,99412,4,mux,IOTILE
4,0,CFG_IOMUX2,36,99296,4,mux,IOTILE
4,0,CFG_IOMUX2,37,99412,2,mux,IOTILE
4,0,CFG_IOMUX2,38,99296,2,mux,IOTILE
4,0,CFG_IOMUX2,39,99412,1,mux,IOTILE
4,0,CFG_IOMUX2,40,99296,1,mux,IOTILE
4,0,CFG_IOMUX2,41,99297,128,mux,IOTILE
4,0,CFG_IOMUX3,0,97556,4,mux,IOTILE
4,0,CFG_IOMUX3,1,97440,4,mux,IOTILE
4,0,CFG_IOMUX3,2,97556,2,mux,IOTILE
4,0,CFG_IOMUX3,3,97440,2,mux,IOTILE
4,0,CFG_IOMUX3,4,97556,1,mux,IOTILE
4,0,CFG_IOMUX3,5,97440,1,mux,IOTILE
4,0,CFG_IOMUX3,6,97441,128,mux,IOTILE
4,0,CFG_IOMUX3,7,97788,4,mux,IOTILE
4,0,CFG_IOMUX3,8,97672,4,mux,IOTILE
4,0,CFG_IOMUX3,9,97788,2,mux,IOTILE
4,0,CFG_IOMUX3,10,97672,2,mux,IOTILE
4,0,CFG_IOMUX3,11,97788,1,mux,IOTILE
4,0,CFG_IOMUX3,12,97672,1,mux,IOTILE
4,0,CFG_IOMUX3,13,97673,128,mux,IOTILE
4,0,CFG_IOMUX3,14,99180,4,mux,IOTILE
4,0,CFG_IOMUX3,15,99064,4,mux,IOTILE
4,0,CFG_IOMUX3,16,99180,2,mux,IOTILE
4,0,CFG_IOMUX3,17,99064,2,mux,IOTILE
4,0,CFG_IOMUX3,18,99180,1,mux,IOTILE
4,0,CFG_IOMUX3,19,99064,1,mux,IOTILE
4,0,CFG_IOMUX3,20,99065,128,mux,IOTILE
4,0,CFG_IOMUX3,21,98948,4,mux,IOTILE
4,0,CFG_IOMUX3,22,98832,4,mux,IOTILE
4,0,CFG_IOMUX3,23,98948,2,mux,IOTILE
4,0,CFG_IOMUX3,24,98832,2,mux,IOTILE
4,0,CFG_IOMUX3,25,98948,1,mux,IOTILE
4,0,CFG_IOMUX3,26,98832,1,mux,IOTILE
4,0,CFG_IOMUX3,27,98833,128,mux,IOTILE
4,0,CFG_IOMUX3,28,98020,4,mux,IOTILE
4,0,CFG_IOMUX3,29,97904,4,mux,IOTILE
4,0,CFG_IOMUX3,30,98020,2,mux,IOTILE
4,0,CFG_IOMUX3,31,97904,2,mux,IOTILE
4,0,CFG_IOMUX3,32,98020,1,mux,IOTILE
4,0,CFG_IOMUX3,33,97904,1,mux,IOTILE
4,0,CFG_IOMUX3,34,97905,128,mux,IOTILE
4,0,CFG_IOMUX3,35,98252,4,mux,IOTILE
4,0,CFG_IOMUX3,36,98136,4,mux,IOTILE
4,0,CFG_IOMUX3,37,98252,2,mux,IOTILE
4,0,CFG_IOMUX3,38,98136,2,mux,IOTILE
4,0,CFG_IOMUX3,39,98252,1,mux,IOTILE
4,0,CFG_IOMUX3,40,98136,1,mux,IOTILE
4,0,CFG_IOMUX3,41,98137,128,mux,IOTILE
4,0,CFG_OE_ASYNC_MODE,0,99180,16,ioreg,IOTILE
4,0,CFG_OE_ASYNC_MODE,1,99179,1,ioreg,IOTILE
4,0,CFG_OE_ASYNC_MODE,2,97904,16,ioreg,IOTILE
4,0,CFG_OE_ASYNC_MODE,3,97903,1,ioreg,IOTILE
4,0,CFG_OE_POWERUP,0,99064,8,ioreg,IOTILE
4,0,CFG_OE_POWERUP,1,99063,2,ioreg,IOTILE
4,0,CFG_OE_POWERUP,2,98020,8,ioreg,IOTILE
4,0,CFG_OE_POWERUP,3,98019,2,ioreg,IOTILE
4,0,CFG_OE_REG_MODE,0,99296,16,ioreg,IOTILE
4,0,CFG_OE_REG_MODE,1,99295,1,ioreg,IOTILE
4,0,CFG_OE_REG_MODE,2,97788,16,ioreg,IOTILE
4,0,CFG_OE_REG_MODE,3,97787,1,ioreg,IOTILE
4,0,CFG_OE_SYNC_MODE,0,99180,8,ioreg,IOTILE
4,0,CFG_OE_SYNC_MODE,1,99179,2,ioreg,IOTILE
4,0,CFG_OE_SYNC_MODE,2,97904,8,ioreg,IOTILE
4,0,CFG_OE_SYNC_MODE,3,97903,2,ioreg,IOTILE
4,0,CFG_OUTDELAY,0,99878,128,delay,IOTILE
4,0,CFG_OUTDELAY,1,99762,128,delay,IOTILE
4,0,CFG_OUTDELAY,2,99876,4,delay,IOTILE
4,0,CFG_OUTDELAY,3,99760,4,delay,IOTILE
4,0,CFG_OUT_ASYNC_MODE,0,99412,16,ioreg,IOTILE
4,0,CFG_OUT_ASYNC_MODE,1,99411,1,ioreg,IOTILE
4,0,CFG_OUT_ASYNC_MODE,2,97672,16,ioreg,IOTILE
4,0,CFG_OUT_ASYNC_MODE,3,97671,1,ioreg,IOTILE
4,0,CFG_OUT_POWERUP,0,99296,8,ioreg,IOTILE
4,0,CFG_OUT_POWERUP,1,99295,2,ioreg,IOTILE
4,0,CFG_OUT_POWERUP,2,97788,8,ioreg,IOTILE
4,0,CFG_OUT_POWERUP,3,97787,2,ioreg,IOTILE
4,0,CFG_OUT_REG_MODE,0,99064,16,ioreg,IOTILE
4,0,CFG_OUT_REG_MODE,1,99063,1,ioreg,IOTILE
4,0,CFG_OUT_REG_MODE,2,98020,16,ioreg,IOTILE
4,0,CFG_OUT_REG_MODE,3,98019,1,ioreg,IOTILE
4,0,CFG_OUT_SYNC_MODE,0,99412,8,ioreg,IOTILE
4,0,CFG_OUT_SYNC_MODE,1,99411,2,ioreg,IOTILE
4,0,CFG_OUT_SYNC_MODE,2,97672,8,ioreg,IOTILE
4,0,CFG_OUT_SYNC_MODE,3,97671,2,ioreg,IOTILE
4,5,CFG_INPUTMUX,0,64291,64,mux,UFMTILE
4,5,CFG_INPUTMUX,1,64523,64,mux,UFMTILE
4,5,CFG_INPUTMUX,2,64755,64,mux,UFMTILE
4,5,CFG_INPUTMUX,3,65219,64,mux,UFMTILE
4,5,CFG_INPUTMUX,4,65451,64,mux,UFMTILE
4,5,CFG_INPUTMUX,5,65683,64,mux,UFMTILE
4,5,CFG_INPUTMUX,6,64290,1,mux,UFMTILE
4,5,CFG_INPUTMUX,7,64522,1,mux,UFMTILE
4,5,CFG_INPUTMUX,8,64754,1,mux,UFMTILE
4,5,CFG_INPUTMUX,9,65218,1,mux,UFMTILE
4,5,CFG_INPUTMUX,10,65450,1,mux,UFMTILE
4,5,CFG_INPUTMUX,11,65682,1,mux,UFMTILE
5,0,CFG_INDA_DELAY,0,99874,2,delay,IOTILE
5,0,CFG_INDA_DELAY,1,99874,1,delay,IOTILE
5,0,CFG_INDA_DELAY,2,99875,128,delay,IOTILE
5,0,CFG_INDA_DELAY,3,99758,2,delay,IOTILE
5,0,CFG_INDA_DELAY,4,99758,1,delay,IOTILE
5,0,CFG_INDA_DELAY,5,99759,128,delay,IOTILE
5,0,CFG_INDA_DELAY,6,99872,2,delay,IOTILE
5,0,CFG_INDA_DELAY,7,99872,1,delay,IOTILE
5,0,CFG_INDA_DELAY,8,99873,128,delay,IOTILE
5,0,CFG_INDA_DELAY,9,99756,2,delay,IOTILE
5,0,CFG_INDA_DELAY,10,99756,1,delay,IOTILE
5,0,CFG_INDA_DELAY,11,99757,128,delay,IOTILE
5,0,CFG_INPUTMUX0,0,99872,128,mux,IOTILE
5,0,CFG_INPUTMUX0,1,99756,128,mux,IOTILE
5,0,CFG_INPUTMUX1,0,99871,32,mux,IOTILE
5,0,CFG_INPUTMUX1,1,99871,16,mux,IOTILE
5,0,CFG_INPUTMUX2,0,99755,1,mux,IOTILE
5,0,CFG_INPUTMUX2,1,99871,1,mux,IOTILE
5,0,CFG_INPUTMUX3,0,99755,32,mux,IOTILE
5,0,CFG_INPUTMUX3,1,99755,16,mux,IOTILE
5,0,CFG_INREG_DELAY,0,99874,8,delay,IOTILE
5,0,CFG_INREG_DELAY,1,99874,16,delay,IOTILE
5,0,CFG_INREG_DELAY,2,99874,32,delay,IOTILE
5,0,CFG_INREG_DELAY,3,99758,8,delay,IOTILE
5,0,CFG_INREG_DELAY,4,99758,16,delay,IOTILE
5,0,CFG_INREG_DELAY,5,99758,32,delay,IOTILE
5,0,CFG_INREG_DELAY,6,99872,16,delay,IOTILE
5,0,CFG_INREG_DELAY,7,99872,8,delay,IOTILE
5,0,CFG_INREG_DELAY,8,99872,32,delay,IOTILE
5,0,CFG_INREG_DELAY,9,99756,32,delay,IOTILE
5,0,CFG_INREG_DELAY,10,99756,16,delay,IOTILE
5,0,CFG_INREG_DELAY,11,99756,8,delay,IOTILE
5,0,CFG_IN_ASYNC_MODE,0,99639,1,ioreg,IOTILE
5,0,CFG_IN_ASYNC_MODE,1,99639,16,ioreg,IOTILE
5,0,CFG_IN_ASYNC_MODE,2,97435,1,ioreg,IOTILE
5,0,CFG_IN_ASYNC_MODE,3,97435,16,ioreg,IOTILE
5,0,CFG_IN_POWERUP,0,99524,128,ioreg,IOTILE
5,0,CFG_IN_POWERUP,1,99523,32,ioreg,IOTILE
5,0,CFG_IN_POWERUP,2,97552,128,ioreg,IOTILE
5,0,CFG_IN_POWERUP,3,97551,32,ioreg,IOTILE
5,0,CFG_IN_SYNC_MODE,0,99640,128,ioreg,IOTILE
5,0,CFG_IN_SYNC_MODE,1,99639,32,ioreg,IOTILE
5,0,CFG_IN_SYNC_MODE,2,97436,128,ioreg,IOTILE
5,0,CFG_IN_SYNC_MODE,3,97435,32,ioreg,IOTILE
5,0,CFG_IOMUX0,0,99641,64,mux,IOTILE
5,0,CFG_IOMUX0,1,99525,64,mux,IOTILE
5,0,CFG_IOMUX0,2,99641,32,mux,IOTILE
5,0,CFG_IOMUX0,3,99525,32,mux,IOTILE
5,0,CFG_IOMUX0,4,99641,16,mux,IOTILE
5,0,CFG_IOMUX0,5,99525,16,mux,IOTILE
5,0,CFG_IOMUX0,6,99525,8,mux,IOTILE
5,0,CFG_IOMUX0,7,99409,64,mux,IOTILE
5,0,CFG_IOMUX0,8,99293,64,mux,IOTILE
5,0,CFG_IOMUX0,9,99409,32,mux,IOTILE
5,0,CFG_IOMUX0,10,99293,32,mux,IOTILE
5,0,CFG_IOMUX0,11,99409,16,mux,IOTILE
5,0,CFG_IOMUX0,12,99293,16,mux,IOTILE
5,0,CFG_IOMUX0,13,99293,8,mux,IOTILE
5,0,CFG_IOMUX0,14,97553,64,mux,IOTILE
5,0,CFG_IOMUX0,15,97437,64,mux,IOTILE
5,0,CFG_IOMUX0,16,97553,32,mux,IOTILE
5,0,CFG_IOMUX0,17,97437,32,mux,IOTILE
5,0,CFG_IOMUX0,18,97553,16,mux,IOTILE
5,0,CFG_IOMUX0,19,97437,16,mux,IOTILE
5,0,CFG_IOMUX0,20,97437,8,mux,IOTILE
5,0,CFG_IOMUX0,21,97785,64,mux,IOTILE
5,0,CFG_IOMUX0,22,97669,64,mux,IOTILE
5,0,CFG_IOMUX0,23,97785,32,mux,IOTILE
5,0,CFG_IOMUX0,24,97669,32,mux,IOTILE
5,0,CFG_IOMUX0,25,97785,16,mux,IOTILE
5,0,CFG_IOMUX0,26,97669,16,mux,IOTILE
5,0,CFG_IOMUX0,27,97669,8,mux,IOTILE
5,0,CFG_IOMUX0,28,99177,64,mux,IOTILE
5,0,CFG_IOMUX0,29,99061,64,mux,IOTILE
5,0,CFG_IOMUX0,30,99177,32,mux,IOTILE
5,0,CFG_IOMUX0,31,99061,32,mux,IOTILE
5,0,CFG_IOMUX0,32,99177,16,mux,IOTILE
5,0,CFG_IOMUX0,33,99061,16,mux,IOTILE
5,0,CFG_IOMUX0,34,99061,8,mux,IOTILE
5,0,CFG_IOMUX0,35,98945,64,mux,IOTILE
5,0,CFG_IOMUX0,36,98829,64,mux,IOTILE
5,0,CFG_IOMUX0,37,98945,32,mux,IOTILE
5,0,CFG_IOMUX0,38,98829,32,mux,IOTILE
5,0,CFG_IOMUX0,39,98945,16,mux,IOTILE
5,0,CFG_IOMUX0,40,98829,16,mux,IOTILE
5,0,CFG_IOMUX0,41,98829,8,mux,IOTILE
5,0,CFG_IOMUX1,0,98017,64,mux,IOTILE
5,0,CFG_IOMUX1,1,97901,64,mux,IOTILE
5,0,CFG_IOMUX1,2,98017,32,mux,IOTILE
5,0,CFG_IOMUX1,3,97901,32,mux,IOTILE
5,0,CFG_IOMUX1,4,98017,16,mux,IOTILE
5,0,CFG_IOMUX1,5,97901,16,mux,IOTILE
5,0,CFG_IOMUX1,6,97901,8,mux,IOTILE
5,0,CFG_IOMUX1,7,98249,64,mux,IOTILE
5,0,CFG_IOMUX1,8,98133,64,mux,IOTILE
5,0,CFG_IOMUX1,9,98249,32,mux,IOTILE
5,0,CFG_IOMUX1,10,98133,32,mux,IOTILE
5,0,CFG_IOMUX1,11,98249,16,mux,IOTILE
5,0,CFG_IOMUX1,12,98133,16,mux,IOTILE
5,0,CFG_IOMUX1,13,98133,8,mux,IOTILE
5,0,CFG_IOMUX1,14,99177,128,mux,IOTILE
5,0,CFG_IOMUX1,15,99061,128,mux,IOTILE
5,0,CFG_IOMUX1,16,99176,1,mux,IOTILE
5,0,CFG_IOMUX1,17,99060,1,mux,IOTILE
5,0,CFG_IOMUX1,18,99176,2,mux,IOTILE
5,0,CFG_IOMUX1,19,99060,2,mux,IOTILE
5,0,CFG_IOMUX1,20,99060,4,mux,IOTILE
5,0,CFG_IOMUX1,21,98945,128,mux,IOTILE
5,0,CFG_IOMUX1,22,98829,128,mux,IOTILE
5,0,CFG_IOMUX1,23,98944,1,mux,IOTILE
5,0,CFG_IOMUX1,24,98828,1,mux,IOTILE
5,0,CFG_IOMUX1,25,98944,2,mux,IOTILE
5,0,CFG_IOMUX1,26,98828,2,mux,IOTILE
5,0,CFG_IOMUX1,27,98828,4,mux,IOTILE
5,0,CFG_IOMUX1,28,98017,128,mux,IOTILE
5,0,CFG_IOMUX1,29,97901,128,mux,IOTILE
5,0,CFG_IOMUX1,30,98016,1,mux,IOTILE
5,0,CFG_IOMUX1,31,97900,1,mux,IOTILE
5,0,CFG_IOMUX1,32,98016,2,mux,IOTILE
5,0,CFG_IOMUX1,33,97900,2,mux,IOTILE
5,0,CFG_IOMUX1,34,97900,4,mux,IOTILE
5,0,CFG_IOMUX1,35,98249,128,mux,IOTILE
5,0,CFG_IOMUX1,36,98133,128,mux,IOTILE
5,0,CFG_IOMUX1,37,98248,1,mux,IOTILE
5,0,CFG_IOMUX1,38,98132,1,mux,IOTILE
5,0,CFG_IOMUX1,39,98248,2,mux,IOTILE
5,0,CFG_IOMUX1,40,98132,2,mux,IOTILE
5,0,CFG_IOMUX1,41,98132,4,mux,IOTILE
5,0,CFG_IOMUX2,0,99641,128,mux,IOTILE
5,0,CFG_IOMUX2,1,99525,128,mux,IOTILE
5,0,CFG_IOMUX2,2,99640,1,mux,IOTILE
5,0,CFG_IOMUX2,3,99524,1,mux,IOTILE
5,0,CFG_IOMUX2,4,99640,2,mux,IOTILE
5,0,CFG_IOMUX2,5,99524,2,mux,IOTILE
5,0,CFG_IOMUX2,6,99524,4,mux,IOTILE
5,0,CFG_IOMUX2,7,99409,128,mux,IOTILE
5,0,CFG_IOMUX2,8,99293,128,mux,IOTILE
5,0,CFG_IOMUX2,9,99408,1,mux,IOTILE
5,0,CFG_IOMUX2,10,99292,1,mux,IOTILE
5,0,CFG_IOMUX2,11,99408,2,mux,IOTILE
5,0,CFG_IOMUX2,12,99292,2,mux,IOTILE
5,0,CFG_IOMUX2,13,99292,4,mux,IOTILE
5,0,CFG_IOMUX2,14,97553,128,mux,IOTILE
5,0,CFG_IOMUX2,15,97437,128,mux,IOTILE
5,0,CFG_IOMUX2,16,97552,1,mux,IOTILE
5,0,CFG_IOMUX2,17,97436,1,mux,IOTILE
5,0,CFG_IOMUX2,18,97552,2,mux,IOTILE
5,0,CFG_IOMUX2,19,97436,2,mux,IOTILE
5,0,CFG_IOMUX2,20,97436,4,mux,IOTILE
5,0,CFG_IOMUX2,21,97785,128,mux,IOTILE
5,0,CFG_IOMUX2,22,97669,128,mux,IOTILE
5,0,CFG_IOMUX2,23,97784,1,mux,IOTILE
5,0,CFG_IOMUX2,24,97668,1,mux,IOTILE
5,0,CFG_IOMUX2,25,97784,2,mux,IOTILE
5,0,CFG_IOMUX2,26,97668,2,mux,IOTILE
5,0,CFG_IOMUX2,27,97668,4,mux,IOTILE
5,0,CFG_IOMUX2,28,99640,64,mux,IOTILE
5,0,CFG_IOMUX2,29,99524,64,mux,IOTILE
5,0,CFG_IOMUX2,30,99640,32,mux,IOTILE
5,0,CFG_IOMUX2,31,99524,32,mux,IOTILE
5,0,CFG_IOMUX2,32,99640,16,mux,IOTILE
5,0,CFG_IOMUX2,33,99524,16,mux,IOTILE
5,0,CFG_IOMUX2,34,99524,8,mux,IOTILE
5,0,CFG_IOMUX2,35,99408,64,mux,IOTILE
5,0,CFG_IOMUX2,36,99292,64,mux,IOTILE
5,0,CFG_IOMUX2,37,99408,32,mux,IOTILE
5,0,CFG_IOMUX2,38,99292,32,mux,IOTILE
5,0,CFG_IOMUX2,39,99408,16,mux,IOTILE
5,0,CFG_IOMUX2,40,99292,16,mux,IOTILE
5,0,CFG_IOMUX2,41,99292,8,mux,IOTILE
5,0,CFG_IOMUX3,0,97552,64,mux,IOTILE
5,0,CFG_IOMUX3,1,97436,64,mux,IOTILE
5,0,CFG_IOMUX3,2,97552,32,mux,IOTILE
5,0,CFG_IOMUX3,3,97436,32,mux,IOTILE
5,0,CFG_IOMUX3,4,97552,16,mux,IOTILE
5,0,CFG_IOMUX3,5,97436,16,mux,IOTILE
5,0,CFG_IOMUX3,6,97436,8,mux,IOTILE
5,0,CFG_IOMUX3,7,97784,64,mux,IOTILE
5,0,CFG_IOMUX3,8,97668,64,mux,IOTILE
5,0,CFG_IOMUX3,9,97784,32,mux,IOTILE
5,0,CFG_IOMUX3,10,97668,32,mux,IOTILE
5,0,CFG_IOMUX3,11,97784,16,mux,IOTILE
5,0,CFG_IOMUX3,12,97668,16,mux,IOTILE
5,0,CFG_IOMUX3,13,97668,8,mux,IOTILE
5,0,CFG_IOMUX3,14,99176,64,mux,IOTILE
5,0,CFG_IOMUX3,15,99060,64,mux,IOTILE
5,0,CFG_IOMUX3,16,99176,32,mux,IOTILE
5,0,CFG_IOMUX3,17,99060,32,mux,IOTILE
5,0,CFG_IOMUX3,18,99176,16,mux,IOTILE
5,0,CFG_IOMUX3,19,99060,16,mux,IOTILE
5,0,CFG_IOMUX3,20,99060,8,mux,IOTILE
5,0,CFG_IOMUX3,21,98944,64,mux,IOTILE
5,0,CFG_IOMUX3,22,98828,64,mux,IOTILE
5,0,CFG_IOMUX3,23,98944,32,mux,IOTILE
5,0,CFG_IOMUX3,24,98828,32,mux,IOTILE
5,0,CFG_IOMUX3,25,98944,16,mux,IOTILE
5,0,CFG_IOMUX3,26,98828,16,mux,IOTILE
5,0,CFG_IOMUX3,27,98828,8,mux,IOTILE
5,0,CFG_IOMUX3,28,98016,64,mux,IOTILE
5,0,CFG_IOMUX3,29,97900,64,mux,IOTILE
5,0,CFG_IOMUX3,30,98016,32,mux,IOTILE
5,0,CFG_IOMUX3,31,97900,32,mux,IOTILE
5,0,CFG_IOMUX3,32,98016,16,mux,IOTILE
5,0,CFG_IOMUX3,33,97900,16,mux,IOTILE
5,0,CFG_IOMUX3,34,97900,8,mux,IOTILE
5,0,CFG_IOMUX3,35,98248,64,mux,IOTILE
5,0,CFG_IOMUX3,36,98132,64,mux,IOTILE
5,0,CFG_IOMUX3,37,98248,32,mux,IOTILE
5,0,CFG_IOMUX3,38,98132,32,mux,IOTILE
5,0,CFG_IOMUX3,39,98248,16,mux,IOTILE
5,0,CFG_IOMUX3,40,98132,16,mux,IOTILE
5,0,CFG_IOMUX3,41,98132,8,mux,IOTILE
5,0,CFG_OE_ASYNC_MODE,0,99175,1,ioreg,IOTILE
5,0,CFG_OE_ASYNC_MODE,1,99175,16,ioreg,IOTILE
5,0,CFG_OE_ASYNC_MODE,2,97899,1,ioreg,IOTILE
5,0,CFG_OE_ASYNC_MODE,3,97899,16,ioreg,IOTILE
5,0,CFG_OE_POWERUP,0,99060,128,ioreg,IOTILE
5,0,CFG_OE_POWERUP,1,99059,32,ioreg,IOTILE
5,0,CFG_OE_POWERUP,2,98016,128,ioreg,IOTILE
5,0,CFG_OE_POWERUP,3,98015,32,ioreg,IOTILE
5,0,CFG_OE_REG_MODE,0,99291,1,ioreg,IOTILE
5,0,CFG_OE_REG_MODE,1,99291,16,ioreg,IOTILE
5,0,CFG_OE_REG_MODE,2,97783,1,ioreg,IOTILE
5,0,CFG_OE_REG_MODE,3,97783,16,ioreg,IOTILE
5,0,CFG_OE_SYNC_MODE,0,99176,128,ioreg,IOTILE
5,0,CFG_OE_SYNC_MODE,1,99175,32,ioreg,IOTILE
5,0,CFG_OE_SYNC_MODE,2,97900,128,ioreg,IOTILE
5,0,CFG_OE_SYNC_MODE,3,97899,32,ioreg,IOTILE
5,0,CFG_OUTDELAY,0,99873,8,delay,IOTILE
5,0,CFG_OUTDELAY,1,99757,8,delay,IOTILE
5,0,CFG_OUTDELAY,2,99872,64,delay,IOTILE
5,0,CFG_OUTDELAY,3,99756,64,delay,IOTILE
5,0,CFG_OUT_ASYNC_MODE,0,99407,1,ioreg,IOTILE
5,0,CFG_OUT_ASYNC_MODE,1,99407,16,ioreg,IOTILE
5,0,CFG_OUT_ASYNC_MODE,2,97667,1,ioreg,IOTILE
5,0,CFG_OUT_ASYNC_MODE,3,97667,16,ioreg,IOTILE
5,0,CFG_OUT_POWERUP,0,99292,128,ioreg,IOTILE
5,0,CFG_OUT_POWERUP,1,99291,32,ioreg,IOTILE
5,0,CFG_OUT_POWERUP,2,97784,128,ioreg,IOTILE
5,0,CFG_OUT_POWERUP,3,97783,32,ioreg,IOTILE
5,0,CFG_OUT_REG_MODE,0,99059,1,ioreg,IOTILE
5,0,CFG_OUT_REG_MODE,1,99059,16,ioreg,IOTILE
5,0,CFG_OUT_REG_MODE,2,98015,1,ioreg,IOTILE
5,0,CFG_OUT_REG_MODE,3,98015,16,ioreg,IOTILE
5,0,CFG_OUT_SYNC_MODE,0,99408,128,ioreg,IOTILE
5,0,CFG_OUT_SYNC_MODE,1,99407,32,ioreg,IOTILE
5,0,CFG_OUT_SYNC_MODE,2,97668,128,ioreg,IOTILE
5,0,CFG_OUT_SYNC_MODE,3,97667,32,ioreg,IOTILE
5,5,CFG_INPUTMUX,0,64286,4,mux,UFMTILE
5,5,CFG_INPUTMUX,1,64518,4,mux,UFMTILE
5,5,CFG_INPUTMUX,2,64750,4,mux,UFMTILE
5,5,CFG_INPUTMUX,3,65214,4,mux,UFMTILE
5,5,CFG_INPUTMUX,4,65446,4,mux,UFMTILE
5,5,CFG_INPUTMUX,5,65678,4,mux,UFMTILE
5,5,CFG_INPUTMUX,6,64286,16,mux,UFMTILE
5,5,CFG_INPUTMUX,7,64518,16,mux,UFMTILE
5,5,CFG_INPUTMUX,8,64750,16,mux,UFMTILE
5,5,CFG_INPUTMUX,9,65214,16,mux,UFMTILE
5,5,CFG_INPUTMUX,10,65446,16,mux,UFMTILE
5,5,CFG_INPUTMUX,11,65678,16,mux,UFMTILE
6,0,CFG_INDA_DELAY,0,99870,32,delay,IOTILE
6,0,CFG_INDA_DELAY,1,99870,16,delay,IOTILE
6,0,CFG_INDA_DELAY,2,99870,8,delay,IOTILE
6,0,CFG_INDA_DELAY,3,99754,32,delay,IOTILE
6,0,CFG_INDA_DELAY,4,99754,16,delay,IOTILE
6,0,CFG_INDA_DELAY,5,99754,8,delay,IOTILE
6,0,CFG_INDA_DELAY,6,99868,32,delay,IOTILE
6,0,CFG_INDA_DELAY,7,99868,16,delay,IOTILE
6,0,CFG_INDA_DELAY,8,99868,8,delay,IOTILE
6,0,CFG_INDA_DELAY,9,99752,32,delay,IOTILE
6,0,CFG_INDA_DELAY,10,99752,16,delay,IOTILE
6,0,CFG_INDA_DELAY,11,99752,8,delay,IOTILE
6,0,CFG_INPUTMUX0,0,99867,8,mux,IOTILE
6,0,CFG_INPUTMUX0,1,99751,8,mux,IOTILE
6,0,CFG_INPUTMUX1,0,99866,2,mux,IOTILE
6,0,CFG_INPUTMUX1,1,99866,1,mux,IOTILE
6,0,CFG_INPUTMUX2,0,99751,16,mux,IOTILE
6,0,CFG_INPUTMUX2,1,99867,16,mux,IOTILE
6,0,CFG_INPUTMUX3,0,99750,2,mux,IOTILE
6,0,CFG_INPUTMUX3,1,99750,1,mux,IOTILE
6,0,CFG_INREG_DELAY,0,99870,128,delay,IOTILE
6,0,CFG_INREG_DELAY,1,99869,1,delay,IOTILE
6,0,CFG_INREG_DELAY,2,99869,2,delay,IOTILE
6,0,CFG_INREG_DELAY,3,99754,128,delay,IOTILE
6,0,CFG_INREG_DELAY,4,99753,1,delay,IOTILE
6,0,CFG_INREG_DELAY,5,99753,2,delay,IOTILE
6,0,CFG_INREG_DELAY,6,99867,1,delay,IOTILE
6,0,CFG_INREG_DELAY,7,99868,128,delay,IOTILE
6,0,CFG_INREG_DELAY,8,99867,2,delay,IOTILE
6,0,CFG_INREG_DELAY,9,99751,2,delay,IOTILE
6,0,CFG_INREG_DELAY,10,99751,1,delay,IOTILE
6,0,CFG_INREG_DELAY,11,99752,128,delay,IOTILE
6,0,CFG_IN_ASYNC_MODE,0,99635,16,ioreg,IOTILE
6,0,CFG_IN_ASYNC_MODE,1,99634,1,ioreg,IOTILE
6,0,CFG_IN_ASYNC_MODE,2,97431,16,ioreg,IOTILE
6,0,CFG_IN_ASYNC_MODE,3,97430,1,ioreg,IOTILE
6,0,CFG_IN_POWERUP,0,99519,8,ioreg,IOTILE
6,0,CFG_IN_POWERUP,1,99518,2,ioreg,IOTILE
6,0,CFG_IN_POWERUP,2,97547,8,ioreg,IOTILE
6,0,CFG_IN_POWERUP,3,97546,2,ioreg,IOTILE
6,0,CFG_IN_SYNC_MODE,0,99635,8,ioreg,IOTILE
6,0,CFG_IN_SYNC_MODE,1,99634,2,ioreg,IOTILE
6,0,CFG_IN_SYNC_MODE,2,97431,8,ioreg,IOTILE
6,0,CFG_IN_SYNC_MODE,3,97430,2,ioreg,IOTILE
6,0,CFG_IOMUX0,0,99636,4,mux,IOTILE
6,0,CFG_IOMUX0,1,99520,4,mux,IOTILE
6,0,CFG_IOMUX0,2,99636,2,mux,IOTILE
6,0,CFG_IOMUX0,3,99520,2,mux,IOTILE
6,0,CFG_IOMUX0,4,99636,1,mux,IOTILE
6,0,CFG_IOMUX0,5,99520,1,mux,IOTILE
6,0,CFG_IOMUX0,6,99521,128,mux,IOTILE
6,0,CFG_IOMUX0,7,99404,4,mux,IOTILE
6,0,CFG_IOMUX0,8,99288,4,mux,IOTILE
6,0,CFG_IOMUX0,9,99404,2,mux,IOTILE
6,0,CFG_IOMUX0,10,99288,2,mux,IOTILE
6,0,CFG_IOMUX0,11,99404,1,mux,IOTILE
6,0,CFG_IOMUX0,12,99288,1,mux,IOTILE
6,0,CFG_IOMUX0,13,99289,128,mux,IOTILE
6,0,CFG_IOMUX0,14,97548,4,mux,IOTILE
6,0,CFG_IOMUX0,15,97432,4,mux,IOTILE
6,0,CFG_IOMUX0,16,97548,2,mux,IOTILE
6,0,CFG_IOMUX0,17,97432,2,mux,IOTILE
6,0,CFG_IOMUX0,18,97548,1,mux,IOTILE
6,0,CFG_IOMUX0,19,97432,1,mux,IOTILE
6,0,CFG_IOMUX0,20,97433,128,mux,IOTILE
6,0,CFG_IOMUX0,21,97780,4,mux,IOTILE
6,0,CFG_IOMUX0,22,97664,4,mux,IOTILE
6,0,CFG_IOMUX0,23,97780,2,mux,IOTILE
6,0,CFG_IOMUX0,24,97664,2,mux,IOTILE
6,0,CFG_IOMUX0,25,97780,1,mux,IOTILE
6,0,CFG_IOMUX0,26,97664,1,mux,IOTILE
6,0,CFG_IOMUX0,27,97665,128,mux,IOTILE
6,0,CFG_IOMUX0,28,99172,4,mux,IOTILE
6,0,CFG_IOMUX0,29,99056,4,mux,IOTILE
6,0,CFG_IOMUX0,30,99172,2,mux,IOTILE
6,0,CFG_IOMUX0,31,99056,2,mux,IOTILE
6,0,CFG_IOMUX0,32,99172,1,mux,IOTILE
6,0,CFG_IOMUX0,33,99056,1,mux,IOTILE
6,0,CFG_IOMUX0,34,99057,128,mux,IOTILE
6,0,CFG_IOMUX0,35,98940,4,mux,IOTILE
6,0,CFG_IOMUX0,36,98824,4,mux,IOTILE
6,0,CFG_IOMUX0,37,98940,2,mux,IOTILE
6,0,CFG_IOMUX0,38,98824,2,mux,IOTILE
6,0,CFG_IOMUX0,39,98940,1,mux,IOTILE
6,0,CFG_IOMUX0,40,98824,1,mux,IOTILE
6,0,CFG_IOMUX0,41,98825,128,mux,IOTILE
6,0,CFG_IOMUX1,0,98012,4,mux,IOTILE
6,0,CFG_IOMUX1,1,97896,4,mux,IOTILE
6,0,CFG_IOMUX1,2,98012,2,mux,IOTILE
6,0,CFG_IOMUX1,3,97896,2,mux,IOTILE
6,0,CFG_IOMUX1,4,98012,1,mux,IOTILE
6,0,CFG_IOMUX1,5,97896,1,mux,IOTILE
6,0,CFG_IOMUX1,6,97897,128,mux,IOTILE
6,0,CFG_IOMUX1,7,98244,4,mux,IOTILE
6,0,CFG_IOMUX1,8,98128,4,mux,IOTILE
6,0,CFG_IOMUX1,9,98244,2,mux,IOTILE
6,0,CFG_IOMUX1,10,98128,2,mux,IOTILE
6,0,CFG_IOMUX1,11,98244,1,mux,IOTILE
6,0,CFG_IOMUX1,12,98128,1,mux,IOTILE
6,0,CFG_IOMUX1,13,98129,128,mux,IOTILE
6,0,CFG_IOMUX1,14,99172,8,mux,IOTILE
6,0,CFG_IOMUX1,15,99056,8,mux,IOTILE
6,0,CFG_IOMUX1,16,99172,16,mux,IOTILE
6,0,CFG_IOMUX1,17,99056,16,mux,IOTILE
6,0,CFG_IOMUX1,18,99172,32,mux,IOTILE
6,0,CFG_IOMUX1,19,99056,32,mux,IOTILE
6,0,CFG_IOMUX1,20,99056,64,mux,IOTILE
6,0,CFG_IOMUX1,21,98940,8,mux,IOTILE
6,0,CFG_IOMUX1,22,98824,8,mux,IOTILE
6,0,CFG_IOMUX1,23,98940,16,mux,IOTILE
6,0,CFG_IOMUX1,24,98824,16,mux,IOTILE
6,0,CFG_IOMUX1,25,98940,32,mux,IOTILE
6,0,CFG_IOMUX1,26,98824,32,mux,IOTILE
6,0,CFG_IOMUX1,27,98824,64,mux,IOTILE
6,0,CFG_IOMUX1,28,98012,8,mux,IOTILE
6,0,CFG_IOMUX1,29,97896,8,mux,IOTILE
6,0,CFG_IOMUX1,30,98012,16,mux,IOTILE
6,0,CFG_IOMUX1,31,97896,16,mux,IOTILE
6,0,CFG_IOMUX1,32,98012,32,mux,IOTILE
6,0,CFG_IOMUX1,33,97896,32,mux,IOTILE
6,0,CFG_IOMUX1,34,97896,64,mux,IOTILE
6,0,CFG_IOMUX1,35,98244,8,mux,IOTILE
6,0,CFG_IOMUX1,36,98128,8,mux,IOTILE
6,0,CFG_IOMUX1,37,98244,16,mux,IOTILE
6,0,CFG_IOMUX1,38,98128,16,mux,IOTILE
6,0,CFG_IOMUX1,39,98244,32,mux,IOTILE
6,0,CFG_IOMUX1,40,98128,32,mux,IOTILE
6,0,CFG_IOMUX1,41,98128,64,mux,IOTILE
6,0,CFG_IOMUX2,0,99636,8,mux,IOTILE
6,0,CFG_IOMUX2,1,99520,8,mux,IOTILE
6,0,CFG_IOMUX2,2,99636,16,mux,IOTILE
6,0,CFG_IOMUX2,3,99520,16,mux,IOTILE
6,0,CFG_IOMUX2,4,99636,32,mux,IOTILE
6,0,CFG_IOMUX2,5,99520,32,mux,IOTILE
6,0,CFG_IOMUX2,6,99520,64,mux,IOTILE
6,0,CFG_IOMUX2,7,99404,8,mux,IOTILE
6,0,CFG_IOMUX2,8,99288,8,mux,IOTILE
6,0,CFG_IOMUX2,9,99404,16,mux,IOTILE
6,0,CFG_IOMUX2,10,99288,16,mux,IOTILE
6,0,CFG_IOMUX2,11,99404,32,mux,IOTILE
6,0,CFG_IOMUX2,12,99288,32,mux,IOTILE
6,0,CFG_IOMUX2,13,99288,64,mux,IOTILE
6,0,CFG_IOMUX2,14,97548,8,mux,IOTILE
6,0,CFG_IOMUX2,15,97432,8,mux,IOTILE
6,0,CFG_IOMUX2,16,97548,16,mux,IOTILE
6,0,CFG_IOMUX2,17,97432,16,mux,IOTILE
6,0,CFG_IOMUX2,18,97548,32,mux,IOTILE
6,0,CFG_IOMUX2,19,97432,32,mux,IOTILE
6,0,CFG_IOMUX2,20,97432,64,mux,IOTILE
6,0,CFG_IOMUX2,21,97780,8,mux,IOTILE
6,0,CFG_IOMUX2,22,97664,8,mux,IOTILE
6,0,CFG_IOMUX2,23,97780,16,mux,IOTILE
6,0,CFG_IOMUX2,24,97664,16,mux,IOTILE
6,0,CFG_IOMUX2,25,97780,32,mux,IOTILE
6,0,CFG_IOMUX2,26,97664,32,mux,IOTILE
6,0,CFG_IOMUX2,27,97664,64,mux,IOTILE
6,0,CFG_IOMUX2,28,99635,4,mux,IOTILE
6,0,CFG_IOMUX2,29,99519,4,mux,IOTILE
6,0,CFG_IOMUX2,30,99635,2,mux,IOTILE
6,0,CFG_IOMUX2,31,99519,2,mux,IOTILE
6,0,CFG_IOMUX2,32,99635,1,mux,IOTILE
6,0,CFG_IOMUX2,33,99519,1,mux,IOTILE
6,0,CFG_IOMUX2,34,99520,128,mux,IOTILE
6,0,CFG_IOMUX2,35,99403,4,mux,IOTILE
6,0,CFG_IOMUX2,36,99287,4,mux,IOTILE
6,0,CFG_IOMUX2,37,99403,2,mux,IOTILE
6,0,CFG_IOMUX2,38,99287,2,mux,IOTILE
6,0,CFG_IOMUX2,39,99403,1,mux,IOTILE
6,0,CFG_IOMUX2,40,99287,1,mux,IOTILE
6,0,CFG_IOMUX2,41,99288,128,mux,IOTILE
6,0,CFG_IOMUX3,0,97547,4,mux,IOTILE
6,0,CFG_IOMUX3,1,97431,4,mux,IOTILE
6,0,CFG_IOMUX3,2,97547,2,mux,IOTILE
6,0,CFG_IOMUX3,3,97431,2,mux,IOTILE
6,0,CFG_IOMUX3,4,97547,1,mux,IOTILE
6,0,CFG_IOMUX3,5,97431,1,mux,IOTILE
6,0,CFG_IOMUX3,6,97432,128,mux,IOTILE
6,0,CFG_IOMUX3,7,97779,4,mux,IOTILE
6,0,CFG_IOMUX3,8,97663,4,mux,IOTILE
6,0,CFG_IOMUX3,9,97779,2,mux,IOTILE
6,0,CFG_IOMUX3,10,97663,2,mux,IOTILE
6,0,CFG_IOMUX3,11,97779,1,mux,IOTILE
6,0,CFG_IOMUX3,12,97663,1,mux,IOTILE
6,0,CFG_IOMUX3,13,97664,128,mux,IOTILE
6,0,CFG_IOMUX3,14,99171,4,mux,IOTILE
6,0,CFG_IOMUX3,15,99055,4,mux,IOTILE
6,0,CFG_IOMUX3,16,99171,2,mux,IOTILE
6,0,CFG_IOMUX3,17,99055,2,mux,IOTILE
6,0,CFG_IOMUX3,18,99171,1,mux,IOTILE
6,0,CFG_IOMUX3,19,99055,1,mux,IOTILE
6,0,CFG_IOMUX3,20,99056,128,mux,IOTILE
6,0,CFG_IOMUX3,21,98939,4,mux,IOTILE
6,0,CFG_IOMUX3,22,98823,4,mux,IOTILE
6,0,CFG_IOMUX3,23,98939,2,mux,IOTILE
6,0,CFG_IOMUX3,24,98823,2,mux,IOTILE
6,0,CFG_IOMUX3,25,98939,1,mux,IOTILE
6,0,CFG_IOMUX3,26,98823,1,mux,IOTILE
6,0,CFG_IOMUX3,27,98824,128,mux,IOTILE
6,0,CFG_IOMUX3,28,98011,4,mux,IOTILE
6,0,CFG_IOMUX3,29,97895,4,mux,IOTILE
6,0,CFG_IOMUX3,30,98011,2,mux,IOTILE
6,0,CFG_IOMUX3,31,97895,2,mux,IOTILE
6,0,CFG_IOMUX3,32,98011,1,mux,IOTILE
6,0,CFG_IOMUX3,33,97895,1,mux,IOTILE
6,0,CFG_IOMUX3,34,97896,128,mux,IOTILE
6,0,CFG_IOMUX3,35,98243,4,mux,IOTILE
6,0,CFG_IOMUX3,36,98127,4,mux,IOTILE
6,0,CFG_IOMUX3,37,98243,2,mux,IOTILE
6,0,CFG_IOMUX3,38,98127,2,mux,IOTILE
6,0,CFG_IOMUX3,39,98243,1,mux,IOTILE
6,0,CFG_IOMUX3,40,98127,1,mux,IOTILE
6,0,CFG_IOMUX3,41,98128,128,mux,IOTILE
6,0,CFG_OE_ASYNC_MODE,0,99171,16,ioreg,IOTILE
6,0,CFG_OE_ASYNC_MODE,1,99170,1,ioreg,IOTILE
6,0,CFG_OE_ASYNC_MODE,2,97895,16,ioreg,IOTILE
6,0,CFG_OE_ASYNC_MODE,3,97894,1,ioreg,IOTILE
6,0,CFG_OE_POWERUP,0,99055,8,ioreg,IOTILE
6,0,CFG_OE_POWERUP,1,99054,2,ioreg,IOTILE
6,0,CFG_OE_POWERUP,2,98011,8,ioreg,IOTILE
6,0,CFG_OE_POWERUP,3,98010,2,ioreg,IOTILE
6,0,CFG_OE_REG_MODE,0,99287,16,ioreg,IOTILE
6,0,CFG_OE_REG_MODE,1,99286,1,ioreg,IOTILE
6,0,CFG_OE_REG_MODE,2,97779,16,ioreg,IOTILE
6,0,CFG_OE_REG_MODE,3,97778,1,ioreg,IOTILE
6,0,CFG_OE_SYNC_MODE,0,99171,8,ioreg,IOTILE
6,0,CFG_OE_SYNC_MODE,1,99170,2,ioreg,IOTILE
6,0,CFG_OE_SYNC_MODE,2,97895,8,ioreg,IOTILE
6,0,CFG_OE_SYNC_MODE,3,97894,2,ioreg,IOTILE
6,0,CFG_OUTDELAY,0,99869,128,delay,IOTILE
6,0,CFG_OUTDELAY,1,99753,128,delay,IOTILE
6,0,CFG_OUTDELAY,2,99867,4,delay,IOTILE
6,0,CFG_OUTDELAY,3,99751,4,delay,IOTILE
6,0,CFG_OUT_ASYNC_MODE,0,99403,16,ioreg,IOTILE
6,0,CFG_OUT_ASYNC_MODE,1,99402,1,ioreg,IOTILE
6,0,CFG_OUT_ASYNC_MODE,2,97663,16,ioreg,IOTILE
6,0,CFG_OUT_ASYNC_MODE,3,97662,1,ioreg,IOTILE
6,0,CFG_OUT_POWERUP,0,99287,8,ioreg,IOTILE
6,0,CFG_OUT_POWERUP,1,99286,2,ioreg,IOTILE
6,0,CFG_OUT_POWERUP,2,97779,8,ioreg,IOTILE
6,0,CFG_OUT_POWERUP,3,97778,2,ioreg,IOTILE
6,0,CFG_OUT_REG_MODE,0,99055,16,ioreg,IOTILE
6,0,CFG_OUT_REG_MODE,1,99054,1,ioreg,IOTILE
6,0,CFG_OUT_REG_MODE,2,98011,16,ioreg,IOTILE
6,0,CFG_OUT_REG_MODE,3,98010,1,ioreg,IOTILE
6,0,CFG_OUT_SYNC_MODE,0,99403,8,ioreg,IOTILE
6,0,CFG_OUT_SYNC_MODE,1,99402,2,ioreg,IOTILE
6,0,CFG_OUT_SYNC_MODE,2,97663,8,ioreg,IOTILE
6,0,CFG_OUT_SYNC_MODE,3,97662,2,ioreg,IOTILE
6,5,CFG_INPUTMUX,0,64282,64,mux,UFMTILE
6,5,CFG_INPUTMUX,1,64514,64,mux,UFMTILE
6,5,CFG_INPUTMUX,2,64746,64,mux,UFMTILE
6,5,CFG_INPUTMUX,3,65210,64,mux,UFMTILE
6,5,CFG_INPUTMUX,4,65442,64,mux,UFMTILE
6,5,CFG_INPUTMUX,5,65674,64,mux,UFMTILE
6,5,CFG_INPUTMUX,6,64281,1,mux,UFMTILE
6,5,CFG_INPUTMUX,7,64513,1,mux,UFMTILE
6,5,CFG_INPUTMUX,8,64745,1,mux,UFMTILE
6,5,CFG_INPUTMUX,9,65209,1,mux,UFMTILE
6,5,CFG_INPUTMUX,10,65441,1,mux,UFMTILE
6,5,CFG_INPUTMUX,11,65673,1,mux,UFMTILE
7,0,CFG_INDA_DELAY,0,99865,2,delay,IOTILE
7,0,CFG_INDA_DELAY,1,99865,1,delay,IOTILE
7,0,CFG_INDA_DELAY,2,99866,128,delay,IOTILE
7,0,CFG_INDA_DELAY,3,99749,2,delay,IOTILE
7,0,CFG_INDA_DELAY,4,99749,1,delay,IOTILE
7,0,CFG_INDA_DELAY,5,99750,128,delay,IOTILE
7,0,CFG_INDA_DELAY,6,99863,2,delay,IOTILE
7,0,CFG_INDA_DELAY,7,99863,1,delay,IOTILE
7,0,CFG_INDA_DELAY,8,99864,128,delay,IOTILE
7,0,CFG_INDA_DELAY,9,99747,2,delay,IOTILE
7,0,CFG_INDA_DELAY,10,99747,1,delay,IOTILE
7,0,CFG_INDA_DELAY,11,99748,128,delay,IOTILE
7,0,CFG_INPUTMUX0,0,99863,128,mux,IOTILE
7,0,CFG_INPUTMUX0,1,99747,128,mux,IOTILE
7,0,CFG_INPUTMUX1,0,99862,32,mux,IOTILE
7,0,CFG_INPUTMUX1,1,99862,16,mux,IOTILE
7,0,CFG_INPUTMUX2,0,99746,1,mux,IOTILE
7,0,CFG_INPUTMUX2,1,99862,1,mux,IOTILE
7,0,CFG_INPUTMUX3,0,99746,32,mux,IOTILE
7,0,CFG_INPUTMUX3,1,99746,16,mux,IOTILE
7,0,CFG_INREG_DELAY,0,99865,8,delay,IOTILE
7,0,CFG_INREG_DELAY,1,99865,16,delay,IOTILE
7,0,CFG_INREG_DELAY,2,99865,32,delay,IOTILE
7,0,CFG_INREG_DELAY,3,99749,8,delay,IOTILE
7,0,CFG_INREG_DELAY,4,99749,16,delay,IOTILE
7,0,CFG_INREG_DELAY,5,99749,32,delay,IOTILE
7,0,CFG_INREG_DELAY,6,99863,16,delay,IOTILE
7,0,CFG_INREG_DELAY,7,99863,8,delay,IOTILE
7,0,CFG_INREG_DELAY,8,99863,32,delay,IOTILE
7,0,CFG_INREG_DELAY,9,99747,32,delay,IOTILE
7,0,CFG_INREG_DELAY,10,99747,16,delay,IOTILE
7,0,CFG_INREG_DELAY,11,99747,8,delay,IOTILE
7,0,CFG_IN_ASYNC_MODE,0,99630,1,ioreg,IOTILE
7,0,CFG_IN_ASYNC_MODE,1,99630,16,ioreg,IOTILE
7,0,CFG_IN_ASYNC_MODE,2,97426,1,ioreg,IOTILE
7,0,CFG_IN_ASYNC_MODE,3,97426,16,ioreg,IOTILE
7,0,CFG_IN_POWERUP,0,99515,128,ioreg,IOTILE
7,0,CFG_IN_POWERUP,1,99514,32,ioreg,IOTILE
7,0,CFG_IN_POWERUP,2,97543,128,ioreg,IOTILE
7,0,CFG_IN_POWERUP,3,97542,32,ioreg,IOTILE
7,0,CFG_IN_SYNC_MODE,0,99631,128,ioreg,IOTILE
7,0,CFG_IN_SYNC_MODE,1,99630,32,ioreg,IOTILE
7,0,CFG_IN_SYNC_MODE,2,97427,128,ioreg,IOTILE
7,0,CFG_IN_SYNC_MODE,3,97426,32,ioreg,IOTILE
7,0,CFG_IOMUX0,0,99632,64,mux,IOTILE
7,0,CFG_IOMUX0,1,99516,64,mux,IOTILE
7,0,CFG_IOMUX0,2,99632,32,mux,IOTILE
7,0,CFG_IOMUX0,3,99516,32,mux,IOTILE
7,0,CFG_IOMUX0,4,99632,16,mux,IOTILE
7,0,CFG_IOMUX0,5,99516,16,mux,IOTILE
7,0,CFG_IOMUX0,6,99516,8,mux,IOTILE
7,0,CFG_IOMUX0,7,99400,64,mux,IOTILE
7,0,CFG_IOMUX0,8,99284,64,mux,IOTILE
7,0,CFG_IOMUX0,9,99400,32,mux,IOTILE
7,0,CFG_IOMUX0,10,99284,32,mux,IOTILE
7,0,CFG_IOMUX0,11,99400,16,mux,IOTILE
7,0,CFG_IOMUX0,12,99284,16,mux,IOTILE
7,0,CFG_IOMUX0,13,99284,8,mux,IOTILE
7,0,CFG_IOMUX0,14,97544,64,mux,IOTILE
7,0,CFG_IOMUX0,15,97428,64,mux,IOTILE
7,0,CFG_IOMUX0,16,97544,32,mux,IOTILE
7,0,CFG_IOMUX0,17,97428,32,mux,IOTILE
7,0,CFG_IOMUX0,18,97544,16,mux,IOTILE
7,0,CFG_IOMUX0,19,97428,16,mux,IOTILE
7,0,CFG_IOMUX0,20,97428,8,mux,IOTILE
7,0,CFG_IOMUX0,21,97776,64,mux,IOTILE
7,0,CFG_IOMUX0,22,97660,64,mux,IOTILE
7,0,CFG_IOMUX0,23,97776,32,mux,IOTILE
7,0,CFG_IOMUX0,24,97660,32,mux,IOTILE
7,0,CFG_IOMUX0,25,97776,16,mux,IOTILE
7,0,CFG_IOMUX0,26,97660,16,mux,IOTILE
7,0,CFG_IOMUX0,27,97660,8,mux,IOTILE
7,0,CFG_IOMUX0,28,99168,64,mux,IOTILE
7,0,CFG_IOMUX0,29,99052,64,mux,IOTILE
7,0,CFG_IOMUX0,30,99168,32,mux,IOTILE
7,0,CFG_IOMUX0,31,99052,32,mux,IOTILE
7,0,CFG_IOMUX0,32,99168,16,mux,IOTILE
7,0,CFG_IOMUX0,33,99052,16,mux,IOTILE
7,0,CFG_IOMUX0,34,99052,8,mux,IOTILE
7,0,CFG_IOMUX0,35,98936,64,mux,IOTILE
7,0,CFG_IOMUX0,36,98820,64,mux,IOTILE
7,0,CFG_IOMUX0,37,98936,32,mux,IOTILE
7,0,CFG_IOMUX0,38,98820,32,mux,IOTILE
7,0,CFG_IOMUX0,39,98936,16,mux,IOTILE
7,0,CFG_IOMUX0,40,98820,16,mux,IOTILE
7,0,CFG_IOMUX0,41,98820,8,mux,IOTILE
7,0,CFG_IOMUX1,0,98008,64,mux,IOTILE
7,0,CFG_IOMUX1,1,97892,64,mux,IOTILE
7,0,CFG_IOMUX1,2,98008,32,mux,IOTILE
7,0,CFG_IOMUX1,3,97892,32,mux,IOTILE
7,0,CFG_IOMUX1,4,98008,16,mux,IOTILE
7,0,CFG_IOMUX1,5,97892,16,mux,IOTILE
7,0,CFG_IOMUX1,6,97892,8,mux,IOTILE
7,0,CFG_IOMUX1,7,98240,64,mux,IOTILE
7,0,CFG_IOMUX1,8,98124,64,mux,IOTILE
7,0,CFG_IOMUX1,9,98240,32,mux,IOTILE
7,0,CFG_IOMUX1,10,98124,32,mux,IOTILE
7,0,CFG_IOMUX1,11,98240,16,mux,IOTILE
7,0,CFG_IOMUX1,12,98124,16,mux,IOTILE
7,0,CFG_IOMUX1,13,98124,8,mux,IOTILE
7,0,CFG_IOMUX1,14,99168,128,mux,IOTILE
7,0,CFG_IOMUX1,15,99052,128,mux,IOTILE
7,0,CFG_IOMUX1,16,99167,1,mux,IOTILE
7,0,CFG_IOMUX1,17,99051,1,mux,IOTILE
7,0,CFG_IOMUX1,18,99167,2,mux,IOTILE
7,0,CFG_IOMUX1,19,99051,2,mux,IOTILE
7,0,CFG_IOMUX1,20,99051,4,mux,IOTILE
7,0,CFG_IOMUX1,21,98936,128,mux,IOTILE
7,0,CFG_IOMUX1,22,98820,128,mux,IOTILE
7,0,CFG_IOMUX1,23,98935,1,mux,IOTILE
7,0,CFG_IOMUX1,24,98819,1,mux,IOTILE
7,0,CFG_IOMUX1,25,98935,2,mux,IOTILE
7,0,CFG_IOMUX1,26,98819,2,mux,IOTILE
7,0,CFG_IOMUX1,27,98819,4,mux,IOTILE
7,0,CFG_IOMUX1,28,98008,128,mux,IOTILE
7,0,CFG_IOMUX1,29,97892,128,mux,IOTILE
7,0,CFG_IOMUX1,30,98007,1,mux,IOTILE
7,0,CFG_IOMUX1,31,97891,1,mux,IOTILE
7,0,CFG_IOMUX1,32,98007,2,mux,IOTILE
7,0,CFG_IOMUX1,33,97891,2,mux,IOTILE
7,0,CFG_IOMUX1,34,97891,4,mux,IOTILE
7,0,CFG_IOMUX1,35,98240,128,mux,IOTILE
7,0,CFG_IOMUX1,36,98124,128,mux,IOTILE
7,0,CFG_IOMUX1,37,98239,1,mux,IOTILE
7,0,CFG_IOMUX1,38,98123,1,mux,IOTILE
7,0,CFG_IOMUX1,39,98239,2,mux,IOTILE
7,0,CFG_IOMUX1,40,98123,2,mux,IOTILE
7,0,CFG_IOMUX1,41,98123,4,mux,IOTILE
7,0,CFG_IOMUX2,0,99632,128,mux,IOTILE
7,0,CFG_IOMUX2,1,99516,128,mux,IOTILE
7,0,CFG_IOMUX2,2,99631,1,mux,IOTILE
7,0,CFG_IOMUX2,3,99515,1,mux,IOTILE
7,0,CFG_IOMUX2,4,99631,2,mux,IOTILE
7,0,CFG_IOMUX2,5,99515,2,mux,IOTILE
7,0,CFG_IOMUX2,6,99515,4,mux,IOTILE
7,0,CFG_IOMUX2,7,99400,128,mux,IOTILE
7,0,CFG_IOMUX2,8,99284,128,mux,IOTILE
7,0,CFG_IOMUX2,9,99399,1,mux,IOTILE
7,0,CFG_IOMUX2,10,99283,1,mux,IOTILE
7,0,CFG_IOMUX2,11,99399,2,mux,IOTILE
7,0,CFG_IOMUX2,12,99283,2,mux,IOTILE
7,0,CFG_IOMUX2,13,99283,4,mux,IOTILE
7,0,CFG_IOMUX2,14,97544,128,mux,IOTILE
7,0,CFG_IOMUX2,15,97428,128,mux,IOTILE
7,0,CFG_IOMUX2,16,97543,1,mux,IOTILE
7,0,CFG_IOMUX2,17,97427,1,mux,IOTILE
7,0,CFG_IOMUX2,18,97543,2,mux,IOTILE
7,0,CFG_IOMUX2,19,97427,2,mux,IOTILE
7,0,CFG_IOMUX2,20,97427,4,mux,IOTILE
7,0,CFG_IOMUX2,21,97776,128,mux,IOTILE
7,0,CFG_IOMUX2,22,97660,128,mux,IOTILE
7,0,CFG_IOMUX2,23,97775,1,mux,IOTILE
7,0,CFG_IOMUX2,24,97659,1,mux,IOTILE
7,0,CFG_IOMUX2,25,97775,2,mux,IOTILE
7,0,CFG_IOMUX2,26,97659,2,mux,IOTILE
7,0,CFG_IOMUX2,27,97659,4,mux,IOTILE
7,0,CFG_IOMUX2,28,99631,64,mux,IOTILE
7,0,CFG_IOMUX2,29,99515,64,mux,IOTILE
7,0,CFG_IOMUX2,30,99631,32,mux,IOTILE
7,0,CFG_IOMUX2,31,99515,32,mux,IOTILE
7,0,CFG_IOMUX2,32,99631,16,mux,IOTILE
7,0,CFG_IOMUX2,33,99515,16,mux,IOTILE
7,0,CFG_IOMUX2,34,99515,8,mux,IOTILE
7,0,CFG_IOMUX2,35,99399,64,mux,IOTILE
7,0,CFG_IOMUX2,36,99283,64,mux,IOTILE
7,0,CFG_IOMUX2,37,99399,32,mux,IOTILE
7,0,CFG_IOMUX2,38,99283,32,mux,IOTILE
7,0,CFG_IOMUX2,39,99399,16,mux,IOTILE
7,0,CFG_IOMUX2,40,99283,16,mux,IOTILE
7,0,CFG_IOMUX2,41,99283,8,mux,IOTILE
7,0,CFG_IOMUX3,0,97543,64,mux,IOTILE
7,0,CFG_IOMUX3,1,97427,64,mux,IOTILE
7,0,CFG_IOMUX3,2,97543,32,mux,IOTILE
7,0,CFG_IOMUX3,3,97427,32,mux,IOTILE
7,0,CFG_IOMUX3,4,97543,16,mux,IOTILE
7,0,CFG_IOMUX3,5,97427,16,mux,IOTILE
7,0,CFG_IOMUX3,6,97427,8,mux,IOTILE
7,0,CFG_IOMUX3,7,97775,64,mux,IOTILE
7,0,CFG_IOMUX3,8,97659,64,mux,IOTILE
7,0,CFG_IOMUX3,9,97775,32,mux,IOTILE
7,0,CFG_IOMUX3,10,97659,32,mux,IOTILE
7,0,CFG_IOMUX3,11,97775,16,mux,IOTILE
7,0,CFG_IOMUX3,12,97659,16,mux,IOTILE
7,0,CFG_IOMUX3,13,97659,8,mux,IOTILE
7,0,CFG_IOMUX3,14,99167,64,mux,IOTILE
7,0,CFG_IOMUX3,15,99051,64,mux,IOTILE
7,0,CFG_IOMUX3,16,99167,32,mux,IOTILE
7,0,CFG_IOMUX3,17,99051,32,mux,IOTILE
7,0,CFG_IOMUX3,18,99167,16,mux,IOTILE
7,0,CFG_IOMUX3,19,99051,16,mux,IOTILE
7,0,CFG_IOMUX3,20,99051,8,mux,IOTILE
7,0,CFG_IOMUX3,21,98935,64,mux,IOTILE
7,0,CFG_IOMUX3,22,98819,64,mux,IOTILE
7,0,CFG_IOMUX3,23,98935,32,mux,IOTILE
7,0,CFG_IOMUX3,24,98819,32,mux,IOTILE
7,0,CFG_IOMUX3,25,98935,16,mux,IOTILE
7,0,CFG_IOMUX3,26,98819,16,mux,IOTILE
7,0,CFG_IOMUX3,27,98819,8,mux,IOTILE
7,0,CFG_IOMUX3,28,98007,64,mux,IOTILE
7,0,CFG_IOMUX3,29,97891,64,mux,IOTILE
7,0,CFG_IOMUX3,30,98007,32,mux,IOTILE
7,0,CFG_IOMUX3,31,97891,32,mux,IOTILE
7,0,CFG_IOMUX3,32,98007,16,mux,IOTILE
7,0,CFG_IOMUX3,33,97891,16,mux,IOTILE
7,0,CFG_IOMUX3,34,97891,8,mux,IOTILE
7,0,CFG_IOMUX3,35,98239,64,mux,IOTILE
7,0,CFG_IOMUX3,36,98123,64,mux,IOTILE
7,0,CFG_IOMUX3,37,98239,32,mux,IOTILE
7,0,CFG_IOMUX3,38,98123,32,mux,IOTILE
7,0,CFG_IOMUX3,39,98239,16,mux,IOTILE
7,0,CFG_IOMUX3,40,98123,16,mux,IOTILE
7,0,CFG_IOMUX3,41,98123,8,mux,IOTILE
7,0,CFG_OE_ASYNC_MODE,0,99166,1,ioreg,IOTILE
7,0,CFG_OE_ASYNC_MODE,1,99166,16,ioreg,IOTILE
7,0,CFG_OE_ASYNC_MODE,2,97890,1,ioreg,IOTILE
7,0,CFG_OE_ASYNC_MODE,3,97890,16,ioreg,IOTILE
7,0,CFG_OE_POWERUP,0,99051,128,ioreg,IOTILE
7,0,CFG_OE_POWERUP,1,99050,32,ioreg,IOTILE
7,0,CFG_OE_POWERUP,2,98007,128,ioreg,IOTILE
7,0,CFG_OE_POWERUP,3,98006,32,ioreg,IOTILE
7,0,CFG_OE_REG_MODE,0,99282,1,ioreg,IOTILE
7,0,CFG_OE_REG_MODE,1,99282,16,ioreg,IOTILE
7,0,CFG_OE_REG_MODE,2,97774,1,ioreg,IOTILE
7,0,CFG_OE_REG_MODE,3,97774,16,ioreg,IOTILE
7,0,CFG_OE_SYNC_MODE,0,99167,128,ioreg,IOTILE
7,0,CFG_OE_SYNC_MODE,1,99166,32,ioreg,IOTILE
7,0,CFG_OE_SYNC_MODE,2,97891,128,ioreg,IOTILE
7,0,CFG_OE_SYNC_MODE,3,97890,32,ioreg,IOTILE
7,0,CFG_OUTDELAY,0,99864,8,delay,IOTILE
7,0,CFG_OUTDELAY,1,99748,8,delay,IOTILE
7,0,CFG_OUTDELAY,2,99863,64,delay,IOTILE
7,0,CFG_OUTDELAY,3,99747,64,delay,IOTILE
7,0,CFG_OUT_ASYNC_MODE,0,99398,1,ioreg,IOTILE
7,0,CFG_OUT_ASYNC_MODE,1,99398,16,ioreg,IOTILE
7,0,CFG_OUT_ASYNC_MODE,2,97658,1,ioreg,IOTILE
7,0,CFG_OUT_ASYNC_MODE,3,97658,16,ioreg,IOTILE
7,0,CFG_OUT_POWERUP,0,99283,128,ioreg,IOTILE
7,0,CFG_OUT_POWERUP,1,99282,32,ioreg,IOTILE
7,0,CFG_OUT_POWERUP,2,97775,128,ioreg,IOTILE
7,0,CFG_OUT_POWERUP,3,97774,32,ioreg,IOTILE
7,0,CFG_OUT_REG_MODE,0,99050,1,ioreg,IOTILE
7,0,CFG_OUT_REG_MODE,1,99050,16,ioreg,IOTILE
7,0,CFG_OUT_REG_MODE,2,98006,1,ioreg,IOTILE
7,0,CFG_OUT_REG_MODE,3,98006,16,ioreg,IOTILE
7,0,CFG_OUT_SYNC_MODE,0,99399,128,ioreg,IOTILE
7,0,CFG_OUT_SYNC_MODE,1,99398,32,ioreg,IOTILE
7,0,CFG_OUT_SYNC_MODE,2,97659,128,ioreg,IOTILE
7,0,CFG_OUT_SYNC_MODE,3,97658,32,ioreg,IOTILE
7,5,CFG_INPUTMUX,0,64277,4,mux,UFMTILE
7,5,CFG_INPUTMUX,1,64509,4,mux,UFMTILE
7,5,CFG_INPUTMUX,2,64741,4,mux,UFMTILE
7,5,CFG_INPUTMUX,3,65205,4,mux,UFMTILE
7,5,CFG_INPUTMUX,4,65437,4,mux,UFMTILE
7,5,CFG_INPUTMUX,5,65669,4,mux,UFMTILE
7,5,CFG_INPUTMUX,6,64277,16,mux,UFMTILE
7,5,CFG_INPUTMUX,7,64509,16,mux,UFMTILE
7,5,CFG_INPUTMUX,8,64741,16,mux,UFMTILE
7,5,CFG_INPUTMUX,9,65205,16,mux,UFMTILE
7,5,CFG_INPUTMUX,10,65437,16,mux,UFMTILE
7,5,CFG_INPUTMUX,11,65669,16,mux,UFMTILE
8,0,CFG_INDA_DELAY,0,99861,32,delay,IOTILE
8,0,CFG_INDA_DELAY,1,99861,16,delay,IOTILE
8,0,CFG_INDA_DELAY,2,99861,8,delay,IOTILE
8,0,CFG_INDA_DELAY,3,99745,32,delay,IOTILE
8,0,CFG_INDA_DELAY,4,99745,16,delay,IOTILE
8,0,CFG_INDA_DELAY,5,99745,8,delay,IOTILE
8,0,CFG_INDA_DELAY,6,99859,32,delay,IOTILE
8,0,CFG_INDA_DELAY,7,99859,16,delay,IOTILE
8,0,CFG_INDA_DELAY,8,99859,8,delay,IOTILE
8,0,CFG_INDA_DELAY,9,99743,32,delay,IOTILE
8,0,CFG_INDA_DELAY,10,99743,16,delay,IOTILE
8,0,CFG_INDA_DELAY,11,99743,8,delay,IOTILE
8,0,CFG_INPUTMUX0,0,99858,8,mux,IOTILE
8,0,CFG_INPUTMUX0,1,99742,8,mux,IOTILE
8,0,CFG_INPUTMUX1,0,99857,2,mux,IOTILE
8,0,CFG_INPUTMUX1,1,99857,1,mux,IOTILE
8,0,CFG_INPUTMUX2,0,99742,16,mux,IOTILE
8,0,CFG_INPUTMUX2,1,99858,16,mux,IOTILE
8,0,CFG_INPUTMUX3,0,99741,2,mux,IOTILE
8,0,CFG_INPUTMUX3,1,99741,1,mux,IOTILE
8,0,CFG_INREG_DELAY,0,99861,128,delay,IOTILE
8,0,CFG_INREG_DELAY,1,99860,1,delay,IOTILE
8,0,CFG_INREG_DELAY,2,99860,2,delay,IOTILE
8,0,CFG_INREG_DELAY,3,99745,128,delay,IOTILE
8,0,CFG_INREG_DELAY,4,99744,1,delay,IOTILE
8,0,CFG_INREG_DELAY,5,99744,2,delay,IOTILE
8,0,CFG_INREG_DELAY,6,99858,1,delay,IOTILE
8,0,CFG_INREG_DELAY,7,99859,128,delay,IOTILE
8,0,CFG_INREG_DELAY,8,99858,2,delay,IOTILE
8,0,CFG_INREG_DELAY,9,99742,2,delay,IOTILE
8,0,CFG_INREG_DELAY,10,99742,1,delay,IOTILE
8,0,CFG_INREG_DELAY,11,99743,128,delay,IOTILE
8,0,CFG_IN_ASYNC_MODE,0,99626,16,ioreg,IOTILE
8,0,CFG_IN_ASYNC_MODE,1,99625,1,ioreg,IOTILE
8,0,CFG_IN_ASYNC_MODE,2,97422,16,ioreg,IOTILE
8,0,CFG_IN_ASYNC_MODE,3,97421,1,ioreg,IOTILE
8,0,CFG_IN_POWERUP,0,99510,8,ioreg,IOTILE
8,0,CFG_IN_POWERUP,1,99509,2,ioreg,IOTILE
8,0,CFG_IN_POWERUP,2,97538,8,ioreg,IOTILE
8,0,CFG_IN_POWERUP,3,97537,2,ioreg,IOTILE
8,0,CFG_IN_SYNC_MODE,0,99626,8,ioreg,IOTILE
8,0,CFG_IN_SYNC_MODE,1,99625,2,ioreg,IOTILE
8,0,CFG_IN_SYNC_MODE,2,97422,8,ioreg,IOTILE
8,0,CFG_IN_SYNC_MODE,3,97421,2,ioreg,IOTILE
8,0,CFG_IOMUX0,0,99627,4,mux,IOTILE
8,0,CFG_IOMUX0,1,99511,4,mux,IOTILE
8,0,CFG_IOMUX0,2,99627,2,mux,IOTILE
8,0,CFG_IOMUX0,3,99511,2,mux,IOTILE
8,0,CFG_IOMUX0,4,99627,1,mux,IOTILE
8,0,CFG_IOMUX0,5,99511,1,mux,IOTILE
8,0,CFG_IOMUX0,6,99512,128,mux,IOTILE
8,0,CFG_IOMUX0,7,99395,4,mux,IOTILE
8,0,CFG_IOMUX0,8,99279,4,mux,IOTILE
8,0,CFG_IOMUX0,9,99395,2,mux,IOTILE
8,0,CFG_IOMUX0,10,99279,2,mux,IOTILE
8,0,CFG_IOMUX0,11,99395,1,mux,IOTILE
8,0,CFG_IOMUX0,12,99279,1,mux,IOTILE
8,0,CFG_IOMUX0,13,99280,128,mux,IOTILE
8,0,CFG_IOMUX0,14,97539,4,mux,IOTILE
8,0,CFG_IOMUX0,15,97423,4,mux,IOTILE
8,0,CFG_IOMUX0,16,97539,2,mux,IOTILE
8,0,CFG_IOMUX0,17,97423,2,mux,IOTILE
8,0,CFG_IOMUX0,18,97539,1,mux,IOTILE
8,0,CFG_IOMUX0,19,97423,1,mux,IOTILE
8,0,CFG_IOMUX0,20,97424,128,mux,IOTILE
8,0,CFG_IOMUX0,21,97771,4,mux,IOTILE
8,0,CFG_IOMUX0,22,97655,4,mux,IOTILE
8,0,CFG_IOMUX0,23,97771,2,mux,IOTILE
8,0,CFG_IOMUX0,24,97655,2,mux,IOTILE
8,0,CFG_IOMUX0,25,97771,1,mux,IOTILE
8,0,CFG_IOMUX0,26,97655,1,mux,IOTILE
8,0,CFG_IOMUX0,27,97656,128,mux,IOTILE
8,0,CFG_IOMUX0,28,99163,4,mux,IOTILE
8,0,CFG_IOMUX0,29,99047,4,mux,IOTILE
8,0,CFG_IOMUX0,30,99163,2,mux,IOTILE
8,0,CFG_IOMUX0,31,99047,2,mux,IOTILE
8,0,CFG_IOMUX0,32,99163,1,mux,IOTILE
8,0,CFG_IOMUX0,33,99047,1,mux,IOTILE
8,0,CFG_IOMUX0,34,99048,128,mux,IOTILE
8,0,CFG_IOMUX0,35,98931,4,mux,IOTILE
8,0,CFG_IOMUX0,36,98815,4,mux,IOTILE
8,0,CFG_IOMUX0,37,98931,2,mux,IOTILE
8,0,CFG_IOMUX0,38,98815,2,mux,IOTILE
8,0,CFG_IOMUX0,39,98931,1,mux,IOTILE
8,0,CFG_IOMUX0,40,98815,1,mux,IOTILE
8,0,CFG_IOMUX0,41,98816,128,mux,IOTILE
8,0,CFG_IOMUX1,0,98003,4,mux,IOTILE
8,0,CFG_IOMUX1,1,97887,4,mux,IOTILE
8,0,CFG_IOMUX1,2,98003,2,mux,IOTILE
8,0,CFG_IOMUX1,3,97887,2,mux,IOTILE
8,0,CFG_IOMUX1,4,98003,1,mux,IOTILE
8,0,CFG_IOMUX1,5,97887,1,mux,IOTILE
8,0,CFG_IOMUX1,6,97888,128,mux,IOTILE
8,0,CFG_IOMUX1,7,98235,4,mux,IOTILE
8,0,CFG_IOMUX1,8,98119,4,mux,IOTILE
8,0,CFG_IOMUX1,9,98235,2,mux,IOTILE
8,0,CFG_IOMUX1,10,98119,2,mux,IOTILE
8,0,CFG_IOMUX1,11,98235,1,mux,IOTILE
8,0,CFG_IOMUX1,12,98119,1,mux,IOTILE
8,0,CFG_IOMUX1,13,98120,128,mux,IOTILE
8,0,CFG_IOMUX1,14,99163,8,mux,IOTILE
8,0,CFG_IOMUX1,15,99047,8,mux,IOTILE
8,0,CFG_IOMUX1,16,99163,16,mux,IOTILE
8,0,CFG_IOMUX1,17,99047,16,mux,IOTILE
8,0,CFG_IOMUX1,18,99163,32,mux,IOTILE
8,0,CFG_IOMUX1,19,99047,32,mux,IOTILE
8,0,CFG_IOMUX1,20,99047,64,mux,IOTILE
8,0,CFG_IOMUX1,21,98931,8,mux,IOTILE
8,0,CFG_IOMUX1,22,98815,8,mux,IOTILE
8,0,CFG_IOMUX1,23,98931,16,mux,IOTILE
8,0,CFG_IOMUX1,24,98815,16,mux,IOTILE
8,0,CFG_IOMUX1,25,98931,32,mux,IOTILE
8,0,CFG_IOMUX1,26,98815,32,mux,IOTILE
8,0,CFG_IOMUX1,27,98815,64,mux,IOTILE
8,0,CFG_IOMUX1,28,98003,8,mux,IOTILE
8,0,CFG_IOMUX1,29,97887,8,mux,IOTILE
8,0,CFG_IOMUX1,30,98003,16,mux,IOTILE
8,0,CFG_IOMUX1,31,97887,16,mux,IOTILE
8,0,CFG_IOMUX1,32,98003,32,mux,IOTILE
8,0,CFG_IOMUX1,33,97887,32,mux,IOTILE
8,0,CFG_IOMUX1,34,97887,64,mux,IOTILE
8,0,CFG_IOMUX1,35,98235,8,mux,IOTILE
8,0,CFG_IOMUX1,36,98119,8,mux,IOTILE
8,0,CFG_IOMUX1,37,98235,16,mux,IOTILE
8,0,CFG_IOMUX1,38,98119,16,mux,IOTILE
8,0,CFG_IOMUX1,39,98235,32,mux,IOTILE
8,0,CFG_IOMUX1,40,98119,32,mux,IOTILE
8,0,CFG_IOMUX1,41,98119,64,mux,IOTILE
8,0,CFG_IOMUX2,0,99627,8,mux,IOTILE
8,0,CFG_IOMUX2,1,99511,8,mux,IOTILE
8,0,CFG_IOMUX2,2,99627,16,mux,IOTILE
8,0,CFG_IOMUX2,3,99511,16,mux,IOTILE
8,0,CFG_IOMUX2,4,99627,32,mux,IOTILE
8,0,CFG_IOMUX2,5,99511,32,mux,IOTILE
8,0,CFG_IOMUX2,6,99511,64,mux,IOTILE
8,0,CFG_IOMUX2,7,99395,8,mux,IOTILE
8,0,CFG_IOMUX2,8,99279,8,mux,IOTILE
8,0,CFG_IOMUX2,9,99395,16,mux,IOTILE
8,0,CFG_IOMUX2,10,99279,16,mux,IOTILE
8,0,CFG_IOMUX2,11,99395,32,mux,IOTILE
8,0,CFG_IOMUX2,12,99279,32,mux,IOTILE
8,0,CFG_IOMUX2,13,99279,64,mux,IOTILE
8,0,CFG_IOMUX2,14,97539,8,mux,IOTILE
8,0,CFG_IOMUX2,15,97423,8,mux,IOTILE
8,0,CFG_IOMUX2,16,97539,16,mux,IOTILE
8,0,CFG_IOMUX2,17,97423,16,mux,IOTILE
8,0,CFG_IOMUX2,18,97539,32,mux,IOTILE
8,0,CFG_IOMUX2,19,97423,32,mux,IOTILE
8,0,CFG_IOMUX2,20,97423,64,mux,IOTILE
8,0,CFG_IOMUX2,21,97771,8,mux,IOTILE
8,0,CFG_IOMUX2,22,97655,8,mux,IOTILE
8,0,CFG_IOMUX2,23,97771,16,mux,IOTILE
8,0,CFG_IOMUX2,24,97655,16,mux,IOTILE
8,0,CFG_IOMUX2,25,97771,32,mux,IOTILE
8,0,CFG_IOMUX2,26,97655,32,mux,IOTILE
8,0,CFG_IOMUX2,27,97655,64,mux,IOTILE
8,0,CFG_IOMUX2,28,99626,4,mux,IOTILE
8,0,CFG_IOMUX2,29,99510,4,mux,IOTILE
8,0,CFG_IOMUX2,30,99626,2,mux,IOTILE
8,0,CFG_IOMUX2,31,99510,2,mux,IOTILE
8,0,CFG_IOMUX2,32,99626,1,mux,IOTILE
8,0,CFG_IOMUX2,33,99510,1,mux,IOTILE
8,0,CFG_IOMUX2,34,99511,128,mux,IOTILE
8,0,CFG_IOMUX2,35,99394,4,mux,IOTILE
8,0,CFG_IOMUX2,36,99278,4,mux,IOTILE
8,0,CFG_IOMUX2,37,99394,2,mux,IOTILE
8,0,CFG_IOMUX2,38,99278,2,mux,IOTILE
8,0,CFG_IOMUX2,39,99394,1,mux,IOTILE
8,0,CFG_IOMUX2,40,99278,1,mux,IOTILE
8,0,CFG_IOMUX2,41,99279,128,mux,IOTILE
8,0,CFG_IOMUX3,0,97538,4,mux,IOTILE
8,0,CFG_IOMUX3,1,97422,4,mux,IOTILE
8,0,CFG_IOMUX3,2,97538,2,mux,IOTILE
8,0,CFG_IOMUX3,3,97422,2,mux,IOTILE
8,0,CFG_IOMUX3,4,97538,1,mux,IOTILE
8,0,CFG_IOMUX3,5,97422,1,mux,IOTILE
8,0,CFG_IOMUX3,6,97423,128,mux,IOTILE
8,0,CFG_IOMUX3,7,97770,4,mux,IOTILE
8,0,CFG_IOMUX3,8,97654,4,mux,IOTILE
8,0,CFG_IOMUX3,9,97770,2,mux,IOTILE
8,0,CFG_IOMUX3,10,97654,2,mux,IOTILE
8,0,CFG_IOMUX3,11,97770,1,mux,IOTILE
8,0,CFG_IOMUX3,12,97654,1,mux,IOTILE
8,0,CFG_IOMUX3,13,97655,128,mux,IOTILE
8,0,CFG_IOMUX3,14,99162,4,mux,IOTILE
8,0,CFG_IOMUX3,15,99046,4,mux,IOTILE
8,0,CFG_IOMUX3,16,99162,2,mux,IOTILE
8,0,CFG_IOMUX3,17,99046,2,mux,IOTILE
8,0,CFG_IOMUX3,18,99162,1,mux,IOTILE
8,0,CFG_IOMUX3,19,99046,1,mux,IOTILE
8,0,CFG_IOMUX3,20,99047,128,mux,IOTILE
8,0,CFG_IOMUX3,21,98930,4,mux,IOTILE
8,0,CFG_IOMUX3,22,98814,4,mux,IOTILE
8,0,CFG_IOMUX3,23,98930,2,mux,IOTILE
8,0,CFG_IOMUX3,24,98814,2,mux,IOTILE
8,0,CFG_IOMUX3,25,98930,1,mux,IOTILE
8,0,CFG_IOMUX3,26,98814,1,mux,IOTILE
8,0,CFG_IOMUX3,27,98815,128,mux,IOTILE
8,0,CFG_IOMUX3,28,98002,4,mux,IOTILE
8,0,CFG_IOMUX3,29,97886,4,mux,IOTILE
8,0,CFG_IOMUX3,30,98002,2,mux,IOTILE
8,0,CFG_IOMUX3,31,97886,2,mux,IOTILE
8,0,CFG_IOMUX3,32,98002,1,mux,IOTILE
8,0,CFG_IOMUX3,33,97886,1,mux,IOTILE
8,0,CFG_IOMUX3,34,97887,128,mux,IOTILE
8,0,CFG_IOMUX3,35,98234,4,mux,IOTILE
8,0,CFG_IOMUX3,36,98118,4,mux,IOTILE
8,0,CFG_IOMUX3,37,98234,2,mux,IOTILE
8,0,CFG_IOMUX3,38,98118,2,mux,IOTILE
8,0,CFG_IOMUX3,39,98234,1,mux,IOTILE
8,0,CFG_IOMUX3,40,98118,1,mux,IOTILE
8,0,CFG_IOMUX3,41,98119,128,mux,IOTILE
8,0,CFG_OE_ASYNC_MODE,0,99162,16,ioreg,IOTILE
8,0,CFG_OE_ASYNC_MODE,1,99161,1,ioreg,IOTILE
8,0,CFG_OE_ASYNC_MODE,2,97886,16,ioreg,IOTILE
8,0,CFG_OE_ASYNC_MODE,3,97885,1,ioreg,IOTILE
8,0,CFG_OE_POWERUP,0,99046,8,ioreg,IOTILE
8,0,CFG_OE_POWERUP,1,99045,2,ioreg,IOTILE
8,0,CFG_OE_POWERUP,2,98002,8,ioreg,IOTILE
8,0,CFG_OE_POWERUP,3,98001,2,ioreg,IOTILE
8,0,CFG_OE_REG_MODE,0,99278,16,ioreg,IOTILE
8,0,CFG_OE_REG_MODE,1,99277,1,ioreg,IOTILE
8,0,CFG_OE_REG_MODE,2,97770,16,ioreg,IOTILE
8,0,CFG_OE_REG_MODE,3,97769,1,ioreg,IOTILE
8,0,CFG_OE_SYNC_MODE,0,99162,8,ioreg,IOTILE
8,0,CFG_OE_SYNC_MODE,1,99161,2,ioreg,IOTILE
8,0,CFG_OE_SYNC_MODE,2,97886,8,ioreg,IOTILE
8,0,CFG_OE_SYNC_MODE,3,97885,2,ioreg,IOTILE
8,0,CFG_OUTDELAY,0,99860,128,delay,IOTILE
8,0,CFG_OUTDELAY,1,99744,128,delay,IOTILE
8,0,CFG_OUTDELAY,2,99858,4,delay,IOTILE
8,0,CFG_OUTDELAY,3,99742,4,delay,IOTILE
8,0,CFG_OUT_ASYNC_MODE,0,99394,16,ioreg,IOTILE
8,0,CFG_OUT_ASYNC_MODE,1,99393,1,ioreg,IOTILE
8,0,CFG_OUT_ASYNC_MODE,2,97654,16,ioreg,IOTILE
8,0,CFG_OUT_ASYNC_MODE,3,97653,1,ioreg,IOTILE
8,0,CFG_OUT_POWERUP,0,99278,8,ioreg,IOTILE
8,0,CFG_OUT_POWERUP,1,99277,2,ioreg,IOTILE
8,0,CFG_OUT_POWERUP,2,97770,8,ioreg,IOTILE
8,0,CFG_OUT_POWERUP,3,97769,2,ioreg,IOTILE
8,0,CFG_OUT_REG_MODE,0,99046,16,ioreg,IOTILE
8,0,CFG_OUT_REG_MODE,1,99045,1,ioreg,IOTILE
8,0,CFG_OUT_REG_MODE,2,98002,16,ioreg,IOTILE
8,0,CFG_OUT_REG_MODE,3,98001,1,ioreg,IOTILE
8,0,CFG_OUT_SYNC_MODE,0,99394,8,ioreg,IOTILE
8,0,CFG_OUT_SYNC_MODE,1,99393,2,ioreg,IOTILE
8,0,CFG_OUT_SYNC_MODE,2,97654,8,ioreg,IOTILE
8,0,CFG_OUT_SYNC_MODE,3,97653,2,ioreg,IOTILE
8,5,CFG_INPUTMUX,0,64273,64,mux,UFMTILE
8,5,CFG_INPUTMUX,1,64505,64,mux,UFMTILE
8,5,CFG_INPUTMUX,2,64737,64,mux,UFMTILE
8,5,CFG_INPUTMUX,3,65201,64,mux,UFMTILE
8,5,CFG_INPUTMUX,4,65433,64,mux,UFMTILE
8,5,CFG_INPUTMUX,5,65665,64,mux,UFMTILE
8,5,CFG_INPUTMUX,6,64272,1,mux,UFMTILE
8,5,CFG_INPUTMUX,7,64504,1,mux,UFMTILE
8,5,CFG_INPUTMUX,8,64736,1,mux,UFMTILE
8,5,CFG_INPUTMUX,9,65200,1,mux,UFMTILE
8,5,CFG_INPUTMUX,10,65432,1,mux,UFMTILE
8,5,CFG_INPUTMUX,11,65664,1,mux,UFMTILE
9,0,CFG_INDA_DELAY,0,99856,2,delay,IOTILE
9,0,CFG_INDA_DELAY,1,99856,1,delay,IOTILE
9,0,CFG_INDA_DELAY,2,99857,128,delay,IOTILE
9,0,CFG_INDA_DELAY,3,99740,2,delay,IOTILE
9,0,CFG_INDA_DELAY,4,99740,1,delay,IOTILE
9,0,CFG_INDA_DELAY,5,99741,128,delay,IOTILE
9,0,CFG_INDA_DELAY,6,99854,2,delay,IOTILE
9,0,CFG_INDA_DELAY,7,99854,1,delay,IOTILE
9,0,CFG_INDA_DELAY,8,99855,128,delay,IOTILE
9,0,CFG_INDA_DELAY,9,99738,2,delay,IOTILE
9,0,CFG_INDA_DELAY,10,99738,1,delay,IOTILE
9,0,CFG_INDA_DELAY,11,99739,128,delay,IOTILE
9,0,CFG_INPUTMUX0,0,99854,128,mux,IOTILE
9,0,CFG_INPUTMUX0,1,99738,128,mux,IOTILE
9,0,CFG_INPUTMUX1,0,99853,32,mux,IOTILE
9,0,CFG_INPUTMUX1,1,99853,16,mux,IOTILE
9,0,CFG_INPUTMUX2,0,99737,1,mux,IOTILE
9,0,CFG_INPUTMUX2,1,99853,1,mux,IOTILE
9,0,CFG_INPUTMUX3,0,99737,32,mux,IOTILE
9,0,CFG_INPUTMUX3,1,99737,16,mux,IOTILE
9,0,CFG_INREG_DELAY,0,99856,8,delay,IOTILE
9,0,CFG_INREG_DELAY,1,99856,16,delay,IOTILE
9,0,CFG_INREG_DELAY,2,99856,32,delay,IOTILE
9,0,CFG_INREG_DELAY,3,99740,8,delay,IOTILE
9,0,CFG_INREG_DELAY,4,99740,16,delay,IOTILE
9,0,CFG_INREG_DELAY,5,99740,32,delay,IOTILE
9,0,CFG_INREG_DELAY,6,99854,16,delay,IOTILE
9,0,CFG_INREG_DELAY,7,99854,8,delay,IOTILE
9,0,CFG_INREG_DELAY,8,99854,32,delay,IOTILE
9,0,CFG_INREG_DELAY,9,99738,32,delay,IOTILE
9,0,CFG_INREG_DELAY,10,99738,16,delay,IOTILE
9,0,CFG_INREG_DELAY,11,99738,8,delay,IOTILE
9,0,CFG_IN_ASYNC_MODE,0,99621,1,ioreg,IOTILE
9,0,CFG_IN_ASYNC_MODE,1,99621,16,ioreg,IOTILE
9,0,CFG_IN_ASYNC_MODE,2,97417,1,ioreg,IOTILE
9,0,CFG_IN_ASYNC_MODE,3,97417,16,ioreg,IOTILE
9,0,CFG_IN_POWERUP,0,99506,128,ioreg,IOTILE
9,0,CFG_IN_POWERUP,1,99505,32,ioreg,IOTILE
9,0,CFG_IN_POWERUP,2,97534,128,ioreg,IOTILE
9,0,CFG_IN_POWERUP,3,97533,32,ioreg,IOTILE
9,0,CFG_IN_SYNC_MODE,0,99622,128,ioreg,IOTILE
9,0,CFG_IN_SYNC_MODE,1,99621,32,ioreg,IOTILE
9,0,CFG_IN_SYNC_MODE,2,97418,128,ioreg,IOTILE
9,0,CFG_IN_SYNC_MODE,3,97417,32,ioreg,IOTILE
9,0,CFG_IOMUX0,0,99623,64,mux,IOTILE
9,0,CFG_IOMUX0,1,99507,64,mux,IOTILE
9,0,CFG_IOMUX0,2,99623,32,mux,IOTILE
9,0,CFG_IOMUX0,3,99507,32,mux,IOTILE
9,0,CFG_IOMUX0,4,99623,16,mux,IOTILE
9,0,CFG_IOMUX0,5,99507,16,mux,IOTILE
9,0,CFG_IOMUX0,6,99507,8,mux,IOTILE
9,0,CFG_IOMUX0,7,99391,64,mux,IOTILE
9,0,CFG_IOMUX0,8,99275,64,mux,IOTILE
9,0,CFG_IOMUX0,9,99391,32,mux,IOTILE
9,0,CFG_IOMUX0,10,99275,32,mux,IOTILE
9,0,CFG_IOMUX0,11,99391,16,mux,IOTILE
9,0,CFG_IOMUX0,12,99275,16,mux,IOTILE
9,0,CFG_IOMUX0,13,99275,8,mux,IOTILE
9,0,CFG_IOMUX0,14,97535,64,mux,IOTILE
9,0,CFG_IOMUX0,15,97419,64,mux,IOTILE
9,0,CFG_IOMUX0,16,97535,32,mux,IOTILE
9,0,CFG_IOMUX0,17,97419,32,mux,IOTILE
9,0,CFG_IOMUX0,18,97535,16,mux,IOTILE
9,0,CFG_IOMUX0,19,97419,16,mux,IOTILE
9,0,CFG_IOMUX0,20,97419,8,mux,IOTILE
9,0,CFG_IOMUX0,21,97767,64,mux,IOTILE
9,0,CFG_IOMUX0,22,97651,64,mux,IOTILE
9,0,CFG_IOMUX0,23,97767,32,mux,IOTILE
9,0,CFG_IOMUX0,24,97651,32,mux,IOTILE
9,0,CFG_IOMUX0,25,97767,16,mux,IOTILE
9,0,CFG_IOMUX0,26,97651,16,mux,IOTILE
9,0,CFG_IOMUX0,27,97651,8,mux,IOTILE
9,0,CFG_IOMUX0,28,99159,64,mux,IOTILE
9,0,CFG_IOMUX0,29,99043,64,mux,IOTILE
9,0,CFG_IOMUX0,30,99159,32,mux,IOTILE
9,0,CFG_IOMUX0,31,99043,32,mux,IOTILE
9,0,CFG_IOMUX0,32,99159,16,mux,IOTILE
9,0,CFG_IOMUX0,33,99043,16,mux,IOTILE
9,0,CFG_IOMUX0,34,99043,8,mux,IOTILE
9,0,CFG_IOMUX0,35,98927,64,mux,IOTILE
9,0,CFG_IOMUX0,36,98811,64,mux,IOTILE
9,0,CFG_IOMUX0,37,98927,32,mux,IOTILE
9,0,CFG_IOMUX0,38,98811,32,mux,IOTILE
9,0,CFG_IOMUX0,39,98927,16,mux,IOTILE
9,0,CFG_IOMUX0,40,98811,16,mux,IOTILE
9,0,CFG_IOMUX0,41,98811,8,mux,IOTILE
9,0,CFG_IOMUX1,0,97999,64,mux,IOTILE
9,0,CFG_IOMUX1,1,97883,64,mux,IOTILE
9,0,CFG_IOMUX1,2,97999,32,mux,IOTILE
9,0,CFG_IOMUX1,3,97883,32,mux,IOTILE
9,0,CFG_IOMUX1,4,97999,16,mux,IOTILE
9,0,CFG_IOMUX1,5,97883,16,mux,IOTILE
9,0,CFG_IOMUX1,6,97883,8,mux,IOTILE
9,0,CFG_IOMUX1,7,98231,64,mux,IOTILE
9,0,CFG_IOMUX1,8,98115,64,mux,IOTILE
9,0,CFG_IOMUX1,9,98231,32,mux,IOTILE
9,0,CFG_IOMUX1,10,98115,32,mux,IOTILE
9,0,CFG_IOMUX1,11,98231,16,mux,IOTILE
9,0,CFG_IOMUX1,12,98115,16,mux,IOTILE
9,0,CFG_IOMUX1,13,98115,8,mux,IOTILE
9,0,CFG_IOMUX1,14,99159,128,mux,IOTILE
9,0,CFG_IOMUX1,15,99043,128,mux,IOTILE
9,0,CFG_IOMUX1,16,99158,1,mux,IOTILE
9,0,CFG_IOMUX1,17,99042,1,mux,IOTILE
9,0,CFG_IOMUX1,18,99158,2,mux,IOTILE
9,0,CFG_IOMUX1,19,99042,2,mux,IOTILE
9,0,CFG_IOMUX1,20,99042,4,mux,IOTILE
9,0,CFG_IOMUX1,21,98927,128,mux,IOTILE
9,0,CFG_IOMUX1,22,98811,128,mux,IOTILE
9,0,CFG_IOMUX1,23,98926,1,mux,IOTILE
9,0,CFG_IOMUX1,24,98810,1,mux,IOTILE
9,0,CFG_IOMUX1,25,98926,2,mux,IOTILE
9,0,CFG_IOMUX1,26,98810,2,mux,IOTILE
9,0,CFG_IOMUX1,27,98810,4,mux,IOTILE
9,0,CFG_IOMUX1,28,97999,128,mux,IOTILE
9,0,CFG_IOMUX1,29,97883,128,mux,IOTILE
9,0,CFG_IOMUX1,30,97998,1,mux,IOTILE
9,0,CFG_IOMUX1,31,97882,1,mux,IOTILE
9,0,CFG_IOMUX1,32,97998,2,mux,IOTILE
9,0,CFG_IOMUX1,33,97882,2,mux,IOTILE
9,0,CFG_IOMUX1,34,97882,4,mux,IOTILE
9,0,CFG_IOMUX1,35,98231,128,mux,IOTILE
9,0,CFG_IOMUX1,36,98115,128,mux,IOTILE
9,0,CFG_IOMUX1,37,98230,1,mux,IOTILE
9,0,CFG_IOMUX1,38,98114,1,mux,IOTILE
9,0,CFG_IOMUX1,39,98230,2,mux,IOTILE
9,0,CFG_IOMUX1,40,98114,2,mux,IOTILE
9,0,CFG_IOMUX1,41,98114,4,mux,IOTILE
9,0,CFG_IOMUX2,0,99623,128,mux,IOTILE
9,0,CFG_IOMUX2,1,99507,128,mux,IOTILE
9,0,CFG_IOMUX2,2,99622,1,mux,IOTILE
9,0,CFG_IOMUX2,3,99506,1,mux,IOTILE
9,0,CFG_IOMUX2,4,99622,2,mux,IOTILE
9,0,CFG_IOMUX2,5,99506,2,mux,IOTILE
9,0,CFG_IOMUX2,6,99506,4,mux,IOTILE
9,0,CFG_IOMUX2,7,99391,128,mux,IOTILE
9,0,CFG_IOMUX2,8,99275,128,mux,IOTILE
9,0,CFG_IOMUX2,9,99390,1,mux,IOTILE
9,0,CFG_IOMUX2,10,99274,1,mux,IOTILE
9,0,CFG_IOMUX2,11,99390,2,mux,IOTILE
9,0,CFG_IOMUX2,12,99274,2,mux,IOTILE
9,0,CFG_IOMUX2,13,99274,4,mux,IOTILE
9,0,CFG_IOMUX2,14,97535,128,mux,IOTILE
9,0,CFG_IOMUX2,15,97419,128,mux,IOTILE
9,0,CFG_IOMUX2,16,97534,1,mux,IOTILE
9,0,CFG_IOMUX2,17,97418,1,mux,IOTILE
9,0,CFG_IOMUX2,18,97534,2,mux,IOTILE
9,0,CFG_IOMUX2,19,97418,2,mux,IOTILE
9,0,CFG_IOMUX2,20,97418,4,mux,IOTILE
9,0,CFG_IOMUX2,21,97767,128,mux,IOTILE
9,0,CFG_IOMUX2,22,97651,128,mux,IOTILE
9,0,CFG_IOMUX2,23,97766,1,mux,IOTILE
9,0,CFG_IOMUX2,24,97650,1,mux,IOTILE
9,0,CFG_IOMUX2,25,97766,2,mux,IOTILE
9,0,CFG_IOMUX2,26,97650,2,mux,IOTILE
9,0,CFG_IOMUX2,27,97650,4,mux,IOTILE
9,0,CFG_IOMUX2,28,99622,64,mux,IOTILE
9,0,CFG_IOMUX2,29,99506,64,mux,IOTILE
9,0,CFG_IOMUX2,30,99622,32,mux,IOTILE
9,0,CFG_IOMUX2,31,99506,32,mux,IOTILE
9,0,CFG_IOMUX2,32,99622,16,mux,IOTILE
9,0,CFG_IOMUX2,33,99506,16,mux,IOTILE
9,0,CFG_IOMUX2,34,99506,8,mux,IOTILE
9,0,CFG_IOMUX2,35,99390,64,mux,IOTILE
9,0,CFG_IOMUX2,36,99274,64,mux,IOTILE
9,0,CFG_IOMUX2,37,99390,32,mux,IOTILE
9,0,CFG_IOMUX2,38,99274,32,mux,IOTILE
9,0,CFG_IOMUX2,39,99390,16,mux,IOTILE
9,0,CFG_IOMUX2,40,99274,16,mux,IOTILE
9,0,CFG_IOMUX2,41,99274,8,mux,IOTILE
9,0,CFG_IOMUX3,0,97534,64,mux,IOTILE
9,0,CFG_IOMUX3,1,97418,64,mux,IOTILE
9,0,CFG_IOMUX3,2,97534,32,mux,IOTILE
9,0,CFG_IOMUX3,3,97418,32,mux,IOTILE
9,0,CFG_IOMUX3,4,97534,16,mux,IOTILE
9,0,CFG_IOMUX3,5,97418,16,mux,IOTILE
9,0,CFG_IOMUX3,6,97418,8,mux,IOTILE
9,0,CFG_IOMUX3,7,97766,64,mux,IOTILE
9,0,CFG_IOMUX3,8,97650,64,mux,IOTILE
9,0,CFG_IOMUX3,9,97766,32,mux,IOTILE
9,0,CFG_IOMUX3,10,97650,32,mux,IOTILE
9,0,CFG_IOMUX3,11,97766,16,mux,IOTILE
9,0,CFG_IOMUX3,12,97650,16,mux,IOTILE
9,0,CFG_IOMUX3,13,97650,8,mux,IOTILE
9,0,CFG_IOMUX3,14,99158,64,mux,IOTILE
9,0,CFG_IOMUX3,15,99042,64,mux,IOTILE
9,0,CFG_IOMUX3,16,99158,32,mux,IOTILE
9,0,CFG_IOMUX3,17,99042,32,mux,IOTILE
9,0,CFG_IOMUX3,18,99158,16,mux,IOTILE
9,0,CFG_IOMUX3,19,99042,16,mux,IOTILE
9,0,CFG_IOMUX3,20,99042,8,mux,IOTILE
9,0,CFG_IOMUX3,21,98926,64,mux,IOTILE
9,0,CFG_IOMUX3,22,98810,64,mux,IOTILE
9,0,CFG_IOMUX3,23,98926,32,mux,IOTILE
9,0,CFG_IOMUX3,24,98810,32,mux,IOTILE
9,0,CFG_IOMUX3,25,98926,16,mux,IOTILE
9,0,CFG_IOMUX3,26,98810,16,mux,IOTILE
9,0,CFG_IOMUX3,27,98810,8,mux,IOTILE
9,0,CFG_IOMUX3,28,97998,64,mux,IOTILE
9,0,CFG_IOMUX3,29,97882,64,mux,IOTILE
9,0,CFG_IOMUX3,30,97998,32,mux,IOTILE
9,0,CFG_IOMUX3,31,97882,32,mux,IOTILE
9,0,CFG_IOMUX3,32,97998,16,mux,IOTILE
9,0,CFG_IOMUX3,33,97882,16,mux,IOTILE
9,0,CFG_IOMUX3,34,97882,8,mux,IOTILE
9,0,CFG_IOMUX3,35,98230,64,mux,IOTILE
9,0,CFG_IOMUX3,36,98114,64,mux,IOTILE
9,0,CFG_IOMUX3,37,98230,32,mux,IOTILE
9,0,CFG_IOMUX3,38,98114,32,mux,IOTILE
9,0,CFG_IOMUX3,39,98230,16,mux,IOTILE
9,0,CFG_IOMUX3,40,98114,16,mux,IOTILE
9,0,CFG_IOMUX3,41,98114,8,mux,IOTILE
9,0,CFG_OE_ASYNC_MODE,0,99157,1,ioreg,IOTILE
9,0,CFG_OE_ASYNC_MODE,1,99157,16,ioreg,IOTILE
9,0,CFG_OE_ASYNC_MODE,2,97881,1,ioreg,IOTILE
9,0,CFG_OE_ASYNC_MODE,3,97881,16,ioreg,IOTILE
9,0,CFG_OE_POWERUP,0,99042,128,ioreg,IOTILE
9,0,CFG_OE_POWERUP,1,99041,32,ioreg,IOTILE
9,0,CFG_OE_POWERUP,2,97998,128,ioreg,IOTILE
9,0,CFG_OE_POWERUP,3,97997,32,ioreg,IOTILE
9,0,CFG_OE_REG_MODE,0,99273,1,ioreg,IOTILE
9,0,CFG_OE_REG_MODE,1,99273,16,ioreg,IOTILE
9,0,CFG_OE_REG_MODE,2,97765,1,ioreg,IOTILE
9,0,CFG_OE_REG_MODE,3,97765,16,ioreg,IOTILE
9,0,CFG_OE_SYNC_MODE,0,99158,128,ioreg,IOTILE
9,0,CFG_OE_SYNC_MODE,1,99157,32,ioreg,IOTILE
9,0,CFG_OE_SYNC_MODE,2,97882,128,ioreg,IOTILE
9,0,CFG_OE_SYNC_MODE,3,97881,32,ioreg,IOTILE
9,0,CFG_OUTDELAY,0,99855,8,delay,IOTILE
9,0,CFG_OUTDELAY,1,99739,8,delay,IOTILE
9,0,CFG_OUTDELAY,2,99854,64,delay,IOTILE
9,0,CFG_OUTDELAY,3,99738,64,delay,IOTILE
9,0,CFG_OUT_ASYNC_MODE,0,99389,1,ioreg,IOTILE
9,0,CFG_OUT_ASYNC_MODE,1,99389,16,ioreg,IOTILE
9,0,CFG_OUT_ASYNC_MODE,2,97649,1,ioreg,IOTILE
9,0,CFG_OUT_ASYNC_MODE,3,97649,16,ioreg,IOTILE
9,0,CFG_OUT_POWERUP,0,99274,128,ioreg,IOTILE
9,0,CFG_OUT_POWERUP,1,99273,32,ioreg,IOTILE
9,0,CFG_OUT_POWERUP,2,97766,128,ioreg,IOTILE
9,0,CFG_OUT_POWERUP,3,97765,32,ioreg,IOTILE
9,0,CFG_OUT_REG_MODE,0,99041,1,ioreg,IOTILE
9,0,CFG_OUT_REG_MODE,1,99041,16,ioreg,IOTILE
9,0,CFG_OUT_REG_MODE,2,97997,1,ioreg,IOTILE
9,0,CFG_OUT_REG_MODE,3,97997,16,ioreg,IOTILE
9,0,CFG_OUT_SYNC_MODE,0,99390,128,ioreg,IOTILE
9,0,CFG_OUT_SYNC_MODE,1,99389,32,ioreg,IOTILE
9,0,CFG_OUT_SYNC_MODE,2,97650,128,ioreg,IOTILE
9,0,CFG_OUT_SYNC_MODE,3,97649,32,ioreg,IOTILE
9,5,CFG_INPUTMUX,0,64268,4,mux,UFMTILE
9,5,CFG_INPUTMUX,1,64500,4,mux,UFMTILE
9,5,CFG_INPUTMUX,2,64732,4,mux,UFMTILE
9,5,CFG_INPUTMUX,3,65196,4,mux,UFMTILE
9,5,CFG_INPUTMUX,4,65428,4,mux,UFMTILE
9,5,CFG_INPUTMUX,5,65660,4,mux,UFMTILE
9,5,CFG_INPUTMUX,6,64268,16,mux,UFMTILE
9,5,CFG_INPUTMUX,7,64500,16,mux,UFMTILE
9,5,CFG_INPUTMUX,8,64732,16,mux,UFMTILE
9,5,CFG_INPUTMUX,9,65196,16,mux,UFMTILE
9,5,CFG_INPUTMUX,10,65428,16,mux,UFMTILE
9,5,CFG_INPUTMUX,11,65660,16,mux,UFMTILE
10,0,CFG_INDA_DELAY,0,99852,32,delay,IOTILE
10,0,CFG_INDA_DELAY,1,99852,16,delay,IOTILE
10,0,CFG_INDA_DELAY,2,99852,8,delay,IOTILE
10,0,CFG_INDA_DELAY,3,99736,32,delay,IOTILE
10,0,CFG_INDA_DELAY,4,99736,16,delay,IOTILE
10,0,CFG_INDA_DELAY,5,99736,8,delay,IOTILE
10,0,CFG_INDA_DELAY,6,99850,32,delay,IOTILE
10,0,CFG_INDA_DELAY,7,99850,16,delay,IOTILE
10,0,CFG_INDA_DELAY,8,99850,8,delay,IOTILE
10,0,CFG_INDA_DELAY,9,99734,32,delay,IOTILE
10,0,CFG_INDA_DELAY,10,99734,16,delay,IOTILE
10,0,CFG_INDA_DELAY,11,99734,8,delay,IOTILE
10,0,CFG_INPUTMUX0,0,99849,8,mux,IOTILE
10,0,CFG_INPUTMUX0,1,99733,8,mux,IOTILE
10,0,CFG_INPUTMUX1,0,99848,2,mux,IOTILE
10,0,CFG_INPUTMUX1,1,99848,1,mux,IOTILE
10,0,CFG_INPUTMUX2,0,99733,16,mux,IOTILE
10,0,CFG_INPUTMUX2,1,99849,16,mux,IOTILE
10,0,CFG_INPUTMUX3,0,99732,2,mux,IOTILE
10,0,CFG_INPUTMUX3,1,99732,1,mux,IOTILE
10,0,CFG_INREG_DELAY,0,99852,128,delay,IOTILE
10,0,CFG_INREG_DELAY,1,99851,1,delay,IOTILE
10,0,CFG_INREG_DELAY,2,99851,2,delay,IOTILE
10,0,CFG_INREG_DELAY,3,99736,128,delay,IOTILE
10,0,CFG_INREG_DELAY,4,99735,1,delay,IOTILE
10,0,CFG_INREG_DELAY,5,99735,2,delay,IOTILE
10,0,CFG_INREG_DELAY,6,99849,1,delay,IOTILE
10,0,CFG_INREG_DELAY,7,99850,128,delay,IOTILE
10,0,CFG_INREG_DELAY,8,99849,2,delay,IOTILE
10,0,CFG_INREG_DELAY,9,99733,2,delay,IOTILE
10,0,CFG_INREG_DELAY,10,99733,1,delay,IOTILE
10,0,CFG_INREG_DELAY,11,99734,128,delay,IOTILE
10,0,CFG_IN_ASYNC_MODE,0,99617,16,ioreg,IOTILE
10,0,CFG_IN_ASYNC_MODE,1,99616,1,ioreg,IOTILE
10,0,CFG_IN_ASYNC_MODE,2,97413,16,ioreg,IOTILE
10,0,CFG_IN_ASYNC_MODE,3,97412,1,ioreg,IOTILE
10,0,CFG_IN_POWERUP,0,99501,8,ioreg,IOTILE
10,0,CFG_IN_POWERUP,1,99500,2,ioreg,IOTILE
10,0,CFG_IN_POWERUP,2,97529,8,ioreg,IOTILE
10,0,CFG_IN_POWERUP,3,97528,2,ioreg,IOTILE
10,0,CFG_IN_SYNC_MODE,0,99617,8,ioreg,IOTILE
10,0,CFG_IN_SYNC_MODE,1,99616,2,ioreg,IOTILE
10,0,CFG_IN_SYNC_MODE,2,97413,8,ioreg,IOTILE
10,0,CFG_IN_SYNC_MODE,3,97412,2,ioreg,IOTILE
10,0,CFG_IOMUX0,0,99618,4,mux,IOTILE
10,0,CFG_IOMUX0,1,99502,4,mux,IOTILE
10,0,CFG_IOMUX0,2,99618,2,mux,IOTILE
10,0,CFG_IOMUX0,3,99502,2,mux,IOTILE
10,0,CFG_IOMUX0,4,99618,1,mux,IOTILE
10,0,CFG_IOMUX0,5,99502,1,mux,IOTILE
10,0,CFG_IOMUX0,6,99503,128,mux,IOTILE
10,0,CFG_IOMUX0,7,99386,4,mux,IOTILE
10,0,CFG_IOMUX0,8,99270,4,mux,IOTILE
10,0,CFG_IOMUX0,9,99386,2,mux,IOTILE
10,0,CFG_IOMUX0,10,99270,2,mux,IOTILE
10,0,CFG_IOMUX0,11,99386,1,mux,IOTILE
10,0,CFG_IOMUX0,12,99270,1,mux,IOTILE
10,0,CFG_IOMUX0,13,99271,128,mux,IOTILE
10,0,CFG_IOMUX0,14,97530,4,mux,IOTILE
10,0,CFG_IOMUX0,15,97414,4,mux,IOTILE
10,0,CFG_IOMUX0,16,97530,2,mux,IOTILE
10,0,CFG_IOMUX0,17,97414,2,mux,IOTILE
10,0,CFG_IOMUX0,18,97530,1,mux,IOTILE
10,0,CFG_IOMUX0,19,97414,1,mux,IOTILE
10,0,CFG_IOMUX0,20,97415,128,mux,IOTILE
10,0,CFG_IOMUX0,21,97762,4,mux,IOTILE
10,0,CFG_IOMUX0,22,97646,4,mux,IOTILE
10,0,CFG_IOMUX0,23,97762,2,mux,IOTILE
10,0,CFG_IOMUX0,24,97646,2,mux,IOTILE
10,0,CFG_IOMUX0,25,97762,1,mux,IOTILE
10,0,CFG_IOMUX0,26,97646,1,mux,IOTILE
10,0,CFG_IOMUX0,27,97647,128,mux,IOTILE
10,0,CFG_IOMUX0,28,99154,4,mux,IOTILE
10,0,CFG_IOMUX0,29,99038,4,mux,IOTILE
10,0,CFG_IOMUX0,30,99154,2,mux,IOTILE
10,0,CFG_IOMUX0,31,99038,2,mux,IOTILE
10,0,CFG_IOMUX0,32,99154,1,mux,IOTILE
10,0,CFG_IOMUX0,33,99038,1,mux,IOTILE
10,0,CFG_IOMUX0,34,99039,128,mux,IOTILE
10,0,CFG_IOMUX0,35,98922,4,mux,IOTILE
10,0,CFG_IOMUX0,36,98806,4,mux,IOTILE
10,0,CFG_IOMUX0,37,98922,2,mux,IOTILE
10,0,CFG_IOMUX0,38,98806,2,mux,IOTILE
10,0,CFG_IOMUX0,39,98922,1,mux,IOTILE
10,0,CFG_IOMUX0,40,98806,1,mux,IOTILE
10,0,CFG_IOMUX0,41,98807,128,mux,IOTILE
10,0,CFG_IOMUX1,0,97994,4,mux,IOTILE
10,0,CFG_IOMUX1,1,97878,4,mux,IOTILE
10,0,CFG_IOMUX1,2,97994,2,mux,IOTILE
10,0,CFG_IOMUX1,3,97878,2,mux,IOTILE
10,0,CFG_IOMUX1,4,97994,1,mux,IOTILE
10,0,CFG_IOMUX1,5,97878,1,mux,IOTILE
10,0,CFG_IOMUX1,6,97879,128,mux,IOTILE
10,0,CFG_IOMUX1,7,98226,4,mux,IOTILE
10,0,CFG_IOMUX1,8,98110,4,mux,IOTILE
10,0,CFG_IOMUX1,9,98226,2,mux,IOTILE
10,0,CFG_IOMUX1,10,98110,2,mux,IOTILE
10,0,CFG_IOMUX1,11,98226,1,mux,IOTILE
10,0,CFG_IOMUX1,12,98110,1,mux,IOTILE
10,0,CFG_IOMUX1,13,98111,128,mux,IOTILE
10,0,CFG_IOMUX1,14,99154,8,mux,IOTILE
10,0,CFG_IOMUX1,15,99038,8,mux,IOTILE
10,0,CFG_IOMUX1,16,99154,16,mux,IOTILE
10,0,CFG_IOMUX1,17,99038,16,mux,IOTILE
10,0,CFG_IOMUX1,18,99154,32,mux,IOTILE
10,0,CFG_IOMUX1,19,99038,32,mux,IOTILE
10,0,CFG_IOMUX1,20,99038,64,mux,IOTILE
10,0,CFG_IOMUX1,21,98922,8,mux,IOTILE
10,0,CFG_IOMUX1,22,98806,8,mux,IOTILE
10,0,CFG_IOMUX1,23,98922,16,mux,IOTILE
10,0,CFG_IOMUX1,24,98806,16,mux,IOTILE
10,0,CFG_IOMUX1,25,98922,32,mux,IOTILE
10,0,CFG_IOMUX1,26,98806,32,mux,IOTILE
10,0,CFG_IOMUX1,27,98806,64,mux,IOTILE
10,0,CFG_IOMUX1,28,97994,8,mux,IOTILE
10,0,CFG_IOMUX1,29,97878,8,mux,IOTILE
10,0,CFG_IOMUX1,30,97994,16,mux,IOTILE
10,0,CFG_IOMUX1,31,97878,16,mux,IOTILE
10,0,CFG_IOMUX1,32,97994,32,mux,IOTILE
10,0,CFG_IOMUX1,33,97878,32,mux,IOTILE
10,0,CFG_IOMUX1,34,97878,64,mux,IOTILE
10,0,CFG_IOMUX1,35,98226,8,mux,IOTILE
10,0,CFG_IOMUX1,36,98110,8,mux,IOTILE
10,0,CFG_IOMUX1,37,98226,16,mux,IOTILE
10,0,CFG_IOMUX1,38,98110,16,mux,IOTILE
10,0,CFG_IOMUX1,39,98226,32,mux,IOTILE
10,0,CFG_IOMUX1,40,98110,32,mux,IOTILE
10,0,CFG_IOMUX1,41,98110,64,mux,IOTILE
10,0,CFG_IOMUX2,0,99618,8,mux,IOTILE
10,0,CFG_IOMUX2,1,99502,8,mux,IOTILE
10,0,CFG_IOMUX2,2,99618,16,mux,IOTILE
10,0,CFG_IOMUX2,3,99502,16,mux,IOTILE
10,0,CFG_IOMUX2,4,99618,32,mux,IOTILE
10,0,CFG_IOMUX2,5,99502,32,mux,IOTILE
10,0,CFG_IOMUX2,6,99502,64,mux,IOTILE
10,0,CFG_IOMUX2,7,99386,8,mux,IOTILE
10,0,CFG_IOMUX2,8,99270,8,mux,IOTILE
10,0,CFG_IOMUX2,9,99386,16,mux,IOTILE
10,0,CFG_IOMUX2,10,99270,16,mux,IOTILE
10,0,CFG_IOMUX2,11,99386,32,mux,IOTILE
10,0,CFG_IOMUX2,12,99270,32,mux,IOTILE
10,0,CFG_IOMUX2,13,99270,64,mux,IOTILE
10,0,CFG_IOMUX2,14,97530,8,mux,IOTILE
10,0,CFG_IOMUX2,15,97414,8,mux,IOTILE
10,0,CFG_IOMUX2,16,97530,16,mux,IOTILE
10,0,CFG_IOMUX2,17,97414,16,mux,IOTILE
10,0,CFG_IOMUX2,18,97530,32,mux,IOTILE
10,0,CFG_IOMUX2,19,97414,32,mux,IOTILE
10,0,CFG_IOMUX2,20,97414,64,mux,IOTILE
10,0,CFG_IOMUX2,21,97762,8,mux,IOTILE
10,0,CFG_IOMUX2,22,97646,8,mux,IOTILE
10,0,CFG_IOMUX2,23,97762,16,mux,IOTILE
10,0,CFG_IOMUX2,24,97646,16,mux,IOTILE
10,0,CFG_IOMUX2,25,97762,32,mux,IOTILE
10,0,CFG_IOMUX2,26,97646,32,mux,IOTILE
10,0,CFG_IOMUX2,27,97646,64,mux,IOTILE
10,0,CFG_IOMUX2,28,99617,4,mux,IOTILE
10,0,CFG_IOMUX2,29,99501,4,mux,IOTILE
10,0,CFG_IOMUX2,30,99617,2,mux,IOTILE
10,0,CFG_IOMUX2,31,99501,2,mux,IOTILE
10,0,CFG_IOMUX2,32,99617,1,mux,IOTILE
10,0,CFG_IOMUX2,33,99501,1,mux,IOTILE
10,0,CFG_IOMUX2,34,99502,128,mux,IOTILE
10,0,CFG_IOMUX2,35,99385,4,mux,IOTILE
10,0,CFG_IOMUX2,36,99269,4,mux,IOTILE
10,0,CFG_IOMUX2,37,99385,2,mux,IOTILE
10,0,CFG_IOMUX2,38,99269,2,mux,IOTILE
10,0,CFG_IOMUX2,39,99385,1,mux,IOTILE
10,0,CFG_IOMUX2,40,99269,1,mux,IOTILE
10,0,CFG_IOMUX2,41,99270,128,mux,IOTILE
10,0,CFG_IOMUX3,0,97529,4,mux,IOTILE
10,0,CFG_IOMUX3,1,97413,4,mux,IOTILE
10,0,CFG_IOMUX3,2,97529,2,mux,IOTILE
10,0,CFG_IOMUX3,3,97413,2,mux,IOTILE
10,0,CFG_IOMUX3,4,97529,1,mux,IOTILE
10,0,CFG_IOMUX3,5,97413,1,mux,IOTILE
10,0,CFG_IOMUX3,6,97414,128,mux,IOTILE
10,0,CFG_IOMUX3,7,97761,4,mux,IOTILE
10,0,CFG_IOMUX3,8,97645,4,mux,IOTILE
10,0,CFG_IOMUX3,9,97761,2,mux,IOTILE
10,0,CFG_IOMUX3,10,97645,2,mux,IOTILE
10,0,CFG_IOMUX3,11,97761,1,mux,IOTILE
10,0,CFG_IOMUX3,12,97645,1,mux,IOTILE
10,0,CFG_IOMUX3,13,97646,128,mux,IOTILE
10,0,CFG_IOMUX3,14,99153,4,mux,IOTILE
10,0,CFG_IOMUX3,15,99037,4,mux,IOTILE
10,0,CFG_IOMUX3,16,99153,2,mux,IOTILE
10,0,CFG_IOMUX3,17,99037,2,mux,IOTILE
10,0,CFG_IOMUX3,18,99153,1,mux,IOTILE
10,0,CFG_IOMUX3,19,99037,1,mux,IOTILE
10,0,CFG_IOMUX3,20,99038,128,mux,IOTILE
10,0,CFG_IOMUX3,21,98921,4,mux,IOTILE
10,0,CFG_IOMUX3,22,98805,4,mux,IOTILE
10,0,CFG_IOMUX3,23,98921,2,mux,IOTILE
10,0,CFG_IOMUX3,24,98805,2,mux,IOTILE
10,0,CFG_IOMUX3,25,98921,1,mux,IOTILE
10,0,CFG_IOMUX3,26,98805,1,mux,IOTILE
10,0,CFG_IOMUX3,27,98806,128,mux,IOTILE
10,0,CFG_IOMUX3,28,97993,4,mux,IOTILE
10,0,CFG_IOMUX3,29,97877,4,mux,IOTILE
10,0,CFG_IOMUX3,30,97993,2,mux,IOTILE
10,0,CFG_IOMUX3,31,97877,2,mux,IOTILE
10,0,CFG_IOMUX3,32,97993,1,mux,IOTILE
10,0,CFG_IOMUX3,33,97877,1,mux,IOTILE
10,0,CFG_IOMUX3,34,97878,128,mux,IOTILE
10,0,CFG_IOMUX3,35,98225,4,mux,IOTILE
10,0,CFG_IOMUX3,36,98109,4,mux,IOTILE
10,0,CFG_IOMUX3,37,98225,2,mux,IOTILE
10,0,CFG_IOMUX3,38,98109,2,mux,IOTILE
10,0,CFG_IOMUX3,39,98225,1,mux,IOTILE
10,0,CFG_IOMUX3,40,98109,1,mux,IOTILE
10,0,CFG_IOMUX3,41,98110,128,mux,IOTILE
10,0,CFG_OE_ASYNC_MODE,0,99153,16,ioreg,IOTILE
10,0,CFG_OE_ASYNC_MODE,1,99152,1,ioreg,IOTILE
10,0,CFG_OE_ASYNC_MODE,2,97877,16,ioreg,IOTILE
10,0,CFG_OE_ASYNC_MODE,3,97876,1,ioreg,IOTILE
10,0,CFG_OE_POWERUP,0,99037,8,ioreg,IOTILE
10,0,CFG_OE_POWERUP,1,99036,2,ioreg,IOTILE
10,0,CFG_OE_POWERUP,2,97993,8,ioreg,IOTILE
10,0,CFG_OE_POWERUP,3,97992,2,ioreg,IOTILE
10,0,CFG_OE_REG_MODE,0,99269,16,ioreg,IOTILE
10,0,CFG_OE_REG_MODE,1,99268,1,ioreg,IOTILE
10,0,CFG_OE_REG_MODE,2,97761,16,ioreg,IOTILE
10,0,CFG_OE_REG_MODE,3,97760,1,ioreg,IOTILE
10,0,CFG_OE_SYNC_MODE,0,99153,8,ioreg,IOTILE
10,0,CFG_OE_SYNC_MODE,1,99152,2,ioreg,IOTILE
10,0,CFG_OE_SYNC_MODE,2,97877,8,ioreg,IOTILE
10,0,CFG_OE_SYNC_MODE,3,97876,2,ioreg,IOTILE
10,0,CFG_OUTDELAY,0,99851,128,delay,IOTILE
10,0,CFG_OUTDELAY,1,99735,128,delay,IOTILE
10,0,CFG_OUTDELAY,2,99849,4,delay,IOTILE
10,0,CFG_OUTDELAY,3,99733,4,delay,IOTILE
10,0,CFG_OUT_ASYNC_MODE,0,99385,16,ioreg,IOTILE
10,0,CFG_OUT_ASYNC_MODE,1,99384,1,ioreg,IOTILE
10,0,CFG_OUT_ASYNC_MODE,2,97645,16,ioreg,IOTILE
10,0,CFG_OUT_ASYNC_MODE,3,97644,1,ioreg,IOTILE
10,0,CFG_OUT_POWERUP,0,99269,8,ioreg,IOTILE
10,0,CFG_OUT_POWERUP,1,99268,2,ioreg,IOTILE
10,0,CFG_OUT_POWERUP,2,97761,8,ioreg,IOTILE
10,0,CFG_OUT_POWERUP,3,97760,2,ioreg,IOTILE
10,0,CFG_OUT_REG_MODE,0,99037,16,ioreg,IOTILE
10,0,CFG_OUT_REG_MODE,1,99036,1,ioreg,IOTILE
10,0,CFG_OUT_REG_MODE,2,97993,16,ioreg,IOTILE
10,0,CFG_OUT_REG_MODE,3,97992,1,ioreg,IOTILE
10,0,CFG_OUT_SYNC_MODE,0,99385,8,ioreg,IOTILE
10,0,CFG_OUT_SYNC_MODE,1,99384,2,ioreg,IOTILE
10,0,CFG_OUT_SYNC_MODE,2,97645,8,ioreg,IOTILE
10,0,CFG_OUT_SYNC_MODE,3,97644,2,ioreg,IOTILE
10,5,CFG_INPUTMUX,0,64264,64,mux,UFMTILE
10,5,CFG_INPUTMUX,1,64496,64,mux,UFMTILE
10,5,CFG_INPUTMUX,2,64728,64,mux,UFMTILE
10,5,CFG_INPUTMUX,3,65192,64,mux,UFMTILE
10,5,CFG_INPUTMUX,4,65424,64,mux,UFMTILE
10,5,CFG_INPUTMUX,5,65656,64,mux,UFMTILE
10,5,CFG_INPUTMUX,6,64263,1,mux,UFMTILE
10,5,CFG_INPUTMUX,7,64495,1,mux,UFMTILE
10,5,CFG_INPUTMUX,8,64727,1,mux,UFMTILE
10,5,CFG_INPUTMUX,9,65191,1,mux,UFMTILE
10,5,CFG_INPUTMUX,10,65423,1,mux,UFMTILE
10,5,CFG_INPUTMUX,11,65655,1,mux,UFMTILE
11,0,CFG_INDA_DELAY,0,99847,2,delay,IOTILE
11,0,CFG_INDA_DELAY,1,99847,1,delay,IOTILE
11,0,CFG_INDA_DELAY,2,99848,128,delay,IOTILE
11,0,CFG_INDA_DELAY,3,99731,2,delay,IOTILE
11,0,CFG_INDA_DELAY,4,99731,1,delay,IOTILE
11,0,CFG_INDA_DELAY,5,99732,128,delay,IOTILE
11,0,CFG_INDA_DELAY,6,99845,2,delay,IOTILE
11,0,CFG_INDA_DELAY,7,99845,1,delay,IOTILE
11,0,CFG_INDA_DELAY,8,99846,128,delay,IOTILE
11,0,CFG_INDA_DELAY,9,99729,2,delay,IOTILE
11,0,CFG_INDA_DELAY,10,99729,1,delay,IOTILE
11,0,CFG_INDA_DELAY,11,99730,128,delay,IOTILE
11,0,CFG_INPUTMUX0,0,99845,128,mux,IOTILE
11,0,CFG_INPUTMUX0,1,99729,128,mux,IOTILE
11,0,CFG_INPUTMUX1,0,99844,32,mux,IOTILE
11,0,CFG_INPUTMUX1,1,99844,16,mux,IOTILE
11,0,CFG_INPUTMUX2,0,99728,1,mux,IOTILE
11,0,CFG_INPUTMUX2,1,99844,1,mux,IOTILE
11,0,CFG_INPUTMUX3,0,99728,32,mux,IOTILE
11,0,CFG_INPUTMUX3,1,99728,16,mux,IOTILE
11,0,CFG_INREG_DELAY,0,99847,8,delay,IOTILE
11,0,CFG_INREG_DELAY,1,99847,16,delay,IOTILE
11,0,CFG_INREG_DELAY,2,99847,32,delay,IOTILE
11,0,CFG_INREG_DELAY,3,99731,8,delay,IOTILE
11,0,CFG_INREG_DELAY,4,99731,16,delay,IOTILE
11,0,CFG_INREG_DELAY,5,99731,32,delay,IOTILE
11,0,CFG_INREG_DELAY,6,99845,16,delay,IOTILE
11,0,CFG_INREG_DELAY,7,99845,8,delay,IOTILE
11,0,CFG_INREG_DELAY,8,99845,32,delay,IOTILE
11,0,CFG_INREG_DELAY,9,99729,32,delay,IOTILE
11,0,CFG_INREG_DELAY,10,99729,16,delay,IOTILE
11,0,CFG_INREG_DELAY,11,99729,8,delay,IOTILE
11,0,CFG_IN_ASYNC_MODE,0,99612,1,ioreg,IOTILE
11,0,CFG_IN_ASYNC_MODE,1,99612,16,ioreg,IOTILE
11,0,CFG_IN_ASYNC_MODE,2,97408,1,ioreg,IOTILE
11,0,CFG_IN_ASYNC_MODE,3,97408,16,ioreg,IOTILE
11,0,CFG_IN_POWERUP,0,99497,128,ioreg,IOTILE
11,0,CFG_IN_POWERUP,1,99496,32,ioreg,IOTILE
11,0,CFG_IN_POWERUP,2,97525,128,ioreg,IOTILE
11,0,CFG_IN_POWERUP,3,97524,32,ioreg,IOTILE
11,0,CFG_IN_SYNC_MODE,0,99613,128,ioreg,IOTILE
11,0,CFG_IN_SYNC_MODE,1,99612,32,ioreg,IOTILE
11,0,CFG_IN_SYNC_MODE,2,97409,128,ioreg,IOTILE
11,0,CFG_IN_SYNC_MODE,3,97408,32,ioreg,IOTILE
11,0,CFG_IOMUX0,0,99614,64,mux,IOTILE
11,0,CFG_IOMUX0,1,99498,64,mux,IOTILE
11,0,CFG_IOMUX0,2,99614,32,mux,IOTILE
11,0,CFG_IOMUX0,3,99498,32,mux,IOTILE
11,0,CFG_IOMUX0,4,99614,16,mux,IOTILE
11,0,CFG_IOMUX0,5,99498,16,mux,IOTILE
11,0,CFG_IOMUX0,6,99498,8,mux,IOTILE
11,0,CFG_IOMUX0,7,99382,64,mux,IOTILE
11,0,CFG_IOMUX0,8,99266,64,mux,IOTILE
11,0,CFG_IOMUX0,9,99382,32,mux,IOTILE
11,0,CFG_IOMUX0,10,99266,32,mux,IOTILE
11,0,CFG_IOMUX0,11,99382,16,mux,IOTILE
11,0,CFG_IOMUX0,12,99266,16,mux,IOTILE
11,0,CFG_IOMUX0,13,99266,8,mux,IOTILE
11,0,CFG_IOMUX0,14,97526,64,mux,IOTILE
11,0,CFG_IOMUX0,15,97410,64,mux,IOTILE
11,0,CFG_IOMUX0,16,97526,32,mux,IOTILE
11,0,CFG_IOMUX0,17,97410,32,mux,IOTILE
11,0,CFG_IOMUX0,18,97526,16,mux,IOTILE
11,0,CFG_IOMUX0,19,97410,16,mux,IOTILE
11,0,CFG_IOMUX0,20,97410,8,mux,IOTILE
11,0,CFG_IOMUX0,21,97758,64,mux,IOTILE
11,0,CFG_IOMUX0,22,97642,64,mux,IOTILE
11,0,CFG_IOMUX0,23,97758,32,mux,IOTILE
11,0,CFG_IOMUX0,24,97642,32,mux,IOTILE
11,0,CFG_IOMUX0,25,97758,16,mux,IOTILE
11,0,CFG_IOMUX0,26,97642,16,mux,IOTILE
11,0,CFG_IOMUX0,27,97642,8,mux,IOTILE
11,0,CFG_IOMUX0,28,99150,64,mux,IOTILE
11,0,CFG_IOMUX0,29,99034,64,mux,IOTILE
11,0,CFG_IOMUX0,30,99150,32,mux,IOTILE
11,0,CFG_IOMUX0,31,99034,32,mux,IOTILE
11,0,CFG_IOMUX0,32,99150,16,mux,IOTILE
11,0,CFG_IOMUX0,33,99034,16,mux,IOTILE
11,0,CFG_IOMUX0,34,99034,8,mux,IOTILE
11,0,CFG_IOMUX0,35,98918,64,mux,IOTILE
11,0,CFG_IOMUX0,36,98802,64,mux,IOTILE
11,0,CFG_IOMUX0,37,98918,32,mux,IOTILE
11,0,CFG_IOMUX0,38,98802,32,mux,IOTILE
11,0,CFG_IOMUX0,39,98918,16,mux,IOTILE
11,0,CFG_IOMUX0,40,98802,16,mux,IOTILE
11,0,CFG_IOMUX0,41,98802,8,mux,IOTILE
11,0,CFG_IOMUX1,0,97990,64,mux,IOTILE
11,0,CFG_IOMUX1,1,97874,64,mux,IOTILE
11,0,CFG_IOMUX1,2,97990,32,mux,IOTILE
11,0,CFG_IOMUX1,3,97874,32,mux,IOTILE
11,0,CFG_IOMUX1,4,97990,16,mux,IOTILE
11,0,CFG_IOMUX1,5,97874,16,mux,IOTILE
11,0,CFG_IOMUX1,6,97874,8,mux,IOTILE
11,0,CFG_IOMUX1,7,98222,64,mux,IOTILE
11,0,CFG_IOMUX1,8,98106,64,mux,IOTILE
11,0,CFG_IOMUX1,9,98222,32,mux,IOTILE
11,0,CFG_IOMUX1,10,98106,32,mux,IOTILE
11,0,CFG_IOMUX1,11,98222,16,mux,IOTILE
11,0,CFG_IOMUX1,12,98106,16,mux,IOTILE
11,0,CFG_IOMUX1,13,98106,8,mux,IOTILE
11,0,CFG_IOMUX1,14,99150,128,mux,IOTILE
11,0,CFG_IOMUX1,15,99034,128,mux,IOTILE
11,0,CFG_IOMUX1,16,99149,1,mux,IOTILE
11,0,CFG_IOMUX1,17,99033,1,mux,IOTILE
11,0,CFG_IOMUX1,18,99149,2,mux,IOTILE
11,0,CFG_IOMUX1,19,99033,2,mux,IOTILE
11,0,CFG_IOMUX1,20,99033,4,mux,IOTILE
11,0,CFG_IOMUX1,21,98918,128,mux,IOTILE
11,0,CFG_IOMUX1,22,98802,128,mux,IOTILE
11,0,CFG_IOMUX1,23,98917,1,mux,IOTILE
11,0,CFG_IOMUX1,24,98801,1,mux,IOTILE
11,0,CFG_IOMUX1,25,98917,2,mux,IOTILE
11,0,CFG_IOMUX1,26,98801,2,mux,IOTILE
11,0,CFG_IOMUX1,27,98801,4,mux,IOTILE
11,0,CFG_IOMUX1,28,97990,128,mux,IOTILE
11,0,CFG_IOMUX1,29,97874,128,mux,IOTILE
11,0,CFG_IOMUX1,30,97989,1,mux,IOTILE
11,0,CFG_IOMUX1,31,97873,1,mux,IOTILE
11,0,CFG_IOMUX1,32,97989,2,mux,IOTILE
11,0,CFG_IOMUX1,33,97873,2,mux,IOTILE
11,0,CFG_IOMUX1,34,97873,4,mux,IOTILE
11,0,CFG_IOMUX1,35,98222,128,mux,IOTILE
11,0,CFG_IOMUX1,36,98106,128,mux,IOTILE
11,0,CFG_IOMUX1,37,98221,1,mux,IOTILE
11,0,CFG_IOMUX1,38,98105,1,mux,IOTILE
11,0,CFG_IOMUX1,39,98221,2,mux,IOTILE
11,0,CFG_IOMUX1,40,98105,2,mux,IOTILE
11,0,CFG_IOMUX1,41,98105,4,mux,IOTILE
11,0,CFG_IOMUX2,0,99614,128,mux,IOTILE
11,0,CFG_IOMUX2,1,99498,128,mux,IOTILE
11,0,CFG_IOMUX2,2,99613,1,mux,IOTILE
11,0,CFG_IOMUX2,3,99497,1,mux,IOTILE
11,0,CFG_IOMUX2,4,99613,2,mux,IOTILE
11,0,CFG_IOMUX2,5,99497,2,mux,IOTILE
11,0,CFG_IOMUX2,6,99497,4,mux,IOTILE
11,0,CFG_IOMUX2,7,99382,128,mux,IOTILE
11,0,CFG_IOMUX2,8,99266,128,mux,IOTILE
11,0,CFG_IOMUX2,9,99381,1,mux,IOTILE
11,0,CFG_IOMUX2,10,99265,1,mux,IOTILE
11,0,CFG_IOMUX2,11,99381,2,mux,IOTILE
11,0,CFG_IOMUX2,12,99265,2,mux,IOTILE
11,0,CFG_IOMUX2,13,99265,4,mux,IOTILE
11,0,CFG_IOMUX2,14,97526,128,mux,IOTILE
11,0,CFG_IOMUX2,15,97410,128,mux,IOTILE
11,0,CFG_IOMUX2,16,97525,1,mux,IOTILE
11,0,CFG_IOMUX2,17,97409,1,mux,IOTILE
11,0,CFG_IOMUX2,18,97525,2,mux,IOTILE
11,0,CFG_IOMUX2,19,97409,2,mux,IOTILE
11,0,CFG_IOMUX2,20,97409,4,mux,IOTILE
11,0,CFG_IOMUX2,21,97758,128,mux,IOTILE
11,0,CFG_IOMUX2,22,97642,128,mux,IOTILE
11,0,CFG_IOMUX2,23,97757,1,mux,IOTILE
11,0,CFG_IOMUX2,24,97641,1,mux,IOTILE
11,0,CFG_IOMUX2,25,97757,2,mux,IOTILE
11,0,CFG_IOMUX2,26,97641,2,mux,IOTILE
11,0,CFG_IOMUX2,27,97641,4,mux,IOTILE
11,0,CFG_IOMUX2,28,99613,64,mux,IOTILE
11,0,CFG_IOMUX2,29,99497,64,mux,IOTILE
11,0,CFG_IOMUX2,30,99613,32,mux,IOTILE
11,0,CFG_IOMUX2,31,99497,32,mux,IOTILE
11,0,CFG_IOMUX2,32,99613,16,mux,IOTILE
11,0,CFG_IOMUX2,33,99497,16,mux,IOTILE
11,0,CFG_IOMUX2,34,99497,8,mux,IOTILE
11,0,CFG_IOMUX2,35,99381,64,mux,IOTILE
11,0,CFG_IOMUX2,36,99265,64,mux,IOTILE
11,0,CFG_IOMUX2,37,99381,32,mux,IOTILE
11,0,CFG_IOMUX2,38,99265,32,mux,IOTILE
11,0,CFG_IOMUX2,39,99381,16,mux,IOTILE
11,0,CFG_IOMUX2,40,99265,16,mux,IOTILE
11,0,CFG_IOMUX2,41,99265,8,mux,IOTILE
11,0,CFG_IOMUX3,0,97525,64,mux,IOTILE
11,0,CFG_IOMUX3,1,97409,64,mux,IOTILE
11,0,CFG_IOMUX3,2,97525,32,mux,IOTILE
11,0,CFG_IOMUX3,3,97409,32,mux,IOTILE
11,0,CFG_IOMUX3,4,97525,16,mux,IOTILE
11,0,CFG_IOMUX3,5,97409,16,mux,IOTILE
11,0,CFG_IOMUX3,6,97409,8,mux,IOTILE
11,0,CFG_IOMUX3,7,97757,64,mux,IOTILE
11,0,CFG_IOMUX3,8,97641,64,mux,IOTILE
11,0,CFG_IOMUX3,9,97757,32,mux,IOTILE
11,0,CFG_IOMUX3,10,97641,32,mux,IOTILE
11,0,CFG_IOMUX3,11,97757,16,mux,IOTILE
11,0,CFG_IOMUX3,12,97641,16,mux,IOTILE
11,0,CFG_IOMUX3,13,97641,8,mux,IOTILE
11,0,CFG_IOMUX3,14,99149,64,mux,IOTILE
11,0,CFG_IOMUX3,15,99033,64,mux,IOTILE
11,0,CFG_IOMUX3,16,99149,32,mux,IOTILE
11,0,CFG_IOMUX3,17,99033,32,mux,IOTILE
11,0,CFG_IOMUX3,18,99149,16,mux,IOTILE
11,0,CFG_IOMUX3,19,99033,16,mux,IOTILE
11,0,CFG_IOMUX3,20,99033,8,mux,IOTILE
11,0,CFG_IOMUX3,21,98917,64,mux,IOTILE
11,0,CFG_IOMUX3,22,98801,64,mux,IOTILE
11,0,CFG_IOMUX3,23,98917,32,mux,IOTILE
11,0,CFG_IOMUX3,24,98801,32,mux,IOTILE
11,0,CFG_IOMUX3,25,98917,16,mux,IOTILE
11,0,CFG_IOMUX3,26,98801,16,mux,IOTILE
11,0,CFG_IOMUX3,27,98801,8,mux,IOTILE
11,0,CFG_IOMUX3,28,97989,64,mux,IOTILE
11,0,CFG_IOMUX3,29,97873,64,mux,IOTILE
11,0,CFG_IOMUX3,30,97989,32,mux,IOTILE
11,0,CFG_IOMUX3,31,97873,32,mux,IOTILE
11,0,CFG_IOMUX3,32,97989,16,mux,IOTILE
11,0,CFG_IOMUX3,33,97873,16,mux,IOTILE
11,0,CFG_IOMUX3,34,97873,8,mux,IOTILE
11,0,CFG_IOMUX3,35,98221,64,mux,IOTILE
11,0,CFG_IOMUX3,36,98105,64,mux,IOTILE
11,0,CFG_IOMUX3,37,98221,32,mux,IOTILE
11,0,CFG_IOMUX3,38,98105,32,mux,IOTILE
11,0,CFG_IOMUX3,39,98221,16,mux,IOTILE
11,0,CFG_IOMUX3,40,98105,16,mux,IOTILE
11,0,CFG_IOMUX3,41,98105,8,mux,IOTILE
11,0,CFG_OE_ASYNC_MODE,0,99148,1,ioreg,IOTILE
11,0,CFG_OE_ASYNC_MODE,1,99148,16,ioreg,IOTILE
11,0,CFG_OE_ASYNC_MODE,2,97872,1,ioreg,IOTILE
11,0,CFG_OE_ASYNC_MODE,3,97872,16,ioreg,IOTILE
11,0,CFG_OE_POWERUP,0,99033,128,ioreg,IOTILE
11,0,CFG_OE_POWERUP,1,99032,32,ioreg,IOTILE
11,0,CFG_OE_POWERUP,2,97989,128,ioreg,IOTILE
11,0,CFG_OE_POWERUP,3,97988,32,ioreg,IOTILE
11,0,CFG_OE_REG_MODE,0,99264,1,ioreg,IOTILE
11,0,CFG_OE_REG_MODE,1,99264,16,ioreg,IOTILE
11,0,CFG_OE_REG_MODE,2,97756,1,ioreg,IOTILE
11,0,CFG_OE_REG_MODE,3,97756,16,ioreg,IOTILE
11,0,CFG_OE_SYNC_MODE,0,99149,128,ioreg,IOTILE
11,0,CFG_OE_SYNC_MODE,1,99148,32,ioreg,IOTILE
11,0,CFG_OE_SYNC_MODE,2,97873,128,ioreg,IOTILE
11,0,CFG_OE_SYNC_MODE,3,97872,32,ioreg,IOTILE
11,0,CFG_OUTDELAY,0,99846,8,delay,IOTILE
11,0,CFG_OUTDELAY,1,99730,8,delay,IOTILE
11,0,CFG_OUTDELAY,2,99845,64,delay,IOTILE
11,0,CFG_OUTDELAY,3,99729,64,delay,IOTILE
11,0,CFG_OUT_ASYNC_MODE,0,99380,1,ioreg,IOTILE
11,0,CFG_OUT_ASYNC_MODE,1,99380,16,ioreg,IOTILE
11,0,CFG_OUT_ASYNC_MODE,2,97640,1,ioreg,IOTILE
11,0,CFG_OUT_ASYNC_MODE,3,97640,16,ioreg,IOTILE
11,0,CFG_OUT_POWERUP,0,99265,128,ioreg,IOTILE
11,0,CFG_OUT_POWERUP,1,99264,32,ioreg,IOTILE
11,0,CFG_OUT_POWERUP,2,97757,128,ioreg,IOTILE
11,0,CFG_OUT_POWERUP,3,97756,32,ioreg,IOTILE
11,0,CFG_OUT_REG_MODE,0,99032,1,ioreg,IOTILE
11,0,CFG_OUT_REG_MODE,1,99032,16,ioreg,IOTILE
11,0,CFG_OUT_REG_MODE,2,97988,1,ioreg,IOTILE
11,0,CFG_OUT_REG_MODE,3,97988,16,ioreg,IOTILE
11,0,CFG_OUT_SYNC_MODE,0,99381,128,ioreg,IOTILE
11,0,CFG_OUT_SYNC_MODE,1,99380,32,ioreg,IOTILE
11,0,CFG_OUT_SYNC_MODE,2,97641,128,ioreg,IOTILE
11,0,CFG_OUT_SYNC_MODE,3,97640,32,ioreg,IOTILE
11,5,CFG_INPUTMUX,0,64259,4,mux,UFMTILE
11,5,CFG_INPUTMUX,1,64491,4,mux,UFMTILE
11,5,CFG_INPUTMUX,2,64723,4,mux,UFMTILE
11,5,CFG_INPUTMUX,3,65187,4,mux,UFMTILE
11,5,CFG_INPUTMUX,4,65419,4,mux,UFMTILE
11,5,CFG_INPUTMUX,5,65651,4,mux,UFMTILE
11,5,CFG_INPUTMUX,6,64259,16,mux,UFMTILE
11,5,CFG_INPUTMUX,7,64491,16,mux,UFMTILE
11,5,CFG_INPUTMUX,8,64723,16,mux,UFMTILE
11,5,CFG_INPUTMUX,9,65187,16,mux,UFMTILE
11,5,CFG_INPUTMUX,10,65419,16,mux,UFMTILE
11,5,CFG_INPUTMUX,11,65651,16,mux,UFMTILE
12,0,CFG_INDA_DELAY,0,99843,32,delay,IOTILE
12,0,CFG_INDA_DELAY,1,99843,16,delay,IOTILE
12,0,CFG_INDA_DELAY,2,99843,8,delay,IOTILE
12,0,CFG_INDA_DELAY,3,99727,32,delay,IOTILE
12,0,CFG_INDA_DELAY,4,99727,16,delay,IOTILE
12,0,CFG_INDA_DELAY,5,99727,8,delay,IOTILE
12,0,CFG_INDA_DELAY,6,99841,32,delay,IOTILE
12,0,CFG_INDA_DELAY,7,99841,16,delay,IOTILE
12,0,CFG_INDA_DELAY,8,99841,8,delay,IOTILE
12,0,CFG_INDA_DELAY,9,99725,32,delay,IOTILE
12,0,CFG_INDA_DELAY,10,99725,16,delay,IOTILE
12,0,CFG_INDA_DELAY,11,99725,8,delay,IOTILE
12,0,CFG_INPUTMUX0,0,99840,8,mux,IOTILE
12,0,CFG_INPUTMUX0,1,99724,8,mux,IOTILE
12,0,CFG_INPUTMUX1,0,99839,2,mux,IOTILE
12,0,CFG_INPUTMUX1,1,99839,1,mux,IOTILE
12,0,CFG_INPUTMUX2,0,99724,16,mux,IOTILE
12,0,CFG_INPUTMUX2,1,99840,16,mux,IOTILE
12,0,CFG_INPUTMUX3,0,99723,2,mux,IOTILE
12,0,CFG_INPUTMUX3,1,99723,1,mux,IOTILE
12,0,CFG_INREG_DELAY,0,99843,128,delay,IOTILE
12,0,CFG_INREG_DELAY,1,99842,1,delay,IOTILE
12,0,CFG_INREG_DELAY,2,99842,2,delay,IOTILE
12,0,CFG_INREG_DELAY,3,99727,128,delay,IOTILE
12,0,CFG_INREG_DELAY,4,99726,1,delay,IOTILE
12,0,CFG_INREG_DELAY,5,99726,2,delay,IOTILE
12,0,CFG_INREG_DELAY,6,99840,1,delay,IOTILE
12,0,CFG_INREG_DELAY,7,99841,128,delay,IOTILE
12,0,CFG_INREG_DELAY,8,99840,2,delay,IOTILE
12,0,CFG_INREG_DELAY,9,99724,2,delay,IOTILE
12,0,CFG_INREG_DELAY,10,99724,1,delay,IOTILE
12,0,CFG_INREG_DELAY,11,99725,128,delay,IOTILE
12,0,CFG_IN_ASYNC_MODE,0,99608,16,ioreg,IOTILE
12,0,CFG_IN_ASYNC_MODE,1,99607,1,ioreg,IOTILE
12,0,CFG_IN_ASYNC_MODE,2,97404,16,ioreg,IOTILE
12,0,CFG_IN_ASYNC_MODE,3,97403,1,ioreg,IOTILE
12,0,CFG_IN_POWERUP,0,99492,8,ioreg,IOTILE
12,0,CFG_IN_POWERUP,1,99491,2,ioreg,IOTILE
12,0,CFG_IN_POWERUP,2,97520,8,ioreg,IOTILE
12,0,CFG_IN_POWERUP,3,97519,2,ioreg,IOTILE
12,0,CFG_IN_SYNC_MODE,0,99608,8,ioreg,IOTILE
12,0,CFG_IN_SYNC_MODE,1,99607,2,ioreg,IOTILE
12,0,CFG_IN_SYNC_MODE,2,97404,8,ioreg,IOTILE
12,0,CFG_IN_SYNC_MODE,3,97403,2,ioreg,IOTILE
12,0,CFG_IOMUX0,0,99609,4,mux,IOTILE
12,0,CFG_IOMUX0,1,99493,4,mux,IOTILE
12,0,CFG_IOMUX0,2,99609,2,mux,IOTILE
12,0,CFG_IOMUX0,3,99493,2,mux,IOTILE
12,0,CFG_IOMUX0,4,99609,1,mux,IOTILE
12,0,CFG_IOMUX0,5,99493,1,mux,IOTILE
12,0,CFG_IOMUX0,6,99494,128,mux,IOTILE
12,0,CFG_IOMUX0,7,99377,4,mux,IOTILE
12,0,CFG_IOMUX0,8,99261,4,mux,IOTILE
12,0,CFG_IOMUX0,9,99377,2,mux,IOTILE
12,0,CFG_IOMUX0,10,99261,2,mux,IOTILE
12,0,CFG_IOMUX0,11,99377,1,mux,IOTILE
12,0,CFG_IOMUX0,12,99261,1,mux,IOTILE
12,0,CFG_IOMUX0,13,99262,128,mux,IOTILE
12,0,CFG_IOMUX0,14,97521,4,mux,IOTILE
12,0,CFG_IOMUX0,15,97405,4,mux,IOTILE
12,0,CFG_IOMUX0,16,97521,2,mux,IOTILE
12,0,CFG_IOMUX0,17,97405,2,mux,IOTILE
12,0,CFG_IOMUX0,18,97521,1,mux,IOTILE
12,0,CFG_IOMUX0,19,97405,1,mux,IOTILE
12,0,CFG_IOMUX0,20,97406,128,mux,IOTILE
12,0,CFG_IOMUX0,21,97753,4,mux,IOTILE
12,0,CFG_IOMUX0,22,97637,4,mux,IOTILE
12,0,CFG_IOMUX0,23,97753,2,mux,IOTILE
12,0,CFG_IOMUX0,24,97637,2,mux,IOTILE
12,0,CFG_IOMUX0,25,97753,1,mux,IOTILE
12,0,CFG_IOMUX0,26,97637,1,mux,IOTILE
12,0,CFG_IOMUX0,27,97638,128,mux,IOTILE
12,0,CFG_IOMUX0,28,99145,4,mux,IOTILE
12,0,CFG_IOMUX0,29,99029,4,mux,IOTILE
12,0,CFG_IOMUX0,30,99145,2,mux,IOTILE
12,0,CFG_IOMUX0,31,99029,2,mux,IOTILE
12,0,CFG_IOMUX0,32,99145,1,mux,IOTILE
12,0,CFG_IOMUX0,33,99029,1,mux,IOTILE
12,0,CFG_IOMUX0,34,99030,128,mux,IOTILE
12,0,CFG_IOMUX0,35,98913,4,mux,IOTILE
12,0,CFG_IOMUX0,36,98797,4,mux,IOTILE
12,0,CFG_IOMUX0,37,98913,2,mux,IOTILE
12,0,CFG_IOMUX0,38,98797,2,mux,IOTILE
12,0,CFG_IOMUX0,39,98913,1,mux,IOTILE
12,0,CFG_IOMUX0,40,98797,1,mux,IOTILE
12,0,CFG_IOMUX0,41,98798,128,mux,IOTILE
12,0,CFG_IOMUX1,0,97985,4,mux,IOTILE
12,0,CFG_IOMUX1,1,97869,4,mux,IOTILE
12,0,CFG_IOMUX1,2,97985,2,mux,IOTILE
12,0,CFG_IOMUX1,3,97869,2,mux,IOTILE
12,0,CFG_IOMUX1,4,97985,1,mux,IOTILE
12,0,CFG_IOMUX1,5,97869,1,mux,IOTILE
12,0,CFG_IOMUX1,6,97870,128,mux,IOTILE
12,0,CFG_IOMUX1,7,98217,4,mux,IOTILE
12,0,CFG_IOMUX1,8,98101,4,mux,IOTILE
12,0,CFG_IOMUX1,9,98217,2,mux,IOTILE
12,0,CFG_IOMUX1,10,98101,2,mux,IOTILE
12,0,CFG_IOMUX1,11,98217,1,mux,IOTILE
12,0,CFG_IOMUX1,12,98101,1,mux,IOTILE
12,0,CFG_IOMUX1,13,98102,128,mux,IOTILE
12,0,CFG_IOMUX1,14,99145,8,mux,IOTILE
12,0,CFG_IOMUX1,15,99029,8,mux,IOTILE
12,0,CFG_IOMUX1,16,99145,16,mux,IOTILE
12,0,CFG_IOMUX1,17,99029,16,mux,IOTILE
12,0,CFG_IOMUX1,18,99145,32,mux,IOTILE
12,0,CFG_IOMUX1,19,99029,32,mux,IOTILE
12,0,CFG_IOMUX1,20,99029,64,mux,IOTILE
12,0,CFG_IOMUX1,21,98913,8,mux,IOTILE
12,0,CFG_IOMUX1,22,98797,8,mux,IOTILE
12,0,CFG_IOMUX1,23,98913,16,mux,IOTILE
12,0,CFG_IOMUX1,24,98797,16,mux,IOTILE
12,0,CFG_IOMUX1,25,98913,32,mux,IOTILE
12,0,CFG_IOMUX1,26,98797,32,mux,IOTILE
12,0,CFG_IOMUX1,27,98797,64,mux,IOTILE
12,0,CFG_IOMUX1,28,97985,8,mux,IOTILE
12,0,CFG_IOMUX1,29,97869,8,mux,IOTILE
12,0,CFG_IOMUX1,30,97985,16,mux,IOTILE
12,0,CFG_IOMUX1,31,97869,16,mux,IOTILE
12,0,CFG_IOMUX1,32,97985,32,mux,IOTILE
12,0,CFG_IOMUX1,33,97869,32,mux,IOTILE
12,0,CFG_IOMUX1,34,97869,64,mux,IOTILE
12,0,CFG_IOMUX1,35,98217,8,mux,IOTILE
12,0,CFG_IOMUX1,36,98101,8,mux,IOTILE
12,0,CFG_IOMUX1,37,98217,16,mux,IOTILE
12,0,CFG_IOMUX1,38,98101,16,mux,IOTILE
12,0,CFG_IOMUX1,39,98217,32,mux,IOTILE
12,0,CFG_IOMUX1,40,98101,32,mux,IOTILE
12,0,CFG_IOMUX1,41,98101,64,mux,IOTILE
12,0,CFG_IOMUX2,0,99609,8,mux,IOTILE
12,0,CFG_IOMUX2,1,99493,8,mux,IOTILE
12,0,CFG_IOMUX2,2,99609,16,mux,IOTILE
12,0,CFG_IOMUX2,3,99493,16,mux,IOTILE
12,0,CFG_IOMUX2,4,99609,32,mux,IOTILE
12,0,CFG_IOMUX2,5,99493,32,mux,IOTILE
12,0,CFG_IOMUX2,6,99493,64,mux,IOTILE
12,0,CFG_IOMUX2,7,99377,8,mux,IOTILE
12,0,CFG_IOMUX2,8,99261,8,mux,IOTILE
12,0,CFG_IOMUX2,9,99377,16,mux,IOTILE
12,0,CFG_IOMUX2,10,99261,16,mux,IOTILE
12,0,CFG_IOMUX2,11,99377,32,mux,IOTILE
12,0,CFG_IOMUX2,12,99261,32,mux,IOTILE
12,0,CFG_IOMUX2,13,99261,64,mux,IOTILE
12,0,CFG_IOMUX2,14,97521,8,mux,IOTILE
12,0,CFG_IOMUX2,15,97405,8,mux,IOTILE
12,0,CFG_IOMUX2,16,97521,16,mux,IOTILE
12,0,CFG_IOMUX2,17,97405,16,mux,IOTILE
12,0,CFG_IOMUX2,18,97521,32,mux,IOTILE
12,0,CFG_IOMUX2,19,97405,32,mux,IOTILE
12,0,CFG_IOMUX2,20,97405,64,mux,IOTILE
12,0,CFG_IOMUX2,21,97753,8,mux,IOTILE
12,0,CFG_IOMUX2,22,97637,8,mux,IOTILE
12,0,CFG_IOMUX2,23,97753,16,mux,IOTILE
12,0,CFG_IOMUX2,24,97637,16,mux,IOTILE
12,0,CFG_IOMUX2,25,97753,32,mux,IOTILE
12,0,CFG_IOMUX2,26,97637,32,mux,IOTILE
12,0,CFG_IOMUX2,27,97637,64,mux,IOTILE
12,0,CFG_IOMUX2,28,99608,4,mux,IOTILE
12,0,CFG_IOMUX2,29,99492,4,mux,IOTILE
12,0,CFG_IOMUX2,30,99608,2,mux,IOTILE
12,0,CFG_IOMUX2,31,99492,2,mux,IOTILE
12,0,CFG_IOMUX2,32,99608,1,mux,IOTILE
12,0,CFG_IOMUX2,33,99492,1,mux,IOTILE
12,0,CFG_IOMUX2,34,99493,128,mux,IOTILE
12,0,CFG_IOMUX2,35,99376,4,mux,IOTILE
12,0,CFG_IOMUX2,36,99260,4,mux,IOTILE
12,0,CFG_IOMUX2,37,99376,2,mux,IOTILE
12,0,CFG_IOMUX2,38,99260,2,mux,IOTILE
12,0,CFG_IOMUX2,39,99376,1,mux,IOTILE
12,0,CFG_IOMUX2,40,99260,1,mux,IOTILE
12,0,CFG_IOMUX2,41,99261,128,mux,IOTILE
12,0,CFG_IOMUX3,0,97520,4,mux,IOTILE
12,0,CFG_IOMUX3,1,97404,4,mux,IOTILE
12,0,CFG_IOMUX3,2,97520,2,mux,IOTILE
12,0,CFG_IOMUX3,3,97404,2,mux,IOTILE
12,0,CFG_IOMUX3,4,97520,1,mux,IOTILE
12,0,CFG_IOMUX3,5,97404,1,mux,IOTILE
12,0,CFG_IOMUX3,6,97405,128,mux,IOTILE
12,0,CFG_IOMUX3,7,97752,4,mux,IOTILE
12,0,CFG_IOMUX3,8,97636,4,mux,IOTILE
12,0,CFG_IOMUX3,9,97752,2,mux,IOTILE
12,0,CFG_IOMUX3,10,97636,2,mux,IOTILE
12,0,CFG_IOMUX3,11,97752,1,mux,IOTILE
12,0,CFG_IOMUX3,12,97636,1,mux,IOTILE
12,0,CFG_IOMUX3,13,97637,128,mux,IOTILE
12,0,CFG_IOMUX3,14,99144,4,mux,IOTILE
12,0,CFG_IOMUX3,15,99028,4,mux,IOTILE
12,0,CFG_IOMUX3,16,99144,2,mux,IOTILE
12,0,CFG_IOMUX3,17,99028,2,mux,IOTILE
12,0,CFG_IOMUX3,18,99144,1,mux,IOTILE
12,0,CFG_IOMUX3,19,99028,1,mux,IOTILE
12,0,CFG_IOMUX3,20,99029,128,mux,IOTILE
12,0,CFG_IOMUX3,21,98912,4,mux,IOTILE
12,0,CFG_IOMUX3,22,98796,4,mux,IOTILE
12,0,CFG_IOMUX3,23,98912,2,mux,IOTILE
12,0,CFG_IOMUX3,24,98796,2,mux,IOTILE
12,0,CFG_IOMUX3,25,98912,1,mux,IOTILE
12,0,CFG_IOMUX3,26,98796,1,mux,IOTILE
12,0,CFG_IOMUX3,27,98797,128,mux,IOTILE
12,0,CFG_IOMUX3,28,97984,4,mux,IOTILE
12,0,CFG_IOMUX3,29,97868,4,mux,IOTILE
12,0,CFG_IOMUX3,30,97984,2,mux,IOTILE
12,0,CFG_IOMUX3,31,97868,2,mux,IOTILE
12,0,CFG_IOMUX3,32,97984,1,mux,IOTILE
12,0,CFG_IOMUX3,33,97868,1,mux,IOTILE
12,0,CFG_IOMUX3,34,97869,128,mux,IOTILE
12,0,CFG_IOMUX3,35,98216,4,mux,IOTILE
12,0,CFG_IOMUX3,36,98100,4,mux,IOTILE
12,0,CFG_IOMUX3,37,98216,2,mux,IOTILE
12,0,CFG_IOMUX3,38,98100,2,mux,IOTILE
12,0,CFG_IOMUX3,39,98216,1,mux,IOTILE
12,0,CFG_IOMUX3,40,98100,1,mux,IOTILE
12,0,CFG_IOMUX3,41,98101,128,mux,IOTILE
12,0,CFG_OE_ASYNC_MODE,0,99144,16,ioreg,IOTILE
12,0,CFG_OE_ASYNC_MODE,1,99143,1,ioreg,IOTILE
12,0,CFG_OE_ASYNC_MODE,2,97868,16,ioreg,IOTILE
12,0,CFG_OE_ASYNC_MODE,3,97867,1,ioreg,IOTILE
12,0,CFG_OE_POWERUP,0,99028,8,ioreg,IOTILE
12,0,CFG_OE_POWERUP,1,99027,2,ioreg,IOTILE
12,0,CFG_OE_POWERUP,2,97984,8,ioreg,IOTILE
12,0,CFG_OE_POWERUP,3,97983,2,ioreg,IOTILE
12,0,CFG_OE_REG_MODE,0,99260,16,ioreg,IOTILE
12,0,CFG_OE_REG_MODE,1,99259,1,ioreg,IOTILE
12,0,CFG_OE_REG_MODE,2,97752,16,ioreg,IOTILE
12,0,CFG_OE_REG_MODE,3,97751,1,ioreg,IOTILE
12,0,CFG_OE_SYNC_MODE,0,99144,8,ioreg,IOTILE
12,0,CFG_OE_SYNC_MODE,1,99143,2,ioreg,IOTILE
12,0,CFG_OE_SYNC_MODE,2,97868,8,ioreg,IOTILE
12,0,CFG_OE_SYNC_MODE,3,97867,2,ioreg,IOTILE
12,0,CFG_OUTDELAY,0,99842,128,delay,IOTILE
12,0,CFG_OUTDELAY,1,99726,128,delay,IOTILE
12,0,CFG_OUTDELAY,2,99840,4,delay,IOTILE
12,0,CFG_OUTDELAY,3,99724,4,delay,IOTILE
12,0,CFG_OUT_ASYNC_MODE,0,99376,16,ioreg,IOTILE
12,0,CFG_OUT_ASYNC_MODE,1,99375,1,ioreg,IOTILE
12,0,CFG_OUT_ASYNC_MODE,2,97636,16,ioreg,IOTILE
12,0,CFG_OUT_ASYNC_MODE,3,97635,1,ioreg,IOTILE
12,0,CFG_OUT_POWERUP,0,99260,8,ioreg,IOTILE
12,0,CFG_OUT_POWERUP,1,99259,2,ioreg,IOTILE
12,0,CFG_OUT_POWERUP,2,97752,8,ioreg,IOTILE
12,0,CFG_OUT_POWERUP,3,97751,2,ioreg,IOTILE
12,0,CFG_OUT_REG_MODE,0,99028,16,ioreg,IOTILE
12,0,CFG_OUT_REG_MODE,1,99027,1,ioreg,IOTILE
12,0,CFG_OUT_REG_MODE,2,97984,16,ioreg,IOTILE
12,0,CFG_OUT_REG_MODE,3,97983,1,ioreg,IOTILE
12,0,CFG_OUT_SYNC_MODE,0,99376,8,ioreg,IOTILE
12,0,CFG_OUT_SYNC_MODE,1,99375,2,ioreg,IOTILE
12,0,CFG_OUT_SYNC_MODE,2,97636,8,ioreg,IOTILE
12,0,CFG_OUT_SYNC_MODE,3,97635,2,ioreg,IOTILE
12,5,CFG_INPUTMUX,0,64255,64,mux,UFMTILE
12,5,CFG_INPUTMUX,1,64487,64,mux,UFMTILE
12,5,CFG_INPUTMUX,2,64719,64,mux,UFMTILE
12,5,CFG_INPUTMUX,3,65183,64,mux,UFMTILE
12,5,CFG_INPUTMUX,4,65415,64,mux,UFMTILE
12,5,CFG_INPUTMUX,5,65647,64,mux,UFMTILE
12,5,CFG_INPUTMUX,6,64254,1,mux,UFMTILE
12,5,CFG_INPUTMUX,7,64486,1,mux,UFMTILE
12,5,CFG_INPUTMUX,8,64718,1,mux,UFMTILE
12,5,CFG_INPUTMUX,9,65182,1,mux,UFMTILE
12,5,CFG_INPUTMUX,10,65414,1,mux,UFMTILE
12,5,CFG_INPUTMUX,11,65646,1,mux,UFMTILE
13,5,CFG_INPUTMUX,0,57968,1,mux,UFMTILE
13,5,CFG_INPUTMUX,1,58084,1,mux,UFMTILE
13,5,CFG_INPUTMUX,2,58200,1,mux,UFMTILE
13,5,CFG_INPUTMUX,3,58316,1,mux,UFMTILE
13,5,CFG_INPUTMUX,4,58432,1,mux,UFMTILE
13,5,CFG_INPUTMUX,5,58548,1,mux,UFMTILE
13,5,CFG_INPUTMUX,6,58664,1,mux,UFMTILE
13,5,CFG_INPUTMUX,7,58780,1,mux,UFMTILE
13,5,CFG_INPUTMUX,8,58896,1,mux,UFMTILE
13,5,CFG_INPUTMUX,9,59012,1,mux,UFMTILE
13,5,CFG_INPUTMUX,10,59128,1,mux,UFMTILE
13,5,CFG_INPUTMUX,11,59244,1,mux,UFMTILE
13,6,CFG_INPUTMUX,0,50080,1,mux,UFMTILE
13,6,CFG_INPUTMUX,1,50196,1,mux,UFMTILE
13,6,CFG_INPUTMUX,2,50312,1,mux,UFMTILE
13,6,CFG_INPUTMUX,3,50428,1,mux,UFMTILE
13,6,CFG_INPUTMUX,4,50544,1,mux,UFMTILE
13,6,CFG_INPUTMUX,5,50660,1,mux,UFMTILE
13,6,CFG_INPUTMUX,6,50776,1,mux,UFMTILE
13,6,CFG_INPUTMUX,7,50892,1,mux,UFMTILE
13,6,CFG_INPUTMUX,8,51008,1,mux,UFMTILE
13,6,CFG_INPUTMUX,9,51124,1,mux,UFMTILE
13,6,CFG_INPUTMUX,10,51240,1,mux,UFMTILE
13,6,CFG_INPUTMUX,11,51356,1,mux,UFMTILE
13,7,CFG_INPUTMUX,0,42192,1,mux,UFMTILE
13,7,CFG_INPUTMUX,1,42308,1,mux,UFMTILE
13,7,CFG_INPUTMUX,2,42424,1,mux,UFMTILE
13,7,CFG_INPUTMUX,3,42540,1,mux,UFMTILE
13,7,CFG_INPUTMUX,4,42656,1,mux,UFMTILE
13,7,CFG_INPUTMUX,5,42772,1,mux,UFMTILE
13,7,CFG_INPUTMUX,6,42888,1,mux,UFMTILE
13,7,CFG_INPUTMUX,7,43004,1,mux,UFMTILE
13,7,CFG_INPUTMUX,8,43120,1,mux,UFMTILE
13,7,CFG_INPUTMUX,9,43236,1,mux,UFMTILE
13,7,CFG_INPUTMUX,10,43352,1,mux,UFMTILE
13,7,CFG_INPUTMUX,11,43468,1,mux,UFMTILE
13,8,CFG_INPUTMUX,0,34304,1,mux,UFMTILE
13,8,CFG_INPUTMUX,1,34420,1,mux,UFMTILE
13,8,CFG_INPUTMUX,2,34536,1,mux,UFMTILE
13,8,CFG_INPUTMUX,3,34652,1,mux,UFMTILE
13,8,CFG_INPUTMUX,4,34768,1,mux,UFMTILE
13,8,CFG_INPUTMUX,5,34884,1,mux,UFMTILE
13,8,CFG_INPUTMUX,6,35000,1,mux,UFMTILE
13,8,CFG_INPUTMUX,7,35116,1,mux,UFMTILE
13,8,CFG_INPUTMUX,8,35232,1,mux,UFMTILE
13,8,CFG_INPUTMUX,9,35348,1,mux,UFMTILE
13,8,CFG_INPUTMUX,10,35464,1,mux,UFMTILE
13,8,CFG_INPUTMUX,11,35580,1,mux,UFMTILE
13,9,CFG_INPUTMUX,0,26416,1,mux,UFMTILE
13,9,CFG_INPUTMUX,1,26532,1,mux,UFMTILE
13,9,CFG_INPUTMUX,2,26648,1,mux,UFMTILE
13,9,CFG_INPUTMUX,3,26764,1,mux,UFMTILE
13,9,CFG_INPUTMUX,4,26880,1,mux,UFMTILE
13,9,CFG_INPUTMUX,5,26996,1,mux,UFMTILE
13,9,CFG_INPUTMUX,6,27112,1,mux,UFMTILE
13,9,CFG_INPUTMUX,7,27228,1,mux,UFMTILE
13,9,CFG_INPUTMUX,8,27344,1,mux,UFMTILE
13,9,CFG_INPUTMUX,9,27460,1,mux,UFMTILE
13,9,CFG_INPUTMUX,10,27576,1,mux,UFMTILE
13,9,CFG_INPUTMUX,11,27692,1,mux,UFMTILE
13,10,CFG_INPUTMUX,0,18528,1,mux,UFMTILE
13,10,CFG_INPUTMUX,1,18644,1,mux,UFMTILE
13,10,CFG_INPUTMUX,2,18760,1,mux,UFMTILE
13,10,CFG_INPUTMUX,3,18876,1,mux,UFMTILE
13,10,CFG_INPUTMUX,4,18992,1,mux,UFMTILE
13,10,CFG_INPUTMUX,5,19108,1,mux,UFMTILE
13,10,CFG_INPUTMUX,6,19224,1,mux,UFMTILE
13,10,CFG_INPUTMUX,7,19340,1,mux,UFMTILE
13,10,CFG_INPUTMUX,8,19456,1,mux,UFMTILE
13,10,CFG_INPUTMUX,9,19572,1,mux,UFMTILE
13,10,CFG_INPUTMUX,10,19688,1,mux,UFMTILE
13,10,CFG_INPUTMUX,11,19804,1,mux,UFMTILE
13,11,CFG_INPUTMUX,0,10640,1,mux,UFMTILE
13,11,CFG_INPUTMUX,1,10756,1,mux,UFMTILE
13,11,CFG_INPUTMUX,2,10872,1,mux,UFMTILE
13,11,CFG_INPUTMUX,3,10988,1,mux,UFMTILE
13,11,CFG_INPUTMUX,4,11104,1,mux,UFMTILE
13,11,CFG_INPUTMUX,5,11220,1,mux,UFMTILE
13,11,CFG_INPUTMUX,6,11336,1,mux,UFMTILE
13,11,CFG_INPUTMUX,7,11452,1,mux,UFMTILE
13,11,CFG_INPUTMUX,8,11568,1,mux,UFMTILE
13,11,CFG_INPUTMUX,9,11684,1,mux,UFMTILE
13,11,CFG_INPUTMUX,10,11800,1,mux,UFMTILE
13,11,CFG_INPUTMUX,11,11916,1,mux,UFMTILE
13,12,CFG_INPUTMUX,0,2752,1,mux,UFMTILE
13,12,CFG_INPUTMUX,1,2868,1,mux,UFMTILE
13,12,CFG_INPUTMUX,2,2984,1,mux,UFMTILE
13,12,CFG_INPUTMUX,3,3100,1,mux,UFMTILE
13,12,CFG_INPUTMUX,4,3216,1,mux,UFMTILE
13,12,CFG_INPUTMUX,5,3332,1,mux,UFMTILE
13,12,CFG_INPUTMUX,6,3448,1,mux,UFMTILE
13,12,CFG_INPUTMUX,7,3564,1,mux,UFMTILE
13,12,CFG_INPUTMUX,8,3680,1,mux,UFMTILE
13,12,CFG_INPUTMUX,9,3796,1,mux,UFMTILE
13,12,CFG_INPUTMUX,10,3912,1,mux,UFMTILE
13,12,CFG_INPUTMUX,11,4028,1,mux,UFMTILE
14,0,CFG_INDA_DELAY,0,99838,2,delay,IOTILE
14,0,CFG_INDA_DELAY,1,99838,1,delay,IOTILE
14,0,CFG_INDA_DELAY,2,99839,128,delay,IOTILE
14,0,CFG_INDA_DELAY,3,99722,2,delay,IOTILE
14,0,CFG_INDA_DELAY,4,99722,1,delay,IOTILE
14,0,CFG_INDA_DELAY,5,99723,128,delay,IOTILE
14,0,CFG_INDA_DELAY,6,99836,2,delay,IOTILE
14,0,CFG_INDA_DELAY,7,99836,1,delay,IOTILE
14,0,CFG_INDA_DELAY,8,99837,128,delay,IOTILE
14,0,CFG_INDA_DELAY,9,99720,2,delay,IOTILE
14,0,CFG_INDA_DELAY,10,99720,1,delay,IOTILE
14,0,CFG_INDA_DELAY,11,99721,128,delay,IOTILE
14,0,CFG_INPUTMUX0,0,99836,128,mux,IOTILE
14,0,CFG_INPUTMUX0,1,99720,128,mux,IOTILE
14,0,CFG_INPUTMUX1,0,99835,32,mux,IOTILE
14,0,CFG_INPUTMUX1,1,99835,16,mux,IOTILE
14,0,CFG_INPUTMUX2,0,99719,1,mux,IOTILE
14,0,CFG_INPUTMUX2,1,99835,1,mux,IOTILE
14,0,CFG_INPUTMUX3,0,99719,32,mux,IOTILE
14,0,CFG_INPUTMUX3,1,99719,16,mux,IOTILE
14,0,CFG_INREG_DELAY,0,99838,8,delay,IOTILE
14,0,CFG_INREG_DELAY,1,99838,16,delay,IOTILE
14,0,CFG_INREG_DELAY,2,99838,32,delay,IOTILE
14,0,CFG_INREG_DELAY,3,99722,8,delay,IOTILE
14,0,CFG_INREG_DELAY,4,99722,16,delay,IOTILE
14,0,CFG_INREG_DELAY,5,99722,32,delay,IOTILE
14,0,CFG_INREG_DELAY,6,99836,16,delay,IOTILE
14,0,CFG_INREG_DELAY,7,99836,8,delay,IOTILE
14,0,CFG_INREG_DELAY,8,99836,32,delay,IOTILE
14,0,CFG_INREG_DELAY,9,99720,32,delay,IOTILE
14,0,CFG_INREG_DELAY,10,99720,16,delay,IOTILE
14,0,CFG_INREG_DELAY,11,99720,8,delay,IOTILE
14,0,CFG_IN_ASYNC_MODE,0,99603,1,ioreg,IOTILE
14,0,CFG_IN_ASYNC_MODE,1,99603,16,ioreg,IOTILE
14,0,CFG_IN_ASYNC_MODE,2,97399,1,ioreg,IOTILE
14,0,CFG_IN_ASYNC_MODE,3,97399,16,ioreg,IOTILE
14,0,CFG_IN_POWERUP,0,99488,128,ioreg,IOTILE
14,0,CFG_IN_POWERUP,1,99487,32,ioreg,IOTILE
14,0,CFG_IN_POWERUP,2,97516,128,ioreg,IOTILE
14,0,CFG_IN_POWERUP,3,97515,32,ioreg,IOTILE
14,0,CFG_IN_SYNC_MODE,0,99604,128,ioreg,IOTILE
14,0,CFG_IN_SYNC_MODE,1,99603,32,ioreg,IOTILE
14,0,CFG_IN_SYNC_MODE,2,97400,128,ioreg,IOTILE
14,0,CFG_IN_SYNC_MODE,3,97399,32,ioreg,IOTILE
14,0,CFG_IOMUX0,0,99605,64,mux,IOTILE
14,0,CFG_IOMUX0,1,99489,64,mux,IOTILE
14,0,CFG_IOMUX0,2,99605,32,mux,IOTILE
14,0,CFG_IOMUX0,3,99489,32,mux,IOTILE
14,0,CFG_IOMUX0,4,99605,16,mux,IOTILE
14,0,CFG_IOMUX0,5,99489,16,mux,IOTILE
14,0,CFG_IOMUX0,6,99489,8,mux,IOTILE
14,0,CFG_IOMUX0,7,99373,64,mux,IOTILE
14,0,CFG_IOMUX0,8,99257,64,mux,IOTILE
14,0,CFG_IOMUX0,9,99373,32,mux,IOTILE
14,0,CFG_IOMUX0,10,99257,32,mux,IOTILE
14,0,CFG_IOMUX0,11,99373,16,mux,IOTILE
14,0,CFG_IOMUX0,12,99257,16,mux,IOTILE
14,0,CFG_IOMUX0,13,99257,8,mux,IOTILE
14,0,CFG_IOMUX0,14,97517,64,mux,IOTILE
14,0,CFG_IOMUX0,15,97401,64,mux,IOTILE
14,0,CFG_IOMUX0,16,97517,32,mux,IOTILE
14,0,CFG_IOMUX0,17,97401,32,mux,IOTILE
14,0,CFG_IOMUX0,18,97517,16,mux,IOTILE
14,0,CFG_IOMUX0,19,97401,16,mux,IOTILE
14,0,CFG_IOMUX0,20,97401,8,mux,IOTILE
14,0,CFG_IOMUX0,21,97749,64,mux,IOTILE
14,0,CFG_IOMUX0,22,97633,64,mux,IOTILE
14,0,CFG_IOMUX0,23,97749,32,mux,IOTILE
14,0,CFG_IOMUX0,24,97633,32,mux,IOTILE
14,0,CFG_IOMUX0,25,97749,16,mux,IOTILE
14,0,CFG_IOMUX0,26,97633,16,mux,IOTILE
14,0,CFG_IOMUX0,27,97633,8,mux,IOTILE
14,0,CFG_IOMUX0,28,99141,64,mux,IOTILE
14,0,CFG_IOMUX0,29,99025,64,mux,IOTILE
14,0,CFG_IOMUX0,30,99141,32,mux,IOTILE
14,0,CFG_IOMUX0,31,99025,32,mux,IOTILE
14,0,CFG_IOMUX0,32,99141,16,mux,IOTILE
14,0,CFG_IOMUX0,33,99025,16,mux,IOTILE
14,0,CFG_IOMUX0,34,99025,8,mux,IOTILE
14,0,CFG_IOMUX0,35,98909,64,mux,IOTILE
14,0,CFG_IOMUX0,36,98793,64,mux,IOTILE
14,0,CFG_IOMUX0,37,98909,32,mux,IOTILE
14,0,CFG_IOMUX0,38,98793,32,mux,IOTILE
14,0,CFG_IOMUX0,39,98909,16,mux,IOTILE
14,0,CFG_IOMUX0,40,98793,16,mux,IOTILE
14,0,CFG_IOMUX0,41,98793,8,mux,IOTILE
14,0,CFG_IOMUX1,0,97981,64,mux,IOTILE
14,0,CFG_IOMUX1,1,97865,64,mux,IOTILE
14,0,CFG_IOMUX1,2,97981,32,mux,IOTILE
14,0,CFG_IOMUX1,3,97865,32,mux,IOTILE
14,0,CFG_IOMUX1,4,97981,16,mux,IOTILE
14,0,CFG_IOMUX1,5,97865,16,mux,IOTILE
14,0,CFG_IOMUX1,6,97865,8,mux,IOTILE
14,0,CFG_IOMUX1,7,98213,64,mux,IOTILE
14,0,CFG_IOMUX1,8,98097,64,mux,IOTILE
14,0,CFG_IOMUX1,9,98213,32,mux,IOTILE
14,0,CFG_IOMUX1,10,98097,32,mux,IOTILE
14,0,CFG_IOMUX1,11,98213,16,mux,IOTILE
14,0,CFG_IOMUX1,12,98097,16,mux,IOTILE
14,0,CFG_IOMUX1,13,98097,8,mux,IOTILE
14,0,CFG_IOMUX1,14,99141,128,mux,IOTILE
14,0,CFG_IOMUX1,15,99025,128,mux,IOTILE
14,0,CFG_IOMUX1,16,99140,1,mux,IOTILE
14,0,CFG_IOMUX1,17,99024,1,mux,IOTILE
14,0,CFG_IOMUX1,18,99140,2,mux,IOTILE
14,0,CFG_IOMUX1,19,99024,2,mux,IOTILE
14,0,CFG_IOMUX1,20,99024,4,mux,IOTILE
14,0,CFG_IOMUX1,21,98909,128,mux,IOTILE
14,0,CFG_IOMUX1,22,98793,128,mux,IOTILE
14,0,CFG_IOMUX1,23,98908,1,mux,IOTILE
14,0,CFG_IOMUX1,24,98792,1,mux,IOTILE
14,0,CFG_IOMUX1,25,98908,2,mux,IOTILE
14,0,CFG_IOMUX1,26,98792,2,mux,IOTILE
14,0,CFG_IOMUX1,27,98792,4,mux,IOTILE
14,0,CFG_IOMUX1,28,97981,128,mux,IOTILE
14,0,CFG_IOMUX1,29,97865,128,mux,IOTILE
14,0,CFG_IOMUX1,30,97980,1,mux,IOTILE
14,0,CFG_IOMUX1,31,97864,1,mux,IOTILE
14,0,CFG_IOMUX1,32,97980,2,mux,IOTILE
14,0,CFG_IOMUX1,33,97864,2,mux,IOTILE
14,0,CFG_IOMUX1,34,97864,4,mux,IOTILE
14,0,CFG_IOMUX1,35,98213,128,mux,IOTILE
14,0,CFG_IOMUX1,36,98097,128,mux,IOTILE
14,0,CFG_IOMUX1,37,98212,1,mux,IOTILE
14,0,CFG_IOMUX1,38,98096,1,mux,IOTILE
14,0,CFG_IOMUX1,39,98212,2,mux,IOTILE
14,0,CFG_IOMUX1,40,98096,2,mux,IOTILE
14,0,CFG_IOMUX1,41,98096,4,mux,IOTILE
14,0,CFG_IOMUX2,0,99605,128,mux,IOTILE
14,0,CFG_IOMUX2,1,99489,128,mux,IOTILE
14,0,CFG_IOMUX2,2,99604,1,mux,IOTILE
14,0,CFG_IOMUX2,3,99488,1,mux,IOTILE
14,0,CFG_IOMUX2,4,99604,2,mux,IOTILE
14,0,CFG_IOMUX2,5,99488,2,mux,IOTILE
14,0,CFG_IOMUX2,6,99488,4,mux,IOTILE
14,0,CFG_IOMUX2,7,99373,128,mux,IOTILE
14,0,CFG_IOMUX2,8,99257,128,mux,IOTILE
14,0,CFG_IOMUX2,9,99372,1,mux,IOTILE
14,0,CFG_IOMUX2,10,99256,1,mux,IOTILE
14,0,CFG_IOMUX2,11,99372,2,mux,IOTILE
14,0,CFG_IOMUX2,12,99256,2,mux,IOTILE
14,0,CFG_IOMUX2,13,99256,4,mux,IOTILE
14,0,CFG_IOMUX2,14,97517,128,mux,IOTILE
14,0,CFG_IOMUX2,15,97401,128,mux,IOTILE
14,0,CFG_IOMUX2,16,97516,1,mux,IOTILE
14,0,CFG_IOMUX2,17,97400,1,mux,IOTILE
14,0,CFG_IOMUX2,18,97516,2,mux,IOTILE
14,0,CFG_IOMUX2,19,97400,2,mux,IOTILE
14,0,CFG_IOMUX2,20,97400,4,mux,IOTILE
14,0,CFG_IOMUX2,21,97749,128,mux,IOTILE
14,0,CFG_IOMUX2,22,97633,128,mux,IOTILE
14,0,CFG_IOMUX2,23,97748,1,mux,IOTILE
14,0,CFG_IOMUX2,24,97632,1,mux,IOTILE
14,0,CFG_IOMUX2,25,97748,2,mux,IOTILE
14,0,CFG_IOMUX2,26,97632,2,mux,IOTILE
14,0,CFG_IOMUX2,27,97632,4,mux,IOTILE
14,0,CFG_IOMUX2,28,99604,64,mux,IOTILE
14,0,CFG_IOMUX2,29,99488,64,mux,IOTILE
14,0,CFG_IOMUX2,30,99604,32,mux,IOTILE
14,0,CFG_IOMUX2,31,99488,32,mux,IOTILE
14,0,CFG_IOMUX2,32,99604,16,mux,IOTILE
14,0,CFG_IOMUX2,33,99488,16,mux,IOTILE
14,0,CFG_IOMUX2,34,99488,8,mux,IOTILE
14,0,CFG_IOMUX2,35,99372,64,mux,IOTILE
14,0,CFG_IOMUX2,36,99256,64,mux,IOTILE
14,0,CFG_IOMUX2,37,99372,32,mux,IOTILE
14,0,CFG_IOMUX2,38,99256,32,mux,IOTILE
14,0,CFG_IOMUX2,39,99372,16,mux,IOTILE
14,0,CFG_IOMUX2,40,99256,16,mux,IOTILE
14,0,CFG_IOMUX2,41,99256,8,mux,IOTILE
14,0,CFG_IOMUX3,0,97516,64,mux,IOTILE
14,0,CFG_IOMUX3,1,97400,64,mux,IOTILE
14,0,CFG_IOMUX3,2,97516,32,mux,IOTILE
14,0,CFG_IOMUX3,3,97400,32,mux,IOTILE
14,0,CFG_IOMUX3,4,97516,16,mux,IOTILE
14,0,CFG_IOMUX3,5,97400,16,mux,IOTILE
14,0,CFG_IOMUX3,6,97400,8,mux,IOTILE
14,0,CFG_IOMUX3,7,97748,64,mux,IOTILE
14,0,CFG_IOMUX3,8,97632,64,mux,IOTILE
14,0,CFG_IOMUX3,9,97748,32,mux,IOTILE
14,0,CFG_IOMUX3,10,97632,32,mux,IOTILE
14,0,CFG_IOMUX3,11,97748,16,mux,IOTILE
14,0,CFG_IOMUX3,12,97632,16,mux,IOTILE
14,0,CFG_IOMUX3,13,97632,8,mux,IOTILE
14,0,CFG_IOMUX3,14,99140,64,mux,IOTILE
14,0,CFG_IOMUX3,15,99024,64,mux,IOTILE
14,0,CFG_IOMUX3,16,99140,32,mux,IOTILE
14,0,CFG_IOMUX3,17,99024,32,mux,IOTILE
14,0,CFG_IOMUX3,18,99140,16,mux,IOTILE
14,0,CFG_IOMUX3,19,99024,16,mux,IOTILE
14,0,CFG_IOMUX3,20,99024,8,mux,IOTILE
14,0,CFG_IOMUX3,21,98908,64,mux,IOTILE
14,0,CFG_IOMUX3,22,98792,64,mux,IOTILE
14,0,CFG_IOMUX3,23,98908,32,mux,IOTILE
14,0,CFG_IOMUX3,24,98792,32,mux,IOTILE
14,0,CFG_IOMUX3,25,98908,16,mux,IOTILE
14,0,CFG_IOMUX3,26,98792,16,mux,IOTILE
14,0,CFG_IOMUX3,27,98792,8,mux,IOTILE
14,0,CFG_IOMUX3,28,97980,64,mux,IOTILE
14,0,CFG_IOMUX3,29,97864,64,mux,IOTILE
14,0,CFG_IOMUX3,30,97980,32,mux,IOTILE
14,0,CFG_IOMUX3,31,97864,32,mux,IOTILE
14,0,CFG_IOMUX3,32,97980,16,mux,IOTILE
14,0,CFG_IOMUX3,33,97864,16,mux,IOTILE
14,0,CFG_IOMUX3,34,97864,8,mux,IOTILE
14,0,CFG_IOMUX3,35,98212,64,mux,IOTILE
14,0,CFG_IOMUX3,36,98096,64,mux,IOTILE
14,0,CFG_IOMUX3,37,98212,32,mux,IOTILE
14,0,CFG_IOMUX3,38,98096,32,mux,IOTILE
14,0,CFG_IOMUX3,39,98212,16,mux,IOTILE
14,0,CFG_IOMUX3,40,98096,16,mux,IOTILE
14,0,CFG_IOMUX3,41,98096,8,mux,IOTILE
14,0,CFG_OE_ASYNC_MODE,0,99139,1,ioreg,IOTILE
14,0,CFG_OE_ASYNC_MODE,1,99139,16,ioreg,IOTILE
14,0,CFG_OE_ASYNC_MODE,2,97863,1,ioreg,IOTILE
14,0,CFG_OE_ASYNC_MODE,3,97863,16,ioreg,IOTILE
14,0,CFG_OE_POWERUP,0,99024,128,ioreg,IOTILE
14,0,CFG_OE_POWERUP,1,99023,32,ioreg,IOTILE
14,0,CFG_OE_POWERUP,2,97980,128,ioreg,IOTILE
14,0,CFG_OE_POWERUP,3,97979,32,ioreg,IOTILE
14,0,CFG_OE_REG_MODE,0,99255,1,ioreg,IOTILE
14,0,CFG_OE_REG_MODE,1,99255,16,ioreg,IOTILE
14,0,CFG_OE_REG_MODE,2,97747,1,ioreg,IOTILE
14,0,CFG_OE_REG_MODE,3,97747,16,ioreg,IOTILE
14,0,CFG_OE_SYNC_MODE,0,99140,128,ioreg,IOTILE
14,0,CFG_OE_SYNC_MODE,1,99139,32,ioreg,IOTILE
14,0,CFG_OE_SYNC_MODE,2,97864,128,ioreg,IOTILE
14,0,CFG_OE_SYNC_MODE,3,97863,32,ioreg,IOTILE
14,0,CFG_OUTDELAY,0,99837,8,delay,IOTILE
14,0,CFG_OUTDELAY,1,99721,8,delay,IOTILE
14,0,CFG_OUTDELAY,2,99836,64,delay,IOTILE
14,0,CFG_OUTDELAY,3,99720,64,delay,IOTILE
14,0,CFG_OUT_ASYNC_MODE,0,99371,1,ioreg,IOTILE
14,0,CFG_OUT_ASYNC_MODE,1,99371,16,ioreg,IOTILE
14,0,CFG_OUT_ASYNC_MODE,2,97631,1,ioreg,IOTILE
14,0,CFG_OUT_ASYNC_MODE,3,97631,16,ioreg,IOTILE
14,0,CFG_OUT_POWERUP,0,99256,128,ioreg,IOTILE
14,0,CFG_OUT_POWERUP,1,99255,32,ioreg,IOTILE
14,0,CFG_OUT_POWERUP,2,97748,128,ioreg,IOTILE
14,0,CFG_OUT_POWERUP,3,97747,32,ioreg,IOTILE
14,0,CFG_OUT_REG_MODE,0,99023,1,ioreg,IOTILE
14,0,CFG_OUT_REG_MODE,1,99023,16,ioreg,IOTILE
14,0,CFG_OUT_REG_MODE,2,97979,1,ioreg,IOTILE
14,0,CFG_OUT_REG_MODE,3,97979,16,ioreg,IOTILE
14,0,CFG_OUT_SYNC_MODE,0,99372,128,ioreg,IOTILE
14,0,CFG_OUT_SYNC_MODE,1,99371,32,ioreg,IOTILE
14,0,CFG_OUT_SYNC_MODE,2,97632,128,ioreg,IOTILE
14,0,CFG_OUT_SYNC_MODE,3,97631,32,ioreg,IOTILE
14,13,CFG_INDA_DELAY,0,194,2,delay,IOTILE
14,13,CFG_INDA_DELAY,1,194,1,delay,IOTILE
14,13,CFG_INDA_DELAY,2,195,128,delay,IOTILE
14,13,CFG_INDA_DELAY,3,310,2,delay,IOTILE
14,13,CFG_INDA_DELAY,4,310,1,delay,IOTILE
14,13,CFG_INDA_DELAY,5,311,128,delay,IOTILE
14,13,CFG_INDA_DELAY,6,192,2,delay,IOTILE
14,13,CFG_INDA_DELAY,7,192,1,delay,IOTILE
14,13,CFG_INDA_DELAY,8,193,128,delay,IOTILE
14,13,CFG_INDA_DELAY,9,308,2,delay,IOTILE
14,13,CFG_INDA_DELAY,10,308,1,delay,IOTILE
14,13,CFG_INDA_DELAY,11,309,128,delay,IOTILE
14,13,CFG_INPUTMUX0,0,192,128,mux,IOTILE
14,13,CFG_INPUTMUX0,1,308,128,mux,IOTILE
14,13,CFG_INPUTMUX1,0,191,32,mux,IOTILE
14,13,CFG_INPUTMUX1,1,191,16,mux,IOTILE
14,13,CFG_INPUTMUX2,0,307,1,mux,IOTILE
14,13,CFG_INPUTMUX2,1,191,1,mux,IOTILE
14,13,CFG_INPUTMUX3,0,307,32,mux,IOTILE
14,13,CFG_INPUTMUX3,1,307,16,mux,IOTILE
14,13,CFG_INREG_DELAY,0,194,8,delay,IOTILE
14,13,CFG_INREG_DELAY,1,194,16,delay,IOTILE
14,13,CFG_INREG_DELAY,2,194,32,delay,IOTILE
14,13,CFG_INREG_DELAY,3,310,8,delay,IOTILE
14,13,CFG_INREG_DELAY,4,310,16,delay,IOTILE
14,13,CFG_INREG_DELAY,5,310,32,delay,IOTILE
14,13,CFG_INREG_DELAY,6,192,16,delay,IOTILE
14,13,CFG_INREG_DELAY,7,192,8,delay,IOTILE
14,13,CFG_INREG_DELAY,8,192,32,delay,IOTILE
14,13,CFG_INREG_DELAY,9,308,32,delay,IOTILE
14,13,CFG_INREG_DELAY,10,308,16,delay,IOTILE
14,13,CFG_INREG_DELAY,11,308,8,delay,IOTILE
14,13,CFG_IN_ASYNC_MODE,0,423,1,ioreg,IOTILE
14,13,CFG_IN_ASYNC_MODE,1,423,16,ioreg,IOTILE
14,13,CFG_IN_ASYNC_MODE,2,2627,1,ioreg,IOTILE
14,13,CFG_IN_ASYNC_MODE,3,2627,16,ioreg,IOTILE
14,13,CFG_IN_POWERUP,0,540,128,ioreg,IOTILE
14,13,CFG_IN_POWERUP,1,539,32,ioreg,IOTILE
14,13,CFG_IN_POWERUP,2,2512,128,ioreg,IOTILE
14,13,CFG_IN_POWERUP,3,2511,32,ioreg,IOTILE
14,13,CFG_IN_SYNC_MODE,0,424,128,ioreg,IOTILE
14,13,CFG_IN_SYNC_MODE,1,423,32,ioreg,IOTILE
14,13,CFG_IN_SYNC_MODE,2,2628,128,ioreg,IOTILE
14,13,CFG_IN_SYNC_MODE,3,2627,32,ioreg,IOTILE
14,13,CFG_IOMUX0,0,425,64,mux,IOTILE
14,13,CFG_IOMUX0,1,541,64,mux,IOTILE
14,13,CFG_IOMUX0,2,425,32,mux,IOTILE
14,13,CFG_IOMUX0,3,541,32,mux,IOTILE
14,13,CFG_IOMUX0,4,425,16,mux,IOTILE
14,13,CFG_IOMUX0,5,541,16,mux,IOTILE
14,13,CFG_IOMUX0,6,541,8,mux,IOTILE
14,13,CFG_IOMUX0,7,657,64,mux,IOTILE
14,13,CFG_IOMUX0,8,773,64,mux,IOTILE
14,13,CFG_IOMUX0,9,657,32,mux,IOTILE
14,13,CFG_IOMUX0,10,773,32,mux,IOTILE
14,13,CFG_IOMUX0,11,657,16,mux,IOTILE
14,13,CFG_IOMUX0,12,773,16,mux,IOTILE
14,13,CFG_IOMUX0,13,773,8,mux,IOTILE
14,13,CFG_IOMUX0,14,2513,64,mux,IOTILE
14,13,CFG_IOMUX0,15,2629,64,mux,IOTILE
14,13,CFG_IOMUX0,16,2513,32,mux,IOTILE
14,13,CFG_IOMUX0,17,2629,32,mux,IOTILE
14,13,CFG_IOMUX0,18,2513,16,mux,IOTILE
14,13,CFG_IOMUX0,19,2629,16,mux,IOTILE
14,13,CFG_IOMUX0,20,2629,8,mux,IOTILE
14,13,CFG_IOMUX0,21,2281,64,mux,IOTILE
14,13,CFG_IOMUX0,22,2397,64,mux,IOTILE
14,13,CFG_IOMUX0,23,2281,32,mux,IOTILE
14,13,CFG_IOMUX0,24,2397,32,mux,IOTILE
14,13,CFG_IOMUX0,25,2281,16,mux,IOTILE
14,13,CFG_IOMUX0,26,2397,16,mux,IOTILE
14,13,CFG_IOMUX0,27,2397,8,mux,IOTILE
14,13,CFG_IOMUX0,28,889,64,mux,IOTILE
14,13,CFG_IOMUX0,29,1005,64,mux,IOTILE
14,13,CFG_IOMUX0,30,889,32,mux,IOTILE
14,13,CFG_IOMUX0,31,1005,32,mux,IOTILE
14,13,CFG_IOMUX0,32,889,16,mux,IOTILE
14,13,CFG_IOMUX0,33,1005,16,mux,IOTILE
14,13,CFG_IOMUX0,34,1005,8,mux,IOTILE
14,13,CFG_IOMUX0,35,1121,64,mux,IOTILE
14,13,CFG_IOMUX0,36,1237,64,mux,IOTILE
14,13,CFG_IOMUX0,37,1121,32,mux,IOTILE
14,13,CFG_IOMUX0,38,1237,32,mux,IOTILE
14,13,CFG_IOMUX0,39,1121,16,mux,IOTILE
14,13,CFG_IOMUX0,40,1237,16,mux,IOTILE
14,13,CFG_IOMUX0,41,1237,8,mux,IOTILE
14,13,CFG_IOMUX1,0,2049,64,mux,IOTILE
14,13,CFG_IOMUX1,1,2165,64,mux,IOTILE
14,13,CFG_IOMUX1,2,2049,32,mux,IOTILE
14,13,CFG_IOMUX1,3,2165,32,mux,IOTILE
14,13,CFG_IOMUX1,4,2049,16,mux,IOTILE
14,13,CFG_IOMUX1,5,2165,16,mux,IOTILE
14,13,CFG_IOMUX1,6,2165,8,mux,IOTILE
14,13,CFG_IOMUX1,7,1817,64,mux,IOTILE
14,13,CFG_IOMUX1,8,1933,64,mux,IOTILE
14,13,CFG_IOMUX1,9,1817,32,mux,IOTILE
14,13,CFG_IOMUX1,10,1933,32,mux,IOTILE
14,13,CFG_IOMUX1,11,1817,16,mux,IOTILE
14,13,CFG_IOMUX1,12,1933,16,mux,IOTILE
14,13,CFG_IOMUX1,13,1933,8,mux,IOTILE
14,13,CFG_IOMUX1,14,889,128,mux,IOTILE
14,13,CFG_IOMUX1,15,1005,128,mux,IOTILE
14,13,CFG_IOMUX1,16,888,1,mux,IOTILE
14,13,CFG_IOMUX1,17,1004,1,mux,IOTILE
14,13,CFG_IOMUX1,18,888,2,mux,IOTILE
14,13,CFG_IOMUX1,19,1004,2,mux,IOTILE
14,13,CFG_IOMUX1,20,1004,4,mux,IOTILE
14,13,CFG_IOMUX1,21,1121,128,mux,IOTILE
14,13,CFG_IOMUX1,22,1237,128,mux,IOTILE
14,13,CFG_IOMUX1,23,1120,1,mux,IOTILE
14,13,CFG_IOMUX1,24,1236,1,mux,IOTILE
14,13,CFG_IOMUX1,25,1120,2,mux,IOTILE
14,13,CFG_IOMUX1,26,1236,2,mux,IOTILE
14,13,CFG_IOMUX1,27,1236,4,mux,IOTILE
14,13,CFG_IOMUX1,28,2049,128,mux,IOTILE
14,13,CFG_IOMUX1,29,2165,128,mux,IOTILE
14,13,CFG_IOMUX1,30,2048,1,mux,IOTILE
14,13,CFG_IOMUX1,31,2164,1,mux,IOTILE
14,13,CFG_IOMUX1,32,2048,2,mux,IOTILE
14,13,CFG_IOMUX1,33,2164,2,mux,IOTILE
14,13,CFG_IOMUX1,34,2164,4,mux,IOTILE
14,13,CFG_IOMUX1,35,1817,128,mux,IOTILE
14,13,CFG_IOMUX1,36,1933,128,mux,IOTILE
14,13,CFG_IOMUX1,37,1816,1,mux,IOTILE
14,13,CFG_IOMUX1,38,1932,1,mux,IOTILE
14,13,CFG_IOMUX1,39,1816,2,mux,IOTILE
14,13,CFG_IOMUX1,40,1932,2,mux,IOTILE
14,13,CFG_IOMUX1,41,1932,4,mux,IOTILE
14,13,CFG_IOMUX2,0,425,128,mux,IOTILE
14,13,CFG_IOMUX2,1,541,128,mux,IOTILE
14,13,CFG_IOMUX2,2,424,1,mux,IOTILE
14,13,CFG_IOMUX2,3,540,1,mux,IOTILE
14,13,CFG_IOMUX2,4,424,2,mux,IOTILE
14,13,CFG_IOMUX2,5,540,2,mux,IOTILE
14,13,CFG_IOMUX2,6,540,4,mux,IOTILE
14,13,CFG_IOMUX2,7,657,128,mux,IOTILE
14,13,CFG_IOMUX2,8,773,128,mux,IOTILE
14,13,CFG_IOMUX2,9,656,1,mux,IOTILE
14,13,CFG_IOMUX2,10,772,1,mux,IOTILE
14,13,CFG_IOMUX2,11,656,2,mux,IOTILE
14,13,CFG_IOMUX2,12,772,2,mux,IOTILE
14,13,CFG_IOMUX2,13,772,4,mux,IOTILE
14,13,CFG_IOMUX2,14,2513,128,mux,IOTILE
14,13,CFG_IOMUX2,15,2629,128,mux,IOTILE
14,13,CFG_IOMUX2,16,2512,1,mux,IOTILE
14,13,CFG_IOMUX2,17,2628,1,mux,IOTILE
14,13,CFG_IOMUX2,18,2512,2,mux,IOTILE
14,13,CFG_IOMUX2,19,2628,2,mux,IOTILE
14,13,CFG_IOMUX2,20,2628,4,mux,IOTILE
14,13,CFG_IOMUX2,21,2281,128,mux,IOTILE
14,13,CFG_IOMUX2,22,2397,128,mux,IOTILE
14,13,CFG_IOMUX2,23,2280,1,mux,IOTILE
14,13,CFG_IOMUX2,24,2396,1,mux,IOTILE
14,13,CFG_IOMUX2,25,2280,2,mux,IOTILE
14,13,CFG_IOMUX2,26,2396,2,mux,IOTILE
14,13,CFG_IOMUX2,27,2396,4,mux,IOTILE
14,13,CFG_IOMUX2,28,424,64,mux,IOTILE
14,13,CFG_IOMUX2,29,540,64,mux,IOTILE
14,13,CFG_IOMUX2,30,424,32,mux,IOTILE
14,13,CFG_IOMUX2,31,540,32,mux,IOTILE
14,13,CFG_IOMUX2,32,424,16,mux,IOTILE
14,13,CFG_IOMUX2,33,540,16,mux,IOTILE
14,13,CFG_IOMUX2,34,540,8,mux,IOTILE
14,13,CFG_IOMUX2,35,656,64,mux,IOTILE
14,13,CFG_IOMUX2,36,772,64,mux,IOTILE
14,13,CFG_IOMUX2,37,656,32,mux,IOTILE
14,13,CFG_IOMUX2,38,772,32,mux,IOTILE
14,13,CFG_IOMUX2,39,656,16,mux,IOTILE
14,13,CFG_IOMUX2,40,772,16,mux,IOTILE
14,13,CFG_IOMUX2,41,772,8,mux,IOTILE
14,13,CFG_IOMUX3,0,2512,64,mux,IOTILE
14,13,CFG_IOMUX3,1,2628,64,mux,IOTILE
14,13,CFG_IOMUX3,2,2512,32,mux,IOTILE
14,13,CFG_IOMUX3,3,2628,32,mux,IOTILE
14,13,CFG_IOMUX3,4,2512,16,mux,IOTILE
14,13,CFG_IOMUX3,5,2628,16,mux,IOTILE
14,13,CFG_IOMUX3,6,2628,8,mux,IOTILE
14,13,CFG_IOMUX3,7,2280,64,mux,IOTILE
14,13,CFG_IOMUX3,8,2396,64,mux,IOTILE
14,13,CFG_IOMUX3,9,2280,32,mux,IOTILE
14,13,CFG_IOMUX3,10,2396,32,mux,IOTILE
14,13,CFG_IOMUX3,11,2280,16,mux,IOTILE
14,13,CFG_IOMUX3,12,2396,16,mux,IOTILE
14,13,CFG_IOMUX3,13,2396,8,mux,IOTILE
14,13,CFG_IOMUX3,14,888,64,mux,IOTILE
14,13,CFG_IOMUX3,15,1004,64,mux,IOTILE
14,13,CFG_IOMUX3,16,888,32,mux,IOTILE
14,13,CFG_IOMUX3,17,1004,32,mux,IOTILE
14,13,CFG_IOMUX3,18,888,16,mux,IOTILE
14,13,CFG_IOMUX3,19,1004,16,mux,IOTILE
14,13,CFG_IOMUX3,20,1004,8,mux,IOTILE
14,13,CFG_IOMUX3,21,1120,64,mux,IOTILE
14,13,CFG_IOMUX3,22,1236,64,mux,IOTILE
14,13,CFG_IOMUX3,23,1120,32,mux,IOTILE
14,13,CFG_IOMUX3,24,1236,32,mux,IOTILE
14,13,CFG_IOMUX3,25,1120,16,mux,IOTILE
14,13,CFG_IOMUX3,26,1236,16,mux,IOTILE
14,13,CFG_IOMUX3,27,1236,8,mux,IOTILE
14,13,CFG_IOMUX3,28,2048,64,mux,IOTILE
14,13,CFG_IOMUX3,29,2164,64,mux,IOTILE
14,13,CFG_IOMUX3,30,2048,32,mux,IOTILE
14,13,CFG_IOMUX3,31,2164,32,mux,IOTILE
14,13,CFG_IOMUX3,32,2048,16,mux,IOTILE
14,13,CFG_IOMUX3,33,2164,16,mux,IOTILE
14,13,CFG_IOMUX3,34,2164,8,mux,IOTILE
14,13,CFG_IOMUX3,35,1816,64,mux,IOTILE
14,13,CFG_IOMUX3,36,1932,64,mux,IOTILE
14,13,CFG_IOMUX3,37,1816,32,mux,IOTILE
14,13,CFG_IOMUX3,38,1932,32,mux,IOTILE
14,13,CFG_IOMUX3,39,1816,16,mux,IOTILE
14,13,CFG_IOMUX3,40,1932,16,mux,IOTILE
14,13,CFG_IOMUX3,41,1932,8,mux,IOTILE
14,13,CFG_OE_ASYNC_MODE,0,887,1,ioreg,IOTILE
14,13,CFG_OE_ASYNC_MODE,1,887,16,ioreg,IOTILE
14,13,CFG_OE_ASYNC_MODE,2,2163,1,ioreg,IOTILE
14,13,CFG_OE_ASYNC_MODE,3,2163,16,ioreg,IOTILE
14,13,CFG_OE_POWERUP,0,1004,128,ioreg,IOTILE
14,13,CFG_OE_POWERUP,1,1003,32,ioreg,IOTILE
14,13,CFG_OE_POWERUP,2,2048,128,ioreg,IOTILE
14,13,CFG_OE_POWERUP,3,2047,32,ioreg,IOTILE
14,13,CFG_OE_REG_MODE,0,771,1,ioreg,IOTILE
14,13,CFG_OE_REG_MODE,1,771,16,ioreg,IOTILE
14,13,CFG_OE_REG_MODE,2,2279,1,ioreg,IOTILE
14,13,CFG_OE_REG_MODE,3,2279,16,ioreg,IOTILE
14,13,CFG_OE_SYNC_MODE,0,888,128,ioreg,IOTILE
14,13,CFG_OE_SYNC_MODE,1,887,32,ioreg,IOTILE
14,13,CFG_OE_SYNC_MODE,2,2164,128,ioreg,IOTILE
14,13,CFG_OE_SYNC_MODE,3,2163,32,ioreg,IOTILE
14,13,CFG_OUTDELAY,0,193,8,delay,IOTILE
14,13,CFG_OUTDELAY,1,309,8,delay,IOTILE
14,13,CFG_OUTDELAY,2,192,64,delay,IOTILE
14,13,CFG_OUTDELAY,3,308,64,delay,IOTILE
14,13,CFG_OUT_ASYNC_MODE,0,655,1,ioreg,IOTILE
14,13,CFG_OUT_ASYNC_MODE,1,655,16,ioreg,IOTILE
14,13,CFG_OUT_ASYNC_MODE,2,2395,1,ioreg,IOTILE
14,13,CFG_OUT_ASYNC_MODE,3,2395,16,ioreg,IOTILE
14,13,CFG_OUT_POWERUP,0,772,128,ioreg,IOTILE
14,13,CFG_OUT_POWERUP,1,771,32,ioreg,IOTILE
14,13,CFG_OUT_POWERUP,2,2280,128,ioreg,IOTILE
14,13,CFG_OUT_POWERUP,3,2279,32,ioreg,IOTILE
14,13,CFG_OUT_REG_MODE,0,1003,1,ioreg,IOTILE
14,13,CFG_OUT_REG_MODE,1,1003,16,ioreg,IOTILE
14,13,CFG_OUT_REG_MODE,2,2047,1,ioreg,IOTILE
14,13,CFG_OUT_REG_MODE,3,2047,16,ioreg,IOTILE
14,13,CFG_OUT_SYNC_MODE,0,656,128,ioreg,IOTILE
14,13,CFG_OUT_SYNC_MODE,1,655,32,ioreg,IOTILE
14,13,CFG_OUT_SYNC_MODE,2,2396,128,ioreg,IOTILE
14,13,CFG_OUT_SYNC_MODE,3,2395,32,ioreg,IOTILE
15,0,CFG_INDA_DELAY,0,99834,32,delay,IOTILE
15,0,CFG_INDA_DELAY,1,99834,16,delay,IOTILE
15,0,CFG_INDA_DELAY,2,99834,8,delay,IOTILE
15,0,CFG_INDA_DELAY,3,99718,32,delay,IOTILE
15,0,CFG_INDA_DELAY,4,99718,16,delay,IOTILE
15,0,CFG_INDA_DELAY,5,99718,8,delay,IOTILE
15,0,CFG_INDA_DELAY,6,99832,32,delay,IOTILE
15,0,CFG_INDA_DELAY,7,99832,16,delay,IOTILE
15,0,CFG_INDA_DELAY,8,99832,8,delay,IOTILE
15,0,CFG_INDA_DELAY,9,99716,32,delay,IOTILE
15,0,CFG_INDA_DELAY,10,99716,16,delay,IOTILE
15,0,CFG_INDA_DELAY,11,99716,8,delay,IOTILE
15,0,CFG_INPUTMUX0,0,99831,8,mux,IOTILE
15,0,CFG_INPUTMUX0,1,99715,8,mux,IOTILE
15,0,CFG_INPUTMUX1,0,99830,2,mux,IOTILE
15,0,CFG_INPUTMUX1,1,99830,1,mux,IOTILE
15,0,CFG_INPUTMUX2,0,99715,16,mux,IOTILE
15,0,CFG_INPUTMUX2,1,99831,16,mux,IOTILE
15,0,CFG_INPUTMUX3,0,99714,2,mux,IOTILE
15,0,CFG_INPUTMUX3,1,99714,1,mux,IOTILE
15,0,CFG_INREG_DELAY,0,99834,128,delay,IOTILE
15,0,CFG_INREG_DELAY,1,99833,1,delay,IOTILE
15,0,CFG_INREG_DELAY,2,99833,2,delay,IOTILE
15,0,CFG_INREG_DELAY,3,99718,128,delay,IOTILE
15,0,CFG_INREG_DELAY,4,99717,1,delay,IOTILE
15,0,CFG_INREG_DELAY,5,99717,2,delay,IOTILE
15,0,CFG_INREG_DELAY,6,99831,1,delay,IOTILE
15,0,CFG_INREG_DELAY,7,99832,128,delay,IOTILE
15,0,CFG_INREG_DELAY,8,99831,2,delay,IOTILE
15,0,CFG_INREG_DELAY,9,99715,2,delay,IOTILE
15,0,CFG_INREG_DELAY,10,99715,1,delay,IOTILE
15,0,CFG_INREG_DELAY,11,99716,128,delay,IOTILE
15,0,CFG_IN_ASYNC_MODE,0,99599,16,ioreg,IOTILE
15,0,CFG_IN_ASYNC_MODE,1,99598,1,ioreg,IOTILE
15,0,CFG_IN_ASYNC_MODE,2,97395,16,ioreg,IOTILE
15,0,CFG_IN_ASYNC_MODE,3,97394,1,ioreg,IOTILE
15,0,CFG_IN_POWERUP,0,99483,8,ioreg,IOTILE
15,0,CFG_IN_POWERUP,1,99482,2,ioreg,IOTILE
15,0,CFG_IN_POWERUP,2,97511,8,ioreg,IOTILE
15,0,CFG_IN_POWERUP,3,97510,2,ioreg,IOTILE
15,0,CFG_IN_SYNC_MODE,0,99599,8,ioreg,IOTILE
15,0,CFG_IN_SYNC_MODE,1,99598,2,ioreg,IOTILE
15,0,CFG_IN_SYNC_MODE,2,97395,8,ioreg,IOTILE
15,0,CFG_IN_SYNC_MODE,3,97394,2,ioreg,IOTILE
15,0,CFG_IOMUX0,0,99600,4,mux,IOTILE
15,0,CFG_IOMUX0,1,99484,4,mux,IOTILE
15,0,CFG_IOMUX0,2,99600,2,mux,IOTILE
15,0,CFG_IOMUX0,3,99484,2,mux,IOTILE
15,0,CFG_IOMUX0,4,99600,1,mux,IOTILE
15,0,CFG_IOMUX0,5,99484,1,mux,IOTILE
15,0,CFG_IOMUX0,6,99485,128,mux,IOTILE
15,0,CFG_IOMUX0,7,99368,4,mux,IOTILE
15,0,CFG_IOMUX0,8,99252,4,mux,IOTILE
15,0,CFG_IOMUX0,9,99368,2,mux,IOTILE
15,0,CFG_IOMUX0,10,99252,2,mux,IOTILE
15,0,CFG_IOMUX0,11,99368,1,mux,IOTILE
15,0,CFG_IOMUX0,12,99252,1,mux,IOTILE
15,0,CFG_IOMUX0,13,99253,128,mux,IOTILE
15,0,CFG_IOMUX0,14,97512,4,mux,IOTILE
15,0,CFG_IOMUX0,15,97396,4,mux,IOTILE
15,0,CFG_IOMUX0,16,97512,2,mux,IOTILE
15,0,CFG_IOMUX0,17,97396,2,mux,IOTILE
15,0,CFG_IOMUX0,18,97512,1,mux,IOTILE
15,0,CFG_IOMUX0,19,97396,1,mux,IOTILE
15,0,CFG_IOMUX0,20,97397,128,mux,IOTILE
15,0,CFG_IOMUX0,21,97744,4,mux,IOTILE
15,0,CFG_IOMUX0,22,97628,4,mux,IOTILE
15,0,CFG_IOMUX0,23,97744,2,mux,IOTILE
15,0,CFG_IOMUX0,24,97628,2,mux,IOTILE
15,0,CFG_IOMUX0,25,97744,1,mux,IOTILE
15,0,CFG_IOMUX0,26,97628,1,mux,IOTILE
15,0,CFG_IOMUX0,27,97629,128,mux,IOTILE
15,0,CFG_IOMUX0,28,99136,4,mux,IOTILE
15,0,CFG_IOMUX0,29,99020,4,mux,IOTILE
15,0,CFG_IOMUX0,30,99136,2,mux,IOTILE
15,0,CFG_IOMUX0,31,99020,2,mux,IOTILE
15,0,CFG_IOMUX0,32,99136,1,mux,IOTILE
15,0,CFG_IOMUX0,33,99020,1,mux,IOTILE
15,0,CFG_IOMUX0,34,99021,128,mux,IOTILE
15,0,CFG_IOMUX0,35,98904,4,mux,IOTILE
15,0,CFG_IOMUX0,36,98788,4,mux,IOTILE
15,0,CFG_IOMUX0,37,98904,2,mux,IOTILE
15,0,CFG_IOMUX0,38,98788,2,mux,IOTILE
15,0,CFG_IOMUX0,39,98904,1,mux,IOTILE
15,0,CFG_IOMUX0,40,98788,1,mux,IOTILE
15,0,CFG_IOMUX0,41,98789,128,mux,IOTILE
15,0,CFG_IOMUX1,0,97976,4,mux,IOTILE
15,0,CFG_IOMUX1,1,97860,4,mux,IOTILE
15,0,CFG_IOMUX1,2,97976,2,mux,IOTILE
15,0,CFG_IOMUX1,3,97860,2,mux,IOTILE
15,0,CFG_IOMUX1,4,97976,1,mux,IOTILE
15,0,CFG_IOMUX1,5,97860,1,mux,IOTILE
15,0,CFG_IOMUX1,6,97861,128,mux,IOTILE
15,0,CFG_IOMUX1,7,98208,4,mux,IOTILE
15,0,CFG_IOMUX1,8,98092,4,mux,IOTILE
15,0,CFG_IOMUX1,9,98208,2,mux,IOTILE
15,0,CFG_IOMUX1,10,98092,2,mux,IOTILE
15,0,CFG_IOMUX1,11,98208,1,mux,IOTILE
15,0,CFG_IOMUX1,12,98092,1,mux,IOTILE
15,0,CFG_IOMUX1,13,98093,128,mux,IOTILE
15,0,CFG_IOMUX1,14,99136,8,mux,IOTILE
15,0,CFG_IOMUX1,15,99020,8,mux,IOTILE
15,0,CFG_IOMUX1,16,99136,16,mux,IOTILE
15,0,CFG_IOMUX1,17,99020,16,mux,IOTILE
15,0,CFG_IOMUX1,18,99136,32,mux,IOTILE
15,0,CFG_IOMUX1,19,99020,32,mux,IOTILE
15,0,CFG_IOMUX1,20,99020,64,mux,IOTILE
15,0,CFG_IOMUX1,21,98904,8,mux,IOTILE
15,0,CFG_IOMUX1,22,98788,8,mux,IOTILE
15,0,CFG_IOMUX1,23,98904,16,mux,IOTILE
15,0,CFG_IOMUX1,24,98788,16,mux,IOTILE
15,0,CFG_IOMUX1,25,98904,32,mux,IOTILE
15,0,CFG_IOMUX1,26,98788,32,mux,IOTILE
15,0,CFG_IOMUX1,27,98788,64,mux,IOTILE
15,0,CFG_IOMUX1,28,97976,8,mux,IOTILE
15,0,CFG_IOMUX1,29,97860,8,mux,IOTILE
15,0,CFG_IOMUX1,30,97976,16,mux,IOTILE
15,0,CFG_IOMUX1,31,97860,16,mux,IOTILE
15,0,CFG_IOMUX1,32,97976,32,mux,IOTILE
15,0,CFG_IOMUX1,33,97860,32,mux,IOTILE
15,0,CFG_IOMUX1,34,97860,64,mux,IOTILE
15,0,CFG_IOMUX1,35,98208,8,mux,IOTILE
15,0,CFG_IOMUX1,36,98092,8,mux,IOTILE
15,0,CFG_IOMUX1,37,98208,16,mux,IOTILE
15,0,CFG_IOMUX1,38,98092,16,mux,IOTILE
15,0,CFG_IOMUX1,39,98208,32,mux,IOTILE
15,0,CFG_IOMUX1,40,98092,32,mux,IOTILE
15,0,CFG_IOMUX1,41,98092,64,mux,IOTILE
15,0,CFG_IOMUX2,0,99600,8,mux,IOTILE
15,0,CFG_IOMUX2,1,99484,8,mux,IOTILE
15,0,CFG_IOMUX2,2,99600,16,mux,IOTILE
15,0,CFG_IOMUX2,3,99484,16,mux,IOTILE
15,0,CFG_IOMUX2,4,99600,32,mux,IOTILE
15,0,CFG_IOMUX2,5,99484,32,mux,IOTILE
15,0,CFG_IOMUX2,6,99484,64,mux,IOTILE
15,0,CFG_IOMUX2,7,99368,8,mux,IOTILE
15,0,CFG_IOMUX2,8,99252,8,mux,IOTILE
15,0,CFG_IOMUX2,9,99368,16,mux,IOTILE
15,0,CFG_IOMUX2,10,99252,16,mux,IOTILE
15,0,CFG_IOMUX2,11,99368,32,mux,IOTILE
15,0,CFG_IOMUX2,12,99252,32,mux,IOTILE
15,0,CFG_IOMUX2,13,99252,64,mux,IOTILE
15,0,CFG_IOMUX2,14,97512,8,mux,IOTILE
15,0,CFG_IOMUX2,15,97396,8,mux,IOTILE
15,0,CFG_IOMUX2,16,97512,16,mux,IOTILE
15,0,CFG_IOMUX2,17,97396,16,mux,IOTILE
15,0,CFG_IOMUX2,18,97512,32,mux,IOTILE
15,0,CFG_IOMUX2,19,97396,32,mux,IOTILE
15,0,CFG_IOMUX2,20,97396,64,mux,IOTILE
15,0,CFG_IOMUX2,21,97744,8,mux,IOTILE
15,0,CFG_IOMUX2,22,97628,8,mux,IOTILE
15,0,CFG_IOMUX2,23,97744,16,mux,IOTILE
15,0,CFG_IOMUX2,24,97628,16,mux,IOTILE
15,0,CFG_IOMUX2,25,97744,32,mux,IOTILE
15,0,CFG_IOMUX2,26,97628,32,mux,IOTILE
15,0,CFG_IOMUX2,27,97628,64,mux,IOTILE
15,0,CFG_IOMUX2,28,99599,4,mux,IOTILE
15,0,CFG_IOMUX2,29,99483,4,mux,IOTILE
15,0,CFG_IOMUX2,30,99599,2,mux,IOTILE
15,0,CFG_IOMUX2,31,99483,2,mux,IOTILE
15,0,CFG_IOMUX2,32,99599,1,mux,IOTILE
15,0,CFG_IOMUX2,33,99483,1,mux,IOTILE
15,0,CFG_IOMUX2,34,99484,128,mux,IOTILE
15,0,CFG_IOMUX2,35,99367,4,mux,IOTILE
15,0,CFG_IOMUX2,36,99251,4,mux,IOTILE
15,0,CFG_IOMUX2,37,99367,2,mux,IOTILE
15,0,CFG_IOMUX2,38,99251,2,mux,IOTILE
15,0,CFG_IOMUX2,39,99367,1,mux,IOTILE
15,0,CFG_IOMUX2,40,99251,1,mux,IOTILE
15,0,CFG_IOMUX2,41,99252,128,mux,IOTILE
15,0,CFG_IOMUX3,0,97511,4,mux,IOTILE
15,0,CFG_IOMUX3,1,97395,4,mux,IOTILE
15,0,CFG_IOMUX3,2,97511,2,mux,IOTILE
15,0,CFG_IOMUX3,3,97395,2,mux,IOTILE
15,0,CFG_IOMUX3,4,97511,1,mux,IOTILE
15,0,CFG_IOMUX3,5,97395,1,mux,IOTILE
15,0,CFG_IOMUX3,6,97396,128,mux,IOTILE
15,0,CFG_IOMUX3,7,97743,4,mux,IOTILE
15,0,CFG_IOMUX3,8,97627,4,mux,IOTILE
15,0,CFG_IOMUX3,9,97743,2,mux,IOTILE
15,0,CFG_IOMUX3,10,97627,2,mux,IOTILE
15,0,CFG_IOMUX3,11,97743,1,mux,IOTILE
15,0,CFG_IOMUX3,12,97627,1,mux,IOTILE
15,0,CFG_IOMUX3,13,97628,128,mux,IOTILE
15,0,CFG_IOMUX3,14,99135,4,mux,IOTILE
15,0,CFG_IOMUX3,15,99019,4,mux,IOTILE
15,0,CFG_IOMUX3,16,99135,2,mux,IOTILE
15,0,CFG_IOMUX3,17,99019,2,mux,IOTILE
15,0,CFG_IOMUX3,18,99135,1,mux,IOTILE
15,0,CFG_IOMUX3,19,99019,1,mux,IOTILE
15,0,CFG_IOMUX3,20,99020,128,mux,IOTILE
15,0,CFG_IOMUX3,21,98903,4,mux,IOTILE
15,0,CFG_IOMUX3,22,98787,4,mux,IOTILE
15,0,CFG_IOMUX3,23,98903,2,mux,IOTILE
15,0,CFG_IOMUX3,24,98787,2,mux,IOTILE
15,0,CFG_IOMUX3,25,98903,1,mux,IOTILE
15,0,CFG_IOMUX3,26,98787,1,mux,IOTILE
15,0,CFG_IOMUX3,27,98788,128,mux,IOTILE
15,0,CFG_IOMUX3,28,97975,4,mux,IOTILE
15,0,CFG_IOMUX3,29,97859,4,mux,IOTILE
15,0,CFG_IOMUX3,30,97975,2,mux,IOTILE
15,0,CFG_IOMUX3,31,97859,2,mux,IOTILE
15,0,CFG_IOMUX3,32,97975,1,mux,IOTILE
15,0,CFG_IOMUX3,33,97859,1,mux,IOTILE
15,0,CFG_IOMUX3,34,97860,128,mux,IOTILE
15,0,CFG_IOMUX3,35,98207,4,mux,IOTILE
15,0,CFG_IOMUX3,36,98091,4,mux,IOTILE
15,0,CFG_IOMUX3,37,98207,2,mux,IOTILE
15,0,CFG_IOMUX3,38,98091,2,mux,IOTILE
15,0,CFG_IOMUX3,39,98207,1,mux,IOTILE
15,0,CFG_IOMUX3,40,98091,1,mux,IOTILE
15,0,CFG_IOMUX3,41,98092,128,mux,IOTILE
15,0,CFG_OE_ASYNC_MODE,0,99135,16,ioreg,IOTILE
15,0,CFG_OE_ASYNC_MODE,1,99134,1,ioreg,IOTILE
15,0,CFG_OE_ASYNC_MODE,2,97859,16,ioreg,IOTILE
15,0,CFG_OE_ASYNC_MODE,3,97858,1,ioreg,IOTILE
15,0,CFG_OE_POWERUP,0,99019,8,ioreg,IOTILE
15,0,CFG_OE_POWERUP,1,99018,2,ioreg,IOTILE
15,0,CFG_OE_POWERUP,2,97975,8,ioreg,IOTILE
15,0,CFG_OE_POWERUP,3,97974,2,ioreg,IOTILE
15,0,CFG_OE_REG_MODE,0,99251,16,ioreg,IOTILE
15,0,CFG_OE_REG_MODE,1,99250,1,ioreg,IOTILE
15,0,CFG_OE_REG_MODE,2,97743,16,ioreg,IOTILE
15,0,CFG_OE_REG_MODE,3,97742,1,ioreg,IOTILE
15,0,CFG_OE_SYNC_MODE,0,99135,8,ioreg,IOTILE
15,0,CFG_OE_SYNC_MODE,1,99134,2,ioreg,IOTILE
15,0,CFG_OE_SYNC_MODE,2,97859,8,ioreg,IOTILE
15,0,CFG_OE_SYNC_MODE,3,97858,2,ioreg,IOTILE
15,0,CFG_OUTDELAY,0,99833,128,delay,IOTILE
15,0,CFG_OUTDELAY,1,99717,128,delay,IOTILE
15,0,CFG_OUTDELAY,2,99831,4,delay,IOTILE
15,0,CFG_OUTDELAY,3,99715,4,delay,IOTILE
15,0,CFG_OUT_ASYNC_MODE,0,99367,16,ioreg,IOTILE
15,0,CFG_OUT_ASYNC_MODE,1,99366,1,ioreg,IOTILE
15,0,CFG_OUT_ASYNC_MODE,2,97627,16,ioreg,IOTILE
15,0,CFG_OUT_ASYNC_MODE,3,97626,1,ioreg,IOTILE
15,0,CFG_OUT_POWERUP,0,99251,8,ioreg,IOTILE
15,0,CFG_OUT_POWERUP,1,99250,2,ioreg,IOTILE
15,0,CFG_OUT_POWERUP,2,97743,8,ioreg,IOTILE
15,0,CFG_OUT_POWERUP,3,97742,2,ioreg,IOTILE
15,0,CFG_OUT_REG_MODE,0,99019,16,ioreg,IOTILE
15,0,CFG_OUT_REG_MODE,1,99018,1,ioreg,IOTILE
15,0,CFG_OUT_REG_MODE,2,97975,16,ioreg,IOTILE
15,0,CFG_OUT_REG_MODE,3,97974,1,ioreg,IOTILE
15,0,CFG_OUT_SYNC_MODE,0,99367,8,ioreg,IOTILE
15,0,CFG_OUT_SYNC_MODE,1,99366,2,ioreg,IOTILE
15,0,CFG_OUT_SYNC_MODE,2,97627,8,ioreg,IOTILE
15,0,CFG_OUT_SYNC_MODE,3,97626,2,ioreg,IOTILE
15,13,CFG_INDA_DELAY,0,190,32,delay,IOTILE
15,13,CFG_INDA_DELAY,1,190,16,delay,IOTILE
15,13,CFG_INDA_DELAY,2,190,8,delay,IOTILE
15,13,CFG_INDA_DELAY,3,306,32,delay,IOTILE
15,13,CFG_INDA_DELAY,4,306,16,delay,IOTILE
15,13,CFG_INDA_DELAY,5,306,8,delay,IOTILE
15,13,CFG_INDA_DELAY,6,188,32,delay,IOTILE
15,13,CFG_INDA_DELAY,7,188,16,delay,IOTILE
15,13,CFG_INDA_DELAY,8,188,8,delay,IOTILE
15,13,CFG_INDA_DELAY,9,304,32,delay,IOTILE
15,13,CFG_INDA_DELAY,10,304,16,delay,IOTILE
15,13,CFG_INDA_DELAY,11,304,8,delay,IOTILE
15,13,CFG_INPUTMUX0,0,187,8,mux,IOTILE
15,13,CFG_INPUTMUX0,1,303,8,mux,IOTILE
15,13,CFG_INPUTMUX1,0,186,2,mux,IOTILE
15,13,CFG_INPUTMUX1,1,186,1,mux,IOTILE
15,13,CFG_INPUTMUX2,0,303,16,mux,IOTILE
15,13,CFG_INPUTMUX2,1,187,16,mux,IOTILE
15,13,CFG_INPUTMUX3,0,302,2,mux,IOTILE
15,13,CFG_INPUTMUX3,1,302,1,mux,IOTILE
15,13,CFG_INREG_DELAY,0,190,128,delay,IOTILE
15,13,CFG_INREG_DELAY,1,189,1,delay,IOTILE
15,13,CFG_INREG_DELAY,2,189,2,delay,IOTILE
15,13,CFG_INREG_DELAY,3,306,128,delay,IOTILE
15,13,CFG_INREG_DELAY,4,305,1,delay,IOTILE
15,13,CFG_INREG_DELAY,5,305,2,delay,IOTILE
15,13,CFG_INREG_DELAY,6,187,1,delay,IOTILE
15,13,CFG_INREG_DELAY,7,188,128,delay,IOTILE
15,13,CFG_INREG_DELAY,8,187,2,delay,IOTILE
15,13,CFG_INREG_DELAY,9,303,2,delay,IOTILE
15,13,CFG_INREG_DELAY,10,303,1,delay,IOTILE
15,13,CFG_INREG_DELAY,11,304,128,delay,IOTILE
15,13,CFG_IN_ASYNC_MODE,0,419,16,ioreg,IOTILE
15,13,CFG_IN_ASYNC_MODE,1,418,1,ioreg,IOTILE
15,13,CFG_IN_ASYNC_MODE,2,2623,16,ioreg,IOTILE
15,13,CFG_IN_ASYNC_MODE,3,2622,1,ioreg,IOTILE
15,13,CFG_IN_POWERUP,0,535,8,ioreg,IOTILE
15,13,CFG_IN_POWERUP,1,534,2,ioreg,IOTILE
15,13,CFG_IN_POWERUP,2,2507,8,ioreg,IOTILE
15,13,CFG_IN_POWERUP,3,2506,2,ioreg,IOTILE
15,13,CFG_IN_SYNC_MODE,0,419,8,ioreg,IOTILE
15,13,CFG_IN_SYNC_MODE,1,418,2,ioreg,IOTILE
15,13,CFG_IN_SYNC_MODE,2,2623,8,ioreg,IOTILE
15,13,CFG_IN_SYNC_MODE,3,2622,2,ioreg,IOTILE
15,13,CFG_IOMUX0,0,420,4,mux,IOTILE
15,13,CFG_IOMUX0,1,536,4,mux,IOTILE
15,13,CFG_IOMUX0,2,420,2,mux,IOTILE
15,13,CFG_IOMUX0,3,536,2,mux,IOTILE
15,13,CFG_IOMUX0,4,420,1,mux,IOTILE
15,13,CFG_IOMUX0,5,536,1,mux,IOTILE
15,13,CFG_IOMUX0,6,537,128,mux,IOTILE
15,13,CFG_IOMUX0,7,652,4,mux,IOTILE
15,13,CFG_IOMUX0,8,768,4,mux,IOTILE
15,13,CFG_IOMUX0,9,652,2,mux,IOTILE
15,13,CFG_IOMUX0,10,768,2,mux,IOTILE
15,13,CFG_IOMUX0,11,652,1,mux,IOTILE
15,13,CFG_IOMUX0,12,768,1,mux,IOTILE
15,13,CFG_IOMUX0,13,769,128,mux,IOTILE
15,13,CFG_IOMUX0,14,2508,4,mux,IOTILE
15,13,CFG_IOMUX0,15,2624,4,mux,IOTILE
15,13,CFG_IOMUX0,16,2508,2,mux,IOTILE
15,13,CFG_IOMUX0,17,2624,2,mux,IOTILE
15,13,CFG_IOMUX0,18,2508,1,mux,IOTILE
15,13,CFG_IOMUX0,19,2624,1,mux,IOTILE
15,13,CFG_IOMUX0,20,2625,128,mux,IOTILE
15,13,CFG_IOMUX0,21,2276,4,mux,IOTILE
15,13,CFG_IOMUX0,22,2392,4,mux,IOTILE
15,13,CFG_IOMUX0,23,2276,2,mux,IOTILE
15,13,CFG_IOMUX0,24,2392,2,mux,IOTILE
15,13,CFG_IOMUX0,25,2276,1,mux,IOTILE
15,13,CFG_IOMUX0,26,2392,1,mux,IOTILE
15,13,CFG_IOMUX0,27,2393,128,mux,IOTILE
15,13,CFG_IOMUX0,28,884,4,mux,IOTILE
15,13,CFG_IOMUX0,29,1000,4,mux,IOTILE
15,13,CFG_IOMUX0,30,884,2,mux,IOTILE
15,13,CFG_IOMUX0,31,1000,2,mux,IOTILE
15,13,CFG_IOMUX0,32,884,1,mux,IOTILE
15,13,CFG_IOMUX0,33,1000,1,mux,IOTILE
15,13,CFG_IOMUX0,34,1001,128,mux,IOTILE
15,13,CFG_IOMUX0,35,1116,4,mux,IOTILE
15,13,CFG_IOMUX0,36,1232,4,mux,IOTILE
15,13,CFG_IOMUX0,37,1116,2,mux,IOTILE
15,13,CFG_IOMUX0,38,1232,2,mux,IOTILE
15,13,CFG_IOMUX0,39,1116,1,mux,IOTILE
15,13,CFG_IOMUX0,40,1232,1,mux,IOTILE
15,13,CFG_IOMUX0,41,1233,128,mux,IOTILE
15,13,CFG_IOMUX1,0,2044,4,mux,IOTILE
15,13,CFG_IOMUX1,1,2160,4,mux,IOTILE
15,13,CFG_IOMUX1,2,2044,2,mux,IOTILE
15,13,CFG_IOMUX1,3,2160,2,mux,IOTILE
15,13,CFG_IOMUX1,4,2044,1,mux,IOTILE
15,13,CFG_IOMUX1,5,2160,1,mux,IOTILE
15,13,CFG_IOMUX1,6,2161,128,mux,IOTILE
15,13,CFG_IOMUX1,7,1812,4,mux,IOTILE
15,13,CFG_IOMUX1,8,1928,4,mux,IOTILE
15,13,CFG_IOMUX1,9,1812,2,mux,IOTILE
15,13,CFG_IOMUX1,10,1928,2,mux,IOTILE
15,13,CFG_IOMUX1,11,1812,1,mux,IOTILE
15,13,CFG_IOMUX1,12,1928,1,mux,IOTILE
15,13,CFG_IOMUX1,13,1929,128,mux,IOTILE
15,13,CFG_IOMUX1,14,884,8,mux,IOTILE
15,13,CFG_IOMUX1,15,1000,8,mux,IOTILE
15,13,CFG_IOMUX1,16,884,16,mux,IOTILE
15,13,CFG_IOMUX1,17,1000,16,mux,IOTILE
15,13,CFG_IOMUX1,18,884,32,mux,IOTILE
15,13,CFG_IOMUX1,19,1000,32,mux,IOTILE
15,13,CFG_IOMUX1,20,1000,64,mux,IOTILE
15,13,CFG_IOMUX1,21,1116,8,mux,IOTILE
15,13,CFG_IOMUX1,22,1232,8,mux,IOTILE
15,13,CFG_IOMUX1,23,1116,16,mux,IOTILE
15,13,CFG_IOMUX1,24,1232,16,mux,IOTILE
15,13,CFG_IOMUX1,25,1116,32,mux,IOTILE
15,13,CFG_IOMUX1,26,1232,32,mux,IOTILE
15,13,CFG_IOMUX1,27,1232,64,mux,IOTILE
15,13,CFG_IOMUX1,28,2044,8,mux,IOTILE
15,13,CFG_IOMUX1,29,2160,8,mux,IOTILE
15,13,CFG_IOMUX1,30,2044,16,mux,IOTILE
15,13,CFG_IOMUX1,31,2160,16,mux,IOTILE
15,13,CFG_IOMUX1,32,2044,32,mux,IOTILE
15,13,CFG_IOMUX1,33,2160,32,mux,IOTILE
15,13,CFG_IOMUX1,34,2160,64,mux,IOTILE
15,13,CFG_IOMUX1,35,1812,8,mux,IOTILE
15,13,CFG_IOMUX1,36,1928,8,mux,IOTILE
15,13,CFG_IOMUX1,37,1812,16,mux,IOTILE
15,13,CFG_IOMUX1,38,1928,16,mux,IOTILE
15,13,CFG_IOMUX1,39,1812,32,mux,IOTILE
15,13,CFG_IOMUX1,40,1928,32,mux,IOTILE
15,13,CFG_IOMUX1,41,1928,64,mux,IOTILE
15,13,CFG_IOMUX2,0,420,8,mux,IOTILE
15,13,CFG_IOMUX2,1,536,8,mux,IOTILE
15,13,CFG_IOMUX2,2,420,16,mux,IOTILE
15,13,CFG_IOMUX2,3,536,16,mux,IOTILE
15,13,CFG_IOMUX2,4,420,32,mux,IOTILE
15,13,CFG_IOMUX2,5,536,32,mux,IOTILE
15,13,CFG_IOMUX2,6,536,64,mux,IOTILE
15,13,CFG_IOMUX2,7,652,8,mux,IOTILE
15,13,CFG_IOMUX2,8,768,8,mux,IOTILE
15,13,CFG_IOMUX2,9,652,16,mux,IOTILE
15,13,CFG_IOMUX2,10,768,16,mux,IOTILE
15,13,CFG_IOMUX2,11,652,32,mux,IOTILE
15,13,CFG_IOMUX2,12,768,32,mux,IOTILE
15,13,CFG_IOMUX2,13,768,64,mux,IOTILE
15,13,CFG_IOMUX2,14,2508,8,mux,IOTILE
15,13,CFG_IOMUX2,15,2624,8,mux,IOTILE
15,13,CFG_IOMUX2,16,2508,16,mux,IOTILE
15,13,CFG_IOMUX2,17,2624,16,mux,IOTILE
15,13,CFG_IOMUX2,18,2508,32,mux,IOTILE
15,13,CFG_IOMUX2,19,2624,32,mux,IOTILE
15,13,CFG_IOMUX2,20,2624,64,mux,IOTILE
15,13,CFG_IOMUX2,21,2276,8,mux,IOTILE
15,13,CFG_IOMUX2,22,2392,8,mux,IOTILE
15,13,CFG_IOMUX2,23,2276,16,mux,IOTILE
15,13,CFG_IOMUX2,24,2392,16,mux,IOTILE
15,13,CFG_IOMUX2,25,2276,32,mux,IOTILE
15,13,CFG_IOMUX2,26,2392,32,mux,IOTILE
15,13,CFG_IOMUX2,27,2392,64,mux,IOTILE
15,13,CFG_IOMUX2,28,419,4,mux,IOTILE
15,13,CFG_IOMUX2,29,535,4,mux,IOTILE
15,13,CFG_IOMUX2,30,419,2,mux,IOTILE
15,13,CFG_IOMUX2,31,535,2,mux,IOTILE
15,13,CFG_IOMUX2,32,419,1,mux,IOTILE
15,13,CFG_IOMUX2,33,535,1,mux,IOTILE
15,13,CFG_IOMUX2,34,536,128,mux,IOTILE
15,13,CFG_IOMUX2,35,651,4,mux,IOTILE
15,13,CFG_IOMUX2,36,767,4,mux,IOTILE
15,13,CFG_IOMUX2,37,651,2,mux,IOTILE
15,13,CFG_IOMUX2,38,767,2,mux,IOTILE
15,13,CFG_IOMUX2,39,651,1,mux,IOTILE
15,13,CFG_IOMUX2,40,767,1,mux,IOTILE
15,13,CFG_IOMUX2,41,768,128,mux,IOTILE
15,13,CFG_IOMUX3,0,2507,4,mux,IOTILE
15,13,CFG_IOMUX3,1,2623,4,mux,IOTILE
15,13,CFG_IOMUX3,2,2507,2,mux,IOTILE
15,13,CFG_IOMUX3,3,2623,2,mux,IOTILE
15,13,CFG_IOMUX3,4,2507,1,mux,IOTILE
15,13,CFG_IOMUX3,5,2623,1,mux,IOTILE
15,13,CFG_IOMUX3,6,2624,128,mux,IOTILE
15,13,CFG_IOMUX3,7,2275,4,mux,IOTILE
15,13,CFG_IOMUX3,8,2391,4,mux,IOTILE
15,13,CFG_IOMUX3,9,2275,2,mux,IOTILE
15,13,CFG_IOMUX3,10,2391,2,mux,IOTILE
15,13,CFG_IOMUX3,11,2275,1,mux,IOTILE
15,13,CFG_IOMUX3,12,2391,1,mux,IOTILE
15,13,CFG_IOMUX3,13,2392,128,mux,IOTILE
15,13,CFG_IOMUX3,14,883,4,mux,IOTILE
15,13,CFG_IOMUX3,15,999,4,mux,IOTILE
15,13,CFG_IOMUX3,16,883,2,mux,IOTILE
15,13,CFG_IOMUX3,17,999,2,mux,IOTILE
15,13,CFG_IOMUX3,18,883,1,mux,IOTILE
15,13,CFG_IOMUX3,19,999,1,mux,IOTILE
15,13,CFG_IOMUX3,20,1000,128,mux,IOTILE
15,13,CFG_IOMUX3,21,1115,4,mux,IOTILE
15,13,CFG_IOMUX3,22,1231,4,mux,IOTILE
15,13,CFG_IOMUX3,23,1115,2,mux,IOTILE
15,13,CFG_IOMUX3,24,1231,2,mux,IOTILE
15,13,CFG_IOMUX3,25,1115,1,mux,IOTILE
15,13,CFG_IOMUX3,26,1231,1,mux,IOTILE
15,13,CFG_IOMUX3,27,1232,128,mux,IOTILE
15,13,CFG_IOMUX3,28,2043,4,mux,IOTILE
15,13,CFG_IOMUX3,29,2159,4,mux,IOTILE
15,13,CFG_IOMUX3,30,2043,2,mux,IOTILE
15,13,CFG_IOMUX3,31,2159,2,mux,IOTILE
15,13,CFG_IOMUX3,32,2043,1,mux,IOTILE
15,13,CFG_IOMUX3,33,2159,1,mux,IOTILE
15,13,CFG_IOMUX3,34,2160,128,mux,IOTILE
15,13,CFG_IOMUX3,35,1811,4,mux,IOTILE
15,13,CFG_IOMUX3,36,1927,4,mux,IOTILE
15,13,CFG_IOMUX3,37,1811,2,mux,IOTILE
15,13,CFG_IOMUX3,38,1927,2,mux,IOTILE
15,13,CFG_IOMUX3,39,1811,1,mux,IOTILE
15,13,CFG_IOMUX3,40,1927,1,mux,IOTILE
15,13,CFG_IOMUX3,41,1928,128,mux,IOTILE
15,13,CFG_OE_ASYNC_MODE,0,883,16,ioreg,IOTILE
15,13,CFG_OE_ASYNC_MODE,1,882,1,ioreg,IOTILE
15,13,CFG_OE_ASYNC_MODE,2,2159,16,ioreg,IOTILE
15,13,CFG_OE_ASYNC_MODE,3,2158,1,ioreg,IOTILE
15,13,CFG_OE_POWERUP,0,999,8,ioreg,IOTILE
15,13,CFG_OE_POWERUP,1,998,2,ioreg,IOTILE
15,13,CFG_OE_POWERUP,2,2043,8,ioreg,IOTILE
15,13,CFG_OE_POWERUP,3,2042,2,ioreg,IOTILE
15,13,CFG_OE_REG_MODE,0,767,16,ioreg,IOTILE
15,13,CFG_OE_REG_MODE,1,766,1,ioreg,IOTILE
15,13,CFG_OE_REG_MODE,2,2275,16,ioreg,IOTILE
15,13,CFG_OE_REG_MODE,3,2274,1,ioreg,IOTILE
15,13,CFG_OE_SYNC_MODE,0,883,8,ioreg,IOTILE
15,13,CFG_OE_SYNC_MODE,1,882,2,ioreg,IOTILE
15,13,CFG_OE_SYNC_MODE,2,2159,8,ioreg,IOTILE
15,13,CFG_OE_SYNC_MODE,3,2158,2,ioreg,IOTILE
15,13,CFG_OUTDELAY,0,189,128,delay,IOTILE
15,13,CFG_OUTDELAY,1,305,128,delay,IOTILE
15,13,CFG_OUTDELAY,2,187,4,delay,IOTILE
15,13,CFG_OUTDELAY,3,303,4,delay,IOTILE
15,13,CFG_OUT_ASYNC_MODE,0,651,16,ioreg,IOTILE
15,13,CFG_OUT_ASYNC_MODE,1,650,1,ioreg,IOTILE
15,13,CFG_OUT_ASYNC_MODE,2,2391,16,ioreg,IOTILE
15,13,CFG_OUT_ASYNC_MODE,3,2390,1,ioreg,IOTILE
15,13,CFG_OUT_POWERUP,0,767,8,ioreg,IOTILE
15,13,CFG_OUT_POWERUP,1,766,2,ioreg,IOTILE
15,13,CFG_OUT_POWERUP,2,2275,8,ioreg,IOTILE
15,13,CFG_OUT_POWERUP,3,2274,2,ioreg,IOTILE
15,13,CFG_OUT_REG_MODE,0,999,16,ioreg,IOTILE
15,13,CFG_OUT_REG_MODE,1,998,1,ioreg,IOTILE
15,13,CFG_OUT_REG_MODE,2,2043,16,ioreg,IOTILE
15,13,CFG_OUT_REG_MODE,3,2042,1,ioreg,IOTILE
15,13,CFG_OUT_SYNC_MODE,0,651,8,ioreg,IOTILE
15,13,CFG_OUT_SYNC_MODE,1,650,2,ioreg,IOTILE
15,13,CFG_OUT_SYNC_MODE,2,2391,8,ioreg,IOTILE
15,13,CFG_OUT_SYNC_MODE,3,2390,2,ioreg,IOTILE
16,0,CFG_INDA_DELAY,0,99829,2,delay,IOTILE
16,0,CFG_INDA_DELAY,1,99829,1,delay,IOTILE
16,0,CFG_INDA_DELAY,2,99830,128,delay,IOTILE
16,0,CFG_INDA_DELAY,3,99713,2,delay,IOTILE
16,0,CFG_INDA_DELAY,4,99713,1,delay,IOTILE
16,0,CFG_INDA_DELAY,5,99714,128,delay,IOTILE
16,0,CFG_INDA_DELAY,6,99827,2,delay,IOTILE
16,0,CFG_INDA_DELAY,7,99827,1,delay,IOTILE
16,0,CFG_INDA_DELAY,8,99828,128,delay,IOTILE
16,0,CFG_INDA_DELAY,9,99711,2,delay,IOTILE
16,0,CFG_INDA_DELAY,10,99711,1,delay,IOTILE
16,0,CFG_INDA_DELAY,11,99712,128,delay,IOTILE
16,0,CFG_INPUTMUX0,0,99827,128,mux,IOTILE
16,0,CFG_INPUTMUX0,1,99711,128,mux,IOTILE
16,0,CFG_INPUTMUX1,0,99826,32,mux,IOTILE
16,0,CFG_INPUTMUX1,1,99826,16,mux,IOTILE
16,0,CFG_INPUTMUX2,0,99710,1,mux,IOTILE
16,0,CFG_INPUTMUX2,1,99826,1,mux,IOTILE
16,0,CFG_INPUTMUX3,0,99710,32,mux,IOTILE
16,0,CFG_INPUTMUX3,1,99710,16,mux,IOTILE
16,0,CFG_INREG_DELAY,0,99829,8,delay,IOTILE
16,0,CFG_INREG_DELAY,1,99829,16,delay,IOTILE
16,0,CFG_INREG_DELAY,2,99829,32,delay,IOTILE
16,0,CFG_INREG_DELAY,3,99713,8,delay,IOTILE
16,0,CFG_INREG_DELAY,4,99713,16,delay,IOTILE
16,0,CFG_INREG_DELAY,5,99713,32,delay,IOTILE
16,0,CFG_INREG_DELAY,6,99827,16,delay,IOTILE
16,0,CFG_INREG_DELAY,7,99827,8,delay,IOTILE
16,0,CFG_INREG_DELAY,8,99827,32,delay,IOTILE
16,0,CFG_INREG_DELAY,9,99711,32,delay,IOTILE
16,0,CFG_INREG_DELAY,10,99711,16,delay,IOTILE
16,0,CFG_INREG_DELAY,11,99711,8,delay,IOTILE
16,0,CFG_IN_ASYNC_MODE,0,99594,1,ioreg,IOTILE
16,0,CFG_IN_ASYNC_MODE,1,99594,16,ioreg,IOTILE
16,0,CFG_IN_ASYNC_MODE,2,97390,1,ioreg,IOTILE
16,0,CFG_IN_ASYNC_MODE,3,97390,16,ioreg,IOTILE
16,0,CFG_IN_POWERUP,0,99479,128,ioreg,IOTILE
16,0,CFG_IN_POWERUP,1,99478,32,ioreg,IOTILE
16,0,CFG_IN_POWERUP,2,97507,128,ioreg,IOTILE
16,0,CFG_IN_POWERUP,3,97506,32,ioreg,IOTILE
16,0,CFG_IN_SYNC_MODE,0,99595,128,ioreg,IOTILE
16,0,CFG_IN_SYNC_MODE,1,99594,32,ioreg,IOTILE
16,0,CFG_IN_SYNC_MODE,2,97391,128,ioreg,IOTILE
16,0,CFG_IN_SYNC_MODE,3,97390,32,ioreg,IOTILE
16,0,CFG_IOMUX0,0,99596,64,mux,IOTILE
16,0,CFG_IOMUX0,1,99480,64,mux,IOTILE
16,0,CFG_IOMUX0,2,99596,32,mux,IOTILE
16,0,CFG_IOMUX0,3,99480,32,mux,IOTILE
16,0,CFG_IOMUX0,4,99596,16,mux,IOTILE
16,0,CFG_IOMUX0,5,99480,16,mux,IOTILE
16,0,CFG_IOMUX0,6,99480,8,mux,IOTILE
16,0,CFG_IOMUX0,7,99364,64,mux,IOTILE
16,0,CFG_IOMUX0,8,99248,64,mux,IOTILE
16,0,CFG_IOMUX0,9,99364,32,mux,IOTILE
16,0,CFG_IOMUX0,10,99248,32,mux,IOTILE
16,0,CFG_IOMUX0,11,99364,16,mux,IOTILE
16,0,CFG_IOMUX0,12,99248,16,mux,IOTILE
16,0,CFG_IOMUX0,13,99248,8,mux,IOTILE
16,0,CFG_IOMUX0,14,97508,64,mux,IOTILE
16,0,CFG_IOMUX0,15,97392,64,mux,IOTILE
16,0,CFG_IOMUX0,16,97508,32,mux,IOTILE
16,0,CFG_IOMUX0,17,97392,32,mux,IOTILE
16,0,CFG_IOMUX0,18,97508,16,mux,IOTILE
16,0,CFG_IOMUX0,19,97392,16,mux,IOTILE
16,0,CFG_IOMUX0,20,97392,8,mux,IOTILE
16,0,CFG_IOMUX0,21,97740,64,mux,IOTILE
16,0,CFG_IOMUX0,22,97624,64,mux,IOTILE
16,0,CFG_IOMUX0,23,97740,32,mux,IOTILE
16,0,CFG_IOMUX0,24,97624,32,mux,IOTILE
16,0,CFG_IOMUX0,25,97740,16,mux,IOTILE
16,0,CFG_IOMUX0,26,97624,16,mux,IOTILE
16,0,CFG_IOMUX0,27,97624,8,mux,IOTILE
16,0,CFG_IOMUX0,28,99132,64,mux,IOTILE
16,0,CFG_IOMUX0,29,99016,64,mux,IOTILE
16,0,CFG_IOMUX0,30,99132,32,mux,IOTILE
16,0,CFG_IOMUX0,31,99016,32,mux,IOTILE
16,0,CFG_IOMUX0,32,99132,16,mux,IOTILE
16,0,CFG_IOMUX0,33,99016,16,mux,IOTILE
16,0,CFG_IOMUX0,34,99016,8,mux,IOTILE
16,0,CFG_IOMUX0,35,98900,64,mux,IOTILE
16,0,CFG_IOMUX0,36,98784,64,mux,IOTILE
16,0,CFG_IOMUX0,37,98900,32,mux,IOTILE
16,0,CFG_IOMUX0,38,98784,32,mux,IOTILE
16,0,CFG_IOMUX0,39,98900,16,mux,IOTILE
16,0,CFG_IOMUX0,40,98784,16,mux,IOTILE
16,0,CFG_IOMUX0,41,98784,8,mux,IOTILE
16,0,CFG_IOMUX1,0,97972,64,mux,IOTILE
16,0,CFG_IOMUX1,1,97856,64,mux,IOTILE
16,0,CFG_IOMUX1,2,97972,32,mux,IOTILE
16,0,CFG_IOMUX1,3,97856,32,mux,IOTILE
16,0,CFG_IOMUX1,4,97972,16,mux,IOTILE
16,0,CFG_IOMUX1,5,97856,16,mux,IOTILE
16,0,CFG_IOMUX1,6,97856,8,mux,IOTILE
16,0,CFG_IOMUX1,7,98204,64,mux,IOTILE
16,0,CFG_IOMUX1,8,98088,64,mux,IOTILE
16,0,CFG_IOMUX1,9,98204,32,mux,IOTILE
16,0,CFG_IOMUX1,10,98088,32,mux,IOTILE
16,0,CFG_IOMUX1,11,98204,16,mux,IOTILE
16,0,CFG_IOMUX1,12,98088,16,mux,IOTILE
16,0,CFG_IOMUX1,13,98088,8,mux,IOTILE
16,0,CFG_IOMUX1,14,99132,128,mux,IOTILE
16,0,CFG_IOMUX1,15,99016,128,mux,IOTILE
16,0,CFG_IOMUX1,16,99131,1,mux,IOTILE
16,0,CFG_IOMUX1,17,99015,1,mux,IOTILE
16,0,CFG_IOMUX1,18,99131,2,mux,IOTILE
16,0,CFG_IOMUX1,19,99015,2,mux,IOTILE
16,0,CFG_IOMUX1,20,99015,4,mux,IOTILE
16,0,CFG_IOMUX1,21,98900,128,mux,IOTILE
16,0,CFG_IOMUX1,22,98784,128,mux,IOTILE
16,0,CFG_IOMUX1,23,98899,1,mux,IOTILE
16,0,CFG_IOMUX1,24,98783,1,mux,IOTILE
16,0,CFG_IOMUX1,25,98899,2,mux,IOTILE
16,0,CFG_IOMUX1,26,98783,2,mux,IOTILE
16,0,CFG_IOMUX1,27,98783,4,mux,IOTILE
16,0,CFG_IOMUX1,28,97972,128,mux,IOTILE
16,0,CFG_IOMUX1,29,97856,128,mux,IOTILE
16,0,CFG_IOMUX1,30,97971,1,mux,IOTILE
16,0,CFG_IOMUX1,31,97855,1,mux,IOTILE
16,0,CFG_IOMUX1,32,97971,2,mux,IOTILE
16,0,CFG_IOMUX1,33,97855,2,mux,IOTILE
16,0,CFG_IOMUX1,34,97855,4,mux,IOTILE
16,0,CFG_IOMUX1,35,98204,128,mux,IOTILE
16,0,CFG_IOMUX1,36,98088,128,mux,IOTILE
16,0,CFG_IOMUX1,37,98203,1,mux,IOTILE
16,0,CFG_IOMUX1,38,98087,1,mux,IOTILE
16,0,CFG_IOMUX1,39,98203,2,mux,IOTILE
16,0,CFG_IOMUX1,40,98087,2,mux,IOTILE
16,0,CFG_IOMUX1,41,98087,4,mux,IOTILE
16,0,CFG_IOMUX2,0,99596,128,mux,IOTILE
16,0,CFG_IOMUX2,1,99480,128,mux,IOTILE
16,0,CFG_IOMUX2,2,99595,1,mux,IOTILE
16,0,CFG_IOMUX2,3,99479,1,mux,IOTILE
16,0,CFG_IOMUX2,4,99595,2,mux,IOTILE
16,0,CFG_IOMUX2,5,99479,2,mux,IOTILE
16,0,CFG_IOMUX2,6,99479,4,mux,IOTILE
16,0,CFG_IOMUX2,7,99364,128,mux,IOTILE
16,0,CFG_IOMUX2,8,99248,128,mux,IOTILE
16,0,CFG_IOMUX2,9,99363,1,mux,IOTILE
16,0,CFG_IOMUX2,10,99247,1,mux,IOTILE
16,0,CFG_IOMUX2,11,99363,2,mux,IOTILE
16,0,CFG_IOMUX2,12,99247,2,mux,IOTILE
16,0,CFG_IOMUX2,13,99247,4,mux,IOTILE
16,0,CFG_IOMUX2,14,97508,128,mux,IOTILE
16,0,CFG_IOMUX2,15,97392,128,mux,IOTILE
16,0,CFG_IOMUX2,16,97507,1,mux,IOTILE
16,0,CFG_IOMUX2,17,97391,1,mux,IOTILE
16,0,CFG_IOMUX2,18,97507,2,mux,IOTILE
16,0,CFG_IOMUX2,19,97391,2,mux,IOTILE
16,0,CFG_IOMUX2,20,97391,4,mux,IOTILE
16,0,CFG_IOMUX2,21,97740,128,mux,IOTILE
16,0,CFG_IOMUX2,22,97624,128,mux,IOTILE
16,0,CFG_IOMUX2,23,97739,1,mux,IOTILE
16,0,CFG_IOMUX2,24,97623,1,mux,IOTILE
16,0,CFG_IOMUX2,25,97739,2,mux,IOTILE
16,0,CFG_IOMUX2,26,97623,2,mux,IOTILE
16,0,CFG_IOMUX2,27,97623,4,mux,IOTILE
16,0,CFG_IOMUX2,28,99595,64,mux,IOTILE
16,0,CFG_IOMUX2,29,99479,64,mux,IOTILE
16,0,CFG_IOMUX2,30,99595,32,mux,IOTILE
16,0,CFG_IOMUX2,31,99479,32,mux,IOTILE
16,0,CFG_IOMUX2,32,99595,16,mux,IOTILE
16,0,CFG_IOMUX2,33,99479,16,mux,IOTILE
16,0,CFG_IOMUX2,34,99479,8,mux,IOTILE
16,0,CFG_IOMUX2,35,99363,64,mux,IOTILE
16,0,CFG_IOMUX2,36,99247,64,mux,IOTILE
16,0,CFG_IOMUX2,37,99363,32,mux,IOTILE
16,0,CFG_IOMUX2,38,99247,32,mux,IOTILE
16,0,CFG_IOMUX2,39,99363,16,mux,IOTILE
16,0,CFG_IOMUX2,40,99247,16,mux,IOTILE
16,0,CFG_IOMUX2,41,99247,8,mux,IOTILE
16,0,CFG_IOMUX3,0,97507,64,mux,IOTILE
16,0,CFG_IOMUX3,1,97391,64,mux,IOTILE
16,0,CFG_IOMUX3,2,97507,32,mux,IOTILE
16,0,CFG_IOMUX3,3,97391,32,mux,IOTILE
16,0,CFG_IOMUX3,4,97507,16,mux,IOTILE
16,0,CFG_IOMUX3,5,97391,16,mux,IOTILE
16,0,CFG_IOMUX3,6,97391,8,mux,IOTILE
16,0,CFG_IOMUX3,7,97739,64,mux,IOTILE
16,0,CFG_IOMUX3,8,97623,64,mux,IOTILE
16,0,CFG_IOMUX3,9,97739,32,mux,IOTILE
16,0,CFG_IOMUX3,10,97623,32,mux,IOTILE
16,0,CFG_IOMUX3,11,97739,16,mux,IOTILE
16,0,CFG_IOMUX3,12,97623,16,mux,IOTILE
16,0,CFG_IOMUX3,13,97623,8,mux,IOTILE
16,0,CFG_IOMUX3,14,99131,64,mux,IOTILE
16,0,CFG_IOMUX3,15,99015,64,mux,IOTILE
16,0,CFG_IOMUX3,16,99131,32,mux,IOTILE
16,0,CFG_IOMUX3,17,99015,32,mux,IOTILE
16,0,CFG_IOMUX3,18,99131,16,mux,IOTILE
16,0,CFG_IOMUX3,19,99015,16,mux,IOTILE
16,0,CFG_IOMUX3,20,99015,8,mux,IOTILE
16,0,CFG_IOMUX3,21,98899,64,mux,IOTILE
16,0,CFG_IOMUX3,22,98783,64,mux,IOTILE
16,0,CFG_IOMUX3,23,98899,32,mux,IOTILE
16,0,CFG_IOMUX3,24,98783,32,mux,IOTILE
16,0,CFG_IOMUX3,25,98899,16,mux,IOTILE
16,0,CFG_IOMUX3,26,98783,16,mux,IOTILE
16,0,CFG_IOMUX3,27,98783,8,mux,IOTILE
16,0,CFG_IOMUX3,28,97971,64,mux,IOTILE
16,0,CFG_IOMUX3,29,97855,64,mux,IOTILE
16,0,CFG_IOMUX3,30,97971,32,mux,IOTILE
16,0,CFG_IOMUX3,31,97855,32,mux,IOTILE
16,0,CFG_IOMUX3,32,97971,16,mux,IOTILE
16,0,CFG_IOMUX3,33,97855,16,mux,IOTILE
16,0,CFG_IOMUX3,34,97855,8,mux,IOTILE
16,0,CFG_IOMUX3,35,98203,64,mux,IOTILE
16,0,CFG_IOMUX3,36,98087,64,mux,IOTILE
16,0,CFG_IOMUX3,37,98203,32,mux,IOTILE
16,0,CFG_IOMUX3,38,98087,32,mux,IOTILE
16,0,CFG_IOMUX3,39,98203,16,mux,IOTILE
16,0,CFG_IOMUX3,40,98087,16,mux,IOTILE
16,0,CFG_IOMUX3,41,98087,8,mux,IOTILE
16,0,CFG_OE_ASYNC_MODE,0,99130,1,ioreg,IOTILE
16,0,CFG_OE_ASYNC_MODE,1,99130,16,ioreg,IOTILE
16,0,CFG_OE_ASYNC_MODE,2,97854,1,ioreg,IOTILE
16,0,CFG_OE_ASYNC_MODE,3,97854,16,ioreg,IOTILE
16,0,CFG_OE_POWERUP,0,99015,128,ioreg,IOTILE
16,0,CFG_OE_POWERUP,1,99014,32,ioreg,IOTILE
16,0,CFG_OE_POWERUP,2,97971,128,ioreg,IOTILE
16,0,CFG_OE_POWERUP,3,97970,32,ioreg,IOTILE
16,0,CFG_OE_REG_MODE,0,99246,1,ioreg,IOTILE
16,0,CFG_OE_REG_MODE,1,99246,16,ioreg,IOTILE
16,0,CFG_OE_REG_MODE,2,97738,1,ioreg,IOTILE
16,0,CFG_OE_REG_MODE,3,97738,16,ioreg,IOTILE
16,0,CFG_OE_SYNC_MODE,0,99131,128,ioreg,IOTILE
16,0,CFG_OE_SYNC_MODE,1,99130,32,ioreg,IOTILE
16,0,CFG_OE_SYNC_MODE,2,97855,128,ioreg,IOTILE
16,0,CFG_OE_SYNC_MODE,3,97854,32,ioreg,IOTILE
16,0,CFG_OUTDELAY,0,99828,8,delay,IOTILE
16,0,CFG_OUTDELAY,1,99712,8,delay,IOTILE
16,0,CFG_OUTDELAY,2,99827,64,delay,IOTILE
16,0,CFG_OUTDELAY,3,99711,64,delay,IOTILE
16,0,CFG_OUT_ASYNC_MODE,0,99362,1,ioreg,IOTILE
16,0,CFG_OUT_ASYNC_MODE,1,99362,16,ioreg,IOTILE
16,0,CFG_OUT_ASYNC_MODE,2,97622,1,ioreg,IOTILE
16,0,CFG_OUT_ASYNC_MODE,3,97622,16,ioreg,IOTILE
16,0,CFG_OUT_POWERUP,0,99247,128,ioreg,IOTILE
16,0,CFG_OUT_POWERUP,1,99246,32,ioreg,IOTILE
16,0,CFG_OUT_POWERUP,2,97739,128,ioreg,IOTILE
16,0,CFG_OUT_POWERUP,3,97738,32,ioreg,IOTILE
16,0,CFG_OUT_REG_MODE,0,99014,1,ioreg,IOTILE
16,0,CFG_OUT_REG_MODE,1,99014,16,ioreg,IOTILE
16,0,CFG_OUT_REG_MODE,2,97970,1,ioreg,IOTILE
16,0,CFG_OUT_REG_MODE,3,97970,16,ioreg,IOTILE
16,0,CFG_OUT_SYNC_MODE,0,99363,128,ioreg,IOTILE
16,0,CFG_OUT_SYNC_MODE,1,99362,32,ioreg,IOTILE
16,0,CFG_OUT_SYNC_MODE,2,97623,128,ioreg,IOTILE
16,0,CFG_OUT_SYNC_MODE,3,97622,32,ioreg,IOTILE
16,13,CFG_INDA_DELAY,0,185,2,delay,IOTILE
16,13,CFG_INDA_DELAY,1,185,1,delay,IOTILE
16,13,CFG_INDA_DELAY,2,186,128,delay,IOTILE
16,13,CFG_INDA_DELAY,3,301,2,delay,IOTILE
16,13,CFG_INDA_DELAY,4,301,1,delay,IOTILE
16,13,CFG_INDA_DELAY,5,302,128,delay,IOTILE
16,13,CFG_INDA_DELAY,6,183,2,delay,IOTILE
16,13,CFG_INDA_DELAY,7,183,1,delay,IOTILE
16,13,CFG_INDA_DELAY,8,184,128,delay,IOTILE
16,13,CFG_INDA_DELAY,9,299,2,delay,IOTILE
16,13,CFG_INDA_DELAY,10,299,1,delay,IOTILE
16,13,CFG_INDA_DELAY,11,300,128,delay,IOTILE
16,13,CFG_INPUTMUX0,0,183,128,mux,IOTILE
16,13,CFG_INPUTMUX0,1,299,128,mux,IOTILE
16,13,CFG_INPUTMUX1,0,182,32,mux,IOTILE
16,13,CFG_INPUTMUX1,1,182,16,mux,IOTILE
16,13,CFG_INPUTMUX2,0,298,1,mux,IOTILE
16,13,CFG_INPUTMUX2,1,182,1,mux,IOTILE
16,13,CFG_INPUTMUX3,0,298,32,mux,IOTILE
16,13,CFG_INPUTMUX3,1,298,16,mux,IOTILE
16,13,CFG_INREG_DELAY,0,185,8,delay,IOTILE
16,13,CFG_INREG_DELAY,1,185,16,delay,IOTILE
16,13,CFG_INREG_DELAY,2,185,32,delay,IOTILE
16,13,CFG_INREG_DELAY,3,301,8,delay,IOTILE
16,13,CFG_INREG_DELAY,4,301,16,delay,IOTILE
16,13,CFG_INREG_DELAY,5,301,32,delay,IOTILE
16,13,CFG_INREG_DELAY,6,183,16,delay,IOTILE
16,13,CFG_INREG_DELAY,7,183,8,delay,IOTILE
16,13,CFG_INREG_DELAY,8,183,32,delay,IOTILE
16,13,CFG_INREG_DELAY,9,299,32,delay,IOTILE
16,13,CFG_INREG_DELAY,10,299,16,delay,IOTILE
16,13,CFG_INREG_DELAY,11,299,8,delay,IOTILE
16,13,CFG_IN_ASYNC_MODE,0,414,1,ioreg,IOTILE
16,13,CFG_IN_ASYNC_MODE,1,414,16,ioreg,IOTILE
16,13,CFG_IN_ASYNC_MODE,2,2618,1,ioreg,IOTILE
16,13,CFG_IN_ASYNC_MODE,3,2618,16,ioreg,IOTILE
16,13,CFG_IN_POWERUP,0,531,128,ioreg,IOTILE
16,13,CFG_IN_POWERUP,1,530,32,ioreg,IOTILE
16,13,CFG_IN_POWERUP,2,2503,128,ioreg,IOTILE
16,13,CFG_IN_POWERUP,3,2502,32,ioreg,IOTILE
16,13,CFG_IN_SYNC_MODE,0,415,128,ioreg,IOTILE
16,13,CFG_IN_SYNC_MODE,1,414,32,ioreg,IOTILE
16,13,CFG_IN_SYNC_MODE,2,2619,128,ioreg,IOTILE
16,13,CFG_IN_SYNC_MODE,3,2618,32,ioreg,IOTILE
16,13,CFG_IOMUX0,0,416,64,mux,IOTILE
16,13,CFG_IOMUX0,1,532,64,mux,IOTILE
16,13,CFG_IOMUX0,2,416,32,mux,IOTILE
16,13,CFG_IOMUX0,3,532,32,mux,IOTILE
16,13,CFG_IOMUX0,4,416,16,mux,IOTILE
16,13,CFG_IOMUX0,5,532,16,mux,IOTILE
16,13,CFG_IOMUX0,6,532,8,mux,IOTILE
16,13,CFG_IOMUX0,7,648,64,mux,IOTILE
16,13,CFG_IOMUX0,8,764,64,mux,IOTILE
16,13,CFG_IOMUX0,9,648,32,mux,IOTILE
16,13,CFG_IOMUX0,10,764,32,mux,IOTILE
16,13,CFG_IOMUX0,11,648,16,mux,IOTILE
16,13,CFG_IOMUX0,12,764,16,mux,IOTILE
16,13,CFG_IOMUX0,13,764,8,mux,IOTILE
16,13,CFG_IOMUX0,14,2504,64,mux,IOTILE
16,13,CFG_IOMUX0,15,2620,64,mux,IOTILE
16,13,CFG_IOMUX0,16,2504,32,mux,IOTILE
16,13,CFG_IOMUX0,17,2620,32,mux,IOTILE
16,13,CFG_IOMUX0,18,2504,16,mux,IOTILE
16,13,CFG_IOMUX0,19,2620,16,mux,IOTILE
16,13,CFG_IOMUX0,20,2620,8,mux,IOTILE
16,13,CFG_IOMUX0,21,2272,64,mux,IOTILE
16,13,CFG_IOMUX0,22,2388,64,mux,IOTILE
16,13,CFG_IOMUX0,23,2272,32,mux,IOTILE
16,13,CFG_IOMUX0,24,2388,32,mux,IOTILE
16,13,CFG_IOMUX0,25,2272,16,mux,IOTILE
16,13,CFG_IOMUX0,26,2388,16,mux,IOTILE
16,13,CFG_IOMUX0,27,2388,8,mux,IOTILE
16,13,CFG_IOMUX0,28,880,64,mux,IOTILE
16,13,CFG_IOMUX0,29,996,64,mux,IOTILE
16,13,CFG_IOMUX0,30,880,32,mux,IOTILE
16,13,CFG_IOMUX0,31,996,32,mux,IOTILE
16,13,CFG_IOMUX0,32,880,16,mux,IOTILE
16,13,CFG_IOMUX0,33,996,16,mux,IOTILE
16,13,CFG_IOMUX0,34,996,8,mux,IOTILE
16,13,CFG_IOMUX0,35,1112,64,mux,IOTILE
16,13,CFG_IOMUX0,36,1228,64,mux,IOTILE
16,13,CFG_IOMUX0,37,1112,32,mux,IOTILE
16,13,CFG_IOMUX0,38,1228,32,mux,IOTILE
16,13,CFG_IOMUX0,39,1112,16,mux,IOTILE
16,13,CFG_IOMUX0,40,1228,16,mux,IOTILE
16,13,CFG_IOMUX0,41,1228,8,mux,IOTILE
16,13,CFG_IOMUX1,0,2040,64,mux,IOTILE
16,13,CFG_IOMUX1,1,2156,64,mux,IOTILE
16,13,CFG_IOMUX1,2,2040,32,mux,IOTILE
16,13,CFG_IOMUX1,3,2156,32,mux,IOTILE
16,13,CFG_IOMUX1,4,2040,16,mux,IOTILE
16,13,CFG_IOMUX1,5,2156,16,mux,IOTILE
16,13,CFG_IOMUX1,6,2156,8,mux,IOTILE
16,13,CFG_IOMUX1,7,1808,64,mux,IOTILE
16,13,CFG_IOMUX1,8,1924,64,mux,IOTILE
16,13,CFG_IOMUX1,9,1808,32,mux,IOTILE
16,13,CFG_IOMUX1,10,1924,32,mux,IOTILE
16,13,CFG_IOMUX1,11,1808,16,mux,IOTILE
16,13,CFG_IOMUX1,12,1924,16,mux,IOTILE
16,13,CFG_IOMUX1,13,1924,8,mux,IOTILE
16,13,CFG_IOMUX1,14,880,128,mux,IOTILE
16,13,CFG_IOMUX1,15,996,128,mux,IOTILE
16,13,CFG_IOMUX1,16,879,1,mux,IOTILE
16,13,CFG_IOMUX1,17,995,1,mux,IOTILE
16,13,CFG_IOMUX1,18,879,2,mux,IOTILE
16,13,CFG_IOMUX1,19,995,2,mux,IOTILE
16,13,CFG_IOMUX1,20,995,4,mux,IOTILE
16,13,CFG_IOMUX1,21,1112,128,mux,IOTILE
16,13,CFG_IOMUX1,22,1228,128,mux,IOTILE
16,13,CFG_IOMUX1,23,1111,1,mux,IOTILE
16,13,CFG_IOMUX1,24,1227,1,mux,IOTILE
16,13,CFG_IOMUX1,25,1111,2,mux,IOTILE
16,13,CFG_IOMUX1,26,1227,2,mux,IOTILE
16,13,CFG_IOMUX1,27,1227,4,mux,IOTILE
16,13,CFG_IOMUX1,28,2040,128,mux,IOTILE
16,13,CFG_IOMUX1,29,2156,128,mux,IOTILE
16,13,CFG_IOMUX1,30,2039,1,mux,IOTILE
16,13,CFG_IOMUX1,31,2155,1,mux,IOTILE
16,13,CFG_IOMUX1,32,2039,2,mux,IOTILE
16,13,CFG_IOMUX1,33,2155,2,mux,IOTILE
16,13,CFG_IOMUX1,34,2155,4,mux,IOTILE
16,13,CFG_IOMUX1,35,1808,128,mux,IOTILE
16,13,CFG_IOMUX1,36,1924,128,mux,IOTILE
16,13,CFG_IOMUX1,37,1807,1,mux,IOTILE
16,13,CFG_IOMUX1,38,1923,1,mux,IOTILE
16,13,CFG_IOMUX1,39,1807,2,mux,IOTILE
16,13,CFG_IOMUX1,40,1923,2,mux,IOTILE
16,13,CFG_IOMUX1,41,1923,4,mux,IOTILE
16,13,CFG_IOMUX2,0,416,128,mux,IOTILE
16,13,CFG_IOMUX2,1,532,128,mux,IOTILE
16,13,CFG_IOMUX2,2,415,1,mux,IOTILE
16,13,CFG_IOMUX2,3,531,1,mux,IOTILE
16,13,CFG_IOMUX2,4,415,2,mux,IOTILE
16,13,CFG_IOMUX2,5,531,2,mux,IOTILE
16,13,CFG_IOMUX2,6,531,4,mux,IOTILE
16,13,CFG_IOMUX2,7,648,128,mux,IOTILE
16,13,CFG_IOMUX2,8,764,128,mux,IOTILE
16,13,CFG_IOMUX2,9,647,1,mux,IOTILE
16,13,CFG_IOMUX2,10,763,1,mux,IOTILE
16,13,CFG_IOMUX2,11,647,2,mux,IOTILE
16,13,CFG_IOMUX2,12,763,2,mux,IOTILE
16,13,CFG_IOMUX2,13,763,4,mux,IOTILE
16,13,CFG_IOMUX2,14,2504,128,mux,IOTILE
16,13,CFG_IOMUX2,15,2620,128,mux,IOTILE
16,13,CFG_IOMUX2,16,2503,1,mux,IOTILE
16,13,CFG_IOMUX2,17,2619,1,mux,IOTILE
16,13,CFG_IOMUX2,18,2503,2,mux,IOTILE
16,13,CFG_IOMUX2,19,2619,2,mux,IOTILE
16,13,CFG_IOMUX2,20,2619,4,mux,IOTILE
16,13,CFG_IOMUX2,21,2272,128,mux,IOTILE
16,13,CFG_IOMUX2,22,2388,128,mux,IOTILE
16,13,CFG_IOMUX2,23,2271,1,mux,IOTILE
16,13,CFG_IOMUX2,24,2387,1,mux,IOTILE
16,13,CFG_IOMUX2,25,2271,2,mux,IOTILE
16,13,CFG_IOMUX2,26,2387,2,mux,IOTILE
16,13,CFG_IOMUX2,27,2387,4,mux,IOTILE
16,13,CFG_IOMUX2,28,415,64,mux,IOTILE
16,13,CFG_IOMUX2,29,531,64,mux,IOTILE
16,13,CFG_IOMUX2,30,415,32,mux,IOTILE
16,13,CFG_IOMUX2,31,531,32,mux,IOTILE
16,13,CFG_IOMUX2,32,415,16,mux,IOTILE
16,13,CFG_IOMUX2,33,531,16,mux,IOTILE
16,13,CFG_IOMUX2,34,531,8,mux,IOTILE
16,13,CFG_IOMUX2,35,647,64,mux,IOTILE
16,13,CFG_IOMUX2,36,763,64,mux,IOTILE
16,13,CFG_IOMUX2,37,647,32,mux,IOTILE
16,13,CFG_IOMUX2,38,763,32,mux,IOTILE
16,13,CFG_IOMUX2,39,647,16,mux,IOTILE
16,13,CFG_IOMUX2,40,763,16,mux,IOTILE
16,13,CFG_IOMUX2,41,763,8,mux,IOTILE
16,13,CFG_IOMUX3,0,2503,64,mux,IOTILE
16,13,CFG_IOMUX3,1,2619,64,mux,IOTILE
16,13,CFG_IOMUX3,2,2503,32,mux,IOTILE
16,13,CFG_IOMUX3,3,2619,32,mux,IOTILE
16,13,CFG_IOMUX3,4,2503,16,mux,IOTILE
16,13,CFG_IOMUX3,5,2619,16,mux,IOTILE
16,13,CFG_IOMUX3,6,2619,8,mux,IOTILE
16,13,CFG_IOMUX3,7,2271,64,mux,IOTILE
16,13,CFG_IOMUX3,8,2387,64,mux,IOTILE
16,13,CFG_IOMUX3,9,2271,32,mux,IOTILE
16,13,CFG_IOMUX3,10,2387,32,mux,IOTILE
16,13,CFG_IOMUX3,11,2271,16,mux,IOTILE
16,13,CFG_IOMUX3,12,2387,16,mux,IOTILE
16,13,CFG_IOMUX3,13,2387,8,mux,IOTILE
16,13,CFG_IOMUX3,14,879,64,mux,IOTILE
16,13,CFG_IOMUX3,15,995,64,mux,IOTILE
16,13,CFG_IOMUX3,16,879,32,mux,IOTILE
16,13,CFG_IOMUX3,17,995,32,mux,IOTILE
16,13,CFG_IOMUX3,18,879,16,mux,IOTILE
16,13,CFG_IOMUX3,19,995,16,mux,IOTILE
16,13,CFG_IOMUX3,20,995,8,mux,IOTILE
16,13,CFG_IOMUX3,21,1111,64,mux,IOTILE
16,13,CFG_IOMUX3,22,1227,64,mux,IOTILE
16,13,CFG_IOMUX3,23,1111,32,mux,IOTILE
16,13,CFG_IOMUX3,24,1227,32,mux,IOTILE
16,13,CFG_IOMUX3,25,1111,16,mux,IOTILE
16,13,CFG_IOMUX3,26,1227,16,mux,IOTILE
16,13,CFG_IOMUX3,27,1227,8,mux,IOTILE
16,13,CFG_IOMUX3,28,2039,64,mux,IOTILE
16,13,CFG_IOMUX3,29,2155,64,mux,IOTILE
16,13,CFG_IOMUX3,30,2039,32,mux,IOTILE
16,13,CFG_IOMUX3,31,2155,32,mux,IOTILE
16,13,CFG_IOMUX3,32,2039,16,mux,IOTILE
16,13,CFG_IOMUX3,33,2155,16,mux,IOTILE
16,13,CFG_IOMUX3,34,2155,8,mux,IOTILE
16,13,CFG_IOMUX3,35,1807,64,mux,IOTILE
16,13,CFG_IOMUX3,36,1923,64,mux,IOTILE
16,13,CFG_IOMUX3,37,1807,32,mux,IOTILE
16,13,CFG_IOMUX3,38,1923,32,mux,IOTILE
16,13,CFG_IOMUX3,39,1807,16,mux,IOTILE
16,13,CFG_IOMUX3,40,1923,16,mux,IOTILE
16,13,CFG_IOMUX3,41,1923,8,mux,IOTILE
16,13,CFG_OE_ASYNC_MODE,0,878,1,ioreg,IOTILE
16,13,CFG_OE_ASYNC_MODE,1,878,16,ioreg,IOTILE
16,13,CFG_OE_ASYNC_MODE,2,2154,1,ioreg,IOTILE
16,13,CFG_OE_ASYNC_MODE,3,2154,16,ioreg,IOTILE
16,13,CFG_OE_POWERUP,0,995,128,ioreg,IOTILE
16,13,CFG_OE_POWERUP,1,994,32,ioreg,IOTILE
16,13,CFG_OE_POWERUP,2,2039,128,ioreg,IOTILE
16,13,CFG_OE_POWERUP,3,2038,32,ioreg,IOTILE
16,13,CFG_OE_REG_MODE,0,762,1,ioreg,IOTILE
16,13,CFG_OE_REG_MODE,1,762,16,ioreg,IOTILE
16,13,CFG_OE_REG_MODE,2,2270,1,ioreg,IOTILE
16,13,CFG_OE_REG_MODE,3,2270,16,ioreg,IOTILE
16,13,CFG_OE_SYNC_MODE,0,879,128,ioreg,IOTILE
16,13,CFG_OE_SYNC_MODE,1,878,32,ioreg,IOTILE
16,13,CFG_OE_SYNC_MODE,2,2155,128,ioreg,IOTILE
16,13,CFG_OE_SYNC_MODE,3,2154,32,ioreg,IOTILE
16,13,CFG_OUTDELAY,0,184,8,delay,IOTILE
16,13,CFG_OUTDELAY,1,300,8,delay,IOTILE
16,13,CFG_OUTDELAY,2,183,64,delay,IOTILE
16,13,CFG_OUTDELAY,3,299,64,delay,IOTILE
16,13,CFG_OUT_ASYNC_MODE,0,646,1,ioreg,IOTILE
16,13,CFG_OUT_ASYNC_MODE,1,646,16,ioreg,IOTILE
16,13,CFG_OUT_ASYNC_MODE,2,2386,1,ioreg,IOTILE
16,13,CFG_OUT_ASYNC_MODE,3,2386,16,ioreg,IOTILE
16,13,CFG_OUT_POWERUP,0,763,128,ioreg,IOTILE
16,13,CFG_OUT_POWERUP,1,762,32,ioreg,IOTILE
16,13,CFG_OUT_POWERUP,2,2271,128,ioreg,IOTILE
16,13,CFG_OUT_POWERUP,3,2270,32,ioreg,IOTILE
16,13,CFG_OUT_REG_MODE,0,994,1,ioreg,IOTILE
16,13,CFG_OUT_REG_MODE,1,994,16,ioreg,IOTILE
16,13,CFG_OUT_REG_MODE,2,2038,1,ioreg,IOTILE
16,13,CFG_OUT_REG_MODE,3,2038,16,ioreg,IOTILE
16,13,CFG_OUT_SYNC_MODE,0,647,128,ioreg,IOTILE
16,13,CFG_OUT_SYNC_MODE,1,646,32,ioreg,IOTILE
16,13,CFG_OUT_SYNC_MODE,2,2387,128,ioreg,IOTILE
16,13,CFG_OUT_SYNC_MODE,3,2386,32,ioreg,IOTILE
17,0,CFG_INDA_DELAY,0,99825,32,delay,IOTILE
17,0,CFG_INDA_DELAY,1,99825,16,delay,IOTILE
17,0,CFG_INDA_DELAY,2,99825,8,delay,IOTILE
17,0,CFG_INDA_DELAY,3,99709,32,delay,IOTILE
17,0,CFG_INDA_DELAY,4,99709,16,delay,IOTILE
17,0,CFG_INDA_DELAY,5,99709,8,delay,IOTILE
17,0,CFG_INDA_DELAY,6,99823,32,delay,IOTILE
17,0,CFG_INDA_DELAY,7,99823,16,delay,IOTILE
17,0,CFG_INDA_DELAY,8,99823,8,delay,IOTILE
17,0,CFG_INDA_DELAY,9,99707,32,delay,IOTILE
17,0,CFG_INDA_DELAY,10,99707,16,delay,IOTILE
17,0,CFG_INDA_DELAY,11,99707,8,delay,IOTILE
17,0,CFG_INPUTMUX0,0,99822,8,mux,IOTILE
17,0,CFG_INPUTMUX0,1,99706,8,mux,IOTILE
17,0,CFG_INPUTMUX1,0,99821,2,mux,IOTILE
17,0,CFG_INPUTMUX1,1,99821,1,mux,IOTILE
17,0,CFG_INPUTMUX2,0,99706,16,mux,IOTILE
17,0,CFG_INPUTMUX2,1,99822,16,mux,IOTILE
17,0,CFG_INPUTMUX3,0,99705,2,mux,IOTILE
17,0,CFG_INPUTMUX3,1,99705,1,mux,IOTILE
17,0,CFG_INREG_DELAY,0,99825,128,delay,IOTILE
17,0,CFG_INREG_DELAY,1,99824,1,delay,IOTILE
17,0,CFG_INREG_DELAY,2,99824,2,delay,IOTILE
17,0,CFG_INREG_DELAY,3,99709,128,delay,IOTILE
17,0,CFG_INREG_DELAY,4,99708,1,delay,IOTILE
17,0,CFG_INREG_DELAY,5,99708,2,delay,IOTILE
17,0,CFG_INREG_DELAY,6,99822,1,delay,IOTILE
17,0,CFG_INREG_DELAY,7,99823,128,delay,IOTILE
17,0,CFG_INREG_DELAY,8,99822,2,delay,IOTILE
17,0,CFG_INREG_DELAY,9,99706,2,delay,IOTILE
17,0,CFG_INREG_DELAY,10,99706,1,delay,IOTILE
17,0,CFG_INREG_DELAY,11,99707,128,delay,IOTILE
17,0,CFG_IN_ASYNC_MODE,0,99590,16,ioreg,IOTILE
17,0,CFG_IN_ASYNC_MODE,1,99589,1,ioreg,IOTILE
17,0,CFG_IN_ASYNC_MODE,2,97386,16,ioreg,IOTILE
17,0,CFG_IN_ASYNC_MODE,3,97385,1,ioreg,IOTILE
17,0,CFG_IN_POWERUP,0,99474,8,ioreg,IOTILE
17,0,CFG_IN_POWERUP,1,99473,2,ioreg,IOTILE
17,0,CFG_IN_POWERUP,2,97502,8,ioreg,IOTILE
17,0,CFG_IN_POWERUP,3,97501,2,ioreg,IOTILE
17,0,CFG_IN_SYNC_MODE,0,99590,8,ioreg,IOTILE
17,0,CFG_IN_SYNC_MODE,1,99589,2,ioreg,IOTILE
17,0,CFG_IN_SYNC_MODE,2,97386,8,ioreg,IOTILE
17,0,CFG_IN_SYNC_MODE,3,97385,2,ioreg,IOTILE
17,0,CFG_IOMUX0,0,99591,4,mux,IOTILE
17,0,CFG_IOMUX0,1,99475,4,mux,IOTILE
17,0,CFG_IOMUX0,2,99591,2,mux,IOTILE
17,0,CFG_IOMUX0,3,99475,2,mux,IOTILE
17,0,CFG_IOMUX0,4,99591,1,mux,IOTILE
17,0,CFG_IOMUX0,5,99475,1,mux,IOTILE
17,0,CFG_IOMUX0,6,99476,128,mux,IOTILE
17,0,CFG_IOMUX0,7,99359,4,mux,IOTILE
17,0,CFG_IOMUX0,8,99243,4,mux,IOTILE
17,0,CFG_IOMUX0,9,99359,2,mux,IOTILE
17,0,CFG_IOMUX0,10,99243,2,mux,IOTILE
17,0,CFG_IOMUX0,11,99359,1,mux,IOTILE
17,0,CFG_IOMUX0,12,99243,1,mux,IOTILE
17,0,CFG_IOMUX0,13,99244,128,mux,IOTILE
17,0,CFG_IOMUX0,14,97503,4,mux,IOTILE
17,0,CFG_IOMUX0,15,97387,4,mux,IOTILE
17,0,CFG_IOMUX0,16,97503,2,mux,IOTILE
17,0,CFG_IOMUX0,17,97387,2,mux,IOTILE
17,0,CFG_IOMUX0,18,97503,1,mux,IOTILE
17,0,CFG_IOMUX0,19,97387,1,mux,IOTILE
17,0,CFG_IOMUX0,20,97388,128,mux,IOTILE
17,0,CFG_IOMUX0,21,97735,4,mux,IOTILE
17,0,CFG_IOMUX0,22,97619,4,mux,IOTILE
17,0,CFG_IOMUX0,23,97735,2,mux,IOTILE
17,0,CFG_IOMUX0,24,97619,2,mux,IOTILE
17,0,CFG_IOMUX0,25,97735,1,mux,IOTILE
17,0,CFG_IOMUX0,26,97619,1,mux,IOTILE
17,0,CFG_IOMUX0,27,97620,128,mux,IOTILE
17,0,CFG_IOMUX0,28,99127,4,mux,IOTILE
17,0,CFG_IOMUX0,29,99011,4,mux,IOTILE
17,0,CFG_IOMUX0,30,99127,2,mux,IOTILE
17,0,CFG_IOMUX0,31,99011,2,mux,IOTILE
17,0,CFG_IOMUX0,32,99127,1,mux,IOTILE
17,0,CFG_IOMUX0,33,99011,1,mux,IOTILE
17,0,CFG_IOMUX0,34,99012,128,mux,IOTILE
17,0,CFG_IOMUX0,35,98895,4,mux,IOTILE
17,0,CFG_IOMUX0,36,98779,4,mux,IOTILE
17,0,CFG_IOMUX0,37,98895,2,mux,IOTILE
17,0,CFG_IOMUX0,38,98779,2,mux,IOTILE
17,0,CFG_IOMUX0,39,98895,1,mux,IOTILE
17,0,CFG_IOMUX0,40,98779,1,mux,IOTILE
17,0,CFG_IOMUX0,41,98780,128,mux,IOTILE
17,0,CFG_IOMUX1,0,97967,4,mux,IOTILE
17,0,CFG_IOMUX1,1,97851,4,mux,IOTILE
17,0,CFG_IOMUX1,2,97967,2,mux,IOTILE
17,0,CFG_IOMUX1,3,97851,2,mux,IOTILE
17,0,CFG_IOMUX1,4,97967,1,mux,IOTILE
17,0,CFG_IOMUX1,5,97851,1,mux,IOTILE
17,0,CFG_IOMUX1,6,97852,128,mux,IOTILE
17,0,CFG_IOMUX1,7,98199,4,mux,IOTILE
17,0,CFG_IOMUX1,8,98083,4,mux,IOTILE
17,0,CFG_IOMUX1,9,98199,2,mux,IOTILE
17,0,CFG_IOMUX1,10,98083,2,mux,IOTILE
17,0,CFG_IOMUX1,11,98199,1,mux,IOTILE
17,0,CFG_IOMUX1,12,98083,1,mux,IOTILE
17,0,CFG_IOMUX1,13,98084,128,mux,IOTILE
17,0,CFG_IOMUX1,14,99127,8,mux,IOTILE
17,0,CFG_IOMUX1,15,99011,8,mux,IOTILE
17,0,CFG_IOMUX1,16,99127,16,mux,IOTILE
17,0,CFG_IOMUX1,17,99011,16,mux,IOTILE
17,0,CFG_IOMUX1,18,99127,32,mux,IOTILE
17,0,CFG_IOMUX1,19,99011,32,mux,IOTILE
17,0,CFG_IOMUX1,20,99011,64,mux,IOTILE
17,0,CFG_IOMUX1,21,98895,8,mux,IOTILE
17,0,CFG_IOMUX1,22,98779,8,mux,IOTILE
17,0,CFG_IOMUX1,23,98895,16,mux,IOTILE
17,0,CFG_IOMUX1,24,98779,16,mux,IOTILE
17,0,CFG_IOMUX1,25,98895,32,mux,IOTILE
17,0,CFG_IOMUX1,26,98779,32,mux,IOTILE
17,0,CFG_IOMUX1,27,98779,64,mux,IOTILE
17,0,CFG_IOMUX1,28,97967,8,mux,IOTILE
17,0,CFG_IOMUX1,29,97851,8,mux,IOTILE
17,0,CFG_IOMUX1,30,97967,16,mux,IOTILE
17,0,CFG_IOMUX1,31,97851,16,mux,IOTILE
17,0,CFG_IOMUX1,32,97967,32,mux,IOTILE
17,0,CFG_IOMUX1,33,97851,32,mux,IOTILE
17,0,CFG_IOMUX1,34,97851,64,mux,IOTILE
17,0,CFG_IOMUX1,35,98199,8,mux,IOTILE
17,0,CFG_IOMUX1,36,98083,8,mux,IOTILE
17,0,CFG_IOMUX1,37,98199,16,mux,IOTILE
17,0,CFG_IOMUX1,38,98083,16,mux,IOTILE
17,0,CFG_IOMUX1,39,98199,32,mux,IOTILE
17,0,CFG_IOMUX1,40,98083,32,mux,IOTILE
17,0,CFG_IOMUX1,41,98083,64,mux,IOTILE
17,0,CFG_IOMUX2,0,99591,8,mux,IOTILE
17,0,CFG_IOMUX2,1,99475,8,mux,IOTILE
17,0,CFG_IOMUX2,2,99591,16,mux,IOTILE
17,0,CFG_IOMUX2,3,99475,16,mux,IOTILE
17,0,CFG_IOMUX2,4,99591,32,mux,IOTILE
17,0,CFG_IOMUX2,5,99475,32,mux,IOTILE
17,0,CFG_IOMUX2,6,99475,64,mux,IOTILE
17,0,CFG_IOMUX2,7,99359,8,mux,IOTILE
17,0,CFG_IOMUX2,8,99243,8,mux,IOTILE
17,0,CFG_IOMUX2,9,99359,16,mux,IOTILE
17,0,CFG_IOMUX2,10,99243,16,mux,IOTILE
17,0,CFG_IOMUX2,11,99359,32,mux,IOTILE
17,0,CFG_IOMUX2,12,99243,32,mux,IOTILE
17,0,CFG_IOMUX2,13,99243,64,mux,IOTILE
17,0,CFG_IOMUX2,14,97503,8,mux,IOTILE
17,0,CFG_IOMUX2,15,97387,8,mux,IOTILE
17,0,CFG_IOMUX2,16,97503,16,mux,IOTILE
17,0,CFG_IOMUX2,17,97387,16,mux,IOTILE
17,0,CFG_IOMUX2,18,97503,32,mux,IOTILE
17,0,CFG_IOMUX2,19,97387,32,mux,IOTILE
17,0,CFG_IOMUX2,20,97387,64,mux,IOTILE
17,0,CFG_IOMUX2,21,97735,8,mux,IOTILE
17,0,CFG_IOMUX2,22,97619,8,mux,IOTILE
17,0,CFG_IOMUX2,23,97735,16,mux,IOTILE
17,0,CFG_IOMUX2,24,97619,16,mux,IOTILE
17,0,CFG_IOMUX2,25,97735,32,mux,IOTILE
17,0,CFG_IOMUX2,26,97619,32,mux,IOTILE
17,0,CFG_IOMUX2,27,97619,64,mux,IOTILE
17,0,CFG_IOMUX2,28,99590,4,mux,IOTILE
17,0,CFG_IOMUX2,29,99474,4,mux,IOTILE
17,0,CFG_IOMUX2,30,99590,2,mux,IOTILE
17,0,CFG_IOMUX2,31,99474,2,mux,IOTILE
17,0,CFG_IOMUX2,32,99590,1,mux,IOTILE
17,0,CFG_IOMUX2,33,99474,1,mux,IOTILE
17,0,CFG_IOMUX2,34,99475,128,mux,IOTILE
17,0,CFG_IOMUX2,35,99358,4,mux,IOTILE
17,0,CFG_IOMUX2,36,99242,4,mux,IOTILE
17,0,CFG_IOMUX2,37,99358,2,mux,IOTILE
17,0,CFG_IOMUX2,38,99242,2,mux,IOTILE
17,0,CFG_IOMUX2,39,99358,1,mux,IOTILE
17,0,CFG_IOMUX2,40,99242,1,mux,IOTILE
17,0,CFG_IOMUX2,41,99243,128,mux,IOTILE
17,0,CFG_IOMUX3,0,97502,4,mux,IOTILE
17,0,CFG_IOMUX3,1,97386,4,mux,IOTILE
17,0,CFG_IOMUX3,2,97502,2,mux,IOTILE
17,0,CFG_IOMUX3,3,97386,2,mux,IOTILE
17,0,CFG_IOMUX3,4,97502,1,mux,IOTILE
17,0,CFG_IOMUX3,5,97386,1,mux,IOTILE
17,0,CFG_IOMUX3,6,97387,128,mux,IOTILE
17,0,CFG_IOMUX3,7,97734,4,mux,IOTILE
17,0,CFG_IOMUX3,8,97618,4,mux,IOTILE
17,0,CFG_IOMUX3,9,97734,2,mux,IOTILE
17,0,CFG_IOMUX3,10,97618,2,mux,IOTILE
17,0,CFG_IOMUX3,11,97734,1,mux,IOTILE
17,0,CFG_IOMUX3,12,97618,1,mux,IOTILE
17,0,CFG_IOMUX3,13,97619,128,mux,IOTILE
17,0,CFG_IOMUX3,14,99126,4,mux,IOTILE
17,0,CFG_IOMUX3,15,99010,4,mux,IOTILE
17,0,CFG_IOMUX3,16,99126,2,mux,IOTILE
17,0,CFG_IOMUX3,17,99010,2,mux,IOTILE
17,0,CFG_IOMUX3,18,99126,1,mux,IOTILE
17,0,CFG_IOMUX3,19,99010,1,mux,IOTILE
17,0,CFG_IOMUX3,20,99011,128,mux,IOTILE
17,0,CFG_IOMUX3,21,98894,4,mux,IOTILE
17,0,CFG_IOMUX3,22,98778,4,mux,IOTILE
17,0,CFG_IOMUX3,23,98894,2,mux,IOTILE
17,0,CFG_IOMUX3,24,98778,2,mux,IOTILE
17,0,CFG_IOMUX3,25,98894,1,mux,IOTILE
17,0,CFG_IOMUX3,26,98778,1,mux,IOTILE
17,0,CFG_IOMUX3,27,98779,128,mux,IOTILE
17,0,CFG_IOMUX3,28,97966,4,mux,IOTILE
17,0,CFG_IOMUX3,29,97850,4,mux,IOTILE
17,0,CFG_IOMUX3,30,97966,2,mux,IOTILE
17,0,CFG_IOMUX3,31,97850,2,mux,IOTILE
17,0,CFG_IOMUX3,32,97966,1,mux,IOTILE
17,0,CFG_IOMUX3,33,97850,1,mux,IOTILE
17,0,CFG_IOMUX3,34,97851,128,mux,IOTILE
17,0,CFG_IOMUX3,35,98198,4,mux,IOTILE
17,0,CFG_IOMUX3,36,98082,4,mux,IOTILE
17,0,CFG_IOMUX3,37,98198,2,mux,IOTILE
17,0,CFG_IOMUX3,38,98082,2,mux,IOTILE
17,0,CFG_IOMUX3,39,98198,1,mux,IOTILE
17,0,CFG_IOMUX3,40,98082,1,mux,IOTILE
17,0,CFG_IOMUX3,41,98083,128,mux,IOTILE
17,0,CFG_OE_ASYNC_MODE,0,99126,16,ioreg,IOTILE
17,0,CFG_OE_ASYNC_MODE,1,99125,1,ioreg,IOTILE
17,0,CFG_OE_ASYNC_MODE,2,97850,16,ioreg,IOTILE
17,0,CFG_OE_ASYNC_MODE,3,97849,1,ioreg,IOTILE
17,0,CFG_OE_POWERUP,0,99010,8,ioreg,IOTILE
17,0,CFG_OE_POWERUP,1,99009,2,ioreg,IOTILE
17,0,CFG_OE_POWERUP,2,97966,8,ioreg,IOTILE
17,0,CFG_OE_POWERUP,3,97965,2,ioreg,IOTILE
17,0,CFG_OE_REG_MODE,0,99242,16,ioreg,IOTILE
17,0,CFG_OE_REG_MODE,1,99241,1,ioreg,IOTILE
17,0,CFG_OE_REG_MODE,2,97734,16,ioreg,IOTILE
17,0,CFG_OE_REG_MODE,3,97733,1,ioreg,IOTILE
17,0,CFG_OE_SYNC_MODE,0,99126,8,ioreg,IOTILE
17,0,CFG_OE_SYNC_MODE,1,99125,2,ioreg,IOTILE
17,0,CFG_OE_SYNC_MODE,2,97850,8,ioreg,IOTILE
17,0,CFG_OE_SYNC_MODE,3,97849,2,ioreg,IOTILE
17,0,CFG_OUTDELAY,0,99824,128,delay,IOTILE
17,0,CFG_OUTDELAY,1,99708,128,delay,IOTILE
17,0,CFG_OUTDELAY,2,99822,4,delay,IOTILE
17,0,CFG_OUTDELAY,3,99706,4,delay,IOTILE
17,0,CFG_OUT_ASYNC_MODE,0,99358,16,ioreg,IOTILE
17,0,CFG_OUT_ASYNC_MODE,1,99357,1,ioreg,IOTILE
17,0,CFG_OUT_ASYNC_MODE,2,97618,16,ioreg,IOTILE
17,0,CFG_OUT_ASYNC_MODE,3,97617,1,ioreg,IOTILE
17,0,CFG_OUT_POWERUP,0,99242,8,ioreg,IOTILE
17,0,CFG_OUT_POWERUP,1,99241,2,ioreg,IOTILE
17,0,CFG_OUT_POWERUP,2,97734,8,ioreg,IOTILE
17,0,CFG_OUT_POWERUP,3,97733,2,ioreg,IOTILE
17,0,CFG_OUT_REG_MODE,0,99010,16,ioreg,IOTILE
17,0,CFG_OUT_REG_MODE,1,99009,1,ioreg,IOTILE
17,0,CFG_OUT_REG_MODE,2,97966,16,ioreg,IOTILE
17,0,CFG_OUT_REG_MODE,3,97965,1,ioreg,IOTILE
17,0,CFG_OUT_SYNC_MODE,0,99358,8,ioreg,IOTILE
17,0,CFG_OUT_SYNC_MODE,1,99357,2,ioreg,IOTILE
17,0,CFG_OUT_SYNC_MODE,2,97618,8,ioreg,IOTILE
17,0,CFG_OUT_SYNC_MODE,3,97617,2,ioreg,IOTILE
17,13,CFG_INDA_DELAY,0,181,32,delay,IOTILE
17,13,CFG_INDA_DELAY,1,181,16,delay,IOTILE
17,13,CFG_INDA_DELAY,2,181,8,delay,IOTILE
17,13,CFG_INDA_DELAY,3,297,32,delay,IOTILE
17,13,CFG_INDA_DELAY,4,297,16,delay,IOTILE
17,13,CFG_INDA_DELAY,5,297,8,delay,IOTILE
17,13,CFG_INDA_DELAY,6,179,32,delay,IOTILE
17,13,CFG_INDA_DELAY,7,179,16,delay,IOTILE
17,13,CFG_INDA_DELAY,8,179,8,delay,IOTILE
17,13,CFG_INDA_DELAY,9,295,32,delay,IOTILE
17,13,CFG_INDA_DELAY,10,295,16,delay,IOTILE
17,13,CFG_INDA_DELAY,11,295,8,delay,IOTILE
17,13,CFG_INPUTMUX0,0,178,8,mux,IOTILE
17,13,CFG_INPUTMUX0,1,294,8,mux,IOTILE
17,13,CFG_INPUTMUX1,0,177,2,mux,IOTILE
17,13,CFG_INPUTMUX1,1,177,1,mux,IOTILE
17,13,CFG_INPUTMUX2,0,294,16,mux,IOTILE
17,13,CFG_INPUTMUX2,1,178,16,mux,IOTILE
17,13,CFG_INPUTMUX3,0,293,2,mux,IOTILE
17,13,CFG_INPUTMUX3,1,293,1,mux,IOTILE
17,13,CFG_INREG_DELAY,0,181,128,delay,IOTILE
17,13,CFG_INREG_DELAY,1,180,1,delay,IOTILE
17,13,CFG_INREG_DELAY,2,180,2,delay,IOTILE
17,13,CFG_INREG_DELAY,3,297,128,delay,IOTILE
17,13,CFG_INREG_DELAY,4,296,1,delay,IOTILE
17,13,CFG_INREG_DELAY,5,296,2,delay,IOTILE
17,13,CFG_INREG_DELAY,6,178,1,delay,IOTILE
17,13,CFG_INREG_DELAY,7,179,128,delay,IOTILE
17,13,CFG_INREG_DELAY,8,178,2,delay,IOTILE
17,13,CFG_INREG_DELAY,9,294,2,delay,IOTILE
17,13,CFG_INREG_DELAY,10,294,1,delay,IOTILE
17,13,CFG_INREG_DELAY,11,295,128,delay,IOTILE
17,13,CFG_IN_ASYNC_MODE,0,410,16,ioreg,IOTILE
17,13,CFG_IN_ASYNC_MODE,1,409,1,ioreg,IOTILE
17,13,CFG_IN_ASYNC_MODE,2,2614,16,ioreg,IOTILE
17,13,CFG_IN_ASYNC_MODE,3,2613,1,ioreg,IOTILE
17,13,CFG_IN_POWERUP,0,526,8,ioreg,IOTILE
17,13,CFG_IN_POWERUP,1,525,2,ioreg,IOTILE
17,13,CFG_IN_POWERUP,2,2498,8,ioreg,IOTILE
17,13,CFG_IN_POWERUP,3,2497,2,ioreg,IOTILE
17,13,CFG_IN_SYNC_MODE,0,410,8,ioreg,IOTILE
17,13,CFG_IN_SYNC_MODE,1,409,2,ioreg,IOTILE
17,13,CFG_IN_SYNC_MODE,2,2614,8,ioreg,IOTILE
17,13,CFG_IN_SYNC_MODE,3,2613,2,ioreg,IOTILE
17,13,CFG_IOMUX0,0,411,4,mux,IOTILE
17,13,CFG_IOMUX0,1,527,4,mux,IOTILE
17,13,CFG_IOMUX0,2,411,2,mux,IOTILE
17,13,CFG_IOMUX0,3,527,2,mux,IOTILE
17,13,CFG_IOMUX0,4,411,1,mux,IOTILE
17,13,CFG_IOMUX0,5,527,1,mux,IOTILE
17,13,CFG_IOMUX0,6,528,128,mux,IOTILE
17,13,CFG_IOMUX0,7,643,4,mux,IOTILE
17,13,CFG_IOMUX0,8,759,4,mux,IOTILE
17,13,CFG_IOMUX0,9,643,2,mux,IOTILE
17,13,CFG_IOMUX0,10,759,2,mux,IOTILE
17,13,CFG_IOMUX0,11,643,1,mux,IOTILE
17,13,CFG_IOMUX0,12,759,1,mux,IOTILE
17,13,CFG_IOMUX0,13,760,128,mux,IOTILE
17,13,CFG_IOMUX0,14,2499,4,mux,IOTILE
17,13,CFG_IOMUX0,15,2615,4,mux,IOTILE
17,13,CFG_IOMUX0,16,2499,2,mux,IOTILE
17,13,CFG_IOMUX0,17,2615,2,mux,IOTILE
17,13,CFG_IOMUX0,18,2499,1,mux,IOTILE
17,13,CFG_IOMUX0,19,2615,1,mux,IOTILE
17,13,CFG_IOMUX0,20,2616,128,mux,IOTILE
17,13,CFG_IOMUX0,21,2267,4,mux,IOTILE
17,13,CFG_IOMUX0,22,2383,4,mux,IOTILE
17,13,CFG_IOMUX0,23,2267,2,mux,IOTILE
17,13,CFG_IOMUX0,24,2383,2,mux,IOTILE
17,13,CFG_IOMUX0,25,2267,1,mux,IOTILE
17,13,CFG_IOMUX0,26,2383,1,mux,IOTILE
17,13,CFG_IOMUX0,27,2384,128,mux,IOTILE
17,13,CFG_IOMUX0,28,875,4,mux,IOTILE
17,13,CFG_IOMUX0,29,991,4,mux,IOTILE
17,13,CFG_IOMUX0,30,875,2,mux,IOTILE
17,13,CFG_IOMUX0,31,991,2,mux,IOTILE
17,13,CFG_IOMUX0,32,875,1,mux,IOTILE
17,13,CFG_IOMUX0,33,991,1,mux,IOTILE
17,13,CFG_IOMUX0,34,992,128,mux,IOTILE
17,13,CFG_IOMUX0,35,1107,4,mux,IOTILE
17,13,CFG_IOMUX0,36,1223,4,mux,IOTILE
17,13,CFG_IOMUX0,37,1107,2,mux,IOTILE
17,13,CFG_IOMUX0,38,1223,2,mux,IOTILE
17,13,CFG_IOMUX0,39,1107,1,mux,IOTILE
17,13,CFG_IOMUX0,40,1223,1,mux,IOTILE
17,13,CFG_IOMUX0,41,1224,128,mux,IOTILE
17,13,CFG_IOMUX1,0,2035,4,mux,IOTILE
17,13,CFG_IOMUX1,1,2151,4,mux,IOTILE
17,13,CFG_IOMUX1,2,2035,2,mux,IOTILE
17,13,CFG_IOMUX1,3,2151,2,mux,IOTILE
17,13,CFG_IOMUX1,4,2035,1,mux,IOTILE
17,13,CFG_IOMUX1,5,2151,1,mux,IOTILE
17,13,CFG_IOMUX1,6,2152,128,mux,IOTILE
17,13,CFG_IOMUX1,7,1803,4,mux,IOTILE
17,13,CFG_IOMUX1,8,1919,4,mux,IOTILE
17,13,CFG_IOMUX1,9,1803,2,mux,IOTILE
17,13,CFG_IOMUX1,10,1919,2,mux,IOTILE
17,13,CFG_IOMUX1,11,1803,1,mux,IOTILE
17,13,CFG_IOMUX1,12,1919,1,mux,IOTILE
17,13,CFG_IOMUX1,13,1920,128,mux,IOTILE
17,13,CFG_IOMUX1,14,875,8,mux,IOTILE
17,13,CFG_IOMUX1,15,991,8,mux,IOTILE
17,13,CFG_IOMUX1,16,875,16,mux,IOTILE
17,13,CFG_IOMUX1,17,991,16,mux,IOTILE
17,13,CFG_IOMUX1,18,875,32,mux,IOTILE
17,13,CFG_IOMUX1,19,991,32,mux,IOTILE
17,13,CFG_IOMUX1,20,991,64,mux,IOTILE
17,13,CFG_IOMUX1,21,1107,8,mux,IOTILE
17,13,CFG_IOMUX1,22,1223,8,mux,IOTILE
17,13,CFG_IOMUX1,23,1107,16,mux,IOTILE
17,13,CFG_IOMUX1,24,1223,16,mux,IOTILE
17,13,CFG_IOMUX1,25,1107,32,mux,IOTILE
17,13,CFG_IOMUX1,26,1223,32,mux,IOTILE
17,13,CFG_IOMUX1,27,1223,64,mux,IOTILE
17,13,CFG_IOMUX1,28,2035,8,mux,IOTILE
17,13,CFG_IOMUX1,29,2151,8,mux,IOTILE
17,13,CFG_IOMUX1,30,2035,16,mux,IOTILE
17,13,CFG_IOMUX1,31,2151,16,mux,IOTILE
17,13,CFG_IOMUX1,32,2035,32,mux,IOTILE
17,13,CFG_IOMUX1,33,2151,32,mux,IOTILE
17,13,CFG_IOMUX1,34,2151,64,mux,IOTILE
17,13,CFG_IOMUX1,35,1803,8,mux,IOTILE
17,13,CFG_IOMUX1,36,1919,8,mux,IOTILE
17,13,CFG_IOMUX1,37,1803,16,mux,IOTILE
17,13,CFG_IOMUX1,38,1919,16,mux,IOTILE
17,13,CFG_IOMUX1,39,1803,32,mux,IOTILE
17,13,CFG_IOMUX1,40,1919,32,mux,IOTILE
17,13,CFG_IOMUX1,41,1919,64,mux,IOTILE
17,13,CFG_IOMUX2,0,411,8,mux,IOTILE
17,13,CFG_IOMUX2,1,527,8,mux,IOTILE
17,13,CFG_IOMUX2,2,411,16,mux,IOTILE
17,13,CFG_IOMUX2,3,527,16,mux,IOTILE
17,13,CFG_IOMUX2,4,411,32,mux,IOTILE
17,13,CFG_IOMUX2,5,527,32,mux,IOTILE
17,13,CFG_IOMUX2,6,527,64,mux,IOTILE
17,13,CFG_IOMUX2,7,643,8,mux,IOTILE
17,13,CFG_IOMUX2,8,759,8,mux,IOTILE
17,13,CFG_IOMUX2,9,643,16,mux,IOTILE
17,13,CFG_IOMUX2,10,759,16,mux,IOTILE
17,13,CFG_IOMUX2,11,643,32,mux,IOTILE
17,13,CFG_IOMUX2,12,759,32,mux,IOTILE
17,13,CFG_IOMUX2,13,759,64,mux,IOTILE
17,13,CFG_IOMUX2,14,2499,8,mux,IOTILE
17,13,CFG_IOMUX2,15,2615,8,mux,IOTILE
17,13,CFG_IOMUX2,16,2499,16,mux,IOTILE
17,13,CFG_IOMUX2,17,2615,16,mux,IOTILE
17,13,CFG_IOMUX2,18,2499,32,mux,IOTILE
17,13,CFG_IOMUX2,19,2615,32,mux,IOTILE
17,13,CFG_IOMUX2,20,2615,64,mux,IOTILE
17,13,CFG_IOMUX2,21,2267,8,mux,IOTILE
17,13,CFG_IOMUX2,22,2383,8,mux,IOTILE
17,13,CFG_IOMUX2,23,2267,16,mux,IOTILE
17,13,CFG_IOMUX2,24,2383,16,mux,IOTILE
17,13,CFG_IOMUX2,25,2267,32,mux,IOTILE
17,13,CFG_IOMUX2,26,2383,32,mux,IOTILE
17,13,CFG_IOMUX2,27,2383,64,mux,IOTILE
17,13,CFG_IOMUX2,28,410,4,mux,IOTILE
17,13,CFG_IOMUX2,29,526,4,mux,IOTILE
17,13,CFG_IOMUX2,30,410,2,mux,IOTILE
17,13,CFG_IOMUX2,31,526,2,mux,IOTILE
17,13,CFG_IOMUX2,32,410,1,mux,IOTILE
17,13,CFG_IOMUX2,33,526,1,mux,IOTILE
17,13,CFG_IOMUX2,34,527,128,mux,IOTILE
17,13,CFG_IOMUX2,35,642,4,mux,IOTILE
17,13,CFG_IOMUX2,36,758,4,mux,IOTILE
17,13,CFG_IOMUX2,37,642,2,mux,IOTILE
17,13,CFG_IOMUX2,38,758,2,mux,IOTILE
17,13,CFG_IOMUX2,39,642,1,mux,IOTILE
17,13,CFG_IOMUX2,40,758,1,mux,IOTILE
17,13,CFG_IOMUX2,41,759,128,mux,IOTILE
17,13,CFG_IOMUX3,0,2498,4,mux,IOTILE
17,13,CFG_IOMUX3,1,2614,4,mux,IOTILE
17,13,CFG_IOMUX3,2,2498,2,mux,IOTILE
17,13,CFG_IOMUX3,3,2614,2,mux,IOTILE
17,13,CFG_IOMUX3,4,2498,1,mux,IOTILE
17,13,CFG_IOMUX3,5,2614,1,mux,IOTILE
17,13,CFG_IOMUX3,6,2615,128,mux,IOTILE
17,13,CFG_IOMUX3,7,2266,4,mux,IOTILE
17,13,CFG_IOMUX3,8,2382,4,mux,IOTILE
17,13,CFG_IOMUX3,9,2266,2,mux,IOTILE
17,13,CFG_IOMUX3,10,2382,2,mux,IOTILE
17,13,CFG_IOMUX3,11,2266,1,mux,IOTILE
17,13,CFG_IOMUX3,12,2382,1,mux,IOTILE
17,13,CFG_IOMUX3,13,2383,128,mux,IOTILE
17,13,CFG_IOMUX3,14,874,4,mux,IOTILE
17,13,CFG_IOMUX3,15,990,4,mux,IOTILE
17,13,CFG_IOMUX3,16,874,2,mux,IOTILE
17,13,CFG_IOMUX3,17,990,2,mux,IOTILE
17,13,CFG_IOMUX3,18,874,1,mux,IOTILE
17,13,CFG_IOMUX3,19,990,1,mux,IOTILE
17,13,CFG_IOMUX3,20,991,128,mux,IOTILE
17,13,CFG_IOMUX3,21,1106,4,mux,IOTILE
17,13,CFG_IOMUX3,22,1222,4,mux,IOTILE
17,13,CFG_IOMUX3,23,1106,2,mux,IOTILE
17,13,CFG_IOMUX3,24,1222,2,mux,IOTILE
17,13,CFG_IOMUX3,25,1106,1,mux,IOTILE
17,13,CFG_IOMUX3,26,1222,1,mux,IOTILE
17,13,CFG_IOMUX3,27,1223,128,mux,IOTILE
17,13,CFG_IOMUX3,28,2034,4,mux,IOTILE
17,13,CFG_IOMUX3,29,2150,4,mux,IOTILE
17,13,CFG_IOMUX3,30,2034,2,mux,IOTILE
17,13,CFG_IOMUX3,31,2150,2,mux,IOTILE
17,13,CFG_IOMUX3,32,2034,1,mux,IOTILE
17,13,CFG_IOMUX3,33,2150,1,mux,IOTILE
17,13,CFG_IOMUX3,34,2151,128,mux,IOTILE
17,13,CFG_IOMUX3,35,1802,4,mux,IOTILE
17,13,CFG_IOMUX3,36,1918,4,mux,IOTILE
17,13,CFG_IOMUX3,37,1802,2,mux,IOTILE
17,13,CFG_IOMUX3,38,1918,2,mux,IOTILE
17,13,CFG_IOMUX3,39,1802,1,mux,IOTILE
17,13,CFG_IOMUX3,40,1918,1,mux,IOTILE
17,13,CFG_IOMUX3,41,1919,128,mux,IOTILE
17,13,CFG_OE_ASYNC_MODE,0,874,16,ioreg,IOTILE
17,13,CFG_OE_ASYNC_MODE,1,873,1,ioreg,IOTILE
17,13,CFG_OE_ASYNC_MODE,2,2150,16,ioreg,IOTILE
17,13,CFG_OE_ASYNC_MODE,3,2149,1,ioreg,IOTILE
17,13,CFG_OE_POWERUP,0,990,8,ioreg,IOTILE
17,13,CFG_OE_POWERUP,1,989,2,ioreg,IOTILE
17,13,CFG_OE_POWERUP,2,2034,8,ioreg,IOTILE
17,13,CFG_OE_POWERUP,3,2033,2,ioreg,IOTILE
17,13,CFG_OE_REG_MODE,0,758,16,ioreg,IOTILE
17,13,CFG_OE_REG_MODE,1,757,1,ioreg,IOTILE
17,13,CFG_OE_REG_MODE,2,2266,16,ioreg,IOTILE
17,13,CFG_OE_REG_MODE,3,2265,1,ioreg,IOTILE
17,13,CFG_OE_SYNC_MODE,0,874,8,ioreg,IOTILE
17,13,CFG_OE_SYNC_MODE,1,873,2,ioreg,IOTILE
17,13,CFG_OE_SYNC_MODE,2,2150,8,ioreg,IOTILE
17,13,CFG_OE_SYNC_MODE,3,2149,2,ioreg,IOTILE
17,13,CFG_OUTDELAY,0,180,128,delay,IOTILE
17,13,CFG_OUTDELAY,1,296,128,delay,IOTILE
17,13,CFG_OUTDELAY,2,178,4,delay,IOTILE
17,13,CFG_OUTDELAY,3,294,4,delay,IOTILE
17,13,CFG_OUT_ASYNC_MODE,0,642,16,ioreg,IOTILE
17,13,CFG_OUT_ASYNC_MODE,1,641,1,ioreg,IOTILE
17,13,CFG_OUT_ASYNC_MODE,2,2382,16,ioreg,IOTILE
17,13,CFG_OUT_ASYNC_MODE,3,2381,1,ioreg,IOTILE
17,13,CFG_OUT_POWERUP,0,758,8,ioreg,IOTILE
17,13,CFG_OUT_POWERUP,1,757,2,ioreg,IOTILE
17,13,CFG_OUT_POWERUP,2,2266,8,ioreg,IOTILE
17,13,CFG_OUT_POWERUP,3,2265,2,ioreg,IOTILE
17,13,CFG_OUT_REG_MODE,0,990,16,ioreg,IOTILE
17,13,CFG_OUT_REG_MODE,1,989,1,ioreg,IOTILE
17,13,CFG_OUT_REG_MODE,2,2034,16,ioreg,IOTILE
17,13,CFG_OUT_REG_MODE,3,2033,1,ioreg,IOTILE
17,13,CFG_OUT_SYNC_MODE,0,642,8,ioreg,IOTILE
17,13,CFG_OUT_SYNC_MODE,1,641,2,ioreg,IOTILE
17,13,CFG_OUT_SYNC_MODE,2,2382,8,ioreg,IOTILE
17,13,CFG_OUT_SYNC_MODE,3,2381,2,ioreg,IOTILE
18,0,CFG_INDA_DELAY,0,99820,2,delay,IOTILE
18,0,CFG_INDA_DELAY,1,99820,1,delay,IOTILE
18,0,CFG_INDA_DELAY,2,99821,128,delay,IOTILE
18,0,CFG_INDA_DELAY,3,99704,2,delay,IOTILE
18,0,CFG_INDA_DELAY,4,99704,1,delay,IOTILE
18,0,CFG_INDA_DELAY,5,99705,128,delay,IOTILE
18,0,CFG_INDA_DELAY,6,99818,2,delay,IOTILE
18,0,CFG_INDA_DELAY,7,99818,1,delay,IOTILE
18,0,CFG_INDA_DELAY,8,99819,128,delay,IOTILE
18,0,CFG_INDA_DELAY,9,99702,2,delay,IOTILE
18,0,CFG_INDA_DELAY,10,99702,1,delay,IOTILE
18,0,CFG_INDA_DELAY,11,99703,128,delay,IOTILE
18,0,CFG_INPUTMUX0,0,99818,128,mux,IOTILE
18,0,CFG_INPUTMUX0,1,99702,128,mux,IOTILE
18,0,CFG_INPUTMUX1,0,99817,32,mux,IOTILE
18,0,CFG_INPUTMUX1,1,99817,16,mux,IOTILE
18,0,CFG_INPUTMUX2,0,99701,1,mux,IOTILE
18,0,CFG_INPUTMUX2,1,99817,1,mux,IOTILE
18,0,CFG_INPUTMUX3,0,99701,32,mux,IOTILE
18,0,CFG_INPUTMUX3,1,99701,16,mux,IOTILE
18,0,CFG_INREG_DELAY,0,99820,8,delay,IOTILE
18,0,CFG_INREG_DELAY,1,99820,16,delay,IOTILE
18,0,CFG_INREG_DELAY,2,99820,32,delay,IOTILE
18,0,CFG_INREG_DELAY,3,99704,8,delay,IOTILE
18,0,CFG_INREG_DELAY,4,99704,16,delay,IOTILE
18,0,CFG_INREG_DELAY,5,99704,32,delay,IOTILE
18,0,CFG_INREG_DELAY,6,99818,16,delay,IOTILE
18,0,CFG_INREG_DELAY,7,99818,8,delay,IOTILE
18,0,CFG_INREG_DELAY,8,99818,32,delay,IOTILE
18,0,CFG_INREG_DELAY,9,99702,32,delay,IOTILE
18,0,CFG_INREG_DELAY,10,99702,16,delay,IOTILE
18,0,CFG_INREG_DELAY,11,99702,8,delay,IOTILE
18,0,CFG_IN_ASYNC_MODE,0,99585,1,ioreg,IOTILE
18,0,CFG_IN_ASYNC_MODE,1,99585,16,ioreg,IOTILE
18,0,CFG_IN_ASYNC_MODE,2,97381,1,ioreg,IOTILE
18,0,CFG_IN_ASYNC_MODE,3,97381,16,ioreg,IOTILE
18,0,CFG_IN_POWERUP,0,99470,128,ioreg,IOTILE
18,0,CFG_IN_POWERUP,1,99469,32,ioreg,IOTILE
18,0,CFG_IN_POWERUP,2,97498,128,ioreg,IOTILE
18,0,CFG_IN_POWERUP,3,97497,32,ioreg,IOTILE
18,0,CFG_IN_SYNC_MODE,0,99586,128,ioreg,IOTILE
18,0,CFG_IN_SYNC_MODE,1,99585,32,ioreg,IOTILE
18,0,CFG_IN_SYNC_MODE,2,97382,128,ioreg,IOTILE
18,0,CFG_IN_SYNC_MODE,3,97381,32,ioreg,IOTILE
18,0,CFG_IOMUX0,0,99587,64,mux,IOTILE
18,0,CFG_IOMUX0,1,99471,64,mux,IOTILE
18,0,CFG_IOMUX0,2,99587,32,mux,IOTILE
18,0,CFG_IOMUX0,3,99471,32,mux,IOTILE
18,0,CFG_IOMUX0,4,99587,16,mux,IOTILE
18,0,CFG_IOMUX0,5,99471,16,mux,IOTILE
18,0,CFG_IOMUX0,6,99471,8,mux,IOTILE
18,0,CFG_IOMUX0,7,99355,64,mux,IOTILE
18,0,CFG_IOMUX0,8,99239,64,mux,IOTILE
18,0,CFG_IOMUX0,9,99355,32,mux,IOTILE
18,0,CFG_IOMUX0,10,99239,32,mux,IOTILE
18,0,CFG_IOMUX0,11,99355,16,mux,IOTILE
18,0,CFG_IOMUX0,12,99239,16,mux,IOTILE
18,0,CFG_IOMUX0,13,99239,8,mux,IOTILE
18,0,CFG_IOMUX0,14,97499,64,mux,IOTILE
18,0,CFG_IOMUX0,15,97383,64,mux,IOTILE
18,0,CFG_IOMUX0,16,97499,32,mux,IOTILE
18,0,CFG_IOMUX0,17,97383,32,mux,IOTILE
18,0,CFG_IOMUX0,18,97499,16,mux,IOTILE
18,0,CFG_IOMUX0,19,97383,16,mux,IOTILE
18,0,CFG_IOMUX0,20,97383,8,mux,IOTILE
18,0,CFG_IOMUX0,21,97731,64,mux,IOTILE
18,0,CFG_IOMUX0,22,97615,64,mux,IOTILE
18,0,CFG_IOMUX0,23,97731,32,mux,IOTILE
18,0,CFG_IOMUX0,24,97615,32,mux,IOTILE
18,0,CFG_IOMUX0,25,97731,16,mux,IOTILE
18,0,CFG_IOMUX0,26,97615,16,mux,IOTILE
18,0,CFG_IOMUX0,27,97615,8,mux,IOTILE
18,0,CFG_IOMUX0,28,99123,64,mux,IOTILE
18,0,CFG_IOMUX0,29,99007,64,mux,IOTILE
18,0,CFG_IOMUX0,30,99123,32,mux,IOTILE
18,0,CFG_IOMUX0,31,99007,32,mux,IOTILE
18,0,CFG_IOMUX0,32,99123,16,mux,IOTILE
18,0,CFG_IOMUX0,33,99007,16,mux,IOTILE
18,0,CFG_IOMUX0,34,99007,8,mux,IOTILE
18,0,CFG_IOMUX0,35,98891,64,mux,IOTILE
18,0,CFG_IOMUX0,36,98775,64,mux,IOTILE
18,0,CFG_IOMUX0,37,98891,32,mux,IOTILE
18,0,CFG_IOMUX0,38,98775,32,mux,IOTILE
18,0,CFG_IOMUX0,39,98891,16,mux,IOTILE
18,0,CFG_IOMUX0,40,98775,16,mux,IOTILE
18,0,CFG_IOMUX0,41,98775,8,mux,IOTILE
18,0,CFG_IOMUX1,0,97963,64,mux,IOTILE
18,0,CFG_IOMUX1,1,97847,64,mux,IOTILE
18,0,CFG_IOMUX1,2,97963,32,mux,IOTILE
18,0,CFG_IOMUX1,3,97847,32,mux,IOTILE
18,0,CFG_IOMUX1,4,97963,16,mux,IOTILE
18,0,CFG_IOMUX1,5,97847,16,mux,IOTILE
18,0,CFG_IOMUX1,6,97847,8,mux,IOTILE
18,0,CFG_IOMUX1,7,98195,64,mux,IOTILE
18,0,CFG_IOMUX1,8,98079,64,mux,IOTILE
18,0,CFG_IOMUX1,9,98195,32,mux,IOTILE
18,0,CFG_IOMUX1,10,98079,32,mux,IOTILE
18,0,CFG_IOMUX1,11,98195,16,mux,IOTILE
18,0,CFG_IOMUX1,12,98079,16,mux,IOTILE
18,0,CFG_IOMUX1,13,98079,8,mux,IOTILE
18,0,CFG_IOMUX1,14,99123,128,mux,IOTILE
18,0,CFG_IOMUX1,15,99007,128,mux,IOTILE
18,0,CFG_IOMUX1,16,99122,1,mux,IOTILE
18,0,CFG_IOMUX1,17,99006,1,mux,IOTILE
18,0,CFG_IOMUX1,18,99122,2,mux,IOTILE
18,0,CFG_IOMUX1,19,99006,2,mux,IOTILE
18,0,CFG_IOMUX1,20,99006,4,mux,IOTILE
18,0,CFG_IOMUX1,21,98891,128,mux,IOTILE
18,0,CFG_IOMUX1,22,98775,128,mux,IOTILE
18,0,CFG_IOMUX1,23,98890,1,mux,IOTILE
18,0,CFG_IOMUX1,24,98774,1,mux,IOTILE
18,0,CFG_IOMUX1,25,98890,2,mux,IOTILE
18,0,CFG_IOMUX1,26,98774,2,mux,IOTILE
18,0,CFG_IOMUX1,27,98774,4,mux,IOTILE
18,0,CFG_IOMUX1,28,97963,128,mux,IOTILE
18,0,CFG_IOMUX1,29,97847,128,mux,IOTILE
18,0,CFG_IOMUX1,30,97962,1,mux,IOTILE
18,0,CFG_IOMUX1,31,97846,1,mux,IOTILE
18,0,CFG_IOMUX1,32,97962,2,mux,IOTILE
18,0,CFG_IOMUX1,33,97846,2,mux,IOTILE
18,0,CFG_IOMUX1,34,97846,4,mux,IOTILE
18,0,CFG_IOMUX1,35,98195,128,mux,IOTILE
18,0,CFG_IOMUX1,36,98079,128,mux,IOTILE
18,0,CFG_IOMUX1,37,98194,1,mux,IOTILE
18,0,CFG_IOMUX1,38,98078,1,mux,IOTILE
18,0,CFG_IOMUX1,39,98194,2,mux,IOTILE
18,0,CFG_IOMUX1,40,98078,2,mux,IOTILE
18,0,CFG_IOMUX1,41,98078,4,mux,IOTILE
18,0,CFG_IOMUX2,0,99587,128,mux,IOTILE
18,0,CFG_IOMUX2,1,99471,128,mux,IOTILE
18,0,CFG_IOMUX2,2,99586,1,mux,IOTILE
18,0,CFG_IOMUX2,3,99470,1,mux,IOTILE
18,0,CFG_IOMUX2,4,99586,2,mux,IOTILE
18,0,CFG_IOMUX2,5,99470,2,mux,IOTILE
18,0,CFG_IOMUX2,6,99470,4,mux,IOTILE
18,0,CFG_IOMUX2,7,99355,128,mux,IOTILE
18,0,CFG_IOMUX2,8,99239,128,mux,IOTILE
18,0,CFG_IOMUX2,9,99354,1,mux,IOTILE
18,0,CFG_IOMUX2,10,99238,1,mux,IOTILE
18,0,CFG_IOMUX2,11,99354,2,mux,IOTILE
18,0,CFG_IOMUX2,12,99238,2,mux,IOTILE
18,0,CFG_IOMUX2,13,99238,4,mux,IOTILE
18,0,CFG_IOMUX2,14,97499,128,mux,IOTILE
18,0,CFG_IOMUX2,15,97383,128,mux,IOTILE
18,0,CFG_IOMUX2,16,97498,1,mux,IOTILE
18,0,CFG_IOMUX2,17,97382,1,mux,IOTILE
18,0,CFG_IOMUX2,18,97498,2,mux,IOTILE
18,0,CFG_IOMUX2,19,97382,2,mux,IOTILE
18,0,CFG_IOMUX2,20,97382,4,mux,IOTILE
18,0,CFG_IOMUX2,21,97731,128,mux,IOTILE
18,0,CFG_IOMUX2,22,97615,128,mux,IOTILE
18,0,CFG_IOMUX2,23,97730,1,mux,IOTILE
18,0,CFG_IOMUX2,24,97614,1,mux,IOTILE
18,0,CFG_IOMUX2,25,97730,2,mux,IOTILE
18,0,CFG_IOMUX2,26,97614,2,mux,IOTILE
18,0,CFG_IOMUX2,27,97614,4,mux,IOTILE
18,0,CFG_IOMUX2,28,99586,64,mux,IOTILE
18,0,CFG_IOMUX2,29,99470,64,mux,IOTILE
18,0,CFG_IOMUX2,30,99586,32,mux,IOTILE
18,0,CFG_IOMUX2,31,99470,32,mux,IOTILE
18,0,CFG_IOMUX2,32,99586,16,mux,IOTILE
18,0,CFG_IOMUX2,33,99470,16,mux,IOTILE
18,0,CFG_IOMUX2,34,99470,8,mux,IOTILE
18,0,CFG_IOMUX2,35,99354,64,mux,IOTILE
18,0,CFG_IOMUX2,36,99238,64,mux,IOTILE
18,0,CFG_IOMUX2,37,99354,32,mux,IOTILE
18,0,CFG_IOMUX2,38,99238,32,mux,IOTILE
18,0,CFG_IOMUX2,39,99354,16,mux,IOTILE
18,0,CFG_IOMUX2,40,99238,16,mux,IOTILE
18,0,CFG_IOMUX2,41,99238,8,mux,IOTILE
18,0,CFG_IOMUX3,0,97498,64,mux,IOTILE
18,0,CFG_IOMUX3,1,97382,64,mux,IOTILE
18,0,CFG_IOMUX3,2,97498,32,mux,IOTILE
18,0,CFG_IOMUX3,3,97382,32,mux,IOTILE
18,0,CFG_IOMUX3,4,97498,16,mux,IOTILE
18,0,CFG_IOMUX3,5,97382,16,mux,IOTILE
18,0,CFG_IOMUX3,6,97382,8,mux,IOTILE
18,0,CFG_IOMUX3,7,97730,64,mux,IOTILE
18,0,CFG_IOMUX3,8,97614,64,mux,IOTILE
18,0,CFG_IOMUX3,9,97730,32,mux,IOTILE
18,0,CFG_IOMUX3,10,97614,32,mux,IOTILE
18,0,CFG_IOMUX3,11,97730,16,mux,IOTILE
18,0,CFG_IOMUX3,12,97614,16,mux,IOTILE
18,0,CFG_IOMUX3,13,97614,8,mux,IOTILE
18,0,CFG_IOMUX3,14,99122,64,mux,IOTILE
18,0,CFG_IOMUX3,15,99006,64,mux,IOTILE
18,0,CFG_IOMUX3,16,99122,32,mux,IOTILE
18,0,CFG_IOMUX3,17,99006,32,mux,IOTILE
18,0,CFG_IOMUX3,18,99122,16,mux,IOTILE
18,0,CFG_IOMUX3,19,99006,16,mux,IOTILE
18,0,CFG_IOMUX3,20,99006,8,mux,IOTILE
18,0,CFG_IOMUX3,21,98890,64,mux,IOTILE
18,0,CFG_IOMUX3,22,98774,64,mux,IOTILE
18,0,CFG_IOMUX3,23,98890,32,mux,IOTILE
18,0,CFG_IOMUX3,24,98774,32,mux,IOTILE
18,0,CFG_IOMUX3,25,98890,16,mux,IOTILE
18,0,CFG_IOMUX3,26,98774,16,mux,IOTILE
18,0,CFG_IOMUX3,27,98774,8,mux,IOTILE
18,0,CFG_IOMUX3,28,97962,64,mux,IOTILE
18,0,CFG_IOMUX3,29,97846,64,mux,IOTILE
18,0,CFG_IOMUX3,30,97962,32,mux,IOTILE
18,0,CFG_IOMUX3,31,97846,32,mux,IOTILE
18,0,CFG_IOMUX3,32,97962,16,mux,IOTILE
18,0,CFG_IOMUX3,33,97846,16,mux,IOTILE
18,0,CFG_IOMUX3,34,97846,8,mux,IOTILE
18,0,CFG_IOMUX3,35,98194,64,mux,IOTILE
18,0,CFG_IOMUX3,36,98078,64,mux,IOTILE
18,0,CFG_IOMUX3,37,98194,32,mux,IOTILE
18,0,CFG_IOMUX3,38,98078,32,mux,IOTILE
18,0,CFG_IOMUX3,39,98194,16,mux,IOTILE
18,0,CFG_IOMUX3,40,98078,16,mux,IOTILE
18,0,CFG_IOMUX3,41,98078,8,mux,IOTILE
18,0,CFG_OE_ASYNC_MODE,0,99121,1,ioreg,IOTILE
18,0,CFG_OE_ASYNC_MODE,1,99121,16,ioreg,IOTILE
18,0,CFG_OE_ASYNC_MODE,2,97845,1,ioreg,IOTILE
18,0,CFG_OE_ASYNC_MODE,3,97845,16,ioreg,IOTILE
18,0,CFG_OE_POWERUP,0,99006,128,ioreg,IOTILE
18,0,CFG_OE_POWERUP,1,99005,32,ioreg,IOTILE
18,0,CFG_OE_POWERUP,2,97962,128,ioreg,IOTILE
18,0,CFG_OE_POWERUP,3,97961,32,ioreg,IOTILE
18,0,CFG_OE_REG_MODE,0,99237,1,ioreg,IOTILE
18,0,CFG_OE_REG_MODE,1,99237,16,ioreg,IOTILE
18,0,CFG_OE_REG_MODE,2,97729,1,ioreg,IOTILE
18,0,CFG_OE_REG_MODE,3,97729,16,ioreg,IOTILE
18,0,CFG_OE_SYNC_MODE,0,99122,128,ioreg,IOTILE
18,0,CFG_OE_SYNC_MODE,1,99121,32,ioreg,IOTILE
18,0,CFG_OE_SYNC_MODE,2,97846,128,ioreg,IOTILE
18,0,CFG_OE_SYNC_MODE,3,97845,32,ioreg,IOTILE
18,0,CFG_OUTDELAY,0,99819,8,delay,IOTILE
18,0,CFG_OUTDELAY,1,99703,8,delay,IOTILE
18,0,CFG_OUTDELAY,2,99818,64,delay,IOTILE
18,0,CFG_OUTDELAY,3,99702,64,delay,IOTILE
18,0,CFG_OUT_ASYNC_MODE,0,99353,1,ioreg,IOTILE
18,0,CFG_OUT_ASYNC_MODE,1,99353,16,ioreg,IOTILE
18,0,CFG_OUT_ASYNC_MODE,2,97613,1,ioreg,IOTILE
18,0,CFG_OUT_ASYNC_MODE,3,97613,16,ioreg,IOTILE
18,0,CFG_OUT_POWERUP,0,99238,128,ioreg,IOTILE
18,0,CFG_OUT_POWERUP,1,99237,32,ioreg,IOTILE
18,0,CFG_OUT_POWERUP,2,97730,128,ioreg,IOTILE
18,0,CFG_OUT_POWERUP,3,97729,32,ioreg,IOTILE
18,0,CFG_OUT_REG_MODE,0,99005,1,ioreg,IOTILE
18,0,CFG_OUT_REG_MODE,1,99005,16,ioreg,IOTILE
18,0,CFG_OUT_REG_MODE,2,97961,1,ioreg,IOTILE
18,0,CFG_OUT_REG_MODE,3,97961,16,ioreg,IOTILE
18,0,CFG_OUT_SYNC_MODE,0,99354,128,ioreg,IOTILE
18,0,CFG_OUT_SYNC_MODE,1,99353,32,ioreg,IOTILE
18,0,CFG_OUT_SYNC_MODE,2,97614,128,ioreg,IOTILE
18,0,CFG_OUT_SYNC_MODE,3,97613,32,ioreg,IOTILE
18,13,CFG_INDA_DELAY,0,176,2,delay,IOTILE
18,13,CFG_INDA_DELAY,1,176,1,delay,IOTILE
18,13,CFG_INDA_DELAY,2,177,128,delay,IOTILE
18,13,CFG_INDA_DELAY,3,292,2,delay,IOTILE
18,13,CFG_INDA_DELAY,4,292,1,delay,IOTILE
18,13,CFG_INDA_DELAY,5,293,128,delay,IOTILE
18,13,CFG_INDA_DELAY,6,174,2,delay,IOTILE
18,13,CFG_INDA_DELAY,7,174,1,delay,IOTILE
18,13,CFG_INDA_DELAY,8,175,128,delay,IOTILE
18,13,CFG_INDA_DELAY,9,290,2,delay,IOTILE
18,13,CFG_INDA_DELAY,10,290,1,delay,IOTILE
18,13,CFG_INDA_DELAY,11,291,128,delay,IOTILE
18,13,CFG_INPUTMUX0,0,174,128,mux,IOTILE
18,13,CFG_INPUTMUX0,1,290,128,mux,IOTILE
18,13,CFG_INPUTMUX1,0,173,32,mux,IOTILE
18,13,CFG_INPUTMUX1,1,173,16,mux,IOTILE
18,13,CFG_INPUTMUX2,0,289,1,mux,IOTILE
18,13,CFG_INPUTMUX2,1,173,1,mux,IOTILE
18,13,CFG_INPUTMUX3,0,289,32,mux,IOTILE
18,13,CFG_INPUTMUX3,1,289,16,mux,IOTILE
18,13,CFG_INREG_DELAY,0,176,8,delay,IOTILE
18,13,CFG_INREG_DELAY,1,176,16,delay,IOTILE
18,13,CFG_INREG_DELAY,2,176,32,delay,IOTILE
18,13,CFG_INREG_DELAY,3,292,8,delay,IOTILE
18,13,CFG_INREG_DELAY,4,292,16,delay,IOTILE
18,13,CFG_INREG_DELAY,5,292,32,delay,IOTILE
18,13,CFG_INREG_DELAY,6,174,16,delay,IOTILE
18,13,CFG_INREG_DELAY,7,174,8,delay,IOTILE
18,13,CFG_INREG_DELAY,8,174,32,delay,IOTILE
18,13,CFG_INREG_DELAY,9,290,32,delay,IOTILE
18,13,CFG_INREG_DELAY,10,290,16,delay,IOTILE
18,13,CFG_INREG_DELAY,11,290,8,delay,IOTILE
18,13,CFG_IN_ASYNC_MODE,0,405,1,ioreg,IOTILE
18,13,CFG_IN_ASYNC_MODE,1,405,16,ioreg,IOTILE
18,13,CFG_IN_ASYNC_MODE,2,2609,1,ioreg,IOTILE
18,13,CFG_IN_ASYNC_MODE,3,2609,16,ioreg,IOTILE
18,13,CFG_IN_POWERUP,0,522,128,ioreg,IOTILE
18,13,CFG_IN_POWERUP,1,521,32,ioreg,IOTILE
18,13,CFG_IN_POWERUP,2,2494,128,ioreg,IOTILE
18,13,CFG_IN_POWERUP,3,2493,32,ioreg,IOTILE
18,13,CFG_IN_SYNC_MODE,0,406,128,ioreg,IOTILE
18,13,CFG_IN_SYNC_MODE,1,405,32,ioreg,IOTILE
18,13,CFG_IN_SYNC_MODE,2,2610,128,ioreg,IOTILE
18,13,CFG_IN_SYNC_MODE,3,2609,32,ioreg,IOTILE
18,13,CFG_IOMUX0,0,407,64,mux,IOTILE
18,13,CFG_IOMUX0,1,523,64,mux,IOTILE
18,13,CFG_IOMUX0,2,407,32,mux,IOTILE
18,13,CFG_IOMUX0,3,523,32,mux,IOTILE
18,13,CFG_IOMUX0,4,407,16,mux,IOTILE
18,13,CFG_IOMUX0,5,523,16,mux,IOTILE
18,13,CFG_IOMUX0,6,523,8,mux,IOTILE
18,13,CFG_IOMUX0,7,639,64,mux,IOTILE
18,13,CFG_IOMUX0,8,755,64,mux,IOTILE
18,13,CFG_IOMUX0,9,639,32,mux,IOTILE
18,13,CFG_IOMUX0,10,755,32,mux,IOTILE
18,13,CFG_IOMUX0,11,639,16,mux,IOTILE
18,13,CFG_IOMUX0,12,755,16,mux,IOTILE
18,13,CFG_IOMUX0,13,755,8,mux,IOTILE
18,13,CFG_IOMUX0,14,2495,64,mux,IOTILE
18,13,CFG_IOMUX0,15,2611,64,mux,IOTILE
18,13,CFG_IOMUX0,16,2495,32,mux,IOTILE
18,13,CFG_IOMUX0,17,2611,32,mux,IOTILE
18,13,CFG_IOMUX0,18,2495,16,mux,IOTILE
18,13,CFG_IOMUX0,19,2611,16,mux,IOTILE
18,13,CFG_IOMUX0,20,2611,8,mux,IOTILE
18,13,CFG_IOMUX0,21,2263,64,mux,IOTILE
18,13,CFG_IOMUX0,22,2379,64,mux,IOTILE
18,13,CFG_IOMUX0,23,2263,32,mux,IOTILE
18,13,CFG_IOMUX0,24,2379,32,mux,IOTILE
18,13,CFG_IOMUX0,25,2263,16,mux,IOTILE
18,13,CFG_IOMUX0,26,2379,16,mux,IOTILE
18,13,CFG_IOMUX0,27,2379,8,mux,IOTILE
18,13,CFG_IOMUX0,28,871,64,mux,IOTILE
18,13,CFG_IOMUX0,29,987,64,mux,IOTILE
18,13,CFG_IOMUX0,30,871,32,mux,IOTILE
18,13,CFG_IOMUX0,31,987,32,mux,IOTILE
18,13,CFG_IOMUX0,32,871,16,mux,IOTILE
18,13,CFG_IOMUX0,33,987,16,mux,IOTILE
18,13,CFG_IOMUX0,34,987,8,mux,IOTILE
18,13,CFG_IOMUX0,35,1103,64,mux,IOTILE
18,13,CFG_IOMUX0,36,1219,64,mux,IOTILE
18,13,CFG_IOMUX0,37,1103,32,mux,IOTILE
18,13,CFG_IOMUX0,38,1219,32,mux,IOTILE
18,13,CFG_IOMUX0,39,1103,16,mux,IOTILE
18,13,CFG_IOMUX0,40,1219,16,mux,IOTILE
18,13,CFG_IOMUX0,41,1219,8,mux,IOTILE
18,13,CFG_IOMUX1,0,2031,64,mux,IOTILE
18,13,CFG_IOMUX1,1,2147,64,mux,IOTILE
18,13,CFG_IOMUX1,2,2031,32,mux,IOTILE
18,13,CFG_IOMUX1,3,2147,32,mux,IOTILE
18,13,CFG_IOMUX1,4,2031,16,mux,IOTILE
18,13,CFG_IOMUX1,5,2147,16,mux,IOTILE
18,13,CFG_IOMUX1,6,2147,8,mux,IOTILE
18,13,CFG_IOMUX1,7,1799,64,mux,IOTILE
18,13,CFG_IOMUX1,8,1915,64,mux,IOTILE
18,13,CFG_IOMUX1,9,1799,32,mux,IOTILE
18,13,CFG_IOMUX1,10,1915,32,mux,IOTILE
18,13,CFG_IOMUX1,11,1799,16,mux,IOTILE
18,13,CFG_IOMUX1,12,1915,16,mux,IOTILE
18,13,CFG_IOMUX1,13,1915,8,mux,IOTILE
18,13,CFG_IOMUX1,14,871,128,mux,IOTILE
18,13,CFG_IOMUX1,15,987,128,mux,IOTILE
18,13,CFG_IOMUX1,16,870,1,mux,IOTILE
18,13,CFG_IOMUX1,17,986,1,mux,IOTILE
18,13,CFG_IOMUX1,18,870,2,mux,IOTILE
18,13,CFG_IOMUX1,19,986,2,mux,IOTILE
18,13,CFG_IOMUX1,20,986,4,mux,IOTILE
18,13,CFG_IOMUX1,21,1103,128,mux,IOTILE
18,13,CFG_IOMUX1,22,1219,128,mux,IOTILE
18,13,CFG_IOMUX1,23,1102,1,mux,IOTILE
18,13,CFG_IOMUX1,24,1218,1,mux,IOTILE
18,13,CFG_IOMUX1,25,1102,2,mux,IOTILE
18,13,CFG_IOMUX1,26,1218,2,mux,IOTILE
18,13,CFG_IOMUX1,27,1218,4,mux,IOTILE
18,13,CFG_IOMUX1,28,2031,128,mux,IOTILE
18,13,CFG_IOMUX1,29,2147,128,mux,IOTILE
18,13,CFG_IOMUX1,30,2030,1,mux,IOTILE
18,13,CFG_IOMUX1,31,2146,1,mux,IOTILE
18,13,CFG_IOMUX1,32,2030,2,mux,IOTILE
18,13,CFG_IOMUX1,33,2146,2,mux,IOTILE
18,13,CFG_IOMUX1,34,2146,4,mux,IOTILE
18,13,CFG_IOMUX1,35,1799,128,mux,IOTILE
18,13,CFG_IOMUX1,36,1915,128,mux,IOTILE
18,13,CFG_IOMUX1,37,1798,1,mux,IOTILE
18,13,CFG_IOMUX1,38,1914,1,mux,IOTILE
18,13,CFG_IOMUX1,39,1798,2,mux,IOTILE
18,13,CFG_IOMUX1,40,1914,2,mux,IOTILE
18,13,CFG_IOMUX1,41,1914,4,mux,IOTILE
18,13,CFG_IOMUX2,0,407,128,mux,IOTILE
18,13,CFG_IOMUX2,1,523,128,mux,IOTILE
18,13,CFG_IOMUX2,2,406,1,mux,IOTILE
18,13,CFG_IOMUX2,3,522,1,mux,IOTILE
18,13,CFG_IOMUX2,4,406,2,mux,IOTILE
18,13,CFG_IOMUX2,5,522,2,mux,IOTILE
18,13,CFG_IOMUX2,6,522,4,mux,IOTILE
18,13,CFG_IOMUX2,7,639,128,mux,IOTILE
18,13,CFG_IOMUX2,8,755,128,mux,IOTILE
18,13,CFG_IOMUX2,9,638,1,mux,IOTILE
18,13,CFG_IOMUX2,10,754,1,mux,IOTILE
18,13,CFG_IOMUX2,11,638,2,mux,IOTILE
18,13,CFG_IOMUX2,12,754,2,mux,IOTILE
18,13,CFG_IOMUX2,13,754,4,mux,IOTILE
18,13,CFG_IOMUX2,14,2495,128,mux,IOTILE
18,13,CFG_IOMUX2,15,2611,128,mux,IOTILE
18,13,CFG_IOMUX2,16,2494,1,mux,IOTILE
18,13,CFG_IOMUX2,17,2610,1,mux,IOTILE
18,13,CFG_IOMUX2,18,2494,2,mux,IOTILE
18,13,CFG_IOMUX2,19,2610,2,mux,IOTILE
18,13,CFG_IOMUX2,20,2610,4,mux,IOTILE
18,13,CFG_IOMUX2,21,2263,128,mux,IOTILE
18,13,CFG_IOMUX2,22,2379,128,mux,IOTILE
18,13,CFG_IOMUX2,23,2262,1,mux,IOTILE
18,13,CFG_IOMUX2,24,2378,1,mux,IOTILE
18,13,CFG_IOMUX2,25,2262,2,mux,IOTILE
18,13,CFG_IOMUX2,26,2378,2,mux,IOTILE
18,13,CFG_IOMUX2,27,2378,4,mux,IOTILE
18,13,CFG_IOMUX2,28,406,64,mux,IOTILE
18,13,CFG_IOMUX2,29,522,64,mux,IOTILE
18,13,CFG_IOMUX2,30,406,32,mux,IOTILE
18,13,CFG_IOMUX2,31,522,32,mux,IOTILE
18,13,CFG_IOMUX2,32,406,16,mux,IOTILE
18,13,CFG_IOMUX2,33,522,16,mux,IOTILE
18,13,CFG_IOMUX2,34,522,8,mux,IOTILE
18,13,CFG_IOMUX2,35,638,64,mux,IOTILE
18,13,CFG_IOMUX2,36,754,64,mux,IOTILE
18,13,CFG_IOMUX2,37,638,32,mux,IOTILE
18,13,CFG_IOMUX2,38,754,32,mux,IOTILE
18,13,CFG_IOMUX2,39,638,16,mux,IOTILE
18,13,CFG_IOMUX2,40,754,16,mux,IOTILE
18,13,CFG_IOMUX2,41,754,8,mux,IOTILE
18,13,CFG_IOMUX3,0,2494,64,mux,IOTILE
18,13,CFG_IOMUX3,1,2610,64,mux,IOTILE
18,13,CFG_IOMUX3,2,2494,32,mux,IOTILE
18,13,CFG_IOMUX3,3,2610,32,mux,IOTILE
18,13,CFG_IOMUX3,4,2494,16,mux,IOTILE
18,13,CFG_IOMUX3,5,2610,16,mux,IOTILE
18,13,CFG_IOMUX3,6,2610,8,mux,IOTILE
18,13,CFG_IOMUX3,7,2262,64,mux,IOTILE
18,13,CFG_IOMUX3,8,2378,64,mux,IOTILE
18,13,CFG_IOMUX3,9,2262,32,mux,IOTILE
18,13,CFG_IOMUX3,10,2378,32,mux,IOTILE
18,13,CFG_IOMUX3,11,2262,16,mux,IOTILE
18,13,CFG_IOMUX3,12,2378,16,mux,IOTILE
18,13,CFG_IOMUX3,13,2378,8,mux,IOTILE
18,13,CFG_IOMUX3,14,870,64,mux,IOTILE
18,13,CFG_IOMUX3,15,986,64,mux,IOTILE
18,13,CFG_IOMUX3,16,870,32,mux,IOTILE
18,13,CFG_IOMUX3,17,986,32,mux,IOTILE
18,13,CFG_IOMUX3,18,870,16,mux,IOTILE
18,13,CFG_IOMUX3,19,986,16,mux,IOTILE
18,13,CFG_IOMUX3,20,986,8,mux,IOTILE
18,13,CFG_IOMUX3,21,1102,64,mux,IOTILE
18,13,CFG_IOMUX3,22,1218,64,mux,IOTILE
18,13,CFG_IOMUX3,23,1102,32,mux,IOTILE
18,13,CFG_IOMUX3,24,1218,32,mux,IOTILE
18,13,CFG_IOMUX3,25,1102,16,mux,IOTILE
18,13,CFG_IOMUX3,26,1218,16,mux,IOTILE
18,13,CFG_IOMUX3,27,1218,8,mux,IOTILE
18,13,CFG_IOMUX3,28,2030,64,mux,IOTILE
18,13,CFG_IOMUX3,29,2146,64,mux,IOTILE
18,13,CFG_IOMUX3,30,2030,32,mux,IOTILE
18,13,CFG_IOMUX3,31,2146,32,mux,IOTILE
18,13,CFG_IOMUX3,32,2030,16,mux,IOTILE
18,13,CFG_IOMUX3,33,2146,16,mux,IOTILE
18,13,CFG_IOMUX3,34,2146,8,mux,IOTILE
18,13,CFG_IOMUX3,35,1798,64,mux,IOTILE
18,13,CFG_IOMUX3,36,1914,64,mux,IOTILE
18,13,CFG_IOMUX3,37,1798,32,mux,IOTILE
18,13,CFG_IOMUX3,38,1914,32,mux,IOTILE
18,13,CFG_IOMUX3,39,1798,16,mux,IOTILE
18,13,CFG_IOMUX3,40,1914,16,mux,IOTILE
18,13,CFG_IOMUX3,41,1914,8,mux,IOTILE
18,13,CFG_OE_ASYNC_MODE,0,869,1,ioreg,IOTILE
18,13,CFG_OE_ASYNC_MODE,1,869,16,ioreg,IOTILE
18,13,CFG_OE_ASYNC_MODE,2,2145,1,ioreg,IOTILE
18,13,CFG_OE_ASYNC_MODE,3,2145,16,ioreg,IOTILE
18,13,CFG_OE_POWERUP,0,986,128,ioreg,IOTILE
18,13,CFG_OE_POWERUP,1,985,32,ioreg,IOTILE
18,13,CFG_OE_POWERUP,2,2030,128,ioreg,IOTILE
18,13,CFG_OE_POWERUP,3,2029,32,ioreg,IOTILE
18,13,CFG_OE_REG_MODE,0,753,1,ioreg,IOTILE
18,13,CFG_OE_REG_MODE,1,753,16,ioreg,IOTILE
18,13,CFG_OE_REG_MODE,2,2261,1,ioreg,IOTILE
18,13,CFG_OE_REG_MODE,3,2261,16,ioreg,IOTILE
18,13,CFG_OE_SYNC_MODE,0,870,128,ioreg,IOTILE
18,13,CFG_OE_SYNC_MODE,1,869,32,ioreg,IOTILE
18,13,CFG_OE_SYNC_MODE,2,2146,128,ioreg,IOTILE
18,13,CFG_OE_SYNC_MODE,3,2145,32,ioreg,IOTILE
18,13,CFG_OUTDELAY,0,175,8,delay,IOTILE
18,13,CFG_OUTDELAY,1,291,8,delay,IOTILE
18,13,CFG_OUTDELAY,2,174,64,delay,IOTILE
18,13,CFG_OUTDELAY,3,290,64,delay,IOTILE
18,13,CFG_OUT_ASYNC_MODE,0,637,1,ioreg,IOTILE
18,13,CFG_OUT_ASYNC_MODE,1,637,16,ioreg,IOTILE
18,13,CFG_OUT_ASYNC_MODE,2,2377,1,ioreg,IOTILE
18,13,CFG_OUT_ASYNC_MODE,3,2377,16,ioreg,IOTILE
18,13,CFG_OUT_POWERUP,0,754,128,ioreg,IOTILE
18,13,CFG_OUT_POWERUP,1,753,32,ioreg,IOTILE
18,13,CFG_OUT_POWERUP,2,2262,128,ioreg,IOTILE
18,13,CFG_OUT_POWERUP,3,2261,32,ioreg,IOTILE
18,13,CFG_OUT_REG_MODE,0,985,1,ioreg,IOTILE
18,13,CFG_OUT_REG_MODE,1,985,16,ioreg,IOTILE
18,13,CFG_OUT_REG_MODE,2,2029,1,ioreg,IOTILE
18,13,CFG_OUT_REG_MODE,3,2029,16,ioreg,IOTILE
18,13,CFG_OUT_SYNC_MODE,0,638,128,ioreg,IOTILE
18,13,CFG_OUT_SYNC_MODE,1,637,32,ioreg,IOTILE
18,13,CFG_OUT_SYNC_MODE,2,2378,128,ioreg,IOTILE
18,13,CFG_OUT_SYNC_MODE,3,2377,32,ioreg,IOTILE
19,0,CFG_INDA_DELAY,0,99816,32,delay,IOTILE
19,0,CFG_INDA_DELAY,1,99816,16,delay,IOTILE
19,0,CFG_INDA_DELAY,2,99816,8,delay,IOTILE
19,0,CFG_INDA_DELAY,3,99700,32,delay,IOTILE
19,0,CFG_INDA_DELAY,4,99700,16,delay,IOTILE
19,0,CFG_INDA_DELAY,5,99700,8,delay,IOTILE
19,0,CFG_INDA_DELAY,6,99814,32,delay,IOTILE
19,0,CFG_INDA_DELAY,7,99814,16,delay,IOTILE
19,0,CFG_INDA_DELAY,8,99814,8,delay,IOTILE
19,0,CFG_INDA_DELAY,9,99698,32,delay,IOTILE
19,0,CFG_INDA_DELAY,10,99698,16,delay,IOTILE
19,0,CFG_INDA_DELAY,11,99698,8,delay,IOTILE
19,0,CFG_INPUTMUX0,0,99813,8,mux,IOTILE
19,0,CFG_INPUTMUX0,1,99697,8,mux,IOTILE
19,0,CFG_INPUTMUX1,0,99812,2,mux,IOTILE
19,0,CFG_INPUTMUX1,1,99812,1,mux,IOTILE
19,0,CFG_INPUTMUX2,0,99697,16,mux,IOTILE
19,0,CFG_INPUTMUX2,1,99813,16,mux,IOTILE
19,0,CFG_INPUTMUX3,0,99696,2,mux,IOTILE
19,0,CFG_INPUTMUX3,1,99696,1,mux,IOTILE
19,0,CFG_INREG_DELAY,0,99816,128,delay,IOTILE
19,0,CFG_INREG_DELAY,1,99815,1,delay,IOTILE
19,0,CFG_INREG_DELAY,2,99815,2,delay,IOTILE
19,0,CFG_INREG_DELAY,3,99700,128,delay,IOTILE
19,0,CFG_INREG_DELAY,4,99699,1,delay,IOTILE
19,0,CFG_INREG_DELAY,5,99699,2,delay,IOTILE
19,0,CFG_INREG_DELAY,6,99813,1,delay,IOTILE
19,0,CFG_INREG_DELAY,7,99814,128,delay,IOTILE
19,0,CFG_INREG_DELAY,8,99813,2,delay,IOTILE
19,0,CFG_INREG_DELAY,9,99697,2,delay,IOTILE
19,0,CFG_INREG_DELAY,10,99697,1,delay,IOTILE
19,0,CFG_INREG_DELAY,11,99698,128,delay,IOTILE
19,0,CFG_IN_ASYNC_MODE,0,99581,16,ioreg,IOTILE
19,0,CFG_IN_ASYNC_MODE,1,99580,1,ioreg,IOTILE
19,0,CFG_IN_ASYNC_MODE,2,97377,16,ioreg,IOTILE
19,0,CFG_IN_ASYNC_MODE,3,97376,1,ioreg,IOTILE
19,0,CFG_IN_POWERUP,0,99465,8,ioreg,IOTILE
19,0,CFG_IN_POWERUP,1,99464,2,ioreg,IOTILE
19,0,CFG_IN_POWERUP,2,97493,8,ioreg,IOTILE
19,0,CFG_IN_POWERUP,3,97492,2,ioreg,IOTILE
19,0,CFG_IN_SYNC_MODE,0,99581,8,ioreg,IOTILE
19,0,CFG_IN_SYNC_MODE,1,99580,2,ioreg,IOTILE
19,0,CFG_IN_SYNC_MODE,2,97377,8,ioreg,IOTILE
19,0,CFG_IN_SYNC_MODE,3,97376,2,ioreg,IOTILE
19,0,CFG_IOMUX0,0,99582,4,mux,IOTILE
19,0,CFG_IOMUX0,1,99466,4,mux,IOTILE
19,0,CFG_IOMUX0,2,99582,2,mux,IOTILE
19,0,CFG_IOMUX0,3,99466,2,mux,IOTILE
19,0,CFG_IOMUX0,4,99582,1,mux,IOTILE
19,0,CFG_IOMUX0,5,99466,1,mux,IOTILE
19,0,CFG_IOMUX0,6,99467,128,mux,IOTILE
19,0,CFG_IOMUX0,7,99350,4,mux,IOTILE
19,0,CFG_IOMUX0,8,99234,4,mux,IOTILE
19,0,CFG_IOMUX0,9,99350,2,mux,IOTILE
19,0,CFG_IOMUX0,10,99234,2,mux,IOTILE
19,0,CFG_IOMUX0,11,99350,1,mux,IOTILE
19,0,CFG_IOMUX0,12,99234,1,mux,IOTILE
19,0,CFG_IOMUX0,13,99235,128,mux,IOTILE
19,0,CFG_IOMUX0,14,97494,4,mux,IOTILE
19,0,CFG_IOMUX0,15,97378,4,mux,IOTILE
19,0,CFG_IOMUX0,16,97494,2,mux,IOTILE
19,0,CFG_IOMUX0,17,97378,2,mux,IOTILE
19,0,CFG_IOMUX0,18,97494,1,mux,IOTILE
19,0,CFG_IOMUX0,19,97378,1,mux,IOTILE
19,0,CFG_IOMUX0,20,97379,128,mux,IOTILE
19,0,CFG_IOMUX0,21,97726,4,mux,IOTILE
19,0,CFG_IOMUX0,22,97610,4,mux,IOTILE
19,0,CFG_IOMUX0,23,97726,2,mux,IOTILE
19,0,CFG_IOMUX0,24,97610,2,mux,IOTILE
19,0,CFG_IOMUX0,25,97726,1,mux,IOTILE
19,0,CFG_IOMUX0,26,97610,1,mux,IOTILE
19,0,CFG_IOMUX0,27,97611,128,mux,IOTILE
19,0,CFG_IOMUX0,28,99118,4,mux,IOTILE
19,0,CFG_IOMUX0,29,99002,4,mux,IOTILE
19,0,CFG_IOMUX0,30,99118,2,mux,IOTILE
19,0,CFG_IOMUX0,31,99002,2,mux,IOTILE
19,0,CFG_IOMUX0,32,99118,1,mux,IOTILE
19,0,CFG_IOMUX0,33,99002,1,mux,IOTILE
19,0,CFG_IOMUX0,34,99003,128,mux,IOTILE
19,0,CFG_IOMUX0,35,98886,4,mux,IOTILE
19,0,CFG_IOMUX0,36,98770,4,mux,IOTILE
19,0,CFG_IOMUX0,37,98886,2,mux,IOTILE
19,0,CFG_IOMUX0,38,98770,2,mux,IOTILE
19,0,CFG_IOMUX0,39,98886,1,mux,IOTILE
19,0,CFG_IOMUX0,40,98770,1,mux,IOTILE
19,0,CFG_IOMUX0,41,98771,128,mux,IOTILE
19,0,CFG_IOMUX1,0,97958,4,mux,IOTILE
19,0,CFG_IOMUX1,1,97842,4,mux,IOTILE
19,0,CFG_IOMUX1,2,97958,2,mux,IOTILE
19,0,CFG_IOMUX1,3,97842,2,mux,IOTILE
19,0,CFG_IOMUX1,4,97958,1,mux,IOTILE
19,0,CFG_IOMUX1,5,97842,1,mux,IOTILE
19,0,CFG_IOMUX1,6,97843,128,mux,IOTILE
19,0,CFG_IOMUX1,7,98190,4,mux,IOTILE
19,0,CFG_IOMUX1,8,98074,4,mux,IOTILE
19,0,CFG_IOMUX1,9,98190,2,mux,IOTILE
19,0,CFG_IOMUX1,10,98074,2,mux,IOTILE
19,0,CFG_IOMUX1,11,98190,1,mux,IOTILE
19,0,CFG_IOMUX1,12,98074,1,mux,IOTILE
19,0,CFG_IOMUX1,13,98075,128,mux,IOTILE
19,0,CFG_IOMUX1,14,99118,8,mux,IOTILE
19,0,CFG_IOMUX1,15,99002,8,mux,IOTILE
19,0,CFG_IOMUX1,16,99118,16,mux,IOTILE
19,0,CFG_IOMUX1,17,99002,16,mux,IOTILE
19,0,CFG_IOMUX1,18,99118,32,mux,IOTILE
19,0,CFG_IOMUX1,19,99002,32,mux,IOTILE
19,0,CFG_IOMUX1,20,99002,64,mux,IOTILE
19,0,CFG_IOMUX1,21,98886,8,mux,IOTILE
19,0,CFG_IOMUX1,22,98770,8,mux,IOTILE
19,0,CFG_IOMUX1,23,98886,16,mux,IOTILE
19,0,CFG_IOMUX1,24,98770,16,mux,IOTILE
19,0,CFG_IOMUX1,25,98886,32,mux,IOTILE
19,0,CFG_IOMUX1,26,98770,32,mux,IOTILE
19,0,CFG_IOMUX1,27,98770,64,mux,IOTILE
19,0,CFG_IOMUX1,28,97958,8,mux,IOTILE
19,0,CFG_IOMUX1,29,97842,8,mux,IOTILE
19,0,CFG_IOMUX1,30,97958,16,mux,IOTILE
19,0,CFG_IOMUX1,31,97842,16,mux,IOTILE
19,0,CFG_IOMUX1,32,97958,32,mux,IOTILE
19,0,CFG_IOMUX1,33,97842,32,mux,IOTILE
19,0,CFG_IOMUX1,34,97842,64,mux,IOTILE
19,0,CFG_IOMUX1,35,98190,8,mux,IOTILE
19,0,CFG_IOMUX1,36,98074,8,mux,IOTILE
19,0,CFG_IOMUX1,37,98190,16,mux,IOTILE
19,0,CFG_IOMUX1,38,98074,16,mux,IOTILE
19,0,CFG_IOMUX1,39,98190,32,mux,IOTILE
19,0,CFG_IOMUX1,40,98074,32,mux,IOTILE
19,0,CFG_IOMUX1,41,98074,64,mux,IOTILE
19,0,CFG_IOMUX2,0,99582,8,mux,IOTILE
19,0,CFG_IOMUX2,1,99466,8,mux,IOTILE
19,0,CFG_IOMUX2,2,99582,16,mux,IOTILE
19,0,CFG_IOMUX2,3,99466,16,mux,IOTILE
19,0,CFG_IOMUX2,4,99582,32,mux,IOTILE
19,0,CFG_IOMUX2,5,99466,32,mux,IOTILE
19,0,CFG_IOMUX2,6,99466,64,mux,IOTILE
19,0,CFG_IOMUX2,7,99350,8,mux,IOTILE
19,0,CFG_IOMUX2,8,99234,8,mux,IOTILE
19,0,CFG_IOMUX2,9,99350,16,mux,IOTILE
19,0,CFG_IOMUX2,10,99234,16,mux,IOTILE
19,0,CFG_IOMUX2,11,99350,32,mux,IOTILE
19,0,CFG_IOMUX2,12,99234,32,mux,IOTILE
19,0,CFG_IOMUX2,13,99234,64,mux,IOTILE
19,0,CFG_IOMUX2,14,97494,8,mux,IOTILE
19,0,CFG_IOMUX2,15,97378,8,mux,IOTILE
19,0,CFG_IOMUX2,16,97494,16,mux,IOTILE
19,0,CFG_IOMUX2,17,97378,16,mux,IOTILE
19,0,CFG_IOMUX2,18,97494,32,mux,IOTILE
19,0,CFG_IOMUX2,19,97378,32,mux,IOTILE
19,0,CFG_IOMUX2,20,97378,64,mux,IOTILE
19,0,CFG_IOMUX2,21,97726,8,mux,IOTILE
19,0,CFG_IOMUX2,22,97610,8,mux,IOTILE
19,0,CFG_IOMUX2,23,97726,16,mux,IOTILE
19,0,CFG_IOMUX2,24,97610,16,mux,IOTILE
19,0,CFG_IOMUX2,25,97726,32,mux,IOTILE
19,0,CFG_IOMUX2,26,97610,32,mux,IOTILE
19,0,CFG_IOMUX2,27,97610,64,mux,IOTILE
19,0,CFG_IOMUX2,28,99581,4,mux,IOTILE
19,0,CFG_IOMUX2,29,99465,4,mux,IOTILE
19,0,CFG_IOMUX2,30,99581,2,mux,IOTILE
19,0,CFG_IOMUX2,31,99465,2,mux,IOTILE
19,0,CFG_IOMUX2,32,99581,1,mux,IOTILE
19,0,CFG_IOMUX2,33,99465,1,mux,IOTILE
19,0,CFG_IOMUX2,34,99466,128,mux,IOTILE
19,0,CFG_IOMUX2,35,99349,4,mux,IOTILE
19,0,CFG_IOMUX2,36,99233,4,mux,IOTILE
19,0,CFG_IOMUX2,37,99349,2,mux,IOTILE
19,0,CFG_IOMUX2,38,99233,2,mux,IOTILE
19,0,CFG_IOMUX2,39,99349,1,mux,IOTILE
19,0,CFG_IOMUX2,40,99233,1,mux,IOTILE
19,0,CFG_IOMUX2,41,99234,128,mux,IOTILE
19,0,CFG_IOMUX3,0,97493,4,mux,IOTILE
19,0,CFG_IOMUX3,1,97377,4,mux,IOTILE
19,0,CFG_IOMUX3,2,97493,2,mux,IOTILE
19,0,CFG_IOMUX3,3,97377,2,mux,IOTILE
19,0,CFG_IOMUX3,4,97493,1,mux,IOTILE
19,0,CFG_IOMUX3,5,97377,1,mux,IOTILE
19,0,CFG_IOMUX3,6,97378,128,mux,IOTILE
19,0,CFG_IOMUX3,7,97725,4,mux,IOTILE
19,0,CFG_IOMUX3,8,97609,4,mux,IOTILE
19,0,CFG_IOMUX3,9,97725,2,mux,IOTILE
19,0,CFG_IOMUX3,10,97609,2,mux,IOTILE
19,0,CFG_IOMUX3,11,97725,1,mux,IOTILE
19,0,CFG_IOMUX3,12,97609,1,mux,IOTILE
19,0,CFG_IOMUX3,13,97610,128,mux,IOTILE
19,0,CFG_IOMUX3,14,99117,4,mux,IOTILE
19,0,CFG_IOMUX3,15,99001,4,mux,IOTILE
19,0,CFG_IOMUX3,16,99117,2,mux,IOTILE
19,0,CFG_IOMUX3,17,99001,2,mux,IOTILE
19,0,CFG_IOMUX3,18,99117,1,mux,IOTILE
19,0,CFG_IOMUX3,19,99001,1,mux,IOTILE
19,0,CFG_IOMUX3,20,99002,128,mux,IOTILE
19,0,CFG_IOMUX3,21,98885,4,mux,IOTILE
19,0,CFG_IOMUX3,22,98769,4,mux,IOTILE
19,0,CFG_IOMUX3,23,98885,2,mux,IOTILE
19,0,CFG_IOMUX3,24,98769,2,mux,IOTILE
19,0,CFG_IOMUX3,25,98885,1,mux,IOTILE
19,0,CFG_IOMUX3,26,98769,1,mux,IOTILE
19,0,CFG_IOMUX3,27,98770,128,mux,IOTILE
19,0,CFG_IOMUX3,28,97957,4,mux,IOTILE
19,0,CFG_IOMUX3,29,97841,4,mux,IOTILE
19,0,CFG_IOMUX3,30,97957,2,mux,IOTILE
19,0,CFG_IOMUX3,31,97841,2,mux,IOTILE
19,0,CFG_IOMUX3,32,97957,1,mux,IOTILE
19,0,CFG_IOMUX3,33,97841,1,mux,IOTILE
19,0,CFG_IOMUX3,34,97842,128,mux,IOTILE
19,0,CFG_IOMUX3,35,98189,4,mux,IOTILE
19,0,CFG_IOMUX3,36,98073,4,mux,IOTILE
19,0,CFG_IOMUX3,37,98189,2,mux,IOTILE
19,0,CFG_IOMUX3,38,98073,2,mux,IOTILE
19,0,CFG_IOMUX3,39,98189,1,mux,IOTILE
19,0,CFG_IOMUX3,40,98073,1,mux,IOTILE
19,0,CFG_IOMUX3,41,98074,128,mux,IOTILE
19,0,CFG_OE_ASYNC_MODE,0,99117,16,ioreg,IOTILE
19,0,CFG_OE_ASYNC_MODE,1,99116,1,ioreg,IOTILE
19,0,CFG_OE_ASYNC_MODE,2,97841,16,ioreg,IOTILE
19,0,CFG_OE_ASYNC_MODE,3,97840,1,ioreg,IOTILE
19,0,CFG_OE_POWERUP,0,99001,8,ioreg,IOTILE
19,0,CFG_OE_POWERUP,1,99000,2,ioreg,IOTILE
19,0,CFG_OE_POWERUP,2,97957,8,ioreg,IOTILE
19,0,CFG_OE_POWERUP,3,97956,2,ioreg,IOTILE
19,0,CFG_OE_REG_MODE,0,99233,16,ioreg,IOTILE
19,0,CFG_OE_REG_MODE,1,99232,1,ioreg,IOTILE
19,0,CFG_OE_REG_MODE,2,97725,16,ioreg,IOTILE
19,0,CFG_OE_REG_MODE,3,97724,1,ioreg,IOTILE
19,0,CFG_OE_SYNC_MODE,0,99117,8,ioreg,IOTILE
19,0,CFG_OE_SYNC_MODE,1,99116,2,ioreg,IOTILE
19,0,CFG_OE_SYNC_MODE,2,97841,8,ioreg,IOTILE
19,0,CFG_OE_SYNC_MODE,3,97840,2,ioreg,IOTILE
19,0,CFG_OUTDELAY,0,99815,128,delay,IOTILE
19,0,CFG_OUTDELAY,1,99699,128,delay,IOTILE
19,0,CFG_OUTDELAY,2,99813,4,delay,IOTILE
19,0,CFG_OUTDELAY,3,99697,4,delay,IOTILE
19,0,CFG_OUT_ASYNC_MODE,0,99349,16,ioreg,IOTILE
19,0,CFG_OUT_ASYNC_MODE,1,99348,1,ioreg,IOTILE
19,0,CFG_OUT_ASYNC_MODE,2,97609,16,ioreg,IOTILE
19,0,CFG_OUT_ASYNC_MODE,3,97608,1,ioreg,IOTILE
19,0,CFG_OUT_POWERUP,0,99233,8,ioreg,IOTILE
19,0,CFG_OUT_POWERUP,1,99232,2,ioreg,IOTILE
19,0,CFG_OUT_POWERUP,2,97725,8,ioreg,IOTILE
19,0,CFG_OUT_POWERUP,3,97724,2,ioreg,IOTILE
19,0,CFG_OUT_REG_MODE,0,99001,16,ioreg,IOTILE
19,0,CFG_OUT_REG_MODE,1,99000,1,ioreg,IOTILE
19,0,CFG_OUT_REG_MODE,2,97957,16,ioreg,IOTILE
19,0,CFG_OUT_REG_MODE,3,97956,1,ioreg,IOTILE
19,0,CFG_OUT_SYNC_MODE,0,99349,8,ioreg,IOTILE
19,0,CFG_OUT_SYNC_MODE,1,99348,2,ioreg,IOTILE
19,0,CFG_OUT_SYNC_MODE,2,97609,8,ioreg,IOTILE
19,0,CFG_OUT_SYNC_MODE,3,97608,2,ioreg,IOTILE
19,13,CFG_INDA_DELAY,0,172,32,delay,IOTILE
19,13,CFG_INDA_DELAY,1,172,16,delay,IOTILE
19,13,CFG_INDA_DELAY,2,172,8,delay,IOTILE
19,13,CFG_INDA_DELAY,3,288,32,delay,IOTILE
19,13,CFG_INDA_DELAY,4,288,16,delay,IOTILE
19,13,CFG_INDA_DELAY,5,288,8,delay,IOTILE
19,13,CFG_INDA_DELAY,6,170,32,delay,IOTILE
19,13,CFG_INDA_DELAY,7,170,16,delay,IOTILE
19,13,CFG_INDA_DELAY,8,170,8,delay,IOTILE
19,13,CFG_INDA_DELAY,9,286,32,delay,IOTILE
19,13,CFG_INDA_DELAY,10,286,16,delay,IOTILE
19,13,CFG_INDA_DELAY,11,286,8,delay,IOTILE
19,13,CFG_INPUTMUX0,0,169,8,mux,IOTILE
19,13,CFG_INPUTMUX0,1,285,8,mux,IOTILE
19,13,CFG_INPUTMUX1,0,168,2,mux,IOTILE
19,13,CFG_INPUTMUX1,1,168,1,mux,IOTILE
19,13,CFG_INPUTMUX2,0,285,16,mux,IOTILE
19,13,CFG_INPUTMUX2,1,169,16,mux,IOTILE
19,13,CFG_INPUTMUX3,0,284,2,mux,IOTILE
19,13,CFG_INPUTMUX3,1,284,1,mux,IOTILE
19,13,CFG_INREG_DELAY,0,172,128,delay,IOTILE
19,13,CFG_INREG_DELAY,1,171,1,delay,IOTILE
19,13,CFG_INREG_DELAY,2,171,2,delay,IOTILE
19,13,CFG_INREG_DELAY,3,288,128,delay,IOTILE
19,13,CFG_INREG_DELAY,4,287,1,delay,IOTILE
19,13,CFG_INREG_DELAY,5,287,2,delay,IOTILE
19,13,CFG_INREG_DELAY,6,169,1,delay,IOTILE
19,13,CFG_INREG_DELAY,7,170,128,delay,IOTILE
19,13,CFG_INREG_DELAY,8,169,2,delay,IOTILE
19,13,CFG_INREG_DELAY,9,285,2,delay,IOTILE
19,13,CFG_INREG_DELAY,10,285,1,delay,IOTILE
19,13,CFG_INREG_DELAY,11,286,128,delay,IOTILE
19,13,CFG_IN_ASYNC_MODE,0,401,16,ioreg,IOTILE
19,13,CFG_IN_ASYNC_MODE,1,400,1,ioreg,IOTILE
19,13,CFG_IN_ASYNC_MODE,2,2605,16,ioreg,IOTILE
19,13,CFG_IN_ASYNC_MODE,3,2604,1,ioreg,IOTILE
19,13,CFG_IN_POWERUP,0,517,8,ioreg,IOTILE
19,13,CFG_IN_POWERUP,1,516,2,ioreg,IOTILE
19,13,CFG_IN_POWERUP,2,2489,8,ioreg,IOTILE
19,13,CFG_IN_POWERUP,3,2488,2,ioreg,IOTILE
19,13,CFG_IN_SYNC_MODE,0,401,8,ioreg,IOTILE
19,13,CFG_IN_SYNC_MODE,1,400,2,ioreg,IOTILE
19,13,CFG_IN_SYNC_MODE,2,2605,8,ioreg,IOTILE
19,13,CFG_IN_SYNC_MODE,3,2604,2,ioreg,IOTILE
19,13,CFG_IOMUX0,0,402,4,mux,IOTILE
19,13,CFG_IOMUX0,1,518,4,mux,IOTILE
19,13,CFG_IOMUX0,2,402,2,mux,IOTILE
19,13,CFG_IOMUX0,3,518,2,mux,IOTILE
19,13,CFG_IOMUX0,4,402,1,mux,IOTILE
19,13,CFG_IOMUX0,5,518,1,mux,IOTILE
19,13,CFG_IOMUX0,6,519,128,mux,IOTILE
19,13,CFG_IOMUX0,7,634,4,mux,IOTILE
19,13,CFG_IOMUX0,8,750,4,mux,IOTILE
19,13,CFG_IOMUX0,9,634,2,mux,IOTILE
19,13,CFG_IOMUX0,10,750,2,mux,IOTILE
19,13,CFG_IOMUX0,11,634,1,mux,IOTILE
19,13,CFG_IOMUX0,12,750,1,mux,IOTILE
19,13,CFG_IOMUX0,13,751,128,mux,IOTILE
19,13,CFG_IOMUX0,14,2490,4,mux,IOTILE
19,13,CFG_IOMUX0,15,2606,4,mux,IOTILE
19,13,CFG_IOMUX0,16,2490,2,mux,IOTILE
19,13,CFG_IOMUX0,17,2606,2,mux,IOTILE
19,13,CFG_IOMUX0,18,2490,1,mux,IOTILE
19,13,CFG_IOMUX0,19,2606,1,mux,IOTILE
19,13,CFG_IOMUX0,20,2607,128,mux,IOTILE
19,13,CFG_IOMUX0,21,2258,4,mux,IOTILE
19,13,CFG_IOMUX0,22,2374,4,mux,IOTILE
19,13,CFG_IOMUX0,23,2258,2,mux,IOTILE
19,13,CFG_IOMUX0,24,2374,2,mux,IOTILE
19,13,CFG_IOMUX0,25,2258,1,mux,IOTILE
19,13,CFG_IOMUX0,26,2374,1,mux,IOTILE
19,13,CFG_IOMUX0,27,2375,128,mux,IOTILE
19,13,CFG_IOMUX0,28,866,4,mux,IOTILE
19,13,CFG_IOMUX0,29,982,4,mux,IOTILE
19,13,CFG_IOMUX0,30,866,2,mux,IOTILE
19,13,CFG_IOMUX0,31,982,2,mux,IOTILE
19,13,CFG_IOMUX0,32,866,1,mux,IOTILE
19,13,CFG_IOMUX0,33,982,1,mux,IOTILE
19,13,CFG_IOMUX0,34,983,128,mux,IOTILE
19,13,CFG_IOMUX0,35,1098,4,mux,IOTILE
19,13,CFG_IOMUX0,36,1214,4,mux,IOTILE
19,13,CFG_IOMUX0,37,1098,2,mux,IOTILE
19,13,CFG_IOMUX0,38,1214,2,mux,IOTILE
19,13,CFG_IOMUX0,39,1098,1,mux,IOTILE
19,13,CFG_IOMUX0,40,1214,1,mux,IOTILE
19,13,CFG_IOMUX0,41,1215,128,mux,IOTILE
19,13,CFG_IOMUX1,0,2026,4,mux,IOTILE
19,13,CFG_IOMUX1,1,2142,4,mux,IOTILE
19,13,CFG_IOMUX1,2,2026,2,mux,IOTILE
19,13,CFG_IOMUX1,3,2142,2,mux,IOTILE
19,13,CFG_IOMUX1,4,2026,1,mux,IOTILE
19,13,CFG_IOMUX1,5,2142,1,mux,IOTILE
19,13,CFG_IOMUX1,6,2143,128,mux,IOTILE
19,13,CFG_IOMUX1,7,1794,4,mux,IOTILE
19,13,CFG_IOMUX1,8,1910,4,mux,IOTILE
19,13,CFG_IOMUX1,9,1794,2,mux,IOTILE
19,13,CFG_IOMUX1,10,1910,2,mux,IOTILE
19,13,CFG_IOMUX1,11,1794,1,mux,IOTILE
19,13,CFG_IOMUX1,12,1910,1,mux,IOTILE
19,13,CFG_IOMUX1,13,1911,128,mux,IOTILE
19,13,CFG_IOMUX1,14,866,8,mux,IOTILE
19,13,CFG_IOMUX1,15,982,8,mux,IOTILE
19,13,CFG_IOMUX1,16,866,16,mux,IOTILE
19,13,CFG_IOMUX1,17,982,16,mux,IOTILE
19,13,CFG_IOMUX1,18,866,32,mux,IOTILE
19,13,CFG_IOMUX1,19,982,32,mux,IOTILE
19,13,CFG_IOMUX1,20,982,64,mux,IOTILE
19,13,CFG_IOMUX1,21,1098,8,mux,IOTILE
19,13,CFG_IOMUX1,22,1214,8,mux,IOTILE
19,13,CFG_IOMUX1,23,1098,16,mux,IOTILE
19,13,CFG_IOMUX1,24,1214,16,mux,IOTILE
19,13,CFG_IOMUX1,25,1098,32,mux,IOTILE
19,13,CFG_IOMUX1,26,1214,32,mux,IOTILE
19,13,CFG_IOMUX1,27,1214,64,mux,IOTILE
19,13,CFG_IOMUX1,28,2026,8,mux,IOTILE
19,13,CFG_IOMUX1,29,2142,8,mux,IOTILE
19,13,CFG_IOMUX1,30,2026,16,mux,IOTILE
19,13,CFG_IOMUX1,31,2142,16,mux,IOTILE
19,13,CFG_IOMUX1,32,2026,32,mux,IOTILE
19,13,CFG_IOMUX1,33,2142,32,mux,IOTILE
19,13,CFG_IOMUX1,34,2142,64,mux,IOTILE
19,13,CFG_IOMUX1,35,1794,8,mux,IOTILE
19,13,CFG_IOMUX1,36,1910,8,mux,IOTILE
19,13,CFG_IOMUX1,37,1794,16,mux,IOTILE
19,13,CFG_IOMUX1,38,1910,16,mux,IOTILE
19,13,CFG_IOMUX1,39,1794,32,mux,IOTILE
19,13,CFG_IOMUX1,40,1910,32,mux,IOTILE
19,13,CFG_IOMUX1,41,1910,64,mux,IOTILE
19,13,CFG_IOMUX2,0,402,8,mux,IOTILE
19,13,CFG_IOMUX2,1,518,8,mux,IOTILE
19,13,CFG_IOMUX2,2,402,16,mux,IOTILE
19,13,CFG_IOMUX2,3,518,16,mux,IOTILE
19,13,CFG_IOMUX2,4,402,32,mux,IOTILE
19,13,CFG_IOMUX2,5,518,32,mux,IOTILE
19,13,CFG_IOMUX2,6,518,64,mux,IOTILE
19,13,CFG_IOMUX2,7,634,8,mux,IOTILE
19,13,CFG_IOMUX2,8,750,8,mux,IOTILE
19,13,CFG_IOMUX2,9,634,16,mux,IOTILE
19,13,CFG_IOMUX2,10,750,16,mux,IOTILE
19,13,CFG_IOMUX2,11,634,32,mux,IOTILE
19,13,CFG_IOMUX2,12,750,32,mux,IOTILE
19,13,CFG_IOMUX2,13,750,64,mux,IOTILE
19,13,CFG_IOMUX2,14,2490,8,mux,IOTILE
19,13,CFG_IOMUX2,15,2606,8,mux,IOTILE
19,13,CFG_IOMUX2,16,2490,16,mux,IOTILE
19,13,CFG_IOMUX2,17,2606,16,mux,IOTILE
19,13,CFG_IOMUX2,18,2490,32,mux,IOTILE
19,13,CFG_IOMUX2,19,2606,32,mux,IOTILE
19,13,CFG_IOMUX2,20,2606,64,mux,IOTILE
19,13,CFG_IOMUX2,21,2258,8,mux,IOTILE
19,13,CFG_IOMUX2,22,2374,8,mux,IOTILE
19,13,CFG_IOMUX2,23,2258,16,mux,IOTILE
19,13,CFG_IOMUX2,24,2374,16,mux,IOTILE
19,13,CFG_IOMUX2,25,2258,32,mux,IOTILE
19,13,CFG_IOMUX2,26,2374,32,mux,IOTILE
19,13,CFG_IOMUX2,27,2374,64,mux,IOTILE
19,13,CFG_IOMUX2,28,401,4,mux,IOTILE
19,13,CFG_IOMUX2,29,517,4,mux,IOTILE
19,13,CFG_IOMUX2,30,401,2,mux,IOTILE
19,13,CFG_IOMUX2,31,517,2,mux,IOTILE
19,13,CFG_IOMUX2,32,401,1,mux,IOTILE
19,13,CFG_IOMUX2,33,517,1,mux,IOTILE
19,13,CFG_IOMUX2,34,518,128,mux,IOTILE
19,13,CFG_IOMUX2,35,633,4,mux,IOTILE
19,13,CFG_IOMUX2,36,749,4,mux,IOTILE
19,13,CFG_IOMUX2,37,633,2,mux,IOTILE
19,13,CFG_IOMUX2,38,749,2,mux,IOTILE
19,13,CFG_IOMUX2,39,633,1,mux,IOTILE
19,13,CFG_IOMUX2,40,749,1,mux,IOTILE
19,13,CFG_IOMUX2,41,750,128,mux,IOTILE
19,13,CFG_IOMUX3,0,2489,4,mux,IOTILE
19,13,CFG_IOMUX3,1,2605,4,mux,IOTILE
19,13,CFG_IOMUX3,2,2489,2,mux,IOTILE
19,13,CFG_IOMUX3,3,2605,2,mux,IOTILE
19,13,CFG_IOMUX3,4,2489,1,mux,IOTILE
19,13,CFG_IOMUX3,5,2605,1,mux,IOTILE
19,13,CFG_IOMUX3,6,2606,128,mux,IOTILE
19,13,CFG_IOMUX3,7,2257,4,mux,IOTILE
19,13,CFG_IOMUX3,8,2373,4,mux,IOTILE
19,13,CFG_IOMUX3,9,2257,2,mux,IOTILE
19,13,CFG_IOMUX3,10,2373,2,mux,IOTILE
19,13,CFG_IOMUX3,11,2257,1,mux,IOTILE
19,13,CFG_IOMUX3,12,2373,1,mux,IOTILE
19,13,CFG_IOMUX3,13,2374,128,mux,IOTILE
19,13,CFG_IOMUX3,14,865,4,mux,IOTILE
19,13,CFG_IOMUX3,15,981,4,mux,IOTILE
19,13,CFG_IOMUX3,16,865,2,mux,IOTILE
19,13,CFG_IOMUX3,17,981,2,mux,IOTILE
19,13,CFG_IOMUX3,18,865,1,mux,IOTILE
19,13,CFG_IOMUX3,19,981,1,mux,IOTILE
19,13,CFG_IOMUX3,20,982,128,mux,IOTILE
19,13,CFG_IOMUX3,21,1097,4,mux,IOTILE
19,13,CFG_IOMUX3,22,1213,4,mux,IOTILE
19,13,CFG_IOMUX3,23,1097,2,mux,IOTILE
19,13,CFG_IOMUX3,24,1213,2,mux,IOTILE
19,13,CFG_IOMUX3,25,1097,1,mux,IOTILE
19,13,CFG_IOMUX3,26,1213,1,mux,IOTILE
19,13,CFG_IOMUX3,27,1214,128,mux,IOTILE
19,13,CFG_IOMUX3,28,2025,4,mux,IOTILE
19,13,CFG_IOMUX3,29,2141,4,mux,IOTILE
19,13,CFG_IOMUX3,30,2025,2,mux,IOTILE
19,13,CFG_IOMUX3,31,2141,2,mux,IOTILE
19,13,CFG_IOMUX3,32,2025,1,mux,IOTILE
19,13,CFG_IOMUX3,33,2141,1,mux,IOTILE
19,13,CFG_IOMUX3,34,2142,128,mux,IOTILE
19,13,CFG_IOMUX3,35,1793,4,mux,IOTILE
19,13,CFG_IOMUX3,36,1909,4,mux,IOTILE
19,13,CFG_IOMUX3,37,1793,2,mux,IOTILE
19,13,CFG_IOMUX3,38,1909,2,mux,IOTILE
19,13,CFG_IOMUX3,39,1793,1,mux,IOTILE
19,13,CFG_IOMUX3,40,1909,1,mux,IOTILE
19,13,CFG_IOMUX3,41,1910,128,mux,IOTILE
19,13,CFG_OE_ASYNC_MODE,0,865,16,ioreg,IOTILE
19,13,CFG_OE_ASYNC_MODE,1,864,1,ioreg,IOTILE
19,13,CFG_OE_ASYNC_MODE,2,2141,16,ioreg,IOTILE
19,13,CFG_OE_ASYNC_MODE,3,2140,1,ioreg,IOTILE
19,13,CFG_OE_POWERUP,0,981,8,ioreg,IOTILE
19,13,CFG_OE_POWERUP,1,980,2,ioreg,IOTILE
19,13,CFG_OE_POWERUP,2,2025,8,ioreg,IOTILE
19,13,CFG_OE_POWERUP,3,2024,2,ioreg,IOTILE
19,13,CFG_OE_REG_MODE,0,749,16,ioreg,IOTILE
19,13,CFG_OE_REG_MODE,1,748,1,ioreg,IOTILE
19,13,CFG_OE_REG_MODE,2,2257,16,ioreg,IOTILE
19,13,CFG_OE_REG_MODE,3,2256,1,ioreg,IOTILE
19,13,CFG_OE_SYNC_MODE,0,865,8,ioreg,IOTILE
19,13,CFG_OE_SYNC_MODE,1,864,2,ioreg,IOTILE
19,13,CFG_OE_SYNC_MODE,2,2141,8,ioreg,IOTILE
19,13,CFG_OE_SYNC_MODE,3,2140,2,ioreg,IOTILE
19,13,CFG_OUTDELAY,0,171,128,delay,IOTILE
19,13,CFG_OUTDELAY,1,287,128,delay,IOTILE
19,13,CFG_OUTDELAY,2,169,4,delay,IOTILE
19,13,CFG_OUTDELAY,3,285,4,delay,IOTILE
19,13,CFG_OUT_ASYNC_MODE,0,633,16,ioreg,IOTILE
19,13,CFG_OUT_ASYNC_MODE,1,632,1,ioreg,IOTILE
19,13,CFG_OUT_ASYNC_MODE,2,2373,16,ioreg,IOTILE
19,13,CFG_OUT_ASYNC_MODE,3,2372,1,ioreg,IOTILE
19,13,CFG_OUT_POWERUP,0,749,8,ioreg,IOTILE
19,13,CFG_OUT_POWERUP,1,748,2,ioreg,IOTILE
19,13,CFG_OUT_POWERUP,2,2257,8,ioreg,IOTILE
19,13,CFG_OUT_POWERUP,3,2256,2,ioreg,IOTILE
19,13,CFG_OUT_REG_MODE,0,981,16,ioreg,IOTILE
19,13,CFG_OUT_REG_MODE,1,980,1,ioreg,IOTILE
19,13,CFG_OUT_REG_MODE,2,2025,16,ioreg,IOTILE
19,13,CFG_OUT_REG_MODE,3,2024,1,ioreg,IOTILE
19,13,CFG_OUT_SYNC_MODE,0,633,8,ioreg,IOTILE
19,13,CFG_OUT_SYNC_MODE,1,632,2,ioreg,IOTILE
19,13,CFG_OUT_SYNC_MODE,2,2373,8,ioreg,IOTILE
19,13,CFG_OUT_SYNC_MODE,3,2372,2,ioreg,IOTILE
20,0,CFG_INDA_DELAY,0,99811,2,delay,IOTILE
20,0,CFG_INDA_DELAY,1,99811,1,delay,IOTILE
20,0,CFG_INDA_DELAY,2,99812,128,delay,IOTILE
20,0,CFG_INDA_DELAY,3,99695,2,delay,IOTILE
20,0,CFG_INDA_DELAY,4,99695,1,delay,IOTILE
20,0,CFG_INDA_DELAY,5,99696,128,delay,IOTILE
20,0,CFG_INDA_DELAY,6,99809,2,delay,IOTILE
20,0,CFG_INDA_DELAY,7,99809,1,delay,IOTILE
20,0,CFG_INDA_DELAY,8,99810,128,delay,IOTILE
20,0,CFG_INDA_DELAY,9,99693,2,delay,IOTILE
20,0,CFG_INDA_DELAY,10,99693,1,delay,IOTILE
20,0,CFG_INDA_DELAY,11,99694,128,delay,IOTILE
20,0,CFG_INPUTMUX0,0,99809,128,mux,IOTILE
20,0,CFG_INPUTMUX0,1,99693,128,mux,IOTILE
20,0,CFG_INPUTMUX1,0,99808,32,mux,IOTILE
20,0,CFG_INPUTMUX1,1,99808,16,mux,IOTILE
20,0,CFG_INPUTMUX2,0,99692,1,mux,IOTILE
20,0,CFG_INPUTMUX2,1,99808,1,mux,IOTILE
20,0,CFG_INPUTMUX3,0,99692,32,mux,IOTILE
20,0,CFG_INPUTMUX3,1,99692,16,mux,IOTILE
20,0,CFG_INREG_DELAY,0,99811,8,delay,IOTILE
20,0,CFG_INREG_DELAY,1,99811,16,delay,IOTILE
20,0,CFG_INREG_DELAY,2,99811,32,delay,IOTILE
20,0,CFG_INREG_DELAY,3,99695,8,delay,IOTILE
20,0,CFG_INREG_DELAY,4,99695,16,delay,IOTILE
20,0,CFG_INREG_DELAY,5,99695,32,delay,IOTILE
20,0,CFG_INREG_DELAY,6,99809,16,delay,IOTILE
20,0,CFG_INREG_DELAY,7,99809,8,delay,IOTILE
20,0,CFG_INREG_DELAY,8,99809,32,delay,IOTILE
20,0,CFG_INREG_DELAY,9,99693,32,delay,IOTILE
20,0,CFG_INREG_DELAY,10,99693,16,delay,IOTILE
20,0,CFG_INREG_DELAY,11,99693,8,delay,IOTILE
20,0,CFG_IN_ASYNC_MODE,0,99576,1,ioreg,IOTILE
20,0,CFG_IN_ASYNC_MODE,1,99576,16,ioreg,IOTILE
20,0,CFG_IN_ASYNC_MODE,2,97372,1,ioreg,IOTILE
20,0,CFG_IN_ASYNC_MODE,3,97372,16,ioreg,IOTILE
20,0,CFG_IN_POWERUP,0,99461,128,ioreg,IOTILE
20,0,CFG_IN_POWERUP,1,99460,32,ioreg,IOTILE
20,0,CFG_IN_POWERUP,2,97489,128,ioreg,IOTILE
20,0,CFG_IN_POWERUP,3,97488,32,ioreg,IOTILE
20,0,CFG_IN_SYNC_MODE,0,99577,128,ioreg,IOTILE
20,0,CFG_IN_SYNC_MODE,1,99576,32,ioreg,IOTILE
20,0,CFG_IN_SYNC_MODE,2,97373,128,ioreg,IOTILE
20,0,CFG_IN_SYNC_MODE,3,97372,32,ioreg,IOTILE
20,0,CFG_IOMUX0,0,99578,64,mux,IOTILE
20,0,CFG_IOMUX0,1,99462,64,mux,IOTILE
20,0,CFG_IOMUX0,2,99578,32,mux,IOTILE
20,0,CFG_IOMUX0,3,99462,32,mux,IOTILE
20,0,CFG_IOMUX0,4,99578,16,mux,IOTILE
20,0,CFG_IOMUX0,5,99462,16,mux,IOTILE
20,0,CFG_IOMUX0,6,99462,8,mux,IOTILE
20,0,CFG_IOMUX0,7,99346,64,mux,IOTILE
20,0,CFG_IOMUX0,8,99230,64,mux,IOTILE
20,0,CFG_IOMUX0,9,99346,32,mux,IOTILE
20,0,CFG_IOMUX0,10,99230,32,mux,IOTILE
20,0,CFG_IOMUX0,11,99346,16,mux,IOTILE
20,0,CFG_IOMUX0,12,99230,16,mux,IOTILE
20,0,CFG_IOMUX0,13,99230,8,mux,IOTILE
20,0,CFG_IOMUX0,14,97490,64,mux,IOTILE
20,0,CFG_IOMUX0,15,97374,64,mux,IOTILE
20,0,CFG_IOMUX0,16,97490,32,mux,IOTILE
20,0,CFG_IOMUX0,17,97374,32,mux,IOTILE
20,0,CFG_IOMUX0,18,97490,16,mux,IOTILE
20,0,CFG_IOMUX0,19,97374,16,mux,IOTILE
20,0,CFG_IOMUX0,20,97374,8,mux,IOTILE
20,0,CFG_IOMUX0,21,97722,64,mux,IOTILE
20,0,CFG_IOMUX0,22,97606,64,mux,IOTILE
20,0,CFG_IOMUX0,23,97722,32,mux,IOTILE
20,0,CFG_IOMUX0,24,97606,32,mux,IOTILE
20,0,CFG_IOMUX0,25,97722,16,mux,IOTILE
20,0,CFG_IOMUX0,26,97606,16,mux,IOTILE
20,0,CFG_IOMUX0,27,97606,8,mux,IOTILE
20,0,CFG_IOMUX0,28,99114,64,mux,IOTILE
20,0,CFG_IOMUX0,29,98998,64,mux,IOTILE
20,0,CFG_IOMUX0,30,99114,32,mux,IOTILE
20,0,CFG_IOMUX0,31,98998,32,mux,IOTILE
20,0,CFG_IOMUX0,32,99114,16,mux,IOTILE
20,0,CFG_IOMUX0,33,98998,16,mux,IOTILE
20,0,CFG_IOMUX0,34,98998,8,mux,IOTILE
20,0,CFG_IOMUX0,35,98882,64,mux,IOTILE
20,0,CFG_IOMUX0,36,98766,64,mux,IOTILE
20,0,CFG_IOMUX0,37,98882,32,mux,IOTILE
20,0,CFG_IOMUX0,38,98766,32,mux,IOTILE
20,0,CFG_IOMUX0,39,98882,16,mux,IOTILE
20,0,CFG_IOMUX0,40,98766,16,mux,IOTILE
20,0,CFG_IOMUX0,41,98766,8,mux,IOTILE
20,0,CFG_IOMUX1,0,97954,64,mux,IOTILE
20,0,CFG_IOMUX1,1,97838,64,mux,IOTILE
20,0,CFG_IOMUX1,2,97954,32,mux,IOTILE
20,0,CFG_IOMUX1,3,97838,32,mux,IOTILE
20,0,CFG_IOMUX1,4,97954,16,mux,IOTILE
20,0,CFG_IOMUX1,5,97838,16,mux,IOTILE
20,0,CFG_IOMUX1,6,97838,8,mux,IOTILE
20,0,CFG_IOMUX1,7,98186,64,mux,IOTILE
20,0,CFG_IOMUX1,8,98070,64,mux,IOTILE
20,0,CFG_IOMUX1,9,98186,32,mux,IOTILE
20,0,CFG_IOMUX1,10,98070,32,mux,IOTILE
20,0,CFG_IOMUX1,11,98186,16,mux,IOTILE
20,0,CFG_IOMUX1,12,98070,16,mux,IOTILE
20,0,CFG_IOMUX1,13,98070,8,mux,IOTILE
20,0,CFG_IOMUX1,14,99114,128,mux,IOTILE
20,0,CFG_IOMUX1,15,98998,128,mux,IOTILE
20,0,CFG_IOMUX1,16,99113,1,mux,IOTILE
20,0,CFG_IOMUX1,17,98997,1,mux,IOTILE
20,0,CFG_IOMUX1,18,99113,2,mux,IOTILE
20,0,CFG_IOMUX1,19,98997,2,mux,IOTILE
20,0,CFG_IOMUX1,20,98997,4,mux,IOTILE
20,0,CFG_IOMUX1,21,98882,128,mux,IOTILE
20,0,CFG_IOMUX1,22,98766,128,mux,IOTILE
20,0,CFG_IOMUX1,23,98881,1,mux,IOTILE
20,0,CFG_IOMUX1,24,98765,1,mux,IOTILE
20,0,CFG_IOMUX1,25,98881,2,mux,IOTILE
20,0,CFG_IOMUX1,26,98765,2,mux,IOTILE
20,0,CFG_IOMUX1,27,98765,4,mux,IOTILE
20,0,CFG_IOMUX1,28,97954,128,mux,IOTILE
20,0,CFG_IOMUX1,29,97838,128,mux,IOTILE
20,0,CFG_IOMUX1,30,97953,1,mux,IOTILE
20,0,CFG_IOMUX1,31,97837,1,mux,IOTILE
20,0,CFG_IOMUX1,32,97953,2,mux,IOTILE
20,0,CFG_IOMUX1,33,97837,2,mux,IOTILE
20,0,CFG_IOMUX1,34,97837,4,mux,IOTILE
20,0,CFG_IOMUX1,35,98186,128,mux,IOTILE
20,0,CFG_IOMUX1,36,98070,128,mux,IOTILE
20,0,CFG_IOMUX1,37,98185,1,mux,IOTILE
20,0,CFG_IOMUX1,38,98069,1,mux,IOTILE
20,0,CFG_IOMUX1,39,98185,2,mux,IOTILE
20,0,CFG_IOMUX1,40,98069,2,mux,IOTILE
20,0,CFG_IOMUX1,41,98069,4,mux,IOTILE
20,0,CFG_IOMUX2,0,99578,128,mux,IOTILE
20,0,CFG_IOMUX2,1,99462,128,mux,IOTILE
20,0,CFG_IOMUX2,2,99577,1,mux,IOTILE
20,0,CFG_IOMUX2,3,99461,1,mux,IOTILE
20,0,CFG_IOMUX2,4,99577,2,mux,IOTILE
20,0,CFG_IOMUX2,5,99461,2,mux,IOTILE
20,0,CFG_IOMUX2,6,99461,4,mux,IOTILE
20,0,CFG_IOMUX2,7,99346,128,mux,IOTILE
20,0,CFG_IOMUX2,8,99230,128,mux,IOTILE
20,0,CFG_IOMUX2,9,99345,1,mux,IOTILE
20,0,CFG_IOMUX2,10,99229,1,mux,IOTILE
20,0,CFG_IOMUX2,11,99345,2,mux,IOTILE
20,0,CFG_IOMUX2,12,99229,2,mux,IOTILE
20,0,CFG_IOMUX2,13,99229,4,mux,IOTILE
20,0,CFG_IOMUX2,14,97490,128,mux,IOTILE
20,0,CFG_IOMUX2,15,97374,128,mux,IOTILE
20,0,CFG_IOMUX2,16,97489,1,mux,IOTILE
20,0,CFG_IOMUX2,17,97373,1,mux,IOTILE
20,0,CFG_IOMUX2,18,97489,2,mux,IOTILE
20,0,CFG_IOMUX2,19,97373,2,mux,IOTILE
20,0,CFG_IOMUX2,20,97373,4,mux,IOTILE
20,0,CFG_IOMUX2,21,97722,128,mux,IOTILE
20,0,CFG_IOMUX2,22,97606,128,mux,IOTILE
20,0,CFG_IOMUX2,23,97721,1,mux,IOTILE
20,0,CFG_IOMUX2,24,97605,1,mux,IOTILE
20,0,CFG_IOMUX2,25,97721,2,mux,IOTILE
20,0,CFG_IOMUX2,26,97605,2,mux,IOTILE
20,0,CFG_IOMUX2,27,97605,4,mux,IOTILE
20,0,CFG_IOMUX2,28,99577,64,mux,IOTILE
20,0,CFG_IOMUX2,29,99461,64,mux,IOTILE
20,0,CFG_IOMUX2,30,99577,32,mux,IOTILE
20,0,CFG_IOMUX2,31,99461,32,mux,IOTILE
20,0,CFG_IOMUX2,32,99577,16,mux,IOTILE
20,0,CFG_IOMUX2,33,99461,16,mux,IOTILE
20,0,CFG_IOMUX2,34,99461,8,mux,IOTILE
20,0,CFG_IOMUX2,35,99345,64,mux,IOTILE
20,0,CFG_IOMUX2,36,99229,64,mux,IOTILE
20,0,CFG_IOMUX2,37,99345,32,mux,IOTILE
20,0,CFG_IOMUX2,38,99229,32,mux,IOTILE
20,0,CFG_IOMUX2,39,99345,16,mux,IOTILE
20,0,CFG_IOMUX2,40,99229,16,mux,IOTILE
20,0,CFG_IOMUX2,41,99229,8,mux,IOTILE
20,0,CFG_IOMUX3,0,97489,64,mux,IOTILE
20,0,CFG_IOMUX3,1,97373,64,mux,IOTILE
20,0,CFG_IOMUX3,2,97489,32,mux,IOTILE
20,0,CFG_IOMUX3,3,97373,32,mux,IOTILE
20,0,CFG_IOMUX3,4,97489,16,mux,IOTILE
20,0,CFG_IOMUX3,5,97373,16,mux,IOTILE
20,0,CFG_IOMUX3,6,97373,8,mux,IOTILE
20,0,CFG_IOMUX3,7,97721,64,mux,IOTILE
20,0,CFG_IOMUX3,8,97605,64,mux,IOTILE
20,0,CFG_IOMUX3,9,97721,32,mux,IOTILE
20,0,CFG_IOMUX3,10,97605,32,mux,IOTILE
20,0,CFG_IOMUX3,11,97721,16,mux,IOTILE
20,0,CFG_IOMUX3,12,97605,16,mux,IOTILE
20,0,CFG_IOMUX3,13,97605,8,mux,IOTILE
20,0,CFG_IOMUX3,14,99113,64,mux,IOTILE
20,0,CFG_IOMUX3,15,98997,64,mux,IOTILE
20,0,CFG_IOMUX3,16,99113,32,mux,IOTILE
20,0,CFG_IOMUX3,17,98997,32,mux,IOTILE
20,0,CFG_IOMUX3,18,99113,16,mux,IOTILE
20,0,CFG_IOMUX3,19,98997,16,mux,IOTILE
20,0,CFG_IOMUX3,20,98997,8,mux,IOTILE
20,0,CFG_IOMUX3,21,98881,64,mux,IOTILE
20,0,CFG_IOMUX3,22,98765,64,mux,IOTILE
20,0,CFG_IOMUX3,23,98881,32,mux,IOTILE
20,0,CFG_IOMUX3,24,98765,32,mux,IOTILE
20,0,CFG_IOMUX3,25,98881,16,mux,IOTILE
20,0,CFG_IOMUX3,26,98765,16,mux,IOTILE
20,0,CFG_IOMUX3,27,98765,8,mux,IOTILE
20,0,CFG_IOMUX3,28,97953,64,mux,IOTILE
20,0,CFG_IOMUX3,29,97837,64,mux,IOTILE
20,0,CFG_IOMUX3,30,97953,32,mux,IOTILE
20,0,CFG_IOMUX3,31,97837,32,mux,IOTILE
20,0,CFG_IOMUX3,32,97953,16,mux,IOTILE
20,0,CFG_IOMUX3,33,97837,16,mux,IOTILE
20,0,CFG_IOMUX3,34,97837,8,mux,IOTILE
20,0,CFG_IOMUX3,35,98185,64,mux,IOTILE
20,0,CFG_IOMUX3,36,98069,64,mux,IOTILE
20,0,CFG_IOMUX3,37,98185,32,mux,IOTILE
20,0,CFG_IOMUX3,38,98069,32,mux,IOTILE
20,0,CFG_IOMUX3,39,98185,16,mux,IOTILE
20,0,CFG_IOMUX3,40,98069,16,mux,IOTILE
20,0,CFG_IOMUX3,41,98069,8,mux,IOTILE
20,0,CFG_OE_ASYNC_MODE,0,99112,1,ioreg,IOTILE
20,0,CFG_OE_ASYNC_MODE,1,99112,16,ioreg,IOTILE
20,0,CFG_OE_ASYNC_MODE,2,97836,1,ioreg,IOTILE
20,0,CFG_OE_ASYNC_MODE,3,97836,16,ioreg,IOTILE
20,0,CFG_OE_POWERUP,0,98997,128,ioreg,IOTILE
20,0,CFG_OE_POWERUP,1,98996,32,ioreg,IOTILE
20,0,CFG_OE_POWERUP,2,97953,128,ioreg,IOTILE
20,0,CFG_OE_POWERUP,3,97952,32,ioreg,IOTILE
20,0,CFG_OE_REG_MODE,0,99228,1,ioreg,IOTILE
20,0,CFG_OE_REG_MODE,1,99228,16,ioreg,IOTILE
20,0,CFG_OE_REG_MODE,2,97720,1,ioreg,IOTILE
20,0,CFG_OE_REG_MODE,3,97720,16,ioreg,IOTILE
20,0,CFG_OE_SYNC_MODE,0,99113,128,ioreg,IOTILE
20,0,CFG_OE_SYNC_MODE,1,99112,32,ioreg,IOTILE
20,0,CFG_OE_SYNC_MODE,2,97837,128,ioreg,IOTILE
20,0,CFG_OE_SYNC_MODE,3,97836,32,ioreg,IOTILE
20,0,CFG_OUTDELAY,0,99810,8,delay,IOTILE
20,0,CFG_OUTDELAY,1,99694,8,delay,IOTILE
20,0,CFG_OUTDELAY,2,99809,64,delay,IOTILE
20,0,CFG_OUTDELAY,3,99693,64,delay,IOTILE
20,0,CFG_OUT_ASYNC_MODE,0,99344,1,ioreg,IOTILE
20,0,CFG_OUT_ASYNC_MODE,1,99344,16,ioreg,IOTILE
20,0,CFG_OUT_ASYNC_MODE,2,97604,1,ioreg,IOTILE
20,0,CFG_OUT_ASYNC_MODE,3,97604,16,ioreg,IOTILE
20,0,CFG_OUT_POWERUP,0,99229,128,ioreg,IOTILE
20,0,CFG_OUT_POWERUP,1,99228,32,ioreg,IOTILE
20,0,CFG_OUT_POWERUP,2,97721,128,ioreg,IOTILE
20,0,CFG_OUT_POWERUP,3,97720,32,ioreg,IOTILE
20,0,CFG_OUT_REG_MODE,0,98996,1,ioreg,IOTILE
20,0,CFG_OUT_REG_MODE,1,98996,16,ioreg,IOTILE
20,0,CFG_OUT_REG_MODE,2,97952,1,ioreg,IOTILE
20,0,CFG_OUT_REG_MODE,3,97952,16,ioreg,IOTILE
20,0,CFG_OUT_SYNC_MODE,0,99345,128,ioreg,IOTILE
20,0,CFG_OUT_SYNC_MODE,1,99344,32,ioreg,IOTILE
20,0,CFG_OUT_SYNC_MODE,2,97605,128,ioreg,IOTILE
20,0,CFG_OUT_SYNC_MODE,3,97604,32,ioreg,IOTILE
20,13,CFG_INDA_DELAY,0,167,2,delay,IOTILE
20,13,CFG_INDA_DELAY,1,167,1,delay,IOTILE
20,13,CFG_INDA_DELAY,2,168,128,delay,IOTILE
20,13,CFG_INDA_DELAY,3,283,2,delay,IOTILE
20,13,CFG_INDA_DELAY,4,283,1,delay,IOTILE
20,13,CFG_INDA_DELAY,5,284,128,delay,IOTILE
20,13,CFG_INDA_DELAY,6,165,2,delay,IOTILE
20,13,CFG_INDA_DELAY,7,165,1,delay,IOTILE
20,13,CFG_INDA_DELAY,8,166,128,delay,IOTILE
20,13,CFG_INDA_DELAY,9,281,2,delay,IOTILE
20,13,CFG_INDA_DELAY,10,281,1,delay,IOTILE
20,13,CFG_INDA_DELAY,11,282,128,delay,IOTILE
20,13,CFG_INPUTMUX0,0,165,128,mux,IOTILE
20,13,CFG_INPUTMUX0,1,281,128,mux,IOTILE
20,13,CFG_INPUTMUX1,0,164,32,mux,IOTILE
20,13,CFG_INPUTMUX1,1,164,16,mux,IOTILE
20,13,CFG_INPUTMUX2,0,280,1,mux,IOTILE
20,13,CFG_INPUTMUX2,1,164,1,mux,IOTILE
20,13,CFG_INPUTMUX3,0,280,32,mux,IOTILE
20,13,CFG_INPUTMUX3,1,280,16,mux,IOTILE
20,13,CFG_INREG_DELAY,0,167,8,delay,IOTILE
20,13,CFG_INREG_DELAY,1,167,16,delay,IOTILE
20,13,CFG_INREG_DELAY,2,167,32,delay,IOTILE
20,13,CFG_INREG_DELAY,3,283,8,delay,IOTILE
20,13,CFG_INREG_DELAY,4,283,16,delay,IOTILE
20,13,CFG_INREG_DELAY,5,283,32,delay,IOTILE
20,13,CFG_INREG_DELAY,6,165,16,delay,IOTILE
20,13,CFG_INREG_DELAY,7,165,8,delay,IOTILE
20,13,CFG_INREG_DELAY,8,165,32,delay,IOTILE
20,13,CFG_INREG_DELAY,9,281,32,delay,IOTILE
20,13,CFG_INREG_DELAY,10,281,16,delay,IOTILE
20,13,CFG_INREG_DELAY,11,281,8,delay,IOTILE
20,13,CFG_IN_ASYNC_MODE,0,396,1,ioreg,IOTILE
20,13,CFG_IN_ASYNC_MODE,1,396,16,ioreg,IOTILE
20,13,CFG_IN_ASYNC_MODE,2,2600,1,ioreg,IOTILE
20,13,CFG_IN_ASYNC_MODE,3,2600,16,ioreg,IOTILE
20,13,CFG_IN_POWERUP,0,513,128,ioreg,IOTILE
20,13,CFG_IN_POWERUP,1,512,32,ioreg,IOTILE
20,13,CFG_IN_POWERUP,2,2485,128,ioreg,IOTILE
20,13,CFG_IN_POWERUP,3,2484,32,ioreg,IOTILE
20,13,CFG_IN_SYNC_MODE,0,397,128,ioreg,IOTILE
20,13,CFG_IN_SYNC_MODE,1,396,32,ioreg,IOTILE
20,13,CFG_IN_SYNC_MODE,2,2601,128,ioreg,IOTILE
20,13,CFG_IN_SYNC_MODE,3,2600,32,ioreg,IOTILE
20,13,CFG_IOMUX0,0,398,64,mux,IOTILE
20,13,CFG_IOMUX0,1,514,64,mux,IOTILE
20,13,CFG_IOMUX0,2,398,32,mux,IOTILE
20,13,CFG_IOMUX0,3,514,32,mux,IOTILE
20,13,CFG_IOMUX0,4,398,16,mux,IOTILE
20,13,CFG_IOMUX0,5,514,16,mux,IOTILE
20,13,CFG_IOMUX0,6,514,8,mux,IOTILE
20,13,CFG_IOMUX0,7,630,64,mux,IOTILE
20,13,CFG_IOMUX0,8,746,64,mux,IOTILE
20,13,CFG_IOMUX0,9,630,32,mux,IOTILE
20,13,CFG_IOMUX0,10,746,32,mux,IOTILE
20,13,CFG_IOMUX0,11,630,16,mux,IOTILE
20,13,CFG_IOMUX0,12,746,16,mux,IOTILE
20,13,CFG_IOMUX0,13,746,8,mux,IOTILE
20,13,CFG_IOMUX0,14,2486,64,mux,IOTILE
20,13,CFG_IOMUX0,15,2602,64,mux,IOTILE
20,13,CFG_IOMUX0,16,2486,32,mux,IOTILE
20,13,CFG_IOMUX0,17,2602,32,mux,IOTILE
20,13,CFG_IOMUX0,18,2486,16,mux,IOTILE
20,13,CFG_IOMUX0,19,2602,16,mux,IOTILE
20,13,CFG_IOMUX0,20,2602,8,mux,IOTILE
20,13,CFG_IOMUX0,21,2254,64,mux,IOTILE
20,13,CFG_IOMUX0,22,2370,64,mux,IOTILE
20,13,CFG_IOMUX0,23,2254,32,mux,IOTILE
20,13,CFG_IOMUX0,24,2370,32,mux,IOTILE
20,13,CFG_IOMUX0,25,2254,16,mux,IOTILE
20,13,CFG_IOMUX0,26,2370,16,mux,IOTILE
20,13,CFG_IOMUX0,27,2370,8,mux,IOTILE
20,13,CFG_IOMUX0,28,862,64,mux,IOTILE
20,13,CFG_IOMUX0,29,978,64,mux,IOTILE
20,13,CFG_IOMUX0,30,862,32,mux,IOTILE
20,13,CFG_IOMUX0,31,978,32,mux,IOTILE
20,13,CFG_IOMUX0,32,862,16,mux,IOTILE
20,13,CFG_IOMUX0,33,978,16,mux,IOTILE
20,13,CFG_IOMUX0,34,978,8,mux,IOTILE
20,13,CFG_IOMUX0,35,1094,64,mux,IOTILE
20,13,CFG_IOMUX0,36,1210,64,mux,IOTILE
20,13,CFG_IOMUX0,37,1094,32,mux,IOTILE
20,13,CFG_IOMUX0,38,1210,32,mux,IOTILE
20,13,CFG_IOMUX0,39,1094,16,mux,IOTILE
20,13,CFG_IOMUX0,40,1210,16,mux,IOTILE
20,13,CFG_IOMUX0,41,1210,8,mux,IOTILE
20,13,CFG_IOMUX1,0,2022,64,mux,IOTILE
20,13,CFG_IOMUX1,1,2138,64,mux,IOTILE
20,13,CFG_IOMUX1,2,2022,32,mux,IOTILE
20,13,CFG_IOMUX1,3,2138,32,mux,IOTILE
20,13,CFG_IOMUX1,4,2022,16,mux,IOTILE
20,13,CFG_IOMUX1,5,2138,16,mux,IOTILE
20,13,CFG_IOMUX1,6,2138,8,mux,IOTILE
20,13,CFG_IOMUX1,7,1790,64,mux,IOTILE
20,13,CFG_IOMUX1,8,1906,64,mux,IOTILE
20,13,CFG_IOMUX1,9,1790,32,mux,IOTILE
20,13,CFG_IOMUX1,10,1906,32,mux,IOTILE
20,13,CFG_IOMUX1,11,1790,16,mux,IOTILE
20,13,CFG_IOMUX1,12,1906,16,mux,IOTILE
20,13,CFG_IOMUX1,13,1906,8,mux,IOTILE
20,13,CFG_IOMUX1,14,862,128,mux,IOTILE
20,13,CFG_IOMUX1,15,978,128,mux,IOTILE
20,13,CFG_IOMUX1,16,861,1,mux,IOTILE
20,13,CFG_IOMUX1,17,977,1,mux,IOTILE
20,13,CFG_IOMUX1,18,861,2,mux,IOTILE
20,13,CFG_IOMUX1,19,977,2,mux,IOTILE
20,13,CFG_IOMUX1,20,977,4,mux,IOTILE
20,13,CFG_IOMUX1,21,1094,128,mux,IOTILE
20,13,CFG_IOMUX1,22,1210,128,mux,IOTILE
20,13,CFG_IOMUX1,23,1093,1,mux,IOTILE
20,13,CFG_IOMUX1,24,1209,1,mux,IOTILE
20,13,CFG_IOMUX1,25,1093,2,mux,IOTILE
20,13,CFG_IOMUX1,26,1209,2,mux,IOTILE
20,13,CFG_IOMUX1,27,1209,4,mux,IOTILE
20,13,CFG_IOMUX1,28,2022,128,mux,IOTILE
20,13,CFG_IOMUX1,29,2138,128,mux,IOTILE
20,13,CFG_IOMUX1,30,2021,1,mux,IOTILE
20,13,CFG_IOMUX1,31,2137,1,mux,IOTILE
20,13,CFG_IOMUX1,32,2021,2,mux,IOTILE
20,13,CFG_IOMUX1,33,2137,2,mux,IOTILE
20,13,CFG_IOMUX1,34,2137,4,mux,IOTILE
20,13,CFG_IOMUX1,35,1790,128,mux,IOTILE
20,13,CFG_IOMUX1,36,1906,128,mux,IOTILE
20,13,CFG_IOMUX1,37,1789,1,mux,IOTILE
20,13,CFG_IOMUX1,38,1905,1,mux,IOTILE
20,13,CFG_IOMUX1,39,1789,2,mux,IOTILE
20,13,CFG_IOMUX1,40,1905,2,mux,IOTILE
20,13,CFG_IOMUX1,41,1905,4,mux,IOTILE
20,13,CFG_IOMUX2,0,398,128,mux,IOTILE
20,13,CFG_IOMUX2,1,514,128,mux,IOTILE
20,13,CFG_IOMUX2,2,397,1,mux,IOTILE
20,13,CFG_IOMUX2,3,513,1,mux,IOTILE
20,13,CFG_IOMUX2,4,397,2,mux,IOTILE
20,13,CFG_IOMUX2,5,513,2,mux,IOTILE
20,13,CFG_IOMUX2,6,513,4,mux,IOTILE
20,13,CFG_IOMUX2,7,630,128,mux,IOTILE
20,13,CFG_IOMUX2,8,746,128,mux,IOTILE
20,13,CFG_IOMUX2,9,629,1,mux,IOTILE
20,13,CFG_IOMUX2,10,745,1,mux,IOTILE
20,13,CFG_IOMUX2,11,629,2,mux,IOTILE
20,13,CFG_IOMUX2,12,745,2,mux,IOTILE
20,13,CFG_IOMUX2,13,745,4,mux,IOTILE
20,13,CFG_IOMUX2,14,2486,128,mux,IOTILE
20,13,CFG_IOMUX2,15,2602,128,mux,IOTILE
20,13,CFG_IOMUX2,16,2485,1,mux,IOTILE
20,13,CFG_IOMUX2,17,2601,1,mux,IOTILE
20,13,CFG_IOMUX2,18,2485,2,mux,IOTILE
20,13,CFG_IOMUX2,19,2601,2,mux,IOTILE
20,13,CFG_IOMUX2,20,2601,4,mux,IOTILE
20,13,CFG_IOMUX2,21,2254,128,mux,IOTILE
20,13,CFG_IOMUX2,22,2370,128,mux,IOTILE
20,13,CFG_IOMUX2,23,2253,1,mux,IOTILE
20,13,CFG_IOMUX2,24,2369,1,mux,IOTILE
20,13,CFG_IOMUX2,25,2253,2,mux,IOTILE
20,13,CFG_IOMUX2,26,2369,2,mux,IOTILE
20,13,CFG_IOMUX2,27,2369,4,mux,IOTILE
20,13,CFG_IOMUX2,28,397,64,mux,IOTILE
20,13,CFG_IOMUX2,29,513,64,mux,IOTILE
20,13,CFG_IOMUX2,30,397,32,mux,IOTILE
20,13,CFG_IOMUX2,31,513,32,mux,IOTILE
20,13,CFG_IOMUX2,32,397,16,mux,IOTILE
20,13,CFG_IOMUX2,33,513,16,mux,IOTILE
20,13,CFG_IOMUX2,34,513,8,mux,IOTILE
20,13,CFG_IOMUX2,35,629,64,mux,IOTILE
20,13,CFG_IOMUX2,36,745,64,mux,IOTILE
20,13,CFG_IOMUX2,37,629,32,mux,IOTILE
20,13,CFG_IOMUX2,38,745,32,mux,IOTILE
20,13,CFG_IOMUX2,39,629,16,mux,IOTILE
20,13,CFG_IOMUX2,40,745,16,mux,IOTILE
20,13,CFG_IOMUX2,41,745,8,mux,IOTILE
20,13,CFG_IOMUX3,0,2485,64,mux,IOTILE
20,13,CFG_IOMUX3,1,2601,64,mux,IOTILE
20,13,CFG_IOMUX3,2,2485,32,mux,IOTILE
20,13,CFG_IOMUX3,3,2601,32,mux,IOTILE
20,13,CFG_IOMUX3,4,2485,16,mux,IOTILE
20,13,CFG_IOMUX3,5,2601,16,mux,IOTILE
20,13,CFG_IOMUX3,6,2601,8,mux,IOTILE
20,13,CFG_IOMUX3,7,2253,64,mux,IOTILE
20,13,CFG_IOMUX3,8,2369,64,mux,IOTILE
20,13,CFG_IOMUX3,9,2253,32,mux,IOTILE
20,13,CFG_IOMUX3,10,2369,32,mux,IOTILE
20,13,CFG_IOMUX3,11,2253,16,mux,IOTILE
20,13,CFG_IOMUX3,12,2369,16,mux,IOTILE
20,13,CFG_IOMUX3,13,2369,8,mux,IOTILE
20,13,CFG_IOMUX3,14,861,64,mux,IOTILE
20,13,CFG_IOMUX3,15,977,64,mux,IOTILE
20,13,CFG_IOMUX3,16,861,32,mux,IOTILE
20,13,CFG_IOMUX3,17,977,32,mux,IOTILE
20,13,CFG_IOMUX3,18,861,16,mux,IOTILE
20,13,CFG_IOMUX3,19,977,16,mux,IOTILE
20,13,CFG_IOMUX3,20,977,8,mux,IOTILE
20,13,CFG_IOMUX3,21,1093,64,mux,IOTILE
20,13,CFG_IOMUX3,22,1209,64,mux,IOTILE
20,13,CFG_IOMUX3,23,1093,32,mux,IOTILE
20,13,CFG_IOMUX3,24,1209,32,mux,IOTILE
20,13,CFG_IOMUX3,25,1093,16,mux,IOTILE
20,13,CFG_IOMUX3,26,1209,16,mux,IOTILE
20,13,CFG_IOMUX3,27,1209,8,mux,IOTILE
20,13,CFG_IOMUX3,28,2021,64,mux,IOTILE
20,13,CFG_IOMUX3,29,2137,64,mux,IOTILE
20,13,CFG_IOMUX3,30,2021,32,mux,IOTILE
20,13,CFG_IOMUX3,31,2137,32,mux,IOTILE
20,13,CFG_IOMUX3,32,2021,16,mux,IOTILE
20,13,CFG_IOMUX3,33,2137,16,mux,IOTILE
20,13,CFG_IOMUX3,34,2137,8,mux,IOTILE
20,13,CFG_IOMUX3,35,1789,64,mux,IOTILE
20,13,CFG_IOMUX3,36,1905,64,mux,IOTILE
20,13,CFG_IOMUX3,37,1789,32,mux,IOTILE
20,13,CFG_IOMUX3,38,1905,32,mux,IOTILE
20,13,CFG_IOMUX3,39,1789,16,mux,IOTILE
20,13,CFG_IOMUX3,40,1905,16,mux,IOTILE
20,13,CFG_IOMUX3,41,1905,8,mux,IOTILE
20,13,CFG_OE_ASYNC_MODE,0,860,1,ioreg,IOTILE
20,13,CFG_OE_ASYNC_MODE,1,860,16,ioreg,IOTILE
20,13,CFG_OE_ASYNC_MODE,2,2136,1,ioreg,IOTILE
20,13,CFG_OE_ASYNC_MODE,3,2136,16,ioreg,IOTILE
20,13,CFG_OE_POWERUP,0,977,128,ioreg,IOTILE
20,13,CFG_OE_POWERUP,1,976,32,ioreg,IOTILE
20,13,CFG_OE_POWERUP,2,2021,128,ioreg,IOTILE
20,13,CFG_OE_POWERUP,3,2020,32,ioreg,IOTILE
20,13,CFG_OE_REG_MODE,0,744,1,ioreg,IOTILE
20,13,CFG_OE_REG_MODE,1,744,16,ioreg,IOTILE
20,13,CFG_OE_REG_MODE,2,2252,1,ioreg,IOTILE
20,13,CFG_OE_REG_MODE,3,2252,16,ioreg,IOTILE
20,13,CFG_OE_SYNC_MODE,0,861,128,ioreg,IOTILE
20,13,CFG_OE_SYNC_MODE,1,860,32,ioreg,IOTILE
20,13,CFG_OE_SYNC_MODE,2,2137,128,ioreg,IOTILE
20,13,CFG_OE_SYNC_MODE,3,2136,32,ioreg,IOTILE
20,13,CFG_OUTDELAY,0,166,8,delay,IOTILE
20,13,CFG_OUTDELAY,1,282,8,delay,IOTILE
20,13,CFG_OUTDELAY,2,165,64,delay,IOTILE
20,13,CFG_OUTDELAY,3,281,64,delay,IOTILE
20,13,CFG_OUT_ASYNC_MODE,0,628,1,ioreg,IOTILE
20,13,CFG_OUT_ASYNC_MODE,1,628,16,ioreg,IOTILE
20,13,CFG_OUT_ASYNC_MODE,2,2368,1,ioreg,IOTILE
20,13,CFG_OUT_ASYNC_MODE,3,2368,16,ioreg,IOTILE
20,13,CFG_OUT_POWERUP,0,745,128,ioreg,IOTILE
20,13,CFG_OUT_POWERUP,1,744,32,ioreg,IOTILE
20,13,CFG_OUT_POWERUP,2,2253,128,ioreg,IOTILE
20,13,CFG_OUT_POWERUP,3,2252,32,ioreg,IOTILE
20,13,CFG_OUT_REG_MODE,0,976,1,ioreg,IOTILE
20,13,CFG_OUT_REG_MODE,1,976,16,ioreg,IOTILE
20,13,CFG_OUT_REG_MODE,2,2020,1,ioreg,IOTILE
20,13,CFG_OUT_REG_MODE,3,2020,16,ioreg,IOTILE
20,13,CFG_OUT_SYNC_MODE,0,629,128,ioreg,IOTILE
20,13,CFG_OUT_SYNC_MODE,1,628,32,ioreg,IOTILE
20,13,CFG_OUT_SYNC_MODE,2,2369,128,ioreg,IOTILE
20,13,CFG_OUT_SYNC_MODE,3,2368,32,ioreg,IOTILE
22,1,CFG_INDA_DELAY,0,90182,32,delay,IOTILE
22,1,CFG_INDA_DELAY,1,90182,16,delay,IOTILE
22,1,CFG_INDA_DELAY,2,90298,32,delay,IOTILE
22,1,CFG_INDA_DELAY,3,91342,32,delay,IOTILE
22,1,CFG_INDA_DELAY,4,91342,16,delay,IOTILE
22,1,CFG_INDA_DELAY,5,91458,32,delay,IOTILE
22,1,CFG_INDA_DELAY,6,92502,32,delay,IOTILE
22,1,CFG_INDA_DELAY,7,92502,16,delay,IOTILE
22,1,CFG_INDA_DELAY,8,92618,32,delay,IOTILE
22,1,CFG_INDA_DELAY,9,94590,32,delay,IOTILE
22,1,CFG_INDA_DELAY,10,94590,16,delay,IOTILE
22,1,CFG_INDA_DELAY,11,94706,32,delay,IOTILE
22,1,CFG_INDA_DELAY,12,95750,32,delay,IOTILE
22,1,CFG_INDA_DELAY,13,95750,16,delay,IOTILE
22,1,CFG_INDA_DELAY,14,95866,32,delay,IOTILE
22,1,CFG_INDA_DELAY,15,96910,32,delay,IOTILE
22,1,CFG_INDA_DELAY,16,96910,16,delay,IOTILE
22,1,CFG_INDA_DELAY,17,97026,32,delay,IOTILE
22,1,CFG_INPUTMUX0,0,89486,128,mux,IOTILE
22,1,CFG_INPUTMUX0,1,89718,128,mux,IOTILE
22,1,CFG_INPUTMUX1,0,90646,128,mux,IOTILE
22,1,CFG_INPUTMUX1,1,90878,128,mux,IOTILE
22,1,CFG_INPUTMUX2,0,91574,128,mux,IOTILE
22,1,CFG_INPUTMUX2,1,91806,128,mux,IOTILE
22,1,CFG_INPUTMUX3,0,94590,128,mux,IOTILE
22,1,CFG_INPUTMUX3,1,94822,128,mux,IOTILE
22,1,CFG_INPUTMUX4,0,95054,128,mux,IOTILE
22,1,CFG_INPUTMUX4,1,95286,128,mux,IOTILE
22,1,CFG_INPUTMUX5,0,96214,128,mux,IOTILE
22,1,CFG_INPUTMUX5,1,96446,128,mux,IOTILE
22,1,CFG_INREG_DELAY,0,90298,16,delay,IOTILE
22,1,CFG_INREG_DELAY,1,90414,16,delay,IOTILE
22,1,CFG_INREG_DELAY,2,90414,32,delay,IOTILE
22,1,CFG_INREG_DELAY,3,91458,16,delay,IOTILE
22,1,CFG_INREG_DELAY,4,91574,16,delay,IOTILE
22,1,CFG_INREG_DELAY,5,91574,32,delay,IOTILE
22,1,CFG_INREG_DELAY,6,92618,16,delay,IOTILE
22,1,CFG_INREG_DELAY,7,92734,16,delay,IOTILE
22,1,CFG_INREG_DELAY,8,92734,32,delay,IOTILE
22,1,CFG_INREG_DELAY,9,94706,16,delay,IOTILE
22,1,CFG_INREG_DELAY,10,94822,16,delay,IOTILE
22,1,CFG_INREG_DELAY,11,94822,32,delay,IOTILE
22,1,CFG_INREG_DELAY,12,95866,16,delay,IOTILE
22,1,CFG_INREG_DELAY,13,95982,16,delay,IOTILE
22,1,CFG_INREG_DELAY,14,95982,32,delay,IOTILE
22,1,CFG_INREG_DELAY,15,97026,16,delay,IOTILE
22,1,CFG_INREG_DELAY,16,97142,16,delay,IOTILE
22,1,CFG_INREG_DELAY,17,97142,32,delay,IOTILE
22,1,CFG_IN_ASYNC_MODE,0,89486,16,ioreg,IOTILE
22,1,CFG_IN_ASYNC_MODE,1,90646,16,ioreg,IOTILE
22,1,CFG_IN_ASYNC_MODE,2,91806,16,ioreg,IOTILE
22,1,CFG_IN_ASYNC_MODE,3,93894,16,ioreg,IOTILE
22,1,CFG_IN_ASYNC_MODE,4,95054,16,ioreg,IOTILE
22,1,CFG_IN_ASYNC_MODE,5,96214,16,ioreg,IOTILE
22,1,CFG_IN_POWERUP,0,89602,32,ioreg,IOTILE
22,1,CFG_IN_POWERUP,1,90762,32,ioreg,IOTILE
22,1,CFG_IN_POWERUP,2,91922,32,ioreg,IOTILE
22,1,CFG_IN_POWERUP,3,94010,32,ioreg,IOTILE
22,1,CFG_IN_POWERUP,4,95170,32,ioreg,IOTILE
22,1,CFG_IN_POWERUP,5,96330,32,ioreg,IOTILE
22,1,CFG_IN_SYNC_MODE,0,89486,32,ioreg,IOTILE
22,1,CFG_IN_SYNC_MODE,1,90646,32,ioreg,IOTILE
22,1,CFG_IN_SYNC_MODE,2,91806,32,ioreg,IOTILE
22,1,CFG_IN_SYNC_MODE,3,93894,32,ioreg,IOTILE
22,1,CFG_IN_SYNC_MODE,4,95054,32,ioreg,IOTILE
22,1,CFG_IN_SYNC_MODE,5,96214,32,ioreg,IOTILE
22,1,CFG_IOMUX0,0,89485,16,mux,IOTILE
22,1,CFG_IOMUX0,1,89601,16,mux,IOTILE
22,1,CFG_IOMUX0,2,89485,32,mux,IOTILE
22,1,CFG_IOMUX0,3,89601,32,mux,IOTILE
22,1,CFG_IOMUX0,4,89485,64,mux,IOTILE
22,1,CFG_IOMUX0,5,89601,64,mux,IOTILE
22,1,CFG_IOMUX0,6,89601,128,mux,IOTILE
22,1,CFG_IOMUX0,7,89717,16,mux,IOTILE
22,1,CFG_IOMUX0,8,89833,16,mux,IOTILE
22,1,CFG_IOMUX0,9,89717,32,mux,IOTILE
22,1,CFG_IOMUX0,10,89833,32,mux,IOTILE
22,1,CFG_IOMUX0,11,89717,64,mux,IOTILE
22,1,CFG_IOMUX0,12,89833,64,mux,IOTILE
22,1,CFG_IOMUX0,13,89833,128,mux,IOTILE
22,1,CFG_IOMUX0,14,89949,16,mux,IOTILE
22,1,CFG_IOMUX0,15,90065,16,mux,IOTILE
22,1,CFG_IOMUX0,16,89949,32,mux,IOTILE
22,1,CFG_IOMUX0,17,90065,32,mux,IOTILE
22,1,CFG_IOMUX0,18,89949,64,mux,IOTILE
22,1,CFG_IOMUX0,19,90065,64,mux,IOTILE
22,1,CFG_IOMUX0,20,90065,128,mux,IOTILE
22,1,CFG_IOMUX0,21,90181,16,mux,IOTILE
22,1,CFG_IOMUX0,22,90297,16,mux,IOTILE
22,1,CFG_IOMUX0,23,90181,32,mux,IOTILE
22,1,CFG_IOMUX0,24,90297,32,mux,IOTILE
22,1,CFG_IOMUX0,25,90181,64,mux,IOTILE
22,1,CFG_IOMUX0,26,90297,64,mux,IOTILE
22,1,CFG_IOMUX0,27,90297,128,mux,IOTILE
22,1,CFG_IOMUX0,28,90413,16,mux,IOTILE
22,1,CFG_IOMUX0,29,90529,16,mux,IOTILE
22,1,CFG_IOMUX0,30,90413,32,mux,IOTILE
22,1,CFG_IOMUX0,31,90529,32,mux,IOTILE
22,1,CFG_IOMUX0,32,90413,64,mux,IOTILE
22,1,CFG_IOMUX0,33,90529,64,mux,IOTILE
22,1,CFG_IOMUX0,34,90529,128,mux,IOTILE
22,1,CFG_IOMUX0,35,90645,16,mux,IOTILE
22,1,CFG_IOMUX0,36,90761,16,mux,IOTILE
22,1,CFG_IOMUX0,37,90645,32,mux,IOTILE
22,1,CFG_IOMUX0,38,90761,32,mux,IOTILE
22,1,CFG_IOMUX0,39,90645,64,mux,IOTILE
22,1,CFG_IOMUX0,40,90761,64,mux,IOTILE
22,1,CFG_IOMUX0,41,90761,128,mux,IOTILE
22,1,CFG_IOMUX1,0,90877,16,mux,IOTILE
22,1,CFG_IOMUX1,1,90993,16,mux,IOTILE
22,1,CFG_IOMUX1,2,90877,32,mux,IOTILE
22,1,CFG_IOMUX1,3,90993,32,mux,IOTILE
22,1,CFG_IOMUX1,4,90877,64,mux,IOTILE
22,1,CFG_IOMUX1,5,90993,64,mux,IOTILE
22,1,CFG_IOMUX1,6,90993,128,mux,IOTILE
22,1,CFG_IOMUX1,7,91109,16,mux,IOTILE
22,1,CFG_IOMUX1,8,91225,16,mux,IOTILE
22,1,CFG_IOMUX1,9,91109,32,mux,IOTILE
22,1,CFG_IOMUX1,10,91225,32,mux,IOTILE
22,1,CFG_IOMUX1,11,91109,64,mux,IOTILE
22,1,CFG_IOMUX1,12,91225,64,mux,IOTILE
22,1,CFG_IOMUX1,13,91225,128,mux,IOTILE
22,1,CFG_IOMUX1,14,89485,8,mux,IOTILE
22,1,CFG_IOMUX1,15,89601,8,mux,IOTILE
22,1,CFG_IOMUX1,16,89485,4,mux,IOTILE
22,1,CFG_IOMUX1,17,89601,4,mux,IOTILE
22,1,CFG_IOMUX1,18,89485,2,mux,IOTILE
22,1,CFG_IOMUX1,19,89601,2,mux,IOTILE
22,1,CFG_IOMUX1,20,89601,1,mux,IOTILE
22,1,CFG_IOMUX1,21,89717,8,mux,IOTILE
22,1,CFG_IOMUX1,22,89833,8,mux,IOTILE
22,1,CFG_IOMUX1,23,89717,4,mux,IOTILE
22,1,CFG_IOMUX1,24,89833,4,mux,IOTILE
22,1,CFG_IOMUX1,25,89717,2,mux,IOTILE
22,1,CFG_IOMUX1,26,89833,2,mux,IOTILE
22,1,CFG_IOMUX1,27,89833,1,mux,IOTILE
22,1,CFG_IOMUX1,28,89949,8,mux,IOTILE
22,1,CFG_IOMUX1,29,90065,8,mux,IOTILE
22,1,CFG_IOMUX1,30,89949,4,mux,IOTILE
22,1,CFG_IOMUX1,31,90065,4,mux,IOTILE
22,1,CFG_IOMUX1,32,89949,2,mux,IOTILE
22,1,CFG_IOMUX1,33,90065,2,mux,IOTILE
22,1,CFG_IOMUX1,34,90065,1,mux,IOTILE
22,1,CFG_IOMUX1,35,90181,8,mux,IOTILE
22,1,CFG_IOMUX1,36,90297,8,mux,IOTILE
22,1,CFG_IOMUX1,37,90181,4,mux,IOTILE
22,1,CFG_IOMUX1,38,90297,4,mux,IOTILE
22,1,CFG_IOMUX1,39,90181,2,mux,IOTILE
22,1,CFG_IOMUX1,40,90297,2,mux,IOTILE
22,1,CFG_IOMUX1,41,90297,1,mux,IOTILE
22,1,CFG_IOMUX2,0,90413,8,mux,IOTILE
22,1,CFG_IOMUX2,1,90529,8,mux,IOTILE
22,1,CFG_IOMUX2,2,90413,4,mux,IOTILE
22,1,CFG_IOMUX2,3,90529,4,mux,IOTILE
22,1,CFG_IOMUX2,4,90413,2,mux,IOTILE
22,1,CFG_IOMUX2,5,90529,2,mux,IOTILE
22,1,CFG_IOMUX2,6,90529,1,mux,IOTILE
22,1,CFG_IOMUX2,7,90645,8,mux,IOTILE
22,1,CFG_IOMUX2,8,90761,8,mux,IOTILE
22,1,CFG_IOMUX2,9,90645,4,mux,IOTILE
22,1,CFG_IOMUX2,10,90761,4,mux,IOTILE
22,1,CFG_IOMUX2,11,90645,2,mux,IOTILE
22,1,CFG_IOMUX2,12,90761,2,mux,IOTILE
22,1,CFG_IOMUX2,13,90761,1,mux,IOTILE
22,1,CFG_IOMUX2,14,90877,8,mux,IOTILE
22,1,CFG_IOMUX2,15,90993,8,mux,IOTILE
22,1,CFG_IOMUX2,16,90877,4,mux,IOTILE
22,1,CFG_IOMUX2,17,90993,4,mux,IOTILE
22,1,CFG_IOMUX2,18,90877,2,mux,IOTILE
22,1,CFG_IOMUX2,19,90993,2,mux,IOTILE
22,1,CFG_IOMUX2,20,90993,1,mux,IOTILE
22,1,CFG_IOMUX2,21,91109,8,mux,IOTILE
22,1,CFG_IOMUX2,22,91225,8,mux,IOTILE
22,1,CFG_IOMUX2,23,91109,4,mux,IOTILE
22,1,CFG_IOMUX2,24,91225,4,mux,IOTILE
22,1,CFG_IOMUX2,25,91109,2,mux,IOTILE
22,1,CFG_IOMUX2,26,91225,2,mux,IOTILE
22,1,CFG_IOMUX2,27,91225,1,mux,IOTILE
22,1,CFG_IOMUX2,28,95517,16,mux,IOTILE
22,1,CFG_IOMUX2,29,95633,16,mux,IOTILE
22,1,CFG_IOMUX2,30,95517,32,mux,IOTILE
22,1,CFG_IOMUX2,31,95633,32,mux,IOTILE
22,1,CFG_IOMUX2,32,95517,64,mux,IOTILE
22,1,CFG_IOMUX2,33,95633,64,mux,IOTILE
22,1,CFG_IOMUX2,34,95633,128,mux,IOTILE
22,1,CFG_IOMUX2,35,95749,16,mux,IOTILE
22,1,CFG_IOMUX2,36,95865,16,mux,IOTILE
22,1,CFG_IOMUX2,37,95749,32,mux,IOTILE
22,1,CFG_IOMUX2,38,95865,32,mux,IOTILE
22,1,CFG_IOMUX2,39,95749,64,mux,IOTILE
22,1,CFG_IOMUX2,40,95865,64,mux,IOTILE
22,1,CFG_IOMUX2,41,95865,128,mux,IOTILE
22,1,CFG_IOMUX3,0,95981,16,mux,IOTILE
22,1,CFG_IOMUX3,1,96097,16,mux,IOTILE
22,1,CFG_IOMUX3,2,95981,32,mux,IOTILE
22,1,CFG_IOMUX3,3,96097,32,mux,IOTILE
22,1,CFG_IOMUX3,4,95981,64,mux,IOTILE
22,1,CFG_IOMUX3,5,96097,64,mux,IOTILE
22,1,CFG_IOMUX3,6,96097,128,mux,IOTILE
22,1,CFG_IOMUX3,7,96213,16,mux,IOTILE
22,1,CFG_IOMUX3,8,96329,16,mux,IOTILE
22,1,CFG_IOMUX3,9,96213,32,mux,IOTILE
22,1,CFG_IOMUX3,10,96329,32,mux,IOTILE
22,1,CFG_IOMUX3,11,96213,64,mux,IOTILE
22,1,CFG_IOMUX3,12,96329,64,mux,IOTILE
22,1,CFG_IOMUX3,13,96329,128,mux,IOTILE
22,1,CFG_IOMUX3,14,96445,16,mux,IOTILE
22,1,CFG_IOMUX3,15,96561,16,mux,IOTILE
22,1,CFG_IOMUX3,16,96445,32,mux,IOTILE
22,1,CFG_IOMUX3,17,96561,32,mux,IOTILE
22,1,CFG_IOMUX3,18,96445,64,mux,IOTILE
22,1,CFG_IOMUX3,19,96561,64,mux,IOTILE
22,1,CFG_IOMUX3,20,96561,128,mux,IOTILE
22,1,CFG_IOMUX3,21,96677,16,mux,IOTILE
22,1,CFG_IOMUX3,22,96793,16,mux,IOTILE
22,1,CFG_IOMUX3,23,96677,32,mux,IOTILE
22,1,CFG_IOMUX3,24,96793,32,mux,IOTILE
22,1,CFG_IOMUX3,25,96677,64,mux,IOTILE
22,1,CFG_IOMUX3,26,96793,64,mux,IOTILE
22,1,CFG_IOMUX3,27,96793,128,mux,IOTILE
22,1,CFG_IOMUX3,28,96909,16,mux,IOTILE
22,1,CFG_IOMUX3,29,97025,16,mux,IOTILE
22,1,CFG_IOMUX3,30,96909,32,mux,IOTILE
22,1,CFG_IOMUX3,31,97025,32,mux,IOTILE
22,1,CFG_IOMUX3,32,96909,64,mux,IOTILE
22,1,CFG_IOMUX3,33,97025,64,mux,IOTILE
22,1,CFG_IOMUX3,34,97025,128,mux,IOTILE
22,1,CFG_IOMUX3,35,97141,16,mux,IOTILE
22,1,CFG_IOMUX3,36,97257,16,mux,IOTILE
22,1,CFG_IOMUX3,37,97141,32,mux,IOTILE
22,1,CFG_IOMUX3,38,97257,32,mux,IOTILE
22,1,CFG_IOMUX3,39,97141,64,mux,IOTILE
22,1,CFG_IOMUX3,40,97257,64,mux,IOTILE
22,1,CFG_IOMUX3,41,97257,128,mux,IOTILE
22,1,CFG_IOMUX4,0,95517,8,mux,IOTILE
22,1,CFG_IOMUX4,1,95633,8,mux,IOTILE
22,1,CFG_IOMUX4,2,95517,4,mux,IOTILE
22,1,CFG_IOMUX4,3,95633,4,mux,IOTILE
22,1,CFG_IOMUX4,4,95517,2,mux,IOTILE
22,1,CFG_IOMUX4,5,95633,2,mux,IOTILE
22,1,CFG_IOMUX4,6,95633,1,mux,IOTILE
22,1,CFG_IOMUX4,7,95749,8,mux,IOTILE
22,1,CFG_IOMUX4,8,95865,8,mux,IOTILE
22,1,CFG_IOMUX4,9,95749,4,mux,IOTILE
22,1,CFG_IOMUX4,10,95865,4,mux,IOTILE
22,1,CFG_IOMUX4,11,95749,2,mux,IOTILE
22,1,CFG_IOMUX4,12,95865,2,mux,IOTILE
22,1,CFG_IOMUX4,13,95865,1,mux,IOTILE
22,1,CFG_IOMUX4,14,95981,8,mux,IOTILE
22,1,CFG_IOMUX4,15,96097,8,mux,IOTILE
22,1,CFG_IOMUX4,16,95981,4,mux,IOTILE
22,1,CFG_IOMUX4,17,96097,4,mux,IOTILE
22,1,CFG_IOMUX4,18,95981,2,mux,IOTILE
22,1,CFG_IOMUX4,19,96097,2,mux,IOTILE
22,1,CFG_IOMUX4,20,96097,1,mux,IOTILE
22,1,CFG_IOMUX4,21,96213,8,mux,IOTILE
22,1,CFG_IOMUX4,22,96329,8,mux,IOTILE
22,1,CFG_IOMUX4,23,96213,4,mux,IOTILE
22,1,CFG_IOMUX4,24,96329,4,mux,IOTILE
22,1,CFG_IOMUX4,25,96213,2,mux,IOTILE
22,1,CFG_IOMUX4,26,96329,2,mux,IOTILE
22,1,CFG_IOMUX4,27,96329,1,mux,IOTILE
22,1,CFG_IOMUX4,28,96445,8,mux,IOTILE
22,1,CFG_IOMUX4,29,96561,8,mux,IOTILE
22,1,CFG_IOMUX4,30,96445,4,mux,IOTILE
22,1,CFG_IOMUX4,31,96561,4,mux,IOTILE
22,1,CFG_IOMUX4,32,96445,2,mux,IOTILE
22,1,CFG_IOMUX4,33,96561,2,mux,IOTILE
22,1,CFG_IOMUX4,34,96561,1,mux,IOTILE
22,1,CFG_IOMUX4,35,96677,8,mux,IOTILE
22,1,CFG_IOMUX4,36,96793,8,mux,IOTILE
22,1,CFG_IOMUX4,37,96677,4,mux,IOTILE
22,1,CFG_IOMUX4,38,96793,4,mux,IOTILE
22,1,CFG_IOMUX4,39,96677,2,mux,IOTILE
22,1,CFG_IOMUX4,40,96793,2,mux,IOTILE
22,1,CFG_IOMUX4,41,96793,1,mux,IOTILE
22,1,CFG_IOMUX5,0,96909,8,mux,IOTILE
22,1,CFG_IOMUX5,1,97025,8,mux,IOTILE
22,1,CFG_IOMUX5,2,96909,4,mux,IOTILE
22,1,CFG_IOMUX5,3,97025,4,mux,IOTILE
22,1,CFG_IOMUX5,4,96909,2,mux,IOTILE
22,1,CFG_IOMUX5,5,97025,2,mux,IOTILE
22,1,CFG_IOMUX5,6,97025,1,mux,IOTILE
22,1,CFG_IOMUX5,7,97141,8,mux,IOTILE
22,1,CFG_IOMUX5,8,97257,8,mux,IOTILE
22,1,CFG_IOMUX5,9,97141,4,mux,IOTILE
22,1,CFG_IOMUX5,10,97257,4,mux,IOTILE
22,1,CFG_IOMUX5,11,97141,2,mux,IOTILE
22,1,CFG_IOMUX5,12,97257,2,mux,IOTILE
22,1,CFG_IOMUX5,13,97257,1,mux,IOTILE
22,1,CFG_IOMUX5,14,94589,16,mux,IOTILE
22,1,CFG_IOMUX5,15,94705,16,mux,IOTILE
22,1,CFG_IOMUX5,16,94589,32,mux,IOTILE
22,1,CFG_IOMUX5,17,94705,32,mux,IOTILE
22,1,CFG_IOMUX5,18,94589,64,mux,IOTILE
22,1,CFG_IOMUX5,19,94705,64,mux,IOTILE
22,1,CFG_IOMUX5,20,94705,128,mux,IOTILE
22,1,CFG_IOMUX5,21,94821,16,mux,IOTILE
22,1,CFG_IOMUX5,22,94937,16,mux,IOTILE
22,1,CFG_IOMUX5,23,94821,32,mux,IOTILE
22,1,CFG_IOMUX5,24,94937,32,mux,IOTILE
22,1,CFG_IOMUX5,25,94821,64,mux,IOTILE
22,1,CFG_IOMUX5,26,94937,64,mux,IOTILE
22,1,CFG_IOMUX5,27,94937,128,mux,IOTILE
22,1,CFG_IOMUX5,28,95053,16,mux,IOTILE
22,1,CFG_IOMUX5,29,95169,16,mux,IOTILE
22,1,CFG_IOMUX5,30,95053,32,mux,IOTILE
22,1,CFG_IOMUX5,31,95169,32,mux,IOTILE
22,1,CFG_IOMUX5,32,95053,64,mux,IOTILE
22,1,CFG_IOMUX5,33,95169,64,mux,IOTILE
22,1,CFG_IOMUX5,34,95169,128,mux,IOTILE
22,1,CFG_IOMUX5,35,95285,16,mux,IOTILE
22,1,CFG_IOMUX5,36,95401,16,mux,IOTILE
22,1,CFG_IOMUX5,37,95285,32,mux,IOTILE
22,1,CFG_IOMUX5,38,95401,32,mux,IOTILE
22,1,CFG_IOMUX5,39,95285,64,mux,IOTILE
22,1,CFG_IOMUX5,40,95401,64,mux,IOTILE
22,1,CFG_IOMUX5,41,95401,128,mux,IOTILE
22,1,CFG_OE_ASYNC_MODE,0,89950,16,ioreg,IOTILE
22,1,CFG_OE_ASYNC_MODE,1,91110,16,ioreg,IOTILE
22,1,CFG_OE_ASYNC_MODE,2,92270,16,ioreg,IOTILE
22,1,CFG_OE_ASYNC_MODE,3,94358,16,ioreg,IOTILE
22,1,CFG_OE_ASYNC_MODE,4,95518,16,ioreg,IOTILE
22,1,CFG_OE_ASYNC_MODE,5,96678,16,ioreg,IOTILE
22,1,CFG_OE_POWERUP,0,90066,32,ioreg,IOTILE
22,1,CFG_OE_POWERUP,1,91226,32,ioreg,IOTILE
22,1,CFG_OE_POWERUP,2,92386,32,ioreg,IOTILE
22,1,CFG_OE_POWERUP,3,94474,32,ioreg,IOTILE
22,1,CFG_OE_POWERUP,4,95634,32,ioreg,IOTILE
22,1,CFG_OE_POWERUP,5,96794,32,ioreg,IOTILE
22,1,CFG_OE_REG_MODE,0,89834,16,ioreg,IOTILE
22,1,CFG_OE_REG_MODE,1,90994,16,ioreg,IOTILE
22,1,CFG_OE_REG_MODE,2,92154,16,ioreg,IOTILE
22,1,CFG_OE_REG_MODE,3,94242,16,ioreg,IOTILE
22,1,CFG_OE_REG_MODE,4,95402,16,ioreg,IOTILE
22,1,CFG_OE_REG_MODE,5,96562,16,ioreg,IOTILE
22,1,CFG_OE_SYNC_MODE,0,89950,32,ioreg,IOTILE
22,1,CFG_OE_SYNC_MODE,1,91110,32,ioreg,IOTILE
22,1,CFG_OE_SYNC_MODE,2,92270,32,ioreg,IOTILE
22,1,CFG_OE_SYNC_MODE,3,94358,32,ioreg,IOTILE
22,1,CFG_OE_SYNC_MODE,4,95518,32,ioreg,IOTILE
22,1,CFG_OE_SYNC_MODE,5,96678,32,ioreg,IOTILE
22,1,CFG_OUTDELAY,0,90530,16,delay,IOTILE
22,1,CFG_OUTDELAY,1,91690,16,delay,IOTILE
22,1,CFG_OUTDELAY,2,92850,16,delay,IOTILE
22,1,CFG_OUTDELAY,3,94938,16,delay,IOTILE
22,1,CFG_OUTDELAY,4,96098,16,delay,IOTILE
22,1,CFG_OUTDELAY,5,97258,16,delay,IOTILE
22,1,CFG_OUT_ASYNC_MODE,0,89718,16,ioreg,IOTILE
22,1,CFG_OUT_ASYNC_MODE,1,90878,16,ioreg,IOTILE
22,1,CFG_OUT_ASYNC_MODE,2,92038,16,ioreg,IOTILE
22,1,CFG_OUT_ASYNC_MODE,3,94126,16,ioreg,IOTILE
22,1,CFG_OUT_ASYNC_MODE,4,95286,16,ioreg,IOTILE
22,1,CFG_OUT_ASYNC_MODE,5,96446,16,ioreg,IOTILE
22,1,CFG_OUT_POWERUP,0,89834,32,ioreg,IOTILE
22,1,CFG_OUT_POWERUP,1,90994,32,ioreg,IOTILE
22,1,CFG_OUT_POWERUP,2,92154,32,ioreg,IOTILE
22,1,CFG_OUT_POWERUP,3,94242,32,ioreg,IOTILE
22,1,CFG_OUT_POWERUP,4,95402,32,ioreg,IOTILE
22,1,CFG_OUT_POWERUP,5,96562,32,ioreg,IOTILE
22,1,CFG_OUT_REG_MODE,0,90066,16,ioreg,IOTILE
22,1,CFG_OUT_REG_MODE,1,91226,16,ioreg,IOTILE
22,1,CFG_OUT_REG_MODE,2,92386,16,ioreg,IOTILE
22,1,CFG_OUT_REG_MODE,3,94474,16,ioreg,IOTILE
22,1,CFG_OUT_REG_MODE,4,95634,16,ioreg,IOTILE
22,1,CFG_OUT_REG_MODE,5,96794,16,ioreg,IOTILE
22,1,CFG_OUT_SYNC_MODE,0,89718,32,ioreg,IOTILE
22,1,CFG_OUT_SYNC_MODE,1,90878,32,ioreg,IOTILE
22,1,CFG_OUT_SYNC_MODE,2,92038,32,ioreg,IOTILE
22,1,CFG_OUT_SYNC_MODE,3,94126,32,ioreg,IOTILE
22,1,CFG_OUT_SYNC_MODE,4,95286,32,ioreg,IOTILE
22,1,CFG_OUT_SYNC_MODE,5,96446,32,ioreg,IOTILE
22,2,CFG_INDA_DELAY,0,82294,32,delay,IOTILE
22,2,CFG_INDA_DELAY,1,82294,16,delay,IOTILE
22,2,CFG_INDA_DELAY,2,82410,32,delay,IOTILE
22,2,CFG_INDA_DELAY,3,83454,32,delay,IOTILE
22,2,CFG_INDA_DELAY,4,83454,16,delay,IOTILE
22,2,CFG_INDA_DELAY,5,83570,32,delay,IOTILE
22,2,CFG_INDA_DELAY,6,84614,32,delay,IOTILE
22,2,CFG_INDA_DELAY,7,84614,16,delay,IOTILE
22,2,CFG_INDA_DELAY,8,84730,32,delay,IOTILE
22,2,CFG_INDA_DELAY,9,86702,32,delay,IOTILE
22,2,CFG_INDA_DELAY,10,86702,16,delay,IOTILE
22,2,CFG_INDA_DELAY,11,86818,32,delay,IOTILE
22,2,CFG_INDA_DELAY,12,87862,32,delay,IOTILE
22,2,CFG_INDA_DELAY,13,87862,16,delay,IOTILE
22,2,CFG_INDA_DELAY,14,87978,32,delay,IOTILE
22,2,CFG_INDA_DELAY,15,89022,32,delay,IOTILE
22,2,CFG_INDA_DELAY,16,89022,16,delay,IOTILE
22,2,CFG_INDA_DELAY,17,89138,32,delay,IOTILE
22,2,CFG_INPUTMUX0,0,81598,128,mux,IOTILE
22,2,CFG_INPUTMUX0,1,81830,128,mux,IOTILE
22,2,CFG_INPUTMUX1,0,82758,128,mux,IOTILE
22,2,CFG_INPUTMUX1,1,82990,128,mux,IOTILE
22,2,CFG_INPUTMUX2,0,83686,128,mux,IOTILE
22,2,CFG_INPUTMUX2,1,83918,128,mux,IOTILE
22,2,CFG_INPUTMUX3,0,86702,128,mux,IOTILE
22,2,CFG_INPUTMUX3,1,86934,128,mux,IOTILE
22,2,CFG_INPUTMUX4,0,87166,128,mux,IOTILE
22,2,CFG_INPUTMUX4,1,87398,128,mux,IOTILE
22,2,CFG_INPUTMUX5,0,88326,128,mux,IOTILE
22,2,CFG_INPUTMUX5,1,88558,128,mux,IOTILE
22,2,CFG_INREG_DELAY,0,82410,16,delay,IOTILE
22,2,CFG_INREG_DELAY,1,82526,16,delay,IOTILE
22,2,CFG_INREG_DELAY,2,82526,32,delay,IOTILE
22,2,CFG_INREG_DELAY,3,83570,16,delay,IOTILE
22,2,CFG_INREG_DELAY,4,83686,16,delay,IOTILE
22,2,CFG_INREG_DELAY,5,83686,32,delay,IOTILE
22,2,CFG_INREG_DELAY,6,84730,16,delay,IOTILE
22,2,CFG_INREG_DELAY,7,84846,16,delay,IOTILE
22,2,CFG_INREG_DELAY,8,84846,32,delay,IOTILE
22,2,CFG_INREG_DELAY,9,86818,16,delay,IOTILE
22,2,CFG_INREG_DELAY,10,86934,16,delay,IOTILE
22,2,CFG_INREG_DELAY,11,86934,32,delay,IOTILE
22,2,CFG_INREG_DELAY,12,87978,16,delay,IOTILE
22,2,CFG_INREG_DELAY,13,88094,16,delay,IOTILE
22,2,CFG_INREG_DELAY,14,88094,32,delay,IOTILE
22,2,CFG_INREG_DELAY,15,89138,16,delay,IOTILE
22,2,CFG_INREG_DELAY,16,89254,16,delay,IOTILE
22,2,CFG_INREG_DELAY,17,89254,32,delay,IOTILE
22,2,CFG_IN_ASYNC_MODE,0,81598,16,ioreg,IOTILE
22,2,CFG_IN_ASYNC_MODE,1,82758,16,ioreg,IOTILE
22,2,CFG_IN_ASYNC_MODE,2,83918,16,ioreg,IOTILE
22,2,CFG_IN_ASYNC_MODE,3,86006,16,ioreg,IOTILE
22,2,CFG_IN_ASYNC_MODE,4,87166,16,ioreg,IOTILE
22,2,CFG_IN_ASYNC_MODE,5,88326,16,ioreg,IOTILE
22,2,CFG_IN_POWERUP,0,81714,32,ioreg,IOTILE
22,2,CFG_IN_POWERUP,1,82874,32,ioreg,IOTILE
22,2,CFG_IN_POWERUP,2,84034,32,ioreg,IOTILE
22,2,CFG_IN_POWERUP,3,86122,32,ioreg,IOTILE
22,2,CFG_IN_POWERUP,4,87282,32,ioreg,IOTILE
22,2,CFG_IN_POWERUP,5,88442,32,ioreg,IOTILE
22,2,CFG_IN_SYNC_MODE,0,81598,32,ioreg,IOTILE
22,2,CFG_IN_SYNC_MODE,1,82758,32,ioreg,IOTILE
22,2,CFG_IN_SYNC_MODE,2,83918,32,ioreg,IOTILE
22,2,CFG_IN_SYNC_MODE,3,86006,32,ioreg,IOTILE
22,2,CFG_IN_SYNC_MODE,4,87166,32,ioreg,IOTILE
22,2,CFG_IN_SYNC_MODE,5,88326,32,ioreg,IOTILE
22,2,CFG_IOMUX0,0,81597,16,mux,IOTILE
22,2,CFG_IOMUX0,1,81713,16,mux,IOTILE
22,2,CFG_IOMUX0,2,81597,32,mux,IOTILE
22,2,CFG_IOMUX0,3,81713,32,mux,IOTILE
22,2,CFG_IOMUX0,4,81597,64,mux,IOTILE
22,2,CFG_IOMUX0,5,81713,64,mux,IOTILE
22,2,CFG_IOMUX0,6,81713,128,mux,IOTILE
22,2,CFG_IOMUX0,7,81829,16,mux,IOTILE
22,2,CFG_IOMUX0,8,81945,16,mux,IOTILE
22,2,CFG_IOMUX0,9,81829,32,mux,IOTILE
22,2,CFG_IOMUX0,10,81945,32,mux,IOTILE
22,2,CFG_IOMUX0,11,81829,64,mux,IOTILE
22,2,CFG_IOMUX0,12,81945,64,mux,IOTILE
22,2,CFG_IOMUX0,13,81945,128,mux,IOTILE
22,2,CFG_IOMUX0,14,82061,16,mux,IOTILE
22,2,CFG_IOMUX0,15,82177,16,mux,IOTILE
22,2,CFG_IOMUX0,16,82061,32,mux,IOTILE
22,2,CFG_IOMUX0,17,82177,32,mux,IOTILE
22,2,CFG_IOMUX0,18,82061,64,mux,IOTILE
22,2,CFG_IOMUX0,19,82177,64,mux,IOTILE
22,2,CFG_IOMUX0,20,82177,128,mux,IOTILE
22,2,CFG_IOMUX0,21,82293,16,mux,IOTILE
22,2,CFG_IOMUX0,22,82409,16,mux,IOTILE
22,2,CFG_IOMUX0,23,82293,32,mux,IOTILE
22,2,CFG_IOMUX0,24,82409,32,mux,IOTILE
22,2,CFG_IOMUX0,25,82293,64,mux,IOTILE
22,2,CFG_IOMUX0,26,82409,64,mux,IOTILE
22,2,CFG_IOMUX0,27,82409,128,mux,IOTILE
22,2,CFG_IOMUX0,28,82525,16,mux,IOTILE
22,2,CFG_IOMUX0,29,82641,16,mux,IOTILE
22,2,CFG_IOMUX0,30,82525,32,mux,IOTILE
22,2,CFG_IOMUX0,31,82641,32,mux,IOTILE
22,2,CFG_IOMUX0,32,82525,64,mux,IOTILE
22,2,CFG_IOMUX0,33,82641,64,mux,IOTILE
22,2,CFG_IOMUX0,34,82641,128,mux,IOTILE
22,2,CFG_IOMUX0,35,82757,16,mux,IOTILE
22,2,CFG_IOMUX0,36,82873,16,mux,IOTILE
22,2,CFG_IOMUX0,37,82757,32,mux,IOTILE
22,2,CFG_IOMUX0,38,82873,32,mux,IOTILE
22,2,CFG_IOMUX0,39,82757,64,mux,IOTILE
22,2,CFG_IOMUX0,40,82873,64,mux,IOTILE
22,2,CFG_IOMUX0,41,82873,128,mux,IOTILE
22,2,CFG_IOMUX1,0,82989,16,mux,IOTILE
22,2,CFG_IOMUX1,1,83105,16,mux,IOTILE
22,2,CFG_IOMUX1,2,82989,32,mux,IOTILE
22,2,CFG_IOMUX1,3,83105,32,mux,IOTILE
22,2,CFG_IOMUX1,4,82989,64,mux,IOTILE
22,2,CFG_IOMUX1,5,83105,64,mux,IOTILE
22,2,CFG_IOMUX1,6,83105,128,mux,IOTILE
22,2,CFG_IOMUX1,7,83221,16,mux,IOTILE
22,2,CFG_IOMUX1,8,83337,16,mux,IOTILE
22,2,CFG_IOMUX1,9,83221,32,mux,IOTILE
22,2,CFG_IOMUX1,10,83337,32,mux,IOTILE
22,2,CFG_IOMUX1,11,83221,64,mux,IOTILE
22,2,CFG_IOMUX1,12,83337,64,mux,IOTILE
22,2,CFG_IOMUX1,13,83337,128,mux,IOTILE
22,2,CFG_IOMUX1,14,81597,8,mux,IOTILE
22,2,CFG_IOMUX1,15,81713,8,mux,IOTILE
22,2,CFG_IOMUX1,16,81597,4,mux,IOTILE
22,2,CFG_IOMUX1,17,81713,4,mux,IOTILE
22,2,CFG_IOMUX1,18,81597,2,mux,IOTILE
22,2,CFG_IOMUX1,19,81713,2,mux,IOTILE
22,2,CFG_IOMUX1,20,81713,1,mux,IOTILE
22,2,CFG_IOMUX1,21,81829,8,mux,IOTILE
22,2,CFG_IOMUX1,22,81945,8,mux,IOTILE
22,2,CFG_IOMUX1,23,81829,4,mux,IOTILE
22,2,CFG_IOMUX1,24,81945,4,mux,IOTILE
22,2,CFG_IOMUX1,25,81829,2,mux,IOTILE
22,2,CFG_IOMUX1,26,81945,2,mux,IOTILE
22,2,CFG_IOMUX1,27,81945,1,mux,IOTILE
22,2,CFG_IOMUX1,28,82061,8,mux,IOTILE
22,2,CFG_IOMUX1,29,82177,8,mux,IOTILE
22,2,CFG_IOMUX1,30,82061,4,mux,IOTILE
22,2,CFG_IOMUX1,31,82177,4,mux,IOTILE
22,2,CFG_IOMUX1,32,82061,2,mux,IOTILE
22,2,CFG_IOMUX1,33,82177,2,mux,IOTILE
22,2,CFG_IOMUX1,34,82177,1,mux,IOTILE
22,2,CFG_IOMUX1,35,82293,8,mux,IOTILE
22,2,CFG_IOMUX1,36,82409,8,mux,IOTILE
22,2,CFG_IOMUX1,37,82293,4,mux,IOTILE
22,2,CFG_IOMUX1,38,82409,4,mux,IOTILE
22,2,CFG_IOMUX1,39,82293,2,mux,IOTILE
22,2,CFG_IOMUX1,40,82409,2,mux,IOTILE
22,2,CFG_IOMUX1,41,82409,1,mux,IOTILE
22,2,CFG_IOMUX2,0,82525,8,mux,IOTILE
22,2,CFG_IOMUX2,1,82641,8,mux,IOTILE
22,2,CFG_IOMUX2,2,82525,4,mux,IOTILE
22,2,CFG_IOMUX2,3,82641,4,mux,IOTILE
22,2,CFG_IOMUX2,4,82525,2,mux,IOTILE
22,2,CFG_IOMUX2,5,82641,2,mux,IOTILE
22,2,CFG_IOMUX2,6,82641,1,mux,IOTILE
22,2,CFG_IOMUX2,7,82757,8,mux,IOTILE
22,2,CFG_IOMUX2,8,82873,8,mux,IOTILE
22,2,CFG_IOMUX2,9,82757,4,mux,IOTILE
22,2,CFG_IOMUX2,10,82873,4,mux,IOTILE
22,2,CFG_IOMUX2,11,82757,2,mux,IOTILE
22,2,CFG_IOMUX2,12,82873,2,mux,IOTILE
22,2,CFG_IOMUX2,13,82873,1,mux,IOTILE
22,2,CFG_IOMUX2,14,82989,8,mux,IOTILE
22,2,CFG_IOMUX2,15,83105,8,mux,IOTILE
22,2,CFG_IOMUX2,16,82989,4,mux,IOTILE
22,2,CFG_IOMUX2,17,83105,4,mux,IOTILE
22,2,CFG_IOMUX2,18,82989,2,mux,IOTILE
22,2,CFG_IOMUX2,19,83105,2,mux,IOTILE
22,2,CFG_IOMUX2,20,83105,1,mux,IOTILE
22,2,CFG_IOMUX2,21,83221,8,mux,IOTILE
22,2,CFG_IOMUX2,22,83337,8,mux,IOTILE
22,2,CFG_IOMUX2,23,83221,4,mux,IOTILE
22,2,CFG_IOMUX2,24,83337,4,mux,IOTILE
22,2,CFG_IOMUX2,25,83221,2,mux,IOTILE
22,2,CFG_IOMUX2,26,83337,2,mux,IOTILE
22,2,CFG_IOMUX2,27,83337,1,mux,IOTILE
22,2,CFG_IOMUX2,28,87629,16,mux,IOTILE
22,2,CFG_IOMUX2,29,87745,16,mux,IOTILE
22,2,CFG_IOMUX2,30,87629,32,mux,IOTILE
22,2,CFG_IOMUX2,31,87745,32,mux,IOTILE
22,2,CFG_IOMUX2,32,87629,64,mux,IOTILE
22,2,CFG_IOMUX2,33,87745,64,mux,IOTILE
22,2,CFG_IOMUX2,34,87745,128,mux,IOTILE
22,2,CFG_IOMUX2,35,87861,16,mux,IOTILE
22,2,CFG_IOMUX2,36,87977,16,mux,IOTILE
22,2,CFG_IOMUX2,37,87861,32,mux,IOTILE
22,2,CFG_IOMUX2,38,87977,32,mux,IOTILE
22,2,CFG_IOMUX2,39,87861,64,mux,IOTILE
22,2,CFG_IOMUX2,40,87977,64,mux,IOTILE
22,2,CFG_IOMUX2,41,87977,128,mux,IOTILE
22,2,CFG_IOMUX3,0,88093,16,mux,IOTILE
22,2,CFG_IOMUX3,1,88209,16,mux,IOTILE
22,2,CFG_IOMUX3,2,88093,32,mux,IOTILE
22,2,CFG_IOMUX3,3,88209,32,mux,IOTILE
22,2,CFG_IOMUX3,4,88093,64,mux,IOTILE
22,2,CFG_IOMUX3,5,88209,64,mux,IOTILE
22,2,CFG_IOMUX3,6,88209,128,mux,IOTILE
22,2,CFG_IOMUX3,7,88325,16,mux,IOTILE
22,2,CFG_IOMUX3,8,88441,16,mux,IOTILE
22,2,CFG_IOMUX3,9,88325,32,mux,IOTILE
22,2,CFG_IOMUX3,10,88441,32,mux,IOTILE
22,2,CFG_IOMUX3,11,88325,64,mux,IOTILE
22,2,CFG_IOMUX3,12,88441,64,mux,IOTILE
22,2,CFG_IOMUX3,13,88441,128,mux,IOTILE
22,2,CFG_IOMUX3,14,88557,16,mux,IOTILE
22,2,CFG_IOMUX3,15,88673,16,mux,IOTILE
22,2,CFG_IOMUX3,16,88557,32,mux,IOTILE
22,2,CFG_IOMUX3,17,88673,32,mux,IOTILE
22,2,CFG_IOMUX3,18,88557,64,mux,IOTILE
22,2,CFG_IOMUX3,19,88673,64,mux,IOTILE
22,2,CFG_IOMUX3,20,88673,128,mux,IOTILE
22,2,CFG_IOMUX3,21,88789,16,mux,IOTILE
22,2,CFG_IOMUX3,22,88905,16,mux,IOTILE
22,2,CFG_IOMUX3,23,88789,32,mux,IOTILE
22,2,CFG_IOMUX3,24,88905,32,mux,IOTILE
22,2,CFG_IOMUX3,25,88789,64,mux,IOTILE
22,2,CFG_IOMUX3,26,88905,64,mux,IOTILE
22,2,CFG_IOMUX3,27,88905,128,mux,IOTILE
22,2,CFG_IOMUX3,28,89021,16,mux,IOTILE
22,2,CFG_IOMUX3,29,89137,16,mux,IOTILE
22,2,CFG_IOMUX3,30,89021,32,mux,IOTILE
22,2,CFG_IOMUX3,31,89137,32,mux,IOTILE
22,2,CFG_IOMUX3,32,89021,64,mux,IOTILE
22,2,CFG_IOMUX3,33,89137,64,mux,IOTILE
22,2,CFG_IOMUX3,34,89137,128,mux,IOTILE
22,2,CFG_IOMUX3,35,89253,16,mux,IOTILE
22,2,CFG_IOMUX3,36,89369,16,mux,IOTILE
22,2,CFG_IOMUX3,37,89253,32,mux,IOTILE
22,2,CFG_IOMUX3,38,89369,32,mux,IOTILE
22,2,CFG_IOMUX3,39,89253,64,mux,IOTILE
22,2,CFG_IOMUX3,40,89369,64,mux,IOTILE
22,2,CFG_IOMUX3,41,89369,128,mux,IOTILE
22,2,CFG_IOMUX4,0,87629,8,mux,IOTILE
22,2,CFG_IOMUX4,1,87745,8,mux,IOTILE
22,2,CFG_IOMUX4,2,87629,4,mux,IOTILE
22,2,CFG_IOMUX4,3,87745,4,mux,IOTILE
22,2,CFG_IOMUX4,4,87629,2,mux,IOTILE
22,2,CFG_IOMUX4,5,87745,2,mux,IOTILE
22,2,CFG_IOMUX4,6,87745,1,mux,IOTILE
22,2,CFG_IOMUX4,7,87861,8,mux,IOTILE
22,2,CFG_IOMUX4,8,87977,8,mux,IOTILE
22,2,CFG_IOMUX4,9,87861,4,mux,IOTILE
22,2,CFG_IOMUX4,10,87977,4,mux,IOTILE
22,2,CFG_IOMUX4,11,87861,2,mux,IOTILE
22,2,CFG_IOMUX4,12,87977,2,mux,IOTILE
22,2,CFG_IOMUX4,13,87977,1,mux,IOTILE
22,2,CFG_IOMUX4,14,88093,8,mux,IOTILE
22,2,CFG_IOMUX4,15,88209,8,mux,IOTILE
22,2,CFG_IOMUX4,16,88093,4,mux,IOTILE
22,2,CFG_IOMUX4,17,88209,4,mux,IOTILE
22,2,CFG_IOMUX4,18,88093,2,mux,IOTILE
22,2,CFG_IOMUX4,19,88209,2,mux,IOTILE
22,2,CFG_IOMUX4,20,88209,1,mux,IOTILE
22,2,CFG_IOMUX4,21,88325,8,mux,IOTILE
22,2,CFG_IOMUX4,22,88441,8,mux,IOTILE
22,2,CFG_IOMUX4,23,88325,4,mux,IOTILE
22,2,CFG_IOMUX4,24,88441,4,mux,IOTILE
22,2,CFG_IOMUX4,25,88325,2,mux,IOTILE
22,2,CFG_IOMUX4,26,88441,2,mux,IOTILE
22,2,CFG_IOMUX4,27,88441,1,mux,IOTILE
22,2,CFG_IOMUX4,28,88557,8,mux,IOTILE
22,2,CFG_IOMUX4,29,88673,8,mux,IOTILE
22,2,CFG_IOMUX4,30,88557,4,mux,IOTILE
22,2,CFG_IOMUX4,31,88673,4,mux,IOTILE
22,2,CFG_IOMUX4,32,88557,2,mux,IOTILE
22,2,CFG_IOMUX4,33,88673,2,mux,IOTILE
22,2,CFG_IOMUX4,34,88673,1,mux,IOTILE
22,2,CFG_IOMUX4,35,88789,8,mux,IOTILE
22,2,CFG_IOMUX4,36,88905,8,mux,IOTILE
22,2,CFG_IOMUX4,37,88789,4,mux,IOTILE
22,2,CFG_IOMUX4,38,88905,4,mux,IOTILE
22,2,CFG_IOMUX4,39,88789,2,mux,IOTILE
22,2,CFG_IOMUX4,40,88905,2,mux,IOTILE
22,2,CFG_IOMUX4,41,88905,1,mux,IOTILE
22,2,CFG_IOMUX5,0,89021,8,mux,IOTILE
22,2,CFG_IOMUX5,1,89137,8,mux,IOTILE
22,2,CFG_IOMUX5,2,89021,4,mux,IOTILE
22,2,CFG_IOMUX5,3,89137,4,mux,IOTILE
22,2,CFG_IOMUX5,4,89021,2,mux,IOTILE
22,2,CFG_IOMUX5,5,89137,2,mux,IOTILE
22,2,CFG_IOMUX5,6,89137,1,mux,IOTILE
22,2,CFG_IOMUX5,7,89253,8,mux,IOTILE
22,2,CFG_IOMUX5,8,89369,8,mux,IOTILE
22,2,CFG_IOMUX5,9,89253,4,mux,IOTILE
22,2,CFG_IOMUX5,10,89369,4,mux,IOTILE
22,2,CFG_IOMUX5,11,89253,2,mux,IOTILE
22,2,CFG_IOMUX5,12,89369,2,mux,IOTILE
22,2,CFG_IOMUX5,13,89369,1,mux,IOTILE
22,2,CFG_IOMUX5,14,86701,16,mux,IOTILE
22,2,CFG_IOMUX5,15,86817,16,mux,IOTILE
22,2,CFG_IOMUX5,16,86701,32,mux,IOTILE
22,2,CFG_IOMUX5,17,86817,32,mux,IOTILE
22,2,CFG_IOMUX5,18,86701,64,mux,IOTILE
22,2,CFG_IOMUX5,19,86817,64,mux,IOTILE
22,2,CFG_IOMUX5,20,86817,128,mux,IOTILE
22,2,CFG_IOMUX5,21,86933,16,mux,IOTILE
22,2,CFG_IOMUX5,22,87049,16,mux,IOTILE
22,2,CFG_IOMUX5,23,86933,32,mux,IOTILE
22,2,CFG_IOMUX5,24,87049,32,mux,IOTILE
22,2,CFG_IOMUX5,25,86933,64,mux,IOTILE
22,2,CFG_IOMUX5,26,87049,64,mux,IOTILE
22,2,CFG_IOMUX5,27,87049,128,mux,IOTILE
22,2,CFG_IOMUX5,28,87165,16,mux,IOTILE
22,2,CFG_IOMUX5,29,87281,16,mux,IOTILE
22,2,CFG_IOMUX5,30,87165,32,mux,IOTILE
22,2,CFG_IOMUX5,31,87281,32,mux,IOTILE
22,2,CFG_IOMUX5,32,87165,64,mux,IOTILE
22,2,CFG_IOMUX5,33,87281,64,mux,IOTILE
22,2,CFG_IOMUX5,34,87281,128,mux,IOTILE
22,2,CFG_IOMUX5,35,87397,16,mux,IOTILE
22,2,CFG_IOMUX5,36,87513,16,mux,IOTILE
22,2,CFG_IOMUX5,37,87397,32,mux,IOTILE
22,2,CFG_IOMUX5,38,87513,32,mux,IOTILE
22,2,CFG_IOMUX5,39,87397,64,mux,IOTILE
22,2,CFG_IOMUX5,40,87513,64,mux,IOTILE
22,2,CFG_IOMUX5,41,87513,128,mux,IOTILE
22,2,CFG_OE_ASYNC_MODE,0,82062,16,ioreg,IOTILE
22,2,CFG_OE_ASYNC_MODE,1,83222,16,ioreg,IOTILE
22,2,CFG_OE_ASYNC_MODE,2,84382,16,ioreg,IOTILE
22,2,CFG_OE_ASYNC_MODE,3,86470,16,ioreg,IOTILE
22,2,CFG_OE_ASYNC_MODE,4,87630,16,ioreg,IOTILE
22,2,CFG_OE_ASYNC_MODE,5,88790,16,ioreg,IOTILE
22,2,CFG_OE_POWERUP,0,82178,32,ioreg,IOTILE
22,2,CFG_OE_POWERUP,1,83338,32,ioreg,IOTILE
22,2,CFG_OE_POWERUP,2,84498,32,ioreg,IOTILE
22,2,CFG_OE_POWERUP,3,86586,32,ioreg,IOTILE
22,2,CFG_OE_POWERUP,4,87746,32,ioreg,IOTILE
22,2,CFG_OE_POWERUP,5,88906,32,ioreg,IOTILE
22,2,CFG_OE_REG_MODE,0,81946,16,ioreg,IOTILE
22,2,CFG_OE_REG_MODE,1,83106,16,ioreg,IOTILE
22,2,CFG_OE_REG_MODE,2,84266,16,ioreg,IOTILE
22,2,CFG_OE_REG_MODE,3,86354,16,ioreg,IOTILE
22,2,CFG_OE_REG_MODE,4,87514,16,ioreg,IOTILE
22,2,CFG_OE_REG_MODE,5,88674,16,ioreg,IOTILE
22,2,CFG_OE_SYNC_MODE,0,82062,32,ioreg,IOTILE
22,2,CFG_OE_SYNC_MODE,1,83222,32,ioreg,IOTILE
22,2,CFG_OE_SYNC_MODE,2,84382,32,ioreg,IOTILE
22,2,CFG_OE_SYNC_MODE,3,86470,32,ioreg,IOTILE
22,2,CFG_OE_SYNC_MODE,4,87630,32,ioreg,IOTILE
22,2,CFG_OE_SYNC_MODE,5,88790,32,ioreg,IOTILE
22,2,CFG_OUTDELAY,0,82642,16,delay,IOTILE
22,2,CFG_OUTDELAY,1,83802,16,delay,IOTILE
22,2,CFG_OUTDELAY,2,84962,16,delay,IOTILE
22,2,CFG_OUTDELAY,3,87050,16,delay,IOTILE
22,2,CFG_OUTDELAY,4,88210,16,delay,IOTILE
22,2,CFG_OUTDELAY,5,89370,16,delay,IOTILE
22,2,CFG_OUT_ASYNC_MODE,0,81830,16,ioreg,IOTILE
22,2,CFG_OUT_ASYNC_MODE,1,82990,16,ioreg,IOTILE
22,2,CFG_OUT_ASYNC_MODE,2,84150,16,ioreg,IOTILE
22,2,CFG_OUT_ASYNC_MODE,3,86238,16,ioreg,IOTILE
22,2,CFG_OUT_ASYNC_MODE,4,87398,16,ioreg,IOTILE
22,2,CFG_OUT_ASYNC_MODE,5,88558,16,ioreg,IOTILE
22,2,CFG_OUT_POWERUP,0,81946,32,ioreg,IOTILE
22,2,CFG_OUT_POWERUP,1,83106,32,ioreg,IOTILE
22,2,CFG_OUT_POWERUP,2,84266,32,ioreg,IOTILE
22,2,CFG_OUT_POWERUP,3,86354,32,ioreg,IOTILE
22,2,CFG_OUT_POWERUP,4,87514,32,ioreg,IOTILE
22,2,CFG_OUT_POWERUP,5,88674,32,ioreg,IOTILE
22,2,CFG_OUT_REG_MODE,0,82178,16,ioreg,IOTILE
22,2,CFG_OUT_REG_MODE,1,83338,16,ioreg,IOTILE
22,2,CFG_OUT_REG_MODE,2,84498,16,ioreg,IOTILE
22,2,CFG_OUT_REG_MODE,3,86586,16,ioreg,IOTILE
22,2,CFG_OUT_REG_MODE,4,87746,16,ioreg,IOTILE
22,2,CFG_OUT_REG_MODE,5,88906,16,ioreg,IOTILE
22,2,CFG_OUT_SYNC_MODE,0,81830,32,ioreg,IOTILE
22,2,CFG_OUT_SYNC_MODE,1,82990,32,ioreg,IOTILE
22,2,CFG_OUT_SYNC_MODE,2,84150,32,ioreg,IOTILE
22,2,CFG_OUT_SYNC_MODE,3,86238,32,ioreg,IOTILE
22,2,CFG_OUT_SYNC_MODE,4,87398,32,ioreg,IOTILE
22,2,CFG_OUT_SYNC_MODE,5,88558,32,ioreg,IOTILE
22,3,CFG_INDA_DELAY,0,74406,32,delay,IOTILE
22,3,CFG_INDA_DELAY,1,74406,16,delay,IOTILE
22,3,CFG_INDA_DELAY,2,74522,32,delay,IOTILE
22,3,CFG_INDA_DELAY,3,75566,32,delay,IOTILE
22,3,CFG_INDA_DELAY,4,75566,16,delay,IOTILE
22,3,CFG_INDA_DELAY,5,75682,32,delay,IOTILE
22,3,CFG_INDA_DELAY,6,76726,32,delay,IOTILE
22,3,CFG_INDA_DELAY,7,76726,16,delay,IOTILE
22,3,CFG_INDA_DELAY,8,76842,32,delay,IOTILE
22,3,CFG_INDA_DELAY,9,78814,32,delay,IOTILE
22,3,CFG_INDA_DELAY,10,78814,16,delay,IOTILE
22,3,CFG_INDA_DELAY,11,78930,32,delay,IOTILE
22,3,CFG_INDA_DELAY,12,79974,32,delay,IOTILE
22,3,CFG_INDA_DELAY,13,79974,16,delay,IOTILE
22,3,CFG_INDA_DELAY,14,80090,32,delay,IOTILE
22,3,CFG_INDA_DELAY,15,81134,32,delay,IOTILE
22,3,CFG_INDA_DELAY,16,81134,16,delay,IOTILE
22,3,CFG_INDA_DELAY,17,81250,32,delay,IOTILE
22,3,CFG_INPUTMUX0,0,73710,128,mux,IOTILE
22,3,CFG_INPUTMUX0,1,73942,128,mux,IOTILE
22,3,CFG_INPUTMUX1,0,74870,128,mux,IOTILE
22,3,CFG_INPUTMUX1,1,75102,128,mux,IOTILE
22,3,CFG_INPUTMUX2,0,75798,128,mux,IOTILE
22,3,CFG_INPUTMUX2,1,76030,128,mux,IOTILE
22,3,CFG_INPUTMUX3,0,78814,128,mux,IOTILE
22,3,CFG_INPUTMUX3,1,79046,128,mux,IOTILE
22,3,CFG_INPUTMUX4,0,79278,128,mux,IOTILE
22,3,CFG_INPUTMUX4,1,79510,128,mux,IOTILE
22,3,CFG_INPUTMUX5,0,80438,128,mux,IOTILE
22,3,CFG_INPUTMUX5,1,80670,128,mux,IOTILE
22,3,CFG_INREG_DELAY,0,74522,16,delay,IOTILE
22,3,CFG_INREG_DELAY,1,74638,16,delay,IOTILE
22,3,CFG_INREG_DELAY,2,74638,32,delay,IOTILE
22,3,CFG_INREG_DELAY,3,75682,16,delay,IOTILE
22,3,CFG_INREG_DELAY,4,75798,16,delay,IOTILE
22,3,CFG_INREG_DELAY,5,75798,32,delay,IOTILE
22,3,CFG_INREG_DELAY,6,76842,16,delay,IOTILE
22,3,CFG_INREG_DELAY,7,76958,16,delay,IOTILE
22,3,CFG_INREG_DELAY,8,76958,32,delay,IOTILE
22,3,CFG_INREG_DELAY,9,78930,16,delay,IOTILE
22,3,CFG_INREG_DELAY,10,79046,16,delay,IOTILE
22,3,CFG_INREG_DELAY,11,79046,32,delay,IOTILE
22,3,CFG_INREG_DELAY,12,80090,16,delay,IOTILE
22,3,CFG_INREG_DELAY,13,80206,16,delay,IOTILE
22,3,CFG_INREG_DELAY,14,80206,32,delay,IOTILE
22,3,CFG_INREG_DELAY,15,81250,16,delay,IOTILE
22,3,CFG_INREG_DELAY,16,81366,16,delay,IOTILE
22,3,CFG_INREG_DELAY,17,81366,32,delay,IOTILE
22,3,CFG_IN_ASYNC_MODE,0,73710,16,ioreg,IOTILE
22,3,CFG_IN_ASYNC_MODE,1,74870,16,ioreg,IOTILE
22,3,CFG_IN_ASYNC_MODE,2,76030,16,ioreg,IOTILE
22,3,CFG_IN_ASYNC_MODE,3,78118,16,ioreg,IOTILE
22,3,CFG_IN_ASYNC_MODE,4,79278,16,ioreg,IOTILE
22,3,CFG_IN_ASYNC_MODE,5,80438,16,ioreg,IOTILE
22,3,CFG_IN_POWERUP,0,73826,32,ioreg,IOTILE
22,3,CFG_IN_POWERUP,1,74986,32,ioreg,IOTILE
22,3,CFG_IN_POWERUP,2,76146,32,ioreg,IOTILE
22,3,CFG_IN_POWERUP,3,78234,32,ioreg,IOTILE
22,3,CFG_IN_POWERUP,4,79394,32,ioreg,IOTILE
22,3,CFG_IN_POWERUP,5,80554,32,ioreg,IOTILE
22,3,CFG_IN_SYNC_MODE,0,73710,32,ioreg,IOTILE
22,3,CFG_IN_SYNC_MODE,1,74870,32,ioreg,IOTILE
22,3,CFG_IN_SYNC_MODE,2,76030,32,ioreg,IOTILE
22,3,CFG_IN_SYNC_MODE,3,78118,32,ioreg,IOTILE
22,3,CFG_IN_SYNC_MODE,4,79278,32,ioreg,IOTILE
22,3,CFG_IN_SYNC_MODE,5,80438,32,ioreg,IOTILE
22,3,CFG_IOMUX0,0,73709,16,mux,IOTILE
22,3,CFG_IOMUX0,1,73825,16,mux,IOTILE
22,3,CFG_IOMUX0,2,73709,32,mux,IOTILE
22,3,CFG_IOMUX0,3,73825,32,mux,IOTILE
22,3,CFG_IOMUX0,4,73709,64,mux,IOTILE
22,3,CFG_IOMUX0,5,73825,64,mux,IOTILE
22,3,CFG_IOMUX0,6,73825,128,mux,IOTILE
22,3,CFG_IOMUX0,7,73941,16,mux,IOTILE
22,3,CFG_IOMUX0,8,74057,16,mux,IOTILE
22,3,CFG_IOMUX0,9,73941,32,mux,IOTILE
22,3,CFG_IOMUX0,10,74057,32,mux,IOTILE
22,3,CFG_IOMUX0,11,73941,64,mux,IOTILE
22,3,CFG_IOMUX0,12,74057,64,mux,IOTILE
22,3,CFG_IOMUX0,13,74057,128,mux,IOTILE
22,3,CFG_IOMUX0,14,74173,16,mux,IOTILE
22,3,CFG_IOMUX0,15,74289,16,mux,IOTILE
22,3,CFG_IOMUX0,16,74173,32,mux,IOTILE
22,3,CFG_IOMUX0,17,74289,32,mux,IOTILE
22,3,CFG_IOMUX0,18,74173,64,mux,IOTILE
22,3,CFG_IOMUX0,19,74289,64,mux,IOTILE
22,3,CFG_IOMUX0,20,74289,128,mux,IOTILE
22,3,CFG_IOMUX0,21,74405,16,mux,IOTILE
22,3,CFG_IOMUX0,22,74521,16,mux,IOTILE
22,3,CFG_IOMUX0,23,74405,32,mux,IOTILE
22,3,CFG_IOMUX0,24,74521,32,mux,IOTILE
22,3,CFG_IOMUX0,25,74405,64,mux,IOTILE
22,3,CFG_IOMUX0,26,74521,64,mux,IOTILE
22,3,CFG_IOMUX0,27,74521,128,mux,IOTILE
22,3,CFG_IOMUX0,28,74637,16,mux,IOTILE
22,3,CFG_IOMUX0,29,74753,16,mux,IOTILE
22,3,CFG_IOMUX0,30,74637,32,mux,IOTILE
22,3,CFG_IOMUX0,31,74753,32,mux,IOTILE
22,3,CFG_IOMUX0,32,74637,64,mux,IOTILE
22,3,CFG_IOMUX0,33,74753,64,mux,IOTILE
22,3,CFG_IOMUX0,34,74753,128,mux,IOTILE
22,3,CFG_IOMUX0,35,74869,16,mux,IOTILE
22,3,CFG_IOMUX0,36,74985,16,mux,IOTILE
22,3,CFG_IOMUX0,37,74869,32,mux,IOTILE
22,3,CFG_IOMUX0,38,74985,32,mux,IOTILE
22,3,CFG_IOMUX0,39,74869,64,mux,IOTILE
22,3,CFG_IOMUX0,40,74985,64,mux,IOTILE
22,3,CFG_IOMUX0,41,74985,128,mux,IOTILE
22,3,CFG_IOMUX1,0,75101,16,mux,IOTILE
22,3,CFG_IOMUX1,1,75217,16,mux,IOTILE
22,3,CFG_IOMUX1,2,75101,32,mux,IOTILE
22,3,CFG_IOMUX1,3,75217,32,mux,IOTILE
22,3,CFG_IOMUX1,4,75101,64,mux,IOTILE
22,3,CFG_IOMUX1,5,75217,64,mux,IOTILE
22,3,CFG_IOMUX1,6,75217,128,mux,IOTILE
22,3,CFG_IOMUX1,7,75333,16,mux,IOTILE
22,3,CFG_IOMUX1,8,75449,16,mux,IOTILE
22,3,CFG_IOMUX1,9,75333,32,mux,IOTILE
22,3,CFG_IOMUX1,10,75449,32,mux,IOTILE
22,3,CFG_IOMUX1,11,75333,64,mux,IOTILE
22,3,CFG_IOMUX1,12,75449,64,mux,IOTILE
22,3,CFG_IOMUX1,13,75449,128,mux,IOTILE
22,3,CFG_IOMUX1,14,73709,8,mux,IOTILE
22,3,CFG_IOMUX1,15,73825,8,mux,IOTILE
22,3,CFG_IOMUX1,16,73709,4,mux,IOTILE
22,3,CFG_IOMUX1,17,73825,4,mux,IOTILE
22,3,CFG_IOMUX1,18,73709,2,mux,IOTILE
22,3,CFG_IOMUX1,19,73825,2,mux,IOTILE
22,3,CFG_IOMUX1,20,73825,1,mux,IOTILE
22,3,CFG_IOMUX1,21,73941,8,mux,IOTILE
22,3,CFG_IOMUX1,22,74057,8,mux,IOTILE
22,3,CFG_IOMUX1,23,73941,4,mux,IOTILE
22,3,CFG_IOMUX1,24,74057,4,mux,IOTILE
22,3,CFG_IOMUX1,25,73941,2,mux,IOTILE
22,3,CFG_IOMUX1,26,74057,2,mux,IOTILE
22,3,CFG_IOMUX1,27,74057,1,mux,IOTILE
22,3,CFG_IOMUX1,28,74173,8,mux,IOTILE
22,3,CFG_IOMUX1,29,74289,8,mux,IOTILE
22,3,CFG_IOMUX1,30,74173,4,mux,IOTILE
22,3,CFG_IOMUX1,31,74289,4,mux,IOTILE
22,3,CFG_IOMUX1,32,74173,2,mux,IOTILE
22,3,CFG_IOMUX1,33,74289,2,mux,IOTILE
22,3,CFG_IOMUX1,34,74289,1,mux,IOTILE
22,3,CFG_IOMUX1,35,74405,8,mux,IOTILE
22,3,CFG_IOMUX1,36,74521,8,mux,IOTILE
22,3,CFG_IOMUX1,37,74405,4,mux,IOTILE
22,3,CFG_IOMUX1,38,74521,4,mux,IOTILE
22,3,CFG_IOMUX1,39,74405,2,mux,IOTILE
22,3,CFG_IOMUX1,40,74521,2,mux,IOTILE
22,3,CFG_IOMUX1,41,74521,1,mux,IOTILE
22,3,CFG_IOMUX2,0,74637,8,mux,IOTILE
22,3,CFG_IOMUX2,1,74753,8,mux,IOTILE
22,3,CFG_IOMUX2,2,74637,4,mux,IOTILE
22,3,CFG_IOMUX2,3,74753,4,mux,IOTILE
22,3,CFG_IOMUX2,4,74637,2,mux,IOTILE
22,3,CFG_IOMUX2,5,74753,2,mux,IOTILE
22,3,CFG_IOMUX2,6,74753,1,mux,IOTILE
22,3,CFG_IOMUX2,7,74869,8,mux,IOTILE
22,3,CFG_IOMUX2,8,74985,8,mux,IOTILE
22,3,CFG_IOMUX2,9,74869,4,mux,IOTILE
22,3,CFG_IOMUX2,10,74985,4,mux,IOTILE
22,3,CFG_IOMUX2,11,74869,2,mux,IOTILE
22,3,CFG_IOMUX2,12,74985,2,mux,IOTILE
22,3,CFG_IOMUX2,13,74985,1,mux,IOTILE
22,3,CFG_IOMUX2,14,75101,8,mux,IOTILE
22,3,CFG_IOMUX2,15,75217,8,mux,IOTILE
22,3,CFG_IOMUX2,16,75101,4,mux,IOTILE
22,3,CFG_IOMUX2,17,75217,4,mux,IOTILE
22,3,CFG_IOMUX2,18,75101,2,mux,IOTILE
22,3,CFG_IOMUX2,19,75217,2,mux,IOTILE
22,3,CFG_IOMUX2,20,75217,1,mux,IOTILE
22,3,CFG_IOMUX2,21,75333,8,mux,IOTILE
22,3,CFG_IOMUX2,22,75449,8,mux,IOTILE
22,3,CFG_IOMUX2,23,75333,4,mux,IOTILE
22,3,CFG_IOMUX2,24,75449,4,mux,IOTILE
22,3,CFG_IOMUX2,25,75333,2,mux,IOTILE
22,3,CFG_IOMUX2,26,75449,2,mux,IOTILE
22,3,CFG_IOMUX2,27,75449,1,mux,IOTILE
22,3,CFG_IOMUX2,28,79741,16,mux,IOTILE
22,3,CFG_IOMUX2,29,79857,16,mux,IOTILE
22,3,CFG_IOMUX2,30,79741,32,mux,IOTILE
22,3,CFG_IOMUX2,31,79857,32,mux,IOTILE
22,3,CFG_IOMUX2,32,79741,64,mux,IOTILE
22,3,CFG_IOMUX2,33,79857,64,mux,IOTILE
22,3,CFG_IOMUX2,34,79857,128,mux,IOTILE
22,3,CFG_IOMUX2,35,79973,16,mux,IOTILE
22,3,CFG_IOMUX2,36,80089,16,mux,IOTILE
22,3,CFG_IOMUX2,37,79973,32,mux,IOTILE
22,3,CFG_IOMUX2,38,80089,32,mux,IOTILE
22,3,CFG_IOMUX2,39,79973,64,mux,IOTILE
22,3,CFG_IOMUX2,40,80089,64,mux,IOTILE
22,3,CFG_IOMUX2,41,80089,128,mux,IOTILE
22,3,CFG_IOMUX3,0,80205,16,mux,IOTILE
22,3,CFG_IOMUX3,1,80321,16,mux,IOTILE
22,3,CFG_IOMUX3,2,80205,32,mux,IOTILE
22,3,CFG_IOMUX3,3,80321,32,mux,IOTILE
22,3,CFG_IOMUX3,4,80205,64,mux,IOTILE
22,3,CFG_IOMUX3,5,80321,64,mux,IOTILE
22,3,CFG_IOMUX3,6,80321,128,mux,IOTILE
22,3,CFG_IOMUX3,7,80437,16,mux,IOTILE
22,3,CFG_IOMUX3,8,80553,16,mux,IOTILE
22,3,CFG_IOMUX3,9,80437,32,mux,IOTILE
22,3,CFG_IOMUX3,10,80553,32,mux,IOTILE
22,3,CFG_IOMUX3,11,80437,64,mux,IOTILE
22,3,CFG_IOMUX3,12,80553,64,mux,IOTILE
22,3,CFG_IOMUX3,13,80553,128,mux,IOTILE
22,3,CFG_IOMUX3,14,80669,16,mux,IOTILE
22,3,CFG_IOMUX3,15,80785,16,mux,IOTILE
22,3,CFG_IOMUX3,16,80669,32,mux,IOTILE
22,3,CFG_IOMUX3,17,80785,32,mux,IOTILE
22,3,CFG_IOMUX3,18,80669,64,mux,IOTILE
22,3,CFG_IOMUX3,19,80785,64,mux,IOTILE
22,3,CFG_IOMUX3,20,80785,128,mux,IOTILE
22,3,CFG_IOMUX3,21,80901,16,mux,IOTILE
22,3,CFG_IOMUX3,22,81017,16,mux,IOTILE
22,3,CFG_IOMUX3,23,80901,32,mux,IOTILE
22,3,CFG_IOMUX3,24,81017,32,mux,IOTILE
22,3,CFG_IOMUX3,25,80901,64,mux,IOTILE
22,3,CFG_IOMUX3,26,81017,64,mux,IOTILE
22,3,CFG_IOMUX3,27,81017,128,mux,IOTILE
22,3,CFG_IOMUX3,28,81133,16,mux,IOTILE
22,3,CFG_IOMUX3,29,81249,16,mux,IOTILE
22,3,CFG_IOMUX3,30,81133,32,mux,IOTILE
22,3,CFG_IOMUX3,31,81249,32,mux,IOTILE
22,3,CFG_IOMUX3,32,81133,64,mux,IOTILE
22,3,CFG_IOMUX3,33,81249,64,mux,IOTILE
22,3,CFG_IOMUX3,34,81249,128,mux,IOTILE
22,3,CFG_IOMUX3,35,81365,16,mux,IOTILE
22,3,CFG_IOMUX3,36,81481,16,mux,IOTILE
22,3,CFG_IOMUX3,37,81365,32,mux,IOTILE
22,3,CFG_IOMUX3,38,81481,32,mux,IOTILE
22,3,CFG_IOMUX3,39,81365,64,mux,IOTILE
22,3,CFG_IOMUX3,40,81481,64,mux,IOTILE
22,3,CFG_IOMUX3,41,81481,128,mux,IOTILE
22,3,CFG_IOMUX4,0,79741,8,mux,IOTILE
22,3,CFG_IOMUX4,1,79857,8,mux,IOTILE
22,3,CFG_IOMUX4,2,79741,4,mux,IOTILE
22,3,CFG_IOMUX4,3,79857,4,mux,IOTILE
22,3,CFG_IOMUX4,4,79741,2,mux,IOTILE
22,3,CFG_IOMUX4,5,79857,2,mux,IOTILE
22,3,CFG_IOMUX4,6,79857,1,mux,IOTILE
22,3,CFG_IOMUX4,7,79973,8,mux,IOTILE
22,3,CFG_IOMUX4,8,80089,8,mux,IOTILE
22,3,CFG_IOMUX4,9,79973,4,mux,IOTILE
22,3,CFG_IOMUX4,10,80089,4,mux,IOTILE
22,3,CFG_IOMUX4,11,79973,2,mux,IOTILE
22,3,CFG_IOMUX4,12,80089,2,mux,IOTILE
22,3,CFG_IOMUX4,13,80089,1,mux,IOTILE
22,3,CFG_IOMUX4,14,80205,8,mux,IOTILE
22,3,CFG_IOMUX4,15,80321,8,mux,IOTILE
22,3,CFG_IOMUX4,16,80205,4,mux,IOTILE
22,3,CFG_IOMUX4,17,80321,4,mux,IOTILE
22,3,CFG_IOMUX4,18,80205,2,mux,IOTILE
22,3,CFG_IOMUX4,19,80321,2,mux,IOTILE
22,3,CFG_IOMUX4,20,80321,1,mux,IOTILE
22,3,CFG_IOMUX4,21,80437,8,mux,IOTILE
22,3,CFG_IOMUX4,22,80553,8,mux,IOTILE
22,3,CFG_IOMUX4,23,80437,4,mux,IOTILE
22,3,CFG_IOMUX4,24,80553,4,mux,IOTILE
22,3,CFG_IOMUX4,25,80437,2,mux,IOTILE
22,3,CFG_IOMUX4,26,80553,2,mux,IOTILE
22,3,CFG_IOMUX4,27,80553,1,mux,IOTILE
22,3,CFG_IOMUX4,28,80669,8,mux,IOTILE
22,3,CFG_IOMUX4,29,80785,8,mux,IOTILE
22,3,CFG_IOMUX4,30,80669,4,mux,IOTILE
22,3,CFG_IOMUX4,31,80785,4,mux,IOTILE
22,3,CFG_IOMUX4,32,80669,2,mux,IOTILE
22,3,CFG_IOMUX4,33,80785,2,mux,IOTILE
22,3,CFG_IOMUX4,34,80785,1,mux,IOTILE
22,3,CFG_IOMUX4,35,80901,8,mux,IOTILE
22,3,CFG_IOMUX4,36,81017,8,mux,IOTILE
22,3,CFG_IOMUX4,37,80901,4,mux,IOTILE
22,3,CFG_IOMUX4,38,81017,4,mux,IOTILE
22,3,CFG_IOMUX4,39,80901,2,mux,IOTILE
22,3,CFG_IOMUX4,40,81017,2,mux,IOTILE
22,3,CFG_IOMUX4,41,81017,1,mux,IOTILE
22,3,CFG_IOMUX5,0,81133,8,mux,IOTILE
22,3,CFG_IOMUX5,1,81249,8,mux,IOTILE
22,3,CFG_IOMUX5,2,81133,4,mux,IOTILE
22,3,CFG_IOMUX5,3,81249,4,mux,IOTILE
22,3,CFG_IOMUX5,4,81133,2,mux,IOTILE
22,3,CFG_IOMUX5,5,81249,2,mux,IOTILE
22,3,CFG_IOMUX5,6,81249,1,mux,IOTILE
22,3,CFG_IOMUX5,7,81365,8,mux,IOTILE
22,3,CFG_IOMUX5,8,81481,8,mux,IOTILE
22,3,CFG_IOMUX5,9,81365,4,mux,IOTILE
22,3,CFG_IOMUX5,10,81481,4,mux,IOTILE
22,3,CFG_IOMUX5,11,81365,2,mux,IOTILE
22,3,CFG_IOMUX5,12,81481,2,mux,IOTILE
22,3,CFG_IOMUX5,13,81481,1,mux,IOTILE
22,3,CFG_IOMUX5,14,78813,16,mux,IOTILE
22,3,CFG_IOMUX5,15,78929,16,mux,IOTILE
22,3,CFG_IOMUX5,16,78813,32,mux,IOTILE
22,3,CFG_IOMUX5,17,78929,32,mux,IOTILE
22,3,CFG_IOMUX5,18,78813,64,mux,IOTILE
22,3,CFG_IOMUX5,19,78929,64,mux,IOTILE
22,3,CFG_IOMUX5,20,78929,128,mux,IOTILE
22,3,CFG_IOMUX5,21,79045,16,mux,IOTILE
22,3,CFG_IOMUX5,22,79161,16,mux,IOTILE
22,3,CFG_IOMUX5,23,79045,32,mux,IOTILE
22,3,CFG_IOMUX5,24,79161,32,mux,IOTILE
22,3,CFG_IOMUX5,25,79045,64,mux,IOTILE
22,3,CFG_IOMUX5,26,79161,64,mux,IOTILE
22,3,CFG_IOMUX5,27,79161,128,mux,IOTILE
22,3,CFG_IOMUX5,28,79277,16,mux,IOTILE
22,3,CFG_IOMUX5,29,79393,16,mux,IOTILE
22,3,CFG_IOMUX5,30,79277,32,mux,IOTILE
22,3,CFG_IOMUX5,31,79393,32,mux,IOTILE
22,3,CFG_IOMUX5,32,79277,64,mux,IOTILE
22,3,CFG_IOMUX5,33,79393,64,mux,IOTILE
22,3,CFG_IOMUX5,34,79393,128,mux,IOTILE
22,3,CFG_IOMUX5,35,79509,16,mux,IOTILE
22,3,CFG_IOMUX5,36,79625,16,mux,IOTILE
22,3,CFG_IOMUX5,37,79509,32,mux,IOTILE
22,3,CFG_IOMUX5,38,79625,32,mux,IOTILE
22,3,CFG_IOMUX5,39,79509,64,mux,IOTILE
22,3,CFG_IOMUX5,40,79625,64,mux,IOTILE
22,3,CFG_IOMUX5,41,79625,128,mux,IOTILE
22,3,CFG_OE_ASYNC_MODE,0,74174,16,ioreg,IOTILE
22,3,CFG_OE_ASYNC_MODE,1,75334,16,ioreg,IOTILE
22,3,CFG_OE_ASYNC_MODE,2,76494,16,ioreg,IOTILE
22,3,CFG_OE_ASYNC_MODE,3,78582,16,ioreg,IOTILE
22,3,CFG_OE_ASYNC_MODE,4,79742,16,ioreg,IOTILE
22,3,CFG_OE_ASYNC_MODE,5,80902,16,ioreg,IOTILE
22,3,CFG_OE_POWERUP,0,74290,32,ioreg,IOTILE
22,3,CFG_OE_POWERUP,1,75450,32,ioreg,IOTILE
22,3,CFG_OE_POWERUP,2,76610,32,ioreg,IOTILE
22,3,CFG_OE_POWERUP,3,78698,32,ioreg,IOTILE
22,3,CFG_OE_POWERUP,4,79858,32,ioreg,IOTILE
22,3,CFG_OE_POWERUP,5,81018,32,ioreg,IOTILE
22,3,CFG_OE_REG_MODE,0,74058,16,ioreg,IOTILE
22,3,CFG_OE_REG_MODE,1,75218,16,ioreg,IOTILE
22,3,CFG_OE_REG_MODE,2,76378,16,ioreg,IOTILE
22,3,CFG_OE_REG_MODE,3,78466,16,ioreg,IOTILE
22,3,CFG_OE_REG_MODE,4,79626,16,ioreg,IOTILE
22,3,CFG_OE_REG_MODE,5,80786,16,ioreg,IOTILE
22,3,CFG_OE_SYNC_MODE,0,74174,32,ioreg,IOTILE
22,3,CFG_OE_SYNC_MODE,1,75334,32,ioreg,IOTILE
22,3,CFG_OE_SYNC_MODE,2,76494,32,ioreg,IOTILE
22,3,CFG_OE_SYNC_MODE,3,78582,32,ioreg,IOTILE
22,3,CFG_OE_SYNC_MODE,4,79742,32,ioreg,IOTILE
22,3,CFG_OE_SYNC_MODE,5,80902,32,ioreg,IOTILE
22,3,CFG_OUTDELAY,0,74754,16,delay,IOTILE
22,3,CFG_OUTDELAY,1,75914,16,delay,IOTILE
22,3,CFG_OUTDELAY,2,77074,16,delay,IOTILE
22,3,CFG_OUTDELAY,3,79162,16,delay,IOTILE
22,3,CFG_OUTDELAY,4,80322,16,delay,IOTILE
22,3,CFG_OUTDELAY,5,81482,16,delay,IOTILE
22,3,CFG_OUT_ASYNC_MODE,0,73942,16,ioreg,IOTILE
22,3,CFG_OUT_ASYNC_MODE,1,75102,16,ioreg,IOTILE
22,3,CFG_OUT_ASYNC_MODE,2,76262,16,ioreg,IOTILE
22,3,CFG_OUT_ASYNC_MODE,3,78350,16,ioreg,IOTILE
22,3,CFG_OUT_ASYNC_MODE,4,79510,16,ioreg,IOTILE
22,3,CFG_OUT_ASYNC_MODE,5,80670,16,ioreg,IOTILE
22,3,CFG_OUT_POWERUP,0,74058,32,ioreg,IOTILE
22,3,CFG_OUT_POWERUP,1,75218,32,ioreg,IOTILE
22,3,CFG_OUT_POWERUP,2,76378,32,ioreg,IOTILE
22,3,CFG_OUT_POWERUP,3,78466,32,ioreg,IOTILE
22,3,CFG_OUT_POWERUP,4,79626,32,ioreg,IOTILE
22,3,CFG_OUT_POWERUP,5,80786,32,ioreg,IOTILE
22,3,CFG_OUT_REG_MODE,0,74290,16,ioreg,IOTILE
22,3,CFG_OUT_REG_MODE,1,75450,16,ioreg,IOTILE
22,3,CFG_OUT_REG_MODE,2,76610,16,ioreg,IOTILE
22,3,CFG_OUT_REG_MODE,3,78698,16,ioreg,IOTILE
22,3,CFG_OUT_REG_MODE,4,79858,16,ioreg,IOTILE
22,3,CFG_OUT_REG_MODE,5,81018,16,ioreg,IOTILE
22,3,CFG_OUT_SYNC_MODE,0,73942,32,ioreg,IOTILE
22,3,CFG_OUT_SYNC_MODE,1,75102,32,ioreg,IOTILE
22,3,CFG_OUT_SYNC_MODE,2,76262,32,ioreg,IOTILE
22,3,CFG_OUT_SYNC_MODE,3,78350,32,ioreg,IOTILE
22,3,CFG_OUT_SYNC_MODE,4,79510,32,ioreg,IOTILE
22,3,CFG_OUT_SYNC_MODE,5,80670,32,ioreg,IOTILE
22,4,CFG_ENA_REG_MODE,0,66170,16,ioreg,IOTILE
22,4,CFG_ENA_REG_MODE,1,66866,16,ioreg,IOTILE
22,4,CFG_ENA_REG_MODE,2,67562,16,ioreg,IOTILE
22,4,CFG_ENA_REG_MODE,3,68258,16,ioreg,IOTILE
22,4,CFG_ENA_REG_MODE,4,68954,16,ioreg,IOTILE
22,4,CFG_ENA_REG_MODE,5,70810,16,ioreg,IOTILE
22,4,CFG_INPUTMUX,0,68142,16,mux,IOTILE
22,4,CFG_INPUTMUX,1,68374,16,mux,IOTILE
22,4,CFG_INPUTMUX,2,70926,16,mux,IOTILE
22,4,CFG_INPUTMUX,3,71158,16,mux,IOTILE
22,4,CFG_IOMUX0,0,67677,64,mux,IOTILE
22,4,CFG_IOMUX0,1,67445,64,mux,IOTILE
22,4,CFG_IOMUX0,2,67677,32,mux,IOTILE
22,4,CFG_IOMUX0,3,67445,32,mux,IOTILE
22,4,CFG_IOMUX0,4,67677,8,mux,IOTILE
22,4,CFG_IOMUX0,5,67677,16,mux,IOTILE
22,4,CFG_IOMUX0,6,67445,16,mux,IOTILE
22,4,CFG_IOMUX0,7,67445,8,mux,IOTILE
22,4,CFG_IOMUX0,8,67445,4,mux,IOTILE
22,4,CFG_IOMUX0,9,67677,4,mux,IOTILE
22,4,CFG_IOMUX1,0,67793,64,mux,IOTILE
22,4,CFG_IOMUX1,1,68025,64,mux,IOTILE
22,4,CFG_IOMUX1,2,67793,32,mux,IOTILE
22,4,CFG_IOMUX1,3,68025,32,mux,IOTILE
22,4,CFG_IOMUX1,4,67793,8,mux,IOTILE
22,4,CFG_IOMUX1,5,67793,16,mux,IOTILE
22,4,CFG_IOMUX1,6,68025,16,mux,IOTILE
22,4,CFG_IOMUX1,7,68025,8,mux,IOTILE
22,4,CFG_IOMUX1,8,68025,4,mux,IOTILE
22,4,CFG_IOMUX1,9,67793,4,mux,IOTILE
22,4,CFG_IOMUX10,0,71621,64,mux,IOTILE
22,4,CFG_IOMUX10,1,71389,64,mux,IOTILE
22,4,CFG_IOMUX10,2,71621,32,mux,IOTILE
22,4,CFG_IOMUX10,3,71389,32,mux,IOTILE
22,4,CFG_IOMUX10,4,71621,8,mux,IOTILE
22,4,CFG_IOMUX10,5,71621,16,mux,IOTILE
22,4,CFG_IOMUX10,6,71389,16,mux,IOTILE
22,4,CFG_IOMUX10,7,71389,8,mux,IOTILE
22,4,CFG_IOMUX10,8,71389,4,mux,IOTILE
22,4,CFG_IOMUX10,9,71621,4,mux,IOTILE
22,4,CFG_IOMUX11,0,71737,64,mux,IOTILE
22,4,CFG_IOMUX11,1,71969,64,mux,IOTILE
22,4,CFG_IOMUX11,2,71737,32,mux,IOTILE
22,4,CFG_IOMUX11,3,71969,32,mux,IOTILE
22,4,CFG_IOMUX11,4,71737,8,mux,IOTILE
22,4,CFG_IOMUX11,5,71737,16,mux,IOTILE
22,4,CFG_IOMUX11,6,71969,16,mux,IOTILE
22,4,CFG_IOMUX11,7,71969,8,mux,IOTILE
22,4,CFG_IOMUX11,8,71969,4,mux,IOTILE
22,4,CFG_IOMUX11,9,71737,4,mux,IOTILE
22,4,CFG_IOMUX2,0,68373,64,mux,IOTILE
22,4,CFG_IOMUX2,1,68141,64,mux,IOTILE
22,4,CFG_IOMUX2,2,68373,32,mux,IOTILE
22,4,CFG_IOMUX2,3,68141,32,mux,IOTILE
22,4,CFG_IOMUX2,4,68373,8,mux,IOTILE
22,4,CFG_IOMUX2,5,68373,16,mux,IOTILE
22,4,CFG_IOMUX2,6,68141,16,mux,IOTILE
22,4,CFG_IOMUX2,7,68141,8,mux,IOTILE
22,4,CFG_IOMUX2,8,68141,4,mux,IOTILE
22,4,CFG_IOMUX2,9,68373,4,mux,IOTILE
22,4,CFG_IOMUX3,0,68489,64,mux,IOTILE
22,4,CFG_IOMUX3,1,68721,64,mux,IOTILE
22,4,CFG_IOMUX3,2,68489,32,mux,IOTILE
22,4,CFG_IOMUX3,3,68721,32,mux,IOTILE
22,4,CFG_IOMUX3,4,68489,8,mux,IOTILE
22,4,CFG_IOMUX3,5,68489,16,mux,IOTILE
22,4,CFG_IOMUX3,6,68721,16,mux,IOTILE
22,4,CFG_IOMUX3,7,68721,8,mux,IOTILE
22,4,CFG_IOMUX3,8,68721,4,mux,IOTILE
22,4,CFG_IOMUX3,9,68489,4,mux,IOTILE
22,4,CFG_IOMUX4,0,69069,64,mux,IOTILE
22,4,CFG_IOMUX4,1,68837,64,mux,IOTILE
22,4,CFG_IOMUX4,2,69069,32,mux,IOTILE
22,4,CFG_IOMUX4,3,68837,32,mux,IOTILE
22,4,CFG_IOMUX4,4,69069,8,mux,IOTILE
22,4,CFG_IOMUX4,5,69069,16,mux,IOTILE
22,4,CFG_IOMUX4,6,68837,16,mux,IOTILE
22,4,CFG_IOMUX4,7,68837,8,mux,IOTILE
22,4,CFG_IOMUX4,8,68837,4,mux,IOTILE
22,4,CFG_IOMUX4,9,69069,4,mux,IOTILE
22,4,CFG_IOMUX5,0,69185,64,mux,IOTILE
22,4,CFG_IOMUX5,1,69417,64,mux,IOTILE
22,4,CFG_IOMUX5,2,69185,32,mux,IOTILE
22,4,CFG_IOMUX5,3,69417,32,mux,IOTILE
22,4,CFG_IOMUX5,4,69185,8,mux,IOTILE
22,4,CFG_IOMUX5,5,69185,16,mux,IOTILE
22,4,CFG_IOMUX5,6,69417,16,mux,IOTILE
22,4,CFG_IOMUX5,7,69417,8,mux,IOTILE
22,4,CFG_IOMUX5,8,69417,4,mux,IOTILE
22,4,CFG_IOMUX5,9,69185,4,mux,IOTILE
22,4,CFG_IOMUX6,0,70229,64,mux,IOTILE
22,4,CFG_IOMUX6,1,69997,64,mux,IOTILE
22,4,CFG_IOMUX6,2,70229,32,mux,IOTILE
22,4,CFG_IOMUX6,3,69997,32,mux,IOTILE
22,4,CFG_IOMUX6,4,70229,8,mux,IOTILE
22,4,CFG_IOMUX6,5,70229,16,mux,IOTILE
22,4,CFG_IOMUX6,6,69997,16,mux,IOTILE
22,4,CFG_IOMUX6,7,69997,8,mux,IOTILE
22,4,CFG_IOMUX6,8,69997,4,mux,IOTILE
22,4,CFG_IOMUX6,9,70229,4,mux,IOTILE
22,4,CFG_IOMUX7,0,70345,64,mux,IOTILE
22,4,CFG_IOMUX7,1,70577,64,mux,IOTILE
22,4,CFG_IOMUX7,2,70345,32,mux,IOTILE
22,4,CFG_IOMUX7,3,70577,32,mux,IOTILE
22,4,CFG_IOMUX7,4,70345,8,mux,IOTILE
22,4,CFG_IOMUX7,5,70345,16,mux,IOTILE
22,4,CFG_IOMUX7,6,70577,16,mux,IOTILE
22,4,CFG_IOMUX7,7,70577,8,mux,IOTILE
22,4,CFG_IOMUX7,8,70577,4,mux,IOTILE
22,4,CFG_IOMUX7,9,70345,4,mux,IOTILE
22,4,CFG_IOMUX8,0,70925,64,mux,IOTILE
22,4,CFG_IOMUX8,1,70693,64,mux,IOTILE
22,4,CFG_IOMUX8,2,70925,32,mux,IOTILE
22,4,CFG_IOMUX8,3,70693,32,mux,IOTILE
22,4,CFG_IOMUX8,4,70925,8,mux,IOTILE
22,4,CFG_IOMUX8,5,70925,16,mux,IOTILE
22,4,CFG_IOMUX8,6,70693,16,mux,IOTILE
22,4,CFG_IOMUX8,7,70693,8,mux,IOTILE
22,4,CFG_IOMUX8,8,70693,4,mux,IOTILE
22,4,CFG_IOMUX8,9,70925,4,mux,IOTILE
22,4,CFG_IOMUX9,0,71041,64,mux,IOTILE
22,4,CFG_IOMUX9,1,71273,64,mux,IOTILE
22,4,CFG_IOMUX9,2,71041,32,mux,IOTILE
22,4,CFG_IOMUX9,3,71273,32,mux,IOTILE
22,4,CFG_IOMUX9,4,71041,8,mux,IOTILE
22,4,CFG_IOMUX9,5,71041,16,mux,IOTILE
22,4,CFG_IOMUX9,6,71273,16,mux,IOTILE
22,4,CFG_IOMUX9,7,71273,8,mux,IOTILE
22,4,CFG_IOMUX9,8,71273,4,mux,IOTILE
22,4,CFG_IOMUX9,9,71041,4,mux,IOTILE
22,6,CFG_INPUTMUX,0,50044,1,mux,UFMTILE
22,6,CFG_INPUTMUX,1,50160,1,mux,UFMTILE
22,6,CFG_INPUTMUX,2,50276,1,mux,UFMTILE
22,6,CFG_INPUTMUX,3,50392,1,mux,UFMTILE
22,6,CFG_INPUTMUX,4,50508,1,mux,UFMTILE
22,6,CFG_INPUTMUX,5,50624,1,mux,UFMTILE
22,6,CFG_INPUTMUX,6,50740,1,mux,UFMTILE
22,6,CFG_INPUTMUX,7,50856,1,mux,UFMTILE
22,6,CFG_INPUTMUX,8,50972,1,mux,UFMTILE
22,6,CFG_INPUTMUX,9,51088,1,mux,UFMTILE
22,6,CFG_INPUTMUX,10,51204,1,mux,UFMTILE
22,6,CFG_INPUTMUX,11,51320,1,mux,UFMTILE
22,7,CFG_INPUTMUX,0,42156,1,mux,UFMTILE
22,7,CFG_INPUTMUX,1,42272,1,mux,UFMTILE
22,7,CFG_INPUTMUX,2,42388,1,mux,UFMTILE
22,7,CFG_INPUTMUX,3,42504,1,mux,UFMTILE
22,7,CFG_INPUTMUX,4,42620,1,mux,UFMTILE
22,7,CFG_INPUTMUX,5,42736,1,mux,UFMTILE
22,7,CFG_INPUTMUX,6,42852,1,mux,UFMTILE
22,7,CFG_INPUTMUX,7,42968,1,mux,UFMTILE
22,7,CFG_INPUTMUX,8,43084,1,mux,UFMTILE
22,7,CFG_INPUTMUX,9,43200,1,mux,UFMTILE
22,7,CFG_INPUTMUX,10,43316,1,mux,UFMTILE
22,7,CFG_INPUTMUX,11,43432,1,mux,UFMTILE
22,8,CFG_INPUTMUX,0,34268,1,mux,UFMTILE
22,8,CFG_INPUTMUX,1,34384,1,mux,UFMTILE
22,8,CFG_INPUTMUX,2,34500,1,mux,UFMTILE
22,8,CFG_INPUTMUX,3,34616,1,mux,UFMTILE
22,8,CFG_INPUTMUX,4,34732,1,mux,UFMTILE
22,8,CFG_INPUTMUX,5,34848,1,mux,UFMTILE
22,8,CFG_INPUTMUX,6,34964,1,mux,UFMTILE
22,8,CFG_INPUTMUX,7,35080,1,mux,UFMTILE
22,8,CFG_INPUTMUX,8,35196,1,mux,UFMTILE
22,8,CFG_INPUTMUX,9,35312,1,mux,UFMTILE
22,8,CFG_INPUTMUX,10,35428,1,mux,UFMTILE
22,8,CFG_INPUTMUX,11,35544,1,mux,UFMTILE
22,9,CFG_INPUTMUX,0,26380,1,mux,UFMTILE
22,9,CFG_INPUTMUX,1,26496,1,mux,UFMTILE
22,9,CFG_INPUTMUX,2,26612,1,mux,UFMTILE
22,9,CFG_INPUTMUX,3,26728,1,mux,UFMTILE
22,9,CFG_INPUTMUX,4,26844,1,mux,UFMTILE
22,9,CFG_INPUTMUX,5,26960,1,mux,UFMTILE
22,9,CFG_INPUTMUX,6,27076,1,mux,UFMTILE
22,9,CFG_INPUTMUX,7,27192,1,mux,UFMTILE
22,9,CFG_INPUTMUX,8,27308,1,mux,UFMTILE
22,9,CFG_INPUTMUX,9,27424,1,mux,UFMTILE
22,9,CFG_INPUTMUX,10,27540,1,mux,UFMTILE
22,9,CFG_INPUTMUX,11,27656,1,mux,UFMTILE
22,10,CFG_INPUTMUX,0,18492,1,mux,UFMTILE
22,10,CFG_INPUTMUX,1,18608,1,mux,UFMTILE
22,10,CFG_INPUTMUX,2,18724,1,mux,UFMTILE
22,10,CFG_INPUTMUX,3,18840,1,mux,UFMTILE
22,10,CFG_INPUTMUX,4,18956,1,mux,UFMTILE
22,10,CFG_INPUTMUX,5,19072,1,mux,UFMTILE
22,10,CFG_INPUTMUX,6,19188,1,mux,UFMTILE
22,10,CFG_INPUTMUX,7,19304,1,mux,UFMTILE
22,10,CFG_INPUTMUX,8,19420,1,mux,UFMTILE
22,10,CFG_INPUTMUX,9,19536,1,mux,UFMTILE
22,10,CFG_INPUTMUX,10,19652,1,mux,UFMTILE
22,10,CFG_INPUTMUX,11,19768,1,mux,UFMTILE
22,11,CFG_INPUTMUX,0,10604,1,mux,UFMTILE
22,11,CFG_INPUTMUX,1,10720,1,mux,UFMTILE
22,11,CFG_INPUTMUX,2,10836,1,mux,UFMTILE
22,11,CFG_INPUTMUX,3,10952,1,mux,UFMTILE
22,11,CFG_INPUTMUX,4,11068,1,mux,UFMTILE
22,11,CFG_INPUTMUX,5,11184,1,mux,UFMTILE
22,11,CFG_INPUTMUX,6,11300,1,mux,UFMTILE
22,11,CFG_INPUTMUX,7,11416,1,mux,UFMTILE
22,11,CFG_INPUTMUX,8,11532,1,mux,UFMTILE
22,11,CFG_INPUTMUX,9,11648,1,mux,UFMTILE
22,11,CFG_INPUTMUX,10,11764,1,mux,UFMTILE
22,11,CFG_INPUTMUX,11,11880,1,mux,UFMTILE
22,12,CFG_INPUTMUX,0,2716,1,mux,UFMTILE
22,12,CFG_INPUTMUX,1,2832,1,mux,UFMTILE
22,12,CFG_INPUTMUX,2,2948,1,mux,UFMTILE
22,12,CFG_INPUTMUX,3,3064,1,mux,UFMTILE
22,12,CFG_INPUTMUX,4,3180,1,mux,UFMTILE
22,12,CFG_INPUTMUX,5,3296,1,mux,UFMTILE
22,12,CFG_INPUTMUX,6,3412,1,mux,UFMTILE
22,12,CFG_INPUTMUX,7,3528,1,mux,UFMTILE
22,12,CFG_INPUTMUX,8,3644,1,mux,UFMTILE
22,12,CFG_INPUTMUX,9,3760,1,mux,UFMTILE
22,12,CFG_INPUTMUX,10,3876,1,mux,UFMTILE
22,12,CFG_INPUTMUX,11,3992,1,mux,UFMTILE
