table,src_res,src_x,src_y,dst_res,dst_x,dst_y,codeword,owner,owner_evidence,reason
rrg_edges_full.csv,IMUX01,18,7,IMUX35,18,7,3;9,X18Y7_IMUX05,4,codeword attributed to a uniquely vendor-used member
rrg_edges_full.csv,IMUX03,14,4,IMUX35,14,4,3;9,X14Y4_IMUX51,14,codeword attributed to a uniquely vendor-used member
rrg_edges_full.csv,IMUX03,15,9,IMUX27,15,9,2;9,X15Y9_IMUX11,26,codeword attributed to a uniquely vendor-used member
rrg_edges_full.csv,IMUX03,16,3,IMUX43,16,3,0;9,X16Y3_IMUX00,2,codeword attributed to a uniquely vendor-used member
rrg_edges_full.csv,IMUX03,16,6,IMUX35,16,6,3;9,X16Y6_IMUX11,20,codeword attributed to a uniquely vendor-used member
rrg_edges_full.csv,IMUX03,16,8,IMUX19,16,8,0;9,X16Y8_IMUX02,2,codeword attributed to a uniquely vendor-used member
rrg_edges_full.csv,IMUX03,18,7,IMUX27,18,7,2;9,X18Y7_IMUX11,21,codeword attributed to a uniquely vendor-used member
rrg_edges_full.csv,IMUX05,10,1,IMUX01,10,1,0;9,X10Y1_IMUX06,13,codeword attributed to a uniquely vendor-used member
rrg_edges_full.csv,IMUX05,15,7,IMUX01,15,7,0;9,X15Y7_IMUX06,10,codeword attributed to a uniquely vendor-used member
rrg_edges_full.csv,IMUX05,18,1,IMUX15,18,1,3;9,X18Y1_IMUX09,5,codeword attributed to a uniquely vendor-used member
rrg_edges_full.csv,IMUX09,16,1,IMUX51,16,1,3;9,X16Y1_IMUX15,14,codeword attributed to a uniquely vendor-used member
rrg_edges_full.csv,IMUX11,20,5,IMUX59,20,5,1;9,X20Y5_IMUX07,10,codeword attributed to a uniquely vendor-used member
rrg_edges_full.csv,IMUX15,15,7,IMUX43,15,7,4;9,X15Y7_IMUX23,26,codeword attributed to a uniquely vendor-used member
rrg_edges_full.csv,IMUX15,15,7,IMUX51,15,7,3;9,X15Y7_IMUX17,2,codeword attributed to a uniquely vendor-used member
rrg_edges_full.csv,IMUX15,16,8,IMUX51,16,8,3;9,X16Y8_IMUX23,16,codeword attributed to a uniquely vendor-used member
rrg_edges_full.csv,IMUX17,19,5,IMUX31,19,5,7;9,X19Y5_IMUX37,1,codeword attributed to a uniquely vendor-used member
rrg_edges_full.csv,IMUX18,15,2,IMUX55,15,2,6;9,X15Y2_IMUX34,1,codeword attributed to a uniquely vendor-used member
rrg_edges_full.csv,IMUX19,8,1,IMUX35,8,1,0;9,X8Y1_IMUX23,24,codeword attributed to a uniquely vendor-used member
rrg_edges_full.csv,IMUX21,19,3,IMUX31,19,3,1;9,X19Y3_IMUX11,27,codeword attributed to a uniquely vendor-used member
rrg_edges_full.csv,IMUX25,16,1,IMUX11,16,1,3;9,X16Y1_IMUX27,20,codeword attributed to a uniquely vendor-used member
rrg_edges_full.csv,IMUX25,16,11,IMUX43,16,11,7;9,X16Y11_IMUX51,33,codeword attributed to a uniquely vendor-used member
rrg_edges_full.csv,IMUX25,16,2,IMUX35,16,2,0;9,X16Y2_IMUX19,24,codeword attributed to a uniquely vendor-used member
rrg_edges_full.csv,IMUX25,20,4,IMUX43,20,4,7;9,X20Y4_IMUX29,3,codeword attributed to a uniquely vendor-used member
rrg_edges_full.csv,IMUX27,14,7,IMUX55,14,7,8;9,X14Y7_IMUX59,54,codeword attributed to a uniquely vendor-used member
rrg_edges_full.csv,IMUX27,5,3,IMUX55,5,3,8;9,X5Y3_IMUX01,1,codeword attributed to a uniquely vendor-used member
rrg_edges_full.csv,IMUX29,20,3,IMUX11,20,3,5;9,X20Y3_IMUX23,27,codeword attributed to a uniquely vendor-used member
rrg_edges_full.csv,IMUX31,14,1,IMUX21,14,1,3;9,X14Y1_IMUX45,11,codeword attributed to a uniquely vendor-used member
rrg_edges_full.csv,IMUX31,14,4,IMUX23,14,4,0;9,X14Y4_IMUX01,3,codeword attributed to a uniquely vendor-used member
rrg_edges_full.csv,IMUX31,14,7,IMUX19,14,7,1;9,X14Y7_IMUX11,25,codeword attributed to a uniquely vendor-used member
rrg_edges_full.csv,IMUX31,15,6,IMUX19,15,6,1;9,X15Y6_IMUX11,38,codeword attributed to a uniquely vendor-used member
rrg_edges_full.csv,IMUX31,16,2,IMUX19,16,2,1;9,X16Y2_IMUX11,24,codeword attributed to a uniquely vendor-used member
rrg_edges_full.csv,IMUX31,19,12,IMUX19,19,12,1;9,X19Y12_IMUX11,38,codeword attributed to a uniquely vendor-used member
rrg_edges_full.csv,IMUX31,20,10,IMUX19,20,10,1;9,X20Y10_IMUX11,44,codeword attributed to a uniquely vendor-used member
rrg_edges_full.csv,IMUX31,20,9,IMUX19,20,9,1;9,X20Y9_IMUX09,2,codeword attributed to a uniquely vendor-used member
rrg_edges_full.csv,IMUX34,14,9,IMUX23,14,9,0;9,X14Y9_IMUX02,1,codeword attributed to a uniquely vendor-used member
rrg_edges_full.csv,IMUX35,11,3,IMUX27,11,3,0;9,X11Y3_IMUX19,31,codeword attributed to a uniquely vendor-used member
rrg_edges_full.csv,IMUX35,15,3,IMUX27,15,3,0;9,X15Y3_IMUX19,32,codeword attributed to a uniquely vendor-used member
rrg_edges_full.csv,IMUX35,16,9,IMUX27,16,9,0;9,X16Y9_IMUX19,34,codeword attributed to a uniquely vendor-used member
rrg_edges_full.csv,IMUX37,14,7,IMUX13,14,7,2;9,X14Y7_IMUX53,14,codeword attributed to a uniquely vendor-used member
rrg_edges_full.csv,IMUX37,16,7,IMUX29,16,7,4;9,X16Y7_IMUX45,5,codeword attributed to a uniquely vendor-used member
rrg_edges_full.csv,IMUX43,14,7,IMUX13,14,7,2;9,X14Y7_IMUX53,14,codeword attributed to a uniquely vendor-used member
rrg_edges_full.csv,IMUX43,15,9,IMUX11,15,9,6;9,X15Y9_IMUX03,28,codeword attributed to a uniquely vendor-used member
rrg_edges_full.csv,IMUX47,14,5,IMUX29,14,5,4;9,X14Y5_IMUX57,10,codeword attributed to a uniquely vendor-used member
rrg_edges_full.csv,IMUX49,6,3,IMUX13,6,3,2;9,X6Y3_IMUX53,4,codeword attributed to a uniquely vendor-used member
rrg_edges_full.csv,IMUX50,20,6,IMUX09,20,6,1;9,X20Y6_IMUX62,3,codeword attributed to a uniquely vendor-used member
rrg_edges_full.csv,IMUX51,14,7,IMUX13,14,7,2;9,X14Y7_IMUX53,14,codeword attributed to a uniquely vendor-used member
rrg_edges_full.csv,IMUX51,15,6,IMUX15,15,6,8;9,X15Y6_IMUX19,36,codeword attributed to a uniquely vendor-used member
rrg_edges_full.csv,IMUX51,19,3,IMUX31,19,3,1;9,X19Y3_IMUX11,27,codeword attributed to a uniquely vendor-used member
rrg_edges_full.csv,IMUX51,19,9,IMUX21,19,9,3;9,X19Y9_IMUX45,7,codeword attributed to a uniquely vendor-used member
rrg_edges_full.csv,IMUX51,9,2,IMUX15,9,2,8;9,X9Y2_IMUX19,23,codeword attributed to a uniquely vendor-used member
rrg_edges_full.csv,IMUX53,16,1,IMUX15,16,1,8;9,X16Y1_IMUX19,24,codeword attributed to a uniquely vendor-used member
rrg_edges_full.csv,IMUX55,20,5,IMUX21,20,5,3;9,X20Y5_IMUX33,4,codeword attributed to a uniquely vendor-used member
rrg_edges_full.csv,IMUX55,20,9,IMUX47,20,9,2;9,X20Y9_IMUX25,1,codeword attributed to a uniquely vendor-used member
rrg_edges_full.csv,IMUX57,20,4,IMUX63,20,4,1;9,X20Y4_IMUX55,49,codeword attributed to a uniquely vendor-used member
rrg_edges_full.csv,IMUX59,12,1,IMUX51,12,1,8;9,X12Y1_IMUX56,1,codeword attributed to a uniquely vendor-used member
rrg_edges_full.csv,IMUX59,12,3,IMUX03,12,3,2;9,X12Y3_IMUX51,10,codeword attributed to a uniquely vendor-used member
rrg_edges_full.csv,IMUX59,14,7,IMUX15,14,7,8;9,X14Y7_IMUX19,19,codeword attributed to a uniquely vendor-used member
rrg_edges_full.csv,IMUX59,19,1,IMUX03,19,1,2;9,X19Y1_IMUX43,15,codeword attributed to a uniquely vendor-used member
rrg_edges_full.csv,IMUX61,14,5,IMUX29,14,5,4;9,X14Y5_IMUX57,10,codeword attributed to a uniquely vendor-used member
rrg_edges_full.csv,IMUX63,14,9,IMUX23,14,9,0;9,X14Y9_IMUX02,1,codeword attributed to a uniquely vendor-used member
rrg_edges_full.csv,IMUX63,15,9,IMUX23,15,9,0;9,X15Y9_IMUX02,2,codeword attributed to a uniquely vendor-used member
rrg_edges_full.csv,RMUX02,14,5,RMUX18,14,4,6;9,X14Y8_RMUX50,1,codeword attributed to a uniquely vendor-used member
rrg_edges_full.csv,RMUX02,15,6,RMUX18,15,5,6;9,X15Y9_RMUX50,9,codeword attributed to a uniquely vendor-used member
rrg_edges_full.csv,RMUX02,17,4,RMUX18,17,3,6;9,X17Y7_RMUX50,20,codeword attributed to a uniquely vendor-used member
rrg_edges_full.csv,RMUX02,18,7,RMUX18,18,6,6;9,X18Y10_RMUX50,15,codeword attributed to a uniquely vendor-used member
rrg_edges_full.csv,RMUX02,19,2,RMUX18,19,1,6;9,X19Y5_RMUX50,29,codeword attributed to a uniquely vendor-used member
rrg_edges_full.csv,RMUX02,19,5,RMUX18,19,4,6;9,X19Y8_RMUX50,73,codeword attributed to a uniquely vendor-used member
rrg_edges_full.csv,RMUX02,19,6,RMUX18,19,5,6;9,X19Y9_RMUX50,30,codeword attributed to a uniquely vendor-used member
rrg_edges_full.csv,RMUX02,20,2,RMUX18,20,1,6;9,X20Y5_RMUX50,25,codeword attributed to a uniquely vendor-used member
rrg_edges_full.csv,RMUX03,10,1,RMUX14,11,1,5;8,X7Y1_RMUX51,2,codeword attributed to a uniquely vendor-used member
rrg_edges_full.csv,RMUX03,10,1,RMUX15,10,1,4;8,X7Y1_RMUX51,93,codeword attributed to a uniquely vendor-used member
rrg_edges_full.csv,RMUX03,10,2,RMUX14,11,2,5;8,X7Y2_RMUX51,62,codeword attributed to a uniquely vendor-used member
rrg_edges_full.csv,RMUX03,10,2,RMUX15,10,2,4;8,X7Y2_RMUX51,75,codeword attributed to a uniquely vendor-used member
rrg_edges_full.csv,RMUX03,10,3,RMUX14,11,3,5;8,X7Y3_RMUX51,42,codeword attributed to a uniquely vendor-used member
rrg_edges_full.csv,RMUX03,10,3,RMUX15,10,3,4;8,X7Y3_RMUX51,100,codeword attributed to a uniquely vendor-used member
rrg_edges_full.csv,RMUX03,10,4,RMUX14,11,4,5;8,X7Y4_RMUX51,40,codeword attributed to a uniquely vendor-used member
rrg_edges_full.csv,RMUX03,10,4,RMUX15,10,4,4;8,X7Y4_RMUX51,88,codeword attributed to a uniquely vendor-used member
rrg_edges_full.csv,RMUX03,11,1,RMUX15,11,1,4;8,X8Y1_RMUX51,76,codeword attributed to a uniquely vendor-used member
rrg_edges_full.csv,RMUX03,11,2,RMUX14,12,2,5;8,X8Y2_RMUX51,64,codeword attributed to a uniquely vendor-used member
rrg_edges_full.csv,RMUX03,11,2,RMUX15,11,2,4;8,X8Y2_RMUX51,89,codeword attributed to a uniquely vendor-used member
rrg_edges_full.csv,RMUX03,11,3,RMUX14,12,3,5;8,X8Y3_RMUX51,60,codeword attributed to a uniquely vendor-used member
rrg_edges_full.csv,RMUX03,11,3,RMUX15,11,3,4;8,X8Y3_RMUX51,103,codeword attributed to a uniquely vendor-used member
rrg_edges_full.csv,RMUX03,11,4,RMUX14,12,4,5;8,X8Y4_RMUX51,58,codeword attributed to a uniquely vendor-used member
rrg_edges_full.csv,RMUX03,11,4,RMUX15,11,4,4;8,X8Y4_RMUX51,125,codeword attributed to a uniquely vendor-used member
rrg_edges_full.csv,RMUX03,12,1,RMUX15,12,1,4;8,X9Y1_RMUX51,89,codeword attributed to a uniquely vendor-used member
rrg_edges_full.csv,RMUX03,12,2,RMUX15,12,2,4;8,X9Y2_RMUX51,99,codeword attributed to a uniquely vendor-used member
rrg_edges_full.csv,RMUX03,12,3,RMUX15,12,3,4;8,X9Y3_RMUX51,113,codeword attributed to a uniquely vendor-used member
rrg_edges_full.csv,RMUX03,12,4,RMUX15,12,4,4;8,X9Y4_RMUX51,108,codeword attributed to a uniquely vendor-used member
rrg_edges_full.csv,RMUX03,14,1,RMUX15,14,1,4;8,X11Y1_RMUX51,106,codeword attributed to a uniquely vendor-used member
rrg_edges_full.csv,RMUX03,14,2,RMUX14,15,2,5;8,X11Y2_RMUX51,51,codeword attributed to a uniquely vendor-used member
rrg_edges_full.csv,RMUX03,14,2,RMUX15,14,2,4;8,X11Y2_RMUX51,72,codeword attributed to a uniquely vendor-used member
rrg_edges_full.csv,RMUX03,14,2,RMUX21,14,2,4;8,X11Y2_RMUX51,20,codeword attributed to a uniquely vendor-used member
rrg_edges_full.csv,RMUX03,14,3,RMUX14,15,3,5;8,X11Y3_RMUX51,33,codeword attributed to a uniquely vendor-used member
rrg_edges_full.csv,RMUX03,14,3,RMUX15,14,3,4;8,X11Y3_RMUX51,133,codeword attributed to a uniquely vendor-used member
rrg_edges_full.csv,RMUX03,14,4,RMUX14,15,4,5;8,X11Y4_RMUX51,46,codeword attributed to a uniquely vendor-used member
rrg_edges_full.csv,RMUX03,14,4,RMUX15,14,4,4;8,X11Y4_RMUX51,142,codeword attributed to a uniquely vendor-used member
rrg_edges_full.csv,RMUX03,15,1,RMUX15,15,1,4;8,X12Y1_RMUX51,98,codeword attributed to a uniquely vendor-used member
rrg_edges_full.csv,RMUX03,15,2,RMUX14,16,2,5;8,X12Y2_RMUX51,31,codeword attributed to a uniquely vendor-used member
rrg_edges_full.csv,RMUX03,15,2,RMUX15,15,2,4;8,X12Y2_RMUX51,72,codeword attributed to a uniquely vendor-used member
rrg_edges_full.csv,RMUX03,15,3,RMUX14,16,3,5;8,X12Y3_RMUX51,36,codeword attributed to a uniquely vendor-used member
rrg_edges_full.csv,RMUX03,15,3,RMUX15,15,3,4;8,X12Y3_RMUX51,95,codeword attributed to a uniquely vendor-used member
rrg_edges_full.csv,RMUX03,15,3,RMUX21,15,3,4;8,X12Y3_RMUX51,19,codeword attributed to a uniquely vendor-used member
rrg_edges_full.csv,RMUX03,15,4,RMUX14,16,4,5;8,X12Y4_RMUX51,33,codeword attributed to a uniquely vendor-used member
rrg_edges_full.csv,RMUX03,15,4,RMUX15,15,4,4;8,X12Y4_RMUX51,99,codeword attributed to a uniquely vendor-used member
rrg_edges_full.csv,RMUX03,16,3,RMUX15,16,3,4;8,X13Y3_RMUX51,80,codeword attributed to a uniquely vendor-used member
rrg_edges_full.csv,RMUX03,16,3,RMUX21,16,3,4;8,X13Y3_RMUX51,19,codeword attributed to a uniquely vendor-used member
rrg_edges_full.csv,RMUX03,17,1,RMUX15,17,1,4;8,X14Y1_RMUX51,42,codeword attributed to a uniquely vendor-used member
rrg_edges_full.csv,RMUX03,17,10,RMUX14,18,10,5;8,X14Y10_RMUX51,7,codeword attributed to a uniquely vendor-used member
rrg_edges_full.csv,RMUX03,17,10,RMUX15,17,10,4;8,X14Y10_RMUX51,2,codeword attributed to a uniquely vendor-used member
rrg_edges_full.csv,RMUX03,17,11,RMUX14,18,11,5;8,X14Y11_RMUX51,7,codeword attributed to a uniquely vendor-used member
rrg_edges_full.csv,RMUX03,17,11,RMUX21,17,11,4;8,X14Y11_RMUX51,14,codeword attributed to a uniquely vendor-used member
rrg_edges_full.csv,RMUX03,17,12,RMUX14,18,12,5;8,X14Y12_RMUX51,11,codeword attributed to a uniquely vendor-used member
rrg_edges_full.csv,RMUX03,17,2,RMUX14,18,2,5;8,X14Y2_RMUX51,5,codeword attributed to a uniquely vendor-used member
rrg_edges_full.csv,RMUX03,17,2,RMUX15,17,2,4;8,X14Y2_RMUX51,22,codeword attributed to a uniquely vendor-used member
rrg_edges_full.csv,RMUX03,17,3,RMUX14,18,3,5;8,X14Y3_RMUX51,5,codeword attributed to a uniquely vendor-used member
rrg_edges_full.csv,RMUX03,17,3,RMUX15,17,3,4;8,X14Y3_RMUX51,30,codeword attributed to a uniquely vendor-used member
rrg_edges_full.csv,RMUX03,17,4,RMUX14,18,4,5;8,X14Y4_RMUX51,12,codeword attributed to a uniquely vendor-used member
rrg_edges_full.csv,RMUX03,17,4,RMUX15,17,4,4;8,X14Y4_RMUX51,25,codeword attributed to a uniquely vendor-used member
rrg_edges_full.csv,RMUX03,17,5,RMUX14,18,5,5;8,X14Y5_RMUX51,9,codeword attributed to a uniquely vendor-used member
rrg_edges_full.csv,RMUX03,17,5,RMUX15,17,5,4;8,X14Y5_RMUX51,9,codeword attributed to a uniquely vendor-used member
rrg_edges_full.csv,RMUX03,17,6,RMUX14,18,6,5;8,X14Y6_RMUX51,11,codeword attributed to a uniquely vendor-used member
rrg_edges_full.csv,RMUX03,17,6,RMUX15,17,6,4;8,X14Y6_RMUX51,3,codeword attributed to a uniquely vendor-used member
rrg_edges_full.csv,RMUX03,17,7,RMUX14,18,7,5;8,X14Y7_RMUX51,18,codeword attributed to a uniquely vendor-used member
rrg_edges_full.csv,RMUX03,17,7,RMUX15,17,7,4;8,X14Y7_RMUX51,4,codeword attributed to a uniquely vendor-used member
rrg_edges_full.csv,RMUX03,17,8,RMUX14,18,8,5;8,X14Y8_RMUX51,8,codeword attributed to a uniquely vendor-used member
rrg_edges_full.csv,RMUX03,17,8,RMUX15,17,8,4;8,X14Y8_RMUX51,3,codeword attributed to a uniquely vendor-used member
rrg_edges_full.csv,RMUX03,17,9,RMUX14,18,9,5;8,X14Y9_RMUX51,16,codeword attributed to a uniquely vendor-used member
rrg_edges_full.csv,RMUX03,17,9,RMUX15,17,9,4;8,X14Y9_RMUX51,4,codeword attributed to a uniquely vendor-used member
rrg_edges_full.csv,RMUX03,18,1,RMUX15,18,1,4;8,X15Y1_RMUX51,19,codeword attributed to a uniquely vendor-used member
rrg_edges_full.csv,RMUX03,18,10,RMUX14,19,10,5;8,X15Y10_RMUX51,18,codeword attributed to a uniquely vendor-used member
rrg_edges_full.csv,RMUX03,18,11,RMUX14,19,11,5;8,X15Y11_RMUX51,11,codeword attributed to a uniquely vendor-used member
rrg_edges_full.csv,RMUX03,18,12,RMUX14,19,12,5;8,X15Y12_RMUX51,4,codeword attributed to a uniquely vendor-used member
rrg_edges_full.csv,RMUX03,18,2,RMUX14,19,2,5;8,X15Y2_RMUX51,2,codeword attributed to a uniquely vendor-used member
rrg_edges_full.csv,RMUX03,18,2,RMUX15,18,2,4;8,X15Y2_RMUX51,7,codeword attributed to a uniquely vendor-used member
rrg_edges_full.csv,RMUX03,18,3,RMUX14,19,3,5;8,X15Y3_RMUX51,3,codeword attributed to a uniquely vendor-used member
rrg_edges_full.csv,RMUX03,18,3,RMUX15,18,3,4;8,X15Y3_RMUX51,7,codeword attributed to a uniquely vendor-used member
rrg_edges_full.csv,RMUX03,18,4,RMUX14,19,4,5;8,X15Y4_RMUX51,3,codeword attributed to a uniquely vendor-used member
rrg_edges_full.csv,RMUX03,18,4,RMUX15,18,4,4;8,X15Y4_RMUX51,4,codeword attributed to a uniquely vendor-used member
rrg_edges_full.csv,RMUX03,18,5,RMUX14,19,5,5;8,X15Y5_RMUX51,23,codeword attributed to a uniquely vendor-used member
rrg_edges_full.csv,RMUX03,18,5,RMUX15,18,5,4;8,X15Y5_RMUX51,5,codeword attributed to a uniquely vendor-used member
rrg_edges_full.csv,RMUX03,18,6,RMUX14,19,6,5;8,X15Y6_RMUX51,18,codeword attributed to a uniquely vendor-used member
rrg_edges_full.csv,RMUX03,18,7,RMUX14,19,7,5;8,X15Y7_RMUX51,22,codeword attributed to a uniquely vendor-used member
rrg_edges_full.csv,RMUX03,18,8,RMUX14,19,8,5;8,X15Y8_RMUX51,46,codeword attributed to a uniquely vendor-used member
rrg_edges_full.csv,RMUX03,18,8,RMUX15,18,8,4;8,X15Y8_RMUX51,2,codeword attributed to a uniquely vendor-used member
rrg_edges_full.csv,RMUX03,18,8,RMUX21,18,8,4;8,X15Y8_RMUX51,33,codeword attributed to a uniquely vendor-used member
rrg_edges_full.csv,RMUX03,18,9,RMUX14,19,9,5;8,X15Y9_RMUX51,9,codeword attributed to a uniquely vendor-used member
rrg_edges_full.csv,RMUX03,18,9,RMUX15,18,9,4;8,X15Y9_RMUX51,2,codeword attributed to a uniquely vendor-used member
rrg_edges_full.csv,RMUX03,19,10,RMUX14,20,10,5;8,X16Y10_RMUX51,17,codeword attributed to a uniquely vendor-used member
rrg_edges_full.csv,RMUX03,19,11,RMUX14,20,11,5;8,X16Y11_RMUX51,19,codeword attributed to a uniquely vendor-used member
rrg_edges_full.csv,RMUX03,19,12,RMUX14,20,12,5;8,X16Y12_RMUX51,15,codeword attributed to a uniquely vendor-used member
rrg_edges_full.csv,RMUX03,19,2,RMUX14,20,2,5;8,X16Y2_RMUX51,4,codeword attributed to a uniquely vendor-used member
rrg_edges_full.csv,RMUX03,19,3,RMUX14,20,3,5;8,X16Y3_RMUX51,8,codeword attributed to a uniquely vendor-used member
rrg_edges_full.csv,RMUX03,19,4,RMUX14,20,4,5;8,X16Y4_RMUX51,17,codeword attributed to a uniquely vendor-used member
rrg_edges_full.csv,RMUX03,19,4,RMUX21,19,4,4;8,X16Y4_RMUX51,30,codeword attributed to a uniquely vendor-used member
rrg_edges_full.csv,RMUX03,19,5,RMUX14,20,5,5;8,X16Y5_RMUX51,11,codeword attributed to a uniquely vendor-used member
rrg_edges_full.csv,RMUX03,19,6,RMUX14,20,6,5;8,X16Y6_RMUX51,8,codeword attributed to a uniquely vendor-used member
rrg_edges_full.csv,RMUX03,19,7,RMUX14,20,7,5;8,X16Y7_RMUX51,16,codeword attributed to a uniquely vendor-used member
rrg_edges_full.csv,RMUX03,19,7,RMUX21,19,7,4;8,X16Y7_RMUX51,33,codeword attributed to a uniquely vendor-used member
rrg_edges_full.csv,RMUX03,19,8,RMUX14,20,8,5;8,X16Y8_RMUX51,27,codeword attributed to a uniquely vendor-used member
rrg_edges_full.csv,RMUX03,19,9,RMUX14,20,9,5;8,X16Y9_RMUX51,24,codeword attributed to a uniquely vendor-used member
rrg_edges_full.csv,RMUX03,20,2,RMUX15,20,2,4;8,X17Y2_RMUX51,2,codeword attributed to a uniquely vendor-used member
rrg_edges_full.csv,RMUX03,20,3,RMUX15,20,3,4;8,X17Y3_RMUX51,4,codeword attributed to a uniquely vendor-used member
rrg_edges_full.csv,RMUX03,20,3,RMUX21,20,3,4;8,X17Y3_RMUX51,22,codeword attributed to a uniquely vendor-used member
rrg_edges_full.csv,RMUX03,20,4,RMUX15,20,4,4;8,X17Y4_RMUX51,3,codeword attributed to a uniquely vendor-used member
rrg_edges_full.csv,RMUX03,4,1,RMUX15,4,1,4;8,X1Y1_RMUX51,9,codeword attributed to a uniquely vendor-used member
rrg_edges_full.csv,RMUX03,4,2,RMUX15,4,2,4;8,X1Y2_RMUX51,8,codeword attributed to a uniquely vendor-used member
rrg_edges_full.csv,RMUX03,4,3,RMUX14,5,3,5;8,X1Y3_RMUX51,4,codeword attributed to a uniquely vendor-used member
rrg_edges_full.csv,RMUX03,4,3,RMUX15,4,3,4;8,X1Y3_RMUX51,5,codeword attributed to a uniquely vendor-used member
rrg_edges_full.csv,RMUX03,4,4,RMUX14,5,4,5;8,X1Y4_RMUX51,4,codeword attributed to a uniquely vendor-used member
rrg_edges_full.csv,RMUX03,4,4,RMUX15,4,4,4;8,X1Y4_RMUX51,14,codeword attributed to a uniquely vendor-used member
rrg_edges_full.csv,RMUX03,5,1,RMUX15,5,1,4;8,X2Y1_RMUX51,24,codeword attributed to a uniquely vendor-used member
rrg_edges_full.csv,RMUX03,5,2,RMUX14,6,2,5;8,X2Y2_RMUX51,5,codeword attributed to a uniquely vendor-used member
rrg_edges_full.csv,RMUX03,5,2,RMUX15,5,2,4;8,X2Y2_RMUX51,22,codeword attributed to a uniquely vendor-used member
rrg_edges_full.csv,RMUX03,5,3,RMUX14,6,3,5;8,X2Y3_RMUX51,6,codeword attributed to a uniquely vendor-used member
rrg_edges_full.csv,RMUX03,5,3,RMUX15,5,3,4;8,X2Y3_RMUX51,25,codeword attributed to a uniquely vendor-used member
rrg_edges_full.csv,RMUX03,5,4,RMUX14,6,4,5;8,X2Y4_RMUX51,10,codeword attributed to a uniquely vendor-used member
rrg_edges_full.csv,RMUX03,5,4,RMUX15,5,4,4;8,X2Y4_RMUX51,22,codeword attributed to a uniquely vendor-used member
rrg_edges_full.csv,RMUX03,6,1,RMUX15,6,1,4;8,X3Y1_RMUX51,27,codeword attributed to a uniquely vendor-used member
rrg_edges_full.csv,RMUX03,6,2,RMUX14,7,2,5;8,X3Y2_RMUX51,12,codeword attributed to a uniquely vendor-used member
rrg_edges_full.csv,RMUX03,6,2,RMUX15,6,2,4;8,X3Y2_RMUX51,30,codeword attributed to a uniquely vendor-used member
rrg_edges_full.csv,RMUX03,6,3,RMUX14,7,3,5;8,X3Y3_RMUX51,9,codeword attributed to a uniquely vendor-used member
rrg_edges_full.csv,RMUX03,6,3,RMUX15,6,3,4;8,X3Y3_RMUX51,26,codeword attributed to a uniquely vendor-used member
rrg_edges_full.csv,RMUX03,6,4,RMUX14,7,4,5;8,X3Y4_RMUX51,17,codeword attributed to a uniquely vendor-used member
rrg_edges_full.csv,RMUX03,6,4,RMUX15,6,4,4;8,X3Y4_RMUX51,47,codeword attributed to a uniquely vendor-used member
rrg_edges_full.csv,RMUX03,7,1,RMUX15,7,1,4;8,X4Y1_RMUX51,60,codeword attributed to a uniquely vendor-used member
rrg_edges_full.csv,RMUX03,7,2,RMUX14,8,2,5;8,X4Y2_RMUX51,14,codeword attributed to a uniquely vendor-used member
rrg_edges_full.csv,RMUX03,7,2,RMUX15,7,2,4;8,X4Y2_RMUX51,38,codeword attributed to a uniquely vendor-used member
rrg_edges_full.csv,RMUX03,7,3,RMUX14,8,3,5;8,X4Y3_RMUX51,14,codeword attributed to a uniquely vendor-used member
rrg_edges_full.csv,RMUX03,7,3,RMUX15,7,3,4;8,X4Y3_RMUX51,50,codeword attributed to a uniquely vendor-used member
rrg_edges_full.csv,RMUX03,7,4,RMUX14,8,4,5;8,X4Y4_RMUX51,32,codeword attributed to a uniquely vendor-used member
rrg_edges_full.csv,RMUX03,7,4,RMUX15,7,4,4;8,X4Y4_RMUX51,52,codeword attributed to a uniquely vendor-used member
rrg_edges_full.csv,RMUX03,8,1,RMUX15,8,1,4;8,X5Y1_RMUX51,58,codeword attributed to a uniquely vendor-used member
rrg_edges_full.csv,RMUX03,8,2,RMUX14,9,2,5;8,X5Y2_RMUX51,19,codeword attributed to a uniquely vendor-used member
rrg_edges_full.csv,RMUX03,8,2,RMUX15,8,2,4;8,X5Y2_RMUX51,49,codeword attributed to a uniquely vendor-used member
rrg_edges_full.csv,RMUX03,8,3,RMUX14,9,3,5;8,X5Y3_RMUX51,15,codeword attributed to a uniquely vendor-used member
rrg_edges_full.csv,RMUX03,8,3,RMUX15,8,3,4;8,X5Y3_RMUX51,49,codeword attributed to a uniquely vendor-used member
rrg_edges_full.csv,RMUX03,8,4,RMUX14,9,4,5;8,X5Y4_RMUX51,14,codeword attributed to a uniquely vendor-used member
rrg_edges_full.csv,RMUX03,8,4,RMUX15,8,4,4;8,X5Y4_RMUX51,58,codeword attributed to a uniquely vendor-used member
rrg_edges_full.csv,RMUX03,9,1,RMUX15,9,1,4;8,X6Y1_RMUX51,71,codeword attributed to a uniquely vendor-used member
rrg_edges_full.csv,RMUX03,9,2,RMUX14,10,2,5;8,X6Y2_RMUX51,48,codeword attributed to a uniquely vendor-used member
rrg_edges_full.csv,RMUX03,9,2,RMUX15,9,2,4;8,X6Y2_RMUX51,60,codeword attributed to a uniquely vendor-used member
rrg_edges_full.csv,RMUX03,9,3,RMUX14,10,3,5;8,X6Y3_RMUX51,38,codeword attributed to a uniquely vendor-used member
rrg_edges_full.csv,RMUX03,9,3,RMUX15,9,3,4;8,X6Y3_RMUX51,57,codeword attributed to a uniquely vendor-used member
rrg_edges_full.csv,RMUX03,9,4,RMUX14,10,4,5;8,X6Y4_RMUX51,31,codeword attributed to a uniquely vendor-used member
rrg_edges_full.csv,RMUX03,9,4,RMUX15,9,4,4;8,X6Y4_RMUX51,139,codeword attributed to a uniquely vendor-used member
rrg_edges_full.csv,RMUX07,14,11,RMUX24,14,12,2;9,X14Y8_RMUX55,4,codeword attributed to a uniquely vendor-used member
rrg_edges_full.csv,RMUX07,14,11,RMUX46,14,12,2;9,X14Y8_RMUX55,34,codeword attributed to a uniquely vendor-used member
rrg_edges_full.csv,RMUX07,14,2,RMUX31,14,5,2;9,X14Y1_RMUX55,155,codeword attributed to a uniquely vendor-used member
rrg_edges_full.csv,RMUX07,14,3,RMUX31,14,6,2;9,X14Y2_RMUX55,147,codeword attributed to a uniquely vendor-used member
rrg_edges_full.csv,RMUX07,14,4,RMUX31,14,7,2;9,X14Y3_RMUX55,138,codeword attributed to a uniquely vendor-used member
rrg_edges_full.csv,RMUX07,14,5,RMUX25,14,5,1;9,X14Y2_RMUX55,141,codeword attributed to a uniquely vendor-used member
rrg_edges_full.csv,RMUX07,14,5,RMUX31,14,8,2;9,X14Y4_RMUX55,100,codeword attributed to a uniquely vendor-used member
rrg_edges_full.csv,RMUX07,14,5,RMUX46,14,6,2;9,X14Y2_RMUX55,39,codeword attributed to a uniquely vendor-used member
rrg_edges_full.csv,RMUX07,14,6,RMUX31,14,9,2;9,X14Y5_RMUX55,117,codeword attributed to a uniquely vendor-used member
rrg_edges_full.csv,RMUX07,14,6,RMUX46,14,7,2;9,X14Y3_RMUX55,48,codeword attributed to a uniquely vendor-used member
rrg_edges_full.csv,RMUX07,14,7,RMUX31,14,10,2;9,X14Y6_RMUX55,84,codeword attributed to a uniquely vendor-used member
rrg_edges_full.csv,RMUX07,14,8,RMUX25,14,8,1;9,X14Y5_RMUX55,62,codeword attributed to a uniquely vendor-used member
rrg_edges_full.csv,RMUX07,14,8,RMUX31,14,11,2;9,X14Y7_RMUX55,98,codeword attributed to a uniquely vendor-used member
rrg_edges_full.csv,RMUX07,14,8,RMUX46,14,9,2;9,X14Y5_RMUX55,61,codeword attributed to a uniquely vendor-used member
rrg_edges_full.csv,RMUX07,14,9,RMUX25,14,9,1;9,X14Y6_RMUX55,24,codeword attributed to a uniquely vendor-used member
rrg_edges_full.csv,RMUX07,14,9,RMUX31,14,12,2;9,X14Y8_RMUX55,65,codeword attributed to a uniquely vendor-used member
rrg_edges_full.csv,RMUX07,15,10,RMUX24,15,11,2;9,X15Y7_RMUX55,21,codeword attributed to a uniquely vendor-used member
rrg_edges_full.csv,RMUX07,15,11,RMUX24,15,12,2;9,X15Y8_RMUX55,23,codeword attributed to a uniquely vendor-used member
rrg_edges_full.csv,RMUX07,15,2,RMUX31,15,5,2;9,X15Y1_RMUX55,91,codeword attributed to a uniquely vendor-used member
rrg_edges_full.csv,RMUX07,15,3,RMUX31,15,6,2;9,X15Y2_RMUX55,86,codeword attributed to a uniquely vendor-used member
rrg_edges_full.csv,RMUX07,15,4,RMUX24,15,5,2;9,X15Y1_RMUX55,12,codeword attributed to a uniquely vendor-used member
rrg_edges_full.csv,RMUX07,15,4,RMUX31,15,7,2;9,X15Y3_RMUX55,100,codeword attributed to a uniquely vendor-used member
rrg_edges_full.csv,RMUX07,15,5,RMUX24,15,6,2;9,X15Y2_RMUX55,12,codeword attributed to a uniquely vendor-used member
rrg_edges_full.csv,RMUX07,15,5,RMUX25,15,5,1;9,X15Y2_RMUX55,98,codeword attributed to a uniquely vendor-used member
rrg_edges_full.csv,RMUX07,15,5,RMUX31,15,8,2;9,X15Y4_RMUX55,72,codeword attributed to a uniquely vendor-used member
rrg_edges_full.csv,RMUX07,15,6,RMUX24,15,7,2;9,X15Y3_RMUX55,15,codeword attributed to a uniquely vendor-used member
rrg_edges_full.csv,RMUX07,15,6,RMUX31,15,9,2;9,X15Y5_RMUX55,62,codeword attributed to a uniquely vendor-used member
rrg_edges_full.csv,RMUX07,15,7,RMUX24,15,8,2;9,X15Y4_RMUX55,19,codeword attributed to a uniquely vendor-used member
rrg_edges_full.csv,RMUX07,15,7,RMUX25,15,7,1;9,X15Y4_RMUX55,85,codeword attributed to a uniquely vendor-used member
rrg_edges_full.csv,RMUX07,15,7,RMUX31,15,10,2;9,X15Y6_RMUX55,55,codeword attributed to a uniquely vendor-used member
rrg_edges_full.csv,RMUX07,15,7,RMUX46,15,8,2;9,X15Y4_RMUX55,51,codeword attributed to a uniquely vendor-used member
rrg_edges_full.csv,RMUX07,15,8,RMUX24,15,9,2;9,X15Y5_RMUX55,25,codeword attributed to a uniquely vendor-used member
rrg_edges_full.csv,RMUX07,15,8,RMUX31,15,11,2;9,X15Y7_RMUX55,66,codeword attributed to a uniquely vendor-used member
rrg_edges_full.csv,RMUX07,15,9,RMUX24,15,10,2;9,X15Y6_RMUX55,16,codeword attributed to a uniquely vendor-used member
rrg_edges_full.csv,RMUX07,15,9,RMUX31,15,12,2;9,X15Y8_RMUX55,41,codeword attributed to a uniquely vendor-used member
rrg_edges_full.csv,RMUX07,16,10,RMUX24,16,11,2;9,X16Y7_RMUX55,22,codeword attributed to a uniquely vendor-used member
rrg_edges_full.csv,RMUX07,16,11,RMUX24,16,12,2;9,X16Y8_RMUX55,16,codeword attributed to a uniquely vendor-used member
rrg_edges_full.csv,RMUX07,16,11,RMUX46,16,12,2;9,X16Y8_RMUX55,52,codeword attributed to a uniquely vendor-used member
rrg_edges_full.csv,RMUX07,16,2,RMUX31,16,5,2;9,X16Y1_RMUX55,60,codeword attributed to a uniquely vendor-used member
rrg_edges_full.csv,RMUX07,16,3,RMUX31,16,6,2;9,X16Y2_RMUX55,75,codeword attributed to a uniquely vendor-used member
rrg_edges_full.csv,RMUX07,16,4,RMUX24,16,5,2;9,X16Y1_RMUX55,15,codeword attributed to a uniquely vendor-used member
rrg_edges_full.csv,RMUX07,16,4,RMUX25,16,4,1;9,X16Y1_RMUX55,41,codeword attributed to a uniquely vendor-used member
rrg_edges_full.csv,RMUX07,16,4,RMUX31,16,7,2;9,X16Y3_RMUX55,72,codeword attributed to a uniquely vendor-used member
rrg_edges_full.csv,RMUX07,16,5,RMUX24,16,6,2;9,X16Y2_RMUX55,8,codeword attributed to a uniquely vendor-used member
rrg_edges_full.csv,RMUX07,16,5,RMUX31,16,8,2;9,X16Y4_RMUX55,67,codeword attributed to a uniquely vendor-used member
rrg_edges_full.csv,RMUX07,16,6,RMUX24,16,7,2;9,X16Y3_RMUX55,17,codeword attributed to a uniquely vendor-used member
rrg_edges_full.csv,RMUX07,16,6,RMUX31,16,9,2;9,X16Y5_RMUX55,77,codeword attributed to a uniquely vendor-used member
rrg_edges_full.csv,RMUX07,16,6,RMUX46,16,7,2;9,X16Y3_RMUX55,41,codeword attributed to a uniquely vendor-used member
rrg_edges_full.csv,RMUX07,16,7,RMUX24,16,8,2;9,X16Y4_RMUX55,21,codeword attributed to a uniquely vendor-used member
rrg_edges_full.csv,RMUX07,16,7,RMUX31,16,10,2;9,X16Y6_RMUX55,50,codeword attributed to a uniquely vendor-used member
rrg_edges_full.csv,RMUX07,16,8,RMUX24,16,9,2;9,X16Y5_RMUX55,28,codeword attributed to a uniquely vendor-used member
rrg_edges_full.csv,RMUX07,16,8,RMUX25,16,8,1;9,X16Y5_RMUX55,59,codeword attributed to a uniquely vendor-used member
rrg_edges_full.csv,RMUX07,16,8,RMUX31,16,11,2;9,X16Y7_RMUX55,49,codeword attributed to a uniquely vendor-used member
rrg_edges_full.csv,RMUX07,16,9,RMUX24,16,10,2;9,X16Y6_RMUX55,18,codeword attributed to a uniquely vendor-used member
rrg_edges_full.csv,RMUX07,16,9,RMUX31,16,12,2;9,X16Y8_RMUX55,37,codeword attributed to a uniquely vendor-used member
rrg_edges_full.csv,RMUX07,17,10,RMUX24,17,11,2;9,X17Y7_RMUX55,30,codeword attributed to a uniquely vendor-used member
rrg_edges_full.csv,RMUX07,17,10,RMUX46,17,11,2;9,X17Y7_RMUX55,51,codeword attributed to a uniquely vendor-used member
rrg_edges_full.csv,RMUX07,17,11,RMUX24,17,12,2;9,X17Y8_RMUX55,26,codeword attributed to a uniquely vendor-used member
rrg_edges_full.csv,RMUX07,17,2,RMUX31,17,5,2;9,X17Y1_RMUX55,42,codeword attributed to a uniquely vendor-used member
rrg_edges_full.csv,RMUX07,17,3,RMUX31,17,6,2;9,X17Y2_RMUX55,41,codeword attributed to a uniquely vendor-used member
rrg_edges_full.csv,RMUX07,17,4,RMUX24,17,5,2;9,X17Y1_RMUX55,11,codeword attributed to a uniquely vendor-used member
rrg_edges_full.csv,RMUX07,17,4,RMUX31,17,7,2;9,X17Y3_RMUX55,45,codeword attributed to a uniquely vendor-used member
rrg_edges_full.csv,RMUX07,17,5,RMUX24,17,6,2;9,X17Y2_RMUX55,18,codeword attributed to a uniquely vendor-used member
rrg_edges_full.csv,RMUX07,17,5,RMUX31,17,8,2;9,X17Y4_RMUX55,44,codeword attributed to a uniquely vendor-used member
rrg_edges_full.csv,RMUX07,17,5,RMUX46,17,6,2;9,X17Y2_RMUX55,39,codeword attributed to a uniquely vendor-used member
rrg_edges_full.csv,RMUX07,17,6,RMUX24,17,7,2;9,X17Y3_RMUX55,15,codeword attributed to a uniquely vendor-used member
rrg_edges_full.csv,RMUX07,17,6,RMUX31,17,9,2;9,X17Y5_RMUX55,52,codeword attributed to a uniquely vendor-used member
rrg_edges_full.csv,RMUX07,17,6,RMUX46,17,7,2;9,X17Y3_RMUX55,55,codeword attributed to a uniquely vendor-used member
rrg_edges_full.csv,RMUX07,17,7,RMUX24,17,8,2;9,X17Y4_RMUX55,12,codeword attributed to a uniquely vendor-used member
rrg_edges_full.csv,RMUX07,17,7,RMUX31,17,10,2;9,X17Y6_RMUX55,26,codeword attributed to a uniquely vendor-used member
rrg_edges_full.csv,RMUX07,17,8,RMUX24,17,9,2;9,X17Y5_RMUX55,20,codeword attributed to a uniquely vendor-used member
rrg_edges_full.csv,RMUX07,17,8,RMUX31,17,11,2;9,X17Y7_RMUX55,33,codeword attributed to a uniquely vendor-used member
rrg_edges_full.csv,RMUX07,17,9,RMUX24,17,10,2;9,X17Y6_RMUX55,20,codeword attributed to a uniquely vendor-used member
rrg_edges_full.csv,RMUX07,17,9,RMUX31,17,12,2;9,X17Y8_RMUX55,25,codeword attributed to a uniquely vendor-used member
rrg_edges_full.csv,RMUX07,18,10,RMUX24,18,11,2;9,X18Y7_RMUX55,17,codeword attributed to a uniquely vendor-used member
rrg_edges_full.csv,RMUX07,18,11,RMUX24,18,12,2;9,X18Y8_RMUX55,14,codeword attributed to a uniquely vendor-used member
rrg_edges_full.csv,RMUX07,18,2,RMUX31,18,5,2;9,X18Y1_RMUX55,17,codeword attributed to a uniquely vendor-used member
rrg_edges_full.csv,RMUX07,18,3,RMUX31,18,6,2;9,X18Y2_RMUX55,18,codeword attributed to a uniquely vendor-used member
rrg_edges_full.csv,RMUX07,18,4,RMUX24,18,5,2;9,X18Y1_RMUX55,17,codeword attributed to a uniquely vendor-used member
rrg_edges_full.csv,RMUX07,18,4,RMUX31,18,7,2;9,X18Y3_RMUX55,36,codeword attributed to a uniquely vendor-used member
rrg_edges_full.csv,RMUX07,18,5,RMUX24,18,6,2;9,X18Y2_RMUX55,12,codeword attributed to a uniquely vendor-used member
rrg_edges_full.csv,RMUX07,18,5,RMUX31,18,8,2;9,X18Y4_RMUX55,29,codeword attributed to a uniquely vendor-used member
rrg_edges_full.csv,RMUX07,18,6,RMUX24,18,7,2;9,X18Y3_RMUX55,15,codeword attributed to a uniquely vendor-used member
rrg_edges_full.csv,RMUX07,18,6,RMUX25,18,6,1;9,X18Y3_RMUX55,49,codeword attributed to a uniquely vendor-used member
rrg_edges_full.csv,RMUX07,18,6,RMUX31,18,9,2;9,X18Y5_RMUX55,43,codeword attributed to a uniquely vendor-used member
rrg_edges_full.csv,RMUX07,18,6,RMUX46,18,7,2;9,X18Y3_RMUX55,52,codeword attributed to a uniquely vendor-used member
rrg_edges_full.csv,RMUX07,18,7,RMUX24,18,8,2;9,X18Y4_RMUX55,16,codeword attributed to a uniquely vendor-used member
rrg_edges_full.csv,RMUX07,18,7,RMUX25,18,7,1;9,X18Y4_RMUX55,52,codeword attributed to a uniquely vendor-used member
rrg_edges_full.csv,RMUX07,18,7,RMUX31,18,10,2;9,X18Y6_RMUX55,14,codeword attributed to a uniquely vendor-used member
rrg_edges_full.csv,RMUX07,18,8,RMUX24,18,9,2;9,X18Y5_RMUX55,21,codeword attributed to a uniquely vendor-used member
rrg_edges_full.csv,RMUX07,18,8,RMUX31,18,11,2;9,X18Y7_RMUX55,21,codeword attributed to a uniquely vendor-used member
rrg_edges_full.csv,RMUX07,18,8,RMUX46,18,9,2;9,X18Y5_RMUX55,47,codeword attributed to a uniquely vendor-used member
rrg_edges_full.csv,RMUX07,18,9,RMUX24,18,10,2;9,X18Y6_RMUX55,20,codeword attributed to a uniquely vendor-used member
rrg_edges_full.csv,RMUX07,18,9,RMUX31,18,12,2;9,X18Y8_RMUX55,10,codeword attributed to a uniquely vendor-used member
rrg_edges_full.csv,RMUX07,18,9,RMUX46,18,10,2;9,X18Y6_RMUX55,41,codeword attributed to a uniquely vendor-used member
rrg_edges_full.csv,RMUX07,19,10,RMUX24,19,11,2;9,X19Y7_RMUX55,18,codeword attributed to a uniquely vendor-used member
rrg_edges_full.csv,RMUX07,19,11,RMUX24,19,12,2;9,X19Y8_RMUX55,11,codeword attributed to a uniquely vendor-used member
rrg_edges_full.csv,RMUX07,19,2,RMUX31,19,5,2;9,X19Y1_RMUX55,8,codeword attributed to a uniquely vendor-used member
rrg_edges_full.csv,RMUX07,19,3,RMUX31,19,6,2;9,X19Y2_RMUX55,10,codeword attributed to a uniquely vendor-used member
rrg_edges_full.csv,RMUX07,19,4,RMUX24,19,5,2;9,X19Y1_RMUX55,15,codeword attributed to a uniquely vendor-used member
rrg_edges_full.csv,RMUX07,19,4,RMUX31,19,7,2;9,X19Y3_RMUX55,13,codeword attributed to a uniquely vendor-used member
rrg_edges_full.csv,RMUX07,19,5,RMUX24,19,6,2;9,X19Y2_RMUX55,16,codeword attributed to a uniquely vendor-used member
rrg_edges_full.csv,RMUX07,19,5,RMUX31,19,8,2;9,X19Y4_RMUX55,13,codeword attributed to a uniquely vendor-used member
rrg_edges_full.csv,RMUX07,19,6,RMUX24,19,7,2;9,X19Y3_RMUX55,18,codeword attributed to a uniquely vendor-used member
rrg_edges_full.csv,RMUX07,19,6,RMUX25,19,6,1;9,X19Y3_RMUX55,53,codeword attributed to a uniquely vendor-used member
rrg_edges_full.csv,RMUX07,19,6,RMUX31,19,9,2;9,X19Y5_RMUX55,17,codeword attributed to a uniquely vendor-used member
rrg_edges_full.csv,RMUX07,19,7,RMUX24,19,8,2;9,X19Y4_RMUX55,21,codeword attributed to a uniquely vendor-used member
rrg_edges_full.csv,RMUX07,19,7,RMUX25,19,7,1;9,X19Y4_RMUX55,57,codeword attributed to a uniquely vendor-used member
rrg_edges_full.csv,RMUX07,19,7,RMUX31,19,10,2;9,X19Y6_RMUX55,8,codeword attributed to a uniquely vendor-used member
rrg_edges_full.csv,RMUX07,19,8,RMUX24,19,9,2;9,X19Y5_RMUX55,15,codeword attributed to a uniquely vendor-used member
rrg_edges_full.csv,RMUX07,19,8,RMUX31,19,11,2;9,X19Y7_RMUX55,4,codeword attributed to a uniquely vendor-used member
rrg_edges_full.csv,RMUX07,19,9,RMUX24,19,10,2;9,X19Y6_RMUX55,24,codeword attributed to a uniquely vendor-used member
rrg_edges_full.csv,RMUX07,19,9,RMUX31,19,12,2;9,X19Y8_RMUX55,5,codeword attributed to a uniquely vendor-used member
rrg_edges_full.csv,RMUX07,19,9,RMUX46,19,10,2;9,X19Y6_RMUX55,53,codeword attributed to a uniquely vendor-used member
rrg_edges_full.csv,RMUX07,20,10,RMUX24,20,11,2;9,X20Y7_RMUX55,13,codeword attributed to a uniquely vendor-used member
rrg_edges_full.csv,RMUX07,20,11,RMUX24,20,12,2;9,X20Y8_RMUX55,12,codeword attributed to a uniquely vendor-used member
rrg_edges_full.csv,RMUX07,20,2,RMUX31,20,5,2;9,X20Y1_RMUX55,8,codeword attributed to a uniquely vendor-used member
rrg_edges_full.csv,RMUX07,20,3,RMUX31,20,6,2;9,X20Y2_RMUX55,6,codeword attributed to a uniquely vendor-used member
rrg_edges_full.csv,RMUX07,20,4,RMUX24,20,5,2;9,X20Y1_RMUX55,5,codeword attributed to a uniquely vendor-used member
rrg_edges_full.csv,RMUX07,20,4,RMUX31,20,7,2;9,X20Y3_RMUX55,9,codeword attributed to a uniquely vendor-used member
rrg_edges_full.csv,RMUX07,20,5,RMUX24,20,6,2;9,X20Y2_RMUX55,7,codeword attributed to a uniquely vendor-used member
rrg_edges_full.csv,RMUX07,20,5,RMUX31,20,8,2;9,X20Y4_RMUX55,12,codeword attributed to a uniquely vendor-used member
rrg_edges_full.csv,RMUX07,20,5,RMUX46,20,6,2;9,X20Y2_RMUX55,47,codeword attributed to a uniquely vendor-used member
rrg_edges_full.csv,RMUX07,20,6,RMUX24,20,7,2;9,X20Y3_RMUX55,13,codeword attributed to a uniquely vendor-used member
rrg_edges_full.csv,RMUX07,20,6,RMUX31,20,9,2;9,X20Y5_RMUX55,6,codeword attributed to a uniquely vendor-used member
rrg_edges_full.csv,RMUX07,20,6,RMUX46,20,7,2;9,X20Y3_RMUX55,54,codeword attributed to a uniquely vendor-used member
rrg_edges_full.csv,RMUX07,20,7,RMUX24,20,8,2;9,X20Y4_RMUX55,19,codeword attributed to a uniquely vendor-used member
rrg_edges_full.csv,RMUX07,20,7,RMUX25,20,7,1;9,X20Y4_RMUX55,46,codeword attributed to a uniquely vendor-used member
rrg_edges_full.csv,RMUX07,20,7,RMUX31,20,10,2;9,X20Y6_RMUX55,5,codeword attributed to a uniquely vendor-used member
rrg_edges_full.csv,RMUX07,20,8,RMUX24,20,9,2;9,X20Y5_RMUX55,10,codeword attributed to a uniquely vendor-used member
rrg_edges_full.csv,RMUX07,20,8,RMUX25,20,8,1;9,X20Y5_RMUX55,31,codeword attributed to a uniquely vendor-used member
rrg_edges_full.csv,RMUX07,20,8,RMUX31,20,11,2;9,X20Y7_RMUX55,5,codeword attributed to a uniquely vendor-used member
rrg_edges_full.csv,RMUX07,20,8,RMUX46,20,9,2;9,X20Y5_RMUX55,47,codeword attributed to a uniquely vendor-used member
rrg_edges_full.csv,RMUX07,20,9,RMUX24,20,10,2;9,X20Y6_RMUX55,11,codeword attributed to a uniquely vendor-used member
rrg_edges_full.csv,RMUX07,20,9,RMUX31,20,12,2;9,X20Y8_RMUX55,3,codeword attributed to a uniquely vendor-used member
rrg_edges_full.csv,RMUX08,10,4,RMUX33,9,4,1;8,X13Y4_RMUX56,110,codeword attributed to a uniquely vendor-used member
rrg_edges_full.csv,RMUX08,11,1,RMUX26,10,1,1;8,X14Y1_RMUX56,116,codeword attributed to a uniquely vendor-used member
rrg_edges_full.csv,RMUX08,11,1,RMUX27,10,1,1;8,X14Y1_RMUX56,14,codeword attributed to a uniquely vendor-used member
rrg_edges_full.csv,RMUX08,11,1,RMUX33,10,1,1;8,X14Y1_RMUX56,124,codeword attributed to a uniquely vendor-used member
rrg_edges_full.csv,RMUX08,11,2,RMUX26,10,2,1;8,X14Y2_RMUX56,130,codeword attributed to a uniquely vendor-used member
rrg_edges_full.csv,RMUX08,11,2,RMUX27,10,2,1;8,X14Y2_RMUX56,37,codeword attributed to a uniquely vendor-used member
rrg_edges_full.csv,RMUX08,11,2,RMUX33,10,2,1;8,X14Y2_RMUX56,132,codeword attributed to a uniquely vendor-used member
rrg_edges_full.csv,RMUX08,11,2,RMUX37,10,2,1;8,X14Y2_RMUX56,40,codeword attributed to a uniquely vendor-used member
rrg_edges_full.csv,RMUX08,11,3,RMUX26,10,3,1;8,X14Y3_RMUX56,127,codeword attributed to a uniquely vendor-used member
rrg_edges_full.csv,RMUX08,11,3,RMUX27,10,3,1;8,X14Y3_RMUX56,21,codeword attributed to a uniquely vendor-used member
rrg_edges_full.csv,RMUX08,11,3,RMUX33,10,3,1;8,X14Y3_RMUX56,148,codeword attributed to a uniquely vendor-used member
rrg_edges_full.csv,RMUX08,11,3,RMUX37,10,3,1;8,X14Y3_RMUX56,37,codeword attributed to a uniquely vendor-used member
rrg_edges_full.csv,RMUX08,11,4,RMUX26,10,4,1;8,X14Y4_RMUX56,145,codeword attributed to a uniquely vendor-used member
rrg_edges_full.csv,RMUX08,11,4,RMUX27,10,4,1;8,X14Y4_RMUX56,32,codeword attributed to a uniquely vendor-used member
rrg_edges_full.csv,RMUX08,11,4,RMUX33,10,4,1;8,X14Y4_RMUX56,172,codeword attributed to a uniquely vendor-used member
rrg_edges_full.csv,RMUX08,11,4,RMUX37,10,4,1;8,X14Y4_RMUX56,36,codeword attributed to a uniquely vendor-used member
rrg_edges_full.csv,RMUX08,12,1,RMUX26,11,1,1;8,X15Y1_RMUX56,123,codeword attributed to a uniquely vendor-used member
rrg_edges_full.csv,RMUX08,12,1,RMUX27,11,1,1;8,X15Y1_RMUX56,11,codeword attributed to a uniquely vendor-used member
rrg_edges_full.csv,RMUX08,12,1,RMUX33,11,1,1;8,X15Y1_RMUX56,141,codeword attributed to a uniquely vendor-used member
rrg_edges_full.csv,RMUX08,12,2,RMUX26,11,2,1;8,X15Y2_RMUX56,166,codeword attributed to a uniquely vendor-used member
rrg_edges_full.csv,RMUX08,12,2,RMUX27,11,2,1;8,X15Y2_RMUX56,30,codeword attributed to a uniquely vendor-used member
rrg_edges_full.csv,RMUX08,12,2,RMUX33,11,2,1;8,X15Y2_RMUX56,143,codeword attributed to a uniquely vendor-used member
rrg_edges_full.csv,RMUX08,12,2,RMUX37,11,2,1;8,X15Y2_RMUX56,50,codeword attributed to a uniquely vendor-used member
rrg_edges_full.csv,RMUX08,12,3,RMUX26,11,3,1;8,X15Y3_RMUX56,205,codeword attributed to a uniquely vendor-used member
rrg_edges_full.csv,RMUX08,12,3,RMUX27,11,3,1;8,X15Y3_RMUX56,20,codeword attributed to a uniquely vendor-used member
rrg_edges_full.csv,RMUX08,12,3,RMUX33,11,3,1;8,X15Y3_RMUX56,135,codeword attributed to a uniquely vendor-used member
rrg_edges_full.csv,RMUX08,12,3,RMUX37,11,3,1;8,X15Y3_RMUX56,35,codeword attributed to a uniquely vendor-used member
rrg_edges_full.csv,RMUX08,12,4,RMUX26,11,4,1;8,X15Y4_RMUX56,209,codeword attributed to a uniquely vendor-used member
rrg_edges_full.csv,RMUX08,12,4,RMUX27,11,4,1;8,X15Y4_RMUX56,29,codeword attributed to a uniquely vendor-used member
rrg_edges_full.csv,RMUX08,12,4,RMUX33,11,4,1;8,X15Y4_RMUX56,176,codeword attributed to a uniquely vendor-used member
rrg_edges_full.csv,RMUX08,12,4,RMUX37,11,4,1;8,X15Y4_RMUX56,41,codeword attributed to a uniquely vendor-used member
rrg_edges_full.csv,RMUX08,15,1,RMUX26,14,1,1;8,X18Y1_RMUX56,164,codeword attributed to a uniquely vendor-used member
rrg_edges_full.csv,RMUX08,15,1,RMUX27,14,1,1;8,X18Y1_RMUX56,4,codeword attributed to a uniquely vendor-used member
rrg_edges_full.csv,RMUX08,15,1,RMUX33,14,1,1;8,X18Y1_RMUX56,131,codeword attributed to a uniquely vendor-used member
rrg_edges_full.csv,RMUX08,15,10,RMUX26,14,10,1;8,X18Y10_RMUX56,3,codeword attributed to a uniquely vendor-used member
rrg_edges_full.csv,RMUX08,15,10,RMUX27,14,10,1;8,X18Y10_RMUX56,81,codeword attributed to a uniquely vendor-used member
rrg_edges_full.csv,RMUX08,15,10,RMUX33,14,10,1;8,X18Y10_RMUX56,10,codeword attributed to a uniquely vendor-used member
rrg_edges_full.csv,RMUX08,15,10,RMUX37,14,10,1;8,X18Y10_RMUX56,19,codeword attributed to a uniquely vendor-used member
rrg_edges_full.csv,RMUX08,15,11,RMUX26,14,11,1;8,X18Y11_RMUX56,4,codeword attributed to a uniquely vendor-used member
rrg_edges_full.csv,RMUX08,15,11,RMUX27,14,11,1;8,X18Y11_RMUX56,83,codeword attributed to a uniquely vendor-used member
rrg_edges_full.csv,RMUX08,15,11,RMUX33,14,11,1;8,X18Y11_RMUX56,10,codeword attributed to a uniquely vendor-used member
rrg_edges_full.csv,RMUX08,15,11,RMUX37,14,11,1;8,X18Y11_RMUX56,23,codeword attributed to a uniquely vendor-used member
rrg_edges_full.csv,RMUX08,15,12,RMUX26,14,12,1;8,X18Y12_RMUX56,2,codeword attributed to a uniquely vendor-used member
rrg_edges_full.csv,RMUX08,15,12,RMUX27,14,12,1;8,X18Y12_RMUX56,68,codeword attributed to a uniquely vendor-used member
rrg_edges_full.csv,RMUX08,15,12,RMUX33,14,12,1;8,X18Y12_RMUX56,7,codeword attributed to a uniquely vendor-used member
rrg_edges_full.csv,RMUX08,15,12,RMUX37,14,12,1;8,X18Y12_RMUX56,13,codeword attributed to a uniquely vendor-used member
rrg_edges_full.csv,RMUX08,15,2,RMUX26,14,2,1;8,X18Y2_RMUX56,153,codeword attributed to a uniquely vendor-used member
rrg_edges_full.csv,RMUX08,15,2,RMUX27,14,2,1;8,X18Y2_RMUX56,23,codeword attributed to a uniquely vendor-used member
rrg_edges_full.csv,RMUX08,15,2,RMUX33,14,2,1;8,X18Y2_RMUX56,93,codeword attributed to a uniquely vendor-used member
rrg_edges_full.csv,RMUX08,15,2,RMUX37,14,2,1;8,X18Y2_RMUX56,20,codeword attributed to a uniquely vendor-used member
rrg_edges_full.csv,RMUX08,15,3,RMUX26,14,3,1;8,X18Y3_RMUX56,198,codeword attributed to a uniquely vendor-used member
rrg_edges_full.csv,RMUX08,15,3,RMUX27,14,3,1;8,X18Y3_RMUX56,18,codeword attributed to a uniquely vendor-used member
rrg_edges_full.csv,RMUX08,15,3,RMUX33,14,3,1;8,X18Y3_RMUX56,122,codeword attributed to a uniquely vendor-used member
rrg_edges_full.csv,RMUX08,15,3,RMUX37,14,3,1;8,X18Y3_RMUX56,26,codeword attributed to a uniquely vendor-used member
rrg_edges_full.csv,RMUX08,15,4,RMUX26,14,4,1;8,X18Y4_RMUX56,229,codeword attributed to a uniquely vendor-used member
rrg_edges_full.csv,RMUX08,15,4,RMUX27,14,4,1;8,X18Y4_RMUX56,28,codeword attributed to a uniquely vendor-used member
rrg_edges_full.csv,RMUX08,15,4,RMUX33,14,4,1;8,X18Y4_RMUX56,125,codeword attributed to a uniquely vendor-used member
rrg_edges_full.csv,RMUX08,15,4,RMUX37,14,4,1;8,X18Y4_RMUX56,38,codeword attributed to a uniquely vendor-used member
rrg_edges_full.csv,RMUX08,15,5,RMUX26,14,5,1;8,X18Y5_RMUX56,6,codeword attributed to a uniquely vendor-used member
rrg_edges_full.csv,RMUX08,15,5,RMUX27,14,5,1;8,X18Y5_RMUX56,130,codeword attributed to a uniquely vendor-used member
rrg_edges_full.csv,RMUX08,15,5,RMUX33,14,5,1;8,X18Y5_RMUX56,9,codeword attributed to a uniquely vendor-used member
rrg_edges_full.csv,RMUX08,15,5,RMUX37,14,5,1;8,X18Y5_RMUX56,69,codeword attributed to a uniquely vendor-used member
rrg_edges_full.csv,RMUX08,15,6,RMUX26,14,6,1;8,X18Y6_RMUX56,12,codeword attributed to a uniquely vendor-used member
rrg_edges_full.csv,RMUX08,15,6,RMUX27,14,6,1;8,X18Y6_RMUX56,89,codeword attributed to a uniquely vendor-used member
rrg_edges_full.csv,RMUX08,15,6,RMUX33,14,6,1;8,X18Y6_RMUX56,14,codeword attributed to a uniquely vendor-used member
rrg_edges_full.csv,RMUX08,15,6,RMUX37,14,6,1;8,X18Y6_RMUX56,64,codeword attributed to a uniquely vendor-used member
rrg_edges_full.csv,RMUX08,15,7,RMUX26,14,7,1;8,X18Y7_RMUX56,7,codeword attributed to a uniquely vendor-used member
rrg_edges_full.csv,RMUX08,15,7,RMUX27,14,7,1;8,X18Y7_RMUX56,80,codeword attributed to a uniquely vendor-used member
rrg_edges_full.csv,RMUX08,15,7,RMUX33,14,7,1;8,X18Y7_RMUX56,9,codeword attributed to a uniquely vendor-used member
rrg_edges_full.csv,RMUX08,15,7,RMUX37,14,7,1;8,X18Y7_RMUX56,91,codeword attributed to a uniquely vendor-used member
rrg_edges_full.csv,RMUX08,15,8,RMUX26,14,8,1;8,X18Y8_RMUX56,8,codeword attributed to a uniquely vendor-used member
rrg_edges_full.csv,RMUX08,15,8,RMUX27,14,8,1;8,X18Y8_RMUX56,107,codeword attributed to a uniquely vendor-used member
rrg_edges_full.csv,RMUX08,15,8,RMUX33,14,8,1;8,X18Y8_RMUX56,10,codeword attributed to a uniquely vendor-used member
rrg_edges_full.csv,RMUX08,15,8,RMUX37,14,8,1;8,X18Y8_RMUX56,54,codeword attributed to a uniquely vendor-used member
rrg_edges_full.csv,RMUX08,15,9,RMUX26,14,9,1;8,X18Y9_RMUX56,8,codeword attributed to a uniquely vendor-used member
rrg_edges_full.csv,RMUX08,15,9,RMUX27,14,9,1;8,X18Y9_RMUX56,84,codeword attributed to a uniquely vendor-used member
rrg_edges_full.csv,RMUX08,15,9,RMUX33,14,9,1;8,X18Y9_RMUX56,10,codeword attributed to a uniquely vendor-used member
rrg_edges_full.csv,RMUX08,15,9,RMUX37,14,9,1;8,X18Y9_RMUX56,35,codeword attributed to a uniquely vendor-used member
rrg_edges_full.csv,RMUX08,16,1,RMUX26,15,1,1;8,X19Y1_RMUX56,150,codeword attributed to a uniquely vendor-used member
rrg_edges_full.csv,RMUX08,16,1,RMUX27,15,1,1;8,X19Y1_RMUX56,3,codeword attributed to a uniquely vendor-used member
rrg_edges_full.csv,RMUX08,16,1,RMUX33,15,1,1;8,X19Y1_RMUX56,92,codeword attributed to a uniquely vendor-used member
rrg_edges_full.csv,RMUX08,16,10,RMUX26,15,10,1;8,X19Y10_RMUX56,6,codeword attributed to a uniquely vendor-used member
rrg_edges_full.csv,RMUX08,16,10,RMUX27,15,10,1;8,X19Y10_RMUX56,74,codeword attributed to a uniquely vendor-used member
rrg_edges_full.csv,RMUX08,16,10,RMUX33,15,10,1;8,X19Y10_RMUX56,8,codeword attributed to a uniquely vendor-used member
rrg_edges_full.csv,RMUX08,16,10,RMUX37,15,10,1;8,X19Y10_RMUX56,41,codeword attributed to a uniquely vendor-used member
rrg_edges_full.csv,RMUX08,16,11,RMUX26,15,11,1;8,X19Y11_RMUX56,4,codeword attributed to a uniquely vendor-used member
rrg_edges_full.csv,RMUX08,16,11,RMUX27,15,11,1;8,X19Y11_RMUX56,64,codeword attributed to a uniquely vendor-used member
rrg_edges_full.csv,RMUX08,16,11,RMUX33,15,11,1;8,X19Y11_RMUX56,11,codeword attributed to a uniquely vendor-used member
rrg_edges_full.csv,RMUX08,16,11,RMUX37,15,11,1;8,X19Y11_RMUX56,22,codeword attributed to a uniquely vendor-used member
rrg_edges_full.csv,RMUX08,16,12,RMUX26,15,12,1;8,X19Y12_RMUX56,3,codeword attributed to a uniquely vendor-used member
rrg_edges_full.csv,RMUX08,16,12,RMUX27,15,12,1;8,X19Y12_RMUX56,45,codeword attributed to a uniquely vendor-used member
rrg_edges_full.csv,RMUX08,16,12,RMUX33,15,12,1;8,X19Y12_RMUX56,8,codeword attributed to a uniquely vendor-used member
rrg_edges_full.csv,RMUX08,16,12,RMUX37,15,12,1;8,X19Y12_RMUX56,23,codeword attributed to a uniquely vendor-used member
rrg_edges_full.csv,RMUX08,16,2,RMUX26,15,2,1;8,X19Y2_RMUX56,106,codeword attributed to a uniquely vendor-used member
rrg_edges_full.csv,RMUX08,16,2,RMUX27,15,2,1;8,X19Y2_RMUX56,12,codeword attributed to a uniquely vendor-used member
rrg_edges_full.csv,RMUX08,16,2,RMUX33,15,2,1;8,X19Y2_RMUX56,89,codeword attributed to a uniquely vendor-used member
rrg_edges_full.csv,RMUX08,16,2,RMUX37,15,2,1;8,X19Y2_RMUX56,36,codeword attributed to a uniquely vendor-used member
rrg_edges_full.csv,RMUX08,16,3,RMUX26,15,3,1;8,X19Y3_RMUX56,155,codeword attributed to a uniquely vendor-used member
rrg_edges_full.csv,RMUX08,16,3,RMUX27,15,3,1;8,X19Y3_RMUX56,16,codeword attributed to a uniquely vendor-used member
rrg_edges_full.csv,RMUX08,16,3,RMUX33,15,3,1;8,X19Y3_RMUX56,97,codeword attributed to a uniquely vendor-used member
rrg_edges_full.csv,RMUX08,16,3,RMUX37,15,3,1;8,X19Y3_RMUX56,33,codeword attributed to a uniquely vendor-used member
rrg_edges_full.csv,RMUX08,16,4,RMUX26,15,4,1;8,X19Y4_RMUX56,191,codeword attributed to a uniquely vendor-used member
rrg_edges_full.csv,RMUX08,16,4,RMUX27,15,4,1;8,X19Y4_RMUX56,30,codeword attributed to a uniquely vendor-used member
rrg_edges_full.csv,RMUX08,16,4,RMUX33,15,4,1;8,X19Y4_RMUX56,86,codeword attributed to a uniquely vendor-used member
rrg_edges_full.csv,RMUX08,16,4,RMUX37,15,4,1;8,X19Y4_RMUX56,39,codeword attributed to a uniquely vendor-used member
rrg_edges_full.csv,RMUX08,16,5,RMUX26,15,5,1;8,X19Y5_RMUX56,6,codeword attributed to a uniquely vendor-used member
rrg_edges_full.csv,RMUX08,16,5,RMUX27,15,5,1;8,X19Y5_RMUX56,88,codeword attributed to a uniquely vendor-used member
rrg_edges_full.csv,RMUX08,16,5,RMUX33,15,5,1;8,X19Y5_RMUX56,5,codeword attributed to a uniquely vendor-used member
rrg_edges_full.csv,RMUX08,16,5,RMUX37,15,5,1;8,X19Y5_RMUX56,88,codeword attributed to a uniquely vendor-used member
rrg_edges_full.csv,RMUX08,16,6,RMUX26,15,6,1;8,X19Y6_RMUX56,2,codeword attributed to a uniquely vendor-used member
rrg_edges_full.csv,RMUX08,16,6,RMUX27,15,6,1;8,X19Y6_RMUX56,63,codeword attributed to a uniquely vendor-used member
rrg_edges_full.csv,RMUX08,16,6,RMUX33,15,6,1;8,X19Y6_RMUX56,10,codeword attributed to a uniquely vendor-used member
rrg_edges_full.csv,RMUX08,16,6,RMUX37,15,6,1;8,X19Y6_RMUX56,65,codeword attributed to a uniquely vendor-used member
rrg_edges_full.csv,RMUX08,16,7,RMUX26,15,7,1;8,X19Y7_RMUX56,6,codeword attributed to a uniquely vendor-used member
rrg_edges_full.csv,RMUX08,16,7,RMUX27,15,7,1;8,X19Y7_RMUX56,59,codeword attributed to a uniquely vendor-used member
rrg_edges_full.csv,RMUX08,16,7,RMUX33,15,7,1;8,X19Y7_RMUX56,9,codeword attributed to a uniquely vendor-used member
rrg_edges_full.csv,RMUX08,16,7,RMUX37,15,7,1;8,X19Y7_RMUX56,62,codeword attributed to a uniquely vendor-used member
rrg_edges_full.csv,RMUX08,16,8,RMUX26,15,8,1;8,X19Y8_RMUX56,2,codeword attributed to a uniquely vendor-used member
rrg_edges_full.csv,RMUX08,16,8,RMUX27,15,8,1;8,X19Y8_RMUX56,44,codeword attributed to a uniquely vendor-used member
rrg_edges_full.csv,RMUX08,16,8,RMUX33,15,8,1;8,X19Y8_RMUX56,12,codeword attributed to a uniquely vendor-used member
rrg_edges_full.csv,RMUX08,16,8,RMUX37,15,8,1;8,X19Y8_RMUX56,58,codeword attributed to a uniquely vendor-used member
rrg_edges_full.csv,RMUX08,16,9,RMUX26,15,9,1;8,X19Y9_RMUX56,6,codeword attributed to a uniquely vendor-used member
rrg_edges_full.csv,RMUX08,16,9,RMUX27,15,9,1;8,X19Y9_RMUX56,59,codeword attributed to a uniquely vendor-used member
rrg_edges_full.csv,RMUX08,16,9,RMUX33,15,9,1;8,X19Y9_RMUX56,9,codeword attributed to a uniquely vendor-used member
rrg_edges_full.csv,RMUX08,16,9,RMUX37,15,9,1;8,X19Y9_RMUX56,28,codeword attributed to a uniquely vendor-used member
rrg_edges_full.csv,RMUX08,17,1,RMUX26,16,1,1;8,X20Y1_RMUX56,126,codeword attributed to a uniquely vendor-used member
rrg_edges_full.csv,RMUX08,17,1,RMUX27,16,1,1;8,X20Y1_RMUX56,3,codeword attributed to a uniquely vendor-used member
rrg_edges_full.csv,RMUX08,17,1,RMUX33,16,1,1;8,X20Y1_RMUX56,80,codeword attributed to a uniquely vendor-used member
rrg_edges_full.csv,RMUX08,17,10,RMUX26,16,10,1;8,X20Y10_RMUX56,6,codeword attributed to a uniquely vendor-used member
rrg_edges_full.csv,RMUX08,17,10,RMUX27,16,10,1;8,X20Y10_RMUX56,49,codeword attributed to a uniquely vendor-used member
rrg_edges_full.csv,RMUX08,17,10,RMUX33,16,10,1;8,X20Y10_RMUX56,12,codeword attributed to a uniquely vendor-used member
rrg_edges_full.csv,RMUX08,17,10,RMUX37,16,10,1;8,X20Y10_RMUX56,20,codeword attributed to a uniquely vendor-used member
rrg_edges_full.csv,RMUX08,17,11,RMUX26,16,11,1;8,X20Y11_RMUX56,5,codeword attributed to a uniquely vendor-used member
rrg_edges_full.csv,RMUX08,17,11,RMUX27,16,11,1;8,X20Y11_RMUX56,43,codeword attributed to a uniquely vendor-used member
rrg_edges_full.csv,RMUX08,17,11,RMUX33,16,11,1;8,X20Y11_RMUX56,11,codeword attributed to a uniquely vendor-used member
rrg_edges_full.csv,RMUX08,17,11,RMUX37,16,11,1;8,X20Y11_RMUX56,20,codeword attributed to a uniquely vendor-used member
rrg_edges_full.csv,RMUX08,17,12,RMUX26,16,12,1;8,X20Y12_RMUX56,6,codeword attributed to a uniquely vendor-used member
rrg_edges_full.csv,RMUX08,17,12,RMUX27,16,12,1;8,X20Y12_RMUX56,36,codeword attributed to a uniquely vendor-used member
rrg_edges_full.csv,RMUX08,17,12,RMUX33,16,12,1;8,X20Y12_RMUX56,11,codeword attributed to a uniquely vendor-used member
rrg_edges_full.csv,RMUX08,17,12,RMUX37,16,12,1;8,X20Y12_RMUX56,15,codeword attributed to a uniquely vendor-used member
rrg_edges_full.csv,RMUX08,17,2,RMUX26,16,2,1;8,X20Y2_RMUX56,105,codeword attributed to a uniquely vendor-used member
rrg_edges_full.csv,RMUX08,17,2,RMUX27,16,2,1;8,X20Y2_RMUX56,11,codeword attributed to a uniquely vendor-used member
rrg_edges_full.csv,RMUX08,17,2,RMUX33,16,2,1;8,X20Y2_RMUX56,53,codeword attributed to a uniquely vendor-used member
rrg_edges_full.csv,RMUX08,17,2,RMUX37,16,2,1;8,X20Y2_RMUX56,35,codeword attributed to a uniquely vendor-used member
rrg_edges_full.csv,RMUX08,17,3,RMUX26,16,3,1;8,X20Y3_RMUX56,103,codeword attributed to a uniquely vendor-used member
rrg_edges_full.csv,RMUX08,17,3,RMUX27,16,3,1;8,X20Y3_RMUX56,10,codeword attributed to a uniquely vendor-used member
rrg_edges_full.csv,RMUX08,17,3,RMUX33,16,3,1;8,X20Y3_RMUX56,74,codeword attributed to a uniquely vendor-used member
rrg_edges_full.csv,RMUX08,17,3,RMUX37,16,3,1;8,X20Y3_RMUX56,26,codeword attributed to a uniquely vendor-used member
rrg_edges_full.csv,RMUX08,17,4,RMUX26,16,4,1;8,X20Y4_RMUX56,109,codeword attributed to a uniquely vendor-used member
rrg_edges_full.csv,RMUX08,17,4,RMUX27,16,4,1;8,X20Y4_RMUX56,27,codeword attributed to a uniquely vendor-used member
rrg_edges_full.csv,RMUX08,17,4,RMUX33,16,4,1;8,X20Y4_RMUX56,50,codeword attributed to a uniquely vendor-used member
rrg_edges_full.csv,RMUX08,17,4,RMUX37,16,4,1;8,X20Y4_RMUX56,40,codeword attributed to a uniquely vendor-used member
rrg_edges_full.csv,RMUX08,17,5,RMUX26,16,5,1;8,X20Y5_RMUX56,7,codeword attributed to a uniquely vendor-used member
rrg_edges_full.csv,RMUX08,17,5,RMUX27,16,5,1;8,X20Y5_RMUX56,52,codeword attributed to a uniquely vendor-used member
rrg_edges_full.csv,RMUX08,17,5,RMUX33,16,5,1;8,X20Y5_RMUX56,14,codeword attributed to a uniquely vendor-used member
rrg_edges_full.csv,RMUX08,17,5,RMUX37,16,5,1;8,X20Y5_RMUX56,54,codeword attributed to a uniquely vendor-used member
rrg_edges_full.csv,RMUX08,17,6,RMUX26,16,6,1;8,X20Y6_RMUX56,4,codeword attributed to a uniquely vendor-used member
rrg_edges_full.csv,RMUX08,17,6,RMUX27,16,6,1;8,X20Y6_RMUX56,47,codeword attributed to a uniquely vendor-used member
rrg_edges_full.csv,RMUX08,17,6,RMUX33,16,6,1;8,X20Y6_RMUX56,8,codeword attributed to a uniquely vendor-used member
rrg_edges_full.csv,RMUX08,17,6,RMUX37,16,6,1;8,X20Y6_RMUX56,47,codeword attributed to a uniquely vendor-used member
rrg_edges_full.csv,RMUX08,17,7,RMUX26,16,7,1;8,X20Y7_RMUX56,5,codeword attributed to a uniquely vendor-used member
rrg_edges_full.csv,RMUX08,17,7,RMUX27,16,7,1;8,X20Y7_RMUX56,54,codeword attributed to a uniquely vendor-used member
rrg_edges_full.csv,RMUX08,17,7,RMUX33,16,7,1;8,X20Y7_RMUX56,8,codeword attributed to a uniquely vendor-used member
rrg_edges_full.csv,RMUX08,17,7,RMUX37,16,7,1;8,X20Y7_RMUX56,36,codeword attributed to a uniquely vendor-used member
rrg_edges_full.csv,RMUX08,17,8,RMUX26,16,8,1;8,X20Y8_RMUX56,5,codeword attributed to a uniquely vendor-used member
rrg_edges_full.csv,RMUX08,17,8,RMUX27,16,8,1;8,X20Y8_RMUX56,50,codeword attributed to a uniquely vendor-used member
rrg_edges_full.csv,RMUX08,17,8,RMUX33,16,8,1;8,X20Y8_RMUX56,11,codeword attributed to a uniquely vendor-used member
rrg_edges_full.csv,RMUX08,17,8,RMUX37,16,8,1;8,X20Y8_RMUX56,50,codeword attributed to a uniquely vendor-used member
rrg_edges_full.csv,RMUX08,17,9,RMUX26,16,9,1;8,X20Y9_RMUX56,3,codeword attributed to a uniquely vendor-used member
rrg_edges_full.csv,RMUX08,17,9,RMUX27,16,9,1;8,X20Y9_RMUX56,68,codeword attributed to a uniquely vendor-used member
rrg_edges_full.csv,RMUX08,17,9,RMUX33,16,9,1;8,X20Y9_RMUX56,12,codeword attributed to a uniquely vendor-used member
rrg_edges_full.csv,RMUX08,17,9,RMUX37,16,9,1;8,X20Y9_RMUX56,33,codeword attributed to a uniquely vendor-used member
rrg_edges_full.csv,RMUX08,18,3,RMUX26,17,3,1;8,X21Y3_RMUX56,52,codeword attributed to a uniquely vendor-used member
rrg_edges_full.csv,RMUX08,18,6,RMUX37,17,6,1;8,X21Y6_RMUX56,18,codeword attributed to a uniquely vendor-used member
rrg_edges_full.csv,RMUX08,2,1,RMUX27,1,1,1;8,X5Y1_RMUX56,5,codeword attributed to a uniquely vendor-used member
rrg_edges_full.csv,RMUX08,2,1,RMUX33,1,1,1;8,X5Y1_RMUX56,3,codeword attributed to a uniquely vendor-used member
rrg_edges_full.csv,RMUX08,2,2,RMUX27,1,2,1;8,X5Y2_RMUX56,4,codeword attributed to a uniquely vendor-used member
rrg_edges_full.csv,RMUX08,2,2,RMUX33,1,2,1;8,X5Y2_RMUX56,3,codeword attributed to a uniquely vendor-used member
rrg_edges_full.csv,RMUX08,2,2,RMUX37,1,2,1;8,X5Y2_RMUX56,7,codeword attributed to a uniquely vendor-used member
rrg_edges_full.csv,RMUX08,2,3,RMUX27,1,3,1;8,X5Y3_RMUX56,7,codeword attributed to a uniquely vendor-used member
rrg_edges_full.csv,RMUX08,2,3,RMUX33,1,3,1;8,X5Y3_RMUX56,2,codeword attributed to a uniquely vendor-used member
rrg_edges_full.csv,RMUX08,2,3,RMUX37,1,3,1;8,X5Y3_RMUX56,6,codeword attributed to a uniquely vendor-used member
rrg_edges_full.csv,RMUX08,2,4,RMUX27,1,4,1;8,X5Y4_RMUX56,7,codeword attributed to a uniquely vendor-used member
rrg_edges_full.csv,RMUX08,2,4,RMUX33,1,4,1;8,X5Y4_RMUX56,3,codeword attributed to a uniquely vendor-used member
rrg_edges_full.csv,RMUX08,2,4,RMUX37,1,4,1;8,X5Y4_RMUX56,6,codeword attributed to a uniquely vendor-used member
rrg_edges_full.csv,RMUX08,3,1,RMUX26,2,1,1;8,X6Y1_RMUX56,6,codeword attributed to a uniquely vendor-used member
rrg_edges_full.csv,RMUX08,3,1,RMUX27,2,1,1;8,X6Y1_RMUX56,5,codeword attributed to a uniquely vendor-used member
rrg_edges_full.csv,RMUX08,3,1,RMUX33,2,1,1;8,X6Y1_RMUX56,6,codeword attributed to a uniquely vendor-used member
rrg_edges_full.csv,RMUX08,3,2,RMUX26,2,2,1;8,X6Y2_RMUX56,2,codeword attributed to a uniquely vendor-used member
rrg_edges_full.csv,RMUX08,3,2,RMUX27,2,2,1;8,X6Y2_RMUX56,12,codeword attributed to a uniquely vendor-used member
rrg_edges_full.csv,RMUX08,3,2,RMUX33,2,2,1;8,X6Y2_RMUX56,3,codeword attributed to a uniquely vendor-used member
rrg_edges_full.csv,RMUX08,3,2,RMUX37,2,2,1;8,X6Y2_RMUX56,5,codeword attributed to a uniquely vendor-used member
rrg_edges_full.csv,RMUX08,3,3,RMUX26,2,3,1;8,X6Y3_RMUX56,3,codeword attributed to a uniquely vendor-used member
rrg_edges_full.csv,RMUX08,3,3,RMUX27,2,3,1;8,X6Y3_RMUX56,11,codeword attributed to a uniquely vendor-used member
rrg_edges_full.csv,RMUX08,3,3,RMUX33,2,3,1;8,X6Y3_RMUX56,7,codeword attributed to a uniquely vendor-used member
rrg_edges_full.csv,RMUX08,3,3,RMUX37,2,3,1;8,X6Y3_RMUX56,7,codeword attributed to a uniquely vendor-used member
rrg_edges_full.csv,RMUX08,3,4,RMUX26,2,4,1;8,X6Y4_RMUX56,4,codeword attributed to a uniquely vendor-used member
rrg_edges_full.csv,RMUX08,3,4,RMUX27,2,4,1;8,X6Y4_RMUX56,9,codeword attributed to a uniquely vendor-used member
rrg_edges_full.csv,RMUX08,3,4,RMUX33,2,4,1;8,X6Y4_RMUX56,4,codeword attributed to a uniquely vendor-used member
rrg_edges_full.csv,RMUX08,3,4,RMUX37,2,4,1;8,X6Y4_RMUX56,11,codeword attributed to a uniquely vendor-used member
rrg_edges_full.csv,RMUX08,4,1,RMUX27,3,1,1;8,X7Y1_RMUX56,6,codeword attributed to a uniquely vendor-used member
rrg_edges_full.csv,RMUX08,4,1,RMUX33,3,1,1;8,X7Y1_RMUX56,6,codeword attributed to a uniquely vendor-used member
rrg_edges_full.csv,RMUX08,4,2,RMUX26,3,2,1;8,X7Y2_RMUX56,5,codeword attributed to a uniquely vendor-used member
rrg_edges_full.csv,RMUX08,4,2,RMUX27,3,2,1;8,X7Y2_RMUX56,9,codeword attributed to a uniquely vendor-used member
rrg_edges_full.csv,RMUX08,4,2,RMUX33,3,2,1;8,X7Y2_RMUX56,3,codeword attributed to a uniquely vendor-used member
rrg_edges_full.csv,RMUX08,4,2,RMUX37,3,2,1;8,X7Y2_RMUX56,11,codeword attributed to a uniquely vendor-used member
rrg_edges_full.csv,RMUX08,4,3,RMUX26,3,3,1;8,X7Y3_RMUX56,7,codeword attributed to a uniquely vendor-used member
rrg_edges_full.csv,RMUX08,4,3,RMUX27,3,3,1;8,X7Y3_RMUX56,9,codeword attributed to a uniquely vendor-used member
rrg_edges_full.csv,RMUX08,4,3,RMUX33,3,3,1;8,X7Y3_RMUX56,11,codeword attributed to a uniquely vendor-used member
rrg_edges_full.csv,RMUX08,4,3,RMUX37,3,3,1;8,X7Y3_RMUX56,13,codeword attributed to a uniquely vendor-used member
rrg_edges_full.csv,RMUX08,4,4,RMUX26,3,4,1;8,X7Y4_RMUX56,6,codeword attributed to a uniquely vendor-used member
rrg_edges_full.csv,RMUX08,4,4,RMUX27,3,4,1;8,X7Y4_RMUX56,7,codeword attributed to a uniquely vendor-used member
rrg_edges_full.csv,RMUX08,4,4,RMUX33,3,4,1;8,X7Y4_RMUX56,9,codeword attributed to a uniquely vendor-used member
rrg_edges_full.csv,RMUX08,4,4,RMUX37,3,4,1;8,X7Y4_RMUX56,23,codeword attributed to a uniquely vendor-used member
rrg_edges_full.csv,RMUX08,5,1,RMUX26,4,1,1;8,X8Y1_RMUX56,9,codeword attributed to a uniquely vendor-used member
rrg_edges_full.csv,RMUX08,5,1,RMUX27,4,1,1;8,X8Y1_RMUX56,3,codeword attributed to a uniquely vendor-used member
rrg_edges_full.csv,RMUX08,5,1,RMUX33,4,1,1;8,X8Y1_RMUX56,11,codeword attributed to a uniquely vendor-used member
rrg_edges_full.csv,RMUX08,5,2,RMUX26,4,2,1;8,X8Y2_RMUX56,35,codeword attributed to a uniquely vendor-used member
rrg_edges_full.csv,RMUX08,5,2,RMUX27,4,2,1;8,X8Y2_RMUX56,21,codeword attributed to a uniquely vendor-used member
rrg_edges_full.csv,RMUX08,5,2,RMUX33,4,2,1;8,X8Y2_RMUX56,62,codeword attributed to a uniquely vendor-used member
rrg_edges_full.csv,RMUX08,5,2,RMUX37,4,2,1;8,X8Y2_RMUX56,21,codeword attributed to a uniquely vendor-used member
rrg_edges_full.csv,RMUX08,5,3,RMUX26,4,3,1;8,X8Y3_RMUX56,66,codeword attributed to a uniquely vendor-used member
rrg_edges_full.csv,RMUX08,5,3,RMUX27,4,3,1;8,X8Y3_RMUX56,22,codeword attributed to a uniquely vendor-used member
rrg_edges_full.csv,RMUX08,5,3,RMUX33,4,3,1;8,X8Y3_RMUX56,104,codeword attributed to a uniquely vendor-used member
rrg_edges_full.csv,RMUX08,5,3,RMUX37,4,3,1;8,X8Y3_RMUX56,24,codeword attributed to a uniquely vendor-used member
rrg_edges_full.csv,RMUX08,5,4,RMUX26,4,4,1;8,X8Y4_RMUX56,44,codeword attributed to a uniquely vendor-used member
rrg_edges_full.csv,RMUX08,5,4,RMUX27,4,4,1;8,X8Y4_RMUX56,22,codeword attributed to a uniquely vendor-used member
rrg_edges_full.csv,RMUX08,5,4,RMUX33,4,4,1;8,X8Y4_RMUX56,181,codeword attributed to a uniquely vendor-used member
rrg_edges_full.csv,RMUX08,5,4,RMUX37,4,4,1;8,X8Y4_RMUX56,22,codeword attributed to a uniquely vendor-used member
rrg_edges_full.csv,RMUX08,6,1,RMUX26,5,1,1;8,X9Y1_RMUX56,16,codeword attributed to a uniquely vendor-used member
rrg_edges_full.csv,RMUX08,6,1,RMUX27,5,1,1;8,X9Y1_RMUX56,8,codeword attributed to a uniquely vendor-used member
rrg_edges_full.csv,RMUX08,6,1,RMUX33,5,1,1;8,X9Y1_RMUX56,40,codeword attributed to a uniquely vendor-used member
rrg_edges_full.csv,RMUX08,6,2,RMUX26,5,2,1;8,X9Y2_RMUX56,19,codeword attributed to a uniquely vendor-used member
rrg_edges_full.csv,RMUX08,6,2,RMUX27,5,2,1;8,X9Y2_RMUX56,21,codeword attributed to a uniquely vendor-used member
rrg_edges_full.csv,RMUX08,6,2,RMUX33,5,2,1;8,X9Y2_RMUX56,27,codeword attributed to a uniquely vendor-used member
rrg_edges_full.csv,RMUX08,6,2,RMUX37,5,2,1;8,X9Y2_RMUX56,20,codeword attributed to a uniquely vendor-used member
rrg_edges_full.csv,RMUX08,6,3,RMUX26,5,3,1;8,X9Y3_RMUX56,13,codeword attributed to a uniquely vendor-used member
rrg_edges_full.csv,RMUX08,6,3,RMUX27,5,3,1;8,X9Y3_RMUX56,26,codeword attributed to a uniquely vendor-used member
rrg_edges_full.csv,RMUX08,6,3,RMUX33,5,3,1;8,X9Y3_RMUX56,50,codeword attributed to a uniquely vendor-used member
rrg_edges_full.csv,RMUX08,6,3,RMUX37,5,3,1;8,X9Y3_RMUX56,16,codeword attributed to a uniquely vendor-used member
rrg_edges_full.csv,RMUX08,6,4,RMUX26,5,4,1;8,X9Y4_RMUX56,19,codeword attributed to a uniquely vendor-used member
rrg_edges_full.csv,RMUX08,6,4,RMUX27,5,4,1;8,X9Y4_RMUX56,23,codeword attributed to a uniquely vendor-used member
rrg_edges_full.csv,RMUX08,6,4,RMUX33,5,4,1;8,X9Y4_RMUX56,32,codeword attributed to a uniquely vendor-used member
rrg_edges_full.csv,RMUX08,6,4,RMUX37,5,4,1;8,X9Y4_RMUX56,31,codeword attributed to a uniquely vendor-used member
rrg_edges_full.csv,RMUX08,7,1,RMUX26,6,1,1;8,X10Y1_RMUX56,30,codeword attributed to a uniquely vendor-used member
rrg_edges_full.csv,RMUX08,7,1,RMUX27,6,1,1;8,X10Y1_RMUX56,9,codeword attributed to a uniquely vendor-used member
rrg_edges_full.csv,RMUX08,7,1,RMUX33,6,1,1;8,X10Y1_RMUX56,79,codeword attributed to a uniquely vendor-used member
rrg_edges_full.csv,RMUX08,7,1,RMUX37,6,1,1;8,X10Y1_RMUX56,2,codeword attributed to a uniquely vendor-used member
rrg_edges_full.csv,RMUX08,7,2,RMUX26,6,2,1;8,X10Y2_RMUX56,15,codeword attributed to a uniquely vendor-used member
rrg_edges_full.csv,RMUX08,7,2,RMUX27,6,2,1;8,X10Y2_RMUX56,35,codeword attributed to a uniquely vendor-used member
rrg_edges_full.csv,RMUX08,7,2,RMUX33,6,2,1;8,X10Y2_RMUX56,44,codeword attributed to a uniquely vendor-used member
rrg_edges_full.csv,RMUX08,7,2,RMUX37,6,2,1;8,X10Y2_RMUX56,41,codeword attributed to a uniquely vendor-used member
rrg_edges_full.csv,RMUX08,7,3,RMUX26,6,3,1;8,X10Y3_RMUX56,24,codeword attributed to a uniquely vendor-used member
rrg_edges_full.csv,RMUX08,7,3,RMUX27,6,3,1;8,X10Y3_RMUX56,42,codeword attributed to a uniquely vendor-used member
rrg_edges_full.csv,RMUX08,7,3,RMUX33,6,3,1;8,X10Y3_RMUX56,73,codeword attributed to a uniquely vendor-used member
rrg_edges_full.csv,RMUX08,7,3,RMUX37,6,3,1;8,X10Y3_RMUX56,45,codeword attributed to a uniquely vendor-used member
rrg_edges_full.csv,RMUX08,7,4,RMUX26,6,4,1;8,X10Y4_RMUX56,13,codeword attributed to a uniquely vendor-used member
rrg_edges_full.csv,RMUX08,7,4,RMUX27,6,4,1;8,X10Y4_RMUX56,53,codeword attributed to a uniquely vendor-used member
rrg_edges_full.csv,RMUX08,7,4,RMUX33,6,4,1;8,X10Y4_RMUX56,71,codeword attributed to a uniquely vendor-used member
rrg_edges_full.csv,RMUX08,7,4,RMUX37,6,4,1;8,X10Y4_RMUX56,65,codeword attributed to a uniquely vendor-used member
rrg_edges_full.csv,RMUX08,8,1,RMUX26,7,1,1;8,X11Y1_RMUX56,49,codeword attributed to a uniquely vendor-used member
rrg_edges_full.csv,RMUX08,8,1,RMUX27,7,1,1;8,X11Y1_RMUX56,14,codeword attributed to a uniquely vendor-used member
rrg_edges_full.csv,RMUX08,8,1,RMUX33,7,1,1;8,X11Y1_RMUX56,81,codeword attributed to a uniquely vendor-used member
rrg_edges_full.csv,RMUX08,8,2,RMUX26,7,2,1;8,X11Y2_RMUX56,41,codeword attributed to a uniquely vendor-used member
rrg_edges_full.csv,RMUX08,8,2,RMUX27,7,2,1;8,X11Y2_RMUX56,26,codeword attributed to a uniquely vendor-used member
rrg_edges_full.csv,RMUX08,8,2,RMUX33,7,2,1;8,X11Y2_RMUX56,77,codeword attributed to a uniquely vendor-used member
rrg_edges_full.csv,RMUX08,8,2,RMUX37,7,2,1;8,X11Y2_RMUX56,57,codeword attributed to a uniquely vendor-used member
rrg_edges_full.csv,RMUX08,8,3,RMUX26,7,3,1;8,X11Y3_RMUX56,33,codeword attributed to a uniquely vendor-used member
rrg_edges_full.csv,RMUX08,8,3,RMUX27,7,3,1;8,X11Y3_RMUX56,58,codeword attributed to a uniquely vendor-used member
rrg_edges_full.csv,RMUX08,8,3,RMUX33,7,3,1;8,X11Y3_RMUX56,82,codeword attributed to a uniquely vendor-used member
rrg_edges_full.csv,RMUX08,8,3,RMUX37,7,3,1;8,X11Y3_RMUX56,66,codeword attributed to a uniquely vendor-used member
rrg_edges_full.csv,RMUX08,8,4,RMUX26,7,4,1;8,X11Y4_RMUX56,35,codeword attributed to a uniquely vendor-used member
rrg_edges_full.csv,RMUX08,8,4,RMUX27,7,4,1;8,X11Y4_RMUX56,99,codeword attributed to a uniquely vendor-used member
rrg_edges_full.csv,RMUX08,8,4,RMUX33,7,4,1;8,X11Y4_RMUX56,91,codeword attributed to a uniquely vendor-used member
rrg_edges_full.csv,RMUX08,8,4,RMUX37,7,4,1;8,X11Y4_RMUX56,104,codeword attributed to a uniquely vendor-used member
rrg_edges_full.csv,RMUX08,9,1,RMUX26,8,1,1;8,X12Y1_RMUX56,58,codeword attributed to a uniquely vendor-used member
rrg_edges_full.csv,RMUX08,9,1,RMUX27,8,1,1;8,X12Y1_RMUX56,14,codeword attributed to a uniquely vendor-used member
rrg_edges_full.csv,RMUX08,9,1,RMUX33,8,1,1;8,X12Y1_RMUX56,123,codeword attributed to a uniquely vendor-used member
rrg_edges_full.csv,RMUX08,9,1,RMUX37,8,1,1;8,X12Y1_RMUX56,2,codeword attributed to a uniquely vendor-used member
rrg_edges_full.csv,RMUX08,9,2,RMUX26,8,2,1;8,X12Y2_RMUX56,110,codeword attributed to a uniquely vendor-used member
rrg_edges_full.csv,RMUX08,9,2,RMUX27,8,2,1;8,X12Y2_RMUX56,52,codeword attributed to a uniquely vendor-used member
rrg_edges_full.csv,RMUX08,9,2,RMUX33,8,2,1;8,X12Y2_RMUX56,89,codeword attributed to a uniquely vendor-used member
rrg_edges_full.csv,RMUX08,9,2,RMUX37,8,2,1;8,X12Y2_RMUX56,52,codeword attributed to a uniquely vendor-used member
rrg_edges_full.csv,RMUX08,9,3,RMUX26,8,3,1;8,X12Y3_RMUX56,175,codeword attributed to a uniquely vendor-used member
rrg_edges_full.csv,RMUX08,9,3,RMUX27,8,3,1;8,X12Y3_RMUX56,61,codeword attributed to a uniquely vendor-used member
rrg_edges_full.csv,RMUX08,9,3,RMUX33,8,3,1;8,X12Y3_RMUX56,108,codeword attributed to a uniquely vendor-used member
rrg_edges_full.csv,RMUX08,9,3,RMUX37,8,3,1;8,X12Y3_RMUX56,77,codeword attributed to a uniquely vendor-used member
rrg_edges_full.csv,RMUX08,9,4,RMUX26,8,4,1;8,X12Y4_RMUX56,197,codeword attributed to a uniquely vendor-used member
rrg_edges_full.csv,RMUX08,9,4,RMUX27,8,4,1;8,X12Y4_RMUX56,100,codeword attributed to a uniquely vendor-used member
rrg_edges_full.csv,RMUX08,9,4,RMUX33,8,4,1;8,X12Y4_RMUX56,113,codeword attributed to a uniquely vendor-used member
rrg_edges_full.csv,RMUX08,9,4,RMUX37,8,4,1;8,X12Y4_RMUX56,126,codeword attributed to a uniquely vendor-used member
rrg_edges_full.csv,RMUX09,1,1,RMUX38,1,1,5;9,X1Y4_RMUX57,5,codeword attributed to a uniquely vendor-used member
rrg_edges_full.csv,RMUX09,1,3,RMUX38,1,1,5;9,X1Y4_RMUX57,5,codeword attributed to a uniquely vendor-used member
rrg_edges_full.csv,RMUX09,10,1,RMUX38,10,1,5;9,X10Y4_RMUX57,31,codeword attributed to a uniquely vendor-used member
rrg_edges_full.csv,RMUX09,10,3,RMUX38,10,1,5;9,X10Y4_RMUX57,31,codeword attributed to a uniquely vendor-used member
rrg_edges_full.csv,RMUX09,11,1,RMUX38,11,1,5;9,X11Y4_RMUX57,36,codeword attributed to a uniquely vendor-used member
rrg_edges_full.csv,RMUX09,11,3,RMUX38,11,1,5;9,X11Y4_RMUX57,36,codeword attributed to a uniquely vendor-used member
rrg_edges_full.csv,RMUX09,12,1,RMUX38,12,1,5;9,X12Y4_RMUX57,31,codeword attributed to a uniquely vendor-used member
rrg_edges_full.csv,RMUX09,12,3,RMUX38,12,1,5;9,X12Y4_RMUX57,31,codeword attributed to a uniquely vendor-used member
rrg_edges_full.csv,RMUX09,14,1,RMUX38,14,1,5;9,X14Y4_RMUX57,15,codeword attributed to a uniquely vendor-used member
rrg_edges_full.csv,RMUX09,14,10,RMUX38,14,8,5;9,X14Y11_RMUX57,13,codeword attributed to a uniquely vendor-used member
rrg_edges_full.csv,RMUX09,14,11,RMUX38,14,9,5;9,X14Y12_RMUX57,14,codeword attributed to a uniquely vendor-used member
rrg_edges_full.csv,RMUX09,14,2,RMUX38,14,2,5;9,X14Y5_RMUX57,11,codeword attributed to a uniquely vendor-used member
rrg_edges_full.csv,RMUX09,14,2,RMUX44,14,1,6;9,X14Y5_RMUX57,2,codeword attributed to a uniquely vendor-used member
rrg_edges_full.csv,RMUX09,14,3,RMUX38,14,1,5;9,X14Y4_RMUX57,15,codeword attributed to a uniquely vendor-used member
rrg_edges_full.csv,RMUX09,14,3,RMUX38,14,3,5;9,X14Y6_RMUX57,24,codeword attributed to a uniquely vendor-used member
rrg_edges_full.csv,RMUX09,14,3,RMUX44,14,2,6;9,X14Y6_RMUX57,2,codeword attributed to a uniquely vendor-used member
rrg_edges_full.csv,RMUX09,14,4,RMUX38,14,2,5;9,X14Y5_RMUX57,11,codeword attributed to a uniquely vendor-used member
rrg_edges_full.csv,RMUX09,14,4,RMUX38,14,4,5;9,X14Y7_RMUX57,29,codeword attributed to a uniquely vendor-used member
rrg_edges_full.csv,RMUX09,14,4,RMUX44,14,3,6;9,X14Y7_RMUX57,9,codeword attributed to a uniquely vendor-used member
rrg_edges_full.csv,RMUX09,14,5,RMUX38,14,3,5;9,X14Y6_RMUX57,24,codeword attributed to a uniquely vendor-used member
rrg_edges_full.csv,RMUX09,14,5,RMUX38,14,5,5;9,X14Y8_RMUX57,21,codeword attributed to a uniquely vendor-used member
rrg_edges_full.csv,RMUX09,14,5,RMUX44,14,4,6;9,X14Y8_RMUX57,41,codeword attributed to a uniquely vendor-used member
rrg_edges_full.csv,RMUX09,14,6,RMUX38,14,4,5;9,X14Y7_RMUX57,29,codeword attributed to a uniquely vendor-used member
rrg_edges_full.csv,RMUX09,14,6,RMUX38,14,6,5;9,X14Y9_RMUX57,7,codeword attributed to a uniquely vendor-used member
rrg_edges_full.csv,RMUX09,14,6,RMUX44,14,5,6;9,X14Y9_RMUX57,175,codeword attributed to a uniquely vendor-used member
rrg_edges_full.csv,RMUX09,14,7,RMUX38,14,5,5;9,X14Y8_RMUX57,21,codeword attributed to a uniquely vendor-used member
rrg_edges_full.csv,RMUX09,14,7,RMUX38,14,7,5;9,X14Y10_RMUX57,10,codeword attributed to a uniquely vendor-used member
rrg_edges_full.csv,RMUX09,14,7,RMUX44,14,6,6;9,X14Y10_RMUX57,161,codeword attributed to a uniquely vendor-used member
rrg_edges_full.csv,RMUX09,14,8,RMUX38,14,6,5;9,X14Y9_RMUX57,7,codeword attributed to a uniquely vendor-used member
rrg_edges_full.csv,RMUX09,14,8,RMUX38,14,8,5;9,X14Y11_RMUX57,13,codeword attributed to a uniquely vendor-used member
rrg_edges_full.csv,RMUX09,14,8,RMUX44,14,7,6;9,X14Y11_RMUX57,167,codeword attributed to a uniquely vendor-used member
rrg_edges_full.csv,RMUX09,14,9,RMUX38,14,7,5;9,X14Y10_RMUX57,10,codeword attributed to a uniquely vendor-used member
rrg_edges_full.csv,RMUX09,14,9,RMUX38,14,9,5;9,X14Y12_RMUX57,14,codeword attributed to a uniquely vendor-used member
rrg_edges_full.csv,RMUX09,14,9,RMUX44,14,8,6;9,X14Y12_RMUX57,116,codeword attributed to a uniquely vendor-used member
rrg_edges_full.csv,RMUX09,15,1,RMUX38,15,1,5;9,X15Y4_RMUX57,28,codeword attributed to a uniquely vendor-used member
rrg_edges_full.csv,RMUX09,15,10,RMUX38,15,7,6;9,X15Y11_RMUX57,55,codeword attributed to a uniquely vendor-used member
rrg_edges_full.csv,RMUX09,15,10,RMUX38,15,8,5;9,X15Y11_RMUX57,19,codeword attributed to a uniquely vendor-used member
rrg_edges_full.csv,RMUX09,15,11,RMUX38,15,9,5;9,X15Y12_RMUX57,9,codeword attributed to a uniquely vendor-used member
rrg_edges_full.csv,RMUX09,15,2,RMUX38,15,2,5;9,X15Y5_RMUX57,10,codeword attributed to a uniquely vendor-used member
rrg_edges_full.csv,RMUX09,15,2,RMUX44,15,1,6;9,X15Y5_RMUX57,2,codeword attributed to a uniquely vendor-used member
rrg_edges_full.csv,RMUX09,15,3,RMUX38,15,1,5;9,X15Y4_RMUX57,28,codeword attributed to a uniquely vendor-used member
rrg_edges_full.csv,RMUX09,15,3,RMUX38,15,3,5;9,X15Y6_RMUX57,15,codeword attributed to a uniquely vendor-used member
rrg_edges_full.csv,RMUX09,15,3,RMUX44,15,2,6;9,X15Y6_RMUX57,3,codeword attributed to a uniquely vendor-used member
rrg_edges_full.csv,RMUX09,15,4,RMUX38,15,2,5;9,X15Y5_RMUX57,10,codeword attributed to a uniquely vendor-used member
rrg_edges_full.csv,RMUX09,15,4,RMUX38,15,4,5;9,X15Y7_RMUX57,25,codeword attributed to a uniquely vendor-used member
rrg_edges_full.csv,RMUX09,15,4,RMUX44,15,3,6;9,X15Y7_RMUX57,13,codeword attributed to a uniquely vendor-used member
rrg_edges_full.csv,RMUX09,15,5,RMUX38,15,3,5;9,X15Y6_RMUX57,15,codeword attributed to a uniquely vendor-used member
rrg_edges_full.csv,RMUX09,15,5,RMUX38,15,5,5;9,X15Y8_RMUX57,13,codeword attributed to a uniquely vendor-used member
rrg_edges_full.csv,RMUX09,15,5,RMUX44,15,4,6;9,X15Y8_RMUX57,63,codeword attributed to a uniquely vendor-used member
rrg_edges_full.csv,RMUX09,15,6,RMUX38,15,4,5;9,X15Y7_RMUX57,25,codeword attributed to a uniquely vendor-used member
rrg_edges_full.csv,RMUX09,15,6,RMUX38,15,6,5;9,X15Y9_RMUX57,13,codeword attributed to a uniquely vendor-used member
rrg_edges_full.csv,RMUX09,15,6,RMUX44,15,5,6;9,X15Y9_RMUX57,160,codeword attributed to a uniquely vendor-used member
rrg_edges_full.csv,RMUX09,15,7,RMUX38,15,5,5;9,X15Y8_RMUX57,13,codeword attributed to a uniquely vendor-used member
rrg_edges_full.csv,RMUX09,15,7,RMUX38,15,7,5;9,X15Y10_RMUX57,15,codeword attributed to a uniquely vendor-used member
rrg_edges_full.csv,RMUX09,15,7,RMUX44,15,6,6;9,X15Y10_RMUX57,126,codeword attributed to a uniquely vendor-used member
rrg_edges_full.csv,RMUX09,15,8,RMUX38,15,6,5;9,X15Y9_RMUX57,13,codeword attributed to a uniquely vendor-used member
rrg_edges_full.csv,RMUX09,15,8,RMUX38,15,7,6;9,X15Y11_RMUX57,55,codeword attributed to a uniquely vendor-used member
rrg_edges_full.csv,RMUX09,15,8,RMUX38,15,8,5;9,X15Y11_RMUX57,19,codeword attributed to a uniquely vendor-used member
rrg_edges_full.csv,RMUX09,15,8,RMUX44,15,7,6;9,X15Y11_RMUX57,159,codeword attributed to a uniquely vendor-used member
rrg_edges_full.csv,RMUX09,15,9,RMUX38,15,7,5;9,X15Y10_RMUX57,15,codeword attributed to a uniquely vendor-used member
rrg_edges_full.csv,RMUX09,15,9,RMUX38,15,9,5;9,X15Y12_RMUX57,9,codeword attributed to a uniquely vendor-used member
rrg_edges_full.csv,RMUX09,15,9,RMUX44,15,8,6;9,X15Y12_RMUX57,170,codeword attributed to a uniquely vendor-used member
rrg_edges_full.csv,RMUX09,16,1,RMUX38,16,1,5;9,X16Y4_RMUX57,23,codeword attributed to a uniquely vendor-used member
rrg_edges_full.csv,RMUX09,16,10,RMUX38,16,7,6;9,X16Y11_RMUX57,31,codeword attributed to a uniquely vendor-used member
rrg_edges_full.csv,RMUX09,16,10,RMUX38,16,8,5;9,X16Y11_RMUX57,15,codeword attributed to a uniquely vendor-used member
rrg_edges_full.csv,RMUX09,16,11,RMUX38,16,9,5;9,X16Y12_RMUX57,6,codeword attributed to a uniquely vendor-used member
rrg_edges_full.csv,RMUX09,16,2,RMUX38,16,2,5;9,X16Y5_RMUX57,21,codeword attributed to a uniquely vendor-used member
rrg_edges_full.csv,RMUX09,16,2,RMUX44,16,1,6;9,X16Y5_RMUX57,3,codeword attributed to a uniquely vendor-used member
rrg_edges_full.csv,RMUX09,16,3,RMUX38,16,1,5;9,X16Y4_RMUX57,23,codeword attributed to a uniquely vendor-used member
rrg_edges_full.csv,RMUX09,16,3,RMUX38,16,3,5;9,X16Y6_RMUX57,19,codeword attributed to a uniquely vendor-used member
rrg_edges_full.csv,RMUX09,16,4,RMUX38,16,2,5;9,X16Y5_RMUX57,21,codeword attributed to a uniquely vendor-used member
rrg_edges_full.csv,RMUX09,16,4,RMUX38,16,3,6;9,X16Y7_RMUX57,48,codeword attributed to a uniquely vendor-used member
rrg_edges_full.csv,RMUX09,16,4,RMUX38,16,4,5;9,X16Y7_RMUX57,21,codeword attributed to a uniquely vendor-used member
rrg_edges_full.csv,RMUX09,16,4,RMUX44,16,3,6;9,X16Y7_RMUX57,9,codeword attributed to a uniquely vendor-used member
rrg_edges_full.csv,RMUX09,16,5,RMUX38,16,3,5;9,X16Y6_RMUX57,19,codeword attributed to a uniquely vendor-used member
rrg_edges_full.csv,RMUX09,16,5,RMUX38,16,4,6;9,X16Y8_RMUX57,87,codeword attributed to a uniquely vendor-used member
rrg_edges_full.csv,RMUX09,16,5,RMUX38,16,5,5;9,X16Y8_RMUX57,7,codeword attributed to a uniquely vendor-used member
rrg_edges_full.csv,RMUX09,16,5,RMUX44,16,4,6;9,X16Y8_RMUX57,36,codeword attributed to a uniquely vendor-used member
rrg_edges_full.csv,RMUX09,16,6,RMUX38,16,3,6;9,X16Y7_RMUX57,48,codeword attributed to a uniquely vendor-used member
rrg_edges_full.csv,RMUX09,16,6,RMUX38,16,4,5;9,X16Y7_RMUX57,21,codeword attributed to a uniquely vendor-used member
rrg_edges_full.csv,RMUX09,16,6,RMUX38,16,6,5;9,X16Y9_RMUX57,10,codeword attributed to a uniquely vendor-used member
rrg_edges_full.csv,RMUX09,16,6,RMUX44,16,5,6;9,X16Y9_RMUX57,135,codeword attributed to a uniquely vendor-used member
rrg_edges_full.csv,RMUX09,16,7,RMUX38,16,4,6;9,X16Y8_RMUX57,87,codeword attributed to a uniquely vendor-used member
rrg_edges_full.csv,RMUX09,16,7,RMUX38,16,5,5;9,X16Y8_RMUX57,7,codeword attributed to a uniquely vendor-used member
rrg_edges_full.csv,RMUX09,16,7,RMUX38,16,6,6;9,X16Y10_RMUX57,22,codeword attributed to a uniquely vendor-used member
rrg_edges_full.csv,RMUX09,16,7,RMUX38,16,7,5;9,X16Y10_RMUX57,18,codeword attributed to a uniquely vendor-used member
rrg_edges_full.csv,RMUX09,16,7,RMUX44,16,6,6;9,X16Y10_RMUX57,88,codeword attributed to a uniquely vendor-used member
rrg_edges_full.csv,RMUX09,16,8,RMUX38,16,6,5;9,X16Y9_RMUX57,10,codeword attributed to a uniquely vendor-used member
rrg_edges_full.csv,RMUX09,16,8,RMUX38,16,7,6;9,X16Y11_RMUX57,31,codeword attributed to a uniquely vendor-used member
rrg_edges_full.csv,RMUX09,16,8,RMUX38,16,8,5;9,X16Y11_RMUX57,15,codeword attributed to a uniquely vendor-used member
rrg_edges_full.csv,RMUX09,16,8,RMUX44,16,7,6;9,X16Y11_RMUX57,120,codeword attributed to a uniquely vendor-used member
rrg_edges_full.csv,RMUX09,16,9,RMUX38,16,6,6;9,X16Y10_RMUX57,22,codeword attributed to a uniquely vendor-used member
rrg_edges_full.csv,RMUX09,16,9,RMUX38,16,7,5;9,X16Y10_RMUX57,18,codeword attributed to a uniquely vendor-used member
rrg_edges_full.csv,RMUX09,16,9,RMUX38,16,9,5;9,X16Y12_RMUX57,6,codeword attributed to a uniquely vendor-used member
rrg_edges_full.csv,RMUX09,16,9,RMUX44,16,8,6;9,X16Y12_RMUX57,134,codeword attributed to a uniquely vendor-used member
rrg_edges_full.csv,RMUX09,17,1,RMUX38,17,1,5;9,X17Y4_RMUX57,31,codeword attributed to a uniquely vendor-used member
rrg_edges_full.csv,RMUX09,17,10,RMUX38,17,8,5;9,X17Y11_RMUX57,9,codeword attributed to a uniquely vendor-used member
rrg_edges_full.csv,RMUX09,17,11,RMUX38,17,9,5;9,X17Y12_RMUX57,3,codeword attributed to a uniquely vendor-used member
rrg_edges_full.csv,RMUX09,17,2,RMUX38,17,2,5;9,X17Y5_RMUX57,11,codeword attributed to a uniquely vendor-used member
rrg_edges_full.csv,RMUX09,17,3,RMUX38,17,1,5;9,X17Y4_RMUX57,31,codeword attributed to a uniquely vendor-used member
rrg_edges_full.csv,RMUX09,17,3,RMUX38,17,3,5;9,X17Y6_RMUX57,15,codeword attributed to a uniquely vendor-used member
rrg_edges_full.csv,RMUX09,17,4,RMUX38,17,2,5;9,X17Y5_RMUX57,11,codeword attributed to a uniquely vendor-used member
rrg_edges_full.csv,RMUX09,17,4,RMUX38,17,4,5;9,X17Y7_RMUX57,8,codeword attributed to a uniquely vendor-used member
rrg_edges_full.csv,RMUX09,17,4,RMUX44,17,3,6;9,X17Y7_RMUX57,5,codeword attributed to a uniquely vendor-used member
rrg_edges_full.csv,RMUX09,17,5,RMUX38,17,3,5;9,X17Y6_RMUX57,15,codeword attributed to a uniquely vendor-used member
rrg_edges_full.csv,RMUX09,17,5,RMUX38,17,4,6;9,X17Y8_RMUX57,48,codeword attributed to a uniquely vendor-used member
rrg_edges_full.csv,RMUX09,17,5,RMUX38,17,5,5;9,X17Y8_RMUX57,4,codeword attributed to a uniquely vendor-used member
rrg_edges_full.csv,RMUX09,17,5,RMUX44,17,4,6;9,X17Y8_RMUX57,24,codeword attributed to a uniquely vendor-used member
rrg_edges_full.csv,RMUX09,17,6,RMUX38,17,4,5;9,X17Y7_RMUX57,8,codeword attributed to a uniquely vendor-used member
rrg_edges_full.csv,RMUX09,17,6,RMUX38,17,6,5;9,X17Y9_RMUX57,12,codeword attributed to a uniquely vendor-used member
rrg_edges_full.csv,RMUX09,17,6,RMUX44,17,5,6;9,X17Y9_RMUX57,90,codeword attributed to a uniquely vendor-used member
rrg_edges_full.csv,RMUX09,17,7,RMUX38,17,4,6;9,X17Y8_RMUX57,48,codeword attributed to a uniquely vendor-used member
rrg_edges_full.csv,RMUX09,17,7,RMUX38,17,5,5;9,X17Y8_RMUX57,4,codeword attributed to a uniquely vendor-used member
rrg_edges_full.csv,RMUX09,17,7,RMUX38,17,7,5;9,X17Y10_RMUX57,6,codeword attributed to a uniquely vendor-used member
rrg_edges_full.csv,RMUX09,17,7,RMUX44,17,6,6;9,X17Y10_RMUX57,66,codeword attributed to a uniquely vendor-used member
rrg_edges_full.csv,RMUX09,17,8,RMUX38,17,6,5;9,X17Y9_RMUX57,12,codeword attributed to a uniquely vendor-used member
rrg_edges_full.csv,RMUX09,17,8,RMUX38,17,8,5;9,X17Y11_RMUX57,9,codeword attributed to a uniquely vendor-used member
rrg_edges_full.csv,RMUX09,17,8,RMUX44,17,7,6;9,X17Y11_RMUX57,88,codeword attributed to a uniquely vendor-used member
rrg_edges_full.csv,RMUX09,17,9,RMUX38,17,7,5;9,X17Y10_RMUX57,6,codeword attributed to a uniquely vendor-used member
rrg_edges_full.csv,RMUX09,17,9,RMUX38,17,9,5;9,X17Y12_RMUX57,3,codeword attributed to a uniquely vendor-used member
rrg_edges_full.csv,RMUX09,17,9,RMUX44,17,8,6;9,X17Y12_RMUX57,107,codeword attributed to a uniquely vendor-used member
rrg_edges_full.csv,RMUX09,18,1,RMUX38,18,1,5;9,X18Y4_RMUX57,45,codeword attributed to a uniquely vendor-used member
rrg_edges_full.csv,RMUX09,18,10,RMUX38,18,8,5;9,X18Y11_RMUX57,3,codeword attributed to a uniquely vendor-used member
rrg_edges_full.csv,RMUX09,18,11,RMUX38,18,9,5;9,X18Y12_RMUX57,5,codeword attributed to a uniquely vendor-used member
rrg_edges_full.csv,RMUX09,18,2,RMUX38,18,2,5;9,X18Y5_RMUX57,10,codeword attributed to a uniquely vendor-used member
rrg_edges_full.csv,RMUX09,18,3,RMUX38,18,1,5;9,X18Y4_RMUX57,45,codeword attributed to a uniquely vendor-used member
rrg_edges_full.csv,RMUX09,18,3,RMUX38,18,3,5;9,X18Y6_RMUX57,6,codeword attributed to a uniquely vendor-used member
rrg_edges_full.csv,RMUX09,18,3,RMUX44,18,2,6;9,X18Y6_RMUX57,3,codeword attributed to a uniquely vendor-used member
rrg_edges_full.csv,RMUX09,18,4,RMUX38,18,2,5;9,X18Y5_RMUX57,10,codeword attributed to a uniquely vendor-used member
rrg_edges_full.csv,RMUX09,18,4,RMUX38,18,4,5;9,X18Y7_RMUX57,7,codeword attributed to a uniquely vendor-used member
rrg_edges_full.csv,RMUX09,18,4,RMUX44,18,3,6;9,X18Y7_RMUX57,2,codeword attributed to a uniquely vendor-used member
rrg_edges_full.csv,RMUX09,18,5,RMUX38,18,3,5;9,X18Y6_RMUX57,6,codeword attributed to a uniquely vendor-used member
rrg_edges_full.csv,RMUX09,18,5,RMUX38,18,5,5;9,X18Y8_RMUX57,4,codeword attributed to a uniquely vendor-used member
rrg_edges_full.csv,RMUX09,18,5,RMUX44,18,4,6;9,X18Y8_RMUX57,31,codeword attributed to a uniquely vendor-used member
rrg_edges_full.csv,RMUX09,18,6,RMUX38,18,4,5;9,X18Y7_RMUX57,7,codeword attributed to a uniquely vendor-used member
rrg_edges_full.csv,RMUX09,18,6,RMUX38,18,6,5;9,X18Y9_RMUX57,5,codeword attributed to a uniquely vendor-used member
rrg_edges_full.csv,RMUX09,18,6,RMUX44,18,5,6;9,X18Y9_RMUX57,89,codeword attributed to a uniquely vendor-used member
rrg_edges_full.csv,RMUX09,18,7,RMUX38,18,5,5;9,X18Y8_RMUX57,4,codeword attributed to a uniquely vendor-used member
rrg_edges_full.csv,RMUX09,18,7,RMUX38,18,7,5;9,X18Y10_RMUX57,4,codeword attributed to a uniquely vendor-used member
rrg_edges_full.csv,RMUX09,18,7,RMUX44,18,6,6;9,X18Y10_RMUX57,78,codeword attributed to a uniquely vendor-used member
rrg_edges_full.csv,RMUX09,18,8,RMUX38,18,6,5;9,X18Y9_RMUX57,5,codeword attributed to a uniquely vendor-used member
rrg_edges_full.csv,RMUX09,18,8,RMUX38,18,8,5;9,X18Y11_RMUX57,3,codeword attributed to a uniquely vendor-used member
rrg_edges_full.csv,RMUX09,18,8,RMUX44,18,7,6;9,X18Y11_RMUX57,109,codeword attributed to a uniquely vendor-used member
rrg_edges_full.csv,RMUX09,18,9,RMUX38,18,7,5;9,X18Y10_RMUX57,4,codeword attributed to a uniquely vendor-used member
rrg_edges_full.csv,RMUX09,18,9,RMUX38,18,9,5;9,X18Y12_RMUX57,5,codeword attributed to a uniquely vendor-used member
rrg_edges_full.csv,RMUX09,18,9,RMUX44,18,8,6;9,X18Y12_RMUX57,115,codeword attributed to a uniquely vendor-used member
rrg_edges_full.csv,RMUX09,19,1,RMUX38,19,1,5;9,X19Y4_RMUX57,27,codeword attributed to a uniquely vendor-used member
rrg_edges_full.csv,RMUX09,19,10,RMUX38,19,7,6;9,X19Y11_RMUX57,6,codeword attributed to a uniquely vendor-used member
rrg_edges_full.csv,RMUX09,19,10,RMUX38,19,8,5;9,X19Y11_RMUX57,2,codeword attributed to a uniquely vendor-used member
rrg_edges_full.csv,RMUX09,19,11,RMUX38,19,9,5;9,X19Y12_RMUX57,5,codeword attributed to a uniquely vendor-used member
rrg_edges_full.csv,RMUX09,19,2,RMUX38,19,2,5;9,X19Y5_RMUX57,3,codeword attributed to a uniquely vendor-used member
rrg_edges_full.csv,RMUX09,19,3,RMUX38,19,1,5;9,X19Y4_RMUX57,27,codeword attributed to a uniquely vendor-used member
rrg_edges_full.csv,RMUX09,19,3,RMUX38,19,3,5;9,X19Y6_RMUX57,9,codeword attributed to a uniquely vendor-used member
rrg_edges_full.csv,RMUX09,19,4,RMUX38,19,2,5;9,X19Y5_RMUX57,3,codeword attributed to a uniquely vendor-used member
rrg_edges_full.csv,RMUX09,19,4,RMUX38,19,4,5;9,X19Y7_RMUX57,7,codeword attributed to a uniquely vendor-used member
rrg_edges_full.csv,RMUX09,19,4,RMUX44,19,3,6;9,X19Y7_RMUX57,3,codeword attributed to a uniquely vendor-used member
rrg_edges_full.csv,RMUX09,19,5,RMUX38,19,3,5;9,X19Y6_RMUX57,9,codeword attributed to a uniquely vendor-used member
rrg_edges_full.csv,RMUX09,19,5,RMUX38,19,5,5;9,X19Y8_RMUX57,7,codeword attributed to a uniquely vendor-used member
rrg_edges_full.csv,RMUX09,19,5,RMUX44,19,4,6;9,X19Y8_RMUX57,13,codeword attributed to a uniquely vendor-used member
rrg_edges_full.csv,RMUX09,19,6,RMUX38,19,4,5;9,X19Y7_RMUX57,7,codeword attributed to a uniquely vendor-used member
rrg_edges_full.csv,RMUX09,19,6,RMUX38,19,5,6;9,X19Y9_RMUX57,7,codeword attributed to a uniquely vendor-used member
rrg_edges_full.csv,RMUX09,19,6,RMUX38,19,6,5;9,X19Y9_RMUX57,3,codeword attributed to a uniquely vendor-used member
rrg_edges_full.csv,RMUX09,19,6,RMUX44,19,5,6;9,X19Y9_RMUX57,82,codeword attributed to a uniquely vendor-used member
rrg_edges_full.csv,RMUX09,19,7,RMUX38,19,5,5;9,X19Y8_RMUX57,7,codeword attributed to a uniquely vendor-used member
rrg_edges_full.csv,RMUX09,19,7,RMUX38,19,7,5;9,X19Y10_RMUX57,4,codeword attributed to a uniquely vendor-used member
rrg_edges_full.csv,RMUX09,19,7,RMUX44,19,6,6;9,X19Y10_RMUX57,64,codeword attributed to a uniquely vendor-used member
rrg_edges_full.csv,RMUX09,19,8,RMUX38,19,5,6;9,X19Y9_RMUX57,7,codeword attributed to a uniquely vendor-used member
rrg_edges_full.csv,RMUX09,19,8,RMUX38,19,6,5;9,X19Y9_RMUX57,3,codeword attributed to a uniquely vendor-used member
rrg_edges_full.csv,RMUX09,19,8,RMUX38,19,7,6;9,X19Y11_RMUX57,6,codeword attributed to a uniquely vendor-used member
rrg_edges_full.csv,RMUX09,19,8,RMUX38,19,8,5;9,X19Y11_RMUX57,2,codeword attributed to a uniquely vendor-used member
rrg_edges_full.csv,RMUX09,19,8,RMUX44,19,7,6;9,X19Y11_RMUX57,101,codeword attributed to a uniquely vendor-used member
rrg_edges_full.csv,RMUX09,19,9,RMUX38,19,7,5;9,X19Y10_RMUX57,4,codeword attributed to a uniquely vendor-used member
rrg_edges_full.csv,RMUX09,19,9,RMUX38,19,9,5;9,X19Y12_RMUX57,5,codeword attributed to a uniquely vendor-used member
rrg_edges_full.csv,RMUX09,19,9,RMUX44,19,8,6;9,X19Y12_RMUX57,138,codeword attributed to a uniquely vendor-used member
rrg_edges_full.csv,RMUX09,2,1,RMUX38,2,1,5;9,X2Y4_RMUX57,5,codeword attributed to a uniquely vendor-used member
rrg_edges_full.csv,RMUX09,2,3,RMUX38,2,1,5;9,X2Y4_RMUX57,5,codeword attributed to a uniquely vendor-used member
rrg_edges_full.csv,RMUX09,20,1,RMUX38,20,1,5;9,X20Y4_RMUX57,16,codeword attributed to a uniquely vendor-used member
rrg_edges_full.csv,RMUX09,20,10,RMUX38,20,8,5;9,X20Y11_RMUX57,6,codeword attributed to a uniquely vendor-used member
rrg_edges_full.csv,RMUX09,20,11,RMUX38,20,9,5;9,X20Y12_RMUX57,4,codeword attributed to a uniquely vendor-used member
rrg_edges_full.csv,RMUX09,20,2,RMUX38,20,2,5;9,X20Y5_RMUX57,11,codeword attributed to a uniquely vendor-used member
rrg_edges_full.csv,RMUX09,20,3,RMUX38,20,1,5;9,X20Y4_RMUX57,16,codeword attributed to a uniquely vendor-used member
rrg_edges_full.csv,RMUX09,20,3,RMUX38,20,2,6;9,X20Y6_RMUX57,12,codeword attributed to a uniquely vendor-used member
rrg_edges_full.csv,RMUX09,20,3,RMUX38,20,3,5;9,X20Y6_RMUX57,11,codeword attributed to a uniquely vendor-used member
rrg_edges_full.csv,RMUX09,20,4,RMUX38,20,2,5;9,X20Y5_RMUX57,11,codeword attributed to a uniquely vendor-used member
rrg_edges_full.csv,RMUX09,20,4,RMUX38,20,4,5;9,X20Y7_RMUX57,15,codeword attributed to a uniquely vendor-used member
rrg_edges_full.csv,RMUX09,20,4,RMUX44,20,3,6;9,X20Y7_RMUX57,3,codeword attributed to a uniquely vendor-used member
rrg_edges_full.csv,RMUX09,20,5,RMUX38,20,2,6;9,X20Y6_RMUX57,12,codeword attributed to a uniquely vendor-used member
rrg_edges_full.csv,RMUX09,20,5,RMUX38,20,3,5;9,X20Y6_RMUX57,11,codeword attributed to a uniquely vendor-used member
rrg_edges_full.csv,RMUX09,20,5,RMUX38,20,5,5;9,X20Y8_RMUX57,3,codeword attributed to a uniquely vendor-used member
rrg_edges_full.csv,RMUX09,20,5,RMUX44,20,4,6;9,X20Y8_RMUX57,21,codeword attributed to a uniquely vendor-used member
rrg_edges_full.csv,RMUX09,20,6,RMUX38,20,4,5;9,X20Y7_RMUX57,15,codeword attributed to a uniquely vendor-used member
rrg_edges_full.csv,RMUX09,20,6,RMUX38,20,6,5;9,X20Y9_RMUX57,6,codeword attributed to a uniquely vendor-used member
rrg_edges_full.csv,RMUX09,20,6,RMUX44,20,5,6;9,X20Y9_RMUX57,75,codeword attributed to a uniquely vendor-used member
rrg_edges_full.csv,RMUX09,20,7,RMUX38,20,5,5;9,X20Y8_RMUX57,3,codeword attributed to a uniquely vendor-used member
rrg_edges_full.csv,RMUX09,20,7,RMUX38,20,7,5;9,X20Y10_RMUX57,4,codeword attributed to a uniquely vendor-used member
rrg_edges_full.csv,RMUX09,20,7,RMUX44,20,6,6;9,X20Y10_RMUX57,58,codeword attributed to a uniquely vendor-used member
rrg_edges_full.csv,RMUX09,20,8,RMUX38,20,6,5;9,X20Y9_RMUX57,6,codeword attributed to a uniquely vendor-used member
rrg_edges_full.csv,RMUX09,20,8,RMUX38,20,8,5;9,X20Y11_RMUX57,6,codeword attributed to a uniquely vendor-used member
rrg_edges_full.csv,RMUX09,20,8,RMUX44,20,7,6;9,X20Y11_RMUX57,95,codeword attributed to a uniquely vendor-used member
rrg_edges_full.csv,RMUX09,20,9,RMUX12,20,13,2;9,X20Y9_RMUX32,353,codeword attributed to a uniquely vendor-used member
rrg_edges_full.csv,RMUX09,20,9,RMUX38,20,7,5;9,X20Y10_RMUX57,4,codeword attributed to a uniquely vendor-used member
rrg_edges_full.csv,RMUX09,20,9,RMUX38,20,9,5;9,X20Y12_RMUX57,4,codeword attributed to a uniquely vendor-used member
rrg_edges_full.csv,RMUX09,20,9,RMUX44,20,8,6;9,X20Y12_RMUX57,136,codeword attributed to a uniquely vendor-used member
rrg_edges_full.csv,RMUX09,3,1,RMUX38,3,1,5;9,X3Y4_RMUX57,10,codeword attributed to a uniquely vendor-used member
rrg_edges_full.csv,RMUX09,3,3,RMUX38,3,1,5;9,X3Y4_RMUX57,10,codeword attributed to a uniquely vendor-used member
rrg_edges_full.csv,RMUX09,4,1,RMUX38,4,1,5;9,X4Y4_RMUX57,21,codeword attributed to a uniquely vendor-used member
rrg_edges_full.csv,RMUX09,4,3,RMUX38,4,1,5;9,X4Y4_RMUX57,21,codeword attributed to a uniquely vendor-used member
rrg_edges_full.csv,RMUX09,5,1,RMUX38,5,1,5;9,X5Y4_RMUX57,14,codeword attributed to a uniquely vendor-used member
rrg_edges_full.csv,RMUX09,5,3,RMUX38,5,1,5;9,X5Y4_RMUX57,14,codeword attributed to a uniquely vendor-used member
rrg_edges_full.csv,RMUX09,6,1,RMUX38,6,1,5;9,X6Y4_RMUX57,23,codeword attributed to a uniquely vendor-used member
rrg_edges_full.csv,RMUX09,6,3,RMUX38,6,1,5;9,X6Y4_RMUX57,23,codeword attributed to a uniquely vendor-used member
rrg_edges_full.csv,RMUX09,7,1,RMUX38,7,1,5;9,X7Y4_RMUX57,41,codeword attributed to a uniquely vendor-used member
rrg_edges_full.csv,RMUX09,7,3,RMUX38,7,1,5;9,X7Y4_RMUX57,41,codeword attributed to a uniquely vendor-used member
rrg_edges_full.csv,RMUX09,8,1,RMUX38,8,1,5;9,X8Y4_RMUX57,39,codeword attributed to a uniquely vendor-used member
rrg_edges_full.csv,RMUX09,8,3,RMUX38,8,1,5;9,X8Y4_RMUX57,39,codeword attributed to a uniquely vendor-used member
rrg_edges_full.csv,RMUX09,9,1,RMUX38,9,1,5;9,X9Y4_RMUX57,36,codeword attributed to a uniquely vendor-used member
rrg_edges_full.csv,RMUX09,9,3,RMUX38,9,1,5;9,X9Y4_RMUX57,36,codeword attributed to a uniquely vendor-used member
rrg_edges_full.csv,RMUX14,14,10,RMUX61,14,11,2;9,X14Y7_RMUX62,45,codeword attributed to a uniquely vendor-used member
rrg_edges_full.csv,RMUX14,14,11,RMUX61,14,12,2;9,X14Y8_RMUX62,41,codeword attributed to a uniquely vendor-used member
rrg_edges_full.csv,RMUX14,14,4,RMUX61,14,5,2;9,X14Y1_RMUX62,131,codeword attributed to a uniquely vendor-used member
rrg_edges_full.csv,RMUX14,14,5,RMUX61,14,6,2;9,X14Y2_RMUX62,137,codeword attributed to a uniquely vendor-used member
rrg_edges_full.csv,RMUX14,14,6,RMUX61,14,7,2;9,X14Y3_RMUX62,194,codeword attributed to a uniquely vendor-used member
rrg_edges_full.csv,RMUX14,14,7,RMUX61,14,8,2;9,X14Y4_RMUX62,179,codeword attributed to a uniquely vendor-used member
rrg_edges_full.csv,RMUX14,14,8,RMUX61,14,9,2;9,X14Y5_RMUX62,87,codeword attributed to a uniquely vendor-used member
rrg_edges_full.csv,RMUX14,14,9,RMUX61,14,10,2;9,X14Y6_RMUX62,49,codeword attributed to a uniquely vendor-used member
rrg_edges_full.csv,RMUX14,15,10,RMUX61,15,11,2;9,X15Y7_RMUX62,41,codeword attributed to a uniquely vendor-used member
rrg_edges_full.csv,RMUX14,15,11,RMUX61,15,12,2;9,X15Y8_RMUX62,30,codeword attributed to a uniquely vendor-used member
rrg_edges_full.csv,RMUX14,15,4,RMUX61,15,5,2;9,X15Y1_RMUX62,106,codeword attributed to a uniquely vendor-used member
rrg_edges_full.csv,RMUX14,15,5,RMUX61,15,6,2;9,X15Y2_RMUX62,87,codeword attributed to a uniquely vendor-used member
rrg_edges_full.csv,RMUX14,15,6,RMUX61,15,7,2;9,X15Y3_RMUX62,127,codeword attributed to a uniquely vendor-used member
rrg_edges_full.csv,RMUX14,15,7,RMUX61,15,8,2;9,X15Y4_RMUX62,112,codeword attributed to a uniquely vendor-used member
rrg_edges_full.csv,RMUX14,15,8,RMUX61,15,9,2;9,X15Y5_RMUX62,86,codeword attributed to a uniquely vendor-used member
rrg_edges_full.csv,RMUX14,15,9,RMUX61,15,10,2;9,X15Y6_RMUX62,49,codeword attributed to a uniquely vendor-used member
rrg_edges_full.csv,RMUX14,16,10,RMUX61,16,11,2;9,X16Y7_RMUX62,37,codeword attributed to a uniquely vendor-used member
rrg_edges_full.csv,RMUX14,16,11,RMUX61,16,12,2;9,X16Y8_RMUX62,37,codeword attributed to a uniquely vendor-used member
rrg_edges_full.csv,RMUX14,16,4,RMUX61,16,5,2;9,X16Y1_RMUX62,94,codeword attributed to a uniquely vendor-used member
rrg_edges_full.csv,RMUX14,16,5,RMUX61,16,6,2;9,X16Y2_RMUX62,85,codeword attributed to a uniquely vendor-used member
rrg_edges_full.csv,RMUX14,16,6,RMUX61,16,7,2;9,X16Y3_RMUX62,106,codeword attributed to a uniquely vendor-used member
rrg_edges_full.csv,RMUX14,16,7,RMUX61,16,8,2;9,X16Y4_RMUX62,111,codeword attributed to a uniquely vendor-used member
rrg_edges_full.csv,RMUX14,16,8,RMUX61,16,9,2;9,X16Y5_RMUX62,117,codeword attributed to a uniquely vendor-used member
rrg_edges_full.csv,RMUX14,16,9,RMUX61,16,10,2;9,X16Y6_RMUX62,48,codeword attributed to a uniquely vendor-used member
rrg_edges_full.csv,RMUX14,17,10,RMUX61,17,11,2;9,X17Y7_RMUX62,35,codeword attributed to a uniquely vendor-used member
rrg_edges_full.csv,RMUX14,17,11,RMUX61,17,12,2;9,X17Y8_RMUX62,22,codeword attributed to a uniquely vendor-used member
rrg_edges_full.csv,RMUX14,17,4,RMUX61,17,5,2;9,X17Y1_RMUX62,37,codeword attributed to a uniquely vendor-used member
rrg_edges_full.csv,RMUX14,17,5,RMUX61,17,6,2;9,X17Y2_RMUX62,39,codeword attributed to a uniquely vendor-used member
rrg_edges_full.csv,RMUX14,17,6,RMUX61,17,7,2;9,X17Y3_RMUX62,55,codeword attributed to a uniquely vendor-used member
rrg_edges_full.csv,RMUX14,17,7,RMUX61,17,8,2;9,X17Y4_RMUX62,48,codeword attributed to a uniquely vendor-used member
rrg_edges_full.csv,RMUX14,17,8,RMUX61,17,9,2;9,X17Y5_RMUX62,80,codeword attributed to a uniquely vendor-used member
rrg_edges_full.csv,RMUX14,17,9,RMUX61,17,10,2;9,X17Y6_RMUX62,34,codeword attributed to a uniquely vendor-used member
rrg_edges_full.csv,RMUX14,18,10,RMUX61,18,11,2;9,X18Y7_RMUX62,22,codeword attributed to a uniquely vendor-used member
rrg_edges_full.csv,RMUX14,18,11,RMUX61,18,12,2;9,X18Y8_RMUX62,8,codeword attributed to a uniquely vendor-used member
rrg_edges_full.csv,RMUX14,18,4,RMUX61,18,5,2;9,X18Y1_RMUX62,28,codeword attributed to a uniquely vendor-used member
rrg_edges_full.csv,RMUX14,18,5,RMUX61,18,6,2;9,X18Y2_RMUX62,22,codeword attributed to a uniquely vendor-used member
rrg_edges_full.csv,RMUX14,18,6,RMUX61,18,7,2;9,X18Y3_RMUX62,17,codeword attributed to a uniquely vendor-used member
rrg_edges_full.csv,RMUX14,18,7,RMUX61,18,8,2;9,X18Y4_RMUX62,24,codeword attributed to a uniquely vendor-used member
rrg_edges_full.csv,RMUX14,18,8,RMUX61,18,9,2;9,X18Y5_RMUX62,72,codeword attributed to a uniquely vendor-used member
rrg_edges_full.csv,RMUX14,18,9,RMUX61,18,10,2;9,X18Y6_RMUX62,13,codeword attributed to a uniquely vendor-used member
rrg_edges_full.csv,RMUX14,19,10,RMUX61,19,11,2;9,X19Y7_RMUX62,8,codeword attributed to a uniquely vendor-used member
rrg_edges_full.csv,RMUX14,19,11,RMUX61,19,12,2;9,X19Y8_RMUX62,3,codeword attributed to a uniquely vendor-used member
rrg_edges_full.csv,RMUX14,19,4,RMUX61,19,5,2;9,X19Y1_RMUX62,21,codeword attributed to a uniquely vendor-used member
rrg_edges_full.csv,RMUX14,19,5,RMUX61,19,6,2;9,X19Y2_RMUX62,14,codeword attributed to a uniquely vendor-used member
rrg_edges_full.csv,RMUX14,19,6,RMUX61,19,7,2;9,X19Y3_RMUX62,15,codeword attributed to a uniquely vendor-used member
rrg_edges_full.csv,RMUX14,19,7,RMUX61,19,8,2;9,X19Y4_RMUX62,11,codeword attributed to a uniquely vendor-used member
rrg_edges_full.csv,RMUX14,19,8,RMUX61,19,9,2;9,X19Y5_RMUX62,31,codeword attributed to a uniquely vendor-used member
rrg_edges_full.csv,RMUX14,19,9,RMUX61,19,10,2;9,X19Y6_RMUX62,9,codeword attributed to a uniquely vendor-used member
rrg_edges_full.csv,RMUX14,20,10,RMUX61,20,11,2;9,X20Y7_RMUX62,6,codeword attributed to a uniquely vendor-used member
rrg_edges_full.csv,RMUX14,20,11,RMUX61,20,12,2;9,X20Y8_RMUX62,4,codeword attributed to a uniquely vendor-used member
rrg_edges_full.csv,RMUX14,20,4,RMUX61,20,5,2;9,X20Y1_RMUX62,45,codeword attributed to a uniquely vendor-used member
rrg_edges_full.csv,RMUX14,20,5,RMUX61,20,6,2;9,X20Y2_RMUX62,21,codeword attributed to a uniquely vendor-used member
rrg_edges_full.csv,RMUX14,20,6,RMUX61,20,7,2;9,X20Y3_RMUX62,30,codeword attributed to a uniquely vendor-used member
rrg_edges_full.csv,RMUX14,20,7,RMUX61,20,8,2;9,X20Y4_RMUX62,21,codeword attributed to a uniquely vendor-used member
rrg_edges_full.csv,RMUX14,20,8,RMUX61,20,9,2;9,X20Y5_RMUX62,20,codeword attributed to a uniquely vendor-used member
rrg_edges_full.csv,RMUX14,20,9,RMUX61,20,10,2;9,X20Y6_RMUX62,6,codeword attributed to a uniquely vendor-used member
rrg_edges_full.csv,RMUX15,1,1,RMUX69,1,1,0;8,X4Y1_RMUX63,4,codeword attributed to a uniquely vendor-used member
rrg_edges_full.csv,RMUX15,1,2,RMUX69,1,2,0;8,X4Y2_RMUX63,2,codeword attributed to a uniquely vendor-used member
rrg_edges_full.csv,RMUX15,1,3,RMUX69,1,3,0;8,X4Y3_RMUX63,3,codeword attributed to a uniquely vendor-used member
rrg_edges_full.csv,RMUX15,10,1,RMUX63,9,1,1;8,X13Y1_RMUX63,180,codeword attributed to a uniquely vendor-used member
rrg_edges_full.csv,RMUX15,10,2,RMUX69,10,2,0;8,X13Y2_RMUX63,19,codeword attributed to a uniquely vendor-used member
rrg_edges_full.csv,RMUX15,10,3,RMUX63,9,3,1;8,X13Y3_RMUX63,245,codeword attributed to a uniquely vendor-used member
rrg_edges_full.csv,RMUX15,10,4,RMUX63,9,4,1;8,X13Y4_RMUX63,262,codeword attributed to a uniquely vendor-used member
rrg_edges_full.csv,RMUX15,11,1,RMUX63,10,1,1;8,X14Y1_RMUX63,223,codeword attributed to a uniquely vendor-used member
rrg_edges_full.csv,RMUX15,11,1,RMUX69,11,1,0;8,X14Y1_RMUX63,29,codeword attributed to a uniquely vendor-used member
rrg_edges_full.csv,RMUX15,11,2,RMUX63,10,2,1;8,X14Y2_RMUX63,194,codeword attributed to a uniquely vendor-used member
rrg_edges_full.csv,RMUX15,11,2,RMUX69,11,2,0;8,X14Y2_RMUX63,11,codeword attributed to a uniquely vendor-used member
rrg_edges_full.csv,RMUX15,11,3,RMUX63,10,3,1;8,X14Y3_RMUX63,218,codeword attributed to a uniquely vendor-used member
rrg_edges_full.csv,RMUX15,11,3,RMUX69,11,3,0;8,X14Y3_RMUX63,35,codeword attributed to a uniquely vendor-used member
rrg_edges_full.csv,RMUX15,11,4,RMUX63,10,4,1;8,X14Y4_RMUX63,322,codeword attributed to a uniquely vendor-used member
rrg_edges_full.csv,RMUX15,12,1,RMUX63,11,1,1;8,X15Y1_RMUX63,204,codeword attributed to a uniquely vendor-used member
rrg_edges_full.csv,RMUX15,12,1,RMUX69,12,1,0;8,X15Y1_RMUX63,33,codeword attributed to a uniquely vendor-used member
rrg_edges_full.csv,RMUX15,12,2,RMUX63,11,2,1;8,X15Y2_RMUX63,212,codeword attributed to a uniquely vendor-used member
rrg_edges_full.csv,RMUX15,12,2,RMUX69,12,2,0;8,X15Y2_RMUX63,37,codeword attributed to a uniquely vendor-used member
rrg_edges_full.csv,RMUX15,12,3,RMUX63,11,3,1;8,X15Y3_RMUX63,286,codeword attributed to a uniquely vendor-used member
rrg_edges_full.csv,RMUX15,12,3,RMUX69,12,3,0;8,X15Y3_RMUX63,49,codeword attributed to a uniquely vendor-used member
rrg_edges_full.csv,RMUX15,12,4,RMUX63,11,4,1;8,X15Y4_RMUX63,303,codeword attributed to a uniquely vendor-used member
rrg_edges_full.csv,RMUX15,12,4,RMUX69,12,4,0;8,X15Y4_RMUX63,2,codeword attributed to a uniquely vendor-used member
rrg_edges_full.csv,RMUX15,14,1,RMUX69,14,1,0;8,X17Y1_RMUX63,36,codeword attributed to a uniquely vendor-used member
rrg_edges_full.csv,RMUX15,14,10,RMUX69,14,10,0;8,X17Y10_RMUX63,9,codeword attributed to a uniquely vendor-used member
rrg_edges_full.csv,RMUX15,14,11,RMUX69,14,11,0;8,X17Y11_RMUX63,9,codeword attributed to a uniquely vendor-used member
rrg_edges_full.csv,RMUX15,14,2,RMUX69,14,2,0;8,X17Y2_RMUX63,26,codeword attributed to a uniquely vendor-used member
rrg_edges_full.csv,RMUX15,14,3,RMUX69,14,3,0;8,X17Y3_RMUX63,23,codeword attributed to a uniquely vendor-used member
rrg_edges_full.csv,RMUX15,14,4,RMUX69,14,4,0;8,X17Y4_RMUX63,16,codeword attributed to a uniquely vendor-used member
rrg_edges_full.csv,RMUX15,14,5,RMUX69,14,5,0;8,X17Y5_RMUX63,43,codeword attributed to a uniquely vendor-used member
rrg_edges_full.csv,RMUX15,14,6,RMUX69,14,6,0;8,X17Y6_RMUX63,33,codeword attributed to a uniquely vendor-used member
rrg_edges_full.csv,RMUX15,14,7,RMUX69,14,7,0;8,X17Y7_RMUX63,31,codeword attributed to a uniquely vendor-used member
rrg_edges_full.csv,RMUX15,14,8,RMUX69,14,8,0;8,X17Y8_RMUX63,36,codeword attributed to a uniquely vendor-used member
rrg_edges_full.csv,RMUX15,14,9,RMUX69,14,9,0;8,X17Y9_RMUX63,18,codeword attributed to a uniquely vendor-used member
rrg_edges_full.csv,RMUX15,15,1,RMUX63,14,1,1;8,X18Y1_RMUX63,201,codeword attributed to a uniquely vendor-used member
rrg_edges_full.csv,RMUX15,15,1,RMUX69,15,1,0;8,X18Y1_RMUX63,33,codeword attributed to a uniquely vendor-used member
rrg_edges_full.csv,RMUX15,15,10,RMUX69,15,10,0;8,X18Y10_RMUX63,13,codeword attributed to a uniquely vendor-used member
rrg_edges_full.csv,RMUX15,15,11,RMUX69,15,11,0;8,X18Y11_RMUX63,4,codeword attributed to a uniquely vendor-used member
rrg_edges_full.csv,RMUX15,15,2,RMUX63,14,2,1;8,X18Y2_RMUX63,144,codeword attributed to a uniquely vendor-used member
rrg_edges_full.csv,RMUX15,15,2,RMUX69,15,2,0;8,X18Y2_RMUX63,27,codeword attributed to a uniquely vendor-used member
rrg_edges_full.csv,RMUX15,15,3,RMUX63,14,3,1;8,X18Y3_RMUX63,150,codeword attributed to a uniquely vendor-used member
rrg_edges_full.csv,RMUX15,15,3,RMUX69,15,3,0;8,X18Y3_RMUX63,21,codeword attributed to a uniquely vendor-used member
rrg_edges_full.csv,RMUX15,15,4,RMUX63,14,4,1;8,X18Y4_RMUX63,157,codeword attributed to a uniquely vendor-used member
rrg_edges_full.csv,RMUX15,15,4,RMUX69,15,4,0;8,X18Y4_RMUX63,23,codeword attributed to a uniquely vendor-used member
rrg_edges_full.csv,RMUX15,15,5,RMUX69,15,5,0;8,X18Y5_RMUX63,27,codeword attributed to a uniquely vendor-used member
rrg_edges_full.csv,RMUX15,15,6,RMUX69,15,6,0;8,X18Y6_RMUX63,27,codeword attributed to a uniquely vendor-used member
rrg_edges_full.csv,RMUX15,15,7,RMUX69,15,7,0;8,X18Y7_RMUX63,28,codeword attributed to a uniquely vendor-used member
rrg_edges_full.csv,RMUX15,15,8,RMUX69,15,8,0;8,X18Y8_RMUX63,26,codeword attributed to a uniquely vendor-used member
rrg_edges_full.csv,RMUX15,15,9,RMUX69,15,9,0;8,X18Y9_RMUX63,11,codeword attributed to a uniquely vendor-used member
rrg_edges_full.csv,RMUX15,16,1,RMUX63,15,1,1;8,X19Y1_RMUX63,143,codeword attributed to a uniquely vendor-used member
rrg_edges_full.csv,RMUX15,16,1,RMUX69,16,1,0;8,X19Y1_RMUX63,30,codeword attributed to a uniquely vendor-used member
rrg_edges_full.csv,RMUX15,16,10,RMUX63,15,10,1;8,X19Y10_RMUX63,4,codeword attributed to a uniquely vendor-used member
rrg_edges_full.csv,RMUX15,16,10,RMUX69,16,10,0;8,X19Y10_RMUX63,10,codeword attributed to a uniquely vendor-used member
rrg_edges_full.csv,RMUX15,16,11,RMUX63,15,11,1;8,X19Y11_RMUX63,2,codeword attributed to a uniquely vendor-used member
rrg_edges_full.csv,RMUX15,16,11,RMUX69,16,11,0;8,X19Y11_RMUX63,7,codeword attributed to a uniquely vendor-used member
rrg_edges_full.csv,RMUX15,16,12,RMUX69,16,12,0;8,X19Y12_RMUX63,6,codeword attributed to a uniquely vendor-used member
rrg_edges_full.csv,RMUX15,16,2,RMUX63,15,2,1;8,X19Y2_RMUX63,112,codeword attributed to a uniquely vendor-used member
rrg_edges_full.csv,RMUX15,16,2,RMUX69,16,2,0;8,X19Y2_RMUX63,22,codeword attributed to a uniquely vendor-used member
rrg_edges_full.csv,RMUX15,16,3,RMUX63,15,3,1;8,X19Y3_RMUX63,135,codeword attributed to a uniquely vendor-used member
rrg_edges_full.csv,RMUX15,16,3,RMUX69,16,3,0;8,X19Y3_RMUX63,27,codeword attributed to a uniquely vendor-used member
rrg_edges_full.csv,RMUX15,16,4,RMUX63,15,4,1;8,X19Y4_RMUX63,106,codeword attributed to a uniquely vendor-used member
rrg_edges_full.csv,RMUX15,16,4,RMUX69,16,4,0;8,X19Y4_RMUX63,20,codeword attributed to a uniquely vendor-used member
rrg_edges_full.csv,RMUX15,16,5,RMUX63,15,5,1;8,X19Y5_RMUX63,3,codeword attributed to a uniquely vendor-used member
rrg_edges_full.csv,RMUX15,16,5,RMUX69,16,5,0;8,X19Y5_RMUX63,31,codeword attributed to a uniquely vendor-used member
rrg_edges_full.csv,RMUX15,16,6,RMUX69,16,6,0;8,X19Y6_RMUX63,20,codeword attributed to a uniquely vendor-used member
rrg_edges_full.csv,RMUX15,16,7,RMUX69,16,7,0;8,X19Y7_RMUX63,29,codeword attributed to a uniquely vendor-used member
rrg_edges_full.csv,RMUX15,16,8,RMUX63,15,8,1;8,X19Y8_RMUX63,4,codeword attributed to a uniquely vendor-used member
rrg_edges_full.csv,RMUX15,16,8,RMUX69,16,8,0;8,X19Y8_RMUX63,21,codeword attributed to a uniquely vendor-used member
rrg_edges_full.csv,RMUX15,16,9,RMUX63,15,9,1;8,X19Y9_RMUX63,3,codeword attributed to a uniquely vendor-used member
rrg_edges_full.csv,RMUX15,16,9,RMUX69,16,9,0;8,X19Y9_RMUX63,18,codeword attributed to a uniquely vendor-used member
rrg_edges_full.csv,RMUX15,17,1,RMUX63,16,1,1;8,X20Y1_RMUX63,119,codeword attributed to a uniquely vendor-used member
rrg_edges_full.csv,RMUX15,17,1,RMUX69,17,1,0;8,X20Y1_RMUX63,43,codeword attributed to a uniquely vendor-used member
rrg_edges_full.csv,RMUX15,17,10,RMUX63,16,10,1;8,X20Y10_RMUX63,4,codeword attributed to a uniquely vendor-used member
rrg_edges_full.csv,RMUX15,17,10,RMUX69,17,10,0;8,X20Y10_RMUX63,8,codeword attributed to a uniquely vendor-used member
rrg_edges_full.csv,RMUX15,17,11,RMUX63,16,11,1;8,X20Y11_RMUX63,3,codeword attributed to a uniquely vendor-used member
rrg_edges_full.csv,RMUX15,17,11,RMUX69,17,11,0;8,X20Y11_RMUX63,8,codeword attributed to a uniquely vendor-used member
rrg_edges_full.csv,RMUX15,17,12,RMUX69,17,12,0;8,X20Y12_RMUX63,2,codeword attributed to a uniquely vendor-used member
rrg_edges_full.csv,RMUX15,17,2,RMUX63,16,2,1;8,X20Y2_RMUX63,93,codeword attributed to a uniquely vendor-used member
rrg_edges_full.csv,RMUX15,17,2,RMUX69,17,2,0;8,X20Y2_RMUX63,32,codeword attributed to a uniquely vendor-used member
rrg_edges_full.csv,RMUX15,17,3,RMUX63,16,3,1;8,X20Y3_RMUX63,117,codeword attributed to a uniquely vendor-used member
rrg_edges_full.csv,RMUX15,17,3,RMUX69,17,3,0;8,X20Y3_RMUX63,31,codeword attributed to a uniquely vendor-used member
rrg_edges_full.csv,RMUX15,17,4,RMUX63,16,4,1;8,X20Y4_RMUX63,108,codeword attributed to a uniquely vendor-used member
rrg_edges_full.csv,RMUX15,17,4,RMUX69,17,4,0;8,X20Y4_RMUX63,35,codeword attributed to a uniquely vendor-used member
rrg_edges_full.csv,RMUX15,17,5,RMUX63,16,5,1;8,X20Y5_RMUX63,7,codeword attributed to a uniquely vendor-used member
rrg_edges_full.csv,RMUX15,17,5,RMUX69,17,5,0;8,X20Y5_RMUX63,33,codeword attributed to a uniquely vendor-used member
rrg_edges_full.csv,RMUX15,17,6,RMUX63,16,6,1;8,X20Y6_RMUX63,3,codeword attributed to a uniquely vendor-used member
rrg_edges_full.csv,RMUX15,17,6,RMUX69,17,6,0;8,X20Y6_RMUX63,29,codeword attributed to a uniquely vendor-used member
rrg_edges_full.csv,RMUX15,17,7,RMUX63,16,7,1;8,X20Y7_RMUX63,6,codeword attributed to a uniquely vendor-used member
rrg_edges_full.csv,RMUX15,17,7,RMUX69,17,7,0;8,X20Y7_RMUX63,19,codeword attributed to a uniquely vendor-used member
rrg_edges_full.csv,RMUX15,17,8,RMUX63,16,8,1;8,X20Y8_RMUX63,9,codeword attributed to a uniquely vendor-used member
rrg_edges_full.csv,RMUX15,17,8,RMUX69,17,8,0;8,X20Y8_RMUX63,22,codeword attributed to a uniquely vendor-used member
rrg_edges_full.csv,RMUX15,17,9,RMUX63,16,9,1;8,X20Y9_RMUX63,3,codeword attributed to a uniquely vendor-used member
rrg_edges_full.csv,RMUX15,17,9,RMUX69,17,9,0;8,X20Y9_RMUX63,10,codeword attributed to a uniquely vendor-used member
rrg_edges_full.csv,RMUX15,18,12,RMUX63,17,12,1;8,X21Y12_RMUX63,8,codeword attributed to a uniquely vendor-used member
rrg_edges_full.csv,RMUX15,18,4,RMUX69,18,4,0;8,X21Y4_RMUX63,13,codeword attributed to a uniquely vendor-used member
rrg_edges_full.csv,RMUX15,18,5,RMUX63,17,5,1;8,X21Y5_RMUX63,15,codeword attributed to a uniquely vendor-used member
rrg_edges_full.csv,RMUX15,18,8,RMUX69,18,8,0;8,X21Y8_RMUX63,13,codeword attributed to a uniquely vendor-used member
rrg_edges_full.csv,RMUX15,2,1,RMUX69,2,1,0;8,X5Y1_RMUX63,7,codeword attributed to a uniquely vendor-used member
rrg_edges_full.csv,RMUX15,2,2,RMUX69,2,2,0;8,X5Y2_RMUX63,2,codeword attributed to a uniquely vendor-used member
rrg_edges_full.csv,RMUX15,2,3,RMUX63,1,3,1;8,X5Y3_RMUX63,4,codeword attributed to a uniquely vendor-used member
rrg_edges_full.csv,RMUX15,2,4,RMUX63,1,4,1;8,X5Y4_RMUX63,2,codeword attributed to a uniquely vendor-used member
rrg_edges_full.csv,RMUX15,3,1,RMUX69,3,1,0;8,X6Y1_RMUX63,13,codeword attributed to a uniquely vendor-used member
rrg_edges_full.csv,RMUX15,3,2,RMUX69,3,2,0;8,X6Y2_RMUX63,6,codeword attributed to a uniquely vendor-used member
rrg_edges_full.csv,RMUX15,3,3,RMUX63,2,3,1;8,X6Y3_RMUX63,5,codeword attributed to a uniquely vendor-used member
rrg_edges_full.csv,RMUX15,3,3,RMUX69,3,3,0;8,X6Y3_RMUX63,7,codeword attributed to a uniquely vendor-used member
rrg_edges_full.csv,RMUX15,3,4,RMUX63,2,4,1;8,X6Y4_RMUX63,12,codeword attributed to a uniquely vendor-used member
rrg_edges_full.csv,RMUX15,4,1,RMUX63,3,1,1;8,X7Y1_RMUX63,3,codeword attributed to a uniquely vendor-used member
rrg_edges_full.csv,RMUX15,4,1,RMUX69,4,1,0;8,X7Y1_RMUX63,10,codeword attributed to a uniquely vendor-used member
rrg_edges_full.csv,RMUX15,4,2,RMUX63,3,2,1;8,X7Y2_RMUX63,3,codeword attributed to a uniquely vendor-used member
rrg_edges_full.csv,RMUX15,4,2,RMUX69,4,2,0;8,X7Y2_RMUX63,8,codeword attributed to a uniquely vendor-used member
rrg_edges_full.csv,RMUX15,4,3,RMUX63,3,3,1;8,X7Y3_RMUX63,7,codeword attributed to a uniquely vendor-used member
rrg_edges_full.csv,RMUX15,4,3,RMUX69,4,3,0;8,X7Y3_RMUX63,14,codeword attributed to a uniquely vendor-used member
rrg_edges_full.csv,RMUX15,4,4,RMUX63,3,4,1;8,X7Y4_RMUX63,45,codeword attributed to a uniquely vendor-used member
rrg_edges_full.csv,RMUX15,5,1,RMUX63,4,1,1;8,X8Y1_RMUX63,19,codeword attributed to a uniquely vendor-used member
rrg_edges_full.csv,RMUX15,5,1,RMUX69,5,1,0;8,X8Y1_RMUX63,11,codeword attributed to a uniquely vendor-used member
rrg_edges_full.csv,RMUX15,5,2,RMUX63,4,2,1;8,X8Y2_RMUX63,138,codeword attributed to a uniquely vendor-used member
rrg_edges_full.csv,RMUX15,5,2,RMUX69,5,2,0;8,X8Y2_RMUX63,12,codeword attributed to a uniquely vendor-used member
rrg_edges_full.csv,RMUX15,5,3,RMUX63,4,3,1;8,X8Y3_RMUX63,292,codeword attributed to a uniquely vendor-used member
rrg_edges_full.csv,RMUX15,5,3,RMUX69,5,3,0;8,X8Y3_RMUX63,7,codeword attributed to a uniquely vendor-used member
rrg_edges_full.csv,RMUX15,5,4,RMUX63,4,4,1;8,X8Y4_RMUX63,444,codeword attributed to a uniquely vendor-used member
rrg_edges_full.csv,RMUX15,6,1,RMUX63,5,1,1;8,X9Y1_RMUX63,35,codeword attributed to a uniquely vendor-used member
rrg_edges_full.csv,RMUX15,6,1,RMUX69,6,1,0;8,X9Y1_RMUX63,19,codeword attributed to a uniquely vendor-used member
rrg_edges_full.csv,RMUX15,6,2,RMUX63,5,2,1;8,X9Y2_RMUX63,43,codeword attributed to a uniquely vendor-used member
rrg_edges_full.csv,RMUX15,6,2,RMUX69,6,2,0;8,X9Y2_RMUX63,10,codeword attributed to a uniquely vendor-used member
rrg_edges_full.csv,RMUX15,6,3,RMUX63,5,3,1;8,X9Y3_RMUX63,81,codeword attributed to a uniquely vendor-used member
rrg_edges_full.csv,RMUX15,6,3,RMUX69,6,3,0;8,X9Y3_RMUX63,9,codeword attributed to a uniquely vendor-used member
rrg_edges_full.csv,RMUX15,6,4,RMUX63,5,4,1;8,X9Y4_RMUX63,47,codeword attributed to a uniquely vendor-used member
rrg_edges_full.csv,RMUX15,7,1,RMUX63,6,1,1;8,X10Y1_RMUX63,60,codeword attributed to a uniquely vendor-used member
rrg_edges_full.csv,RMUX15,7,1,RMUX69,7,1,0;8,X10Y1_RMUX63,21,codeword attributed to a uniquely vendor-used member
rrg_edges_full.csv,RMUX15,7,2,RMUX63,6,2,1;8,X10Y2_RMUX63,80,codeword attributed to a uniquely vendor-used member
rrg_edges_full.csv,RMUX15,7,2,RMUX69,7,2,0;8,X10Y2_RMUX63,16,codeword attributed to a uniquely vendor-used member
rrg_edges_full.csv,RMUX15,7,3,RMUX63,6,3,1;8,X10Y3_RMUX63,69,codeword attributed to a uniquely vendor-used member
rrg_edges_full.csv,RMUX15,7,3,RMUX69,7,3,0;8,X10Y3_RMUX63,7,codeword attributed to a uniquely vendor-used member
rrg_edges_full.csv,RMUX15,7,4,RMUX63,6,4,1;8,X10Y4_RMUX63,110,codeword attributed to a uniquely vendor-used member
rrg_edges_full.csv,RMUX15,8,1,RMUX63,7,1,1;8,X11Y1_RMUX63,70,codeword attributed to a uniquely vendor-used member
rrg_edges_full.csv,RMUX15,8,1,RMUX69,8,1,0;8,X11Y1_RMUX63,21,codeword attributed to a uniquely vendor-used member
rrg_edges_full.csv,RMUX15,8,2,RMUX63,7,2,1;8,X11Y2_RMUX63,100,codeword attributed to a uniquely vendor-used member
rrg_edges_full.csv,RMUX15,8,2,RMUX69,8,2,0;8,X11Y2_RMUX63,15,codeword attributed to a uniquely vendor-used member
rrg_edges_full.csv,RMUX15,8,3,RMUX63,7,3,1;8,X11Y3_RMUX63,140,codeword attributed to a uniquely vendor-used member
rrg_edges_full.csv,RMUX15,8,3,RMUX69,8,3,0;8,X11Y3_RMUX63,20,codeword attributed to a uniquely vendor-used member
rrg_edges_full.csv,RMUX15,8,4,RMUX63,7,4,1;8,X11Y4_RMUX63,185,codeword attributed to a uniquely vendor-used member
rrg_edges_full.csv,RMUX15,9,1,RMUX63,8,1,1;8,X12Y1_RMUX63,106,codeword attributed to a uniquely vendor-used member
rrg_edges_full.csv,RMUX15,9,1,RMUX69,9,1,0;8,X12Y1_RMUX63,24,codeword attributed to a uniquely vendor-used member
rrg_edges_full.csv,RMUX15,9,2,RMUX63,8,2,1;8,X12Y2_RMUX63,246,codeword attributed to a uniquely vendor-used member
rrg_edges_full.csv,RMUX15,9,2,RMUX69,9,2,0;8,X12Y2_RMUX63,17,codeword attributed to a uniquely vendor-used member
rrg_edges_full.csv,RMUX15,9,3,RMUX63,8,3,1;8,X12Y3_RMUX63,430,codeword attributed to a uniquely vendor-used member
rrg_edges_full.csv,RMUX15,9,3,RMUX69,9,3,0;8,X12Y3_RMUX63,12,codeword attributed to a uniquely vendor-used member
rrg_edges_full.csv,RMUX15,9,4,RMUX63,8,4,1;8,X12Y4_RMUX63,571,codeword attributed to a uniquely vendor-used member
rrg_edges_full.csv,RMUX19,14,2,RMUX88,14,1,6;9,X14Y5_RMUX67,53,codeword attributed to a uniquely vendor-used member
rrg_edges_full.csv,RMUX19,14,4,RMUX88,14,3,6;9,X14Y7_RMUX67,41,codeword attributed to a uniquely vendor-used member
rrg_edges_full.csv,RMUX19,14,4,RMUX95,14,3,6;9,X14Y7_RMUX67,51,codeword attributed to a uniquely vendor-used member
rrg_edges_full.csv,RMUX19,14,5,RMUX72,14,4,6;9,X14Y8_RMUX67,3,codeword attributed to a uniquely vendor-used member
rrg_edges_full.csv,RMUX19,14,5,RMUX95,14,4,6;9,X14Y8_RMUX67,40,codeword attributed to a uniquely vendor-used member
rrg_edges_full.csv,RMUX19,14,7,RMUX95,14,6,6;9,X14Y10_RMUX67,24,codeword attributed to a uniquely vendor-used member
rrg_edges_full.csv,RMUX19,14,8,RMUX88,14,7,6;9,X14Y11_RMUX67,21,codeword attributed to a uniquely vendor-used member
rrg_edges_full.csv,RMUX19,15,2,RMUX72,15,1,6;9,X15Y5_RMUX67,39,codeword attributed to a uniquely vendor-used member
rrg_edges_full.csv,RMUX19,15,2,RMUX95,15,1,6;9,X15Y5_RMUX67,66,codeword attributed to a uniquely vendor-used member
rrg_edges_full.csv,RMUX19,15,3,RMUX72,15,2,6;9,X15Y6_RMUX67,16,codeword attributed to a uniquely vendor-used member
rrg_edges_full.csv,RMUX19,15,4,RMUX72,15,3,6;9,X15Y7_RMUX67,18,codeword attributed to a uniquely vendor-used member
rrg_edges_full.csv,RMUX19,15,4,RMUX89,15,3,6;9,X15Y7_RMUX67,69,codeword attributed to a uniquely vendor-used member
rrg_edges_full.csv,RMUX19,15,5,RMUX72,15,4,6;9,X15Y8_RMUX67,16,codeword attributed to a uniquely vendor-used member
rrg_edges_full.csv,RMUX19,15,5,RMUX89,15,4,6;9,X15Y8_RMUX67,46,codeword attributed to a uniquely vendor-used member
rrg_edges_full.csv,RMUX19,15,5,RMUX95,15,4,6;9,X15Y8_RMUX67,33,codeword attributed to a uniquely vendor-used member
rrg_edges_full.csv,RMUX19,15,6,RMUX72,15,5,6;9,X15Y9_RMUX67,10,codeword attributed to a uniquely vendor-used member
rrg_edges_full.csv,RMUX19,15,7,RMUX72,15,6,6;9,X15Y10_RMUX67,10,codeword attributed to a uniquely vendor-used member
rrg_edges_full.csv,RMUX19,15,8,RMUX72,15,7,6;9,X15Y11_RMUX67,12,codeword attributed to a uniquely vendor-used member
rrg_edges_full.csv,RMUX19,15,9,RMUX72,15,8,6;9,X15Y12_RMUX67,7,codeword attributed to a uniquely vendor-used member
rrg_edges_full.csv,RMUX19,15,9,RMUX89,15,8,6;9,X15Y12_RMUX67,11,codeword attributed to a uniquely vendor-used member
rrg_edges_full.csv,RMUX19,16,2,RMUX72,16,1,6;9,X16Y5_RMUX67,30,codeword attributed to a uniquely vendor-used member
rrg_edges_full.csv,RMUX19,16,2,RMUX89,16,1,6;9,X16Y5_RMUX67,83,codeword attributed to a uniquely vendor-used member
rrg_edges_full.csv,RMUX19,16,3,RMUX72,16,2,6;9,X16Y6_RMUX67,27,codeword attributed to a uniquely vendor-used member
rrg_edges_full.csv,RMUX19,16,3,RMUX88,16,2,6;9,X16Y6_RMUX67,45,codeword attributed to a uniquely vendor-used member
rrg_edges_full.csv,RMUX19,16,3,RMUX95,16,2,6;9,X16Y6_RMUX67,49,codeword attributed to a uniquely vendor-used member
rrg_edges_full.csv,RMUX19,16,4,RMUX72,16,3,6;9,X16Y7_RMUX67,25,codeword attributed to a uniquely vendor-used member
rrg_edges_full.csv,RMUX19,16,4,RMUX89,16,3,6;9,X16Y7_RMUX67,61,codeword attributed to a uniquely vendor-used member
rrg_edges_full.csv,RMUX19,16,4,RMUX95,16,3,6;9,X16Y7_RMUX67,76,codeword attributed to a uniquely vendor-used member
rrg_edges_full.csv,RMUX19,16,5,RMUX72,16,4,6;9,X16Y8_RMUX67,18,codeword attributed to a uniquely vendor-used member
rrg_edges_full.csv,RMUX19,16,6,RMUX72,16,5,6;9,X16Y9_RMUX67,17,codeword attributed to a uniquely vendor-used member
rrg_edges_full.csv,RMUX19,16,6,RMUX89,16,5,6;9,X16Y9_RMUX67,30,codeword attributed to a uniquely vendor-used member
rrg_edges_full.csv,RMUX19,16,7,RMUX72,16,6,6;9,X16Y10_RMUX67,10,codeword attributed to a uniquely vendor-used member
rrg_edges_full.csv,RMUX19,16,8,RMUX72,16,7,6;9,X16Y11_RMUX67,8,codeword attributed to a uniquely vendor-used member
rrg_edges_full.csv,RMUX19,16,8,RMUX88,16,7,6;9,X16Y11_RMUX67,20,codeword attributed to a uniquely vendor-used member
rrg_edges_full.csv,RMUX19,16,9,RMUX72,16,8,6;9,X16Y12_RMUX67,7,codeword attributed to a uniquely vendor-used member
rrg_edges_full.csv,RMUX19,17,2,RMUX72,17,1,6;9,X17Y5_RMUX67,28,codeword attributed to a uniquely vendor-used member
rrg_edges_full.csv,RMUX19,17,2,RMUX89,17,1,6;9,X17Y5_RMUX67,92,codeword attributed to a uniquely vendor-used member
rrg_edges_full.csv,RMUX19,17,2,RMUX95,17,1,6;9,X17Y5_RMUX67,62,codeword attributed to a uniquely vendor-used member
rrg_edges_full.csv,RMUX19,17,3,RMUX72,17,2,6;9,X17Y6_RMUX67,23,codeword attributed to a uniquely vendor-used member
rrg_edges_full.csv,RMUX19,17,4,RMUX72,17,3,6;9,X17Y7_RMUX67,25,codeword attributed to a uniquely vendor-used member
rrg_edges_full.csv,RMUX19,17,4,RMUX88,17,3,6;9,X17Y7_RMUX67,68,codeword attributed to a uniquely vendor-used member
rrg_edges_full.csv,RMUX19,17,4,RMUX89,17,3,6;9,X17Y7_RMUX67,90,codeword attributed to a uniquely vendor-used member
rrg_edges_full.csv,RMUX19,17,4,RMUX95,17,3,6;9,X17Y7_RMUX67,80,codeword attributed to a uniquely vendor-used member
rrg_edges_full.csv,RMUX19,17,5,RMUX72,17,4,6;9,X17Y8_RMUX67,20,codeword attributed to a uniquely vendor-used member
rrg_edges_full.csv,RMUX19,17,5,RMUX89,17,4,6;9,X17Y8_RMUX67,73,codeword attributed to a uniquely vendor-used member
rrg_edges_full.csv,RMUX19,17,6,RMUX72,17,5,6;9,X17Y9_RMUX67,18,codeword attributed to a uniquely vendor-used member
rrg_edges_full.csv,RMUX19,17,6,RMUX95,17,5,6;9,X17Y9_RMUX67,56,codeword attributed to a uniquely vendor-used member
rrg_edges_full.csv,RMUX19,17,7,RMUX72,17,6,6;9,X17Y10_RMUX67,17,codeword attributed to a uniquely vendor-used member
rrg_edges_full.csv,RMUX19,17,7,RMUX95,17,6,6;9,X17Y10_RMUX67,29,codeword attributed to a uniquely vendor-used member
rrg_edges_full.csv,RMUX19,17,8,RMUX72,17,7,6;9,X17Y11_RMUX67,12,codeword attributed to a uniquely vendor-used member
rrg_edges_full.csv,RMUX19,17,9,RMUX72,17,8,6;9,X17Y12_RMUX67,10,codeword attributed to a uniquely vendor-used member
rrg_edges_full.csv,RMUX19,18,2,RMUX72,18,1,6;9,X18Y5_RMUX67,35,codeword attributed to a uniquely vendor-used member
rrg_edges_full.csv,RMUX19,18,2,RMUX89,18,1,6;9,X18Y5_RMUX67,76,codeword attributed to a uniquely vendor-used member
rrg_edges_full.csv,RMUX19,18,3,RMUX72,18,2,6;9,X18Y6_RMUX67,22,codeword attributed to a uniquely vendor-used member
rrg_edges_full.csv,RMUX19,18,4,RMUX72,18,3,6;9,X18Y7_RMUX67,43,codeword attributed to a uniquely vendor-used member
rrg_edges_full.csv,RMUX19,18,4,RMUX89,18,3,6;9,X18Y7_RMUX67,84,codeword attributed to a uniquely vendor-used member
rrg_edges_full.csv,RMUX19,18,5,RMUX72,18,4,6;9,X18Y8_RMUX67,53,codeword attributed to a uniquely vendor-used member
rrg_edges_full.csv,RMUX19,18,6,RMUX72,18,5,6;9,X18Y9_RMUX67,28,codeword attributed to a uniquely vendor-used member
rrg_edges_full.csv,RMUX19,18,6,RMUX88,18,5,6;9,X18Y9_RMUX67,33,codeword attributed to a uniquely vendor-used member
rrg_edges_full.csv,RMUX19,18,7,RMUX72,18,6,6;9,X18Y10_RMUX67,13,codeword attributed to a uniquely vendor-used member
rrg_edges_full.csv,RMUX19,18,8,RMUX72,18,7,6;9,X18Y11_RMUX67,8,codeword attributed to a uniquely vendor-used member
rrg_edges_full.csv,RMUX19,18,9,RMUX72,18,8,6;9,X18Y12_RMUX67,6,codeword attributed to a uniquely vendor-used member
rrg_edges_full.csv,RMUX19,18,9,RMUX95,18,8,6;9,X18Y12_RMUX67,51,codeword attributed to a uniquely vendor-used member
rrg_edges_full.csv,RMUX19,19,2,RMUX72,19,1,6;9,X19Y5_RMUX67,30,codeword attributed to a uniquely vendor-used member
rrg_edges_full.csv,RMUX19,19,2,RMUX89,19,1,6;9,X19Y5_RMUX67,85,codeword attributed to a uniquely vendor-used member
rrg_edges_full.csv,RMUX19,19,2,RMUX95,19,1,6;9,X19Y5_RMUX67,119,codeword attributed to a uniquely vendor-used member
rrg_edges_full.csv,RMUX19,19,3,RMUX72,19,2,6;9,X19Y6_RMUX67,25,codeword attributed to a uniquely vendor-used member
rrg_edges_full.csv,RMUX19,19,3,RMUX89,19,2,6;9,X19Y6_RMUX67,76,codeword attributed to a uniquely vendor-used member
rrg_edges_full.csv,RMUX19,19,4,RMUX72,19,3,6;9,X19Y7_RMUX67,40,codeword attributed to a uniquely vendor-used member
rrg_edges_full.csv,RMUX19,19,4,RMUX95,19,3,6;9,X19Y7_RMUX67,60,codeword attributed to a uniquely vendor-used member
rrg_edges_full.csv,RMUX19,19,5,RMUX72,19,4,6;9,X19Y8_RMUX67,60,codeword attributed to a uniquely vendor-used member
rrg_edges_full.csv,RMUX19,19,6,RMUX72,19,5,6;9,X19Y9_RMUX67,32,codeword attributed to a uniquely vendor-used member
rrg_edges_full.csv,RMUX19,19,7,RMUX72,19,6,6;9,X19Y10_RMUX67,21,codeword attributed to a uniquely vendor-used member
rrg_edges_full.csv,RMUX19,19,7,RMUX88,19,6,6;9,X19Y10_RMUX67,20,codeword attributed to a uniquely vendor-used member
rrg_edges_full.csv,RMUX19,19,8,RMUX72,19,7,6;9,X19Y11_RMUX67,16,codeword attributed to a uniquely vendor-used member
rrg_edges_full.csv,RMUX19,19,9,RMUX72,19,8,6;9,X19Y12_RMUX67,5,codeword attributed to a uniquely vendor-used member
rrg_edges_full.csv,RMUX19,20,2,RMUX72,20,1,6;9,X20Y5_RMUX67,26,codeword attributed to a uniquely vendor-used member
rrg_edges_full.csv,RMUX19,20,2,RMUX88,20,1,6;9,X20Y5_RMUX67,51,codeword attributed to a uniquely vendor-used member
rrg_edges_full.csv,RMUX19,20,2,RMUX89,20,1,6;9,X20Y5_RMUX67,80,codeword attributed to a uniquely vendor-used member
rrg_edges_full.csv,RMUX19,20,2,RMUX95,20,1,6;9,X20Y5_RMUX67,63,codeword attributed to a uniquely vendor-used member
rrg_edges_full.csv,RMUX19,20,3,RMUX72,20,2,6;9,X20Y6_RMUX67,19,codeword attributed to a uniquely vendor-used member
rrg_edges_full.csv,RMUX19,20,4,RMUX72,20,3,6;9,X20Y7_RMUX67,33,codeword attributed to a uniquely vendor-used member
rrg_edges_full.csv,RMUX19,20,5,RMUX72,20,4,6;9,X20Y8_RMUX67,29,codeword attributed to a uniquely vendor-used member
rrg_edges_full.csv,RMUX19,20,6,RMUX72,20,5,6;9,X20Y9_RMUX67,13,codeword attributed to a uniquely vendor-used member
rrg_edges_full.csv,RMUX19,20,6,RMUX89,20,5,6;9,X20Y9_RMUX67,35,codeword attributed to a uniquely vendor-used member
rrg_edges_full.csv,RMUX19,20,7,RMUX72,20,6,6;9,X20Y10_RMUX67,13,codeword attributed to a uniquely vendor-used member
rrg_edges_full.csv,RMUX19,20,8,RMUX72,20,7,6;9,X20Y11_RMUX67,7,codeword attributed to a uniquely vendor-used member
rrg_edges_full.csv,RMUX19,20,9,RMUX72,20,8,6;9,X20Y12_RMUX67,4,codeword attributed to a uniquely vendor-used member
rrg_edges_full.csv,RMUX21,10,3,RMUX86,10,3,6;8,X10Y2_RMUX69,13,codeword attributed to a uniquely vendor-used member
rrg_edges_full.csv,RMUX21,10,4,RMUX86,10,4,6;8,X10Y3_RMUX69,15,codeword attributed to a uniquely vendor-used member
rrg_edges_full.csv,RMUX21,11,3,RMUX86,11,3,6;8,X11Y2_RMUX69,8,codeword attributed to a uniquely vendor-used member
rrg_edges_full.csv,RMUX21,11,3,RMUX92,11,4,0;9,X11Y2_RMUX69,2,codeword attributed to a uniquely vendor-used member
rrg_edges_full.csv,RMUX21,11,4,RMUX86,11,4,6;8,X11Y3_RMUX69,17,codeword attributed to a uniquely vendor-used member
rrg_edges_full.csv,RMUX21,12,3,RMUX86,12,3,6;8,X12Y2_RMUX69,20,codeword attributed to a uniquely vendor-used member
rrg_edges_full.csv,RMUX21,12,4,RMUX86,12,4,6;8,X12Y3_RMUX69,32,codeword attributed to a uniquely vendor-used member
rrg_edges_full.csv,RMUX21,14,11,RMUX86,14,11,6;8,X14Y10_RMUX69,1,codeword attributed to a uniquely vendor-used member
rrg_edges_full.csv,RMUX21,14,11,RMUX92,14,11,1;9,X14Y8_RMUX69,2,codeword attributed to a uniquely vendor-used member
rrg_edges_full.csv,RMUX21,14,3,RMUX86,14,3,6;8,X14Y2_RMUX69,13,codeword attributed to a uniquely vendor-used member
rrg_edges_full.csv,RMUX21,14,3,RMUX92,14,4,0;9,X14Y2_RMUX69,22,codeword attributed to a uniquely vendor-used member
rrg_edges_full.csv,RMUX21,14,4,RMUX86,14,4,6;8,X14Y3_RMUX69,16,codeword attributed to a uniquely vendor-used member
rrg_edges_full.csv,RMUX21,14,4,RMUX92,14,4,1;9,X14Y1_RMUX69,45,codeword attributed to a uniquely vendor-used member
rrg_edges_full.csv,RMUX21,14,4,RMUX92,14,5,0;9,X14Y3_RMUX69,72,codeword attributed to a uniquely vendor-used member
rrg_edges_full.csv,RMUX21,14,5,RMUX92,14,5,1;9,X14Y2_RMUX69,115,codeword attributed to a uniquely vendor-used member
rrg_edges_full.csv,RMUX21,14,5,RMUX92,14,6,0;9,X14Y4_RMUX69,52,codeword attributed to a uniquely vendor-used member
rrg_edges_full.csv,RMUX21,14,6,RMUX92,14,6,1;9,X14Y3_RMUX69,105,codeword attributed to a uniquely vendor-used member
rrg_edges_full.csv,RMUX21,14,6,RMUX92,14,7,0;9,X14Y5_RMUX69,16,codeword attributed to a uniquely vendor-used member
rrg_edges_full.csv,RMUX21,14,7,RMUX92,14,7,1;9,X14Y4_RMUX69,80,codeword attributed to a uniquely vendor-used member
rrg_edges_full.csv,RMUX21,14,7,RMUX92,14,8,0;9,X14Y6_RMUX69,16,codeword attributed to a uniquely vendor-used member
rrg_edges_full.csv,RMUX21,14,8,RMUX92,14,8,1;9,X14Y5_RMUX69,27,codeword attributed to a uniquely vendor-used member
rrg_edges_full.csv,RMUX21,14,8,RMUX92,14,9,0;9,X14Y7_RMUX69,2,codeword attributed to a uniquely vendor-used member
rrg_edges_full.csv,RMUX21,14,9,RMUX92,14,9,1;9,X14Y6_RMUX69,4,codeword attributed to a uniquely vendor-used member
rrg_edges_full.csv,RMUX21,15,10,RMUX92,15,10,1;9,X15Y7_RMUX69,4,codeword attributed to a uniquely vendor-used member
rrg_edges_full.csv,RMUX21,15,12,RMUX86,15,12,6;8,X15Y11_RMUX69,2,codeword attributed to a uniquely vendor-used member
rrg_edges_full.csv,RMUX21,15,3,RMUX86,15,3,6;8,X15Y2_RMUX69,15,codeword attributed to a uniquely vendor-used member
rrg_edges_full.csv,RMUX21,15,3,RMUX92,15,4,0;9,X15Y2_RMUX69,38,codeword attributed to a uniquely vendor-used member
rrg_edges_full.csv,RMUX21,15,4,RMUX86,15,4,6;8,X15Y3_RMUX69,17,codeword attributed to a uniquely vendor-used member
rrg_edges_full.csv,RMUX21,15,4,RMUX92,15,4,1;9,X15Y1_RMUX69,48,codeword attributed to a uniquely vendor-used member
rrg_edges_full.csv,RMUX21,15,4,RMUX92,15,5,0;9,X15Y3_RMUX69,82,codeword attributed to a uniquely vendor-used member
rrg_edges_full.csv,RMUX21,15,5,RMUX86,15,5,6;8,X15Y4_RMUX69,6,codeword attributed to a uniquely vendor-used member
rrg_edges_full.csv,RMUX21,15,5,RMUX92,15,5,1;9,X15Y2_RMUX69,117,codeword attributed to a uniquely vendor-used member
rrg_edges_full.csv,RMUX21,15,5,RMUX92,15,6,0;9,X15Y4_RMUX69,52,codeword attributed to a uniquely vendor-used member
rrg_edges_full.csv,RMUX21,15,6,RMUX86,15,6,6;8,X15Y5_RMUX69,6,codeword attributed to a uniquely vendor-used member
rrg_edges_full.csv,RMUX21,15,6,RMUX92,15,6,1;9,X15Y3_RMUX69,74,codeword attributed to a uniquely vendor-used member
rrg_edges_full.csv,RMUX21,15,6,RMUX92,15,7,0;9,X15Y5_RMUX69,37,codeword attributed to a uniquely vendor-used member
rrg_edges_full.csv,RMUX21,15,7,RMUX86,15,7,6;8,X15Y6_RMUX69,2,codeword attributed to a uniquely vendor-used member
rrg_edges_full.csv,RMUX21,15,7,RMUX92,15,7,1;9,X15Y4_RMUX69,81,codeword attributed to a uniquely vendor-used member
rrg_edges_full.csv,RMUX21,15,7,RMUX92,15,8,0;9,X15Y6_RMUX69,24,codeword attributed to a uniquely vendor-used member
rrg_edges_full.csv,RMUX21,15,8,RMUX92,15,8,1;9,X15Y5_RMUX69,51,codeword attributed to a uniquely vendor-used member
rrg_edges_full.csv,RMUX21,15,8,RMUX92,15,9,0;9,X15Y7_RMUX69,3,codeword attributed to a uniquely vendor-used member
rrg_edges_full.csv,RMUX21,15,9,RMUX86,15,9,6;8,X15Y8_RMUX69,3,codeword attributed to a uniquely vendor-used member
rrg_edges_full.csv,RMUX21,15,9,RMUX92,15,9,1;9,X15Y6_RMUX69,5,codeword attributed to a uniquely vendor-used member
rrg_edges_full.csv,RMUX21,16,10,RMUX86,16,10,6;8,X16Y9_RMUX69,3,codeword attributed to a uniquely vendor-used member
rrg_edges_full.csv,RMUX21,16,3,RMUX86,16,3,6;8,X16Y2_RMUX69,19,codeword attributed to a uniquely vendor-used member
rrg_edges_full.csv,RMUX21,16,3,RMUX92,16,4,0;9,X16Y2_RMUX69,34,codeword attributed to a uniquely vendor-used member
rrg_edges_full.csv,RMUX21,16,4,RMUX86,16,4,6;8,X16Y3_RMUX69,41,codeword attributed to a uniquely vendor-used member
rrg_edges_full.csv,RMUX21,16,4,RMUX92,16,4,1;9,X16Y1_RMUX69,63,codeword attributed to a uniquely vendor-used member
rrg_edges_full.csv,RMUX21,16,4,RMUX92,16,5,0;9,X16Y3_RMUX69,76,codeword attributed to a uniquely vendor-used member
rrg_edges_full.csv,RMUX21,16,5,RMUX86,16,5,6;8,X16Y4_RMUX69,3,codeword attributed to a uniquely vendor-used member
rrg_edges_full.csv,RMUX21,16,5,RMUX92,16,5,1;9,X16Y2_RMUX69,86,codeword attributed to a uniquely vendor-used member
rrg_edges_full.csv,RMUX21,16,5,RMUX92,16,6,0;9,X16Y4_RMUX69,44,codeword attributed to a uniquely vendor-used member
rrg_edges_full.csv,RMUX21,16,6,RMUX86,16,6,6;8,X16Y5_RMUX69,7,codeword attributed to a uniquely vendor-used member
rrg_edges_full.csv,RMUX21,16,6,RMUX92,16,6,1;9,X16Y3_RMUX69,79,codeword attributed to a uniquely vendor-used member
rrg_edges_full.csv,RMUX21,16,6,RMUX92,16,7,0;9,X16Y5_RMUX69,30,codeword attributed to a uniquely vendor-used member
rrg_edges_full.csv,RMUX21,16,7,RMUX86,16,7,6;8,X16Y6_RMUX69,5,codeword attributed to a uniquely vendor-used member
rrg_edges_full.csv,RMUX21,16,7,RMUX92,16,7,1;9,X16Y4_RMUX69,54,codeword attributed to a uniquely vendor-used member
rrg_edges_full.csv,RMUX21,16,7,RMUX92,16,8,0;9,X16Y6_RMUX69,27,codeword attributed to a uniquely vendor-used member
rrg_edges_full.csv,RMUX21,16,8,RMUX86,16,8,6;8,X16Y7_RMUX69,3,codeword attributed to a uniquely vendor-used member
rrg_edges_full.csv,RMUX21,16,8,RMUX92,16,8,1;9,X16Y5_RMUX69,32,codeword attributed to a uniquely vendor-used member
rrg_edges_full.csv,RMUX21,16,8,RMUX92,16,9,0;9,X16Y7_RMUX69,5,codeword attributed to a uniquely vendor-used member
rrg_edges_full.csv,RMUX21,16,9,RMUX86,16,9,6;8,X16Y8_RMUX69,4,codeword attributed to a uniquely vendor-used member
rrg_edges_full.csv,RMUX21,16,9,RMUX92,16,9,1;9,X16Y6_RMUX69,6,codeword attributed to a uniquely vendor-used member
rrg_edges_full.csv,RMUX21,17,10,RMUX86,17,10,6;8,X17Y9_RMUX69,2,codeword attributed to a uniquely vendor-used member
rrg_edges_full.csv,RMUX21,17,3,RMUX86,17,3,6;8,X17Y2_RMUX69,15,codeword attributed to a uniquely vendor-used member
rrg_edges_full.csv,RMUX21,17,3,RMUX92,17,4,0;9,X17Y2_RMUX69,44,codeword attributed to a uniquely vendor-used member
rrg_edges_full.csv,RMUX21,17,4,RMUX86,17,4,6;8,X17Y3_RMUX69,26,codeword attributed to a uniquely vendor-used member
rrg_edges_full.csv,RMUX21,17,4,RMUX92,17,4,1;9,X17Y1_RMUX69,63,codeword attributed to a uniquely vendor-used member
rrg_edges_full.csv,RMUX21,17,4,RMUX92,17,5,0;9,X17Y3_RMUX69,62,codeword attributed to a uniquely vendor-used member
rrg_edges_full.csv,RMUX21,17,5,RMUX86,17,5,6;8,X17Y4_RMUX69,6,codeword attributed to a uniquely vendor-used member
rrg_edges_full.csv,RMUX21,17,5,RMUX92,17,5,1;9,X17Y2_RMUX69,72,codeword attributed to a uniquely vendor-used member
rrg_edges_full.csv,RMUX21,17,5,RMUX92,17,6,0;9,X17Y4_RMUX69,30,codeword attributed to a uniquely vendor-used member
rrg_edges_full.csv,RMUX21,17,6,RMUX86,17,6,6;8,X17Y5_RMUX69,5,codeword attributed to a uniquely vendor-used member
rrg_edges_full.csv,RMUX21,17,6,RMUX92,17,6,1;9,X17Y3_RMUX69,58,codeword attributed to a uniquely vendor-used member
rrg_edges_full.csv,RMUX21,17,6,RMUX92,17,7,0;9,X17Y5_RMUX69,35,codeword attributed to a uniquely vendor-used member
rrg_edges_full.csv,RMUX21,17,7,RMUX86,17,7,6;8,X17Y6_RMUX69,7,codeword attributed to a uniquely vendor-used member
rrg_edges_full.csv,RMUX21,17,7,RMUX92,17,7,1;9,X17Y4_RMUX69,42,codeword attributed to a uniquely vendor-used member
rrg_edges_full.csv,RMUX21,17,7,RMUX92,17,8,0;9,X17Y6_RMUX69,21,codeword attributed to a uniquely vendor-used member
rrg_edges_full.csv,RMUX21,17,8,RMUX86,17,8,6;8,X17Y7_RMUX69,4,codeword attributed to a uniquely vendor-used member
rrg_edges_full.csv,RMUX21,17,8,RMUX92,17,8,1;9,X17Y5_RMUX69,29,codeword attributed to a uniquely vendor-used member
rrg_edges_full.csv,RMUX21,17,8,RMUX92,17,9,0;9,X17Y7_RMUX69,4,codeword attributed to a uniquely vendor-used member
rrg_edges_full.csv,RMUX21,17,9,RMUX86,17,9,6;8,X17Y8_RMUX69,7,codeword attributed to a uniquely vendor-used member
rrg_edges_full.csv,RMUX21,17,9,RMUX92,17,9,1;9,X17Y6_RMUX69,5,codeword attributed to a uniquely vendor-used member
rrg_edges_full.csv,RMUX21,18,10,RMUX86,18,10,6;8,X18Y9_RMUX69,3,codeword attributed to a uniquely vendor-used member
rrg_edges_full.csv,RMUX21,18,11,RMUX86,18,11,6;8,X18Y10_RMUX69,3,codeword attributed to a uniquely vendor-used member
rrg_edges_full.csv,RMUX21,18,11,RMUX92,18,11,1;9,X18Y8_RMUX69,2,codeword attributed to a uniquely vendor-used member
rrg_edges_full.csv,RMUX21,18,3,RMUX86,18,3,6;8,X18Y2_RMUX69,6,codeword attributed to a uniquely vendor-used member
rrg_edges_full.csv,RMUX21,18,3,RMUX92,18,4,0;9,X18Y2_RMUX69,41,codeword attributed to a uniquely vendor-used member
rrg_edges_full.csv,RMUX21,18,4,RMUX86,18,4,6;8,X18Y3_RMUX69,24,codeword attributed to a uniquely vendor-used member
rrg_edges_full.csv,RMUX21,18,4,RMUX92,18,4,1;9,X18Y1_RMUX69,64,codeword attributed to a uniquely vendor-used member
rrg_edges_full.csv,RMUX21,18,4,RMUX92,18,5,0;9,X18Y3_RMUX69,44,codeword attributed to a uniquely vendor-used member
rrg_edges_full.csv,RMUX21,18,5,RMUX86,18,5,6;8,X18Y4_RMUX69,12,codeword attributed to a uniquely vendor-used member
rrg_edges_full.csv,RMUX21,18,5,RMUX92,18,5,1;9,X18Y2_RMUX69,59,codeword attributed to a uniquely vendor-used member
rrg_edges_full.csv,RMUX21,18,5,RMUX92,18,6,0;9,X18Y4_RMUX69,34,codeword attributed to a uniquely vendor-used member
rrg_edges_full.csv,RMUX21,18,6,RMUX86,18,6,6;8,X18Y5_RMUX69,8,codeword attributed to a uniquely vendor-used member
rrg_edges_full.csv,RMUX21,18,6,RMUX92,18,6,1;9,X18Y3_RMUX69,27,codeword attributed to a uniquely vendor-used member
rrg_edges_full.csv,RMUX21,18,6,RMUX92,18,7,0;9,X18Y5_RMUX69,30,codeword attributed to a uniquely vendor-used member
rrg_edges_full.csv,RMUX21,18,7,RMUX86,18,7,6;8,X18Y6_RMUX69,5,codeword attributed to a uniquely vendor-used member
rrg_edges_full.csv,RMUX21,18,7,RMUX92,18,7,1;9,X18Y4_RMUX69,30,codeword attributed to a uniquely vendor-used member
rrg_edges_full.csv,RMUX21,18,7,RMUX92,18,8,0;9,X18Y6_RMUX69,17,codeword attributed to a uniquely vendor-used member
rrg_edges_full.csv,RMUX21,18,8,RMUX86,18,8,6;8,X18Y7_RMUX69,6,codeword attributed to a uniquely vendor-used member
rrg_edges_full.csv,RMUX21,18,8,RMUX92,18,8,1;9,X18Y5_RMUX69,23,codeword attributed to a uniquely vendor-used member
rrg_edges_full.csv,RMUX21,18,8,RMUX92,18,9,0;9,X18Y7_RMUX69,2,codeword attributed to a uniquely vendor-used member
rrg_edges_full.csv,RMUX21,18,9,RMUX86,18,9,6;8,X18Y8_RMUX69,6,codeword attributed to a uniquely vendor-used member
rrg_edges_full.csv,RMUX21,19,10,RMUX86,19,10,6;8,X19Y9_RMUX69,5,codeword attributed to a uniquely vendor-used member
rrg_edges_full.csv,RMUX21,19,10,RMUX92,19,10,1;9,X19Y7_RMUX69,2,codeword attributed to a uniquely vendor-used member
rrg_edges_full.csv,RMUX21,19,10,RMUX92,19,11,0;9,X19Y9_RMUX69,3,codeword attributed to a uniquely vendor-used member
rrg_edges_full.csv,RMUX21,19,11,RMUX86,19,11,6;8,X19Y10_RMUX69,3,codeword attributed to a uniquely vendor-used member
rrg_edges_full.csv,RMUX21,19,12,RMUX86,19,12,6;8,X19Y11_RMUX69,2,codeword attributed to a uniquely vendor-used member
rrg_edges_full.csv,RMUX21,19,3,RMUX86,19,3,6;8,X19Y2_RMUX69,8,codeword attributed to a uniquely vendor-used member
rrg_edges_full.csv,RMUX21,19,3,RMUX92,19,4,0;9,X19Y2_RMUX69,33,codeword attributed to a uniquely vendor-used member
rrg_edges_full.csv,RMUX21,19,4,RMUX86,19,4,6;8,X19Y3_RMUX69,22,codeword attributed to a uniquely vendor-used member
rrg_edges_full.csv,RMUX21,19,4,RMUX92,19,4,1;9,X19Y1_RMUX69,64,codeword attributed to a uniquely vendor-used member
rrg_edges_full.csv,RMUX21,19,4,RMUX92,19,5,0;9,X19Y3_RMUX69,44,codeword attributed to a uniquely vendor-used member
rrg_edges_full.csv,RMUX21,19,5,RMUX86,19,5,6;8,X19Y4_RMUX69,13,codeword attributed to a uniquely vendor-used member
rrg_edges_full.csv,RMUX21,19,5,RMUX92,19,5,1;9,X19Y2_RMUX69,42,codeword attributed to a uniquely vendor-used member
rrg_edges_full.csv,RMUX21,19,5,RMUX92,19,6,0;9,X19Y4_RMUX69,25,codeword attributed to a uniquely vendor-used member
rrg_edges_full.csv,RMUX21,19,6,RMUX86,19,6,6;8,X19Y5_RMUX69,11,codeword attributed to a uniquely vendor-used member
rrg_edges_full.csv,RMUX21,19,6,RMUX92,19,6,1;9,X19Y3_RMUX69,37,codeword attributed to a uniquely vendor-used member
rrg_edges_full.csv,RMUX21,19,6,RMUX92,19,7,0;9,X19Y5_RMUX69,19,codeword attributed to a uniquely vendor-used member
rrg_edges_full.csv,RMUX21,19,7,RMUX86,19,7,6;8,X19Y6_RMUX69,10,codeword attributed to a uniquely vendor-used member
rrg_edges_full.csv,RMUX21,19,7,RMUX92,19,7,1;9,X19Y4_RMUX69,31,codeword attributed to a uniquely vendor-used member
rrg_edges_full.csv,RMUX21,19,7,RMUX92,19,8,0;9,X19Y6_RMUX69,14,codeword attributed to a uniquely vendor-used member
rrg_edges_full.csv,RMUX21,19,8,RMUX86,19,8,6;8,X19Y7_RMUX69,10,codeword attributed to a uniquely vendor-used member
rrg_edges_full.csv,RMUX21,19,8,RMUX92,19,8,1;9,X19Y5_RMUX69,18,codeword attributed to a uniquely vendor-used member
rrg_edges_full.csv,RMUX21,19,8,RMUX92,19,9,0;9,X19Y7_RMUX69,9,codeword attributed to a uniquely vendor-used member
rrg_edges_full.csv,RMUX21,19,9,RMUX86,19,9,6;8,X19Y8_RMUX69,4,codeword attributed to a uniquely vendor-used member
rrg_edges_full.csv,RMUX21,19,9,RMUX92,19,9,1;9,X19Y6_RMUX69,27,codeword attributed to a uniquely vendor-used member
rrg_edges_full.csv,RMUX21,2,2,RMUX92,2,3,0;9,X2Y1_RMUX69,2,codeword attributed to a uniquely vendor-used member
rrg_edges_full.csv,RMUX21,2,3,RMUX86,2,3,6;8,X2Y2_RMUX69,2,codeword attributed to a uniquely vendor-used member
rrg_edges_full.csv,RMUX21,20,10,RMUX86,20,10,6;8,X20Y9_RMUX69,6,codeword attributed to a uniquely vendor-used member
rrg_edges_full.csv,RMUX21,20,10,RMUX92,20,11,0;9,X20Y9_RMUX69,2,codeword attributed to a uniquely vendor-used member
rrg_edges_full.csv,RMUX21,20,11,RMUX86,20,11,6;8,X20Y10_RMUX69,4,codeword attributed to a uniquely vendor-used member
rrg_edges_full.csv,RMUX21,20,11,RMUX92,20,11,1;9,X20Y8_RMUX69,4,codeword attributed to a uniquely vendor-used member
rrg_edges_full.csv,RMUX21,20,12,RMUX86,20,12,6;8,X20Y11_RMUX69,7,codeword attributed to a uniquely vendor-used member
rrg_edges_full.csv,RMUX21,20,3,RMUX86,20,3,6;8,X20Y2_RMUX69,11,codeword attributed to a uniquely vendor-used member
rrg_edges_full.csv,RMUX21,20,3,RMUX92,20,4,0;9,X20Y2_RMUX69,41,codeword attributed to a uniquely vendor-used member
rrg_edges_full.csv,RMUX21,20,4,RMUX86,20,4,6;8,X20Y3_RMUX69,21,codeword attributed to a uniquely vendor-used member
rrg_edges_full.csv,RMUX21,20,4,RMUX92,20,4,1;9,X20Y1_RMUX69,65,codeword attributed to a uniquely vendor-used member
rrg_edges_full.csv,RMUX21,20,4,RMUX92,20,5,0;9,X20Y3_RMUX69,77,codeword attributed to a uniquely vendor-used member
rrg_edges_full.csv,RMUX21,20,5,RMUX86,20,5,6;8,X20Y4_RMUX69,12,codeword attributed to a uniquely vendor-used member
rrg_edges_full.csv,RMUX21,20,5,RMUX92,20,5,1;9,X20Y2_RMUX69,65,codeword attributed to a uniquely vendor-used member
rrg_edges_full.csv,RMUX21,20,5,RMUX92,20,6,0;9,X20Y4_RMUX69,27,codeword attributed to a uniquely vendor-used member
rrg_edges_full.csv,RMUX21,20,6,RMUX86,20,6,6;8,X20Y5_RMUX69,6,codeword attributed to a uniquely vendor-used member
rrg_edges_full.csv,RMUX21,20,6,RMUX92,20,6,1;9,X20Y3_RMUX69,50,codeword attributed to a uniquely vendor-used member
rrg_edges_full.csv,RMUX21,20,6,RMUX92,20,7,0;9,X20Y5_RMUX69,22,codeword attributed to a uniquely vendor-used member
rrg_edges_full.csv,RMUX21,20,7,RMUX86,20,7,6;8,X20Y6_RMUX69,6,codeword attributed to a uniquely vendor-used member
rrg_edges_full.csv,RMUX21,20,7,RMUX92,20,7,1;9,X20Y4_RMUX69,24,codeword attributed to a uniquely vendor-used member
rrg_edges_full.csv,RMUX21,20,7,RMUX92,20,8,0;9,X20Y6_RMUX69,12,codeword attributed to a uniquely vendor-used member
rrg_edges_full.csv,RMUX21,20,8,RMUX86,20,8,6;8,X20Y7_RMUX69,5,codeword attributed to a uniquely vendor-used member
rrg_edges_full.csv,RMUX21,20,8,RMUX92,20,8,1;9,X20Y5_RMUX69,20,codeword attributed to a uniquely vendor-used member
rrg_edges_full.csv,RMUX21,20,8,RMUX92,20,9,0;9,X20Y7_RMUX69,23,codeword attributed to a uniquely vendor-used member
rrg_edges_full.csv,RMUX21,20,9,RMUX86,20,9,6;8,X20Y8_RMUX69,7,codeword attributed to a uniquely vendor-used member
rrg_edges_full.csv,RMUX21,20,9,RMUX92,20,9,1;9,X20Y6_RMUX69,46,codeword attributed to a uniquely vendor-used member
rrg_edges_full.csv,RMUX21,3,2,RMUX92,3,3,0;9,X3Y1_RMUX69,2,codeword attributed to a uniquely vendor-used member
rrg_edges_full.csv,RMUX21,3,4,RMUX86,3,3,3;9,X3Y3_RMUX69,2,codeword attributed to a uniquely vendor-used member
rrg_edges_full.csv,RMUX21,3,4,RMUX86,3,4,6;8,X3Y3_RMUX69,2,codeword attributed to a uniquely vendor-used member
rrg_edges_full.csv,RMUX21,4,2,RMUX92,4,3,0;9,X4Y1_RMUX69,3,codeword attributed to a uniquely vendor-used member
rrg_edges_full.csv,RMUX21,4,3,RMUX86,4,3,6;8,X4Y2_RMUX69,2,codeword attributed to a uniquely vendor-used member
rrg_edges_full.csv,RMUX21,5,2,RMUX86,5,2,6;8,X5Y1_RMUX69,2,codeword attributed to a uniquely vendor-used member
rrg_edges_full.csv,RMUX21,5,4,RMUX86,5,4,6;8,X5Y3_RMUX69,2,codeword attributed to a uniquely vendor-used member
rrg_edges_full.csv,RMUX21,6,2,RMUX92,6,3,0;9,X6Y1_RMUX69,7,codeword attributed to a uniquely vendor-used member
rrg_edges_full.csv,RMUX21,6,4,RMUX86,6,4,6;8,X6Y3_RMUX69,3,codeword attributed to a uniquely vendor-used member
rrg_edges_full.csv,RMUX21,7,2,RMUX86,7,2,6;8,X7Y1_RMUX69,2,codeword attributed to a uniquely vendor-used member
rrg_edges_full.csv,RMUX21,7,3,RMUX86,7,3,6;8,X7Y2_RMUX69,3,codeword attributed to a uniquely vendor-used member
rrg_edges_full.csv,RMUX21,8,2,RMUX86,8,2,6;8,X8Y1_RMUX69,3,codeword attributed to a uniquely vendor-used member
rrg_edges_full.csv,RMUX21,8,3,RMUX86,8,3,6;8,X8Y2_RMUX69,4,codeword attributed to a uniquely vendor-used member
rrg_edges_full.csv,RMUX21,8,4,RMUX86,8,4,6;8,X8Y3_RMUX69,9,codeword attributed to a uniquely vendor-used member
rrg_edges_full.csv,RMUX21,9,2,RMUX92,9,3,0;9,X9Y1_RMUX69,8,codeword attributed to a uniquely vendor-used member
rrg_edges_full.csv,RMUX21,9,3,RMUX86,9,3,6;8,X9Y2_RMUX69,5,codeword attributed to a uniquely vendor-used member
rrg_edges_full.csv,RMUX21,9,4,RMUX86,9,4,6;8,X9Y3_RMUX69,6,codeword attributed to a uniquely vendor-used member
rrg_edges_full.csv,RMUX25,1,1,RMUX01,1,1,5;9,X1Y4_RMUX73,9,codeword attributed to a uniquely vendor-used member
rrg_edges_full.csv,RMUX25,10,1,RMUX00,10,1,5;9,X10Y4_RMUX73,10,codeword attributed to a uniquely vendor-used member
rrg_edges_full.csv,RMUX25,10,1,RMUX01,10,1,5;9,X10Y4_RMUX73,58,codeword attributed to a uniquely vendor-used member
rrg_edges_full.csv,RMUX25,11,1,RMUX00,11,1,5;9,X11Y4_RMUX73,18,codeword attributed to a uniquely vendor-used member
rrg_edges_full.csv,RMUX25,11,1,RMUX01,11,1,5;9,X11Y4_RMUX73,73,codeword attributed to a uniquely vendor-used member
rrg_edges_full.csv,RMUX25,12,1,RMUX00,12,1,5;9,X12Y4_RMUX73,8,codeword attributed to a uniquely vendor-used member
rrg_edges_full.csv,RMUX25,12,1,RMUX01,12,1,5;9,X12Y4_RMUX73,62,codeword attributed to a uniquely vendor-used member
rrg_edges_full.csv,RMUX25,14,1,RMUX01,14,1,5;9,X14Y4_RMUX73,39,codeword attributed to a uniquely vendor-used member
rrg_edges_full.csv,RMUX25,14,2,RMUX01,14,2,5;9,X14Y5_RMUX73,10,codeword attributed to a uniquely vendor-used member
rrg_edges_full.csv,RMUX25,14,3,RMUX01,14,3,5;9,X14Y6_RMUX73,27,codeword attributed to a uniquely vendor-used member
rrg_edges_full.csv,RMUX25,14,4,RMUX01,14,4,5;9,X14Y7_RMUX73,23,codeword attributed to a uniquely vendor-used member
rrg_edges_full.csv,RMUX25,14,5,RMUX00,14,4,6;9,X14Y8_RMUX73,2,codeword attributed to a uniquely vendor-used member
rrg_edges_full.csv,RMUX25,14,5,RMUX01,14,5,5;9,X14Y8_RMUX73,14,codeword attributed to a uniquely vendor-used member
rrg_edges_full.csv,RMUX25,14,6,RMUX01,14,6,5;9,X14Y9_RMUX73,15,codeword attributed to a uniquely vendor-used member
rrg_edges_full.csv,RMUX25,14,7,RMUX00,14,4,6;9,X14Y8_RMUX73,2,codeword attributed to a uniquely vendor-used member
rrg_edges_full.csv,RMUX25,14,7,RMUX01,14,7,5;9,X14Y10_RMUX73,22,codeword attributed to a uniquely vendor-used member
rrg_edges_full.csv,RMUX25,14,8,RMUX01,14,8,5;9,X14Y11_RMUX73,19,codeword attributed to a uniquely vendor-used member
rrg_edges_full.csv,RMUX25,14,9,RMUX01,14,9,5;9,X14Y12_RMUX73,18,codeword attributed to a uniquely vendor-used member
rrg_edges_full.csv,RMUX25,15,1,RMUX00,15,1,5;9,X15Y4_RMUX73,25,codeword attributed to a uniquely vendor-used member
rrg_edges_full.csv,RMUX25,15,1,RMUX01,15,1,5;9,X15Y4_RMUX73,47,codeword attributed to a uniquely vendor-used member
rrg_edges_full.csv,RMUX25,15,10,RMUX00,15,7,6;9,X15Y11_RMUX73,12,codeword attributed to a uniquely vendor-used member
rrg_edges_full.csv,RMUX25,15,11,RMUX00,15,8,6;9,X15Y12_RMUX73,6,codeword attributed to a uniquely vendor-used member
rrg_edges_full.csv,RMUX25,15,2,RMUX00,15,1,6;9,X15Y5_RMUX73,29,codeword attributed to a uniquely vendor-used member
rrg_edges_full.csv,RMUX25,15,2,RMUX00,15,2,5;9,X15Y5_RMUX73,15,codeword attributed to a uniquely vendor-used member
rrg_edges_full.csv,RMUX25,15,2,RMUX01,15,2,5;9,X15Y5_RMUX73,20,codeword attributed to a uniquely vendor-used member
rrg_edges_full.csv,RMUX25,15,3,RMUX00,15,2,6;9,X15Y6_RMUX73,29,codeword attributed to a uniquely vendor-used member
rrg_edges_full.csv,RMUX25,15,3,RMUX00,15,3,5;9,X15Y6_RMUX73,20,codeword attributed to a uniquely vendor-used member
rrg_edges_full.csv,RMUX25,15,3,RMUX01,15,3,5;9,X15Y6_RMUX73,34,codeword attributed to a uniquely vendor-used member
rrg_edges_full.csv,RMUX25,15,4,RMUX00,15,1,6;9,X15Y5_RMUX73,29,codeword attributed to a uniquely vendor-used member
rrg_edges_full.csv,RMUX25,15,4,RMUX00,15,3,6;9,X15Y7_RMUX73,33,codeword attributed to a uniquely vendor-used member
rrg_edges_full.csv,RMUX25,15,4,RMUX00,15,4,5;9,X15Y7_RMUX73,18,codeword attributed to a uniquely vendor-used member
rrg_edges_full.csv,RMUX25,15,4,RMUX01,15,4,5;9,X15Y7_RMUX73,22,codeword attributed to a uniquely vendor-used member
rrg_edges_full.csv,RMUX25,15,5,RMUX00,15,2,6;9,X15Y6_RMUX73,29,codeword attributed to a uniquely vendor-used member
rrg_edges_full.csv,RMUX25,15,5,RMUX00,15,4,6;9,X15Y8_RMUX73,31,codeword attributed to a uniquely vendor-used member
rrg_edges_full.csv,RMUX25,15,5,RMUX00,15,5,5;9,X15Y8_RMUX73,15,codeword attributed to a uniquely vendor-used member
rrg_edges_full.csv,RMUX25,15,5,RMUX01,15,5,5;9,X15Y8_RMUX73,46,codeword attributed to a uniquely vendor-used member
rrg_edges_full.csv,RMUX25,15,6,RMUX00,15,3,6;9,X15Y7_RMUX73,33,codeword attributed to a uniquely vendor-used member
rrg_edges_full.csv,RMUX25,15,6,RMUX00,15,5,6;9,X15Y9_RMUX73,21,codeword attributed to a uniquely vendor-used member
rrg_edges_full.csv,RMUX25,15,6,RMUX00,15,6,5;9,X15Y9_RMUX73,8,codeword attributed to a uniquely vendor-used member
rrg_edges_full.csv,RMUX25,15,6,RMUX01,15,6,5;9,X15Y9_RMUX73,37,codeword attributed to a uniquely vendor-used member
rrg_edges_full.csv,RMUX25,15,7,RMUX00,15,4,6;9,X15Y8_RMUX73,31,codeword attributed to a uniquely vendor-used member
rrg_edges_full.csv,RMUX25,15,7,RMUX00,15,6,6;9,X15Y10_RMUX73,19,codeword attributed to a uniquely vendor-used member
rrg_edges_full.csv,RMUX25,15,7,RMUX00,15,7,5;9,X15Y10_RMUX73,9,codeword attributed to a uniquely vendor-used member
rrg_edges_full.csv,RMUX25,15,7,RMUX01,15,7,5;9,X15Y10_RMUX73,28,codeword attributed to a uniquely vendor-used member
rrg_edges_full.csv,RMUX25,15,8,RMUX00,15,5,6;9,X15Y9_RMUX73,21,codeword attributed to a uniquely vendor-used member
rrg_edges_full.csv,RMUX25,15,8,RMUX00,15,7,6;9,X15Y11_RMUX73,12,codeword attributed to a uniquely vendor-used member
rrg_edges_full.csv,RMUX25,15,8,RMUX00,15,8,5;9,X15Y11_RMUX73,11,codeword attributed to a uniquely vendor-used member
rrg_edges_full.csv,RMUX25,15,8,RMUX01,15,8,5;9,X15Y11_RMUX73,24,codeword attributed to a uniquely vendor-used member
rrg_edges_full.csv,RMUX25,15,9,RMUX00,15,6,6;9,X15Y10_RMUX73,19,codeword attributed to a uniquely vendor-used member
rrg_edges_full.csv,RMUX25,15,9,RMUX00,15,8,6;9,X15Y12_RMUX73,6,codeword attributed to a uniquely vendor-used member
rrg_edges_full.csv,RMUX25,15,9,RMUX00,15,9,5;9,X15Y12_RMUX73,6,codeword attributed to a uniquely vendor-used member
rrg_edges_full.csv,RMUX25,15,9,RMUX01,15,9,5;9,X15Y12_RMUX73,32,codeword attributed to a uniquely vendor-used member
rrg_edges_full.csv,RMUX25,16,1,RMUX00,16,1,5;9,X16Y4_RMUX73,29,codeword attributed to a uniquely vendor-used member
rrg_edges_full.csv,RMUX25,16,1,RMUX01,16,1,5;9,X16Y4_RMUX73,46,codeword attributed to a uniquely vendor-used member
rrg_edges_full.csv,RMUX25,16,10,RMUX00,16,7,6;9,X16Y11_RMUX73,13,codeword attributed to a uniquely vendor-used member
rrg_edges_full.csv,RMUX25,16,11,RMUX00,16,8,6;9,X16Y12_RMUX73,3,codeword attributed to a uniquely vendor-used member
rrg_edges_full.csv,RMUX25,16,2,RMUX00,16,1,6;9,X16Y5_RMUX73,32,codeword attributed to a uniquely vendor-used member
rrg_edges_full.csv,RMUX25,16,2,RMUX00,16,2,5;9,X16Y5_RMUX73,10,codeword attributed to a uniquely vendor-used member
rrg_edges_full.csv,RMUX25,16,2,RMUX01,16,2,5;9,X16Y5_RMUX73,18,codeword attributed to a uniquely vendor-used member
rrg_edges_full.csv,RMUX25,16,3,RMUX00,16,2,6;9,X16Y6_RMUX73,37,codeword attributed to a uniquely vendor-used member
rrg_edges_full.csv,RMUX25,16,3,RMUX00,16,3,5;9,X16Y6_RMUX73,15,codeword attributed to a uniquely vendor-used member
rrg_edges_full.csv,RMUX25,16,3,RMUX01,16,3,5;9,X16Y6_RMUX73,28,codeword attributed to a uniquely vendor-used member
rrg_edges_full.csv,RMUX25,16,4,RMUX00,16,1,6;9,X16Y5_RMUX73,32,codeword attributed to a uniquely vendor-used member
rrg_edges_full.csv,RMUX25,16,4,RMUX00,16,3,6;9,X16Y7_RMUX73,29,codeword attributed to a uniquely vendor-used member
rrg_edges_full.csv,RMUX25,16,4,RMUX00,16,4,5;9,X16Y7_RMUX73,12,codeword attributed to a uniquely vendor-used member
rrg_edges_full.csv,RMUX25,16,4,RMUX01,16,4,5;9,X16Y7_RMUX73,26,codeword attributed to a uniquely vendor-used member
rrg_edges_full.csv,RMUX25,16,5,RMUX00,16,2,6;9,X16Y6_RMUX73,37,codeword attributed to a uniquely vendor-used member
rrg_edges_full.csv,RMUX25,16,5,RMUX00,16,4,6;9,X16Y8_RMUX73,20,codeword attributed to a uniquely vendor-used member
rrg_edges_full.csv,RMUX25,16,5,RMUX00,16,5,5;9,X16Y8_RMUX73,13,codeword attributed to a uniquely vendor-used member
rrg_edges_full.csv,RMUX25,16,5,RMUX01,16,5,5;9,X16Y8_RMUX73,36,codeword attributed to a uniquely vendor-used member
rrg_edges_full.csv,RMUX25,16,6,RMUX00,16,3,6;9,X16Y7_RMUX73,29,codeword attributed to a uniquely vendor-used member
rrg_edges_full.csv,RMUX25,16,6,RMUX00,16,5,6;9,X16Y9_RMUX73,13,codeword attributed to a uniquely vendor-used member
rrg_edges_full.csv,RMUX25,16,6,RMUX00,16,6,5;9,X16Y9_RMUX73,12,codeword attributed to a uniquely vendor-used member
rrg_edges_full.csv,RMUX25,16,6,RMUX01,16,6,5;9,X16Y9_RMUX73,31,codeword attributed to a uniquely vendor-used member
rrg_edges_full.csv,RMUX25,16,7,RMUX00,16,4,6;9,X16Y8_RMUX73,20,codeword attributed to a uniquely vendor-used member
rrg_edges_full.csv,RMUX25,16,7,RMUX00,16,6,6;9,X16Y10_RMUX73,8,codeword attributed to a uniquely vendor-used member
rrg_edges_full.csv,RMUX25,16,7,RMUX00,16,7,5;9,X16Y10_RMUX73,9,codeword attributed to a uniquely vendor-used member
rrg_edges_full.csv,RMUX25,16,7,RMUX01,16,7,5;9,X16Y10_RMUX73,29,codeword attributed to a uniquely vendor-used member
rrg_edges_full.csv,RMUX25,16,8,RMUX00,16,5,6;9,X16Y9_RMUX73,13,codeword attributed to a uniquely vendor-used member
rrg_edges_full.csv,RMUX25,16,8,RMUX00,16,7,6;9,X16Y11_RMUX73,13,codeword attributed to a uniquely vendor-used member
rrg_edges_full.csv,RMUX25,16,8,RMUX00,16,8,5;9,X16Y11_RMUX73,9,codeword attributed to a uniquely vendor-used member
rrg_edges_full.csv,RMUX25,16,8,RMUX01,16,8,5;9,X16Y11_RMUX73,30,codeword attributed to a uniquely vendor-used member
rrg_edges_full.csv,RMUX25,16,9,RMUX00,16,6,6;9,X16Y10_RMUX73,8,codeword attributed to a uniquely vendor-used member
rrg_edges_full.csv,RMUX25,16,9,RMUX00,16,8,6;9,X16Y12_RMUX73,3,codeword attributed to a uniquely vendor-used member
rrg_edges_full.csv,RMUX25,16,9,RMUX00,16,9,5;9,X16Y12_RMUX73,11,codeword attributed to a uniquely vendor-used member
rrg_edges_full.csv,RMUX25,16,9,RMUX01,16,9,5;9,X16Y12_RMUX73,26,codeword attributed to a uniquely vendor-used member
rrg_edges_full.csv,RMUX25,17,1,RMUX00,17,1,5;9,X17Y4_RMUX73,33,codeword attributed to a uniquely vendor-used member
rrg_edges_full.csv,RMUX25,17,1,RMUX01,17,1,5;9,X17Y4_RMUX73,43,codeword attributed to a uniquely vendor-used member
rrg_edges_full.csv,RMUX25,17,10,RMUX00,17,7,6;9,X17Y11_RMUX73,10,codeword attributed to a uniquely vendor-used member
rrg_edges_full.csv,RMUX25,17,11,RMUX00,17,8,6;9,X17Y12_RMUX73,12,codeword attributed to a uniquely vendor-used member
rrg_edges_full.csv,RMUX25,17,2,RMUX00,17,1,6;9,X17Y5_RMUX73,37,codeword attributed to a uniquely vendor-used member
rrg_edges_full.csv,RMUX25,17,2,RMUX00,17,2,5;9,X17Y5_RMUX73,14,codeword attributed to a uniquely vendor-used member
rrg_edges_full.csv,RMUX25,17,2,RMUX01,17,2,5;9,X17Y5_RMUX73,17,codeword attributed to a uniquely vendor-used member
rrg_edges_full.csv,RMUX25,17,3,RMUX00,17,2,6;9,X17Y6_RMUX73,23,codeword attributed to a uniquely vendor-used member
rrg_edges_full.csv,RMUX25,17,3,RMUX00,17,3,5;9,X17Y6_RMUX73,20,codeword attributed to a uniquely vendor-used member
rrg_edges_full.csv,RMUX25,17,3,RMUX01,17,3,5;9,X17Y6_RMUX73,27,codeword attributed to a uniquely vendor-used member
rrg_edges_full.csv,RMUX25,17,4,RMUX00,17,1,6;9,X17Y5_RMUX73,37,codeword attributed to a uniquely vendor-used member
rrg_edges_full.csv,RMUX25,17,4,RMUX00,17,3,6;9,X17Y7_RMUX73,34,codeword attributed to a uniquely vendor-used member
rrg_edges_full.csv,RMUX25,17,4,RMUX00,17,4,5;9,X17Y7_RMUX73,12,codeword attributed to a uniquely vendor-used member
rrg_edges_full.csv,RMUX25,17,4,RMUX01,17,4,5;9,X17Y7_RMUX73,21,codeword attributed to a uniquely vendor-used member
rrg_edges_full.csv,RMUX25,17,5,RMUX00,17,2,6;9,X17Y6_RMUX73,23,codeword attributed to a uniquely vendor-used member
rrg_edges_full.csv,RMUX25,17,5,RMUX00,17,4,6;9,X17Y8_RMUX73,31,codeword attributed to a uniquely vendor-used member
rrg_edges_full.csv,RMUX25,17,5,RMUX00,17,5,5;9,X17Y8_RMUX73,17,codeword attributed to a uniquely vendor-used member
rrg_edges_full.csv,RMUX25,17,5,RMUX01,17,5,5;9,X17Y8_RMUX73,33,codeword attributed to a uniquely vendor-used member
rrg_edges_full.csv,RMUX25,17,6,RMUX00,17,3,6;9,X17Y7_RMUX73,34,codeword attributed to a uniquely vendor-used member
rrg_edges_full.csv,RMUX25,17,6,RMUX00,17,5,6;9,X17Y9_RMUX73,18,codeword attributed to a uniquely vendor-used member
rrg_edges_full.csv,RMUX25,17,6,RMUX00,17,6,5;9,X17Y9_RMUX73,7,codeword attributed to a uniquely vendor-used member
rrg_edges_full.csv,RMUX25,17,6,RMUX01,17,6,5;9,X17Y9_RMUX73,25,codeword attributed to a uniquely vendor-used member
rrg_edges_full.csv,RMUX25,17,7,RMUX00,17,4,6;9,X17Y8_RMUX73,31,codeword attributed to a uniquely vendor-used member
rrg_edges_full.csv,RMUX25,17,7,RMUX00,17,6,6;9,X17Y10_RMUX73,9,codeword attributed to a uniquely vendor-used member
rrg_edges_full.csv,RMUX25,17,7,RMUX00,17,7,5;9,X17Y10_RMUX73,15,codeword attributed to a uniquely vendor-used member
rrg_edges_full.csv,RMUX25,17,7,RMUX01,17,7,5;9,X17Y10_RMUX73,20,codeword attributed to a uniquely vendor-used member
rrg_edges_full.csv,RMUX25,17,8,RMUX00,17,5,6;9,X17Y9_RMUX73,18,codeword attributed to a uniquely vendor-used member
rrg_edges_full.csv,RMUX25,17,8,RMUX00,17,7,6;9,X17Y11_RMUX73,10,codeword attributed to a uniquely vendor-used member
rrg_edges_full.csv,RMUX25,17,8,RMUX00,17,8,5;9,X17Y11_RMUX73,7,codeword attributed to a uniquely vendor-used member
rrg_edges_full.csv,RMUX25,17,8,RMUX01,17,8,5;9,X17Y11_RMUX73,20,codeword attributed to a uniquely vendor-used member
rrg_edges_full.csv,RMUX25,17,9,RMUX00,17,6,6;9,X17Y10_RMUX73,9,codeword attributed to a uniquely vendor-used member
rrg_edges_full.csv,RMUX25,17,9,RMUX00,17,8,6;9,X17Y12_RMUX73,12,codeword attributed to a uniquely vendor-used member
rrg_edges_full.csv,RMUX25,17,9,RMUX00,17,9,5;9,X17Y12_RMUX73,6,codeword attributed to a uniquely vendor-used member
rrg_edges_full.csv,RMUX25,17,9,RMUX01,17,9,5;9,X17Y12_RMUX73,19,codeword attributed to a uniquely vendor-used member
rrg_edges_full.csv,RMUX25,18,1,RMUX00,18,1,5;9,X18Y4_RMUX73,20,codeword attributed to a uniquely vendor-used member
rrg_edges_full.csv,RMUX25,18,1,RMUX01,18,1,5;9,X18Y4_RMUX73,85,codeword attributed to a uniquely vendor-used member
rrg_edges_full.csv,RMUX25,18,10,RMUX00,18,7,6;9,X18Y11_RMUX73,10,codeword attributed to a uniquely vendor-used member
rrg_edges_full.csv,RMUX25,18,11,RMUX00,18,8,6;9,X18Y12_RMUX73,7,codeword attributed to a uniquely vendor-used member
rrg_edges_full.csv,RMUX25,18,2,RMUX00,18,1,6;9,X18Y5_RMUX73,31,codeword attributed to a uniquely vendor-used member
rrg_edges_full.csv,RMUX25,18,2,RMUX00,18,2,5;9,X18Y5_RMUX73,15,codeword attributed to a uniquely vendor-used member
rrg_edges_full.csv,RMUX25,18,2,RMUX01,18,2,5;9,X18Y5_RMUX73,20,codeword attributed to a uniquely vendor-used member
rrg_edges_full.csv,RMUX25,18,3,RMUX00,18,2,6;9,X18Y6_RMUX73,24,codeword attributed to a uniquely vendor-used member
rrg_edges_full.csv,RMUX25,18,3,RMUX00,18,3,5;9,X18Y6_RMUX73,28,codeword attributed to a uniquely vendor-used member
rrg_edges_full.csv,RMUX25,18,3,RMUX01,18,3,5;9,X18Y6_RMUX73,26,codeword attributed to a uniquely vendor-used member
rrg_edges_full.csv,RMUX25,18,4,RMUX00,18,1,6;9,X18Y5_RMUX73,31,codeword attributed to a uniquely vendor-used member
rrg_edges_full.csv,RMUX25,18,4,RMUX00,18,3,6;9,X18Y7_RMUX73,47,codeword attributed to a uniquely vendor-used member
rrg_edges_full.csv,RMUX25,18,4,RMUX00,18,4,5;9,X18Y7_RMUX73,14,codeword attributed to a uniquely vendor-used member
rrg_edges_full.csv,RMUX25,18,4,RMUX01,18,4,5;9,X18Y7_RMUX73,13,codeword attributed to a uniquely vendor-used member
rrg_edges_full.csv,RMUX25,18,5,RMUX00,18,2,6;9,X18Y6_RMUX73,24,codeword attributed to a uniquely vendor-used member
rrg_edges_full.csv,RMUX25,18,5,RMUX00,18,4,6;9,X18Y8_RMUX73,68,codeword attributed to a uniquely vendor-used member
rrg_edges_full.csv,RMUX25,18,5,RMUX00,18,5,5;9,X18Y8_RMUX73,16,codeword attributed to a uniquely vendor-used member
rrg_edges_full.csv,RMUX25,18,5,RMUX01,18,5,5;9,X18Y8_RMUX73,20,codeword attributed to a uniquely vendor-used member
rrg_edges_full.csv,RMUX25,18,6,RMUX00,18,3,6;9,X18Y7_RMUX73,47,codeword attributed to a uniquely vendor-used member
rrg_edges_full.csv,RMUX25,18,6,RMUX00,18,5,6;9,X18Y9_RMUX73,17,codeword attributed to a uniquely vendor-used member
rrg_edges_full.csv,RMUX25,18,6,RMUX00,18,6,5;9,X18Y9_RMUX73,13,codeword attributed to a uniquely vendor-used member
rrg_edges_full.csv,RMUX25,18,6,RMUX01,18,6,5;9,X18Y9_RMUX73,14,codeword attributed to a uniquely vendor-used member
rrg_edges_full.csv,RMUX25,18,7,RMUX00,18,4,6;9,X18Y8_RMUX73,68,codeword attributed to a uniquely vendor-used member
rrg_edges_full.csv,RMUX25,18,7,RMUX00,18,6,6;9,X18Y10_RMUX73,17,codeword attributed to a uniquely vendor-used member
rrg_edges_full.csv,RMUX25,18,7,RMUX00,18,7,5;9,X18Y10_RMUX73,11,codeword attributed to a uniquely vendor-used member
rrg_edges_full.csv,RMUX25,18,7,RMUX01,18,7,5;9,X18Y10_RMUX73,10,codeword attributed to a uniquely vendor-used member
rrg_edges_full.csv,RMUX25,18,8,RMUX00,18,5,6;9,X18Y9_RMUX73,17,codeword attributed to a uniquely vendor-used member
rrg_edges_full.csv,RMUX25,18,8,RMUX00,18,7,6;9,X18Y11_RMUX73,10,codeword attributed to a uniquely vendor-used member
rrg_edges_full.csv,RMUX25,18,8,RMUX00,18,8,5;9,X18Y11_RMUX73,13,codeword attributed to a uniquely vendor-used member
rrg_edges_full.csv,RMUX25,18,8,RMUX01,18,8,5;9,X18Y11_RMUX73,13,codeword attributed to a uniquely vendor-used member
rrg_edges_full.csv,RMUX25,18,9,RMUX00,18,6,6;9,X18Y10_RMUX73,17,codeword attributed to a uniquely vendor-used member
rrg_edges_full.csv,RMUX25,18,9,RMUX00,18,8,6;9,X18Y12_RMUX73,7,codeword attributed to a uniquely vendor-used member
rrg_edges_full.csv,RMUX25,18,9,RMUX00,18,9,5;9,X18Y12_RMUX73,4,codeword attributed to a uniquely vendor-used member
rrg_edges_full.csv,RMUX25,18,9,RMUX01,18,9,5;9,X18Y12_RMUX73,7,codeword attributed to a uniquely vendor-used member
rrg_edges_full.csv,RMUX25,19,1,RMUX00,19,1,5;9,X19Y4_RMUX73,28,codeword attributed to a uniquely vendor-used member
rrg_edges_full.csv,RMUX25,19,1,RMUX01,19,1,5;9,X19Y4_RMUX73,42,codeword attributed to a uniquely vendor-used member
rrg_edges_full.csv,RMUX25,19,10,RMUX00,19,7,6;9,X19Y11_RMUX73,10,codeword attributed to a uniquely vendor-used member
rrg_edges_full.csv,RMUX25,19,11,RMUX00,19,8,6;9,X19Y12_RMUX73,5,codeword attributed to a uniquely vendor-used member
rrg_edges_full.csv,RMUX25,19,2,RMUX00,19,1,6;9,X19Y5_RMUX73,35,codeword attributed to a uniquely vendor-used member
rrg_edges_full.csv,RMUX25,19,2,RMUX00,19,2,5;9,X19Y5_RMUX73,13,codeword attributed to a uniquely vendor-used member
rrg_edges_full.csv,RMUX25,19,2,RMUX01,19,2,5;9,X19Y5_RMUX73,11,codeword attributed to a uniquely vendor-used member
rrg_edges_full.csv,RMUX25,19,3,RMUX00,19,2,6;9,X19Y6_RMUX73,34,codeword attributed to a uniquely vendor-used member
rrg_edges_full.csv,RMUX25,19,3,RMUX00,19,3,5;9,X19Y6_RMUX73,24,codeword attributed to a uniquely vendor-used member
rrg_edges_full.csv,RMUX25,19,3,RMUX01,19,3,5;9,X19Y6_RMUX73,16,codeword attributed to a uniquely vendor-used member
rrg_edges_full.csv,RMUX25,19,4,RMUX00,19,1,6;9,X19Y5_RMUX73,35,codeword attributed to a uniquely vendor-used member
rrg_edges_full.csv,RMUX25,19,4,RMUX00,19,3,6;9,X19Y7_RMUX73,39,codeword attributed to a uniquely vendor-used member
rrg_edges_full.csv,RMUX25,19,4,RMUX00,19,4,5;9,X19Y7_RMUX73,21,codeword attributed to a uniquely vendor-used member
rrg_edges_full.csv,RMUX25,19,4,RMUX01,19,4,5;9,X19Y7_RMUX73,10,codeword attributed to a uniquely vendor-used member
rrg_edges_full.csv,RMUX25,19,5,RMUX00,19,2,6;9,X19Y6_RMUX73,34,codeword attributed to a uniquely vendor-used member
rrg_edges_full.csv,RMUX25,19,5,RMUX00,19,4,6;9,X19Y8_RMUX73,63,codeword attributed to a uniquely vendor-used member
rrg_edges_full.csv,RMUX25,19,5,RMUX00,19,5,5;9,X19Y8_RMUX73,17,codeword attributed to a uniquely vendor-used member
rrg_edges_full.csv,RMUX25,19,5,RMUX01,19,5,5;9,X19Y8_RMUX73,8,codeword attributed to a uniquely vendor-used member
rrg_edges_full.csv,RMUX25,19,6,RMUX00,19,3,6;9,X19Y7_RMUX73,39,codeword attributed to a uniquely vendor-used member
rrg_edges_full.csv,RMUX25,19,6,RMUX00,19,5,6;9,X19Y9_RMUX73,24,codeword attributed to a uniquely vendor-used member
rrg_edges_full.csv,RMUX25,19,6,RMUX00,19,6,5;9,X19Y9_RMUX73,16,codeword attributed to a uniquely vendor-used member
rrg_edges_full.csv,RMUX25,19,6,RMUX01,19,6,5;9,X19Y9_RMUX73,9,codeword attributed to a uniquely vendor-used member
rrg_edges_full.csv,RMUX25,19,7,RMUX00,19,4,6;9,X19Y8_RMUX73,63,codeword attributed to a uniquely vendor-used member
rrg_edges_full.csv,RMUX25,19,7,RMUX00,19,6,6;9,X19Y10_RMUX73,11,codeword attributed to a uniquely vendor-used member
rrg_edges_full.csv,RMUX25,19,7,RMUX00,19,7,5;9,X19Y10_RMUX73,19,codeword attributed to a uniquely vendor-used member
rrg_edges_full.csv,RMUX25,19,7,RMUX01,19,7,5;9,X19Y10_RMUX73,6,codeword attributed to a uniquely vendor-used member
rrg_edges_full.csv,RMUX25,19,8,RMUX00,19,5,6;9,X19Y9_RMUX73,24,codeword attributed to a uniquely vendor-used member
rrg_edges_full.csv,RMUX25,19,8,RMUX00,19,7,6;9,X19Y11_RMUX73,10,codeword attributed to a uniquely vendor-used member
rrg_edges_full.csv,RMUX25,19,8,RMUX00,19,8,5;9,X19Y11_RMUX73,5,codeword attributed to a uniquely vendor-used member
rrg_edges_full.csv,RMUX25,19,8,RMUX01,19,8,5;9,X19Y11_RMUX73,4,codeword attributed to a uniquely vendor-used member
rrg_edges_full.csv,RMUX25,19,9,RMUX00,19,6,6;9,X19Y10_RMUX73,11,codeword attributed to a uniquely vendor-used member
rrg_edges_full.csv,RMUX25,19,9,RMUX00,19,8,6;9,X19Y12_RMUX73,5,codeword attributed to a uniquely vendor-used member
rrg_edges_full.csv,RMUX25,19,9,RMUX00,19,9,5;9,X19Y12_RMUX73,6,codeword attributed to a uniquely vendor-used member
rrg_edges_full.csv,RMUX25,19,9,RMUX01,19,9,5;9,X19Y12_RMUX73,7,codeword attributed to a uniquely vendor-used member
rrg_edges_full.csv,RMUX25,2,1,RMUX01,2,1,5;9,X2Y4_RMUX73,20,codeword attributed to a uniquely vendor-used member
rrg_edges_full.csv,RMUX25,20,1,RMUX00,20,1,5;9,X20Y4_RMUX73,24,codeword attributed to a uniquely vendor-used member
rrg_edges_full.csv,RMUX25,20,1,RMUX01,20,1,5;9,X20Y4_RMUX73,39,codeword attributed to a uniquely vendor-used member
rrg_edges_full.csv,RMUX25,20,10,RMUX00,20,7,6;9,X20Y11_RMUX73,4,codeword attributed to a uniquely vendor-used member
rrg_edges_full.csv,RMUX25,20,11,RMUX00,20,8,6;9,X20Y12_RMUX73,2,codeword attributed to a uniquely vendor-used member
rrg_edges_full.csv,RMUX25,20,2,RMUX00,20,1,6;9,X20Y5_RMUX73,27,codeword attributed to a uniquely vendor-used member
rrg_edges_full.csv,RMUX25,20,2,RMUX00,20,2,5;9,X20Y5_RMUX73,14,codeword attributed to a uniquely vendor-used member
rrg_edges_full.csv,RMUX25,20,2,RMUX01,20,2,5;9,X20Y5_RMUX73,7,codeword attributed to a uniquely vendor-used member
rrg_edges_full.csv,RMUX25,20,3,RMUX00,20,2,6;9,X20Y6_RMUX73,17,codeword attributed to a uniquely vendor-used member
rrg_edges_full.csv,RMUX25,20,3,RMUX00,20,3,5;9,X20Y6_RMUX73,24,codeword attributed to a uniquely vendor-used member
rrg_edges_full.csv,RMUX25,20,3,RMUX01,20,3,5;9,X20Y6_RMUX73,7,codeword attributed to a uniquely vendor-used member
rrg_edges_full.csv,RMUX25,20,4,RMUX00,20,1,6;9,X20Y5_RMUX73,27,codeword attributed to a uniquely vendor-used member
rrg_edges_full.csv,RMUX25,20,4,RMUX00,20,3,6;9,X20Y7_RMUX73,38,codeword attributed to a uniquely vendor-used member
rrg_edges_full.csv,RMUX25,20,4,RMUX00,20,4,5;9,X20Y7_RMUX73,16,codeword attributed to a uniquely vendor-used member
rrg_edges_full.csv,RMUX25,20,4,RMUX01,20,4,5;9,X20Y7_RMUX73,4,codeword attributed to a uniquely vendor-used member
rrg_edges_full.csv,RMUX25,20,5,RMUX00,20,2,6;9,X20Y6_RMUX73,17,codeword attributed to a uniquely vendor-used member
rrg_edges_full.csv,RMUX25,20,5,RMUX00,20,4,6;9,X20Y8_RMUX73,41,codeword attributed to a uniquely vendor-used member
rrg_edges_full.csv,RMUX25,20,5,RMUX00,20,5,5;9,X20Y8_RMUX73,14,codeword attributed to a uniquely vendor-used member
rrg_edges_full.csv,RMUX25,20,5,RMUX01,20,5,5;9,X20Y8_RMUX73,5,codeword attributed to a uniquely vendor-used member
rrg_edges_full.csv,RMUX25,20,6,RMUX00,20,3,6;9,X20Y7_RMUX73,38,codeword attributed to a uniquely vendor-used member
rrg_edges_full.csv,RMUX25,20,6,RMUX00,20,5,6;9,X20Y9_RMUX73,16,codeword attributed to a uniquely vendor-used member
rrg_edges_full.csv,RMUX25,20,6,RMUX00,20,6,5;9,X20Y9_RMUX73,5,codeword attributed to a uniquely vendor-used member
rrg_edges_full.csv,RMUX25,20,6,RMUX01,20,6,5;9,X20Y9_RMUX73,3,codeword attributed to a uniquely vendor-used member
rrg_edges_full.csv,RMUX25,20,7,RMUX00,20,4,6;9,X20Y8_RMUX73,41,codeword attributed to a uniquely vendor-used member
rrg_edges_full.csv,RMUX25,20,7,RMUX00,20,6,6;9,X20Y10_RMUX73,10,codeword attributed to a uniquely vendor-used member
rrg_edges_full.csv,RMUX25,20,7,RMUX00,20,7,5;9,X20Y10_RMUX73,4,codeword attributed to a uniquely vendor-used member
rrg_edges_full.csv,RMUX25,20,7,RMUX01,20,7,5;9,X20Y10_RMUX73,5,codeword attributed to a uniquely vendor-used member
rrg_edges_full.csv,RMUX25,20,8,RMUX00,20,5,6;9,X20Y9_RMUX73,16,codeword attributed to a uniquely vendor-used member
rrg_edges_full.csv,RMUX25,20,8,RMUX00,20,7,6;9,X20Y11_RMUX73,4,codeword attributed to a uniquely vendor-used member
rrg_edges_full.csv,RMUX25,20,8,RMUX00,20,8,5;9,X20Y11_RMUX73,4,codeword attributed to a uniquely vendor-used member
rrg_edges_full.csv,RMUX25,20,9,RMUX00,20,6,6;9,X20Y10_RMUX73,10,codeword attributed to a uniquely vendor-used member
rrg_edges_full.csv,RMUX25,20,9,RMUX00,20,8,6;9,X20Y12_RMUX73,2,codeword attributed to a uniquely vendor-used member
rrg_edges_full.csv,RMUX25,20,9,RMUX00,20,9,5;9,X20Y12_RMUX73,4,codeword attributed to a uniquely vendor-used member
rrg_edges_full.csv,RMUX25,20,9,RMUX01,20,9,5;9,X20Y12_RMUX73,2,codeword attributed to a uniquely vendor-used member
rrg_edges_full.csv,RMUX25,3,1,RMUX00,3,1,5;9,X3Y4_RMUX73,3,codeword attributed to a uniquely vendor-used member
rrg_edges_full.csv,RMUX25,3,1,RMUX01,3,1,5;9,X3Y4_RMUX73,18,codeword attributed to a uniquely vendor-used member
rrg_edges_full.csv,RMUX25,4,1,RMUX00,4,1,5;9,X4Y4_RMUX73,4,codeword attributed to a uniquely vendor-used member
rrg_edges_full.csv,RMUX25,4,1,RMUX01,4,1,5;9,X4Y4_RMUX73,31,codeword attributed to a uniquely vendor-used member
rrg_edges_full.csv,RMUX25,5,1,RMUX00,5,1,5;9,X5Y4_RMUX73,3,codeword attributed to a uniquely vendor-used member
rrg_edges_full.csv,RMUX25,5,1,RMUX01,5,1,5;9,X5Y4_RMUX73,36,codeword attributed to a uniquely vendor-used member
rrg_edges_full.csv,RMUX25,6,1,RMUX00,6,1,5;9,X6Y4_RMUX73,4,codeword attributed to a uniquely vendor-used member
rrg_edges_full.csv,RMUX25,6,1,RMUX01,6,1,5;9,X6Y4_RMUX73,40,codeword attributed to a uniquely vendor-used member
rrg_edges_full.csv,RMUX25,7,1,RMUX00,7,1,5;9,X7Y4_RMUX73,6,codeword attributed to a uniquely vendor-used member
rrg_edges_full.csv,RMUX25,7,1,RMUX01,7,1,5;9,X7Y4_RMUX73,54,codeword attributed to a uniquely vendor-used member
rrg_edges_full.csv,RMUX25,8,1,RMUX00,8,1,5;9,X8Y4_RMUX73,17,codeword attributed to a uniquely vendor-used member
rrg_edges_full.csv,RMUX25,8,1,RMUX01,8,1,5;9,X8Y4_RMUX73,39,codeword attributed to a uniquely vendor-used member
rrg_edges_full.csv,RMUX25,9,1,RMUX00,9,1,5;9,X9Y4_RMUX73,17,codeword attributed to a uniquely vendor-used member
rrg_edges_full.csv,RMUX25,9,1,RMUX01,9,1,5;9,X9Y4_RMUX73,55,codeword attributed to a uniquely vendor-used member
rrg_edges_full.csv,RMUX27,14,10,RMUX04,14,11,2;9,X14Y7_RMUX75,53,codeword attributed to a uniquely vendor-used member
rrg_edges_full.csv,RMUX27,14,10,RMUX11,14,11,2;9,X14Y7_RMUX75,83,codeword attributed to a uniquely vendor-used member
rrg_edges_full.csv,RMUX27,14,10,RMUX15,14,11,2;9,X14Y7_RMUX75,55,codeword attributed to a uniquely vendor-used member
rrg_edges_full.csv,RMUX27,14,10,RMUX20,14,11,2;9,X14Y7_RMUX75,3,codeword attributed to a uniquely vendor-used member
rrg_edges_full.csv,RMUX27,14,11,RMUX04,14,12,2;9,X14Y8_RMUX75,38,codeword attributed to a uniquely vendor-used member
rrg_edges_full.csv,RMUX27,14,11,RMUX11,14,12,2;9,X14Y8_RMUX75,78,codeword attributed to a uniquely vendor-used member
rrg_edges_full.csv,RMUX27,14,11,RMUX20,14,12,2;9,X14Y8_RMUX75,6,codeword attributed to a uniquely vendor-used member
rrg_edges_full.csv,RMUX27,14,4,RMUX04,14,5,2;9,X14Y1_RMUX75,34,codeword attributed to a uniquely vendor-used member
rrg_edges_full.csv,RMUX27,14,4,RMUX11,14,5,2;9,X14Y1_RMUX75,40,codeword attributed to a uniquely vendor-used member
rrg_edges_full.csv,RMUX27,14,5,RMUX04,14,6,2;9,X14Y2_RMUX75,54,codeword attributed to a uniquely vendor-used member
rrg_edges_full.csv,RMUX27,14,5,RMUX11,14,6,2;9,X14Y2_RMUX75,58,codeword attributed to a uniquely vendor-used member
rrg_edges_full.csv,RMUX27,14,5,RMUX15,14,6,2;9,X14Y2_RMUX75,88,codeword attributed to a uniquely vendor-used member
rrg_edges_full.csv,RMUX27,14,6,RMUX04,14,7,2;9,X14Y3_RMUX75,53,codeword attributed to a uniquely vendor-used member
rrg_edges_full.csv,RMUX27,14,6,RMUX11,14,7,2;9,X14Y3_RMUX75,100,codeword attributed to a uniquely vendor-used member
rrg_edges_full.csv,RMUX27,14,7,RMUX04,14,8,2;9,X14Y4_RMUX75,74,codeword attributed to a uniquely vendor-used member
rrg_edges_full.csv,RMUX27,14,7,RMUX11,14,8,2;9,X14Y4_RMUX75,81,codeword attributed to a uniquely vendor-used member
rrg_edges_full.csv,RMUX27,14,8,RMUX04,14,9,2;9,X14Y5_RMUX75,65,codeword attributed to a uniquely vendor-used member
rrg_edges_full.csv,RMUX27,14,8,RMUX11,14,9,2;9,X14Y5_RMUX75,72,codeword attributed to a uniquely vendor-used member
rrg_edges_full.csv,RMUX27,14,8,RMUX20,14,11,2;9,X14Y7_RMUX75,3,codeword attributed to a uniquely vendor-used member
rrg_edges_full.csv,RMUX27,14,9,RMUX04,14,10,2;9,X14Y6_RMUX75,53,codeword attributed to a uniquely vendor-used member
rrg_edges_full.csv,RMUX27,14,9,RMUX11,14,10,2;9,X14Y6_RMUX75,72,codeword attributed to a uniquely vendor-used member
rrg_edges_full.csv,RMUX27,14,9,RMUX15,14,10,2;9,X14Y6_RMUX75,52,codeword attributed to a uniquely vendor-used member
rrg_edges_full.csv,RMUX27,14,9,RMUX20,14,12,2;9,X14Y8_RMUX75,6,codeword attributed to a uniquely vendor-used member
rrg_edges_full.csv,RMUX27,15,10,RMUX04,15,11,2;9,X15Y7_RMUX75,59,codeword attributed to a uniquely vendor-used member
rrg_edges_full.csv,RMUX27,15,10,RMUX11,15,11,2;9,X15Y7_RMUX75,72,codeword attributed to a uniquely vendor-used member
rrg_edges_full.csv,RMUX27,15,10,RMUX20,15,11,2;9,X15Y7_RMUX75,5,codeword attributed to a uniquely vendor-used member
rrg_edges_full.csv,RMUX27,15,11,RMUX04,15,12,2;9,X15Y8_RMUX75,61,codeword attributed to a uniquely vendor-used member
rrg_edges_full.csv,RMUX27,15,11,RMUX11,15,12,2;9,X15Y8_RMUX75,68,codeword attributed to a uniquely vendor-used member
rrg_edges_full.csv,RMUX27,15,11,RMUX15,15,12,2;9,X15Y8_RMUX75,56,codeword attributed to a uniquely vendor-used member
rrg_edges_full.csv,RMUX27,15,11,RMUX20,15,12,2;9,X15Y8_RMUX75,2,codeword attributed to a uniquely vendor-used member
rrg_edges_full.csv,RMUX27,15,2,RMUX20,15,5,2;9,X15Y1_RMUX75,89,codeword attributed to a uniquely vendor-used member
rrg_edges_full.csv,RMUX27,15,3,RMUX20,15,6,2;9,X15Y2_RMUX75,61,codeword attributed to a uniquely vendor-used member
rrg_edges_full.csv,RMUX27,15,4,RMUX04,15,5,2;9,X15Y1_RMUX75,37,codeword attributed to a uniquely vendor-used member
rrg_edges_full.csv,RMUX27,15,4,RMUX11,15,5,2;9,X15Y1_RMUX75,45,codeword attributed to a uniquely vendor-used member
rrg_edges_full.csv,RMUX27,15,4,RMUX15,15,5,2;9,X15Y1_RMUX75,75,codeword attributed to a uniquely vendor-used member
rrg_edges_full.csv,RMUX27,15,4,RMUX20,15,5,2;9,X15Y1_RMUX75,89,codeword attributed to a uniquely vendor-used member
rrg_edges_full.csv,RMUX27,15,4,RMUX20,15,7,2;9,X15Y3_RMUX75,66,codeword attributed to a uniquely vendor-used member
rrg_edges_full.csv,RMUX27,15,5,RMUX04,15,6,2;9,X15Y2_RMUX75,39,codeword attributed to a uniquely vendor-used member
rrg_edges_full.csv,RMUX27,15,5,RMUX11,15,6,2;9,X15Y2_RMUX75,41,codeword attributed to a uniquely vendor-used member
rrg_edges_full.csv,RMUX27,15,5,RMUX20,15,6,2;9,X15Y2_RMUX75,61,codeword attributed to a uniquely vendor-used member
rrg_edges_full.csv,RMUX27,15,5,RMUX20,15,8,2;9,X15Y4_RMUX75,47,codeword attributed to a uniquely vendor-used member
rrg_edges_full.csv,RMUX27,15,6,RMUX04,15,7,2;9,X15Y3_RMUX75,63,codeword attributed to a uniquely vendor-used member
rrg_edges_full.csv,RMUX27,15,6,RMUX11,15,7,2;9,X15Y3_RMUX75,68,codeword attributed to a uniquely vendor-used member
rrg_edges_full.csv,RMUX27,15,6,RMUX20,15,7,2;9,X15Y3_RMUX75,66,codeword attributed to a uniquely vendor-used member
rrg_edges_full.csv,RMUX27,15,6,RMUX20,15,9,2;9,X15Y5_RMUX75,12,codeword attributed to a uniquely vendor-used member
rrg_edges_full.csv,RMUX27,15,7,RMUX04,15,8,2;9,X15Y4_RMUX75,41,codeword attributed to a uniquely vendor-used member
rrg_edges_full.csv,RMUX27,15,7,RMUX11,15,8,2;9,X15Y4_RMUX75,60,codeword attributed to a uniquely vendor-used member
rrg_edges_full.csv,RMUX27,15,7,RMUX15,15,8,2;9,X15Y4_RMUX75,72,codeword attributed to a uniquely vendor-used member
rrg_edges_full.csv,RMUX27,15,7,RMUX20,15,10,2;9,X15Y6_RMUX75,3,codeword attributed to a uniquely vendor-used member
rrg_edges_full.csv,RMUX27,15,7,RMUX20,15,8,2;9,X15Y4_RMUX75,47,codeword attributed to a uniquely vendor-used member
rrg_edges_full.csv,RMUX27,15,8,RMUX04,15,9,2;9,X15Y5_RMUX75,78,codeword attributed to a uniquely vendor-used member
rrg_edges_full.csv,RMUX27,15,8,RMUX11,15,9,2;9,X15Y5_RMUX75,71,codeword attributed to a uniquely vendor-used member
rrg_edges_full.csv,RMUX27,15,8,RMUX15,15,9,2;9,X15Y5_RMUX75,69,codeword attributed to a uniquely vendor-used member
rrg_edges_full.csv,RMUX27,15,8,RMUX20,15,11,2;9,X15Y7_RMUX75,5,codeword attributed to a uniquely vendor-used member
rrg_edges_full.csv,RMUX27,15,8,RMUX20,15,9,2;9,X15Y5_RMUX75,12,codeword attributed to a uniquely vendor-used member
rrg_edges_full.csv,RMUX27,15,9,RMUX04,15,10,2;9,X15Y6_RMUX75,75,codeword attributed to a uniquely vendor-used member
rrg_edges_full.csv,RMUX27,15,9,RMUX11,15,10,2;9,X15Y6_RMUX75,64,codeword attributed to a uniquely vendor-used member
rrg_edges_full.csv,RMUX27,15,9,RMUX20,15,10,2;9,X15Y6_RMUX75,3,codeword attributed to a uniquely vendor-used member
rrg_edges_full.csv,RMUX27,15,9,RMUX20,15,12,2;9,X15Y8_RMUX75,2,codeword attributed to a uniquely vendor-used member
rrg_edges_full.csv,RMUX27,16,10,RMUX04,16,11,2;9,X16Y7_RMUX75,56,codeword attributed to a uniquely vendor-used member
rrg_edges_full.csv,RMUX27,16,10,RMUX11,16,11,2;9,X16Y7_RMUX75,67,codeword attributed to a uniquely vendor-used member
rrg_edges_full.csv,RMUX27,16,10,RMUX20,16,11,2;9,X16Y7_RMUX75,4,codeword attributed to a uniquely vendor-used member
rrg_edges_full.csv,RMUX27,16,11,RMUX04,16,12,2;9,X16Y8_RMUX75,49,codeword attributed to a uniquely vendor-used member
rrg_edges_full.csv,RMUX27,16,11,RMUX11,16,12,2;9,X16Y8_RMUX75,61,codeword attributed to a uniquely vendor-used member
rrg_edges_full.csv,RMUX27,16,11,RMUX20,16,12,2;9,X16Y8_RMUX75,3,codeword attributed to a uniquely vendor-used member
rrg_edges_full.csv,RMUX27,16,2,RMUX20,16,5,2;9,X16Y1_RMUX75,79,codeword attributed to a uniquely vendor-used member
rrg_edges_full.csv,RMUX27,16,3,RMUX20,16,6,2;9,X16Y2_RMUX75,41,codeword attributed to a uniquely vendor-used member
rrg_edges_full.csv,RMUX27,16,4,RMUX04,16,5,2;9,X16Y1_RMUX75,21,codeword attributed to a uniquely vendor-used member
rrg_edges_full.csv,RMUX27,16,4,RMUX11,16,5,2;9,X16Y1_RMUX75,35,codeword attributed to a uniquely vendor-used member
rrg_edges_full.csv,RMUX27,16,4,RMUX15,16,5,2;9,X16Y1_RMUX75,71,codeword attributed to a uniquely vendor-used member
rrg_edges_full.csv,RMUX27,16,4,RMUX20,16,5,2;9,X16Y1_RMUX75,79,codeword attributed to a uniquely vendor-used member
rrg_edges_full.csv,RMUX27,16,4,RMUX20,16,7,2;9,X16Y3_RMUX75,49,codeword attributed to a uniquely vendor-used member
rrg_edges_full.csv,RMUX27,16,5,RMUX04,16,6,2;9,X16Y2_RMUX75,39,codeword attributed to a uniquely vendor-used member
rrg_edges_full.csv,RMUX27,16,5,RMUX11,16,6,2;9,X16Y2_RMUX75,44,codeword attributed to a uniquely vendor-used member
rrg_edges_full.csv,RMUX27,16,5,RMUX20,16,6,2;9,X16Y2_RMUX75,41,codeword attributed to a uniquely vendor-used member
rrg_edges_full.csv,RMUX27,16,5,RMUX20,16,8,2;9,X16Y4_RMUX75,41,codeword attributed to a uniquely vendor-used member
rrg_edges_full.csv,RMUX27,16,6,RMUX04,16,7,2;9,X16Y3_RMUX75,60,codeword attributed to a uniquely vendor-used member
rrg_edges_full.csv,RMUX27,16,6,RMUX11,16,7,2;9,X16Y3_RMUX75,79,codeword attributed to a uniquely vendor-used member
rrg_edges_full.csv,RMUX27,16,6,RMUX20,16,7,2;9,X16Y3_RMUX75,49,codeword attributed to a uniquely vendor-used member
rrg_edges_full.csv,RMUX27,16,6,RMUX20,16,9,2;9,X16Y5_RMUX75,16,codeword attributed to a uniquely vendor-used member
rrg_edges_full.csv,RMUX27,16,7,RMUX04,16,8,2;9,X16Y4_RMUX75,43,codeword attributed to a uniquely vendor-used member
rrg_edges_full.csv,RMUX27,16,7,RMUX11,16,8,2;9,X16Y4_RMUX75,62,codeword attributed to a uniquely vendor-used member
rrg_edges_full.csv,RMUX27,16,7,RMUX15,16,8,2;9,X16Y4_RMUX75,74,codeword attributed to a uniquely vendor-used member
rrg_edges_full.csv,RMUX27,16,7,RMUX20,16,10,2;9,X16Y6_RMUX75,5,codeword attributed to a uniquely vendor-used member
rrg_edges_full.csv,RMUX27,16,7,RMUX20,16,8,2;9,X16Y4_RMUX75,41,codeword attributed to a uniquely vendor-used member
rrg_edges_full.csv,RMUX27,16,8,RMUX04,16,9,2;9,X16Y5_RMUX75,58,codeword attributed to a uniquely vendor-used member
rrg_edges_full.csv,RMUX27,16,8,RMUX11,16,9,2;9,X16Y5_RMUX75,82,codeword attributed to a uniquely vendor-used member
rrg_edges_full.csv,RMUX27,16,8,RMUX20,16,11,2;9,X16Y7_RMUX75,4,codeword attributed to a uniquely vendor-used member
rrg_edges_full.csv,RMUX27,16,8,RMUX20,16,9,2;9,X16Y5_RMUX75,16,codeword attributed to a uniquely vendor-used member
rrg_edges_full.csv,RMUX27,16,9,RMUX04,16,10,2;9,X16Y6_RMUX75,53,codeword attributed to a uniquely vendor-used member
rrg_edges_full.csv,RMUX27,16,9,RMUX11,16,10,2;9,X16Y6_RMUX75,66,codeword attributed to a uniquely vendor-used member
rrg_edges_full.csv,RMUX27,16,9,RMUX20,16,10,2;9,X16Y6_RMUX75,5,codeword attributed to a uniquely vendor-used member
rrg_edges_full.csv,RMUX27,16,9,RMUX20,16,12,2;9,X16Y8_RMUX75,3,codeword attributed to a uniquely vendor-used member
rrg_edges_full.csv,RMUX27,17,10,RMUX04,17,11,2;9,X17Y7_RMUX75,52,codeword attributed to a uniquely vendor-used member
rrg_edges_full.csv,RMUX27,17,10,RMUX11,17,11,2;9,X17Y7_RMUX75,56,codeword attributed to a uniquely vendor-used member
rrg_edges_full.csv,RMUX27,17,10,RMUX20,17,11,2;9,X17Y7_RMUX75,16,codeword attributed to a uniquely vendor-used member
rrg_edges_full.csv,RMUX27,17,11,RMUX04,17,12,2;9,X17Y8_RMUX75,42,codeword attributed to a uniquely vendor-used member
rrg_edges_full.csv,RMUX27,17,11,RMUX11,17,12,2;9,X17Y8_RMUX75,64,codeword attributed to a uniquely vendor-used member
rrg_edges_full.csv,RMUX27,17,11,RMUX20,17,12,2;9,X17Y8_RMUX75,3,codeword attributed to a uniquely vendor-used member
rrg_edges_full.csv,RMUX27,17,2,RMUX20,17,5,2;9,X17Y1_RMUX75,90,codeword attributed to a uniquely vendor-used member
rrg_edges_full.csv,RMUX27,17,3,RMUX20,17,6,2;9,X17Y2_RMUX75,49,codeword attributed to a uniquely vendor-used member
rrg_edges_full.csv,RMUX27,17,4,RMUX04,17,5,2;9,X17Y1_RMUX75,24,codeword attributed to a uniquely vendor-used member
rrg_edges_full.csv,RMUX27,17,4,RMUX11,17,5,2;9,X17Y1_RMUX75,29,codeword attributed to a uniquely vendor-used member
rrg_edges_full.csv,RMUX27,17,4,RMUX20,17,5,2;9,X17Y1_RMUX75,90,codeword attributed to a uniquely vendor-used member
rrg_edges_full.csv,RMUX27,17,4,RMUX20,17,7,2;9,X17Y3_RMUX75,66,codeword attributed to a uniquely vendor-used member
rrg_edges_full.csv,RMUX27,17,5,RMUX04,17,6,2;9,X17Y2_RMUX75,36,codeword attributed to a uniquely vendor-used member
rrg_edges_full.csv,RMUX27,17,5,RMUX11,17,6,2;9,X17Y2_RMUX75,47,codeword attributed to a uniquely vendor-used member
rrg_edges_full.csv,RMUX27,17,5,RMUX15,17,6,2;9,X17Y2_RMUX75,26,codeword attributed to a uniquely vendor-used member
rrg_edges_full.csv,RMUX27,17,5,RMUX20,17,6,2;9,X17Y2_RMUX75,49,codeword attributed to a uniquely vendor-used member
rrg_edges_full.csv,RMUX27,17,5,RMUX20,17,8,2;9,X17Y4_RMUX75,42,codeword attributed to a uniquely vendor-used member
rrg_edges_full.csv,RMUX27,17,6,RMUX04,17,7,2;9,X17Y3_RMUX75,57,codeword attributed to a uniquely vendor-used member
rrg_edges_full.csv,RMUX27,17,6,RMUX11,17,7,2;9,X17Y3_RMUX75,62,codeword attributed to a uniquely vendor-used member
rrg_edges_full.csv,RMUX27,17,6,RMUX20,17,7,2;9,X17Y3_RMUX75,66,codeword attributed to a uniquely vendor-used member
rrg_edges_full.csv,RMUX27,17,6,RMUX20,17,9,2;9,X17Y5_RMUX75,19,codeword attributed to a uniquely vendor-used member
rrg_edges_full.csv,RMUX27,17,7,RMUX04,17,8,2;9,X17Y4_RMUX75,45,codeword attributed to a uniquely vendor-used member
rrg_edges_full.csv,RMUX27,17,7,RMUX11,17,8,2;9,X17Y4_RMUX75,59,codeword attributed to a uniquely vendor-used member
rrg_edges_full.csv,RMUX27,17,7,RMUX20,17,10,2;9,X17Y6_RMUX75,12,codeword attributed to a uniquely vendor-used member
rrg_edges_full.csv,RMUX27,17,7,RMUX20,17,8,2;9,X17Y4_RMUX75,42,codeword attributed to a uniquely vendor-used member
rrg_edges_full.csv,RMUX27,17,8,RMUX04,17,9,2;9,X17Y5_RMUX75,66,codeword attributed to a uniquely vendor-used member
rrg_edges_full.csv,RMUX27,17,8,RMUX11,17,9,2;9,X17Y5_RMUX75,72,codeword attributed to a uniquely vendor-used member
rrg_edges_full.csv,RMUX27,17,8,RMUX20,17,11,2;9,X17Y7_RMUX75,16,codeword attributed to a uniquely vendor-used member
rrg_edges_full.csv,RMUX27,17,8,RMUX20,17,9,2;9,X17Y5_RMUX75,19,codeword attributed to a uniquely vendor-used member
rrg_edges_full.csv,RMUX27,17,9,RMUX04,17,10,2;9,X17Y6_RMUX75,46,codeword attributed to a uniquely vendor-used member
rrg_edges_full.csv,RMUX27,17,9,RMUX11,17,10,2;9,X17Y6_RMUX75,38,codeword attributed to a uniquely vendor-used member
rrg_edges_full.csv,RMUX27,17,9,RMUX20,17,10,2;9,X17Y6_RMUX75,12,codeword attributed to a uniquely vendor-used member
rrg_edges_full.csv,RMUX27,17,9,RMUX20,17,12,2;9,X17Y8_RMUX75,3,codeword attributed to a uniquely vendor-used member
rrg_edges_full.csv,RMUX27,18,10,RMUX04,18,11,2;9,X18Y7_RMUX75,32,codeword attributed to a uniquely vendor-used member
rrg_edges_full.csv,RMUX27,18,10,RMUX11,18,11,2;9,X18Y7_RMUX75,63,codeword attributed to a uniquely vendor-used member
rrg_edges_full.csv,RMUX27,18,10,RMUX20,18,11,2;9,X18Y7_RMUX75,24,codeword attributed to a uniquely vendor-used member
rrg_edges_full.csv,RMUX27,18,11,RMUX04,18,12,2;9,X18Y8_RMUX75,25,codeword attributed to a uniquely vendor-used member
rrg_edges_full.csv,RMUX27,18,11,RMUX11,18,12,2;9,X18Y8_RMUX75,50,codeword attributed to a uniquely vendor-used member
rrg_edges_full.csv,RMUX27,18,11,RMUX20,18,12,2;9,X18Y8_RMUX75,10,codeword attributed to a uniquely vendor-used member
rrg_edges_full.csv,RMUX27,18,2,RMUX20,18,5,2;9,X18Y1_RMUX75,73,codeword attributed to a uniquely vendor-used member
rrg_edges_full.csv,RMUX27,18,3,RMUX20,18,6,2;9,X18Y2_RMUX75,70,codeword attributed to a uniquely vendor-used member
rrg_edges_full.csv,RMUX27,18,4,RMUX04,18,5,2;9,X18Y1_RMUX75,19,codeword attributed to a uniquely vendor-used member
rrg_edges_full.csv,RMUX27,18,4,RMUX11,18,5,2;9,X18Y1_RMUX75,28,codeword attributed to a uniquely vendor-used member
rrg_edges_full.csv,RMUX27,18,4,RMUX15,18,5,2;9,X18Y1_RMUX75,22,codeword attributed to a uniquely vendor-used member
rrg_edges_full.csv,RMUX27,18,4,RMUX20,18,5,2;9,X18Y1_RMUX75,73,codeword attributed to a uniquely vendor-used member
rrg_edges_full.csv,RMUX27,18,4,RMUX20,18,7,2;9,X18Y3_RMUX75,76,codeword attributed to a uniquely vendor-used member
rrg_edges_full.csv,RMUX27,18,5,RMUX04,18,6,2;9,X18Y2_RMUX75,35,codeword attributed to a uniquely vendor-used member
rrg_edges_full.csv,RMUX27,18,5,RMUX11,18,6,2;9,X18Y2_RMUX75,42,codeword attributed to a uniquely vendor-used member
rrg_edges_full.csv,RMUX27,18,5,RMUX15,18,6,2;9,X18Y2_RMUX75,15,codeword attributed to a uniquely vendor-used member
rrg_edges_full.csv,RMUX27,18,5,RMUX20,18,6,2;9,X18Y2_RMUX75,70,codeword attributed to a uniquely vendor-used member
rrg_edges_full.csv,RMUX27,18,5,RMUX20,18,8,2;9,X18Y4_RMUX75,72,codeword attributed to a uniquely vendor-used member
rrg_edges_full.csv,RMUX27,18,6,RMUX04,18,7,2;9,X18Y3_RMUX75,48,codeword attributed to a uniquely vendor-used member
rrg_edges_full.csv,RMUX27,18,6,RMUX11,18,7,2;9,X18Y3_RMUX75,45,codeword attributed to a uniquely vendor-used member
rrg_edges_full.csv,RMUX27,18,6,RMUX15,18,7,2;9,X18Y3_RMUX75,28,codeword attributed to a uniquely vendor-used member
rrg_edges_full.csv,RMUX27,18,6,RMUX20,18,7,2;9,X18Y3_RMUX75,76,codeword attributed to a uniquely vendor-used member
rrg_edges_full.csv,RMUX27,18,6,RMUX20,18,9,2;9,X18Y5_RMUX75,42,codeword attributed to a uniquely vendor-used member
rrg_edges_full.csv,RMUX27,18,7,RMUX04,18,8,2;9,X18Y4_RMUX75,34,codeword attributed to a uniquely vendor-used member
rrg_edges_full.csv,RMUX27,18,7,RMUX11,18,8,2;9,X18Y4_RMUX75,54,codeword attributed to a uniquely vendor-used member
rrg_edges_full.csv,RMUX27,18,7,RMUX20,18,10,2;9,X18Y6_RMUX75,20,codeword attributed to a uniquely vendor-used member
rrg_edges_full.csv,RMUX27,18,7,RMUX20,18,8,2;9,X18Y4_RMUX75,72,codeword attributed to a uniquely vendor-used member
rrg_edges_full.csv,RMUX27,18,8,RMUX04,18,9,2;9,X18Y5_RMUX75,44,codeword attributed to a uniquely vendor-used member
rrg_edges_full.csv,RMUX27,18,8,RMUX11,18,9,2;9,X18Y5_RMUX75,91,codeword attributed to a uniquely vendor-used member
rrg_edges_full.csv,RMUX27,18,8,RMUX15,18,9,2;9,X18Y5_RMUX75,38,codeword attributed to a uniquely vendor-used member
rrg_edges_full.csv,RMUX27,18,8,RMUX20,18,11,2;9,X18Y7_RMUX75,24,codeword attributed to a uniquely vendor-used member
rrg_edges_full.csv,RMUX27,18,8,RMUX20,18,9,2;9,X18Y5_RMUX75,42,codeword attributed to a uniquely vendor-used member
rrg_edges_full.csv,RMUX27,18,9,RMUX04,18,10,2;9,X18Y6_RMUX75,33,codeword attributed to a uniquely vendor-used member
rrg_edges_full.csv,RMUX27,18,9,RMUX11,18,10,2;9,X18Y6_RMUX75,52,codeword attributed to a uniquely vendor-used member
rrg_edges_full.csv,RMUX27,18,9,RMUX20,18,10,2;9,X18Y6_RMUX75,20,codeword attributed to a uniquely vendor-used member
rrg_edges_full.csv,RMUX27,18,9,RMUX20,18,12,2;9,X18Y8_RMUX75,10,codeword attributed to a uniquely vendor-used member
rrg_edges_full.csv,RMUX27,19,10,RMUX04,19,11,2;9,X19Y7_RMUX75,57,codeword attributed to a uniquely vendor-used member
rrg_edges_full.csv,RMUX27,19,10,RMUX11,19,11,2;9,X19Y7_RMUX75,41,codeword attributed to a uniquely vendor-used member
rrg_edges_full.csv,RMUX27,19,10,RMUX20,19,11,2;9,X19Y7_RMUX75,8,codeword attributed to a uniquely vendor-used member
rrg_edges_full.csv,RMUX27,19,11,RMUX04,19,12,2;9,X19Y8_RMUX75,37,codeword attributed to a uniquely vendor-used member
rrg_edges_full.csv,RMUX27,19,11,RMUX11,19,12,2;9,X19Y8_RMUX75,28,codeword attributed to a uniquely vendor-used member
rrg_edges_full.csv,RMUX27,19,11,RMUX20,19,12,2;9,X19Y8_RMUX75,7,codeword attributed to a uniquely vendor-used member
rrg_edges_full.csv,RMUX27,19,2,RMUX20,19,5,2;9,X19Y1_RMUX75,91,codeword attributed to a uniquely vendor-used member
rrg_edges_full.csv,RMUX27,19,3,RMUX20,19,6,2;9,X19Y2_RMUX75,62,codeword attributed to a uniquely vendor-used member
rrg_edges_full.csv,RMUX27,19,4,RMUX04,19,5,2;9,X19Y1_RMUX75,19,codeword attributed to a uniquely vendor-used member
rrg_edges_full.csv,RMUX27,19,4,RMUX11,19,5,2;9,X19Y1_RMUX75,29,codeword attributed to a uniquely vendor-used member
rrg_edges_full.csv,RMUX27,19,4,RMUX20,19,5,2;9,X19Y1_RMUX75,91,codeword attributed to a uniquely vendor-used member
rrg_edges_full.csv,RMUX27,19,4,RMUX20,19,7,2;9,X19Y3_RMUX75,85,codeword attributed to a uniquely vendor-used member
rrg_edges_full.csv,RMUX27,19,5,RMUX04,19,6,2;9,X19Y2_RMUX75,34,codeword attributed to a uniquely vendor-used member
rrg_edges_full.csv,RMUX27,19,5,RMUX11,19,6,2;9,X19Y2_RMUX75,24,codeword attributed to a uniquely vendor-used member
rrg_edges_full.csv,RMUX27,19,5,RMUX20,19,6,2;9,X19Y2_RMUX75,62,codeword attributed to a uniquely vendor-used member
rrg_edges_full.csv,RMUX27,19,5,RMUX20,19,8,2;9,X19Y4_RMUX75,62,codeword attributed to a uniquely vendor-used member
rrg_edges_full.csv,RMUX27,19,6,RMUX04,19,7,2;9,X19Y3_RMUX75,39,codeword attributed to a uniquely vendor-used member
rrg_edges_full.csv,RMUX27,19,6,RMUX11,19,7,2;9,X19Y3_RMUX75,43,codeword attributed to a uniquely vendor-used member
rrg_edges_full.csv,RMUX27,19,6,RMUX20,19,7,2;9,X19Y3_RMUX75,85,codeword attributed to a uniquely vendor-used member
rrg_edges_full.csv,RMUX27,19,6,RMUX20,19,9,2;9,X19Y5_RMUX75,45,codeword attributed to a uniquely vendor-used member
rrg_edges_full.csv,RMUX27,19,7,RMUX04,19,8,2;9,X19Y4_RMUX75,47,codeword attributed to a uniquely vendor-used member
rrg_edges_full.csv,RMUX27,19,7,RMUX11,19,8,2;9,X19Y4_RMUX75,43,codeword attributed to a uniquely vendor-used member
rrg_edges_full.csv,RMUX27,19,7,RMUX20,19,10,2;9,X19Y6_RMUX75,17,codeword attributed to a uniquely vendor-used member
rrg_edges_full.csv,RMUX27,19,7,RMUX20,19,8,2;9,X19Y4_RMUX75,62,codeword attributed to a uniquely vendor-used member
rrg_edges_full.csv,RMUX27,19,8,RMUX04,19,9,2;9,X19Y5_RMUX75,53,codeword attributed to a uniquely vendor-used member
rrg_edges_full.csv,RMUX27,19,8,RMUX11,19,9,2;9,X19Y5_RMUX75,49,codeword attributed to a uniquely vendor-used member
rrg_edges_full.csv,RMUX27,19,8,RMUX20,19,11,2;9,X19Y7_RMUX75,8,codeword attributed to a uniquely vendor-used member
rrg_edges_full.csv,RMUX27,19,8,RMUX20,19,9,2;9,X19Y5_RMUX75,45,codeword attributed to a uniquely vendor-used member
rrg_edges_full.csv,RMUX27,19,9,RMUX04,19,10,2;9,X19Y6_RMUX75,47,codeword attributed to a uniquely vendor-used member
rrg_edges_full.csv,RMUX27,19,9,RMUX11,19,10,2;9,X19Y6_RMUX75,43,codeword attributed to a uniquely vendor-used member
rrg_edges_full.csv,RMUX27,19,9,RMUX20,19,10,2;9,X19Y6_RMUX75,17,codeword attributed to a uniquely vendor-used member
rrg_edges_full.csv,RMUX27,19,9,RMUX20,19,12,2;9,X19Y8_RMUX75,7,codeword attributed to a uniquely vendor-used member
rrg_edges_full.csv,RMUX27,20,10,RMUX04,20,11,2;9,X20Y7_RMUX75,35,codeword attributed to a uniquely vendor-used member
rrg_edges_full.csv,RMUX27,20,10,RMUX11,20,11,2;9,X20Y7_RMUX75,32,codeword attributed to a uniquely vendor-used member
rrg_edges_full.csv,RMUX27,20,10,RMUX20,20,11,2;9,X20Y7_RMUX75,13,codeword attributed to a uniquely vendor-used member
rrg_edges_full.csv,RMUX27,20,11,RMUX04,20,12,2;9,X20Y8_RMUX75,26,codeword attributed to a uniquely vendor-used member
rrg_edges_full.csv,RMUX27,20,11,RMUX11,20,12,2;9,X20Y8_RMUX75,33,codeword attributed to a uniquely vendor-used member
rrg_edges_full.csv,RMUX27,20,11,RMUX20,20,12,2;9,X20Y8_RMUX75,11,codeword attributed to a uniquely vendor-used member
rrg_edges_full.csv,RMUX27,20,2,RMUX20,20,5,2;9,X20Y1_RMUX75,71,codeword attributed to a uniquely vendor-used member
rrg_edges_full.csv,RMUX27,20,3,RMUX20,20,6,2;9,X20Y2_RMUX75,68,codeword attributed to a uniquely vendor-used member
rrg_edges_full.csv,RMUX27,20,4,RMUX04,20,5,2;9,X20Y1_RMUX75,20,codeword attributed to a uniquely vendor-used member
rrg_edges_full.csv,RMUX27,20,4,RMUX11,20,5,2;9,X20Y1_RMUX75,29,codeword attributed to a uniquely vendor-used member
rrg_edges_full.csv,RMUX27,20,4,RMUX20,20,5,2;9,X20Y1_RMUX75,71,codeword attributed to a uniquely vendor-used member
rrg_edges_full.csv,RMUX27,20,4,RMUX20,20,7,2;9,X20Y3_RMUX75,67,codeword attributed to a uniquely vendor-used member
rrg_edges_full.csv,RMUX27,20,5,RMUX04,20,6,2;9,X20Y2_RMUX75,28,codeword attributed to a uniquely vendor-used member
rrg_edges_full.csv,RMUX27,20,5,RMUX11,20,6,2;9,X20Y2_RMUX75,29,codeword attributed to a uniquely vendor-used member
rrg_edges_full.csv,RMUX27,20,5,RMUX20,20,6,2;9,X20Y2_RMUX75,68,codeword attributed to a uniquely vendor-used member
rrg_edges_full.csv,RMUX27,20,5,RMUX20,20,8,2;9,X20Y4_RMUX75,64,codeword attributed to a uniquely vendor-used member
rrg_edges_full.csv,RMUX27,20,6,RMUX04,20,7,2;9,X20Y3_RMUX75,32,codeword attributed to a uniquely vendor-used member
rrg_edges_full.csv,RMUX27,20,6,RMUX11,20,7,2;9,X20Y3_RMUX75,39,codeword attributed to a uniquely vendor-used member
rrg_edges_full.csv,RMUX27,20,6,RMUX20,20,7,2;9,X20Y3_RMUX75,67,codeword attributed to a uniquely vendor-used member
rrg_edges_full.csv,RMUX27,20,6,RMUX20,20,9,2;9,X20Y5_RMUX75,45,codeword attributed to a uniquely vendor-used member
rrg_edges_full.csv,RMUX27,20,7,RMUX04,20,8,2;9,X20Y4_RMUX75,43,codeword attributed to a uniquely vendor-used member
rrg_edges_full.csv,RMUX27,20,7,RMUX11,20,8,2;9,X20Y4_RMUX75,47,codeword attributed to a uniquely vendor-used member
rrg_edges_full.csv,RMUX27,20,7,RMUX20,20,10,2;9,X20Y6_RMUX75,23,codeword attributed to a uniquely vendor-used member
rrg_edges_full.csv,RMUX27,20,7,RMUX20,20,8,2;9,X20Y4_RMUX75,64,codeword attributed to a uniquely vendor-used member
rrg_edges_full.csv,RMUX27,20,8,RMUX04,20,9,2;9,X20Y5_RMUX75,33,codeword attributed to a uniquely vendor-used member
rrg_edges_full.csv,RMUX27,20,8,RMUX11,20,9,2;9,X20Y5_RMUX75,42,codeword attributed to a uniquely vendor-used member
rrg_edges_full.csv,RMUX27,20,8,RMUX15,20,9,2;9,X20Y5_RMUX75,38,codeword attributed to a uniquely vendor-used member
rrg_edges_full.csv,RMUX27,20,8,RMUX20,20,11,2;9,X20Y7_RMUX75,13,codeword attributed to a uniquely vendor-used member
rrg_edges_full.csv,RMUX27,20,8,RMUX20,20,9,2;9,X20Y5_RMUX75,45,codeword attributed to a uniquely vendor-used member
rrg_edges_full.csv,RMUX27,20,9,RMUX04,20,10,2;9,X20Y6_RMUX75,38,codeword attributed to a uniquely vendor-used member
rrg_edges_full.csv,RMUX27,20,9,RMUX11,20,10,2;9,X20Y6_RMUX75,26,codeword attributed to a uniquely vendor-used member
rrg_edges_full.csv,RMUX27,20,9,RMUX20,20,10,2;9,X20Y6_RMUX75,23,codeword attributed to a uniquely vendor-used member
rrg_edges_full.csv,RMUX27,20,9,RMUX20,20,12,2;9,X20Y8_RMUX75,11,codeword attributed to a uniquely vendor-used member
rrg_edges_full.csv,RMUX31,11,1,RMUX25,10,1,1;8,X14Y1_RMUX79,48,codeword attributed to a uniquely vendor-used member
rrg_edges_full.csv,RMUX31,11,2,RMUX25,10,2,1;8,X14Y2_RMUX79,72,codeword attributed to a uniquely vendor-used member
rrg_edges_full.csv,RMUX31,11,3,RMUX25,10,3,1;8,X14Y3_RMUX79,84,codeword attributed to a uniquely vendor-used member
rrg_edges_full.csv,RMUX31,12,1,RMUX25,11,1,1;8,X15Y1_RMUX79,54,codeword attributed to a uniquely vendor-used member
rrg_edges_full.csv,RMUX31,12,2,RMUX25,11,2,1;8,X15Y2_RMUX79,62,codeword attributed to a uniquely vendor-used member
rrg_edges_full.csv,RMUX31,12,3,RMUX25,11,3,1;8,X15Y3_RMUX79,63,codeword attributed to a uniquely vendor-used member
rrg_edges_full.csv,RMUX31,15,1,RMUX25,14,1,1;8,X18Y1_RMUX79,48,codeword attributed to a uniquely vendor-used member
rrg_edges_full.csv,RMUX31,15,10,RMUX25,14,10,1;8,X18Y10_RMUX79,24,codeword attributed to a uniquely vendor-used member
rrg_edges_full.csv,RMUX31,15,11,RMUX25,14,11,1;8,X18Y11_RMUX79,14,codeword attributed to a uniquely vendor-used member
rrg_edges_full.csv,RMUX31,15,2,RMUX25,14,2,1;8,X18Y2_RMUX79,34,codeword attributed to a uniquely vendor-used member
rrg_edges_full.csv,RMUX31,15,3,RMUX25,14,3,1;8,X18Y3_RMUX79,31,codeword attributed to a uniquely vendor-used member
rrg_edges_full.csv,RMUX31,15,4,RMUX25,14,4,1;8,X18Y4_RMUX79,25,codeword attributed to a uniquely vendor-used member
rrg_edges_full.csv,RMUX31,15,5,RMUX25,14,5,1;8,X18Y5_RMUX79,50,codeword attributed to a uniquely vendor-used member
rrg_edges_full.csv,RMUX31,15,6,RMUX25,14,6,1;8,X18Y6_RMUX79,48,codeword attributed to a uniquely vendor-used member
rrg_edges_full.csv,RMUX31,15,7,RMUX25,14,7,1;8,X18Y7_RMUX79,46,codeword attributed to a uniquely vendor-used member
rrg_edges_full.csv,RMUX31,15,8,RMUX25,14,8,1;8,X18Y8_RMUX79,25,codeword attributed to a uniquely vendor-used member
rrg_edges_full.csv,RMUX31,15,9,RMUX25,14,9,1;8,X18Y9_RMUX79,47,codeword attributed to a uniquely vendor-used member
rrg_edges_full.csv,RMUX31,16,1,RMUX25,15,1,1;8,X19Y1_RMUX79,75,codeword attributed to a uniquely vendor-used member
rrg_edges_full.csv,RMUX31,16,10,RMUX25,15,10,1;8,X19Y10_RMUX79,30,codeword attributed to a uniquely vendor-used member
rrg_edges_full.csv,RMUX31,16,11,RMUX25,15,11,1;8,X19Y11_RMUX79,21,codeword attributed to a uniquely vendor-used member
rrg_edges_full.csv,RMUX31,16,2,RMUX25,15,2,1;8,X19Y2_RMUX79,50,codeword attributed to a uniquely vendor-used member
rrg_edges_full.csv,RMUX31,16,3,RMUX25,15,3,1;8,X19Y3_RMUX79,46,codeword attributed to a uniquely vendor-used member
rrg_edges_full.csv,RMUX31,16,4,RMUX25,15,4,1;8,X19Y4_RMUX79,42,codeword attributed to a uniquely vendor-used member
rrg_edges_full.csv,RMUX31,16,5,RMUX25,15,5,1;8,X19Y5_RMUX79,50,codeword attributed to a uniquely vendor-used member
rrg_edges_full.csv,RMUX31,16,6,RMUX25,15,6,1;8,X19Y6_RMUX79,49,codeword attributed to a uniquely vendor-used member
rrg_edges_full.csv,RMUX31,16,7,RMUX25,15,7,1;8,X19Y7_RMUX79,42,codeword attributed to a uniquely vendor-used member
rrg_edges_full.csv,RMUX31,16,8,RMUX25,15,8,1;8,X19Y8_RMUX79,33,codeword attributed to a uniquely vendor-used member
rrg_edges_full.csv,RMUX31,16,9,RMUX25,15,9,1;8,X19Y9_RMUX79,34,codeword attributed to a uniquely vendor-used member
rrg_edges_full.csv,RMUX31,17,1,RMUX25,16,1,1;8,X20Y1_RMUX79,46,codeword attributed to a uniquely vendor-used member
rrg_edges_full.csv,RMUX31,17,10,RMUX25,16,10,1;8,X20Y10_RMUX79,18,codeword attributed to a uniquely vendor-used member
rrg_edges_full.csv,RMUX31,17,11,RMUX25,16,11,1;8,X20Y11_RMUX79,17,codeword attributed to a uniquely vendor-used member
rrg_edges_full.csv,RMUX31,17,12,RMUX25,16,12,1;8,X20Y12_RMUX79,3,codeword attributed to a uniquely vendor-used member
rrg_edges_full.csv,RMUX31,17,2,RMUX25,16,2,1;8,X20Y2_RMUX79,55,codeword attributed to a uniquely vendor-used member
rrg_edges_full.csv,RMUX31,17,3,RMUX25,16,3,1;8,X20Y3_RMUX79,38,codeword attributed to a uniquely vendor-used member
rrg_edges_full.csv,RMUX31,17,4,RMUX25,16,4,1;8,X20Y4_RMUX79,31,codeword attributed to a uniquely vendor-used member
rrg_edges_full.csv,RMUX31,17,5,RMUX25,16,5,1;8,X20Y5_RMUX79,32,codeword attributed to a uniquely vendor-used member
rrg_edges_full.csv,RMUX31,17,6,RMUX25,16,6,1;8,X20Y6_RMUX79,41,codeword attributed to a uniquely vendor-used member
rrg_edges_full.csv,RMUX31,17,7,RMUX25,16,7,1;8,X20Y7_RMUX79,39,codeword attributed to a uniquely vendor-used member
rrg_edges_full.csv,RMUX31,17,8,RMUX25,16,8,1;8,X20Y8_RMUX79,38,codeword attributed to a uniquely vendor-used member
rrg_edges_full.csv,RMUX31,17,9,RMUX25,16,9,1;8,X20Y9_RMUX79,36,codeword attributed to a uniquely vendor-used member
rrg_edges_full.csv,RMUX31,2,1,RMUX25,1,1,1;8,X5Y1_RMUX79,14,codeword attributed to a uniquely vendor-used member
rrg_edges_full.csv,RMUX31,2,2,RMUX25,1,2,1;8,X5Y2_RMUX79,9,codeword attributed to a uniquely vendor-used member
rrg_edges_full.csv,RMUX31,2,3,RMUX25,1,3,1;8,X5Y3_RMUX79,7,codeword attributed to a uniquely vendor-used member
rrg_edges_full.csv,RMUX31,3,1,RMUX25,2,1,1;8,X6Y1_RMUX79,15,codeword attributed to a uniquely vendor-used member
rrg_edges_full.csv,RMUX31,3,2,RMUX25,2,2,1;8,X6Y2_RMUX79,20,codeword attributed to a uniquely vendor-used member
rrg_edges_full.csv,RMUX31,3,3,RMUX25,2,3,1;8,X6Y3_RMUX79,15,codeword attributed to a uniquely vendor-used member
rrg_edges_full.csv,RMUX31,4,1,RMUX25,3,1,1;8,X7Y1_RMUX79,20,codeword attributed to a uniquely vendor-used member
rrg_edges_full.csv,RMUX31,4,2,RMUX25,3,2,1;8,X7Y2_RMUX79,21,codeword attributed to a uniquely vendor-used member
rrg_edges_full.csv,RMUX31,4,3,RMUX25,3,3,1;8,X7Y3_RMUX79,14,codeword attributed to a uniquely vendor-used member
rrg_edges_full.csv,RMUX31,5,1,RMUX25,4,1,1;8,X8Y1_RMUX79,22,codeword attributed to a uniquely vendor-used member
rrg_edges_full.csv,RMUX31,5,2,RMUX25,4,2,1;8,X8Y2_RMUX79,29,codeword attributed to a uniquely vendor-used member
rrg_edges_full.csv,RMUX31,5,3,RMUX25,4,3,1;8,X8Y3_RMUX79,27,codeword attributed to a uniquely vendor-used member
rrg_edges_full.csv,RMUX31,6,1,RMUX25,5,1,1;8,X9Y1_RMUX79,35,codeword attributed to a uniquely vendor-used member
rrg_edges_full.csv,RMUX31,6,2,RMUX25,5,2,1;8,X9Y2_RMUX79,29,codeword attributed to a uniquely vendor-used member
rrg_edges_full.csv,RMUX31,6,3,RMUX25,5,3,1;8,X9Y3_RMUX79,43,codeword attributed to a uniquely vendor-used member
rrg_edges_full.csv,RMUX31,7,1,RMUX25,6,1,1;8,X10Y1_RMUX79,39,codeword attributed to a uniquely vendor-used member
rrg_edges_full.csv,RMUX31,7,2,RMUX25,6,2,1;8,X10Y2_RMUX79,48,codeword attributed to a uniquely vendor-used member
rrg_edges_full.csv,RMUX31,7,3,RMUX25,6,3,1;8,X10Y3_RMUX79,44,codeword attributed to a uniquely vendor-used member
rrg_edges_full.csv,RMUX31,8,1,RMUX25,7,1,1;8,X11Y1_RMUX79,48,codeword attributed to a uniquely vendor-used member
rrg_edges_full.csv,RMUX31,8,2,RMUX25,7,2,1;8,X11Y2_RMUX79,56,codeword attributed to a uniquely vendor-used member
rrg_edges_full.csv,RMUX31,8,3,RMUX25,7,3,1;8,X11Y3_RMUX79,60,codeword attributed to a uniquely vendor-used member
rrg_edges_full.csv,RMUX31,9,1,RMUX25,8,1,1;8,X12Y1_RMUX79,45,codeword attributed to a uniquely vendor-used member
rrg_edges_full.csv,RMUX31,9,2,RMUX25,8,2,1;8,X12Y2_RMUX79,66,codeword attributed to a uniquely vendor-used member
rrg_edges_full.csv,RMUX31,9,3,RMUX25,8,3,1;8,X12Y3_RMUX79,65,codeword attributed to a uniquely vendor-used member
rrg_edges_full.csv,RMUX32,10,3,RMUX33,10,1,5;9,X10Y4_RMUX80,49,codeword attributed to a uniquely vendor-used member
rrg_edges_full.csv,RMUX32,11,3,RMUX33,11,1,5;9,X11Y4_RMUX80,64,codeword attributed to a uniquely vendor-used member
rrg_edges_full.csv,RMUX32,12,3,RMUX33,12,1,5;9,X12Y4_RMUX80,40,codeword attributed to a uniquely vendor-used member
rrg_edges_full.csv,RMUX32,14,11,RMUX33,14,9,5;9,X14Y12_RMUX80,3,codeword attributed to a uniquely vendor-used member
rrg_edges_full.csv,RMUX32,14,2,RMUX27,14,1,6;9,X14Y5_RMUX80,15,codeword attributed to a uniquely vendor-used member
rrg_edges_full.csv,RMUX32,14,3,RMUX27,14,2,6;9,X14Y6_RMUX80,8,codeword attributed to a uniquely vendor-used member
rrg_edges_full.csv,RMUX32,14,3,RMUX33,14,1,5;9,X14Y4_RMUX80,109,codeword attributed to a uniquely vendor-used member
rrg_edges_full.csv,RMUX32,14,4,RMUX27,14,3,6;9,X14Y7_RMUX80,14,codeword attributed to a uniquely vendor-used member
rrg_edges_full.csv,RMUX32,14,4,RMUX33,14,2,5;9,X14Y5_RMUX80,39,codeword attributed to a uniquely vendor-used member
rrg_edges_full.csv,RMUX32,14,5,RMUX27,14,4,6;9,X14Y8_RMUX80,32,codeword attributed to a uniquely vendor-used member
rrg_edges_full.csv,RMUX32,14,5,RMUX33,14,3,5;9,X14Y6_RMUX80,87,codeword attributed to a uniquely vendor-used member
rrg_edges_full.csv,RMUX32,14,6,RMUX27,14,5,6;9,X14Y9_RMUX80,186,codeword attributed to a uniquely vendor-used member
rrg_edges_full.csv,RMUX32,14,6,RMUX33,14,4,5;9,X14Y7_RMUX80,103,codeword attributed to a uniquely vendor-used member
rrg_edges_full.csv,RMUX32,14,7,RMUX27,14,6,6;9,X14Y10_RMUX80,152,codeword attributed to a uniquely vendor-used member
rrg_edges_full.csv,RMUX32,14,7,RMUX33,14,5,5;9,X14Y8_RMUX80,2,codeword attributed to a uniquely vendor-used member
rrg_edges_full.csv,RMUX32,14,8,RMUX27,14,7,6;9,X14Y11_RMUX80,134,codeword attributed to a uniquely vendor-used member
rrg_edges_full.csv,RMUX32,14,8,RMUX33,14,6,5;9,X14Y9_RMUX80,2,codeword attributed to a uniquely vendor-used member
rrg_edges_full.csv,RMUX32,14,9,RMUX27,14,8,6;9,X14Y12_RMUX80,117,codeword attributed to a uniquely vendor-used member
rrg_edges_full.csv,RMUX32,14,9,RMUX33,14,7,5;9,X14Y10_RMUX80,2,codeword attributed to a uniquely vendor-used member
rrg_edges_full.csv,RMUX32,15,10,RMUX33,15,8,5;9,X15Y11_RMUX80,5,codeword attributed to a uniquely vendor-used member
rrg_edges_full.csv,RMUX32,15,11,RMUX33,15,9,5;9,X15Y12_RMUX80,10,codeword attributed to a uniquely vendor-used member
rrg_edges_full.csv,RMUX32,15,2,RMUX27,15,1,6;9,X15Y5_RMUX80,16,codeword attributed to a uniquely vendor-used member
rrg_edges_full.csv,RMUX32,15,3,RMUX27,15,2,6;9,X15Y6_RMUX80,10,codeword attributed to a uniquely vendor-used member
rrg_edges_full.csv,RMUX32,15,3,RMUX33,15,1,5;9,X15Y4_RMUX80,91,codeword attributed to a uniquely vendor-used member
rrg_edges_full.csv,RMUX32,15,4,RMUX27,15,3,6;9,X15Y7_RMUX80,24,codeword attributed to a uniquely vendor-used member
rrg_edges_full.csv,RMUX32,15,4,RMUX33,15,2,5;9,X15Y5_RMUX80,40,codeword attributed to a uniquely vendor-used member
rrg_edges_full.csv,RMUX32,15,5,RMUX27,15,4,6;9,X15Y8_RMUX80,60,codeword attributed to a uniquely vendor-used member
rrg_edges_full.csv,RMUX32,15,5,RMUX33,15,3,5;9,X15Y6_RMUX80,58,codeword attributed to a uniquely vendor-used member
rrg_edges_full.csv,RMUX32,15,6,RMUX27,15,5,6;9,X15Y9_RMUX80,193,codeword attributed to a uniquely vendor-used member
rrg_edges_full.csv,RMUX32,15,6,RMUX33,15,4,5;9,X15Y7_RMUX80,74,codeword attributed to a uniquely vendor-used member
rrg_edges_full.csv,RMUX32,15,7,RMUX27,15,6,6;9,X15Y10_RMUX80,172,codeword attributed to a uniquely vendor-used member
rrg_edges_full.csv,RMUX32,15,7,RMUX33,15,5,5;9,X15Y8_RMUX80,12,codeword attributed to a uniquely vendor-used member
rrg_edges_full.csv,RMUX32,15,8,RMUX27,15,7,6;9,X15Y11_RMUX80,157,codeword attributed to a uniquely vendor-used member
rrg_edges_full.csv,RMUX32,15,8,RMUX33,15,6,5;9,X15Y9_RMUX80,12,codeword attributed to a uniquely vendor-used member
rrg_edges_full.csv,RMUX32,15,9,RMUX27,15,8,6;9,X15Y12_RMUX80,141,codeword attributed to a uniquely vendor-used member
rrg_edges_full.csv,RMUX32,15,9,RMUX33,15,7,5;9,X15Y10_RMUX80,6,codeword attributed to a uniquely vendor-used member
rrg_edges_full.csv,RMUX32,16,10,RMUX33,16,8,5;9,X16Y11_RMUX80,6,codeword attributed to a uniquely vendor-used member
rrg_edges_full.csv,RMUX32,16,11,RMUX33,16,9,5;9,X16Y12_RMUX80,12,codeword attributed to a uniquely vendor-used member
rrg_edges_full.csv,RMUX32,16,2,RMUX27,16,1,6;9,X16Y5_RMUX80,15,codeword attributed to a uniquely vendor-used member
rrg_edges_full.csv,RMUX32,16,3,RMUX27,16,2,6;9,X16Y6_RMUX80,15,codeword attributed to a uniquely vendor-used member
rrg_edges_full.csv,RMUX32,16,3,RMUX33,16,1,5;9,X16Y4_RMUX80,76,codeword attributed to a uniquely vendor-used member
rrg_edges_full.csv,RMUX32,16,4,RMUX27,16,3,6;9,X16Y7_RMUX80,22,codeword attributed to a uniquely vendor-used member
rrg_edges_full.csv,RMUX32,16,4,RMUX33,16,2,5;9,X16Y5_RMUX80,38,codeword attributed to a uniquely vendor-used member
rrg_edges_full.csv,RMUX32,16,5,RMUX27,16,4,6;9,X16Y8_RMUX80,60,codeword attributed to a uniquely vendor-used member
rrg_edges_full.csv,RMUX32,16,5,RMUX33,16,3,5;9,X16Y6_RMUX80,50,codeword attributed to a uniquely vendor-used member
rrg_edges_full.csv,RMUX32,16,6,RMUX27,16,5,6;9,X16Y9_RMUX80,157,codeword attributed to a uniquely vendor-used member
rrg_edges_full.csv,RMUX32,16,6,RMUX33,16,4,5;9,X16Y7_RMUX80,57,codeword attributed to a uniquely vendor-used member
rrg_edges_full.csv,RMUX32,16,7,RMUX27,16,6,6;9,X16Y10_RMUX80,162,codeword attributed to a uniquely vendor-used member
rrg_edges_full.csv,RMUX32,16,7,RMUX33,16,5,5;9,X16Y8_RMUX80,14,codeword attributed to a uniquely vendor-used member
rrg_edges_full.csv,RMUX32,16,8,RMUX27,16,7,6;9,X16Y11_RMUX80,148,codeword attributed to a uniquely vendor-used member
rrg_edges_full.csv,RMUX32,16,8,RMUX33,16,6,5;9,X16Y9_RMUX80,4,codeword attributed to a uniquely vendor-used member
rrg_edges_full.csv,RMUX32,16,9,RMUX27,16,8,6;9,X16Y12_RMUX80,137,codeword attributed to a uniquely vendor-used member
rrg_edges_full.csv,RMUX32,16,9,RMUX33,16,7,5;9,X16Y10_RMUX80,14,codeword attributed to a uniquely vendor-used member
rrg_edges_full.csv,RMUX32,17,10,RMUX33,17,8,5;9,X17Y11_RMUX80,19,codeword attributed to a uniquely vendor-used member
rrg_edges_full.csv,RMUX32,17,11,RMUX33,17,9,5;9,X17Y12_RMUX80,14,codeword attributed to a uniquely vendor-used member
rrg_edges_full.csv,RMUX32,17,2,RMUX27,17,1,6;9,X17Y5_RMUX80,30,codeword attributed to a uniquely vendor-used member
rrg_edges_full.csv,RMUX32,17,3,RMUX27,17,2,6;9,X17Y6_RMUX80,17,codeword attributed to a uniquely vendor-used member
rrg_edges_full.csv,RMUX32,17,3,RMUX33,17,1,5;9,X17Y4_RMUX80,61,codeword attributed to a uniquely vendor-used member
rrg_edges_full.csv,RMUX32,17,4,RMUX27,17,3,6;9,X17Y7_RMUX80,21,codeword attributed to a uniquely vendor-used member
rrg_edges_full.csv,RMUX32,17,4,RMUX33,17,2,5;9,X17Y5_RMUX80,30,codeword attributed to a uniquely vendor-used member
rrg_edges_full.csv,RMUX32,17,5,RMUX27,17,4,6;9,X17Y8_RMUX80,65,codeword attributed to a uniquely vendor-used member
rrg_edges_full.csv,RMUX32,17,5,RMUX33,17,3,5;9,X17Y6_RMUX80,37,codeword attributed to a uniquely vendor-used member
rrg_edges_full.csv,RMUX32,17,6,RMUX27,17,5,6;9,X17Y9_RMUX80,174,codeword attributed to a uniquely vendor-used member
rrg_edges_full.csv,RMUX32,17,6,RMUX33,17,4,5;9,X17Y7_RMUX80,43,codeword attributed to a uniquely vendor-used member
rrg_edges_full.csv,RMUX32,17,7,RMUX27,17,6,6;9,X17Y10_RMUX80,170,codeword attributed to a uniquely vendor-used member
rrg_edges_full.csv,RMUX32,17,7,RMUX33,17,5,5;9,X17Y8_RMUX80,15,codeword attributed to a uniquely vendor-used member
rrg_edges_full.csv,RMUX32,17,8,RMUX27,17,7,6;9,X17Y11_RMUX80,138,codeword attributed to a uniquely vendor-used member
rrg_edges_full.csv,RMUX32,17,8,RMUX33,17,6,5;9,X17Y9_RMUX80,19,codeword attributed to a uniquely vendor-used member
rrg_edges_full.csv,RMUX32,17,9,RMUX27,17,8,6;9,X17Y12_RMUX80,141,codeword attributed to a uniquely vendor-used member
rrg_edges_full.csv,RMUX32,17,9,RMUX33,17,7,5;9,X17Y10_RMUX80,17,codeword attributed to a uniquely vendor-used member
rrg_edges_full.csv,RMUX32,18,10,RMUX33,18,8,5;9,X18Y11_RMUX80,23,codeword attributed to a uniquely vendor-used member
rrg_edges_full.csv,RMUX32,18,11,RMUX33,18,9,5;9,X18Y12_RMUX80,21,codeword attributed to a uniquely vendor-used member
rrg_edges_full.csv,RMUX32,18,2,RMUX27,18,1,6;9,X18Y5_RMUX80,29,codeword attributed to a uniquely vendor-used member
rrg_edges_full.csv,RMUX32,18,3,RMUX27,18,2,6;9,X18Y6_RMUX80,18,codeword attributed to a uniquely vendor-used member
rrg_edges_full.csv,RMUX32,18,3,RMUX33,18,1,5;9,X18Y4_RMUX80,75,codeword attributed to a uniquely vendor-used member
rrg_edges_full.csv,RMUX32,18,4,RMUX27,18,3,6;9,X18Y7_RMUX80,28,codeword attributed to a uniquely vendor-used member
rrg_edges_full.csv,RMUX32,18,4,RMUX33,18,2,5;9,X18Y5_RMUX80,31,codeword attributed to a uniquely vendor-used member
rrg_edges_full.csv,RMUX32,18,5,RMUX27,18,4,6;9,X18Y8_RMUX80,56,codeword attributed to a uniquely vendor-used member
rrg_edges_full.csv,RMUX32,18,5,RMUX33,18,3,5;9,X18Y6_RMUX80,48,codeword attributed to a uniquely vendor-used member
rrg_edges_full.csv,RMUX32,18,6,RMUX27,18,5,6;9,X18Y9_RMUX80,143,codeword attributed to a uniquely vendor-used member
rrg_edges_full.csv,RMUX32,18,6,RMUX33,18,4,5;9,X18Y7_RMUX80,44,codeword attributed to a uniquely vendor-used member
rrg_edges_full.csv,RMUX32,18,7,RMUX27,18,6,6;9,X18Y10_RMUX80,102,codeword attributed to a uniquely vendor-used member
rrg_edges_full.csv,RMUX32,18,7,RMUX33,18,5,5;9,X18Y8_RMUX80,28,codeword attributed to a uniquely vendor-used member
rrg_edges_full.csv,RMUX32,18,8,RMUX27,18,7,6;9,X18Y11_RMUX80,94,codeword attributed to a uniquely vendor-used member
rrg_edges_full.csv,RMUX32,18,8,RMUX33,18,6,5;9,X18Y9_RMUX80,24,codeword attributed to a uniquely vendor-used member
rrg_edges_full.csv,RMUX32,18,9,RMUX27,18,8,6;9,X18Y12_RMUX80,96,codeword attributed to a uniquely vendor-used member
rrg_edges_full.csv,RMUX32,18,9,RMUX33,18,7,5;9,X18Y10_RMUX80,25,codeword attributed to a uniquely vendor-used member
rrg_edges_full.csv,RMUX32,19,10,RMUX33,19,8,5;9,X19Y11_RMUX80,17,codeword attributed to a uniquely vendor-used member
rrg_edges_full.csv,RMUX32,19,11,RMUX33,19,9,5;9,X19Y12_RMUX80,17,codeword attributed to a uniquely vendor-used member
rrg_edges_full.csv,RMUX32,19,2,RMUX27,19,1,6;9,X19Y5_RMUX80,24,codeword attributed to a uniquely vendor-used member
rrg_edges_full.csv,RMUX32,19,3,RMUX27,19,2,6;9,X19Y6_RMUX80,11,codeword attributed to a uniquely vendor-used member
rrg_edges_full.csv,RMUX32,19,3,RMUX33,19,1,5;9,X19Y4_RMUX80,75,codeword attributed to a uniquely vendor-used member
rrg_edges_full.csv,RMUX32,19,4,RMUX27,19,3,6;9,X19Y7_RMUX80,25,codeword attributed to a uniquely vendor-used member
rrg_edges_full.csv,RMUX32,19,4,RMUX33,19,2,5;9,X19Y5_RMUX80,24,codeword attributed to a uniquely vendor-used member
rrg_edges_full.csv,RMUX32,19,5,RMUX27,19,4,6;9,X19Y8_RMUX80,39,codeword attributed to a uniquely vendor-used member
rrg_edges_full.csv,RMUX32,19,5,RMUX33,19,3,5;9,X19Y6_RMUX80,41,codeword attributed to a uniquely vendor-used member
rrg_edges_full.csv,RMUX32,19,6,RMUX27,19,5,6;9,X19Y9_RMUX80,126,codeword attributed to a uniquely vendor-used member
rrg_edges_full.csv,RMUX32,19,6,RMUX33,19,4,5;9,X19Y7_RMUX80,27,codeword attributed to a uniquely vendor-used member
rrg_edges_full.csv,RMUX32,19,7,RMUX27,19,6,6;9,X19Y10_RMUX80,84,codeword attributed to a uniquely vendor-used member
rrg_edges_full.csv,RMUX32,19,7,RMUX33,19,5,5;9,X19Y8_RMUX80,32,codeword attributed to a uniquely vendor-used member
rrg_edges_full.csv,RMUX32,19,8,RMUX27,19,7,6;9,X19Y11_RMUX80,89,codeword attributed to a uniquely vendor-used member
rrg_edges_full.csv,RMUX32,19,8,RMUX33,19,6,5;9,X19Y9_RMUX80,14,codeword attributed to a uniquely vendor-used member
rrg_edges_full.csv,RMUX32,19,9,RMUX27,19,8,6;9,X19Y12_RMUX80,82,codeword attributed to a uniquely vendor-used member
rrg_edges_full.csv,RMUX32,19,9,RMUX33,19,7,5;9,X19Y10_RMUX80,28,codeword attributed to a uniquely vendor-used member
rrg_edges_full.csv,RMUX32,2,3,RMUX33,2,1,5;9,X2Y4_RMUX80,2,codeword attributed to a uniquely vendor-used member
rrg_edges_full.csv,RMUX32,20,10,RMUX33,20,8,5;9,X20Y11_RMUX80,13,codeword attributed to a uniquely vendor-used member
rrg_edges_full.csv,RMUX32,20,11,RMUX33,20,9,5;9,X20Y12_RMUX80,14,codeword attributed to a uniquely vendor-used member
rrg_edges_full.csv,RMUX32,20,2,RMUX27,20,1,6;9,X20Y5_RMUX80,19,codeword attributed to a uniquely vendor-used member
rrg_edges_full.csv,RMUX32,20,3,RMUX27,20,2,6;9,X20Y6_RMUX80,19,codeword attributed to a uniquely vendor-used member
rrg_edges_full.csv,RMUX32,20,3,RMUX33,20,1,5;9,X20Y4_RMUX80,50,codeword attributed to a uniquely vendor-used member
rrg_edges_full.csv,RMUX32,20,4,RMUX27,20,3,6;9,X20Y7_RMUX80,17,codeword attributed to a uniquely vendor-used member
rrg_edges_full.csv,RMUX32,20,4,RMUX33,20,2,5;9,X20Y5_RMUX80,31,codeword attributed to a uniquely vendor-used member
rrg_edges_full.csv,RMUX32,20,5,RMUX27,20,4,6;9,X20Y8_RMUX80,56,codeword attributed to a uniquely vendor-used member
rrg_edges_full.csv,RMUX32,20,5,RMUX33,20,3,5;9,X20Y6_RMUX80,39,codeword attributed to a uniquely vendor-used member
rrg_edges_full.csv,RMUX32,20,6,RMUX27,20,5,6;9,X20Y9_RMUX80,129,codeword attributed to a uniquely vendor-used member
rrg_edges_full.csv,RMUX32,20,6,RMUX33,20,4,5;9,X20Y7_RMUX80,26,codeword attributed to a uniquely vendor-used member
rrg_edges_full.csv,RMUX32,20,7,RMUX27,20,6,6;9,X20Y10_RMUX80,77,codeword attributed to a uniquely vendor-used member
rrg_edges_full.csv,RMUX32,20,7,RMUX33,20,5,5;9,X20Y8_RMUX80,21,codeword attributed to a uniquely vendor-used member
rrg_edges_full.csv,RMUX32,20,8,RMUX27,20,7,6;9,X20Y11_RMUX80,64,codeword attributed to a uniquely vendor-used member
rrg_edges_full.csv,RMUX32,20,8,RMUX33,20,6,5;9,X20Y9_RMUX80,21,codeword attributed to a uniquely vendor-used member
rrg_edges_full.csv,RMUX32,20,9,RMUX27,20,8,6;9,X20Y12_RMUX80,52,codeword attributed to a uniquely vendor-used member
rrg_edges_full.csv,RMUX32,20,9,RMUX33,20,7,5;9,X20Y10_RMUX80,17,codeword attributed to a uniquely vendor-used member
rrg_edges_full.csv,RMUX32,4,3,RMUX33,4,1,5;9,X4Y4_RMUX80,7,codeword attributed to a uniquely vendor-used member
rrg_edges_full.csv,RMUX32,5,3,RMUX33,5,1,5;9,X5Y4_RMUX80,12,codeword attributed to a uniquely vendor-used member
rrg_edges_full.csv,RMUX32,6,3,RMUX33,6,1,5;9,X6Y4_RMUX80,17,codeword attributed to a uniquely vendor-used member
rrg_edges_full.csv,RMUX32,7,3,RMUX33,7,1,5;9,X7Y4_RMUX80,35,codeword attributed to a uniquely vendor-used member
rrg_edges_full.csv,RMUX32,8,3,RMUX33,8,1,5;9,X8Y4_RMUX80,37,codeword attributed to a uniquely vendor-used member
rrg_edges_full.csv,RMUX32,9,3,RMUX33,9,1,5;9,X9Y4_RMUX80,36,codeword attributed to a uniquely vendor-used member
rrg_edges_full.csv,RMUX33,10,1,RMUX39,11,1,5;8,X7Y1_RMUX81,28,codeword attributed to a uniquely vendor-used member
rrg_edges_full.csv,RMUX33,10,1,RMUX45,10,1,4;8,X7Y1_RMUX81,75,codeword attributed to a uniquely vendor-used member
rrg_edges_full.csv,RMUX33,10,2,RMUX39,11,2,5;8,X7Y2_RMUX81,15,codeword attributed to a uniquely vendor-used member
rrg_edges_full.csv,RMUX33,10,2,RMUX45,10,2,4;8,X7Y2_RMUX81,88,codeword attributed to a uniquely vendor-used member
rrg_edges_full.csv,RMUX33,10,3,RMUX39,11,3,5;8,X7Y3_RMUX81,15,codeword attributed to a uniquely vendor-used member
rrg_edges_full.csv,RMUX33,10,3,RMUX45,10,3,4;8,X7Y3_RMUX81,104,codeword attributed to a uniquely vendor-used member
rrg_edges_full.csv,RMUX33,10,4,RMUX45,10,4,4;8,X7Y4_RMUX81,101,codeword attributed to a uniquely vendor-used member
rrg_edges_full.csv,RMUX33,11,1,RMUX39,12,1,5;8,X8Y1_RMUX81,30,codeword attributed to a uniquely vendor-used member
rrg_edges_full.csv,RMUX33,11,1,RMUX45,11,1,4;8,X8Y1_RMUX81,75,codeword attributed to a uniquely vendor-used member
rrg_edges_full.csv,RMUX33,11,2,RMUX39,12,2,5;8,X8Y2_RMUX81,28,codeword attributed to a uniquely vendor-used member
rrg_edges_full.csv,RMUX33,11,2,RMUX45,11,2,4;8,X8Y2_RMUX81,58,codeword attributed to a uniquely vendor-used member
rrg_edges_full.csv,RMUX33,11,3,RMUX39,12,3,5;8,X8Y3_RMUX81,21,codeword attributed to a uniquely vendor-used member
rrg_edges_full.csv,RMUX33,11,3,RMUX45,11,3,4;8,X8Y3_RMUX81,91,codeword attributed to a uniquely vendor-used member
rrg_edges_full.csv,RMUX33,11,4,RMUX45,11,4,4;8,X8Y4_RMUX81,96,codeword attributed to a uniquely vendor-used member
rrg_edges_full.csv,RMUX33,12,1,RMUX45,12,1,4;8,X9Y1_RMUX81,77,codeword attributed to a uniquely vendor-used member
rrg_edges_full.csv,RMUX33,12,2,RMUX45,12,2,4;8,X9Y2_RMUX81,87,codeword attributed to a uniquely vendor-used member
rrg_edges_full.csv,RMUX33,12,3,RMUX45,12,3,4;8,X9Y3_RMUX81,95,codeword attributed to a uniquely vendor-used member
rrg_edges_full.csv,RMUX33,12,4,RMUX45,12,4,4;8,X9Y4_RMUX81,102,codeword attributed to a uniquely vendor-used member
rrg_edges_full.csv,RMUX33,14,1,RMUX39,15,1,5;8,X11Y1_RMUX81,130,codeword attributed to a uniquely vendor-used member
rrg_edges_full.csv,RMUX33,14,1,RMUX45,14,1,4;8,X11Y1_RMUX81,114,codeword attributed to a uniquely vendor-used member
rrg_edges_full.csv,RMUX33,14,2,RMUX39,15,2,5;8,X11Y2_RMUX81,186,codeword attributed to a uniquely vendor-used member
rrg_edges_full.csv,RMUX33,14,2,RMUX45,14,2,4;8,X11Y2_RMUX81,81,codeword attributed to a uniquely vendor-used member
rrg_edges_full.csv,RMUX33,14,3,RMUX39,15,3,5;8,X11Y3_RMUX81,231,codeword attributed to a uniquely vendor-used member
rrg_edges_full.csv,RMUX33,14,3,RMUX45,14,3,4;8,X11Y3_RMUX81,106,codeword attributed to a uniquely vendor-used member
rrg_edges_full.csv,RMUX33,14,4,RMUX39,15,4,5;8,X11Y4_RMUX81,312,codeword attributed to a uniquely vendor-used member
rrg_edges_full.csv,RMUX33,14,4,RMUX45,14,4,4;8,X11Y4_RMUX81,81,codeword attributed to a uniquely vendor-used member
rrg_edges_full.csv,RMUX33,15,1,RMUX39,16,1,5;8,X12Y1_RMUX81,110,codeword attributed to a uniquely vendor-used member
rrg_edges_full.csv,RMUX33,15,1,RMUX45,15,1,4;8,X12Y1_RMUX81,99,codeword attributed to a uniquely vendor-used member
rrg_edges_full.csv,RMUX33,15,2,RMUX39,16,2,5;8,X12Y2_RMUX81,174,codeword attributed to a uniquely vendor-used member
rrg_edges_full.csv,RMUX33,15,2,RMUX45,15,2,4;8,X12Y2_RMUX81,64,codeword attributed to a uniquely vendor-used member
rrg_edges_full.csv,RMUX33,15,3,RMUX39,16,3,5;8,X12Y3_RMUX81,201,codeword attributed to a uniquely vendor-used member
rrg_edges_full.csv,RMUX33,15,3,RMUX45,15,3,4;8,X12Y3_RMUX81,61,codeword attributed to a uniquely vendor-used member
rrg_edges_full.csv,RMUX33,15,4,RMUX39,16,4,5;8,X12Y4_RMUX81,263,codeword attributed to a uniquely vendor-used member
rrg_edges_full.csv,RMUX33,15,4,RMUX45,15,4,4;8,X12Y4_RMUX81,71,codeword attributed to a uniquely vendor-used member
rrg_edges_full.csv,RMUX33,16,2,RMUX39,17,2,5;8,X13Y2_RMUX81,108,codeword attributed to a uniquely vendor-used member
rrg_edges_full.csv,RMUX33,16,3,RMUX39,17,3,5;8,X13Y3_RMUX81,147,codeword attributed to a uniquely vendor-used member
rrg_edges_full.csv,RMUX33,16,3,RMUX45,16,3,4;8,X13Y3_RMUX81,56,codeword attributed to a uniquely vendor-used member
rrg_edges_full.csv,RMUX33,16,4,RMUX39,17,4,5;8,X13Y4_RMUX81,192,codeword attributed to a uniquely vendor-used member
rrg_edges_full.csv,RMUX33,16,4,RMUX45,16,4,4;8,X13Y4_RMUX81,57,codeword attributed to a uniquely vendor-used member
rrg_edges_full.csv,RMUX33,17,1,RMUX39,18,1,5;8,X14Y1_RMUX81,52,codeword attributed to a uniquely vendor-used member
rrg_edges_full.csv,RMUX33,17,1,RMUX45,17,1,4;8,X14Y1_RMUX81,45,codeword attributed to a uniquely vendor-used member
rrg_edges_full.csv,RMUX33,17,10,RMUX39,18,10,5;8,X14Y10_RMUX81,2,codeword attributed to a uniquely vendor-used member
rrg_edges_full.csv,RMUX33,17,10,RMUX45,17,10,4;8,X14Y10_RMUX81,11,codeword attributed to a uniquely vendor-used member
rrg_edges_full.csv,RMUX33,17,11,RMUX45,17,11,4;8,X14Y11_RMUX81,5,codeword attributed to a uniquely vendor-used member
rrg_edges_full.csv,RMUX33,17,12,RMUX39,18,12,5;8,X14Y12_RMUX81,2,codeword attributed to a uniquely vendor-used member
rrg_edges_full.csv,RMUX33,17,12,RMUX45,17,12,4;8,X14Y12_RMUX81,2,codeword attributed to a uniquely vendor-used member
rrg_edges_full.csv,RMUX33,17,2,RMUX39,18,2,5;8,X14Y2_RMUX81,60,codeword attributed to a uniquely vendor-used member
rrg_edges_full.csv,RMUX33,17,2,RMUX45,17,2,4;8,X14Y2_RMUX81,23,codeword attributed to a uniquely vendor-used member
rrg_edges_full.csv,RMUX33,17,3,RMUX39,18,3,5;8,X14Y3_RMUX81,77,codeword attributed to a uniquely vendor-used member
rrg_edges_full.csv,RMUX33,17,3,RMUX45,17,3,4;8,X14Y3_RMUX81,21,codeword attributed to a uniquely vendor-used member
rrg_edges_full.csv,RMUX33,17,4,RMUX39,18,4,5;8,X14Y4_RMUX81,87,codeword attributed to a uniquely vendor-used member
rrg_edges_full.csv,RMUX33,17,4,RMUX45,17,4,4;8,X14Y4_RMUX81,24,codeword attributed to a uniquely vendor-used member
rrg_edges_full.csv,RMUX33,17,5,RMUX39,18,5,5;8,X14Y5_RMUX81,25,codeword attributed to a uniquely vendor-used member
rrg_edges_full.csv,RMUX33,17,5,RMUX45,17,5,4;8,X14Y5_RMUX81,15,codeword attributed to a uniquely vendor-used member
rrg_edges_full.csv,RMUX33,17,6,RMUX39,18,6,5;8,X14Y6_RMUX81,15,codeword attributed to a uniquely vendor-used member
rrg_edges_full.csv,RMUX33,17,6,RMUX45,17,6,4;8,X14Y6_RMUX81,9,codeword attributed to a uniquely vendor-used member
rrg_edges_full.csv,RMUX33,17,7,RMUX39,18,7,5;8,X14Y7_RMUX81,17,codeword attributed to a uniquely vendor-used member
rrg_edges_full.csv,RMUX33,17,7,RMUX45,17,7,4;8,X14Y7_RMUX81,6,codeword attributed to a uniquely vendor-used member
rrg_edges_full.csv,RMUX33,17,8,RMUX39,18,8,5;8,X14Y8_RMUX81,9,codeword attributed to a uniquely vendor-used member
rrg_edges_full.csv,RMUX33,17,8,RMUX45,17,8,4;8,X14Y8_RMUX81,10,codeword attributed to a uniquely vendor-used member
rrg_edges_full.csv,RMUX33,17,9,RMUX39,18,9,5;8,X14Y9_RMUX81,2,codeword attributed to a uniquely vendor-used member
rrg_edges_full.csv,RMUX33,17,9,RMUX45,17,9,4;8,X14Y9_RMUX81,10,codeword attributed to a uniquely vendor-used member
rrg_edges_full.csv,RMUX33,18,1,RMUX39,19,1,5;8,X15Y1_RMUX81,77,codeword attributed to a uniquely vendor-used member
rrg_edges_full.csv,RMUX33,18,1,RMUX45,18,1,4;8,X15Y1_RMUX81,10,codeword attributed to a uniquely vendor-used member
rrg_edges_full.csv,RMUX33,18,10,RMUX39,19,10,5;8,X15Y10_RMUX81,8,codeword attributed to a uniquely vendor-used member
rrg_edges_full.csv,RMUX33,18,10,RMUX45,18,10,4;8,X15Y10_RMUX81,2,codeword attributed to a uniquely vendor-used member
rrg_edges_full.csv,RMUX33,18,11,RMUX39,19,11,5;8,X15Y11_RMUX81,10,codeword attributed to a uniquely vendor-used member
rrg_edges_full.csv,RMUX33,18,11,RMUX45,18,11,4;8,X15Y11_RMUX81,4,codeword attributed to a uniquely vendor-used member
rrg_edges_full.csv,RMUX33,18,12,RMUX39,19,12,5;8,X15Y12_RMUX81,2,codeword attributed to a uniquely vendor-used member
rrg_edges_full.csv,RMUX33,18,2,RMUX39,19,2,5;8,X15Y2_RMUX81,80,codeword attributed to a uniquely vendor-used member
rrg_edges_full.csv,RMUX33,18,2,RMUX45,18,2,4;8,X15Y2_RMUX81,8,codeword attributed to a uniquely vendor-used member
rrg_edges_full.csv,RMUX33,18,3,RMUX39,19,3,5;8,X15Y3_RMUX81,86,codeword attributed to a uniquely vendor-used member
rrg_edges_full.csv,RMUX33,18,3,RMUX45,18,3,4;8,X15Y3_RMUX81,8,codeword attributed to a uniquely vendor-used member
rrg_edges_full.csv,RMUX33,18,4,RMUX39,19,4,5;8,X15Y4_RMUX81,72,codeword attributed to a uniquely vendor-used member
rrg_edges_full.csv,RMUX33,18,4,RMUX45,18,4,4;8,X15Y4_RMUX81,5,codeword attributed to a uniquely vendor-used member
rrg_edges_full.csv,RMUX33,18,5,RMUX39,19,5,5;8,X15Y5_RMUX81,35,codeword attributed to a uniquely vendor-used member
rrg_edges_full.csv,RMUX33,18,5,RMUX45,18,5,4;8,X15Y5_RMUX81,4,codeword attributed to a uniquely vendor-used member
rrg_edges_full.csv,RMUX33,18,6,RMUX39,19,6,5;8,X15Y6_RMUX81,28,codeword attributed to a uniquely vendor-used member
rrg_edges_full.csv,RMUX33,18,6,RMUX45,18,6,4;8,X15Y6_RMUX81,2,codeword attributed to a uniquely vendor-used member
rrg_edges_full.csv,RMUX33,18,7,RMUX39,19,7,5;8,X15Y7_RMUX81,36,codeword attributed to a uniquely vendor-used member
rrg_edges_full.csv,RMUX33,18,8,RMUX39,19,8,5;8,X15Y8_RMUX81,18,codeword attributed to a uniquely vendor-used member
rrg_edges_full.csv,RMUX33,18,8,RMUX45,18,8,4;8,X15Y8_RMUX81,2,codeword attributed to a uniquely vendor-used member
rrg_edges_full.csv,RMUX33,18,9,RMUX39,19,9,5;8,X15Y9_RMUX81,16,codeword attributed to a uniquely vendor-used member
rrg_edges_full.csv,RMUX33,18,9,RMUX45,18,9,4;8,X15Y9_RMUX81,3,codeword attributed to a uniquely vendor-used member
rrg_edges_full.csv,RMUX33,19,1,RMUX39,20,1,5;8,X16Y1_RMUX81,58,codeword attributed to a uniquely vendor-used member
rrg_edges_full.csv,RMUX33,19,10,RMUX39,20,10,5;8,X16Y10_RMUX81,9,codeword attributed to a uniquely vendor-used member
rrg_edges_full.csv,RMUX33,19,11,RMUX39,20,11,5;8,X16Y11_RMUX81,10,codeword attributed to a uniquely vendor-used member
rrg_edges_full.csv,RMUX33,19,12,RMUX39,20,12,5;8,X16Y12_RMUX81,4,codeword attributed to a uniquely vendor-used member
rrg_edges_full.csv,RMUX33,19,2,RMUX39,20,2,5;8,X16Y2_RMUX81,70,codeword attributed to a uniquely vendor-used member
rrg_edges_full.csv,RMUX33,19,3,RMUX39,20,3,5;8,X16Y3_RMUX81,88,codeword attributed to a uniquely vendor-used member
rrg_edges_full.csv,RMUX33,19,4,RMUX39,20,4,5;8,X16Y4_RMUX81,70,codeword attributed to a uniquely vendor-used member
rrg_edges_full.csv,RMUX33,19,5,RMUX39,20,5,5;8,X16Y5_RMUX81,42,codeword attributed to a uniquely vendor-used member
rrg_edges_full.csv,RMUX33,19,6,RMUX39,20,6,5;8,X16Y6_RMUX81,34,codeword attributed to a uniquely vendor-used member
rrg_edges_full.csv,RMUX33,19,7,RMUX39,20,7,5;8,X16Y7_RMUX81,22,codeword attributed to a uniquely vendor-used member
rrg_edges_full.csv,RMUX33,19,8,RMUX39,20,8,5;8,X16Y8_RMUX81,11,codeword attributed to a uniquely vendor-used member
rrg_edges_full.csv,RMUX33,19,9,RMUX39,20,9,5;8,X16Y9_RMUX81,60,codeword attributed to a uniquely vendor-used member
rrg_edges_full.csv,RMUX33,20,5,RMUX45,20,5,4;8,X17Y5_RMUX81,2,codeword attributed to a uniquely vendor-used member
rrg_edges_full.csv,RMUX33,20,6,RMUX45,20,6,4;8,X17Y6_RMUX81,2,codeword attributed to a uniquely vendor-used member
rrg_edges_full.csv,RMUX33,20,9,RMUX45,20,9,4;8,X17Y9_RMUX81,2,codeword attributed to a uniquely vendor-used member
rrg_edges_full.csv,RMUX33,4,1,RMUX39,5,1,5;8,X1Y1_RMUX81,4,codeword attributed to a uniquely vendor-used member
rrg_edges_full.csv,RMUX33,4,1,RMUX45,4,1,4;8,X1Y1_RMUX81,5,codeword attributed to a uniquely vendor-used member
rrg_edges_full.csv,RMUX33,4,2,RMUX39,5,2,5;8,X1Y2_RMUX81,3,codeword attributed to a uniquely vendor-used member
rrg_edges_full.csv,RMUX33,4,2,RMUX45,4,2,4;8,X1Y2_RMUX81,6,codeword attributed to a uniquely vendor-used member
rrg_edges_full.csv,RMUX33,4,3,RMUX39,5,3,5;8,X1Y3_RMUX81,3,codeword attributed to a uniquely vendor-used member
rrg_edges_full.csv,RMUX33,4,3,RMUX45,4,3,4;8,X1Y3_RMUX81,3,codeword attributed to a uniquely vendor-used member
rrg_edges_full.csv,RMUX33,4,4,RMUX45,4,4,4;8,X1Y4_RMUX81,3,codeword attributed to a uniquely vendor-used member
rrg_edges_full.csv,RMUX33,5,1,RMUX39,6,1,5;8,X2Y1_RMUX81,9,codeword attributed to a uniquely vendor-used member
rrg_edges_full.csv,RMUX33,5,1,RMUX45,5,1,4;8,X2Y1_RMUX81,20,codeword attributed to a uniquely vendor-used member
rrg_edges_full.csv,RMUX33,5,2,RMUX39,6,2,5;8,X2Y2_RMUX81,4,codeword attributed to a uniquely vendor-used member
rrg_edges_full.csv,RMUX33,5,2,RMUX45,5,2,4;8,X2Y2_RMUX81,12,codeword attributed to a uniquely vendor-used member
rrg_edges_full.csv,RMUX33,5,3,RMUX39,6,3,5;8,X2Y3_RMUX81,6,codeword attributed to a uniquely vendor-used member
rrg_edges_full.csv,RMUX33,5,3,RMUX45,5,3,4;8,X2Y3_RMUX81,10,codeword attributed to a uniquely vendor-used member
rrg_edges_full.csv,RMUX33,5,4,RMUX45,5,4,4;8,X2Y4_RMUX81,9,codeword attributed to a uniquely vendor-used member
rrg_edges_full.csv,RMUX33,6,1,RMUX39,7,1,5;8,X3Y1_RMUX81,16,codeword attributed to a uniquely vendor-used member
rrg_edges_full.csv,RMUX33,6,1,RMUX45,6,1,4;8,X3Y1_RMUX81,29,codeword attributed to a uniquely vendor-used member
rrg_edges_full.csv,RMUX33,6,2,RMUX39,7,2,5;8,X3Y2_RMUX81,6,codeword attributed to a uniquely vendor-used member
rrg_edges_full.csv,RMUX33,6,2,RMUX45,6,2,4;8,X3Y2_RMUX81,19,codeword attributed to a uniquely vendor-used member
rrg_edges_full.csv,RMUX33,6,3,RMUX39,7,3,5;8,X3Y3_RMUX81,12,codeword attributed to a uniquely vendor-used member
rrg_edges_full.csv,RMUX33,6,3,RMUX45,6,3,4;8,X3Y3_RMUX81,26,codeword attributed to a uniquely vendor-used member
rrg_edges_full.csv,RMUX33,6,4,RMUX45,6,4,4;8,X3Y4_RMUX81,20,codeword attributed to a uniquely vendor-used member
rrg_edges_full.csv,RMUX33,7,1,RMUX39,8,1,5;8,X4Y1_RMUX81,17,codeword attributed to a uniquely vendor-used member
rrg_edges_full.csv,RMUX33,7,1,RMUX45,7,1,4;8,X4Y1_RMUX81,30,codeword attributed to a uniquely vendor-used member
rrg_edges_full.csv,RMUX33,7,2,RMUX39,8,2,5;8,X4Y2_RMUX81,8,codeword attributed to a uniquely vendor-used member
rrg_edges_full.csv,RMUX33,7,2,RMUX45,7,2,4;8,X4Y2_RMUX81,33,codeword attributed to a uniquely vendor-used member
rrg_edges_full.csv,RMUX33,7,3,RMUX39,8,3,5;8,X4Y3_RMUX81,7,codeword attributed to a uniquely vendor-used member
rrg_edges_full.csv,RMUX33,7,3,RMUX45,7,3,4;8,X4Y3_RMUX81,34,codeword attributed to a uniquely vendor-used member
rrg_edges_full.csv,RMUX33,7,4,RMUX45,7,4,4;8,X4Y4_RMUX81,25,codeword attributed to a uniquely vendor-used member
rrg_edges_full.csv,RMUX33,8,1,RMUX39,9,1,5;8,X5Y1_RMUX81,16,codeword attributed to a uniquely vendor-used member
rrg_edges_full.csv,RMUX33,8,1,RMUX45,8,1,4;8,X5Y1_RMUX81,44,codeword attributed to a uniquely vendor-used member
rrg_edges_full.csv,RMUX33,8,2,RMUX39,9,2,5;8,X5Y2_RMUX81,9,codeword attributed to a uniquely vendor-used member
rrg_edges_full.csv,RMUX33,8,2,RMUX45,8,2,4;8,X5Y2_RMUX81,31,codeword attributed to a uniquely vendor-used member
rrg_edges_full.csv,RMUX33,8,3,RMUX39,9,3,5;8,X5Y3_RMUX81,7,codeword attributed to a uniquely vendor-used member
rrg_edges_full.csv,RMUX33,8,3,RMUX45,8,3,4;8,X5Y3_RMUX81,38,codeword attributed to a uniquely vendor-used member
rrg_edges_full.csv,RMUX33,8,4,RMUX45,8,4,4;8,X5Y4_RMUX81,22,codeword attributed to a uniquely vendor-used member
rrg_edges_full.csv,RMUX33,9,1,RMUX39,10,1,5;8,X6Y1_RMUX81,14,codeword attributed to a uniquely vendor-used member
rrg_edges_full.csv,RMUX33,9,1,RMUX45,9,1,4;8,X6Y1_RMUX81,42,codeword attributed to a uniquely vendor-used member
rrg_edges_full.csv,RMUX33,9,2,RMUX39,10,2,5;8,X6Y2_RMUX81,8,codeword attributed to a uniquely vendor-used member
rrg_edges_full.csv,RMUX33,9,2,RMUX45,9,2,4;8,X6Y2_RMUX81,21,codeword attributed to a uniquely vendor-used member
rrg_edges_full.csv,RMUX33,9,3,RMUX39,10,3,5;8,X6Y3_RMUX81,23,codeword attributed to a uniquely vendor-used member
rrg_edges_full.csv,RMUX33,9,3,RMUX45,9,3,4;8,X6Y3_RMUX81,26,codeword attributed to a uniquely vendor-used member
rrg_edges_full.csv,RMUX33,9,4,RMUX45,9,4,4;8,X6Y4_RMUX81,26,codeword attributed to a uniquely vendor-used member
rrg_edges_full.csv,RMUX37,10,2,RMUX48,10,4,1;9,X10Y1_RMUX85,11,codeword attributed to a uniquely vendor-used member
rrg_edges_full.csv,RMUX37,11,2,RMUX48,11,4,1;9,X11Y1_RMUX85,9,codeword attributed to a uniquely vendor-used member
rrg_edges_full.csv,RMUX37,12,2,RMUX48,12,4,1;9,X12Y1_RMUX85,12,codeword attributed to a uniquely vendor-used member
rrg_edges_full.csv,RMUX37,14,10,RMUX49,14,11,2;9,X14Y7_RMUX85,3,codeword attributed to a uniquely vendor-used member
rrg_edges_full.csv,RMUX37,14,11,RMUX49,14,12,2;9,X14Y8_RMUX85,6,codeword attributed to a uniquely vendor-used member
rrg_edges_full.csv,RMUX37,15,10,RMUX48,15,12,1;9,X15Y9_RMUX85,9,codeword attributed to a uniquely vendor-used member
rrg_edges_full.csv,RMUX37,15,10,RMUX49,15,11,2;9,X15Y7_RMUX85,14,codeword attributed to a uniquely vendor-used member
rrg_edges_full.csv,RMUX37,15,11,RMUX49,15,12,2;9,X15Y8_RMUX85,14,codeword attributed to a uniquely vendor-used member
rrg_edges_full.csv,RMUX37,15,2,RMUX48,15,4,1;9,X15Y1_RMUX85,8,codeword attributed to a uniquely vendor-used member
rrg_edges_full.csv,RMUX37,15,3,RMUX48,15,5,1;9,X15Y2_RMUX85,13,codeword attributed to a uniquely vendor-used member
rrg_edges_full.csv,RMUX37,15,4,RMUX48,15,6,1;9,X15Y3_RMUX85,9,codeword attributed to a uniquely vendor-used member
rrg_edges_full.csv,RMUX37,15,4,RMUX49,15,5,2;9,X15Y1_RMUX85,13,codeword attributed to a uniquely vendor-used member
rrg_edges_full.csv,RMUX37,15,5,RMUX48,15,7,1;9,X15Y4_RMUX85,15,codeword attributed to a uniquely vendor-used member
rrg_edges_full.csv,RMUX37,15,5,RMUX49,15,6,2;9,X15Y2_RMUX85,7,codeword attributed to a uniquely vendor-used member
rrg_edges_full.csv,RMUX37,15,6,RMUX48,15,8,1;9,X15Y5_RMUX85,14,codeword attributed to a uniquely vendor-used member
rrg_edges_full.csv,RMUX37,15,6,RMUX49,15,7,2;9,X15Y3_RMUX85,8,codeword attributed to a uniquely vendor-used member
rrg_edges_full.csv,RMUX37,15,7,RMUX48,15,9,1;9,X15Y6_RMUX85,14,codeword attributed to a uniquely vendor-used member
rrg_edges_full.csv,RMUX37,15,7,RMUX49,15,8,2;9,X15Y4_RMUX85,12,codeword attributed to a uniquely vendor-used member
rrg_edges_full.csv,RMUX37,15,8,RMUX48,15,10,1;9,X15Y7_RMUX85,10,codeword attributed to a uniquely vendor-used member
rrg_edges_full.csv,RMUX37,15,8,RMUX49,15,9,2;9,X15Y5_RMUX85,17,codeword attributed to a uniquely vendor-used member
rrg_edges_full.csv,RMUX37,15,9,RMUX48,15,11,1;9,X15Y8_RMUX85,12,codeword attributed to a uniquely vendor-used member
rrg_edges_full.csv,RMUX37,15,9,RMUX49,15,10,2;9,X15Y6_RMUX85,14,codeword attributed to a uniquely vendor-used member
rrg_edges_full.csv,RMUX37,16,10,RMUX48,16,12,1;9,X16Y9_RMUX85,15,codeword attributed to a uniquely vendor-used member
rrg_edges_full.csv,RMUX37,16,10,RMUX49,16,11,2;9,X16Y7_RMUX85,44,codeword attributed to a uniquely vendor-used member
rrg_edges_full.csv,RMUX37,16,11,RMUX49,16,12,2;9,X16Y8_RMUX85,49,codeword attributed to a uniquely vendor-used member
rrg_edges_full.csv,RMUX37,16,2,RMUX48,16,4,1;9,X16Y1_RMUX85,10,codeword attributed to a uniquely vendor-used member
rrg_edges_full.csv,RMUX37,16,3,RMUX48,16,5,1;9,X16Y2_RMUX85,9,codeword attributed to a uniquely vendor-used member
rrg_edges_full.csv,RMUX37,16,4,RMUX48,16,6,1;9,X16Y3_RMUX85,12,codeword attributed to a uniquely vendor-used member
rrg_edges_full.csv,RMUX37,16,4,RMUX49,16,5,2;9,X16Y1_RMUX85,22,codeword attributed to a uniquely vendor-used member
rrg_edges_full.csv,RMUX37,16,5,RMUX48,16,7,1;9,X16Y4_RMUX85,11,codeword attributed to a uniquely vendor-used member
rrg_edges_full.csv,RMUX37,16,5,RMUX49,16,6,2;9,X16Y2_RMUX85,17,codeword attributed to a uniquely vendor-used member
rrg_edges_full.csv,RMUX37,16,6,RMUX48,16,8,1;9,X16Y5_RMUX85,13,codeword attributed to a uniquely vendor-used member
rrg_edges_full.csv,RMUX37,16,6,RMUX49,16,7,2;9,X16Y3_RMUX85,37,codeword attributed to a uniquely vendor-used member
rrg_edges_full.csv,RMUX37,16,7,RMUX48,16,9,1;9,X16Y6_RMUX85,18,codeword attributed to a uniquely vendor-used member
rrg_edges_full.csv,RMUX37,16,7,RMUX49,16,8,2;9,X16Y4_RMUX85,28,codeword attributed to a uniquely vendor-used member
rrg_edges_full.csv,RMUX37,16,8,RMUX48,16,10,1;9,X16Y7_RMUX85,13,codeword attributed to a uniquely vendor-used member
rrg_edges_full.csv,RMUX37,16,8,RMUX49,16,9,2;9,X16Y5_RMUX85,45,codeword attributed to a uniquely vendor-used member
rrg_edges_full.csv,RMUX37,16,9,RMUX48,16,11,1;9,X16Y8_RMUX85,8,codeword attributed to a uniquely vendor-used member
rrg_edges_full.csv,RMUX37,16,9,RMUX49,16,10,2;9,X16Y6_RMUX85,36,codeword attributed to a uniquely vendor-used member
rrg_edges_full.csv,RMUX37,17,10,RMUX48,17,12,1;9,X17Y9_RMUX85,15,codeword attributed to a uniquely vendor-used member
rrg_edges_full.csv,RMUX37,17,10,RMUX49,17,11,2;9,X17Y7_RMUX85,86,codeword attributed to a uniquely vendor-used member
rrg_edges_full.csv,RMUX37,17,11,RMUX49,17,12,2;9,X17Y8_RMUX85,54,codeword attributed to a uniquely vendor-used member
rrg_edges_full.csv,RMUX37,17,2,RMUX48,17,4,1;9,X17Y1_RMUX85,12,codeword attributed to a uniquely vendor-used member
rrg_edges_full.csv,RMUX37,17,3,RMUX48,17,5,1;9,X17Y2_RMUX85,16,codeword attributed to a uniquely vendor-used member
rrg_edges_full.csv,RMUX37,17,4,RMUX48,17,6,1;9,X17Y3_RMUX85,9,codeword attributed to a uniquely vendor-used member
rrg_edges_full.csv,RMUX37,17,4,RMUX49,17,5,2;9,X17Y1_RMUX85,32,codeword attributed to a uniquely vendor-used member
rrg_edges_full.csv,RMUX37,17,5,RMUX48,17,7,1;9,X17Y4_RMUX85,12,codeword attributed to a uniquely vendor-used member
rrg_edges_full.csv,RMUX37,17,5,RMUX49,17,6,2;9,X17Y2_RMUX85,26,codeword attributed to a uniquely vendor-used member
rrg_edges_full.csv,RMUX37,17,6,RMUX48,17,8,1;9,X17Y5_RMUX85,11,codeword attributed to a uniquely vendor-used member
rrg_edges_full.csv,RMUX37,17,6,RMUX49,17,7,2;9,X17Y3_RMUX85,36,codeword attributed to a uniquely vendor-used member
rrg_edges_full.csv,RMUX37,17,7,RMUX48,17,9,1;9,X17Y6_RMUX85,16,codeword attributed to a uniquely vendor-used member
rrg_edges_full.csv,RMUX37,17,7,RMUX49,17,8,2;9,X17Y4_RMUX85,49,codeword attributed to a uniquely vendor-used member
rrg_edges_full.csv,RMUX37,17,8,RMUX48,17,10,1;9,X17Y7_RMUX85,9,codeword attributed to a uniquely vendor-used member
rrg_edges_full.csv,RMUX37,17,8,RMUX49,17,9,2;9,X17Y5_RMUX85,77,codeword attributed to a uniquely vendor-used member
rrg_edges_full.csv,RMUX37,17,9,RMUX48,17,11,1;9,X17Y8_RMUX85,11,codeword attributed to a uniquely vendor-used member
rrg_edges_full.csv,RMUX37,17,9,RMUX49,17,10,2;9,X17Y6_RMUX85,59,codeword attributed to a uniquely vendor-used member
rrg_edges_full.csv,RMUX37,18,10,RMUX48,18,12,1;9,X18Y9_RMUX85,10,codeword attributed to a uniquely vendor-used member
rrg_edges_full.csv,RMUX37,18,10,RMUX49,18,11,2;9,X18Y7_RMUX85,91,codeword attributed to a uniquely vendor-used member
rrg_edges_full.csv,RMUX37,18,11,RMUX49,18,12,2;9,X18Y8_RMUX85,94,codeword attributed to a uniquely vendor-used member
rrg_edges_full.csv,RMUX37,18,2,RMUX48,18,4,1;9,X18Y1_RMUX85,8,codeword attributed to a uniquely vendor-used member
rrg_edges_full.csv,RMUX37,18,3,RMUX48,18,5,1;9,X18Y2_RMUX85,11,codeword attributed to a uniquely vendor-used member
rrg_edges_full.csv,RMUX37,18,4,RMUX48,18,6,1;9,X18Y3_RMUX85,7,codeword attributed to a uniquely vendor-used member
rrg_edges_full.csv,RMUX37,18,4,RMUX49,18,5,2;9,X18Y1_RMUX85,33,codeword attributed to a uniquely vendor-used member
rrg_edges_full.csv,RMUX37,18,5,RMUX48,18,7,1;9,X18Y4_RMUX85,9,codeword attributed to a uniquely vendor-used member
rrg_edges_full.csv,RMUX37,18,5,RMUX49,18,6,2;9,X18Y2_RMUX85,42,codeword attributed to a uniquely vendor-used member
rrg_edges_full.csv,RMUX37,18,6,RMUX48,18,8,1;9,X18Y5_RMUX85,6,codeword attributed to a uniquely vendor-used member
rrg_edges_full.csv,RMUX37,18,6,RMUX49,18,7,2;9,X18Y3_RMUX85,55,codeword attributed to a uniquely vendor-used member
rrg_edges_full.csv,RMUX37,18,7,RMUX48,18,9,1;9,X18Y6_RMUX85,10,codeword attributed to a uniquely vendor-used member
rrg_edges_full.csv,RMUX37,18,7,RMUX49,18,8,2;9,X18Y4_RMUX85,65,codeword attributed to a uniquely vendor-used member
rrg_edges_full.csv,RMUX37,18,8,RMUX48,18,10,1;9,X18Y7_RMUX85,10,codeword attributed to a uniquely vendor-used member
rrg_edges_full.csv,RMUX37,18,8,RMUX49,18,9,2;9,X18Y5_RMUX85,97,codeword attributed to a uniquely vendor-used member
rrg_edges_full.csv,RMUX37,18,9,RMUX48,18,11,1;9,X18Y8_RMUX85,9,codeword attributed to a uniquely vendor-used member
rrg_edges_full.csv,RMUX37,18,9,RMUX49,18,10,2;9,X18Y6_RMUX85,82,codeword attributed to a uniquely vendor-used member
rrg_edges_full.csv,RMUX37,19,10,RMUX48,19,12,1;9,X19Y9_RMUX85,7,codeword attributed to a uniquely vendor-used member
rrg_edges_full.csv,RMUX37,19,10,RMUX49,19,11,2;9,X19Y7_RMUX85,98,codeword attributed to a uniquely vendor-used member
rrg_edges_full.csv,RMUX37,19,11,RMUX49,19,12,2;9,X19Y8_RMUX85,84,codeword attributed to a uniquely vendor-used member
rrg_edges_full.csv,RMUX37,19,2,RMUX48,19,4,1;9,X19Y1_RMUX85,10,codeword attributed to a uniquely vendor-used member
rrg_edges_full.csv,RMUX37,19,3,RMUX48,19,5,1;9,X19Y2_RMUX85,4,codeword attributed to a uniquely vendor-used member
rrg_edges_full.csv,RMUX37,19,4,RMUX48,19,6,1;9,X19Y3_RMUX85,6,codeword attributed to a uniquely vendor-used member
rrg_edges_full.csv,RMUX37,19,4,RMUX49,19,5,2;9,X19Y1_RMUX85,34,codeword attributed to a uniquely vendor-used member
rrg_edges_full.csv,RMUX37,19,5,RMUX48,19,7,1;9,X19Y4_RMUX85,6,codeword attributed to a uniquely vendor-used member
rrg_edges_full.csv,RMUX37,19,5,RMUX49,19,6,2;9,X19Y2_RMUX85,43,codeword attributed to a uniquely vendor-used member
rrg_edges_full.csv,RMUX37,19,6,RMUX48,19,8,1;9,X19Y5_RMUX85,11,codeword attributed to a uniquely vendor-used member
rrg_edges_full.csv,RMUX37,19,6,RMUX49,19,7,2;9,X19Y3_RMUX85,58,codeword attributed to a uniquely vendor-used member
rrg_edges_full.csv,RMUX37,19,7,RMUX48,19,9,1;9,X19Y6_RMUX85,14,codeword attributed to a uniquely vendor-used member
rrg_edges_full.csv,RMUX37,19,7,RMUX49,19,8,2;9,X19Y4_RMUX85,60,codeword attributed to a uniquely vendor-used member
rrg_edges_full.csv,RMUX37,19,8,RMUX48,19,10,1;9,X19Y7_RMUX85,8,codeword attributed to a uniquely vendor-used member
rrg_edges_full.csv,RMUX37,19,8,RMUX49,19,9,2;9,X19Y5_RMUX85,84,codeword attributed to a uniquely vendor-used member
rrg_edges_full.csv,RMUX37,19,9,RMUX48,19,11,1;9,X19Y8_RMUX85,5,codeword attributed to a uniquely vendor-used member
rrg_edges_full.csv,RMUX37,19,9,RMUX49,19,10,2;9,X19Y6_RMUX85,73,codeword attributed to a uniquely vendor-used member
rrg_edges_full.csv,RMUX37,2,2,RMUX48,2,4,1;9,X2Y1_RMUX85,2,codeword attributed to a uniquely vendor-used member
rrg_edges_full.csv,RMUX37,20,10,RMUX48,20,12,1;9,X20Y9_RMUX85,4,codeword attributed to a uniquely vendor-used member
rrg_edges_full.csv,RMUX37,20,10,RMUX49,20,11,2;9,X20Y7_RMUX85,73,codeword attributed to a uniquely vendor-used member
rrg_edges_full.csv,RMUX37,20,11,RMUX49,20,12,2;9,X20Y8_RMUX85,62,codeword attributed to a uniquely vendor-used member
rrg_edges_full.csv,RMUX37,20,2,RMUX48,20,4,1;9,X20Y1_RMUX85,8,codeword attributed to a uniquely vendor-used member
rrg_edges_full.csv,RMUX37,20,3,RMUX48,20,5,1;9,X20Y2_RMUX85,10,codeword attributed to a uniquely vendor-used member
rrg_edges_full.csv,RMUX37,20,4,RMUX48,20,6,1;9,X20Y3_RMUX85,8,codeword attributed to a uniquely vendor-used member
rrg_edges_full.csv,RMUX37,20,4,RMUX49,20,5,2;9,X20Y1_RMUX85,49,codeword attributed to a uniquely vendor-used member
rrg_edges_full.csv,RMUX37,20,5,RMUX48,20,7,1;9,X20Y4_RMUX85,5,codeword attributed to a uniquely vendor-used member
rrg_edges_full.csv,RMUX37,20,5,RMUX49,20,6,2;9,X20Y2_RMUX85,28,codeword attributed to a uniquely vendor-used member
rrg_edges_full.csv,RMUX37,20,6,RMUX48,20,8,1;9,X20Y5_RMUX85,12,codeword attributed to a uniquely vendor-used member
rrg_edges_full.csv,RMUX37,20,6,RMUX49,20,7,2;9,X20Y3_RMUX85,56,codeword attributed to a uniquely vendor-used member
rrg_edges_full.csv,RMUX37,20,7,RMUX48,20,9,1;9,X20Y6_RMUX85,17,codeword attributed to a uniquely vendor-used member
rrg_edges_full.csv,RMUX37,20,7,RMUX49,20,8,2;9,X20Y4_RMUX85,50,codeword attributed to a uniquely vendor-used member
rrg_edges_full.csv,RMUX37,20,8,RMUX48,20,10,1;9,X20Y7_RMUX85,5,codeword attributed to a uniquely vendor-used member
rrg_edges_full.csv,RMUX37,20,8,RMUX49,20,9,2;9,X20Y5_RMUX85,63,codeword attributed to a uniquely vendor-used member
rrg_edges_full.csv,RMUX37,20,9,RMUX48,20,11,1;9,X20Y8_RMUX85,5,codeword attributed to a uniquely vendor-used member
rrg_edges_full.csv,RMUX37,20,9,RMUX49,20,10,2;9,X20Y6_RMUX85,52,codeword attributed to a uniquely vendor-used member
rrg_edges_full.csv,RMUX37,3,2,RMUX48,3,4,1;9,X3Y1_RMUX85,4,codeword attributed to a uniquely vendor-used member
rrg_edges_full.csv,RMUX37,4,2,RMUX48,4,4,1;9,X4Y1_RMUX85,5,codeword attributed to a uniquely vendor-used member
rrg_edges_full.csv,RMUX37,5,2,RMUX48,5,4,1;9,X5Y1_RMUX85,6,codeword attributed to a uniquely vendor-used member
rrg_edges_full.csv,RMUX37,6,2,RMUX48,6,4,1;9,X6Y1_RMUX85,8,codeword attributed to a uniquely vendor-used member
rrg_edges_full.csv,RMUX37,7,2,RMUX48,7,4,1;9,X7Y1_RMUX85,11,codeword attributed to a uniquely vendor-used member
rrg_edges_full.csv,RMUX37,8,2,RMUX48,8,4,1;9,X8Y1_RMUX85,7,codeword attributed to a uniquely vendor-used member
rrg_edges_full.csv,RMUX37,9,2,RMUX48,9,4,1;9,X9Y1_RMUX85,5,codeword attributed to a uniquely vendor-used member
rrg_edges_full.csv,RMUX38,11,1,RMUX50,10,1,1;8,X14Y1_RMUX86,3,codeword attributed to a uniquely vendor-used member
rrg_edges_full.csv,RMUX38,11,2,RMUX50,10,2,1;8,X14Y2_RMUX86,48,codeword attributed to a uniquely vendor-used member
rrg_edges_full.csv,RMUX38,11,3,RMUX50,10,3,1;8,X14Y3_RMUX86,40,codeword attributed to a uniquely vendor-used member
rrg_edges_full.csv,RMUX38,11,4,RMUX50,10,4,1;8,X14Y4_RMUX86,61,codeword attributed to a uniquely vendor-used member
rrg_edges_full.csv,RMUX38,12,1,RMUX50,11,1,1;8,X15Y1_RMUX86,6,codeword attributed to a uniquely vendor-used member
rrg_edges_full.csv,RMUX38,12,2,RMUX50,11,2,1;8,X15Y2_RMUX86,68,codeword attributed to a uniquely vendor-used member
rrg_edges_full.csv,RMUX38,12,3,RMUX50,11,3,1;8,X15Y3_RMUX86,42,codeword attributed to a uniquely vendor-used member
rrg_edges_full.csv,RMUX38,12,4,RMUX50,11,4,1;8,X15Y4_RMUX86,81,codeword attributed to a uniquely vendor-used member
rrg_edges_full.csv,RMUX38,15,1,RMUX50,14,1,1;8,X18Y1_RMUX86,3,codeword attributed to a uniquely vendor-used member
rrg_edges_full.csv,RMUX38,15,10,RMUX50,14,10,1;8,X18Y10_RMUX86,9,codeword attributed to a uniquely vendor-used member
rrg_edges_full.csv,RMUX38,15,11,RMUX50,14,11,1;8,X18Y11_RMUX86,7,codeword attributed to a uniquely vendor-used member
rrg_edges_full.csv,RMUX38,15,12,RMUX50,14,12,1;8,X18Y12_RMUX86,8,codeword attributed to a uniquely vendor-used member
rrg_edges_full.csv,RMUX38,15,2,RMUX50,14,2,1;8,X18Y2_RMUX86,36,codeword attributed to a uniquely vendor-used member
rrg_edges_full.csv,RMUX38,15,3,RMUX50,14,3,1;8,X18Y3_RMUX86,58,codeword attributed to a uniquely vendor-used member
rrg_edges_full.csv,RMUX38,15,4,RMUX50,14,4,1;8,X18Y4_RMUX86,71,codeword attributed to a uniquely vendor-used member
rrg_edges_full.csv,RMUX38,15,5,RMUX50,14,5,1;8,X18Y5_RMUX86,105,codeword attributed to a uniquely vendor-used member
rrg_edges_full.csv,RMUX38,15,6,RMUX50,14,6,1;8,X18Y6_RMUX86,77,codeword attributed to a uniquely vendor-used member
rrg_edges_full.csv,RMUX38,15,7,RMUX50,14,7,1;8,X18Y7_RMUX86,98,codeword attributed to a uniquely vendor-used member
rrg_edges_full.csv,RMUX38,15,8,RMUX50,14,8,1;8,X18Y8_RMUX86,76,codeword attributed to a uniquely vendor-used member
rrg_edges_full.csv,RMUX38,15,9,RMUX50,14,9,1;8,X18Y9_RMUX86,11,codeword attributed to a uniquely vendor-used member
rrg_edges_full.csv,RMUX38,16,1,RMUX50,15,1,1;8,X19Y1_RMUX86,3,codeword attributed to a uniquely vendor-used member
rrg_edges_full.csv,RMUX38,16,10,RMUX50,15,10,1;8,X19Y10_RMUX86,41,codeword attributed to a uniquely vendor-used member
rrg_edges_full.csv,RMUX38,16,11,RMUX50,15,11,1;8,X19Y11_RMUX86,34,codeword attributed to a uniquely vendor-used member
rrg_edges_full.csv,RMUX38,16,12,RMUX50,15,12,1;8,X19Y12_RMUX86,21,codeword attributed to a uniquely vendor-used member
rrg_edges_full.csv,RMUX38,16,2,RMUX50,15,2,1;8,X19Y2_RMUX86,54,codeword attributed to a uniquely vendor-used member
rrg_edges_full.csv,RMUX38,16,3,RMUX50,15,3,1;8,X19Y3_RMUX86,58,codeword attributed to a uniquely vendor-used member
rrg_edges_full.csv,RMUX38,16,4,RMUX50,15,4,1;8,X19Y4_RMUX86,76,codeword attributed to a uniquely vendor-used member
rrg_edges_full.csv,RMUX38,16,5,RMUX50,15,5,1;8,X19Y5_RMUX86,112,codeword attributed to a uniquely vendor-used member
rrg_edges_full.csv,RMUX38,16,6,RMUX50,15,6,1;8,X19Y6_RMUX86,64,codeword attributed to a uniquely vendor-used member
rrg_edges_full.csv,RMUX38,16,7,RMUX50,15,7,1;8,X19Y7_RMUX86,69,codeword attributed to a uniquely vendor-used member
rrg_edges_full.csv,RMUX38,16,8,RMUX50,15,8,1;8,X19Y8_RMUX86,73,codeword attributed to a uniquely vendor-used member
rrg_edges_full.csv,RMUX38,16,9,RMUX50,15,9,1;8,X19Y9_RMUX86,37,codeword attributed to a uniquely vendor-used member
rrg_edges_full.csv,RMUX38,17,1,RMUX50,16,1,1;8,X20Y1_RMUX86,3,codeword attributed to a uniquely vendor-used member
rrg_edges_full.csv,RMUX38,17,10,RMUX50,16,10,1;8,X20Y10_RMUX86,22,codeword attributed to a uniquely vendor-used member
rrg_edges_full.csv,RMUX38,17,11,RMUX50,16,11,1;8,X20Y11_RMUX86,19,codeword attributed to a uniquely vendor-used member
rrg_edges_full.csv,RMUX38,17,12,RMUX50,16,12,1;8,X20Y12_RMUX86,15,codeword attributed to a uniquely vendor-used member
rrg_edges_full.csv,RMUX38,17,2,RMUX50,16,2,1;8,X20Y2_RMUX86,36,codeword attributed to a uniquely vendor-used member
rrg_edges_full.csv,RMUX38,17,3,RMUX50,16,3,1;8,X20Y3_RMUX86,52,codeword attributed to a uniquely vendor-used member
rrg_edges_full.csv,RMUX38,17,4,RMUX50,16,4,1;8,X20Y4_RMUX86,62,codeword attributed to a uniquely vendor-used member
rrg_edges_full.csv,RMUX38,17,5,RMUX50,16,5,1;8,X20Y5_RMUX86,97,codeword attributed to a uniquely vendor-used member
rrg_edges_full.csv,RMUX38,17,6,RMUX50,16,6,1;8,X20Y6_RMUX86,81,codeword attributed to a uniquely vendor-used member
rrg_edges_full.csv,RMUX38,17,7,RMUX50,16,7,1;8,X20Y7_RMUX86,62,codeword attributed to a uniquely vendor-used member
rrg_edges_full.csv,RMUX38,17,8,RMUX50,16,8,1;8,X20Y8_RMUX86,59,codeword attributed to a uniquely vendor-used member
rrg_edges_full.csv,RMUX38,17,9,RMUX50,16,9,1;8,X20Y9_RMUX86,35,codeword attributed to a uniquely vendor-used member
rrg_edges_full.csv,RMUX38,2,1,RMUX50,1,1,1;8,X5Y1_RMUX86,2,codeword attributed to a uniquely vendor-used member
rrg_edges_full.csv,RMUX38,3,4,RMUX50,2,4,1;8,X6Y4_RMUX86,4,codeword attributed to a uniquely vendor-used member
rrg_edges_full.csv,RMUX38,4,1,RMUX50,3,1,1;8,X7Y1_RMUX86,2,codeword attributed to a uniquely vendor-used member
rrg_edges_full.csv,RMUX38,4,2,RMUX50,3,2,1;8,X7Y2_RMUX86,6,codeword attributed to a uniquely vendor-used member
rrg_edges_full.csv,RMUX38,4,3,RMUX50,3,3,1;8,X7Y3_RMUX86,5,codeword attributed to a uniquely vendor-used member
rrg_edges_full.csv,RMUX38,4,4,RMUX50,3,4,1;8,X7Y4_RMUX86,2,codeword attributed to a uniquely vendor-used member
rrg_edges_full.csv,RMUX38,5,2,RMUX50,4,2,1;8,X8Y2_RMUX86,14,codeword attributed to a uniquely vendor-used member
rrg_edges_full.csv,RMUX38,5,3,RMUX50,4,3,1;8,X8Y3_RMUX86,8,codeword attributed to a uniquely vendor-used member
rrg_edges_full.csv,RMUX38,5,4,RMUX50,4,4,1;8,X8Y4_RMUX86,16,codeword attributed to a uniquely vendor-used member
rrg_edges_full.csv,RMUX38,6,1,RMUX50,5,1,1;8,X9Y1_RMUX86,5,codeword attributed to a uniquely vendor-used member
rrg_edges_full.csv,RMUX38,6,2,RMUX50,5,2,1;8,X9Y2_RMUX86,4,codeword attributed to a uniquely vendor-used member
rrg_edges_full.csv,RMUX38,6,3,RMUX50,5,3,1;8,X9Y3_RMUX86,6,codeword attributed to a uniquely vendor-used member
rrg_edges_full.csv,RMUX38,6,4,RMUX50,5,4,1;8,X9Y4_RMUX86,9,codeword attributed to a uniquely vendor-used member
rrg_edges_full.csv,RMUX38,7,1,RMUX50,6,1,1;8,X10Y1_RMUX86,2,codeword attributed to a uniquely vendor-used member
rrg_edges_full.csv,RMUX38,7,2,RMUX50,6,2,1;8,X10Y2_RMUX86,22,codeword attributed to a uniquely vendor-used member
rrg_edges_full.csv,RMUX38,7,3,RMUX50,6,3,1;8,X10Y3_RMUX86,13,codeword attributed to a uniquely vendor-used member
rrg_edges_full.csv,RMUX38,7,4,RMUX50,6,4,1;8,X10Y4_RMUX86,13,codeword attributed to a uniquely vendor-used member
rrg_edges_full.csv,RMUX38,8,1,RMUX50,7,1,1;8,X11Y1_RMUX86,4,codeword attributed to a uniquely vendor-used member
rrg_edges_full.csv,RMUX38,8,2,RMUX50,7,2,1;8,X11Y2_RMUX86,18,codeword attributed to a uniquely vendor-used member
rrg_edges_full.csv,RMUX38,8,3,RMUX50,7,3,1;8,X11Y3_RMUX86,41,codeword attributed to a uniquely vendor-used member
rrg_edges_full.csv,RMUX38,8,4,RMUX50,7,4,1;8,X11Y4_RMUX86,35,codeword attributed to a uniquely vendor-used member
rrg_edges_full.csv,RMUX38,9,1,RMUX50,8,1,1;8,X12Y1_RMUX86,3,codeword attributed to a uniquely vendor-used member
rrg_edges_full.csv,RMUX38,9,2,RMUX50,8,2,1;8,X12Y2_RMUX86,44,codeword attributed to a uniquely vendor-used member
rrg_edges_full.csv,RMUX38,9,3,RMUX50,8,3,1;8,X12Y3_RMUX86,45,codeword attributed to a uniquely vendor-used member
rrg_edges_full.csv,RMUX38,9,4,RMUX50,8,4,1;8,X12Y4_RMUX86,61,codeword attributed to a uniquely vendor-used member
rrg_edges_full.csv,RMUX39,10,3,RMUX63,10,1,5;9,X10Y4_RMUX87,16,codeword attributed to a uniquely vendor-used member
rrg_edges_full.csv,RMUX39,11,3,RMUX63,11,1,5;9,X11Y4_RMUX87,20,codeword attributed to a uniquely vendor-used member
rrg_edges_full.csv,RMUX39,12,3,RMUX63,12,1,5;9,X12Y4_RMUX87,15,codeword attributed to a uniquely vendor-used member
rrg_edges_full.csv,RMUX39,14,2,RMUX52,14,1,6;9,X14Y5_RMUX87,57,codeword attributed to a uniquely vendor-used member
rrg_edges_full.csv,RMUX39,14,2,RMUX53,14,1,6;9,X14Y5_RMUX87,54,codeword attributed to a uniquely vendor-used member
rrg_edges_full.csv,RMUX39,14,2,RMUX58,14,1,6;9,X14Y5_RMUX87,34,codeword attributed to a uniquely vendor-used member
rrg_edges_full.csv,RMUX39,14,3,RMUX53,14,2,6;9,X14Y6_RMUX87,61,codeword attributed to a uniquely vendor-used member
rrg_edges_full.csv,RMUX39,14,3,RMUX58,14,2,6;9,X14Y6_RMUX87,30,codeword attributed to a uniquely vendor-used member
rrg_edges_full.csv,RMUX39,14,3,RMUX63,14,1,5;9,X14Y4_RMUX87,31,codeword attributed to a uniquely vendor-used member
rrg_edges_full.csv,RMUX39,14,4,RMUX53,14,3,6;9,X14Y7_RMUX87,82,codeword attributed to a uniquely vendor-used member
rrg_edges_full.csv,RMUX39,14,4,RMUX58,14,3,6;9,X14Y7_RMUX87,49,codeword attributed to a uniquely vendor-used member
rrg_edges_full.csv,RMUX39,14,4,RMUX63,14,2,5;9,X14Y5_RMUX87,81,codeword attributed to a uniquely vendor-used member
rrg_edges_full.csv,RMUX39,14,5,RMUX53,14,4,6;9,X14Y8_RMUX87,61,codeword attributed to a uniquely vendor-used member
rrg_edges_full.csv,RMUX39,14,5,RMUX58,14,4,6;9,X14Y8_RMUX87,29,codeword attributed to a uniquely vendor-used member
rrg_edges_full.csv,RMUX39,14,5,RMUX63,14,3,5;9,X14Y6_RMUX87,84,codeword attributed to a uniquely vendor-used member
rrg_edges_full.csv,RMUX39,14,6,RMUX53,14,5,6;9,X14Y9_RMUX87,52,codeword attributed to a uniquely vendor-used member
rrg_edges_full.csv,RMUX39,14,6,RMUX58,14,5,6;9,X14Y9_RMUX87,32,codeword attributed to a uniquely vendor-used member
rrg_edges_full.csv,RMUX39,14,6,RMUX63,14,4,5;9,X14Y7_RMUX87,83,codeword attributed to a uniquely vendor-used member
rrg_edges_full.csv,RMUX39,14,7,RMUX53,14,6,6;9,X14Y10_RMUX87,42,codeword attributed to a uniquely vendor-used member
rrg_edges_full.csv,RMUX39,14,7,RMUX58,14,6,6;9,X14Y10_RMUX87,16,codeword attributed to a uniquely vendor-used member
rrg_edges_full.csv,RMUX39,14,8,RMUX53,14,7,6;9,X14Y11_RMUX87,31,codeword attributed to a uniquely vendor-used member
rrg_edges_full.csv,RMUX39,14,8,RMUX58,14,7,6;9,X14Y11_RMUX87,18,codeword attributed to a uniquely vendor-used member
rrg_edges_full.csv,RMUX39,14,9,RMUX53,14,8,6;9,X14Y12_RMUX87,18,codeword attributed to a uniquely vendor-used member
rrg_edges_full.csv,RMUX39,14,9,RMUX58,14,8,6;9,X14Y12_RMUX87,10,codeword attributed to a uniquely vendor-used member
rrg_edges_full.csv,RMUX39,15,10,RMUX63,15,8,5;9,X15Y11_RMUX87,4,codeword attributed to a uniquely vendor-used member
rrg_edges_full.csv,RMUX39,15,11,RMUX63,15,9,5;9,X15Y12_RMUX87,8,codeword attributed to a uniquely vendor-used member
rrg_edges_full.csv,RMUX39,15,2,RMUX52,15,1,6;9,X15Y5_RMUX87,53,codeword attributed to a uniquely vendor-used member
rrg_edges_full.csv,RMUX39,15,2,RMUX53,15,1,6;9,X15Y5_RMUX87,76,codeword attributed to a uniquely vendor-used member
rrg_edges_full.csv,RMUX39,15,2,RMUX58,15,1,6;9,X15Y5_RMUX87,53,codeword attributed to a uniquely vendor-used member
rrg_edges_full.csv,RMUX39,15,3,RMUX53,15,2,6;9,X15Y6_RMUX87,72,codeword attributed to a uniquely vendor-used member
rrg_edges_full.csv,RMUX39,15,3,RMUX58,15,2,6;9,X15Y6_RMUX87,33,codeword attributed to a uniquely vendor-used member
rrg_edges_full.csv,RMUX39,15,3,RMUX63,15,1,5;9,X15Y4_RMUX87,51,codeword attributed to a uniquely vendor-used member
rrg_edges_full.csv,RMUX39,15,4,RMUX52,15,3,6;9,X15Y7_RMUX87,47,codeword attributed to a uniquely vendor-used member
rrg_edges_full.csv,RMUX39,15,4,RMUX53,15,3,6;9,X15Y7_RMUX87,104,codeword attributed to a uniquely vendor-used member
rrg_edges_full.csv,RMUX39,15,4,RMUX58,15,3,6;9,X15Y7_RMUX87,42,codeword attributed to a uniquely vendor-used member
rrg_edges_full.csv,RMUX39,15,4,RMUX63,15,2,5;9,X15Y5_RMUX87,73,codeword attributed to a uniquely vendor-used member
rrg_edges_full.csv,RMUX39,15,5,RMUX52,15,4,6;9,X15Y8_RMUX87,35,codeword attributed to a uniquely vendor-used member
rrg_edges_full.csv,RMUX39,15,5,RMUX53,15,4,6;9,X15Y8_RMUX87,79,codeword attributed to a uniquely vendor-used member
rrg_edges_full.csv,RMUX39,15,5,RMUX58,15,4,6;9,X15Y8_RMUX87,38,codeword attributed to a uniquely vendor-used member
rrg_edges_full.csv,RMUX39,15,5,RMUX63,15,3,5;9,X15Y6_RMUX87,86,codeword attributed to a uniquely vendor-used member
rrg_edges_full.csv,RMUX39,15,6,RMUX53,15,5,6;9,X15Y9_RMUX87,74,codeword attributed to a uniquely vendor-used member
rrg_edges_full.csv,RMUX39,15,6,RMUX58,15,5,6;9,X15Y9_RMUX87,33,codeword attributed to a uniquely vendor-used member
rrg_edges_full.csv,RMUX39,15,6,RMUX63,15,4,5;9,X15Y7_RMUX87,96,codeword attributed to a uniquely vendor-used member
rrg_edges_full.csv,RMUX39,15,7,RMUX53,15,6,6;9,X15Y10_RMUX87,44,codeword attributed to a uniquely vendor-used member
rrg_edges_full.csv,RMUX39,15,7,RMUX58,15,6,6;9,X15Y10_RMUX87,17,codeword attributed to a uniquely vendor-used member
rrg_edges_full.csv,RMUX39,15,7,RMUX63,15,5,5;9,X15Y8_RMUX87,10,codeword attributed to a uniquely vendor-used member
rrg_edges_full.csv,RMUX39,15,8,RMUX53,15,7,6;9,X15Y11_RMUX87,38,codeword attributed to a uniquely vendor-used member
rrg_edges_full.csv,RMUX39,15,8,RMUX58,15,7,6;9,X15Y11_RMUX87,25,codeword attributed to a uniquely vendor-used member
rrg_edges_full.csv,RMUX39,15,8,RMUX63,15,6,5;9,X15Y9_RMUX87,10,codeword attributed to a uniquely vendor-used member
rrg_edges_full.csv,RMUX39,15,9,RMUX52,15,8,6;9,X15Y12_RMUX87,21,codeword attributed to a uniquely vendor-used member
rrg_edges_full.csv,RMUX39,15,9,RMUX53,15,8,6;9,X15Y12_RMUX87,16,codeword attributed to a uniquely vendor-used member
rrg_edges_full.csv,RMUX39,15,9,RMUX58,15,8,6;9,X15Y12_RMUX87,9,codeword attributed to a uniquely vendor-used member
rrg_edges_full.csv,RMUX39,15,9,RMUX63,15,7,5;9,X15Y10_RMUX87,10,codeword attributed to a uniquely vendor-used member
rrg_edges_full.csv,RMUX39,16,10,RMUX63,16,8,5;9,X16Y11_RMUX87,14,codeword attributed to a uniquely vendor-used member
rrg_edges_full.csv,RMUX39,16,11,RMUX63,16,9,5;9,X16Y12_RMUX87,10,codeword attributed to a uniquely vendor-used member
rrg_edges_full.csv,RMUX39,16,2,RMUX52,16,1,6;9,X16Y5_RMUX87,54,codeword attributed to a uniquely vendor-used member
rrg_edges_full.csv,RMUX39,16,2,RMUX53,16,1,6;9,X16Y5_RMUX87,93,codeword attributed to a uniquely vendor-used member
rrg_edges_full.csv,RMUX39,16,2,RMUX58,16,1,6;9,X16Y5_RMUX87,59,codeword attributed to a uniquely vendor-used member
rrg_edges_full.csv,RMUX39,16,3,RMUX52,16,2,6;9,X16Y6_RMUX87,36,codeword attributed to a uniquely vendor-used member
rrg_edges_full.csv,RMUX39,16,3,RMUX53,16,2,6;9,X16Y6_RMUX87,71,codeword attributed to a uniquely vendor-used member
rrg_edges_full.csv,RMUX39,16,3,RMUX58,16,2,6;9,X16Y6_RMUX87,47,codeword attributed to a uniquely vendor-used member
rrg_edges_full.csv,RMUX39,16,3,RMUX63,16,1,5;9,X16Y4_RMUX87,39,codeword attributed to a uniquely vendor-used member
rrg_edges_full.csv,RMUX39,16,4,RMUX53,16,3,6;9,X16Y7_RMUX87,116,codeword attributed to a uniquely vendor-used member
rrg_edges_full.csv,RMUX39,16,4,RMUX58,16,3,6;9,X16Y7_RMUX87,67,codeword attributed to a uniquely vendor-used member
rrg_edges_full.csv,RMUX39,16,4,RMUX63,16,2,5;9,X16Y5_RMUX87,58,codeword attributed to a uniquely vendor-used member
rrg_edges_full.csv,RMUX39,16,5,RMUX53,16,4,6;9,X16Y8_RMUX87,108,codeword attributed to a uniquely vendor-used member
rrg_edges_full.csv,RMUX39,16,5,RMUX58,16,4,6;9,X16Y8_RMUX87,64,codeword attributed to a uniquely vendor-used member
rrg_edges_full.csv,RMUX39,16,5,RMUX63,16,3,5;9,X16Y6_RMUX87,78,codeword attributed to a uniquely vendor-used member
rrg_edges_full.csv,RMUX39,16,6,RMUX53,16,5,6;9,X16Y9_RMUX87,72,codeword attributed to a uniquely vendor-used member
rrg_edges_full.csv,RMUX39,16,6,RMUX58,16,5,6;9,X16Y9_RMUX87,35,codeword attributed to a uniquely vendor-used member
rrg_edges_full.csv,RMUX39,16,6,RMUX63,16,4,5;9,X16Y7_RMUX87,81,codeword attributed to a uniquely vendor-used member
rrg_edges_full.csv,RMUX39,16,7,RMUX53,16,6,6;9,X16Y10_RMUX87,58,codeword attributed to a uniquely vendor-used member
rrg_edges_full.csv,RMUX39,16,7,RMUX58,16,6,6;9,X16Y10_RMUX87,20,codeword attributed to a uniquely vendor-used member
rrg_edges_full.csv,RMUX39,16,7,RMUX63,16,5,5;9,X16Y8_RMUX87,20,codeword attributed to a uniquely vendor-used member
rrg_edges_full.csv,RMUX39,16,8,RMUX53,16,7,6;9,X16Y11_RMUX87,35,codeword attributed to a uniquely vendor-used member
rrg_edges_full.csv,RMUX39,16,8,RMUX58,16,7,6;9,X16Y11_RMUX87,26,codeword attributed to a uniquely vendor-used member
rrg_edges_full.csv,RMUX39,16,8,RMUX63,16,6,5;9,X16Y9_RMUX87,19,codeword attributed to a uniquely vendor-used member
rrg_edges_full.csv,RMUX39,16,9,RMUX53,16,8,6;9,X16Y12_RMUX87,11,codeword attributed to a uniquely vendor-used member
rrg_edges_full.csv,RMUX39,16,9,RMUX58,16,8,6;9,X16Y12_RMUX87,13,codeword attributed to a uniquely vendor-used member
rrg_edges_full.csv,RMUX39,16,9,RMUX63,16,7,5;9,X16Y10_RMUX87,12,codeword attributed to a uniquely vendor-used member
rrg_edges_full.csv,RMUX39,17,10,RMUX63,17,8,5;9,X17Y11_RMUX87,10,codeword attributed to a uniquely vendor-used member
rrg_edges_full.csv,RMUX39,17,11,RMUX63,17,9,5;9,X17Y12_RMUX87,14,codeword attributed to a uniquely vendor-used member
rrg_edges_full.csv,RMUX39,17,2,RMUX52,17,1,6;9,X17Y5_RMUX87,57,codeword attributed to a uniquely vendor-used member
rrg_edges_full.csv,RMUX39,17,2,RMUX53,17,1,6;9,X17Y5_RMUX87,79,codeword attributed to a uniquely vendor-used member
rrg_edges_full.csv,RMUX39,17,2,RMUX58,17,1,6;9,X17Y5_RMUX87,53,codeword attributed to a uniquely vendor-used member
rrg_edges_full.csv,RMUX39,17,3,RMUX53,17,2,6;9,X17Y6_RMUX87,78,codeword attributed to a uniquely vendor-used member
rrg_edges_full.csv,RMUX39,17,3,RMUX58,17,2,6;9,X17Y6_RMUX87,45,codeword attributed to a uniquely vendor-used member
rrg_edges_full.csv,RMUX39,17,3,RMUX63,17,1,5;9,X17Y4_RMUX87,40,codeword attributed to a uniquely vendor-used member
rrg_edges_full.csv,RMUX39,17,4,RMUX52,17,3,6;9,X17Y7_RMUX87,92,codeword attributed to a uniquely vendor-used member
rrg_edges_full.csv,RMUX39,17,4,RMUX53,17,3,6;9,X17Y7_RMUX87,146,codeword attributed to a uniquely vendor-used member
rrg_edges_full.csv,RMUX39,17,4,RMUX58,17,3,6;9,X17Y7_RMUX87,80,codeword attributed to a uniquely vendor-used member
rrg_edges_full.csv,RMUX39,17,4,RMUX63,17,2,5;9,X17Y5_RMUX87,47,codeword attributed to a uniquely vendor-used member
rrg_edges_full.csv,RMUX39,17,5,RMUX52,17,4,6;9,X17Y8_RMUX87,75,codeword attributed to a uniquely vendor-used member
rrg_edges_full.csv,RMUX39,17,5,RMUX53,17,4,6;9,X17Y8_RMUX87,138,codeword attributed to a uniquely vendor-used member
rrg_edges_full.csv,RMUX39,17,5,RMUX58,17,4,6;9,X17Y8_RMUX87,75,codeword attributed to a uniquely vendor-used member
rrg_edges_full.csv,RMUX39,17,5,RMUX63,17,3,5;9,X17Y6_RMUX87,59,codeword attributed to a uniquely vendor-used member
rrg_edges_full.csv,RMUX39,17,6,RMUX52,17,5,6;9,X17Y9_RMUX87,44,codeword attributed to a uniquely vendor-used member
rrg_edges_full.csv,RMUX39,17,6,RMUX53,17,5,6;9,X17Y9_RMUX87,79,codeword attributed to a uniquely vendor-used member
rrg_edges_full.csv,RMUX39,17,6,RMUX58,17,5,6;9,X17Y9_RMUX87,46,codeword attributed to a uniquely vendor-used member
rrg_edges_full.csv,RMUX39,17,6,RMUX63,17,4,5;9,X17Y7_RMUX87,71,codeword attributed to a uniquely vendor-used member
rrg_edges_full.csv,RMUX39,17,7,RMUX52,17,6,6;9,X17Y10_RMUX87,22,codeword attributed to a uniquely vendor-used member
rrg_edges_full.csv,RMUX39,17,7,RMUX53,17,6,6;9,X17Y10_RMUX87,69,codeword attributed to a uniquely vendor-used member
rrg_edges_full.csv,RMUX39,17,7,RMUX58,17,6,6;9,X17Y10_RMUX87,24,codeword attributed to a uniquely vendor-used member
rrg_edges_full.csv,RMUX39,17,7,RMUX63,17,5,5;9,X17Y8_RMUX87,24,codeword attributed to a uniquely vendor-used member
rrg_edges_full.csv,RMUX39,17,8,RMUX53,17,7,6;9,X17Y11_RMUX87,44,codeword attributed to a uniquely vendor-used member
rrg_edges_full.csv,RMUX39,17,8,RMUX58,17,7,6;9,X17Y11_RMUX87,19,codeword attributed to a uniquely vendor-used member
rrg_edges_full.csv,RMUX39,17,8,RMUX63,17,6,5;9,X17Y9_RMUX87,14,codeword attributed to a uniquely vendor-used member
rrg_edges_full.csv,RMUX39,17,9,RMUX53,17,8,6;9,X17Y12_RMUX87,22,codeword attributed to a uniquely vendor-used member
rrg_edges_full.csv,RMUX39,17,9,RMUX58,17,8,6;9,X17Y12_RMUX87,8,codeword attributed to a uniquely vendor-used member
rrg_edges_full.csv,RMUX39,17,9,RMUX63,17,7,5;9,X17Y10_RMUX87,13,codeword attributed to a uniquely vendor-used member
rrg_edges_full.csv,RMUX39,18,10,RMUX63,18,8,5;9,X18Y11_RMUX87,12,codeword attributed to a uniquely vendor-used member
rrg_edges_full.csv,RMUX39,18,11,RMUX63,18,9,5;9,X18Y12_RMUX87,20,codeword attributed to a uniquely vendor-used member
rrg_edges_full.csv,RMUX39,18,2,RMUX53,18,1,6;9,X18Y5_RMUX87,95,codeword attributed to a uniquely vendor-used member
rrg_edges_full.csv,RMUX39,18,2,RMUX58,18,1,6;9,X18Y5_RMUX87,52,codeword attributed to a uniquely vendor-used member
rrg_edges_full.csv,RMUX39,18,3,RMUX53,18,2,6;9,X18Y6_RMUX87,72,codeword attributed to a uniquely vendor-used member
rrg_edges_full.csv,RMUX39,18,3,RMUX58,18,2,6;9,X18Y6_RMUX87,40,codeword attributed to a uniquely vendor-used member
rrg_edges_full.csv,RMUX39,18,3,RMUX63,18,1,5;9,X18Y4_RMUX87,42,codeword attributed to a uniquely vendor-used member
rrg_edges_full.csv,RMUX39,18,4,RMUX53,18,3,6;9,X18Y7_RMUX87,106,codeword attributed to a uniquely vendor-used member
rrg_edges_full.csv,RMUX39,18,4,RMUX58,18,3,6;9,X18Y7_RMUX87,87,codeword attributed to a uniquely vendor-used member
rrg_edges_full.csv,RMUX39,18,4,RMUX63,18,2,5;9,X18Y5_RMUX87,38,codeword attributed to a uniquely vendor-used member
rrg_edges_full.csv,RMUX39,18,5,RMUX53,18,4,6;9,X18Y8_RMUX87,108,codeword attributed to a uniquely vendor-used member
rrg_edges_full.csv,RMUX39,18,5,RMUX58,18,4,6;9,X18Y8_RMUX87,81,codeword attributed to a uniquely vendor-used member
rrg_edges_full.csv,RMUX39,18,5,RMUX63,18,3,5;9,X18Y6_RMUX87,30,codeword attributed to a uniquely vendor-used member
rrg_edges_full.csv,RMUX39,18,6,RMUX52,18,5,6;9,X18Y9_RMUX87,34,codeword attributed to a uniquely vendor-used member
rrg_edges_full.csv,RMUX39,18,6,RMUX53,18,5,6;9,X18Y9_RMUX87,62,codeword attributed to a uniquely vendor-used member
rrg_edges_full.csv,RMUX39,18,6,RMUX58,18,5,6;9,X18Y9_RMUX87,40,codeword attributed to a uniquely vendor-used member
rrg_edges_full.csv,RMUX39,18,6,RMUX63,18,4,5;9,X18Y7_RMUX87,38,codeword attributed to a uniquely vendor-used member
rrg_edges_full.csv,RMUX39,18,7,RMUX52,18,6,6;9,X18Y10_RMUX87,13,codeword attributed to a uniquely vendor-used member
rrg_edges_full.csv,RMUX39,18,7,RMUX53,18,6,6;9,X18Y10_RMUX87,47,codeword attributed to a uniquely vendor-used member
rrg_edges_full.csv,RMUX39,18,7,RMUX58,18,6,6;9,X18Y10_RMUX87,22,codeword attributed to a uniquely vendor-used member
rrg_edges_full.csv,RMUX39,18,7,RMUX63,18,5,5;9,X18Y8_RMUX87,22,codeword attributed to a uniquely vendor-used member
rrg_edges_full.csv,RMUX39,18,8,RMUX53,18,7,6;9,X18Y11_RMUX87,38,codeword attributed to a uniquely vendor-used member
rrg_edges_full.csv,RMUX39,18,8,RMUX58,18,7,6;9,X18Y11_RMUX87,22,codeword attributed to a uniquely vendor-used member
rrg_edges_full.csv,RMUX39,18,8,RMUX63,18,6,5;9,X18Y9_RMUX87,26,codeword attributed to a uniquely vendor-used member
rrg_edges_full.csv,RMUX39,18,9,RMUX53,18,8,6;9,X18Y12_RMUX87,37,codeword attributed to a uniquely vendor-used member
rrg_edges_full.csv,RMUX39,18,9,RMUX58,18,8,6;9,X18Y12_RMUX87,10,codeword attributed to a uniquely vendor-used member
rrg_edges_full.csv,RMUX39,18,9,RMUX63,18,7,5;9,X18Y10_RMUX87,24,codeword attributed to a uniquely vendor-used member
rrg_edges_full.csv,RMUX39,19,10,RMUX63,19,8,5;9,X19Y11_RMUX87,32,codeword attributed to a uniquely vendor-used member
rrg_edges_full.csv,RMUX39,19,11,RMUX63,19,9,5;9,X19Y12_RMUX87,15,codeword attributed to a uniquely vendor-used member
rrg_edges_full.csv,RMUX39,19,2,RMUX53,19,1,6;9,X19Y5_RMUX87,159,codeword attributed to a uniquely vendor-used member
rrg_edges_full.csv,RMUX39,19,2,RMUX58,19,1,6;9,X19Y5_RMUX87,61,codeword attributed to a uniquely vendor-used member
rrg_edges_full.csv,RMUX39,19,3,RMUX53,19,2,6;9,X19Y6_RMUX87,146,codeword attributed to a uniquely vendor-used member
rrg_edges_full.csv,RMUX39,19,3,RMUX58,19,2,6;9,X19Y6_RMUX87,46,codeword attributed to a uniquely vendor-used member
rrg_edges_full.csv,RMUX39,19,3,RMUX63,19,1,5;9,X19Y4_RMUX87,34,codeword attributed to a uniquely vendor-used member
rrg_edges_full.csv,RMUX39,19,4,RMUX53,19,3,6;9,X19Y7_RMUX87,191,codeword attributed to a uniquely vendor-used member
rrg_edges_full.csv,RMUX39,19,4,RMUX58,19,3,6;9,X19Y7_RMUX87,60,codeword attributed to a uniquely vendor-used member
rrg_edges_full.csv,RMUX39,19,4,RMUX63,19,2,5;9,X19Y5_RMUX87,25,codeword attributed to a uniquely vendor-used member
rrg_edges_full.csv,RMUX39,19,5,RMUX53,19,4,6;9,X19Y8_RMUX87,129,codeword attributed to a uniquely vendor-used member
rrg_edges_full.csv,RMUX39,19,5,RMUX58,19,4,6;9,X19Y8_RMUX87,67,codeword attributed to a uniquely vendor-used member
rrg_edges_full.csv,RMUX39,19,5,RMUX63,19,3,5;9,X19Y6_RMUX87,20,codeword attributed to a uniquely vendor-used member
rrg_edges_full.csv,RMUX39,19,6,RMUX53,19,5,6;9,X19Y9_RMUX87,69,codeword attributed to a uniquely vendor-used member
rrg_edges_full.csv,RMUX39,19,6,RMUX58,19,5,6;9,X19Y9_RMUX87,42,codeword attributed to a uniquely vendor-used member
rrg_edges_full.csv,RMUX39,19,6,RMUX63,19,4,5;9,X19Y7_RMUX87,35,codeword attributed to a uniquely vendor-used member
rrg_edges_full.csv,RMUX39,19,7,RMUX53,19,6,6;9,X19Y10_RMUX87,39,codeword attributed to a uniquely vendor-used member
rrg_edges_full.csv,RMUX39,19,7,RMUX58,19,6,6;9,X19Y10_RMUX87,24,codeword attributed to a uniquely vendor-used member
rrg_edges_full.csv,RMUX39,19,7,RMUX63,19,5,5;9,X19Y8_RMUX87,24,codeword attributed to a uniquely vendor-used member
rrg_edges_full.csv,RMUX39,19,8,RMUX52,19,7,6;9,X19Y11_RMUX87,20,codeword attributed to a uniquely vendor-used member
rrg_edges_full.csv,RMUX39,19,8,RMUX53,19,7,6;9,X19Y11_RMUX87,30,codeword attributed to a uniquely vendor-used member
rrg_edges_full.csv,RMUX39,19,8,RMUX58,19,7,6;9,X19Y11_RMUX87,15,codeword attributed to a uniquely vendor-used member
rrg_edges_full.csv,RMUX39,19,8,RMUX63,19,6,5;9,X19Y9_RMUX87,23,codeword attributed to a uniquely vendor-used member
rrg_edges_full.csv,RMUX39,19,9,RMUX53,19,8,6;9,X19Y12_RMUX87,25,codeword attributed to a uniquely vendor-used member
rrg_edges_full.csv,RMUX39,19,9,RMUX58,19,8,6;9,X19Y12_RMUX87,11,codeword attributed to a uniquely vendor-used member
rrg_edges_full.csv,RMUX39,19,9,RMUX63,19,7,5;9,X19Y10_RMUX87,17,codeword attributed to a uniquely vendor-used member
rrg_edges_full.csv,RMUX39,2,3,RMUX63,2,1,5;9,X2Y4_RMUX87,3,codeword attributed to a uniquely vendor-used member
rrg_edges_full.csv,RMUX39,20,10,RMUX63,20,8,5;9,X20Y11_RMUX87,14,codeword attributed to a uniquely vendor-used member
rrg_edges_full.csv,RMUX39,20,11,RMUX63,20,9,5;9,X20Y12_RMUX87,6,codeword attributed to a uniquely vendor-used member
rrg_edges_full.csv,RMUX39,20,2,RMUX53,20,1,6;9,X20Y5_RMUX87,105,codeword attributed to a uniquely vendor-used member
rrg_edges_full.csv,RMUX39,20,2,RMUX58,20,1,6;9,X20Y5_RMUX87,55,codeword attributed to a uniquely vendor-used member
rrg_edges_full.csv,RMUX39,20,3,RMUX53,20,2,6;9,X20Y6_RMUX87,95,codeword attributed to a uniquely vendor-used member
rrg_edges_full.csv,RMUX39,20,3,RMUX58,20,2,6;9,X20Y6_RMUX87,45,codeword attributed to a uniquely vendor-used member
rrg_edges_full.csv,RMUX39,20,3,RMUX63,20,1,5;9,X20Y4_RMUX87,35,codeword attributed to a uniquely vendor-used member
rrg_edges_full.csv,RMUX39,20,4,RMUX53,20,3,6;9,X20Y7_RMUX87,89,codeword attributed to a uniquely vendor-used member
rrg_edges_full.csv,RMUX39,20,4,RMUX58,20,3,6;9,X20Y7_RMUX87,53,codeword attributed to a uniquely vendor-used member
rrg_edges_full.csv,RMUX39,20,4,RMUX63,20,2,5;9,X20Y5_RMUX87,28,codeword attributed to a uniquely vendor-used member
rrg_edges_full.csv,RMUX39,20,5,RMUX53,20,4,6;9,X20Y8_RMUX87,44,codeword attributed to a uniquely vendor-used member
rrg_edges_full.csv,RMUX39,20,5,RMUX58,20,4,6;9,X20Y8_RMUX87,35,codeword attributed to a uniquely vendor-used member
rrg_edges_full.csv,RMUX39,20,5,RMUX63,20,3,5;9,X20Y6_RMUX87,33,codeword attributed to a uniquely vendor-used member
rrg_edges_full.csv,RMUX39,20,6,RMUX53,20,5,6;9,X20Y9_RMUX87,50,codeword attributed to a uniquely vendor-used member
rrg_edges_full.csv,RMUX39,20,6,RMUX58,20,5,6;9,X20Y9_RMUX87,37,codeword attributed to a uniquely vendor-used member
rrg_edges_full.csv,RMUX39,20,6,RMUX63,20,4,5;9,X20Y7_RMUX87,33,codeword attributed to a uniquely vendor-used member
rrg_edges_full.csv,RMUX39,20,7,RMUX53,20,6,6;9,X20Y10_RMUX87,39,codeword attributed to a uniquely vendor-used member
rrg_edges_full.csv,RMUX39,20,7,RMUX58,20,6,6;9,X20Y10_RMUX87,25,codeword attributed to a uniquely vendor-used member
rrg_edges_full.csv,RMUX39,20,7,RMUX63,20,5,5;9,X20Y8_RMUX87,24,codeword attributed to a uniquely vendor-used member
rrg_edges_full.csv,RMUX39,20,8,RMUX53,20,7,6;9,X20Y11_RMUX87,22,codeword attributed to a uniquely vendor-used member
rrg_edges_full.csv,RMUX39,20,8,RMUX58,20,7,6;9,X20Y11_RMUX87,19,codeword attributed to a uniquely vendor-used member
rrg_edges_full.csv,RMUX39,20,8,RMUX63,20,6,5;9,X20Y9_RMUX87,20,codeword attributed to a uniquely vendor-used member
rrg_edges_full.csv,RMUX39,20,9,RMUX53,20,8,6;9,X20Y12_RMUX87,16,codeword attributed to a uniquely vendor-used member
rrg_edges_full.csv,RMUX39,20,9,RMUX58,20,8,6;9,X20Y12_RMUX87,13,codeword attributed to a uniquely vendor-used member
rrg_edges_full.csv,RMUX39,20,9,RMUX63,20,7,5;9,X20Y10_RMUX87,16,codeword attributed to a uniquely vendor-used member
rrg_edges_full.csv,RMUX39,3,3,RMUX63,3,1,5;9,X3Y4_RMUX87,2,codeword attributed to a uniquely vendor-used member
rrg_edges_full.csv,RMUX39,4,3,RMUX63,4,1,5;9,X4Y4_RMUX87,5,codeword attributed to a uniquely vendor-used member
rrg_edges_full.csv,RMUX39,5,3,RMUX63,5,1,5;9,X5Y4_RMUX87,4,codeword attributed to a uniquely vendor-used member
rrg_edges_full.csv,RMUX39,6,3,RMUX63,6,1,5;9,X6Y4_RMUX87,8,codeword attributed to a uniquely vendor-used member
rrg_edges_full.csv,RMUX39,7,3,RMUX63,7,1,5;9,X7Y4_RMUX87,12,codeword attributed to a uniquely vendor-used member
rrg_edges_full.csv,RMUX39,8,3,RMUX63,8,1,5;9,X8Y4_RMUX87,10,codeword attributed to a uniquely vendor-used member
rrg_edges_full.csv,RMUX39,9,3,RMUX63,9,1,5;9,X9Y4_RMUX87,15,codeword attributed to a uniquely vendor-used member
rrg_edges_full.csv,RMUX44,10,2,RMUX74,10,4,1;9,X10Y1_RMUX92,52,codeword attributed to a uniquely vendor-used member
rrg_edges_full.csv,RMUX44,11,2,RMUX74,11,4,1;9,X11Y1_RMUX92,57,codeword attributed to a uniquely vendor-used member
rrg_edges_full.csv,RMUX44,12,2,RMUX74,12,4,1;9,X12Y1_RMUX92,58,codeword attributed to a uniquely vendor-used member
rrg_edges_full.csv,RMUX44,14,10,RMUX74,14,12,1;9,X14Y9_RMUX92,3,codeword attributed to a uniquely vendor-used member
rrg_edges_full.csv,RMUX44,14,10,RMUX85,14,10,1;9,X14Y7_RMUX92,2,codeword attributed to a uniquely vendor-used member
rrg_edges_full.csv,RMUX44,14,11,RMUX85,14,11,1;9,X14Y8_RMUX92,2,codeword attributed to a uniquely vendor-used member
rrg_edges_full.csv,RMUX44,14,2,RMUX74,14,4,1;9,X14Y1_RMUX92,31,codeword attributed to a uniquely vendor-used member
rrg_edges_full.csv,RMUX44,14,3,RMUX74,14,5,1;9,X14Y2_RMUX92,47,codeword attributed to a uniquely vendor-used member
rrg_edges_full.csv,RMUX44,14,4,RMUX74,14,6,1;9,X14Y3_RMUX92,38,codeword attributed to a uniquely vendor-used member
rrg_edges_full.csv,RMUX44,14,4,RMUX85,14,4,1;9,X14Y1_RMUX92,38,codeword attributed to a uniquely vendor-used member
rrg_edges_full.csv,RMUX44,14,5,RMUX74,14,7,1;9,X14Y4_RMUX92,30,codeword attributed to a uniquely vendor-used member
rrg_edges_full.csv,RMUX44,14,5,RMUX85,14,5,1;9,X14Y2_RMUX92,108,codeword attributed to a uniquely vendor-used member
rrg_edges_full.csv,RMUX44,14,6,RMUX74,14,8,1;9,X14Y5_RMUX92,22,codeword attributed to a uniquely vendor-used member
rrg_edges_full.csv,RMUX44,14,6,RMUX85,14,6,1;9,X14Y3_RMUX92,62,codeword attributed to a uniquely vendor-used member
rrg_edges_full.csv,RMUX44,14,7,RMUX74,14,9,1;9,X14Y6_RMUX92,6,codeword attributed to a uniquely vendor-used member
rrg_edges_full.csv,RMUX44,14,7,RMUX85,14,7,1;9,X14Y4_RMUX92,54,codeword attributed to a uniquely vendor-used member
rrg_edges_full.csv,RMUX44,14,8,RMUX74,14,10,1;9,X14Y7_RMUX92,5,codeword attributed to a uniquely vendor-used member
rrg_edges_full.csv,RMUX44,14,8,RMUX85,14,8,1;9,X14Y5_RMUX92,44,codeword attributed to a uniquely vendor-used member
rrg_edges_full.csv,RMUX44,14,9,RMUX74,14,11,1;9,X14Y8_RMUX92,8,codeword attributed to a uniquely vendor-used member
rrg_edges_full.csv,RMUX44,14,9,RMUX85,14,9,1;9,X14Y6_RMUX92,3,codeword attributed to a uniquely vendor-used member
rrg_edges_full.csv,RMUX44,15,10,RMUX74,15,12,1;9,X15Y9_RMUX92,4,codeword attributed to a uniquely vendor-used member
rrg_edges_full.csv,RMUX44,15,10,RMUX85,15,10,1;9,X15Y7_RMUX92,2,codeword attributed to a uniquely vendor-used member
rrg_edges_full.csv,RMUX44,15,11,RMUX85,15,11,1;9,X15Y8_RMUX92,4,codeword attributed to a uniquely vendor-used member
rrg_edges_full.csv,RMUX44,15,2,RMUX74,15,4,1;9,X15Y1_RMUX92,27,codeword attributed to a uniquely vendor-used member
rrg_edges_full.csv,RMUX44,15,3,RMUX74,15,5,1;9,X15Y2_RMUX92,32,codeword attributed to a uniquely vendor-used member
rrg_edges_full.csv,RMUX44,15,4,RMUX74,15,6,1;9,X15Y3_RMUX92,27,codeword attributed to a uniquely vendor-used member
rrg_edges_full.csv,RMUX44,15,4,RMUX85,15,4,1;9,X15Y1_RMUX92,45,codeword attributed to a uniquely vendor-used member
rrg_edges_full.csv,RMUX44,15,5,RMUX74,15,7,1;9,X15Y4_RMUX92,31,codeword attributed to a uniquely vendor-used member
rrg_edges_full.csv,RMUX44,15,5,RMUX85,15,5,1;9,X15Y2_RMUX92,90,codeword attributed to a uniquely vendor-used member
rrg_edges_full.csv,RMUX44,15,6,RMUX74,15,8,1;9,X15Y5_RMUX92,18,codeword attributed to a uniquely vendor-used member
rrg_edges_full.csv,RMUX44,15,6,RMUX85,15,6,1;9,X15Y3_RMUX92,49,codeword attributed to a uniquely vendor-used member
rrg_edges_full.csv,RMUX44,15,7,RMUX74,15,9,1;9,X15Y6_RMUX92,23,codeword attributed to a uniquely vendor-used member
rrg_edges_full.csv,RMUX44,15,7,RMUX85,15,7,1;9,X15Y4_RMUX92,55,codeword attributed to a uniquely vendor-used member
rrg_edges_full.csv,RMUX44,15,8,RMUX74,15,10,1;9,X15Y7_RMUX92,8,codeword attributed to a uniquely vendor-used member
rrg_edges_full.csv,RMUX44,15,8,RMUX85,15,8,1;9,X15Y5_RMUX92,58,codeword attributed to a uniquely vendor-used member
rrg_edges_full.csv,RMUX44,15,9,RMUX74,15,11,1;9,X15Y8_RMUX92,9,codeword attributed to a uniquely vendor-used member
rrg_edges_full.csv,RMUX44,15,9,RMUX85,15,9,1;9,X15Y6_RMUX92,9,codeword attributed to a uniquely vendor-used member
rrg_edges_full.csv,RMUX44,16,10,RMUX74,16,12,1;9,X16Y9_RMUX92,8,codeword attributed to a uniquely vendor-used member
rrg_edges_full.csv,RMUX44,16,10,RMUX85,16,10,1;9,X16Y7_RMUX92,4,codeword attributed to a uniquely vendor-used member
rrg_edges_full.csv,RMUX44,16,11,RMUX85,16,11,1;9,X16Y8_RMUX92,4,codeword attributed to a uniquely vendor-used member
rrg_edges_full.csv,RMUX44,16,2,RMUX74,16,4,1;9,X16Y1_RMUX92,20,codeword attributed to a uniquely vendor-used member
rrg_edges_full.csv,RMUX44,16,3,RMUX74,16,5,1;9,X16Y2_RMUX92,39,codeword attributed to a uniquely vendor-used member
rrg_edges_full.csv,RMUX44,16,4,RMUX74,16,6,1;9,X16Y3_RMUX92,17,codeword attributed to a uniquely vendor-used member
rrg_edges_full.csv,RMUX44,16,4,RMUX85,16,4,1;9,X16Y1_RMUX92,65,codeword attributed to a uniquely vendor-used member
rrg_edges_full.csv,RMUX44,16,5,RMUX74,16,7,1;9,X16Y4_RMUX92,28,codeword attributed to a uniquely vendor-used member
rrg_edges_full.csv,RMUX44,16,5,RMUX85,16,5,1;9,X16Y2_RMUX92,70,codeword attributed to a uniquely vendor-used member
rrg_edges_full.csv,RMUX44,16,6,RMUX74,16,8,1;9,X16Y5_RMUX92,21,codeword attributed to a uniquely vendor-used member
rrg_edges_full.csv,RMUX44,16,6,RMUX85,16,6,1;9,X16Y3_RMUX92,70,codeword attributed to a uniquely vendor-used member
rrg_edges_full.csv,RMUX44,16,7,RMUX74,16,9,1;9,X16Y6_RMUX92,13,codeword attributed to a uniquely vendor-used member
rrg_edges_full.csv,RMUX44,16,7,RMUX85,16,7,1;9,X16Y4_RMUX92,55,codeword attributed to a uniquely vendor-used member
rrg_edges_full.csv,RMUX44,16,8,RMUX74,16,10,1;9,X16Y7_RMUX92,9,codeword attributed to a uniquely vendor-used member
rrg_edges_full.csv,RMUX44,16,8,RMUX85,16,8,1;9,X16Y5_RMUX92,41,codeword attributed to a uniquely vendor-used member
rrg_edges_full.csv,RMUX44,16,9,RMUX74,16,11,1;9,X16Y8_RMUX92,7,codeword attributed to a uniquely vendor-used member
rrg_edges_full.csv,RMUX44,16,9,RMUX85,16,9,1;9,X16Y6_RMUX92,11,codeword attributed to a uniquely vendor-used member
rrg_edges_full.csv,RMUX44,17,10,RMUX74,17,12,1;9,X17Y9_RMUX92,6,codeword attributed to a uniquely vendor-used member
rrg_edges_full.csv,RMUX44,17,11,RMUX85,17,11,1;9,X17Y8_RMUX92,4,codeword attributed to a uniquely vendor-used member
rrg_edges_full.csv,RMUX44,17,2,RMUX74,17,4,1;9,X17Y1_RMUX92,20,codeword attributed to a uniquely vendor-used member
rrg_edges_full.csv,RMUX44,17,3,RMUX74,17,5,1;9,X17Y2_RMUX92,26,codeword attributed to a uniquely vendor-used member
rrg_edges_full.csv,RMUX44,17,4,RMUX74,17,6,1;9,X17Y3_RMUX92,10,codeword attributed to a uniquely vendor-used member
rrg_edges_full.csv,RMUX44,17,4,RMUX85,17,4,1;9,X17Y1_RMUX92,77,codeword attributed to a uniquely vendor-used member
rrg_edges_full.csv,RMUX44,17,5,RMUX74,17,7,1;9,X17Y4_RMUX92,19,codeword attributed to a uniquely vendor-used member
rrg_edges_full.csv,RMUX44,17,5,RMUX85,17,5,1;9,X17Y2_RMUX92,58,codeword attributed to a uniquely vendor-used member
rrg_edges_full.csv,RMUX44,17,6,RMUX74,17,8,1;9,X17Y5_RMUX92,17,codeword attributed to a uniquely vendor-used member
rrg_edges_full.csv,RMUX44,17,6,RMUX85,17,6,1;9,X17Y3_RMUX92,55,codeword attributed to a uniquely vendor-used member
rrg_edges_full.csv,RMUX44,17,7,RMUX74,17,9,1;9,X17Y6_RMUX92,9,codeword attributed to a uniquely vendor-used member
rrg_edges_full.csv,RMUX44,17,7,RMUX85,17,7,1;9,X17Y4_RMUX92,47,codeword attributed to a uniquely vendor-used member
rrg_edges_full.csv,RMUX44,17,8,RMUX74,17,10,1;9,X17Y7_RMUX92,6,codeword attributed to a uniquely vendor-used member
rrg_edges_full.csv,RMUX44,17,8,RMUX85,17,8,1;9,X17Y5_RMUX92,35,codeword attributed to a uniquely vendor-used member
rrg_edges_full.csv,RMUX44,17,9,RMUX74,17,11,1;9,X17Y8_RMUX92,5,codeword attributed to a uniquely vendor-used member
rrg_edges_full.csv,RMUX44,17,9,RMUX85,17,9,1;9,X17Y6_RMUX92,8,codeword attributed to a uniquely vendor-used member
rrg_edges_full.csv,RMUX44,18,10,RMUX74,18,12,1;9,X18Y9_RMUX92,4,codeword attributed to a uniquely vendor-used member
rrg_edges_full.csv,RMUX44,18,11,RMUX85,18,11,1;9,X18Y8_RMUX92,4,codeword attributed to a uniquely vendor-used member
rrg_edges_full.csv,RMUX44,18,2,RMUX74,18,4,1;9,X18Y1_RMUX92,13,codeword attributed to a uniquely vendor-used member
rrg_edges_full.csv,RMUX44,18,3,RMUX74,18,5,1;9,X18Y2_RMUX92,15,codeword attributed to a uniquely vendor-used member
rrg_edges_full.csv,RMUX44,18,4,RMUX74,18,6,1;9,X18Y3_RMUX92,8,codeword attributed to a uniquely vendor-used member
rrg_edges_full.csv,RMUX44,18,4,RMUX85,18,4,1;9,X18Y1_RMUX92,67,codeword attributed to a uniquely vendor-used member
rrg_edges_full.csv,RMUX44,18,5,RMUX74,18,7,1;9,X18Y4_RMUX92,9,codeword attributed to a uniquely vendor-used member
rrg_edges_full.csv,RMUX44,18,5,RMUX85,18,5,1;9,X18Y2_RMUX92,60,codeword attributed to a uniquely vendor-used member
rrg_edges_full.csv,RMUX44,18,6,RMUX74,18,8,1;9,X18Y5_RMUX92,9,codeword attributed to a uniquely vendor-used member
rrg_edges_full.csv,RMUX44,18,6,RMUX85,18,6,1;9,X18Y3_RMUX92,48,codeword attributed to a uniquely vendor-used member
rrg_edges_full.csv,RMUX44,18,7,RMUX74,18,9,1;9,X18Y6_RMUX92,6,codeword attributed to a uniquely vendor-used member
rrg_edges_full.csv,RMUX44,18,7,RMUX85,18,7,1;9,X18Y4_RMUX92,43,codeword attributed to a uniquely vendor-used member
rrg_edges_full.csv,RMUX44,18,8,RMUX74,18,10,1;9,X18Y7_RMUX92,3,codeword attributed to a uniquely vendor-used member
rrg_edges_full.csv,RMUX44,18,8,RMUX85,18,8,1;9,X18Y5_RMUX92,40,codeword attributed to a uniquely vendor-used member
rrg_edges_full.csv,RMUX44,18,9,RMUX74,18,11,1;9,X18Y8_RMUX92,7,codeword attributed to a uniquely vendor-used member
rrg_edges_full.csv,RMUX44,18,9,RMUX85,18,9,1;9,X18Y6_RMUX92,5,codeword attributed to a uniquely vendor-used member
rrg_edges_full.csv,RMUX44,19,10,RMUX74,19,12,1;9,X19Y9_RMUX92,5,codeword attributed to a uniquely vendor-used member
rrg_edges_full.csv,RMUX44,19,11,RMUX85,19,11,1;9,X19Y8_RMUX92,2,codeword attributed to a uniquely vendor-used member
rrg_edges_full.csv,RMUX44,19,2,RMUX74,19,4,1;9,X19Y1_RMUX92,7,codeword attributed to a uniquely vendor-used member
rrg_edges_full.csv,RMUX44,19,3,RMUX74,19,5,1;9,X19Y2_RMUX92,13,codeword attributed to a uniquely vendor-used member
rrg_edges_full.csv,RMUX44,19,4,RMUX74,19,6,1;9,X19Y3_RMUX92,13,codeword attributed to a uniquely vendor-used member
rrg_edges_full.csv,RMUX44,19,4,RMUX85,19,4,1;9,X19Y1_RMUX92,81,codeword attributed to a uniquely vendor-used member
rrg_edges_full.csv,RMUX44,19,5,RMUX74,19,7,1;9,X19Y4_RMUX92,9,codeword attributed to a uniquely vendor-used member
rrg_edges_full.csv,RMUX44,19,5,RMUX85,19,5,1;9,X19Y2_RMUX92,55,codeword attributed to a uniquely vendor-used member
rrg_edges_full.csv,RMUX44,19,6,RMUX74,19,8,1;9,X19Y5_RMUX92,9,codeword attributed to a uniquely vendor-used member
rrg_edges_full.csv,RMUX44,19,6,RMUX85,19,6,1;9,X19Y3_RMUX92,67,codeword attributed to a uniquely vendor-used member
rrg_edges_full.csv,RMUX44,19,7,RMUX74,19,9,1;9,X19Y6_RMUX92,7,codeword attributed to a uniquely vendor-used member
rrg_edges_full.csv,RMUX44,19,7,RMUX85,19,7,1;9,X19Y4_RMUX92,50,codeword attributed to a uniquely vendor-used member
rrg_edges_full.csv,RMUX44,19,8,RMUX74,19,10,1;9,X19Y7_RMUX92,7,codeword attributed to a uniquely vendor-used member
rrg_edges_full.csv,RMUX44,19,8,RMUX85,19,8,1;9,X19Y5_RMUX92,51,codeword attributed to a uniquely vendor-used member
rrg_edges_full.csv,RMUX44,19,9,RMUX74,19,11,1;9,X19Y8_RMUX92,5,codeword attributed to a uniquely vendor-used member
rrg_edges_full.csv,RMUX44,19,9,RMUX85,19,9,1;9,X19Y6_RMUX92,25,codeword attributed to a uniquely vendor-used member
rrg_edges_full.csv,RMUX44,20,10,RMUX74,20,12,1;9,X20Y9_RMUX92,7,codeword attributed to a uniquely vendor-used member
rrg_edges_full.csv,RMUX44,20,10,RMUX85,20,10,1;9,X20Y7_RMUX92,2,codeword attributed to a uniquely vendor-used member
rrg_edges_full.csv,RMUX44,20,2,RMUX74,20,4,1;9,X20Y1_RMUX92,7,codeword attributed to a uniquely vendor-used member
rrg_edges_full.csv,RMUX44,20,3,RMUX74,20,5,1;9,X20Y2_RMUX92,17,codeword attributed to a uniquely vendor-used member
rrg_edges_full.csv,RMUX44,20,4,RMUX74,20,6,1;9,X20Y3_RMUX92,9,codeword attributed to a uniquely vendor-used member
rrg_edges_full.csv,RMUX44,20,4,RMUX85,20,4,1;9,X20Y1_RMUX92,59,codeword attributed to a uniquely vendor-used member
rrg_edges_full.csv,RMUX44,20,5,RMUX74,20,7,1;9,X20Y4_RMUX92,19,codeword attributed to a uniquely vendor-used member
rrg_edges_full.csv,RMUX44,20,5,RMUX85,20,5,1;9,X20Y2_RMUX92,71,codeword attributed to a uniquely vendor-used member
rrg_edges_full.csv,RMUX44,20,6,RMUX74,20,8,1;9,X20Y5_RMUX92,13,codeword attributed to a uniquely vendor-used member
rrg_edges_full.csv,RMUX44,20,6,RMUX85,20,6,1;9,X20Y3_RMUX92,54,codeword attributed to a uniquely vendor-used member
rrg_edges_full.csv,RMUX44,20,7,RMUX74,20,9,1;9,X20Y6_RMUX92,9,codeword attributed to a uniquely vendor-used member
rrg_edges_full.csv,RMUX44,20,7,RMUX85,20,7,1;9,X20Y4_RMUX92,34,codeword attributed to a uniquely vendor-used member
rrg_edges_full.csv,RMUX44,20,8,RMUX74,20,10,1;9,X20Y7_RMUX92,14,codeword attributed to a uniquely vendor-used member
rrg_edges_full.csv,RMUX44,20,8,RMUX85,20,8,1;9,X20Y5_RMUX92,29,codeword attributed to a uniquely vendor-used member
rrg_edges_full.csv,RMUX44,20,9,RMUX74,20,11,1;9,X20Y8_RMUX92,7,codeword attributed to a uniquely vendor-used member
rrg_edges_full.csv,RMUX44,20,9,RMUX85,20,9,1;9,X20Y6_RMUX92,35,codeword attributed to a uniquely vendor-used member
rrg_edges_full.csv,RMUX44,3,2,RMUX74,3,4,1;9,X3Y1_RMUX92,5,codeword attributed to a uniquely vendor-used member
rrg_edges_full.csv,RMUX44,4,2,RMUX74,4,4,1;9,X4Y1_RMUX92,8,codeword attributed to a uniquely vendor-used member
rrg_edges_full.csv,RMUX44,5,2,RMUX74,5,4,1;9,X5Y1_RMUX92,6,codeword attributed to a uniquely vendor-used member
rrg_edges_full.csv,RMUX44,6,2,RMUX74,6,4,1;9,X6Y1_RMUX92,19,codeword attributed to a uniquely vendor-used member
rrg_edges_full.csv,RMUX44,7,2,RMUX74,7,4,1;9,X7Y1_RMUX92,17,codeword attributed to a uniquely vendor-used member
rrg_edges_full.csv,RMUX44,8,2,RMUX74,8,4,1;9,X8Y1_RMUX92,25,codeword attributed to a uniquely vendor-used member
rrg_edges_full.csv,RMUX44,9,2,RMUX74,9,4,1;9,X9Y1_RMUX92,24,codeword attributed to a uniquely vendor-used member
rrg_edges_full.csv,RMUX45,11,1,RMUX86,10,1,1;8,X14Y1_RMUX93,47,codeword attributed to a uniquely vendor-used member
rrg_edges_full.csv,RMUX45,11,2,RMUX86,10,2,1;8,X14Y2_RMUX93,68,codeword attributed to a uniquely vendor-used member
rrg_edges_full.csv,RMUX45,11,3,RMUX86,10,3,1;8,X14Y3_RMUX93,97,codeword attributed to a uniquely vendor-used member
rrg_edges_full.csv,RMUX45,11,4,RMUX86,10,4,1;8,X14Y4_RMUX93,92,codeword attributed to a uniquely vendor-used member
rrg_edges_full.csv,RMUX45,12,1,RMUX86,11,1,1;8,X15Y1_RMUX93,61,codeword attributed to a uniquely vendor-used member
rrg_edges_full.csv,RMUX45,12,2,RMUX86,11,2,1;8,X15Y2_RMUX93,96,codeword attributed to a uniquely vendor-used member
rrg_edges_full.csv,RMUX45,12,3,RMUX86,11,3,1;8,X15Y3_RMUX93,146,codeword attributed to a uniquely vendor-used member
rrg_edges_full.csv,RMUX45,12,4,RMUX86,11,4,1;8,X15Y4_RMUX93,179,codeword attributed to a uniquely vendor-used member
rrg_edges_full.csv,RMUX45,15,1,RMUX86,14,1,1;8,X18Y1_RMUX93,133,codeword attributed to a uniquely vendor-used member
rrg_edges_full.csv,RMUX45,15,10,RMUX86,14,10,1;8,X18Y10_RMUX93,2,codeword attributed to a uniquely vendor-used member
rrg_edges_full.csv,RMUX45,15,2,RMUX86,14,2,1;8,X18Y2_RMUX93,93,codeword attributed to a uniquely vendor-used member
rrg_edges_full.csv,RMUX45,15,3,RMUX86,14,3,1;8,X18Y3_RMUX93,118,codeword attributed to a uniquely vendor-used member
rrg_edges_full.csv,RMUX45,15,4,RMUX86,14,4,1;8,X18Y4_RMUX93,113,codeword attributed to a uniquely vendor-used member
rrg_edges_full.csv,RMUX45,15,7,RMUX86,14,7,1;8,X18Y7_RMUX93,2,codeword attributed to a uniquely vendor-used member
rrg_edges_full.csv,RMUX45,16,1,RMUX86,15,1,1;8,X19Y1_RMUX93,113,codeword attributed to a uniquely vendor-used member
rrg_edges_full.csv,RMUX45,16,10,RMUX86,15,10,1;8,X19Y10_RMUX93,4,codeword attributed to a uniquely vendor-used member
rrg_edges_full.csv,RMUX45,16,12,RMUX86,15,12,1;8,X19Y12_RMUX93,3,codeword attributed to a uniquely vendor-used member
rrg_edges_full.csv,RMUX45,16,2,RMUX86,15,2,1;8,X19Y2_RMUX93,100,codeword attributed to a uniquely vendor-used member
rrg_edges_full.csv,RMUX45,16,3,RMUX86,15,3,1;8,X19Y3_RMUX93,114,codeword attributed to a uniquely vendor-used member
rrg_edges_full.csv,RMUX45,16,4,RMUX86,15,4,1;8,X19Y4_RMUX93,125,codeword attributed to a uniquely vendor-used member
rrg_edges_full.csv,RMUX45,16,5,RMUX86,15,5,1;8,X19Y5_RMUX93,4,codeword attributed to a uniquely vendor-used member
rrg_edges_full.csv,RMUX45,16,6,RMUX86,15,6,1;8,X19Y6_RMUX93,3,codeword attributed to a uniquely vendor-used member
rrg_edges_full.csv,RMUX45,16,7,RMUX86,15,7,1;8,X19Y7_RMUX93,6,codeword attributed to a uniquely vendor-used member
rrg_edges_full.csv,RMUX45,16,8,RMUX86,15,8,1;8,X19Y8_RMUX93,5,codeword attributed to a uniquely vendor-used member
rrg_edges_full.csv,RMUX45,16,9,RMUX86,15,9,1;8,X19Y9_RMUX93,2,codeword attributed to a uniquely vendor-used member
rrg_edges_full.csv,RMUX45,17,1,RMUX86,16,1,1;8,X20Y1_RMUX93,92,codeword attributed to a uniquely vendor-used member
rrg_edges_full.csv,RMUX45,17,10,RMUX86,16,10,1;8,X20Y10_RMUX93,5,codeword attributed to a uniquely vendor-used member
rrg_edges_full.csv,RMUX45,17,11,RMUX86,16,11,1;8,X20Y11_RMUX93,6,codeword attributed to a uniquely vendor-used member
rrg_edges_full.csv,RMUX45,17,12,RMUX86,16,12,1;8,X20Y12_RMUX93,8,codeword attributed to a uniquely vendor-used member
rrg_edges_full.csv,RMUX45,17,2,RMUX86,16,2,1;8,X20Y2_RMUX93,78,codeword attributed to a uniquely vendor-used member
rrg_edges_full.csv,RMUX45,17,3,RMUX86,16,3,1;8,X20Y3_RMUX93,88,codeword attributed to a uniquely vendor-used member
rrg_edges_full.csv,RMUX45,17,4,RMUX86,16,4,1;8,X20Y4_RMUX93,106,codeword attributed to a uniquely vendor-used member
rrg_edges_full.csv,RMUX45,17,5,RMUX86,16,5,1;8,X20Y5_RMUX93,7,codeword attributed to a uniquely vendor-used member
rrg_edges_full.csv,RMUX45,17,6,RMUX86,16,6,1;8,X20Y6_RMUX93,11,codeword attributed to a uniquely vendor-used member
rrg_edges_full.csv,RMUX45,17,7,RMUX86,16,7,1;8,X20Y7_RMUX93,5,codeword attributed to a uniquely vendor-used member
rrg_edges_full.csv,RMUX45,17,8,RMUX86,16,8,1;8,X20Y8_RMUX93,9,codeword attributed to a uniquely vendor-used member
rrg_edges_full.csv,RMUX45,17,9,RMUX86,16,9,1;8,X20Y9_RMUX93,3,codeword attributed to a uniquely vendor-used member
rrg_edges_full.csv,RMUX45,18,1,RMUX86,17,1,1;8,X21Y1_RMUX93,90,codeword attributed to a uniquely vendor-used member
rrg_edges_full.csv,RMUX45,18,4,RMUX86,17,4,1;8,X21Y4_RMUX93,50,codeword attributed to a uniquely vendor-used member
rrg_edges_full.csv,RMUX45,3,2,RMUX86,2,2,1;8,X6Y2_RMUX93,2,codeword attributed to a uniquely vendor-used member
rrg_edges_full.csv,RMUX45,3,3,RMUX86,2,3,1;8,X6Y3_RMUX93,3,codeword attributed to a uniquely vendor-used member
rrg_edges_full.csv,RMUX45,4,2,RMUX86,3,2,1;8,X7Y2_RMUX93,2,codeword attributed to a uniquely vendor-used member
rrg_edges_full.csv,RMUX45,4,3,RMUX86,3,3,1;8,X7Y3_RMUX93,2,codeword attributed to a uniquely vendor-used member
rrg_edges_full.csv,RMUX45,4,4,RMUX86,3,4,1;8,X7Y4_RMUX93,2,codeword attributed to a uniquely vendor-used member
rrg_edges_full.csv,RMUX45,5,1,RMUX86,4,1,1;8,X8Y1_RMUX93,2,codeword attributed to a uniquely vendor-used member
rrg_edges_full.csv,RMUX45,5,2,RMUX86,4,2,1;8,X8Y2_RMUX93,53,codeword attributed to a uniquely vendor-used member
rrg_edges_full.csv,RMUX45,5,3,RMUX86,4,3,1;8,X8Y3_RMUX93,89,codeword attributed to a uniquely vendor-used member
rrg_edges_full.csv,RMUX45,5,4,RMUX86,4,4,1;8,X8Y4_RMUX93,110,codeword attributed to a uniquely vendor-used member
rrg_edges_full.csv,RMUX45,6,1,RMUX86,5,1,1;8,X9Y1_RMUX93,5,codeword attributed to a uniquely vendor-used member
rrg_edges_full.csv,RMUX45,6,2,RMUX86,5,2,1;8,X9Y2_RMUX93,9,codeword attributed to a uniquely vendor-used member
rrg_edges_full.csv,RMUX45,6,3,RMUX86,5,3,1;8,X9Y3_RMUX93,13,codeword attributed to a uniquely vendor-used member
rrg_edges_full.csv,RMUX45,6,4,RMUX86,5,4,1;8,X9Y4_RMUX93,19,codeword attributed to a uniquely vendor-used member
rrg_edges_full.csv,RMUX45,7,1,RMUX86,6,1,1;8,X10Y1_RMUX93,14,codeword attributed to a uniquely vendor-used member
rrg_edges_full.csv,RMUX45,7,2,RMUX86,6,2,1;8,X10Y2_RMUX93,14,codeword attributed to a uniquely vendor-used member
rrg_edges_full.csv,RMUX45,7,3,RMUX86,6,3,1;8,X10Y3_RMUX93,11,codeword attributed to a uniquely vendor-used member
rrg_edges_full.csv,RMUX45,7,4,RMUX86,6,4,1;8,X10Y4_RMUX93,17,codeword attributed to a uniquely vendor-used member
rrg_edges_full.csv,RMUX45,8,1,RMUX86,7,1,1;8,X11Y1_RMUX93,9,codeword attributed to a uniquely vendor-used member
rrg_edges_full.csv,RMUX45,8,2,RMUX86,7,2,1;8,X11Y2_RMUX93,23,codeword attributed to a uniquely vendor-used member
rrg_edges_full.csv,RMUX45,8,3,RMUX86,7,3,1;8,X11Y3_RMUX93,17,codeword attributed to a uniquely vendor-used member
rrg_edges_full.csv,RMUX45,8,4,RMUX86,7,4,1;8,X11Y4_RMUX93,27,codeword attributed to a uniquely vendor-used member
rrg_edges_full.csv,RMUX45,9,1,RMUX86,8,1,1;8,X12Y1_RMUX93,14,codeword attributed to a uniquely vendor-used member
rrg_edges_full.csv,RMUX45,9,2,RMUX86,8,2,1;8,X12Y2_RMUX93,86,codeword attributed to a uniquely vendor-used member
rrg_edges_full.csv,RMUX45,9,3,RMUX86,8,3,1;8,X12Y3_RMUX93,122,codeword attributed to a uniquely vendor-used member
rrg_edges_full.csv,RMUX45,9,4,RMUX86,8,4,1;8,X12Y4_RMUX93,150,codeword attributed to a uniquely vendor-used member
rrg_edges_full.csv,RMUX49,10,2,RMUX07,10,2,4;8,X7Y2_RMUX01,7,codeword attributed to a uniquely vendor-used member
rrg_edges_full.csv,RMUX49,10,2,RMUX07,11,2,5;8,X7Y2_RMUX01,35,codeword attributed to a uniquely vendor-used member
rrg_edges_full.csv,RMUX49,10,3,RMUX07,10,3,4;8,X7Y3_RMUX01,9,codeword attributed to a uniquely vendor-used member
rrg_edges_full.csv,RMUX49,10,3,RMUX07,11,3,5;8,X7Y3_RMUX01,23,codeword attributed to a uniquely vendor-used member
rrg_edges_full.csv,RMUX49,10,4,RMUX07,10,4,4;8,X7Y4_RMUX01,10,codeword attributed to a uniquely vendor-used member
rrg_edges_full.csv,RMUX49,10,4,RMUX07,11,4,5;8,X7Y4_RMUX01,38,codeword attributed to a uniquely vendor-used member
rrg_edges_full.csv,RMUX49,11,2,RMUX07,11,2,4;8,X8Y2_RMUX01,12,codeword attributed to a uniquely vendor-used member
rrg_edges_full.csv,RMUX49,11,2,RMUX07,12,2,5;8,X8Y2_RMUX01,60,codeword attributed to a uniquely vendor-used member
rrg_edges_full.csv,RMUX49,11,3,RMUX07,11,3,4;8,X8Y3_RMUX01,14,codeword attributed to a uniquely vendor-used member
rrg_edges_full.csv,RMUX49,11,3,RMUX07,12,3,5;8,X8Y3_RMUX01,34,codeword attributed to a uniquely vendor-used member
rrg_edges_full.csv,RMUX49,11,4,RMUX07,11,4,4;8,X8Y4_RMUX01,20,codeword attributed to a uniquely vendor-used member
rrg_edges_full.csv,RMUX49,11,4,RMUX07,12,4,5;8,X8Y4_RMUX01,40,codeword attributed to a uniquely vendor-used member
rrg_edges_full.csv,RMUX49,12,2,RMUX07,12,2,4;8,X9Y2_RMUX01,11,codeword attributed to a uniquely vendor-used member
rrg_edges_full.csv,RMUX49,12,3,RMUX07,12,3,4;8,X9Y3_RMUX01,13,codeword attributed to a uniquely vendor-used member
rrg_edges_full.csv,RMUX49,12,4,RMUX07,12,4,4;8,X9Y4_RMUX01,10,codeword attributed to a uniquely vendor-used member
rrg_edges_full.csv,RMUX49,14,2,RMUX07,14,2,4;8,X11Y2_RMUX01,29,codeword attributed to a uniquely vendor-used member
rrg_edges_full.csv,RMUX49,14,2,RMUX07,15,2,5;8,X11Y2_RMUX01,106,codeword attributed to a uniquely vendor-used member
rrg_edges_full.csv,RMUX49,14,3,RMUX07,14,3,4;8,X11Y3_RMUX01,21,codeword attributed to a uniquely vendor-used member
rrg_edges_full.csv,RMUX49,14,3,RMUX07,15,3,5;8,X11Y3_RMUX01,77,codeword attributed to a uniquely vendor-used member
rrg_edges_full.csv,RMUX49,14,4,RMUX07,14,4,4;8,X11Y4_RMUX01,28,codeword attributed to a uniquely vendor-used member
rrg_edges_full.csv,RMUX49,14,4,RMUX07,15,4,5;8,X11Y4_RMUX01,90,codeword attributed to a uniquely vendor-used member
rrg_edges_full.csv,RMUX49,15,2,RMUX07,15,2,4;8,X12Y2_RMUX01,34,codeword attributed to a uniquely vendor-used member
rrg_edges_full.csv,RMUX49,15,2,RMUX07,16,2,5;8,X12Y2_RMUX01,103,codeword attributed to a uniquely vendor-used member
rrg_edges_full.csv,RMUX49,15,3,RMUX07,15,3,4;8,X12Y3_RMUX01,19,codeword attributed to a uniquely vendor-used member
rrg_edges_full.csv,RMUX49,15,3,RMUX07,16,3,5;8,X12Y3_RMUX01,86,codeword attributed to a uniquely vendor-used member
rrg_edges_full.csv,RMUX49,15,4,RMUX07,15,4,4;8,X12Y4_RMUX01,21,codeword attributed to a uniquely vendor-used member
rrg_edges_full.csv,RMUX49,15,4,RMUX07,16,4,5;8,X12Y4_RMUX01,89,codeword attributed to a uniquely vendor-used member
rrg_edges_full.csv,RMUX49,16,4,RMUX07,17,4,5;8,X13Y4_RMUX01,76,codeword attributed to a uniquely vendor-used member
rrg_edges_full.csv,RMUX49,17,10,RMUX07,17,10,4;8,X14Y10_RMUX01,9,codeword attributed to a uniquely vendor-used member
rrg_edges_full.csv,RMUX49,17,10,RMUX07,18,10,5;8,X14Y10_RMUX01,8,codeword attributed to a uniquely vendor-used member
rrg_edges_full.csv,RMUX49,17,11,RMUX07,17,11,4;8,X14Y11_RMUX01,4,codeword attributed to a uniquely vendor-used member
rrg_edges_full.csv,RMUX49,17,11,RMUX07,18,11,5;8,X14Y11_RMUX01,4,codeword attributed to a uniquely vendor-used member
rrg_edges_full.csv,RMUX49,17,12,RMUX07,18,12,5;8,X14Y12_RMUX01,3,codeword attributed to a uniquely vendor-used member
rrg_edges_full.csv,RMUX49,17,2,RMUX07,17,2,4;8,X14Y2_RMUX01,18,codeword attributed to a uniquely vendor-used member
rrg_edges_full.csv,RMUX49,17,2,RMUX07,18,2,5;8,X14Y2_RMUX01,82,codeword attributed to a uniquely vendor-used member
rrg_edges_full.csv,RMUX49,17,3,RMUX07,17,3,4;8,X14Y3_RMUX01,24,codeword attributed to a uniquely vendor-used member
rrg_edges_full.csv,RMUX49,17,3,RMUX07,18,3,5;8,X14Y3_RMUX01,66,codeword attributed to a uniquely vendor-used member
rrg_edges_full.csv,RMUX49,17,4,RMUX07,17,4,4;8,X14Y4_RMUX01,25,codeword attributed to a uniquely vendor-used member
rrg_edges_full.csv,RMUX49,17,4,RMUX07,18,4,5;8,X14Y4_RMUX01,76,codeword attributed to a uniquely vendor-used member
rrg_edges_full.csv,RMUX49,17,5,RMUX07,17,5,4;8,X14Y5_RMUX01,15,codeword attributed to a uniquely vendor-used member
rrg_edges_full.csv,RMUX49,17,5,RMUX07,18,5,5;8,X14Y5_RMUX01,18,codeword attributed to a uniquely vendor-used member
rrg_edges_full.csv,RMUX49,17,6,RMUX07,17,6,4;8,X14Y6_RMUX01,24,codeword attributed to a uniquely vendor-used member
rrg_edges_full.csv,RMUX49,17,6,RMUX07,18,6,5;8,X14Y6_RMUX01,18,codeword attributed to a uniquely vendor-used member
rrg_edges_full.csv,RMUX49,17,7,RMUX07,17,7,4;8,X14Y7_RMUX01,17,codeword attributed to a uniquely vendor-used member
rrg_edges_full.csv,RMUX49,17,7,RMUX07,18,7,5;8,X14Y7_RMUX01,25,codeword attributed to a uniquely vendor-used member
rrg_edges_full.csv,RMUX49,17,8,RMUX07,17,8,4;8,X14Y8_RMUX01,17,codeword attributed to a uniquely vendor-used member
rrg_edges_full.csv,RMUX49,17,8,RMUX07,18,8,5;8,X14Y8_RMUX01,22,codeword attributed to a uniquely vendor-used member
rrg_edges_full.csv,RMUX49,17,9,RMUX07,17,9,4;8,X14Y9_RMUX01,21,codeword attributed to a uniquely vendor-used member
rrg_edges_full.csv,RMUX49,17,9,RMUX07,18,9,5;8,X14Y9_RMUX01,17,codeword attributed to a uniquely vendor-used member
rrg_edges_full.csv,RMUX49,18,10,RMUX07,18,10,4;8,X15Y10_RMUX01,11,codeword attributed to a uniquely vendor-used member
rrg_edges_full.csv,RMUX49,18,10,RMUX07,19,10,5;8,X15Y10_RMUX01,29,codeword attributed to a uniquely vendor-used member
rrg_edges_full.csv,RMUX49,18,11,RMUX07,18,11,4;8,X15Y11_RMUX01,9,codeword attributed to a uniquely vendor-used member
rrg_edges_full.csv,RMUX49,18,11,RMUX07,19,11,5;8,X15Y11_RMUX01,18,codeword attributed to a uniquely vendor-used member
rrg_edges_full.csv,RMUX49,18,12,RMUX07,18,12,4;8,X15Y12_RMUX01,9,codeword attributed to a uniquely vendor-used member
rrg_edges_full.csv,RMUX49,18,12,RMUX07,19,12,5;8,X15Y12_RMUX01,8,codeword attributed to a uniquely vendor-used member
rrg_edges_full.csv,RMUX49,18,2,RMUX07,18,2,4;8,X15Y2_RMUX01,26,codeword attributed to a uniquely vendor-used member
rrg_edges_full.csv,RMUX49,18,2,RMUX07,19,2,5;8,X15Y2_RMUX01,96,codeword attributed to a uniquely vendor-used member
rrg_edges_full.csv,RMUX49,18,3,RMUX07,18,3,4;8,X15Y3_RMUX01,23,codeword attributed to a uniquely vendor-used member
rrg_edges_full.csv,RMUX49,18,3,RMUX07,19,3,5;8,X15Y3_RMUX01,66,codeword attributed to a uniquely vendor-used member
rrg_edges_full.csv,RMUX49,18,4,RMUX07,18,4,4;8,X15Y4_RMUX01,24,codeword attributed to a uniquely vendor-used member
rrg_edges_full.csv,RMUX49,18,4,RMUX07,19,4,5;8,X15Y4_RMUX01,81,codeword attributed to a uniquely vendor-used member
rrg_edges_full.csv,RMUX49,18,5,RMUX07,18,5,4;8,X15Y5_RMUX01,32,codeword attributed to a uniquely vendor-used member
rrg_edges_full.csv,RMUX49,18,5,RMUX07,19,5,5;8,X15Y5_RMUX01,60,codeword attributed to a uniquely vendor-used member
rrg_edges_full.csv,RMUX49,18,6,RMUX07,18,6,4;8,X15Y6_RMUX01,30,codeword attributed to a uniquely vendor-used member
rrg_edges_full.csv,RMUX49,18,6,RMUX07,19,6,5;8,X15Y6_RMUX01,50,codeword attributed to a uniquely vendor-used member
rrg_edges_full.csv,RMUX49,18,7,RMUX07,18,7,4;8,X15Y7_RMUX01,22,codeword attributed to a uniquely vendor-used member
rrg_edges_full.csv,RMUX49,18,7,RMUX07,19,7,5;8,X15Y7_RMUX01,41,codeword attributed to a uniquely vendor-used member
rrg_edges_full.csv,RMUX49,18,8,RMUX07,18,8,4;8,X15Y8_RMUX01,27,codeword attributed to a uniquely vendor-used member
rrg_edges_full.csv,RMUX49,18,8,RMUX07,19,8,5;8,X15Y8_RMUX01,32,codeword attributed to a uniquely vendor-used member
rrg_edges_full.csv,RMUX49,18,9,RMUX07,18,9,4;8,X15Y9_RMUX01,16,codeword attributed to a uniquely vendor-used member
rrg_edges_full.csv,RMUX49,18,9,RMUX07,19,9,5;8,X15Y9_RMUX01,32,codeword attributed to a uniquely vendor-used member
rrg_edges_full.csv,RMUX49,19,10,RMUX07,19,10,4;8,X16Y10_RMUX01,15,codeword attributed to a uniquely vendor-used member
rrg_edges_full.csv,RMUX49,19,10,RMUX07,20,10,5;8,X16Y10_RMUX01,33,codeword attributed to a uniquely vendor-used member
rrg_edges_full.csv,RMUX49,19,11,RMUX07,19,11,4;8,X16Y11_RMUX01,8,codeword attributed to a uniquely vendor-used member
rrg_edges_full.csv,RMUX49,19,11,RMUX07,20,11,5;8,X16Y11_RMUX01,17,codeword attributed to a uniquely vendor-used member
rrg_edges_full.csv,RMUX49,19,12,RMUX07,19,12,4;8,X16Y12_RMUX01,8,codeword attributed to a uniquely vendor-used member
rrg_edges_full.csv,RMUX49,19,12,RMUX07,20,12,5;8,X16Y12_RMUX01,20,codeword attributed to a uniquely vendor-used member
rrg_edges_full.csv,RMUX49,19,2,RMUX07,19,2,4;8,X16Y2_RMUX01,19,codeword attributed to a uniquely vendor-used member
rrg_edges_full.csv,RMUX49,19,2,RMUX07,20,2,5;8,X16Y2_RMUX01,86,codeword attributed to a uniquely vendor-used member
rrg_edges_full.csv,RMUX49,19,3,RMUX07,19,3,4;8,X16Y3_RMUX01,24,codeword attributed to a uniquely vendor-used member
rrg_edges_full.csv,RMUX49,19,3,RMUX07,20,3,5;8,X16Y3_RMUX01,68,codeword attributed to a uniquely vendor-used member
rrg_edges_full.csv,RMUX49,19,4,RMUX07,19,4,4;8,X16Y4_RMUX01,27,codeword attributed to a uniquely vendor-used member
rrg_edges_full.csv,RMUX49,19,4,RMUX07,20,4,5;8,X16Y4_RMUX01,66,codeword attributed to a uniquely vendor-used member
rrg_edges_full.csv,RMUX49,19,5,RMUX07,19,5,4;8,X16Y5_RMUX01,26,codeword attributed to a uniquely vendor-used member
rrg_edges_full.csv,RMUX49,19,5,RMUX07,20,5,5;8,X16Y5_RMUX01,65,codeword attributed to a uniquely vendor-used member
rrg_edges_full.csv,RMUX49,19,6,RMUX07,19,6,4;8,X16Y6_RMUX01,18,codeword attributed to a uniquely vendor-used member
rrg_edges_full.csv,RMUX49,19,6,RMUX07,20,6,5;8,X16Y6_RMUX01,55,codeword attributed to a uniquely vendor-used member
rrg_edges_full.csv,RMUX49,19,7,RMUX07,19,7,4;8,X16Y7_RMUX01,28,codeword attributed to a uniquely vendor-used member
rrg_edges_full.csv,RMUX49,19,7,RMUX07,20,7,5;8,X16Y7_RMUX01,55,codeword attributed to a uniquely vendor-used member
rrg_edges_full.csv,RMUX49,19,8,RMUX07,19,8,4;8,X16Y8_RMUX01,21,codeword attributed to a uniquely vendor-used member
rrg_edges_full.csv,RMUX49,19,8,RMUX07,20,8,5;8,X16Y8_RMUX01,46,codeword attributed to a uniquely vendor-used member
rrg_edges_full.csv,RMUX49,19,9,RMUX07,19,9,4;8,X16Y9_RMUX01,12,codeword attributed to a uniquely vendor-used member
rrg_edges_full.csv,RMUX49,19,9,RMUX07,20,9,5;8,X16Y9_RMUX01,36,codeword attributed to a uniquely vendor-used member
rrg_edges_full.csv,RMUX49,20,1,RMUX07,20,1,4;8,X17Y1_RMUX01,2,codeword attributed to a uniquely vendor-used member
rrg_edges_full.csv,RMUX49,20,10,RMUX07,20,10,4;8,X17Y10_RMUX01,10,codeword attributed to a uniquely vendor-used member
rrg_edges_full.csv,RMUX49,20,11,RMUX07,20,11,4;8,X17Y11_RMUX01,9,codeword attributed to a uniquely vendor-used member
rrg_edges_full.csv,RMUX49,20,12,RMUX07,20,12,4;8,X17Y12_RMUX01,6,codeword attributed to a uniquely vendor-used member
rrg_edges_full.csv,RMUX49,20,2,RMUX07,20,2,4;8,X17Y2_RMUX01,21,codeword attributed to a uniquely vendor-used member
rrg_edges_full.csv,RMUX49,20,3,RMUX07,20,3,4;8,X17Y3_RMUX01,32,codeword attributed to a uniquely vendor-used member
rrg_edges_full.csv,RMUX49,20,4,RMUX07,20,4,4;8,X17Y4_RMUX01,44,codeword attributed to a uniquely vendor-used member
rrg_edges_full.csv,RMUX49,20,5,RMUX07,20,5,4;8,X17Y5_RMUX01,23,codeword attributed to a uniquely vendor-used member
rrg_edges_full.csv,RMUX49,20,6,RMUX07,20,6,4;8,X17Y6_RMUX01,21,codeword attributed to a uniquely vendor-used member
rrg_edges_full.csv,RMUX49,20,7,RMUX07,20,7,4;8,X17Y7_RMUX01,17,codeword attributed to a uniquely vendor-used member
rrg_edges_full.csv,RMUX49,20,8,RMUX07,20,8,4;8,X17Y8_RMUX01,21,codeword attributed to a uniquely vendor-used member
rrg_edges_full.csv,RMUX49,20,9,RMUX07,20,9,4;8,X17Y9_RMUX01,18,codeword attributed to a uniquely vendor-used member
rrg_edges_full.csv,RMUX49,4,2,RMUX07,4,2,4;8,X1Y2_RMUX01,2,codeword attributed to a uniquely vendor-used member
rrg_edges_full.csv,RMUX49,4,3,RMUX07,5,3,5;8,X1Y3_RMUX01,2,codeword attributed to a uniquely vendor-used member
rrg_edges_full.csv,RMUX49,4,4,RMUX07,5,4,5;8,X1Y4_RMUX01,2,codeword attributed to a uniquely vendor-used member
rrg_edges_full.csv,RMUX49,5,2,RMUX07,6,2,5;8,X2Y2_RMUX01,4,codeword attributed to a uniquely vendor-used member
rrg_edges_full.csv,RMUX49,5,3,RMUX07,5,3,4;8,X2Y3_RMUX01,2,codeword attributed to a uniquely vendor-used member
rrg_edges_full.csv,RMUX49,5,3,RMUX07,6,3,5;8,X2Y3_RMUX01,7,codeword attributed to a uniquely vendor-used member
rrg_edges_full.csv,RMUX49,5,4,RMUX07,5,4,4;8,X2Y4_RMUX01,4,codeword attributed to a uniquely vendor-used member
rrg_edges_full.csv,RMUX49,5,4,RMUX07,6,4,5;8,X2Y4_RMUX01,10,codeword attributed to a uniquely vendor-used member
rrg_edges_full.csv,RMUX49,6,2,RMUX07,6,2,4;8,X3Y2_RMUX01,5,codeword attributed to a uniquely vendor-used member
rrg_edges_full.csv,RMUX49,6,2,RMUX07,7,2,5;8,X3Y2_RMUX01,9,codeword attributed to a uniquely vendor-used member
rrg_edges_full.csv,RMUX49,6,3,RMUX07,6,3,4;8,X3Y3_RMUX01,2,codeword attributed to a uniquely vendor-used member
rrg_edges_full.csv,RMUX49,6,3,RMUX07,7,3,5;8,X3Y3_RMUX01,12,codeword attributed to a uniquely vendor-used member
rrg_edges_full.csv,RMUX49,6,4,RMUX07,6,4,4;8,X3Y4_RMUX01,2,codeword attributed to a uniquely vendor-used member
rrg_edges_full.csv,RMUX49,6,4,RMUX07,7,4,5;8,X3Y4_RMUX01,20,codeword attributed to a uniquely vendor-used member
rrg_edges_full.csv,RMUX49,7,2,RMUX07,7,2,4;8,X4Y2_RMUX01,5,codeword attributed to a uniquely vendor-used member
rrg_edges_full.csv,RMUX49,7,2,RMUX07,8,2,5;8,X4Y2_RMUX01,14,codeword attributed to a uniquely vendor-used member
rrg_edges_full.csv,RMUX49,7,3,RMUX07,7,3,4;8,X4Y3_RMUX01,10,codeword attributed to a uniquely vendor-used member
rrg_edges_full.csv,RMUX49,7,3,RMUX07,8,3,5;8,X4Y3_RMUX01,10,codeword attributed to a uniquely vendor-used member
rrg_edges_full.csv,RMUX49,7,4,RMUX07,7,4,4;8,X4Y4_RMUX01,11,codeword attributed to a uniquely vendor-used member
rrg_edges_full.csv,RMUX49,7,4,RMUX07,8,4,5;8,X4Y4_RMUX01,14,codeword attributed to a uniquely vendor-used member
rrg_edges_full.csv,RMUX49,8,2,RMUX07,8,2,4;8,X5Y2_RMUX01,13,codeword attributed to a uniquely vendor-used member
rrg_edges_full.csv,RMUX49,8,2,RMUX07,9,2,5;8,X5Y2_RMUX01,18,codeword attributed to a uniquely vendor-used member
rrg_edges_full.csv,RMUX49,8,3,RMUX07,8,3,4;8,X5Y3_RMUX01,3,codeword attributed to a uniquely vendor-used member
rrg_edges_full.csv,RMUX49,8,3,RMUX07,9,3,5;8,X5Y3_RMUX01,12,codeword attributed to a uniquely vendor-used member
rrg_edges_full.csv,RMUX49,8,4,RMUX07,8,4,4;8,X5Y4_RMUX01,13,codeword attributed to a uniquely vendor-used member
rrg_edges_full.csv,RMUX49,8,4,RMUX07,9,4,5;8,X5Y4_RMUX01,15,codeword attributed to a uniquely vendor-used member
rrg_edges_full.csv,RMUX49,9,2,RMUX07,10,2,5;8,X6Y2_RMUX01,34,codeword attributed to a uniquely vendor-used member
rrg_edges_full.csv,RMUX49,9,2,RMUX07,9,2,4;8,X6Y2_RMUX01,5,codeword attributed to a uniquely vendor-used member
rrg_edges_full.csv,RMUX49,9,3,RMUX07,10,3,5;8,X6Y3_RMUX01,31,codeword attributed to a uniquely vendor-used member
rrg_edges_full.csv,RMUX49,9,3,RMUX07,9,3,4;8,X6Y3_RMUX01,3,codeword attributed to a uniquely vendor-used member
rrg_edges_full.csv,RMUX49,9,4,RMUX07,10,4,5;8,X6Y4_RMUX01,37,codeword attributed to a uniquely vendor-used member
rrg_edges_full.csv,RMUX49,9,4,RMUX07,9,4,4;8,X6Y4_RMUX01,10,codeword attributed to a uniquely vendor-used member
rrg_edges_full.csv,RMUX50,1,4,RMUX02,1,4,1;9,X1Y1_RMUX02,2,codeword attributed to a uniquely vendor-used member
rrg_edges_full.csv,RMUX50,14,10,RMUX13,14,11,2;9,X14Y7_RMUX02,2,codeword attributed to a uniquely vendor-used member
rrg_edges_full.csv,RMUX50,14,11,RMUX13,14,12,2;9,X14Y8_RMUX02,1,codeword attributed to a uniquely vendor-used member
rrg_edges_full.csv,RMUX50,14,2,RMUX08,14,3,0;9,X14Y1_RMUX02,9,codeword attributed to a uniquely vendor-used member
rrg_edges_full.csv,RMUX50,14,5,RMUX02,14,5,1;9,X14Y2_RMUX02,40,codeword attributed to a uniquely vendor-used member
rrg_edges_full.csv,RMUX50,15,10,RMUX13,15,11,2;9,X15Y7_RMUX02,20,codeword attributed to a uniquely vendor-used member
rrg_edges_full.csv,RMUX50,15,11,RMUX13,15,12,2;9,X15Y8_RMUX02,6,codeword attributed to a uniquely vendor-used member
rrg_edges_full.csv,RMUX50,15,4,RMUX13,15,5,2;9,X15Y1_RMUX02,15,codeword attributed to a uniquely vendor-used member
rrg_edges_full.csv,RMUX50,15,5,RMUX13,15,6,2;9,X15Y2_RMUX02,10,codeword attributed to a uniquely vendor-used member
rrg_edges_full.csv,RMUX50,15,6,RMUX13,15,7,2;9,X15Y3_RMUX02,15,codeword attributed to a uniquely vendor-used member
rrg_edges_full.csv,RMUX50,15,7,RMUX13,15,8,2;9,X15Y4_RMUX02,19,codeword attributed to a uniquely vendor-used member
rrg_edges_full.csv,RMUX50,15,8,RMUX08,15,9,0;9,X15Y7_RMUX02,6,codeword attributed to a uniquely vendor-used member
rrg_edges_full.csv,RMUX50,15,8,RMUX13,15,9,2;9,X15Y5_RMUX02,13,codeword attributed to a uniquely vendor-used member
rrg_edges_full.csv,RMUX50,15,9,RMUX13,15,10,2;9,X15Y6_RMUX02,11,codeword attributed to a uniquely vendor-used member
rrg_edges_full.csv,RMUX50,16,10,RMUX13,16,11,2;9,X16Y7_RMUX02,18,codeword attributed to a uniquely vendor-used member
rrg_edges_full.csv,RMUX50,16,11,RMUX13,16,12,2;9,X16Y8_RMUX02,10,codeword attributed to a uniquely vendor-used member
rrg_edges_full.csv,RMUX50,16,4,RMUX08,16,5,0;9,X16Y3_RMUX02,14,codeword attributed to a uniquely vendor-used member
rrg_edges_full.csv,RMUX50,16,4,RMUX13,16,5,2;9,X16Y1_RMUX02,14,codeword attributed to a uniquely vendor-used member
rrg_edges_full.csv,RMUX50,16,5,RMUX02,16,5,1;9,X16Y2_RMUX02,39,codeword attributed to a uniquely vendor-used member
rrg_edges_full.csv,RMUX50,16,5,RMUX13,16,6,2;9,X16Y2_RMUX02,15,codeword attributed to a uniquely vendor-used member
rrg_edges_full.csv,RMUX50,16,6,RMUX13,16,7,2;9,X16Y3_RMUX02,20,codeword attributed to a uniquely vendor-used member
rrg_edges_full.csv,RMUX50,16,7,RMUX13,16,8,2;9,X16Y4_RMUX02,15,codeword attributed to a uniquely vendor-used member
rrg_edges_full.csv,RMUX50,16,8,RMUX08,16,9,0;9,X16Y7_RMUX02,4,codeword attributed to a uniquely vendor-used member
rrg_edges_full.csv,RMUX50,16,8,RMUX13,16,9,2;9,X16Y5_RMUX02,17,codeword attributed to a uniquely vendor-used member
rrg_edges_full.csv,RMUX50,16,9,RMUX13,16,10,2;9,X16Y6_RMUX02,20,codeword attributed to a uniquely vendor-used member
rrg_edges_full.csv,RMUX50,17,10,RMUX13,17,11,2;9,X17Y7_RMUX02,26,codeword attributed to a uniquely vendor-used member
rrg_edges_full.csv,RMUX50,17,11,RMUX13,17,12,2;9,X17Y8_RMUX02,21,codeword attributed to a uniquely vendor-used member
rrg_edges_full.csv,RMUX50,17,4,RMUX13,17,5,2;9,X17Y1_RMUX02,16,codeword attributed to a uniquely vendor-used member
rrg_edges_full.csv,RMUX50,17,5,RMUX13,17,6,2;9,X17Y2_RMUX02,15,codeword attributed to a uniquely vendor-used member
rrg_edges_full.csv,RMUX50,17,6,RMUX02,17,6,1;9,X17Y3_RMUX02,11,codeword attributed to a uniquely vendor-used member
rrg_edges_full.csv,RMUX50,17,6,RMUX13,17,7,2;9,X17Y3_RMUX02,25,codeword attributed to a uniquely vendor-used member
rrg_edges_full.csv,RMUX50,17,7,RMUX13,17,8,2;9,X17Y4_RMUX02,27,codeword attributed to a uniquely vendor-used member
rrg_edges_full.csv,RMUX50,17,8,RMUX13,17,9,2;9,X17Y5_RMUX02,30,codeword attributed to a uniquely vendor-used member
rrg_edges_full.csv,RMUX50,17,9,RMUX13,17,10,2;9,X17Y6_RMUX02,16,codeword attributed to a uniquely vendor-used member
rrg_edges_full.csv,RMUX50,18,10,RMUX13,18,11,2;9,X18Y7_RMUX02,30,codeword attributed to a uniquely vendor-used member
rrg_edges_full.csv,RMUX50,18,11,RMUX13,18,12,2;9,X18Y8_RMUX02,28,codeword attributed to a uniquely vendor-used member
rrg_edges_full.csv,RMUX50,18,4,RMUX13,18,5,2;9,X18Y1_RMUX02,22,codeword attributed to a uniquely vendor-used member
rrg_edges_full.csv,RMUX50,18,5,RMUX13,18,6,2;9,X18Y2_RMUX02,23,codeword attributed to a uniquely vendor-used member
rrg_edges_full.csv,RMUX50,18,6,RMUX02,18,6,1;9,X18Y3_RMUX02,14,codeword attributed to a uniquely vendor-used member
rrg_edges_full.csv,RMUX50,18,6,RMUX13,18,7,2;9,X18Y3_RMUX02,64,codeword attributed to a uniquely vendor-used member
rrg_edges_full.csv,RMUX50,18,7,RMUX13,18,8,2;9,X18Y4_RMUX02,27,codeword attributed to a uniquely vendor-used member
rrg_edges_full.csv,RMUX50,18,8,RMUX13,18,9,2;9,X18Y5_RMUX02,46,codeword attributed to a uniquely vendor-used member
rrg_edges_full.csv,RMUX50,18,9,RMUX13,18,10,2;9,X18Y6_RMUX02,32,codeword attributed to a uniquely vendor-used member
rrg_edges_full.csv,RMUX50,19,10,RMUX13,19,11,2;9,X19Y7_RMUX02,42,codeword attributed to a uniquely vendor-used member
rrg_edges_full.csv,RMUX50,19,11,RMUX13,19,12,2;9,X19Y8_RMUX02,35,codeword attributed to a uniquely vendor-used member
rrg_edges_full.csv,RMUX50,19,4,RMUX13,19,5,2;9,X19Y1_RMUX02,41,codeword attributed to a uniquely vendor-used member
rrg_edges_full.csv,RMUX50,19,5,RMUX13,19,6,2;9,X19Y2_RMUX02,25,codeword attributed to a uniquely vendor-used member
rrg_edges_full.csv,RMUX50,19,6,RMUX13,19,7,2;9,X19Y3_RMUX02,47,codeword attributed to a uniquely vendor-used member
rrg_edges_full.csv,RMUX50,19,7,RMUX13,19,8,2;9,X19Y4_RMUX02,40,codeword attributed to a uniquely vendor-used member
rrg_edges_full.csv,RMUX50,19,8,RMUX13,19,9,2;9,X19Y5_RMUX02,54,codeword attributed to a uniquely vendor-used member
rrg_edges_full.csv,RMUX50,19,9,RMUX13,19,10,2;9,X19Y6_RMUX02,41,codeword attributed to a uniquely vendor-used member
rrg_edges_full.csv,RMUX50,20,10,RMUX13,20,11,2;9,X20Y7_RMUX02,36,codeword attributed to a uniquely vendor-used member
rrg_edges_full.csv,RMUX50,20,11,RMUX13,20,12,2;9,X20Y8_RMUX02,33,codeword attributed to a uniquely vendor-used member
rrg_edges_full.csv,RMUX50,20,4,RMUX13,20,5,2;9,X20Y1_RMUX02,30,codeword attributed to a uniquely vendor-used member
rrg_edges_full.csv,RMUX50,20,5,RMUX13,20,6,2;9,X20Y2_RMUX02,21,codeword attributed to a uniquely vendor-used member
rrg_edges_full.csv,RMUX50,20,6,RMUX13,20,7,2;9,X20Y3_RMUX02,52,codeword attributed to a uniquely vendor-used member
rrg_edges_full.csv,RMUX50,20,7,RMUX13,20,8,2;9,X20Y4_RMUX02,46,codeword attributed to a uniquely vendor-used member
rrg_edges_full.csv,RMUX50,20,8,RMUX13,20,9,2;9,X20Y5_RMUX02,37,codeword attributed to a uniquely vendor-used member
rrg_edges_full.csv,RMUX50,20,9,RMUX13,20,10,2;9,X20Y6_RMUX02,31,codeword attributed to a uniquely vendor-used member
rrg_edges_full.csv,RMUX51,14,10,RMUX05,17,10,4;8,X17Y10_RMUX03,9,codeword attributed to a uniquely vendor-used member
rrg_edges_full.csv,RMUX55,11,3,RMUX24,11,1,5;9,X11Y4_RMUX07,21,codeword attributed to a uniquely vendor-used member
rrg_edges_full.csv,RMUX55,14,2,RMUX31,14,1,6;9,X14Y5_RMUX07,38,codeword attributed to a uniquely vendor-used member
rrg_edges_full.csv,RMUX55,14,3,RMUX31,14,2,6;9,X14Y6_RMUX07,32,codeword attributed to a uniquely vendor-used member
rrg_edges_full.csv,RMUX55,14,4,RMUX31,14,3,6;9,X14Y7_RMUX07,30,codeword attributed to a uniquely vendor-used member
rrg_edges_full.csv,RMUX55,14,5,RMUX31,14,4,6;9,X14Y8_RMUX07,28,codeword attributed to a uniquely vendor-used member
rrg_edges_full.csv,RMUX55,14,6,RMUX31,14,5,6;9,X14Y9_RMUX07,84,codeword attributed to a uniquely vendor-used member
rrg_edges_full.csv,RMUX55,14,7,RMUX31,14,6,6;9,X14Y10_RMUX07,23,codeword attributed to a uniquely vendor-used member
rrg_edges_full.csv,RMUX55,14,8,RMUX31,14,7,6;9,X14Y11_RMUX07,13,codeword attributed to a uniquely vendor-used member
rrg_edges_full.csv,RMUX55,14,9,RMUX31,14,8,6;9,X14Y12_RMUX07,7,codeword attributed to a uniquely vendor-used member
rrg_edges_full.csv,RMUX55,15,10,RMUX24,15,8,5;9,X15Y11_RMUX07,12,codeword attributed to a uniquely vendor-used member
rrg_edges_full.csv,RMUX55,15,2,RMUX31,15,1,6;9,X15Y5_RMUX07,49,codeword attributed to a uniquely vendor-used member
rrg_edges_full.csv,RMUX55,15,3,RMUX31,15,2,6;9,X15Y6_RMUX07,34,codeword attributed to a uniquely vendor-used member
rrg_edges_full.csv,RMUX55,15,4,RMUX31,15,3,6;9,X15Y7_RMUX07,41,codeword attributed to a uniquely vendor-used member
rrg_edges_full.csv,RMUX55,15,5,RMUX31,15,4,6;9,X15Y8_RMUX07,28,codeword attributed to a uniquely vendor-used member
rrg_edges_full.csv,RMUX55,15,6,RMUX31,15,5,6;9,X15Y9_RMUX07,101,codeword attributed to a uniquely vendor-used member
rrg_edges_full.csv,RMUX55,15,7,RMUX31,15,6,6;9,X15Y10_RMUX07,32,codeword attributed to a uniquely vendor-used member
rrg_edges_full.csv,RMUX55,15,8,RMUX31,15,7,6;9,X15Y11_RMUX07,28,codeword attributed to a uniquely vendor-used member
rrg_edges_full.csv,RMUX55,15,9,RMUX31,15,8,6;9,X15Y12_RMUX07,8,codeword attributed to a uniquely vendor-used member
rrg_edges_full.csv,RMUX55,16,10,RMUX24,16,8,5;9,X16Y11_RMUX07,5,codeword attributed to a uniquely vendor-used member
rrg_edges_full.csv,RMUX55,16,2,RMUX31,16,1,6;9,X16Y5_RMUX07,69,codeword attributed to a uniquely vendor-used member
rrg_edges_full.csv,RMUX55,16,3,RMUX31,16,2,6;9,X16Y6_RMUX07,37,codeword attributed to a uniquely vendor-used member
rrg_edges_full.csv,RMUX55,16,4,RMUX24,16,2,5;9,X16Y5_RMUX07,10,codeword attributed to a uniquely vendor-used member
rrg_edges_full.csv,RMUX55,16,4,RMUX31,16,3,6;9,X16Y7_RMUX07,67,codeword attributed to a uniquely vendor-used member
rrg_edges_full.csv,RMUX55,16,5,RMUX31,16,4,6;9,X16Y8_RMUX07,46,codeword attributed to a uniquely vendor-used member
rrg_edges_full.csv,RMUX55,16,6,RMUX31,16,5,6;9,X16Y9_RMUX07,109,codeword attributed to a uniquely vendor-used member
rrg_edges_full.csv,RMUX55,16,7,RMUX31,16,6,6;9,X16Y10_RMUX07,35,codeword attributed to a uniquely vendor-used member
rrg_edges_full.csv,RMUX55,16,8,RMUX31,16,7,6;9,X16Y11_RMUX07,21,codeword attributed to a uniquely vendor-used member
rrg_edges_full.csv,RMUX55,16,9,RMUX31,16,8,6;9,X16Y12_RMUX07,4,codeword attributed to a uniquely vendor-used member
rrg_edges_full.csv,RMUX55,17,2,RMUX31,17,1,6;9,X17Y5_RMUX07,58,codeword attributed to a uniquely vendor-used member
rrg_edges_full.csv,RMUX55,17,3,RMUX31,17,2,6;9,X17Y6_RMUX07,52,codeword attributed to a uniquely vendor-used member
rrg_edges_full.csv,RMUX55,17,4,RMUX31,17,3,6;9,X17Y7_RMUX07,49,codeword attributed to a uniquely vendor-used member
rrg_edges_full.csv,RMUX55,17,5,RMUX31,17,4,6;9,X17Y8_RMUX07,42,codeword attributed to a uniquely vendor-used member
rrg_edges_full.csv,RMUX55,17,6,RMUX31,17,5,6;9,X17Y9_RMUX07,56,codeword attributed to a uniquely vendor-used member
rrg_edges_full.csv,RMUX55,17,7,RMUX31,17,6,6;9,X17Y10_RMUX07,20,codeword attributed to a uniquely vendor-used member
rrg_edges_full.csv,RMUX55,17,8,RMUX31,17,7,6;9,X17Y11_RMUX07,17,codeword attributed to a uniquely vendor-used member
rrg_edges_full.csv,RMUX55,17,9,RMUX31,17,8,6;9,X17Y12_RMUX07,11,codeword attributed to a uniquely vendor-used member
rrg_edges_full.csv,RMUX55,18,2,RMUX31,18,1,6;9,X18Y5_RMUX07,72,codeword attributed to a uniquely vendor-used member
rrg_edges_full.csv,RMUX55,18,3,RMUX31,18,2,6;9,X18Y6_RMUX07,39,codeword attributed to a uniquely vendor-used member
rrg_edges_full.csv,RMUX55,18,4,RMUX31,18,3,6;9,X18Y7_RMUX07,45,codeword attributed to a uniquely vendor-used member
rrg_edges_full.csv,RMUX55,18,5,RMUX31,18,4,6;9,X18Y8_RMUX07,26,codeword attributed to a uniquely vendor-used member
rrg_edges_full.csv,RMUX55,18,6,RMUX31,18,5,6;9,X18Y9_RMUX07,29,codeword attributed to a uniquely vendor-used member
rrg_edges_full.csv,RMUX55,18,7,RMUX31,18,6,6;9,X18Y10_RMUX07,8,codeword attributed to a uniquely vendor-used member
rrg_edges_full.csv,RMUX55,18,8,RMUX31,18,7,6;9,X18Y11_RMUX07,14,codeword attributed to a uniquely vendor-used member
rrg_edges_full.csv,RMUX55,18,9,RMUX31,18,8,6;9,X18Y12_RMUX07,4,codeword attributed to a uniquely vendor-used member
rrg_edges_full.csv,RMUX55,19,2,RMUX31,19,1,6;9,X19Y5_RMUX07,60,codeword attributed to a uniquely vendor-used member
rrg_edges_full.csv,RMUX55,19,3,RMUX31,19,2,6;9,X19Y6_RMUX07,22,codeword attributed to a uniquely vendor-used member
rrg_edges_full.csv,RMUX55,19,4,RMUX31,19,3,6;9,X19Y7_RMUX07,19,codeword attributed to a uniquely vendor-used member
rrg_edges_full.csv,RMUX55,19,5,RMUX31,19,4,6;9,X19Y8_RMUX07,21,codeword attributed to a uniquely vendor-used member
rrg_edges_full.csv,RMUX55,19,6,RMUX31,19,5,6;9,X19Y9_RMUX07,16,codeword attributed to a uniquely vendor-used member
rrg_edges_full.csv,RMUX55,19,7,RMUX31,19,6,6;9,X19Y10_RMUX07,8,codeword attributed to a uniquely vendor-used member
rrg_edges_full.csv,RMUX55,19,8,RMUX31,19,7,6;9,X19Y11_RMUX07,8,codeword attributed to a uniquely vendor-used member
rrg_edges_full.csv,RMUX55,19,9,RMUX31,19,8,6;9,X19Y12_RMUX07,2,codeword attributed to a uniquely vendor-used member
rrg_edges_full.csv,RMUX55,20,2,RMUX31,20,1,6;9,X20Y5_RMUX07,24,codeword attributed to a uniquely vendor-used member
rrg_edges_full.csv,RMUX55,20,3,RMUX31,20,2,6;9,X20Y6_RMUX07,15,codeword attributed to a uniquely vendor-used member
rrg_edges_full.csv,RMUX55,20,4,RMUX31,20,3,6;9,X20Y7_RMUX07,23,codeword attributed to a uniquely vendor-used member
rrg_edges_full.csv,RMUX55,20,5,RMUX31,20,4,6;9,X20Y8_RMUX07,16,codeword attributed to a uniquely vendor-used member
rrg_edges_full.csv,RMUX55,20,6,RMUX31,20,5,6;9,X20Y9_RMUX07,13,codeword attributed to a uniquely vendor-used member
rrg_edges_full.csv,RMUX55,20,7,RMUX31,20,6,6;9,X20Y10_RMUX07,8,codeword attributed to a uniquely vendor-used member
rrg_edges_full.csv,RMUX55,20,8,RMUX31,20,7,6;9,X20Y11_RMUX07,4,codeword attributed to a uniquely vendor-used member
rrg_edges_full.csv,RMUX55,20,9,RMUX31,20,8,6;9,X20Y12_RMUX07,3,codeword attributed to a uniquely vendor-used member
rrg_edges_full.csv,RMUX57,1,4,RMUX45,1,4,1;9,X1Y1_RMUX09,7,codeword attributed to a uniquely vendor-used member
rrg_edges_full.csv,RMUX57,10,4,RMUX45,10,4,1;9,X10Y1_RMUX09,56,codeword attributed to a uniquely vendor-used member
rrg_edges_full.csv,RMUX57,11,4,RMUX45,11,4,1;9,X11Y1_RMUX09,68,codeword attributed to a uniquely vendor-used member
rrg_edges_full.csv,RMUX57,12,4,RMUX45,12,4,1;9,X12Y1_RMUX09,71,codeword attributed to a uniquely vendor-used member
rrg_edges_full.csv,RMUX57,14,10,RMUX34,14,11,2;9,X14Y7_RMUX09,45,codeword attributed to a uniquely vendor-used member
rrg_edges_full.csv,RMUX57,14,10,RMUX38,14,11,2;9,X14Y7_RMUX09,11,codeword attributed to a uniquely vendor-used member
rrg_edges_full.csv,RMUX57,14,10,RMUX45,14,10,1;9,X14Y7_RMUX09,26,codeword attributed to a uniquely vendor-used member
rrg_edges_full.csv,RMUX57,14,11,RMUX34,14,12,2;9,X14Y8_RMUX09,36,codeword attributed to a uniquely vendor-used member
rrg_edges_full.csv,RMUX57,14,11,RMUX38,14,12,2;9,X14Y8_RMUX09,12,codeword attributed to a uniquely vendor-used member
rrg_edges_full.csv,RMUX57,14,11,RMUX45,14,11,1;9,X14Y8_RMUX09,20,codeword attributed to a uniquely vendor-used member
rrg_edges_full.csv,RMUX57,14,12,RMUX45,14,12,1;9,X14Y9_RMUX09,25,codeword attributed to a uniquely vendor-used member
rrg_edges_full.csv,RMUX57,14,4,RMUX34,14,5,2;9,X14Y1_RMUX09,30,codeword attributed to a uniquely vendor-used member
rrg_edges_full.csv,RMUX57,14,4,RMUX38,14,5,2;9,X14Y1_RMUX09,36,codeword attributed to a uniquely vendor-used member
rrg_edges_full.csv,RMUX57,14,4,RMUX45,14,4,1;9,X14Y1_RMUX09,51,codeword attributed to a uniquely vendor-used member
rrg_edges_full.csv,RMUX57,14,5,RMUX34,14,6,2;9,X14Y2_RMUX09,21,codeword attributed to a uniquely vendor-used member
rrg_edges_full.csv,RMUX57,14,5,RMUX38,14,6,2;9,X14Y2_RMUX09,29,codeword attributed to a uniquely vendor-used member
rrg_edges_full.csv,RMUX57,14,5,RMUX45,14,5,1;9,X14Y2_RMUX09,99,codeword attributed to a uniquely vendor-used member
rrg_edges_full.csv,RMUX57,14,6,RMUX34,14,7,2;9,X14Y3_RMUX09,37,codeword attributed to a uniquely vendor-used member
rrg_edges_full.csv,RMUX57,14,6,RMUX38,14,7,2;9,X14Y3_RMUX09,30,codeword attributed to a uniquely vendor-used member
rrg_edges_full.csv,RMUX57,14,6,RMUX45,14,6,1;9,X14Y3_RMUX09,66,codeword attributed to a uniquely vendor-used member
rrg_edges_full.csv,RMUX57,14,7,RMUX34,14,8,2;9,X14Y4_RMUX09,33,codeword attributed to a uniquely vendor-used member
rrg_edges_full.csv,RMUX57,14,7,RMUX38,14,8,2;9,X14Y4_RMUX09,15,codeword attributed to a uniquely vendor-used member
rrg_edges_full.csv,RMUX57,14,7,RMUX45,14,7,1;9,X14Y4_RMUX09,75,codeword attributed to a uniquely vendor-used member
rrg_edges_full.csv,RMUX57,14,8,RMUX34,14,9,2;9,X14Y5_RMUX09,45,codeword attributed to a uniquely vendor-used member
rrg_edges_full.csv,RMUX57,14,8,RMUX38,14,9,2;9,X14Y5_RMUX09,25,codeword attributed to a uniquely vendor-used member
rrg_edges_full.csv,RMUX57,14,8,RMUX45,14,8,1;9,X14Y5_RMUX09,47,codeword attributed to a uniquely vendor-used member
rrg_edges_full.csv,RMUX57,14,9,RMUX34,14,10,2;9,X14Y6_RMUX09,41,codeword attributed to a uniquely vendor-used member
rrg_edges_full.csv,RMUX57,14,9,RMUX38,14,10,2;9,X14Y6_RMUX09,17,codeword attributed to a uniquely vendor-used member
rrg_edges_full.csv,RMUX57,14,9,RMUX45,14,9,1;9,X14Y6_RMUX09,47,codeword attributed to a uniquely vendor-used member
rrg_edges_full.csv,RMUX57,15,10,RMUX34,15,11,2;9,X15Y7_RMUX09,37,codeword attributed to a uniquely vendor-used member
rrg_edges_full.csv,RMUX57,15,10,RMUX38,15,11,2;9,X15Y7_RMUX09,20,codeword attributed to a uniquely vendor-used member
rrg_edges_full.csv,RMUX57,15,10,RMUX45,15,10,1;9,X15Y7_RMUX09,26,codeword attributed to a uniquely vendor-used member
rrg_edges_full.csv,RMUX57,15,11,RMUX34,15,12,2;9,X15Y8_RMUX09,44,codeword attributed to a uniquely vendor-used member
rrg_edges_full.csv,RMUX57,15,11,RMUX38,15,12,2;9,X15Y8_RMUX09,8,codeword attributed to a uniquely vendor-used member
rrg_edges_full.csv,RMUX57,15,11,RMUX45,15,11,1;9,X15Y8_RMUX09,24,codeword attributed to a uniquely vendor-used member
rrg_edges_full.csv,RMUX57,15,12,RMUX45,15,12,1;9,X15Y9_RMUX09,26,codeword attributed to a uniquely vendor-used member
rrg_edges_full.csv,RMUX57,15,4,RMUX34,15,5,2;9,X15Y1_RMUX09,25,codeword attributed to a uniquely vendor-used member
rrg_edges_full.csv,RMUX57,15,4,RMUX38,15,5,2;9,X15Y1_RMUX09,21,codeword attributed to a uniquely vendor-used member
rrg_edges_full.csv,RMUX57,15,4,RMUX45,15,4,1;9,X15Y1_RMUX09,52,codeword attributed to a uniquely vendor-used member
rrg_edges_full.csv,RMUX57,15,5,RMUX34,15,6,2;9,X15Y2_RMUX09,31,codeword attributed to a uniquely vendor-used member
rrg_edges_full.csv,RMUX57,15,5,RMUX38,15,6,2;9,X15Y2_RMUX09,17,codeword attributed to a uniquely vendor-used member
rrg_edges_full.csv,RMUX57,15,5,RMUX45,15,5,1;9,X15Y2_RMUX09,64,codeword attributed to a uniquely vendor-used member
rrg_edges_full.csv,RMUX57,15,6,RMUX34,15,7,2;9,X15Y3_RMUX09,29,codeword attributed to a uniquely vendor-used member
rrg_edges_full.csv,RMUX57,15,6,RMUX38,15,7,2;9,X15Y3_RMUX09,20,codeword attributed to a uniquely vendor-used member
rrg_edges_full.csv,RMUX57,15,6,RMUX45,15,6,1;9,X15Y3_RMUX09,55,codeword attributed to a uniquely vendor-used member
rrg_edges_full.csv,RMUX57,15,7,RMUX34,15,8,2;9,X15Y4_RMUX09,34,codeword attributed to a uniquely vendor-used member
rrg_edges_full.csv,RMUX57,15,7,RMUX38,15,8,2;9,X15Y4_RMUX09,20,codeword attributed to a uniquely vendor-used member
rrg_edges_full.csv,RMUX57,15,7,RMUX45,15,7,1;9,X15Y4_RMUX09,59,codeword attributed to a uniquely vendor-used member
rrg_edges_full.csv,RMUX57,15,8,RMUX34,15,9,2;9,X15Y5_RMUX09,66,codeword attributed to a uniquely vendor-used member
rrg_edges_full.csv,RMUX57,15,8,RMUX38,15,9,2;9,X15Y5_RMUX09,18,codeword attributed to a uniquely vendor-used member
rrg_edges_full.csv,RMUX57,15,8,RMUX45,15,8,1;9,X15Y5_RMUX09,38,codeword attributed to a uniquely vendor-used member
rrg_edges_full.csv,RMUX57,15,9,RMUX34,15,10,2;9,X15Y6_RMUX09,55,codeword attributed to a uniquely vendor-used member
rrg_edges_full.csv,RMUX57,15,9,RMUX38,15,10,2;9,X15Y6_RMUX09,7,codeword attributed to a uniquely vendor-used member
rrg_edges_full.csv,RMUX57,15,9,RMUX45,15,9,1;9,X15Y6_RMUX09,31,codeword attributed to a uniquely vendor-used member
rrg_edges_full.csv,RMUX57,16,10,RMUX34,16,11,2;9,X16Y7_RMUX09,42,codeword attributed to a uniquely vendor-used member
rrg_edges_full.csv,RMUX57,16,10,RMUX38,16,11,2;9,X16Y7_RMUX09,8,codeword attributed to a uniquely vendor-used member
rrg_edges_full.csv,RMUX57,16,10,RMUX45,16,10,1;9,X16Y7_RMUX09,28,codeword attributed to a uniquely vendor-used member
rrg_edges_full.csv,RMUX57,16,11,RMUX34,16,12,2;9,X16Y8_RMUX09,34,codeword attributed to a uniquely vendor-used member
rrg_edges_full.csv,RMUX57,16,11,RMUX38,16,12,2;9,X16Y8_RMUX09,6,codeword attributed to a uniquely vendor-used member
rrg_edges_full.csv,RMUX57,16,11,RMUX45,16,11,1;9,X16Y8_RMUX09,29,codeword attributed to a uniquely vendor-used member
rrg_edges_full.csv,RMUX57,16,12,RMUX45,16,12,1;9,X16Y9_RMUX09,35,codeword attributed to a uniquely vendor-used member
rrg_edges_full.csv,RMUX57,16,4,RMUX34,16,5,2;9,X16Y1_RMUX09,27,codeword attributed to a uniquely vendor-used member
rrg_edges_full.csv,RMUX57,16,4,RMUX38,16,5,2;9,X16Y1_RMUX09,13,codeword attributed to a uniquely vendor-used member
rrg_edges_full.csv,RMUX57,16,4,RMUX45,16,4,1;9,X16Y1_RMUX09,49,codeword attributed to a uniquely vendor-used member
rrg_edges_full.csv,RMUX57,16,5,RMUX34,16,6,2;9,X16Y2_RMUX09,18,codeword attributed to a uniquely vendor-used member
rrg_edges_full.csv,RMUX57,16,5,RMUX38,16,6,2;9,X16Y2_RMUX09,8,codeword attributed to a uniquely vendor-used member
rrg_edges_full.csv,RMUX57,16,5,RMUX45,16,5,1;9,X16Y2_RMUX09,65,codeword attributed to a uniquely vendor-used member
rrg_edges_full.csv,RMUX57,16,6,RMUX34,16,7,2;9,X16Y3_RMUX09,34,codeword attributed to a uniquely vendor-used member
rrg_edges_full.csv,RMUX57,16,6,RMUX38,16,7,2;9,X16Y3_RMUX09,15,codeword attributed to a uniquely vendor-used member
rrg_edges_full.csv,RMUX57,16,6,RMUX45,16,6,1;9,X16Y3_RMUX09,58,codeword attributed to a uniquely vendor-used member
rrg_edges_full.csv,RMUX57,16,7,RMUX34,16,8,2;9,X16Y4_RMUX09,25,codeword attributed to a uniquely vendor-used member
rrg_edges_full.csv,RMUX57,16,7,RMUX38,16,8,2;9,X16Y4_RMUX09,5,codeword attributed to a uniquely vendor-used member
rrg_edges_full.csv,RMUX57,16,7,RMUX45,16,7,1;9,X16Y4_RMUX09,51,codeword attributed to a uniquely vendor-used member
rrg_edges_full.csv,RMUX57,16,8,RMUX34,16,9,2;9,X16Y5_RMUX09,39,codeword attributed to a uniquely vendor-used member
rrg_edges_full.csv,RMUX57,16,8,RMUX38,16,9,2;9,X16Y5_RMUX09,13,codeword attributed to a uniquely vendor-used member
rrg_edges_full.csv,RMUX57,16,8,RMUX45,16,8,1;9,X16Y5_RMUX09,35,codeword attributed to a uniquely vendor-used member
rrg_edges_full.csv,RMUX57,16,9,RMUX34,16,10,2;9,X16Y6_RMUX09,47,codeword attributed to a uniquely vendor-used member
rrg_edges_full.csv,RMUX57,16,9,RMUX38,16,10,2;9,X16Y6_RMUX09,6,codeword attributed to a uniquely vendor-used member
rrg_edges_full.csv,RMUX57,16,9,RMUX45,16,9,1;9,X16Y6_RMUX09,35,codeword attributed to a uniquely vendor-used member
rrg_edges_full.csv,RMUX57,17,10,RMUX34,17,11,2;9,X17Y7_RMUX09,40,codeword attributed to a uniquely vendor-used member
rrg_edges_full.csv,RMUX57,17,10,RMUX38,17,11,2;9,X17Y7_RMUX09,6,codeword attributed to a uniquely vendor-used member
rrg_edges_full.csv,RMUX57,17,10,RMUX45,17,10,1;9,X17Y7_RMUX09,26,codeword attributed to a uniquely vendor-used member
rrg_edges_full.csv,RMUX57,17,11,RMUX34,17,12,2;9,X17Y8_RMUX09,36,codeword attributed to a uniquely vendor-used member
rrg_edges_full.csv,RMUX57,17,11,RMUX38,17,12,2;9,X17Y8_RMUX09,4,codeword attributed to a uniquely vendor-used member
rrg_edges_full.csv,RMUX57,17,11,RMUX45,17,11,1;9,X17Y8_RMUX09,23,codeword attributed to a uniquely vendor-used member
rrg_edges_full.csv,RMUX57,17,12,RMUX45,17,12,1;9,X17Y9_RMUX09,21,codeword attributed to a uniquely vendor-used member
rrg_edges_full.csv,RMUX57,17,4,RMUX34,17,5,2;9,X17Y1_RMUX09,18,codeword attributed to a uniquely vendor-used member
rrg_edges_full.csv,RMUX57,17,4,RMUX38,17,5,2;9,X17Y1_RMUX09,7,codeword attributed to a uniquely vendor-used member
rrg_edges_full.csv,RMUX57,17,4,RMUX45,17,4,1;9,X17Y1_RMUX09,30,codeword attributed to a uniquely vendor-used member
rrg_edges_full.csv,RMUX57,17,5,RMUX34,17,6,2;9,X17Y2_RMUX09,26,codeword attributed to a uniquely vendor-used member
rrg_edges_full.csv,RMUX57,17,5,RMUX38,17,6,2;9,X17Y2_RMUX09,7,codeword attributed to a uniquely vendor-used member
rrg_edges_full.csv,RMUX57,17,5,RMUX45,17,5,1;9,X17Y2_RMUX09,36,codeword attributed to a uniquely vendor-used member
rrg_edges_full.csv,RMUX57,17,6,RMUX34,17,7,2;9,X17Y3_RMUX09,36,codeword attributed to a uniquely vendor-used member
rrg_edges_full.csv,RMUX57,17,6,RMUX38,17,7,2;9,X17Y3_RMUX09,7,codeword attributed to a uniquely vendor-used member
rrg_edges_full.csv,RMUX57,17,6,RMUX45,17,6,1;9,X17Y3_RMUX09,29,codeword attributed to a uniquely vendor-used member
rrg_edges_full.csv,RMUX57,17,7,RMUX34,17,8,2;9,X17Y4_RMUX09,45,codeword attributed to a uniquely vendor-used member
rrg_edges_full.csv,RMUX57,17,7,RMUX38,17,8,2;9,X17Y4_RMUX09,8,codeword attributed to a uniquely vendor-used member
rrg_edges_full.csv,RMUX57,17,7,RMUX45,17,7,1;9,X17Y4_RMUX09,42,codeword attributed to a uniquely vendor-used member
rrg_edges_full.csv,RMUX57,17,8,RMUX34,17,9,2;9,X17Y5_RMUX09,48,codeword attributed to a uniquely vendor-used member
rrg_edges_full.csv,RMUX57,17,8,RMUX38,17,9,2;9,X17Y5_RMUX09,5,codeword attributed to a uniquely vendor-used member
rrg_edges_full.csv,RMUX57,17,8,RMUX45,17,8,1;9,X17Y5_RMUX09,24,codeword attributed to a uniquely vendor-used member
rrg_edges_full.csv,RMUX57,17,9,RMUX34,17,10,2;9,X17Y6_RMUX09,38,codeword attributed to a uniquely vendor-used member
rrg_edges_full.csv,RMUX57,17,9,RMUX38,17,10,2;9,X17Y6_RMUX09,4,codeword attributed to a uniquely vendor-used member
rrg_edges_full.csv,RMUX57,17,9,RMUX45,17,9,1;9,X17Y6_RMUX09,25,codeword attributed to a uniquely vendor-used member
rrg_edges_full.csv,RMUX57,18,10,RMUX34,18,11,2;9,X18Y7_RMUX09,26,codeword attributed to a uniquely vendor-used member
rrg_edges_full.csv,RMUX57,18,10,RMUX38,18,11,2;9,X18Y7_RMUX09,4,codeword attributed to a uniquely vendor-used member
rrg_edges_full.csv,RMUX57,18,10,RMUX45,18,10,1;9,X18Y7_RMUX09,8,codeword attributed to a uniquely vendor-used member
rrg_edges_full.csv,RMUX57,18,11,RMUX34,18,12,2;9,X18Y8_RMUX09,27,codeword attributed to a uniquely vendor-used member
rrg_edges_full.csv,RMUX57,18,11,RMUX38,18,12,2;9,X18Y8_RMUX09,2,codeword attributed to a uniquely vendor-used member
rrg_edges_full.csv,RMUX57,18,11,RMUX45,18,11,1;9,X18Y8_RMUX09,9,codeword attributed to a uniquely vendor-used member
rrg_edges_full.csv,RMUX57,18,12,RMUX45,18,12,1;9,X18Y9_RMUX09,16,codeword attributed to a uniquely vendor-used member
rrg_edges_full.csv,RMUX57,18,4,RMUX34,18,5,2;9,X18Y1_RMUX09,13,codeword attributed to a uniquely vendor-used member
rrg_edges_full.csv,RMUX57,18,4,RMUX38,18,5,2;9,X18Y1_RMUX09,3,codeword attributed to a uniquely vendor-used member
rrg_edges_full.csv,RMUX57,18,4,RMUX45,18,4,1;9,X18Y1_RMUX09,28,codeword attributed to a uniquely vendor-used member
rrg_edges_full.csv,RMUX57,18,5,RMUX34,18,6,2;9,X18Y2_RMUX09,27,codeword attributed to a uniquely vendor-used member
rrg_edges_full.csv,RMUX57,18,5,RMUX38,18,6,2;9,X18Y2_RMUX09,5,codeword attributed to a uniquely vendor-used member
rrg_edges_full.csv,RMUX57,18,5,RMUX45,18,5,1;9,X18Y2_RMUX09,18,codeword attributed to a uniquely vendor-used member
rrg_edges_full.csv,RMUX57,18,6,RMUX34,18,7,2;9,X18Y3_RMUX09,31,codeword attributed to a uniquely vendor-used member
rrg_edges_full.csv,RMUX57,18,6,RMUX38,18,7,2;9,X18Y3_RMUX09,7,codeword attributed to a uniquely vendor-used member
rrg_edges_full.csv,RMUX57,18,6,RMUX45,18,6,1;9,X18Y3_RMUX09,19,codeword attributed to a uniquely vendor-used member
rrg_edges_full.csv,RMUX57,18,7,RMUX34,18,8,2;9,X18Y4_RMUX09,22,codeword attributed to a uniquely vendor-used member
rrg_edges_full.csv,RMUX57,18,7,RMUX38,18,8,2;9,X18Y4_RMUX09,6,codeword attributed to a uniquely vendor-used member
rrg_edges_full.csv,RMUX57,18,7,RMUX45,18,7,1;9,X18Y4_RMUX09,21,codeword attributed to a uniquely vendor-used member
rrg_edges_full.csv,RMUX57,18,8,RMUX34,18,9,2;9,X18Y5_RMUX09,33,codeword attributed to a uniquely vendor-used member
rrg_edges_full.csv,RMUX57,18,8,RMUX38,18,9,2;9,X18Y5_RMUX09,5,codeword attributed to a uniquely vendor-used member
rrg_edges_full.csv,RMUX57,18,8,RMUX45,18,8,1;9,X18Y5_RMUX09,29,codeword attributed to a uniquely vendor-used member
rrg_edges_full.csv,RMUX57,18,9,RMUX34,18,10,2;9,X18Y6_RMUX09,30,codeword attributed to a uniquely vendor-used member
rrg_edges_full.csv,RMUX57,18,9,RMUX45,18,9,1;9,X18Y6_RMUX09,15,codeword attributed to a uniquely vendor-used member
rrg_edges_full.csv,RMUX57,19,10,RMUX34,19,11,2;9,X19Y7_RMUX09,41,codeword attributed to a uniquely vendor-used member
rrg_edges_full.csv,RMUX57,19,10,RMUX45,19,10,1;9,X19Y7_RMUX09,8,codeword attributed to a uniquely vendor-used member
rrg_edges_full.csv,RMUX57,19,11,RMUX34,19,12,2;9,X19Y8_RMUX09,39,codeword attributed to a uniquely vendor-used member
rrg_edges_full.csv,RMUX57,19,11,RMUX45,19,11,1;9,X19Y8_RMUX09,5,codeword attributed to a uniquely vendor-used member
rrg_edges_full.csv,RMUX57,19,12,RMUX45,19,12,1;9,X19Y9_RMUX09,5,codeword attributed to a uniquely vendor-used member
rrg_edges_full.csv,RMUX57,19,4,RMUX34,19,5,2;9,X19Y1_RMUX09,20,codeword attributed to a uniquely vendor-used member
rrg_edges_full.csv,RMUX57,19,4,RMUX45,19,4,1;9,X19Y1_RMUX09,4,codeword attributed to a uniquely vendor-used member
rrg_edges_full.csv,RMUX57,19,5,RMUX34,19,6,2;9,X19Y2_RMUX09,29,codeword attributed to a uniquely vendor-used member
rrg_edges_full.csv,RMUX57,19,5,RMUX45,19,5,1;9,X19Y2_RMUX09,5,codeword attributed to a uniquely vendor-used member
rrg_edges_full.csv,RMUX57,19,6,RMUX34,19,7,2;9,X19Y3_RMUX09,28,codeword attributed to a uniquely vendor-used member
rrg_edges_full.csv,RMUX57,19,6,RMUX45,19,6,1;9,X19Y3_RMUX09,9,codeword attributed to a uniquely vendor-used member
rrg_edges_full.csv,RMUX57,19,7,RMUX34,19,8,2;9,X19Y4_RMUX09,36,codeword attributed to a uniquely vendor-used member
rrg_edges_full.csv,RMUX57,19,7,RMUX45,19,7,1;9,X19Y4_RMUX09,10,codeword attributed to a uniquely vendor-used member
rrg_edges_full.csv,RMUX57,19,8,RMUX34,19,9,2;9,X19Y5_RMUX09,56,codeword attributed to a uniquely vendor-used member
rrg_edges_full.csv,RMUX57,19,8,RMUX38,19,9,2;9,X19Y5_RMUX09,2,codeword attributed to a uniquely vendor-used member
rrg_edges_full.csv,RMUX57,19,8,RMUX45,19,8,1;9,X19Y5_RMUX09,10,codeword attributed to a uniquely vendor-used member
rrg_edges_full.csv,RMUX57,19,9,RMUX34,19,10,2;9,X19Y6_RMUX09,46,codeword attributed to a uniquely vendor-used member
rrg_edges_full.csv,RMUX57,19,9,RMUX45,19,9,1;9,X19Y6_RMUX09,9,codeword attributed to a uniquely vendor-used member
rrg_edges_full.csv,RMUX57,2,4,RMUX45,2,4,1;9,X2Y1_RMUX09,6,codeword attributed to a uniquely vendor-used member
rrg_edges_full.csv,RMUX57,20,10,RMUX34,20,11,2;9,X20Y7_RMUX09,24,codeword attributed to a uniquely vendor-used member
rrg_edges_full.csv,RMUX57,20,10,RMUX38,20,11,2;9,X20Y7_RMUX09,2,codeword attributed to a uniquely vendor-used member
rrg_edges_full.csv,RMUX57,20,10,RMUX45,20,10,1;9,X20Y7_RMUX09,2,codeword attributed to a uniquely vendor-used member
rrg_edges_full.csv,RMUX57,20,11,RMUX34,20,12,2;9,X20Y8_RMUX09,26,codeword attributed to a uniquely vendor-used member
rrg_edges_full.csv,RMUX57,20,12,RMUX45,20,12,1;9,X20Y9_RMUX09,2,codeword attributed to a uniquely vendor-used member
rrg_edges_full.csv,RMUX57,20,4,RMUX34,20,5,2;9,X20Y1_RMUX09,28,codeword attributed to a uniquely vendor-used member
rrg_edges_full.csv,RMUX57,20,4,RMUX38,20,5,2;9,X20Y1_RMUX09,2,codeword attributed to a uniquely vendor-used member
rrg_edges_full.csv,RMUX57,20,4,RMUX45,20,4,1;9,X20Y1_RMUX09,8,codeword attributed to a uniquely vendor-used member
rrg_edges_full.csv,RMUX57,20,5,RMUX34,20,6,2;9,X20Y2_RMUX09,24,codeword attributed to a uniquely vendor-used member
rrg_edges_full.csv,RMUX57,20,5,RMUX45,20,5,1;9,X20Y2_RMUX09,3,codeword attributed to a uniquely vendor-used member
rrg_edges_full.csv,RMUX57,20,6,RMUX34,20,7,2;9,X20Y3_RMUX09,22,codeword attributed to a uniquely vendor-used member
rrg_edges_full.csv,RMUX57,20,6,RMUX38,20,7,2;9,X20Y3_RMUX09,3,codeword attributed to a uniquely vendor-used member
rrg_edges_full.csv,RMUX57,20,6,RMUX45,20,6,1;9,X20Y3_RMUX09,2,codeword attributed to a uniquely vendor-used member
rrg_edges_full.csv,RMUX57,20,7,RMUX34,20,8,2;9,X20Y4_RMUX09,28,codeword attributed to a uniquely vendor-used member
rrg_edges_full.csv,RMUX57,20,7,RMUX38,20,8,2;9,X20Y4_RMUX09,2,codeword attributed to a uniquely vendor-used member
rrg_edges_full.csv,RMUX57,20,8,RMUX34,20,9,2;9,X20Y5_RMUX09,35,codeword attributed to a uniquely vendor-used member
rrg_edges_full.csv,RMUX57,20,8,RMUX38,20,9,2;9,X20Y5_RMUX09,3,codeword attributed to a uniquely vendor-used member
rrg_edges_full.csv,RMUX57,20,9,RMUX34,20,10,2;9,X20Y6_RMUX09,34,codeword attributed to a uniquely vendor-used member
rrg_edges_full.csv,RMUX57,20,9,RMUX45,20,9,1;9,X20Y6_RMUX09,3,codeword attributed to a uniquely vendor-used member
rrg_edges_full.csv,RMUX57,3,4,RMUX45,3,4,1;9,X3Y1_RMUX09,10,codeword attributed to a uniquely vendor-used member
rrg_edges_full.csv,RMUX57,4,4,RMUX45,4,4,1;9,X4Y1_RMUX09,16,codeword attributed to a uniquely vendor-used member
rrg_edges_full.csv,RMUX57,5,4,RMUX45,5,4,1;9,X5Y1_RMUX09,28,codeword attributed to a uniquely vendor-used member
rrg_edges_full.csv,RMUX57,6,4,RMUX45,6,4,1;9,X6Y1_RMUX09,23,codeword attributed to a uniquely vendor-used member
rrg_edges_full.csv,RMUX57,7,4,RMUX45,7,4,1;9,X7Y1_RMUX09,40,codeword attributed to a uniquely vendor-used member
rrg_edges_full.csv,RMUX57,8,4,RMUX45,8,4,1;9,X8Y1_RMUX09,38,codeword attributed to a uniquely vendor-used member
rrg_edges_full.csv,RMUX57,9,4,RMUX45,9,4,1;9,X9Y1_RMUX09,38,codeword attributed to a uniquely vendor-used member
rrg_edges_full.csv,RMUX61,11,1,RMUX54,10,1,1;8,X14Y1_RMUX13,39,codeword attributed to a uniquely vendor-used member
rrg_edges_full.csv,RMUX61,11,2,RMUX54,10,2,1;8,X14Y2_RMUX13,25,codeword attributed to a uniquely vendor-used member
rrg_edges_full.csv,RMUX61,11,3,RMUX54,10,3,1;8,X14Y3_RMUX13,24,codeword attributed to a uniquely vendor-used member
rrg_edges_full.csv,RMUX61,11,4,RMUX54,10,4,1;8,X14Y4_RMUX13,47,codeword attributed to a uniquely vendor-used member
rrg_edges_full.csv,RMUX61,12,1,RMUX54,11,1,1;8,X15Y1_RMUX13,38,codeword attributed to a uniquely vendor-used member
rrg_edges_full.csv,RMUX61,12,2,RMUX54,11,2,1;8,X15Y2_RMUX13,31,codeword attributed to a uniquely vendor-used member
rrg_edges_full.csv,RMUX61,12,3,RMUX54,11,3,1;8,X15Y3_RMUX13,37,codeword attributed to a uniquely vendor-used member
rrg_edges_full.csv,RMUX61,12,4,RMUX54,11,4,1;8,X15Y4_RMUX13,36,codeword attributed to a uniquely vendor-used member
rrg_edges_full.csv,RMUX61,16,1,RMUX54,15,1,1;8,X19Y1_RMUX13,25,codeword attributed to a uniquely vendor-used member
rrg_edges_full.csv,RMUX61,16,10,RMUX54,15,10,1;8,X19Y10_RMUX13,25,codeword attributed to a uniquely vendor-used member
rrg_edges_full.csv,RMUX61,16,11,RMUX54,15,11,1;8,X19Y11_RMUX13,20,codeword attributed to a uniquely vendor-used member
rrg_edges_full.csv,RMUX61,16,12,RMUX54,15,12,1;8,X19Y12_RMUX13,17,codeword attributed to a uniquely vendor-used member
rrg_edges_full.csv,RMUX61,16,2,RMUX54,15,2,1;8,X19Y2_RMUX13,32,codeword attributed to a uniquely vendor-used member
rrg_edges_full.csv,RMUX61,16,3,RMUX54,15,3,1;8,X19Y3_RMUX13,28,codeword attributed to a uniquely vendor-used member
rrg_edges_full.csv,RMUX61,16,4,RMUX54,15,4,1;8,X19Y4_RMUX13,26,codeword attributed to a uniquely vendor-used member
rrg_edges_full.csv,RMUX61,16,5,RMUX54,15,5,1;8,X19Y5_RMUX13,37,codeword attributed to a uniquely vendor-used member
rrg_edges_full.csv,RMUX61,16,6,RMUX54,15,6,1;8,X19Y6_RMUX13,37,codeword attributed to a uniquely vendor-used member
rrg_edges_full.csv,RMUX61,16,7,RMUX54,15,7,1;8,X19Y7_RMUX13,31,codeword attributed to a uniquely vendor-used member
rrg_edges_full.csv,RMUX61,16,8,RMUX54,15,8,1;8,X19Y8_RMUX13,30,codeword attributed to a uniquely vendor-used member
rrg_edges_full.csv,RMUX61,16,9,RMUX54,15,9,1;8,X19Y9_RMUX13,30,codeword attributed to a uniquely vendor-used member
rrg_edges_full.csv,RMUX61,17,1,RMUX54,16,1,1;8,X20Y1_RMUX13,26,codeword attributed to a uniquely vendor-used member
rrg_edges_full.csv,RMUX61,17,10,RMUX54,16,10,1;8,X20Y10_RMUX13,16,codeword attributed to a uniquely vendor-used member
rrg_edges_full.csv,RMUX61,17,11,RMUX54,16,11,1;8,X20Y11_RMUX13,10,codeword attributed to a uniquely vendor-used member
rrg_edges_full.csv,RMUX61,17,12,RMUX54,16,12,1;8,X20Y12_RMUX13,14,codeword attributed to a uniquely vendor-used member
rrg_edges_full.csv,RMUX61,17,2,RMUX54,16,2,1;8,X20Y2_RMUX13,19,codeword attributed to a uniquely vendor-used member
rrg_edges_full.csv,RMUX61,17,3,RMUX54,16,3,1;8,X20Y3_RMUX13,30,codeword attributed to a uniquely vendor-used member
rrg_edges_full.csv,RMUX61,17,4,RMUX54,16,4,1;8,X20Y4_RMUX13,18,codeword attributed to a uniquely vendor-used member
rrg_edges_full.csv,RMUX61,17,5,RMUX54,16,5,1;8,X20Y5_RMUX13,25,codeword attributed to a uniquely vendor-used member
rrg_edges_full.csv,RMUX61,17,6,RMUX54,16,6,1;8,X20Y6_RMUX13,16,codeword attributed to a uniquely vendor-used member
rrg_edges_full.csv,RMUX61,17,7,RMUX54,16,7,1;8,X20Y7_RMUX13,20,codeword attributed to a uniquely vendor-used member
rrg_edges_full.csv,RMUX61,17,8,RMUX54,16,8,1;8,X20Y8_RMUX13,22,codeword attributed to a uniquely vendor-used member
rrg_edges_full.csv,RMUX61,17,9,RMUX54,16,9,1;8,X20Y9_RMUX13,14,codeword attributed to a uniquely vendor-used member
rrg_edges_full.csv,RMUX61,18,8,RMUX54,17,8,1;8,X21Y8_RMUX13,8,codeword attributed to a uniquely vendor-used member
rrg_edges_full.csv,RMUX61,18,9,RMUX54,17,9,1;8,X21Y9_RMUX13,2,codeword attributed to a uniquely vendor-used member
rrg_edges_full.csv,RMUX61,2,2,RMUX54,1,2,1;8,X5Y2_RMUX13,17,codeword attributed to a uniquely vendor-used member
rrg_edges_full.csv,RMUX61,2,3,RMUX54,1,3,1;8,X5Y3_RMUX13,11,codeword attributed to a uniquely vendor-used member
rrg_edges_full.csv,RMUX61,2,4,RMUX54,1,4,1;8,X5Y4_RMUX13,25,codeword attributed to a uniquely vendor-used member
rrg_edges_full.csv,RMUX61,3,1,RMUX54,2,1,1;8,X6Y1_RMUX13,3,codeword attributed to a uniquely vendor-used member
rrg_edges_full.csv,RMUX61,3,2,RMUX54,2,2,1;8,X6Y2_RMUX13,4,codeword attributed to a uniquely vendor-used member
rrg_edges_full.csv,RMUX61,3,3,RMUX54,2,3,1;8,X6Y3_RMUX13,4,codeword attributed to a uniquely vendor-used member
rrg_edges_full.csv,RMUX61,3,4,RMUX54,2,4,1;8,X6Y4_RMUX13,9,codeword attributed to a uniquely vendor-used member
rrg_edges_full.csv,RMUX61,4,1,RMUX54,3,1,1;8,X7Y1_RMUX13,9,codeword attributed to a uniquely vendor-used member
rrg_edges_full.csv,RMUX61,4,2,RMUX54,3,2,1;8,X7Y2_RMUX13,8,codeword attributed to a uniquely vendor-used member
rrg_edges_full.csv,RMUX61,4,3,RMUX54,3,3,1;8,X7Y3_RMUX13,5,codeword attributed to a uniquely vendor-used member
rrg_edges_full.csv,RMUX61,4,4,RMUX54,3,4,1;8,X7Y4_RMUX13,10,codeword attributed to a uniquely vendor-used member
rrg_edges_full.csv,RMUX61,5,1,RMUX54,4,1,1;8,X8Y1_RMUX13,12,codeword attributed to a uniquely vendor-used member
rrg_edges_full.csv,RMUX61,5,2,RMUX54,4,2,1;8,X8Y2_RMUX13,14,codeword attributed to a uniquely vendor-used member
rrg_edges_full.csv,RMUX61,5,3,RMUX54,4,3,1;8,X8Y3_RMUX13,11,codeword attributed to a uniquely vendor-used member
rrg_edges_full.csv,RMUX61,5,4,RMUX54,4,4,1;8,X8Y4_RMUX13,11,codeword attributed to a uniquely vendor-used member
rrg_edges_full.csv,RMUX61,6,1,RMUX54,5,1,1;8,X9Y1_RMUX13,10,codeword attributed to a uniquely vendor-used member
rrg_edges_full.csv,RMUX61,6,2,RMUX54,5,2,1;8,X9Y2_RMUX13,8,codeword attributed to a uniquely vendor-used member
rrg_edges_full.csv,RMUX61,6,3,RMUX54,5,3,1;8,X9Y3_RMUX13,9,codeword attributed to a uniquely vendor-used member
rrg_edges_full.csv,RMUX61,6,4,RMUX54,5,4,1;8,X9Y4_RMUX13,10,codeword attributed to a uniquely vendor-used member
rrg_edges_full.csv,RMUX61,7,1,RMUX54,6,1,1;8,X10Y1_RMUX13,29,codeword attributed to a uniquely vendor-used member
rrg_edges_full.csv,RMUX61,7,2,RMUX54,6,2,1;8,X10Y2_RMUX13,18,codeword attributed to a uniquely vendor-used member
rrg_edges_full.csv,RMUX61,7,3,RMUX54,6,3,1;8,X10Y3_RMUX13,12,codeword attributed to a uniquely vendor-used member
rrg_edges_full.csv,RMUX61,7,4,RMUX54,6,4,1;8,X10Y4_RMUX13,22,codeword attributed to a uniquely vendor-used member
rrg_edges_full.csv,RMUX61,8,1,RMUX54,7,1,1;8,X11Y1_RMUX13,37,codeword attributed to a uniquely vendor-used member
rrg_edges_full.csv,RMUX61,8,2,RMUX54,7,2,1;8,X11Y2_RMUX13,18,codeword attributed to a uniquely vendor-used member
rrg_edges_full.csv,RMUX61,8,3,RMUX54,7,3,1;8,X11Y3_RMUX13,17,codeword attributed to a uniquely vendor-used member
rrg_edges_full.csv,RMUX61,8,4,RMUX54,7,4,1;8,X11Y4_RMUX13,16,codeword attributed to a uniquely vendor-used member
rrg_edges_full.csv,RMUX61,9,1,RMUX54,8,1,1;8,X12Y1_RMUX13,30,codeword attributed to a uniquely vendor-used member
rrg_edges_full.csv,RMUX61,9,2,RMUX54,8,2,1;8,X12Y2_RMUX13,22,codeword attributed to a uniquely vendor-used member
rrg_edges_full.csv,RMUX61,9,3,RMUX54,8,3,1;8,X12Y3_RMUX13,18,codeword attributed to a uniquely vendor-used member
rrg_edges_full.csv,RMUX61,9,4,RMUX54,8,4,1;8,X12Y4_RMUX13,19,codeword attributed to a uniquely vendor-used member
rrg_edges_full.csv,RMUX62,14,3,RMUX67,14,2,6;9,X14Y6_RMUX14,12,codeword attributed to a uniquely vendor-used member
rrg_edges_full.csv,RMUX62,14,4,RMUX67,14,3,6;9,X14Y7_RMUX14,8,codeword attributed to a uniquely vendor-used member
rrg_edges_full.csv,RMUX62,14,5,RMUX67,14,4,6;9,X14Y8_RMUX14,30,codeword attributed to a uniquely vendor-used member
rrg_edges_full.csv,RMUX62,14,6,RMUX67,14,5,6;9,X14Y9_RMUX14,118,codeword attributed to a uniquely vendor-used member
rrg_edges_full.csv,RMUX62,14,7,RMUX67,14,6,6;9,X14Y10_RMUX14,88,codeword attributed to a uniquely vendor-used member
rrg_edges_full.csv,RMUX62,14,8,RMUX67,14,7,6;9,X14Y11_RMUX14,73,codeword attributed to a uniquely vendor-used member
rrg_edges_full.csv,RMUX62,14,9,RMUX67,14,8,6;9,X14Y12_RMUX14,71,codeword attributed to a uniquely vendor-used member
rrg_edges_full.csv,RMUX62,15,3,RMUX67,15,2,6;9,X15Y6_RMUX14,13,codeword attributed to a uniquely vendor-used member
rrg_edges_full.csv,RMUX62,15,4,RMUX67,15,3,6;9,X15Y7_RMUX14,19,codeword attributed to a uniquely vendor-used member
rrg_edges_full.csv,RMUX62,15,5,RMUX67,15,4,6;9,X15Y8_RMUX14,45,codeword attributed to a uniquely vendor-used member
rrg_edges_full.csv,RMUX62,15,6,RMUX67,15,5,6;9,X15Y9_RMUX14,105,codeword attributed to a uniquely vendor-used member
rrg_edges_full.csv,RMUX62,15,7,RMUX67,15,6,6;9,X15Y10_RMUX14,78,codeword attributed to a uniquely vendor-used member
rrg_edges_full.csv,RMUX62,15,8,RMUX67,15,7,6;9,X15Y11_RMUX14,85,codeword attributed to a uniquely vendor-used member
rrg_edges_full.csv,RMUX62,15,9,RMUX67,15,8,6;9,X15Y12_RMUX14,76,codeword attributed to a uniquely vendor-used member
rrg_edges_full.csv,RMUX62,16,3,RMUX67,16,2,6;9,X16Y6_RMUX14,14,codeword attributed to a uniquely vendor-used member
rrg_edges_full.csv,RMUX62,16,4,RMUX67,16,3,6;9,X16Y7_RMUX14,11,codeword attributed to a uniquely vendor-used member
rrg_edges_full.csv,RMUX62,16,5,RMUX67,16,4,6;9,X16Y8_RMUX14,34,codeword attributed to a uniquely vendor-used member
rrg_edges_full.csv,RMUX62,16,6,RMUX67,16,5,6;9,X16Y9_RMUX14,92,codeword attributed to a uniquely vendor-used member
rrg_edges_full.csv,RMUX62,16,7,RMUX67,16,6,6;9,X16Y10_RMUX14,86,codeword attributed to a uniquely vendor-used member
rrg_edges_full.csv,RMUX62,16,8,RMUX67,16,7,6;9,X16Y11_RMUX14,114,codeword attributed to a uniquely vendor-used member
rrg_edges_full.csv,RMUX62,16,9,RMUX67,16,8,6;9,X16Y12_RMUX14,102,codeword attributed to a uniquely vendor-used member
rrg_edges_full.csv,RMUX62,17,3,RMUX67,17,2,6;9,X17Y6_RMUX14,8,codeword attributed to a uniquely vendor-used member
rrg_edges_full.csv,RMUX62,17,4,RMUX67,17,3,6;9,X17Y7_RMUX14,9,codeword attributed to a uniquely vendor-used member
rrg_edges_full.csv,RMUX62,17,5,RMUX67,17,4,6;9,X17Y8_RMUX14,23,codeword attributed to a uniquely vendor-used member
rrg_edges_full.csv,RMUX62,17,6,RMUX67,17,5,6;9,X17Y9_RMUX14,103,codeword attributed to a uniquely vendor-used member
rrg_edges_full.csv,RMUX62,17,7,RMUX67,17,6,6;9,X17Y10_RMUX14,96,codeword attributed to a uniquely vendor-used member
rrg_edges_full.csv,RMUX62,17,8,RMUX67,17,7,6;9,X17Y11_RMUX14,126,codeword attributed to a uniquely vendor-used member
rrg_edges_full.csv,RMUX62,17,9,RMUX67,17,8,6;9,X17Y12_RMUX14,119,codeword attributed to a uniquely vendor-used member
rrg_edges_full.csv,RMUX62,18,3,RMUX67,18,2,6;9,X18Y6_RMUX14,9,codeword attributed to a uniquely vendor-used member
rrg_edges_full.csv,RMUX62,18,4,RMUX67,18,3,6;9,X18Y7_RMUX14,11,codeword attributed to a uniquely vendor-used member
rrg_edges_full.csv,RMUX62,18,5,RMUX67,18,4,6;9,X18Y8_RMUX14,24,codeword attributed to a uniquely vendor-used member
rrg_edges_full.csv,RMUX62,18,6,RMUX67,18,5,6;9,X18Y9_RMUX14,114,codeword attributed to a uniquely vendor-used member
rrg_edges_full.csv,RMUX62,18,7,RMUX67,18,6,6;9,X18Y10_RMUX14,89,codeword attributed to a uniquely vendor-used member
rrg_edges_full.csv,RMUX62,18,8,RMUX67,18,7,6;9,X18Y11_RMUX14,119,codeword attributed to a uniquely vendor-used member
rrg_edges_full.csv,RMUX62,18,9,RMUX67,18,8,6;9,X18Y12_RMUX14,175,codeword attributed to a uniquely vendor-used member
rrg_edges_full.csv,RMUX62,19,3,RMUX67,19,2,6;9,X19Y6_RMUX14,8,codeword attributed to a uniquely vendor-used member
rrg_edges_full.csv,RMUX62,19,4,RMUX67,19,3,6;9,X19Y7_RMUX14,9,codeword attributed to a uniquely vendor-used member
rrg_edges_full.csv,RMUX62,19,5,RMUX67,19,4,6;9,X19Y8_RMUX14,24,codeword attributed to a uniquely vendor-used member
rrg_edges_full.csv,RMUX62,19,6,RMUX67,19,5,6;9,X19Y9_RMUX14,124,codeword attributed to a uniquely vendor-used member
rrg_edges_full.csv,RMUX62,19,7,RMUX67,19,6,6;9,X19Y10_RMUX14,79,codeword attributed to a uniquely vendor-used member
rrg_edges_full.csv,RMUX62,19,8,RMUX67,19,7,6;9,X19Y11_RMUX14,127,codeword attributed to a uniquely vendor-used member
rrg_edges_full.csv,RMUX62,19,9,RMUX67,19,8,6;9,X19Y12_RMUX14,130,codeword attributed to a uniquely vendor-used member
rrg_edges_full.csv,RMUX62,20,4,RMUX67,20,3,6;9,X20Y7_RMUX14,11,codeword attributed to a uniquely vendor-used member
rrg_edges_full.csv,RMUX62,20,5,RMUX67,20,4,6;9,X20Y8_RMUX14,30,codeword attributed to a uniquely vendor-used member
rrg_edges_full.csv,RMUX62,20,6,RMUX67,20,5,6;9,X20Y9_RMUX14,95,codeword attributed to a uniquely vendor-used member
rrg_edges_full.csv,RMUX62,20,7,RMUX67,20,6,6;9,X20Y10_RMUX14,55,codeword attributed to a uniquely vendor-used member
rrg_edges_full.csv,RMUX62,20,8,RMUX67,20,7,6;9,X20Y11_RMUX14,82,codeword attributed to a uniquely vendor-used member
rrg_edges_full.csv,RMUX62,20,9,RMUX20,20,13,2;9,X20Y9_RMUX39,281,codeword attributed to a uniquely vendor-used member
rrg_edges_full.csv,RMUX62,20,9,RMUX67,20,8,6;9,X20Y12_RMUX14,94,codeword attributed to a uniquely vendor-used member
rrg_edges_full.csv,RMUX67,10,4,RMUX72,10,4,1;9,X10Y1_RMUX19,16,codeword attributed to a uniquely vendor-used member
rrg_edges_full.csv,RMUX67,11,4,RMUX72,11,4,1;9,X11Y1_RMUX19,13,codeword attributed to a uniquely vendor-used member
rrg_edges_full.csv,RMUX67,12,4,RMUX72,12,4,1;9,X12Y1_RMUX19,11,codeword attributed to a uniquely vendor-used member
rrg_edges_full.csv,RMUX67,14,10,RMUX94,14,11,2;9,X14Y7_RMUX19,57,codeword attributed to a uniquely vendor-used member
rrg_edges_full.csv,RMUX67,14,11,RMUX94,14,12,2;9,X14Y8_RMUX19,36,codeword attributed to a uniquely vendor-used member
rrg_edges_full.csv,RMUX67,14,4,RMUX94,14,5,2;9,X14Y1_RMUX19,37,codeword attributed to a uniquely vendor-used member
rrg_edges_full.csv,RMUX67,14,5,RMUX94,14,6,2;9,X14Y2_RMUX19,53,codeword attributed to a uniquely vendor-used member
rrg_edges_full.csv,RMUX67,14,6,RMUX94,14,7,2;9,X14Y3_RMUX19,87,codeword attributed to a uniquely vendor-used member
rrg_edges_full.csv,RMUX67,14,7,RMUX94,14,8,2;9,X14Y4_RMUX19,81,codeword attributed to a uniquely vendor-used member
rrg_edges_full.csv,RMUX67,14,8,RMUX94,14,9,2;9,X14Y5_RMUX19,70,codeword attributed to a uniquely vendor-used member
rrg_edges_full.csv,RMUX67,14,9,RMUX94,14,10,2;9,X14Y6_RMUX19,51,codeword attributed to a uniquely vendor-used member
rrg_edges_full.csv,RMUX67,15,10,RMUX72,15,10,1;9,X15Y7_RMUX19,11,codeword attributed to a uniquely vendor-used member
rrg_edges_full.csv,RMUX67,15,10,RMUX94,15,11,2;9,X15Y7_RMUX19,56,codeword attributed to a uniquely vendor-used member
rrg_edges_full.csv,RMUX67,15,11,RMUX72,15,11,1;9,X15Y8_RMUX19,5,codeword attributed to a uniquely vendor-used member
rrg_edges_full.csv,RMUX67,15,11,RMUX94,15,12,2;9,X15Y8_RMUX19,40,codeword attributed to a uniquely vendor-used member
rrg_edges_full.csv,RMUX67,15,12,RMUX72,15,12,1;9,X15Y9_RMUX19,5,codeword attributed to a uniquely vendor-used member
rrg_edges_full.csv,RMUX67,15,4,RMUX72,15,4,1;9,X15Y1_RMUX19,12,codeword attributed to a uniquely vendor-used member
rrg_edges_full.csv,RMUX67,15,4,RMUX94,15,5,2;9,X15Y1_RMUX19,30,codeword attributed to a uniquely vendor-used member
rrg_edges_full.csv,RMUX67,15,5,RMUX72,15,5,1;9,X15Y2_RMUX19,16,codeword attributed to a uniquely vendor-used member
rrg_edges_full.csv,RMUX67,15,5,RMUX94,15,6,2;9,X15Y2_RMUX19,38,codeword attributed to a uniquely vendor-used member
rrg_edges_full.csv,RMUX67,15,6,RMUX72,15,6,1;9,X15Y3_RMUX19,17,codeword attributed to a uniquely vendor-used member
rrg_edges_full.csv,RMUX67,15,6,RMUX94,15,7,2;9,X15Y3_RMUX19,63,codeword attributed to a uniquely vendor-used member
rrg_edges_full.csv,RMUX67,15,7,RMUX72,15,7,1;9,X15Y4_RMUX19,15,codeword attributed to a uniquely vendor-used member
rrg_edges_full.csv,RMUX67,15,7,RMUX94,15,8,2;9,X15Y4_RMUX19,49,codeword attributed to a uniquely vendor-used member
rrg_edges_full.csv,RMUX67,15,8,RMUX72,15,8,1;9,X15Y5_RMUX19,13,codeword attributed to a uniquely vendor-used member
rrg_edges_full.csv,RMUX67,15,8,RMUX94,15,9,2;9,X15Y5_RMUX19,56,codeword attributed to a uniquely vendor-used member
rrg_edges_full.csv,RMUX67,15,9,RMUX72,15,9,1;9,X15Y6_RMUX19,13,codeword attributed to a uniquely vendor-used member
rrg_edges_full.csv,RMUX67,15,9,RMUX94,15,10,2;9,X15Y6_RMUX19,55,codeword attributed to a uniquely vendor-used member
rrg_edges_full.csv,RMUX67,16,10,RMUX72,16,10,1;9,X16Y7_RMUX19,10,codeword attributed to a uniquely vendor-used member
rrg_edges_full.csv,RMUX67,16,10,RMUX94,16,11,2;9,X16Y7_RMUX19,56,codeword attributed to a uniquely vendor-used member
rrg_edges_full.csv,RMUX67,16,11,RMUX72,16,11,1;9,X16Y8_RMUX19,9,codeword attributed to a uniquely vendor-used member
rrg_edges_full.csv,RMUX67,16,11,RMUX94,16,12,2;9,X16Y8_RMUX19,41,codeword attributed to a uniquely vendor-used member
rrg_edges_full.csv,RMUX67,16,12,RMUX72,16,12,1;9,X16Y9_RMUX19,8,codeword attributed to a uniquely vendor-used member
rrg_edges_full.csv,RMUX67,16,4,RMUX72,16,4,1;9,X16Y1_RMUX19,6,codeword attributed to a uniquely vendor-used member
rrg_edges_full.csv,RMUX67,16,4,RMUX94,16,5,2;9,X16Y1_RMUX19,20,codeword attributed to a uniquely vendor-used member
rrg_edges_full.csv,RMUX67,16,5,RMUX72,16,5,1;9,X16Y2_RMUX19,20,codeword attributed to a uniquely vendor-used member
rrg_edges_full.csv,RMUX67,16,5,RMUX94,16,6,2;9,X16Y2_RMUX19,28,codeword attributed to a uniquely vendor-used member
rrg_edges_full.csv,RMUX67,16,6,RMUX72,16,6,1;9,X16Y3_RMUX19,21,codeword attributed to a uniquely vendor-used member
rrg_edges_full.csv,RMUX67,16,6,RMUX94,16,7,2;9,X16Y3_RMUX19,70,codeword attributed to a uniquely vendor-used member
rrg_edges_full.csv,RMUX67,16,7,RMUX72,16,7,1;9,X16Y4_RMUX19,19,codeword attributed to a uniquely vendor-used member
rrg_edges_full.csv,RMUX67,16,7,RMUX94,16,8,2;9,X16Y4_RMUX19,46,codeword attributed to a uniquely vendor-used member
rrg_edges_full.csv,RMUX67,16,8,RMUX72,16,8,1;9,X16Y5_RMUX19,7,codeword attributed to a uniquely vendor-used member
rrg_edges_full.csv,RMUX67,16,8,RMUX94,16,9,2;9,X16Y5_RMUX19,60,codeword attributed to a uniquely vendor-used member
rrg_edges_full.csv,RMUX67,16,9,RMUX72,16,9,1;9,X16Y6_RMUX19,13,codeword attributed to a uniquely vendor-used member
rrg_edges_full.csv,RMUX67,16,9,RMUX94,16,10,2;9,X16Y6_RMUX19,45,codeword attributed to a uniquely vendor-used member
rrg_edges_full.csv,RMUX67,17,10,RMUX72,17,10,1;9,X17Y7_RMUX19,9,codeword attributed to a uniquely vendor-used member
rrg_edges_full.csv,RMUX67,17,10,RMUX94,17,11,2;9,X17Y7_RMUX19,40,codeword attributed to a uniquely vendor-used member
rrg_edges_full.csv,RMUX67,17,11,RMUX72,17,11,1;9,X17Y8_RMUX19,5,codeword attributed to a uniquely vendor-used member
rrg_edges_full.csv,RMUX67,17,11,RMUX94,17,12,2;9,X17Y8_RMUX19,34,codeword attributed to a uniquely vendor-used member
rrg_edges_full.csv,RMUX67,17,12,RMUX72,17,12,1;9,X17Y9_RMUX19,12,codeword attributed to a uniquely vendor-used member
rrg_edges_full.csv,RMUX67,17,4,RMUX72,17,4,1;9,X17Y1_RMUX19,22,codeword attributed to a uniquely vendor-used member
rrg_edges_full.csv,RMUX67,17,4,RMUX94,17,5,2;9,X17Y1_RMUX19,29,codeword attributed to a uniquely vendor-used member
rrg_edges_full.csv,RMUX67,17,5,RMUX72,17,5,1;9,X17Y2_RMUX19,16,codeword attributed to a uniquely vendor-used member
rrg_edges_full.csv,RMUX67,17,5,RMUX94,17,6,2;9,X17Y2_RMUX19,24,codeword attributed to a uniquely vendor-used member
rrg_edges_full.csv,RMUX67,17,6,RMUX72,17,6,1;9,X17Y3_RMUX19,10,codeword attributed to a uniquely vendor-used member
rrg_edges_full.csv,RMUX67,17,6,RMUX94,17,7,2;9,X17Y3_RMUX19,51,codeword attributed to a uniquely vendor-used member
rrg_edges_full.csv,RMUX67,17,7,RMUX72,17,7,1;9,X17Y4_RMUX19,10,codeword attributed to a uniquely vendor-used member
rrg_edges_full.csv,RMUX67,17,7,RMUX94,17,8,2;9,X17Y4_RMUX19,33,codeword attributed to a uniquely vendor-used member
rrg_edges_full.csv,RMUX67,17,8,RMUX72,17,8,1;9,X17Y5_RMUX19,11,codeword attributed to a uniquely vendor-used member
rrg_edges_full.csv,RMUX67,17,8,RMUX94,17,9,2;9,X17Y5_RMUX19,54,codeword attributed to a uniquely vendor-used member
rrg_edges_full.csv,RMUX67,17,9,RMUX72,17,9,1;9,X17Y6_RMUX19,14,codeword attributed to a uniquely vendor-used member
rrg_edges_full.csv,RMUX67,17,9,RMUX94,17,10,2;9,X17Y6_RMUX19,32,codeword attributed to a uniquely vendor-used member
rrg_edges_full.csv,RMUX67,18,10,RMUX72,18,10,1;9,X18Y7_RMUX19,11,codeword attributed to a uniquely vendor-used member
rrg_edges_full.csv,RMUX67,18,10,RMUX94,18,11,2;9,X18Y7_RMUX19,24,codeword attributed to a uniquely vendor-used member
rrg_edges_full.csv,RMUX67,18,11,RMUX72,18,11,1;9,X18Y8_RMUX19,5,codeword attributed to a uniquely vendor-used member
rrg_edges_full.csv,RMUX67,18,11,RMUX94,18,12,2;9,X18Y8_RMUX19,26,codeword attributed to a uniquely vendor-used member
rrg_edges_full.csv,RMUX67,18,12,RMUX72,18,12,1;9,X18Y9_RMUX19,9,codeword attributed to a uniquely vendor-used member
rrg_edges_full.csv,RMUX67,18,4,RMUX72,18,4,1;9,X18Y1_RMUX19,16,codeword attributed to a uniquely vendor-used member
rrg_edges_full.csv,RMUX67,18,4,RMUX94,18,5,2;9,X18Y1_RMUX19,14,codeword attributed to a uniquely vendor-used member
rrg_edges_full.csv,RMUX67,18,5,RMUX72,18,5,1;9,X18Y2_RMUX19,12,codeword attributed to a uniquely vendor-used member
rrg_edges_full.csv,RMUX67,18,5,RMUX94,18,6,2;9,X18Y2_RMUX19,23,codeword attributed to a uniquely vendor-used member
rrg_edges_full.csv,RMUX67,18,6,RMUX72,18,6,1;9,X18Y3_RMUX19,8,codeword attributed to a uniquely vendor-used member
rrg_edges_full.csv,RMUX67,18,6,RMUX94,18,7,2;9,X18Y3_RMUX19,35,codeword attributed to a uniquely vendor-used member
rrg_edges_full.csv,RMUX67,18,7,RMUX72,18,7,1;9,X18Y4_RMUX19,11,codeword attributed to a uniquely vendor-used member
rrg_edges_full.csv,RMUX67,18,7,RMUX94,18,8,2;9,X18Y4_RMUX19,25,codeword attributed to a uniquely vendor-used member
rrg_edges_full.csv,RMUX67,18,8,RMUX72,18,8,1;9,X18Y5_RMUX19,5,codeword attributed to a uniquely vendor-used member
rrg_edges_full.csv,RMUX67,18,8,RMUX94,18,9,2;9,X18Y5_RMUX19,38,codeword attributed to a uniquely vendor-used member
rrg_edges_full.csv,RMUX67,18,9,RMUX72,18,9,1;9,X18Y6_RMUX19,12,codeword attributed to a uniquely vendor-used member
rrg_edges_full.csv,RMUX67,18,9,RMUX94,18,10,2;9,X18Y6_RMUX19,23,codeword attributed to a uniquely vendor-used member
rrg_edges_full.csv,RMUX67,19,10,RMUX72,19,10,1;9,X19Y7_RMUX19,7,codeword attributed to a uniquely vendor-used member
rrg_edges_full.csv,RMUX67,19,10,RMUX94,19,11,2;9,X19Y7_RMUX19,42,codeword attributed to a uniquely vendor-used member
rrg_edges_full.csv,RMUX67,19,11,RMUX72,19,11,1;9,X19Y8_RMUX19,11,codeword attributed to a uniquely vendor-used member
rrg_edges_full.csv,RMUX67,19,11,RMUX94,19,12,2;9,X19Y8_RMUX19,19,codeword attributed to a uniquely vendor-used member
rrg_edges_full.csv,RMUX67,19,12,RMUX72,19,12,1;9,X19Y9_RMUX19,5,codeword attributed to a uniquely vendor-used member
rrg_edges_full.csv,RMUX67,19,4,RMUX72,19,4,1;9,X19Y1_RMUX19,6,codeword attributed to a uniquely vendor-used member
rrg_edges_full.csv,RMUX67,19,4,RMUX94,19,5,2;9,X19Y1_RMUX19,17,codeword attributed to a uniquely vendor-used member
rrg_edges_full.csv,RMUX67,19,5,RMUX72,19,5,1;9,X19Y2_RMUX19,7,codeword attributed to a uniquely vendor-used member
rrg_edges_full.csv,RMUX67,19,5,RMUX94,19,6,2;9,X19Y2_RMUX19,25,codeword attributed to a uniquely vendor-used member
rrg_edges_full.csv,RMUX67,19,6,RMUX72,19,6,1;9,X19Y3_RMUX19,11,codeword attributed to a uniquely vendor-used member
rrg_edges_full.csv,RMUX67,19,6,RMUX94,19,7,2;9,X19Y3_RMUX19,49,codeword attributed to a uniquely vendor-used member
rrg_edges_full.csv,RMUX67,19,7,RMUX72,19,7,1;9,X19Y4_RMUX19,10,codeword attributed to a uniquely vendor-used member
rrg_edges_full.csv,RMUX67,19,7,RMUX94,19,8,2;9,X19Y4_RMUX19,46,codeword attributed to a uniquely vendor-used member
rrg_edges_full.csv,RMUX67,19,8,RMUX72,19,8,1;9,X19Y5_RMUX19,12,codeword attributed to a uniquely vendor-used member
rrg_edges_full.csv,RMUX67,19,8,RMUX94,19,9,2;9,X19Y5_RMUX19,34,codeword attributed to a uniquely vendor-used member
rrg_edges_full.csv,RMUX67,19,9,RMUX72,19,9,1;9,X19Y6_RMUX19,4,codeword attributed to a uniquely vendor-used member
rrg_edges_full.csv,RMUX67,19,9,RMUX94,19,10,2;9,X19Y6_RMUX19,44,codeword attributed to a uniquely vendor-used member
rrg_edges_full.csv,RMUX67,2,4,RMUX72,2,4,1;9,X2Y1_RMUX19,5,codeword attributed to a uniquely vendor-used member
rrg_edges_full.csv,RMUX67,20,10,RMUX72,20,10,1;9,X20Y7_RMUX19,7,codeword attributed to a uniquely vendor-used member
rrg_edges_full.csv,RMUX67,20,10,RMUX94,20,11,2;9,X20Y7_RMUX19,25,codeword attributed to a uniquely vendor-used member
rrg_edges_full.csv,RMUX67,20,11,RMUX72,20,11,1;9,X20Y8_RMUX19,8,codeword attributed to a uniquely vendor-used member
rrg_edges_full.csv,RMUX67,20,11,RMUX94,20,12,2;9,X20Y8_RMUX19,20,codeword attributed to a uniquely vendor-used member
rrg_edges_full.csv,RMUX67,20,12,RMUX72,20,12,1;9,X20Y9_RMUX19,10,codeword attributed to a uniquely vendor-used member
rrg_edges_full.csv,RMUX67,20,4,RMUX72,20,4,1;9,X20Y1_RMUX19,4,codeword attributed to a uniquely vendor-used member
rrg_edges_full.csv,RMUX67,20,4,RMUX94,20,5,2;9,X20Y1_RMUX19,43,codeword attributed to a uniquely vendor-used member
rrg_edges_full.csv,RMUX67,20,5,RMUX72,20,5,1;9,X20Y2_RMUX19,13,codeword attributed to a uniquely vendor-used member
rrg_edges_full.csv,RMUX67,20,5,RMUX94,20,6,2;9,X20Y2_RMUX19,25,codeword attributed to a uniquely vendor-used member
rrg_edges_full.csv,RMUX67,20,6,RMUX72,20,6,1;9,X20Y3_RMUX19,6,codeword attributed to a uniquely vendor-used member
rrg_edges_full.csv,RMUX67,20,6,RMUX94,20,7,2;9,X20Y3_RMUX19,33,codeword attributed to a uniquely vendor-used member
rrg_edges_full.csv,RMUX67,20,7,RMUX72,20,7,1;9,X20Y4_RMUX19,8,codeword attributed to a uniquely vendor-used member
rrg_edges_full.csv,RMUX67,20,7,RMUX94,20,8,2;9,X20Y4_RMUX19,33,codeword attributed to a uniquely vendor-used member
rrg_edges_full.csv,RMUX67,20,8,RMUX72,20,8,1;9,X20Y5_RMUX19,11,codeword attributed to a uniquely vendor-used member
rrg_edges_full.csv,RMUX67,20,8,RMUX94,20,9,2;9,X20Y5_RMUX19,29,codeword attributed to a uniquely vendor-used member
rrg_edges_full.csv,RMUX67,20,9,RMUX72,20,9,1;9,X20Y6_RMUX19,14,codeword attributed to a uniquely vendor-used member
rrg_edges_full.csv,RMUX67,20,9,RMUX94,20,10,2;9,X20Y6_RMUX19,28,codeword attributed to a uniquely vendor-used member
rrg_edges_full.csv,RMUX67,3,4,RMUX72,3,4,1;9,X3Y1_RMUX19,8,codeword attributed to a uniquely vendor-used member
rrg_edges_full.csv,RMUX67,4,4,RMUX72,4,4,1;9,X4Y1_RMUX19,8,codeword attributed to a uniquely vendor-used member
rrg_edges_full.csv,RMUX67,5,4,RMUX72,5,4,1;9,X5Y1_RMUX19,15,codeword attributed to a uniquely vendor-used member
rrg_edges_full.csv,RMUX67,6,4,RMUX72,6,4,1;9,X6Y1_RMUX19,14,codeword attributed to a uniquely vendor-used member
rrg_edges_full.csv,RMUX67,7,4,RMUX72,7,4,1;9,X7Y1_RMUX19,9,codeword attributed to a uniquely vendor-used member
rrg_edges_full.csv,RMUX67,8,4,RMUX72,8,4,1;9,X8Y1_RMUX19,6,codeword attributed to a uniquely vendor-used member
rrg_edges_full.csv,RMUX67,9,4,RMUX72,9,4,1;9,X9Y1_RMUX19,2,codeword attributed to a uniquely vendor-used member
rrg_edges_full.csv,RMUX68,10,2,RMUX80,9,2,1;8,X13Y2_RMUX20,188,codeword attributed to a uniquely vendor-used member
rrg_edges_full.csv,RMUX68,10,2,RMUX85,9,2,1;8,X13Y2_RMUX20,73,codeword attributed to a uniquely vendor-used member
rrg_edges_full.csv,RMUX68,10,3,RMUX80,9,3,1;8,X13Y3_RMUX20,114,codeword attributed to a uniquely vendor-used member
rrg_edges_full.csv,RMUX68,10,4,RMUX80,9,4,1;8,X13Y4_RMUX20,174,codeword attributed to a uniquely vendor-used member
rrg_edges_full.csv,RMUX68,11,1,RMUX80,10,1,1;8,X14Y1_RMUX20,13,codeword attributed to a uniquely vendor-used member
rrg_edges_full.csv,RMUX68,11,1,RMUX85,10,1,1;8,X14Y1_RMUX20,109,codeword attributed to a uniquely vendor-used member
rrg_edges_full.csv,RMUX68,11,2,RMUX80,10,2,1;8,X14Y2_RMUX20,239,codeword attributed to a uniquely vendor-used member
rrg_edges_full.csv,RMUX68,11,2,RMUX85,10,2,1;8,X14Y2_RMUX20,96,codeword attributed to a uniquely vendor-used member
rrg_edges_full.csv,RMUX68,11,3,RMUX80,10,3,1;8,X14Y3_RMUX20,174,codeword attributed to a uniquely vendor-used member
rrg_edges_full.csv,RMUX68,11,3,RMUX85,10,3,1;8,X14Y3_RMUX20,160,codeword attributed to a uniquely vendor-used member
rrg_edges_full.csv,RMUX68,11,4,RMUX80,10,4,1;8,X14Y4_RMUX20,360,codeword attributed to a uniquely vendor-used member
rrg_edges_full.csv,RMUX68,12,1,RMUX80,11,1,1;8,X15Y1_RMUX20,13,codeword attributed to a uniquely vendor-used member
rrg_edges_full.csv,RMUX68,12,1,RMUX85,11,1,1;8,X15Y1_RMUX20,107,codeword attributed to a uniquely vendor-used member
rrg_edges_full.csv,RMUX68,12,2,RMUX80,11,2,1;8,X15Y2_RMUX20,268,codeword attributed to a uniquely vendor-used member
rrg_edges_full.csv,RMUX68,12,2,RMUX85,11,2,1;8,X15Y2_RMUX20,83,codeword attributed to a uniquely vendor-used member
rrg_edges_full.csv,RMUX68,12,3,RMUX80,11,3,1;8,X15Y3_RMUX20,200,codeword attributed to a uniquely vendor-used member
rrg_edges_full.csv,RMUX68,12,3,RMUX85,11,3,1;8,X15Y3_RMUX20,151,codeword attributed to a uniquely vendor-used member
rrg_edges_full.csv,RMUX68,12,4,RMUX80,11,4,1;8,X15Y4_RMUX20,368,codeword attributed to a uniquely vendor-used member
rrg_edges_full.csv,RMUX68,15,1,RMUX80,14,1,1;8,X18Y1_RMUX20,5,codeword attributed to a uniquely vendor-used member
rrg_edges_full.csv,RMUX68,15,1,RMUX85,14,1,1;8,X18Y1_RMUX20,87,codeword attributed to a uniquely vendor-used member
rrg_edges_full.csv,RMUX68,15,10,RMUX80,14,10,1;8,X18Y10_RMUX20,51,codeword attributed to a uniquely vendor-used member
rrg_edges_full.csv,RMUX68,15,10,RMUX85,14,10,1;8,X18Y10_RMUX20,18,codeword attributed to a uniquely vendor-used member
rrg_edges_full.csv,RMUX68,15,11,RMUX80,14,11,1;8,X18Y11_RMUX20,44,codeword attributed to a uniquely vendor-used member
rrg_edges_full.csv,RMUX68,15,11,RMUX85,14,11,1;8,X18Y11_RMUX20,11,codeword attributed to a uniquely vendor-used member
rrg_edges_full.csv,RMUX68,15,12,RMUX80,14,12,1;8,X18Y12_RMUX20,29,codeword attributed to a uniquely vendor-used member
rrg_edges_full.csv,RMUX68,15,2,RMUX80,14,2,1;8,X18Y2_RMUX20,108,codeword attributed to a uniquely vendor-used member
rrg_edges_full.csv,RMUX68,15,2,RMUX85,14,2,1;8,X18Y2_RMUX20,52,codeword attributed to a uniquely vendor-used member
rrg_edges_full.csv,RMUX68,15,3,RMUX80,14,3,1;8,X18Y3_RMUX20,107,codeword attributed to a uniquely vendor-used member
rrg_edges_full.csv,RMUX68,15,3,RMUX85,14,3,1;8,X18Y3_RMUX20,43,codeword attributed to a uniquely vendor-used member
rrg_edges_full.csv,RMUX68,15,4,RMUX80,14,4,1;8,X18Y4_RMUX20,115,codeword attributed to a uniquely vendor-used member
rrg_edges_full.csv,RMUX68,15,5,RMUX80,14,5,1;8,X18Y5_RMUX20,85,codeword attributed to a uniquely vendor-used member
rrg_edges_full.csv,RMUX68,15,5,RMUX85,14,5,1;8,X18Y5_RMUX20,66,codeword attributed to a uniquely vendor-used member
rrg_edges_full.csv,RMUX68,15,6,RMUX80,14,6,1;8,X18Y6_RMUX20,50,codeword attributed to a uniquely vendor-used member
rrg_edges_full.csv,RMUX68,15,6,RMUX85,14,6,1;8,X18Y6_RMUX20,50,codeword attributed to a uniquely vendor-used member
rrg_edges_full.csv,RMUX68,15,7,RMUX80,14,7,1;8,X18Y7_RMUX20,76,codeword attributed to a uniquely vendor-used member
rrg_edges_full.csv,RMUX68,15,7,RMUX85,14,7,1;8,X18Y7_RMUX20,49,codeword attributed to a uniquely vendor-used member
rrg_edges_full.csv,RMUX68,15,8,RMUX80,14,8,1;8,X18Y8_RMUX20,64,codeword attributed to a uniquely vendor-used member
rrg_edges_full.csv,RMUX68,15,8,RMUX85,14,8,1;8,X18Y8_RMUX20,46,codeword attributed to a uniquely vendor-used member
rrg_edges_full.csv,RMUX68,15,9,RMUX80,14,9,1;8,X18Y9_RMUX20,56,codeword attributed to a uniquely vendor-used member
rrg_edges_full.csv,RMUX68,15,9,RMUX85,14,9,1;8,X18Y9_RMUX20,31,codeword attributed to a uniquely vendor-used member
rrg_edges_full.csv,RMUX68,16,1,RMUX80,15,1,1;8,X19Y1_RMUX20,6,codeword attributed to a uniquely vendor-used member
rrg_edges_full.csv,RMUX68,16,1,RMUX85,15,1,1;8,X19Y1_RMUX20,60,codeword attributed to a uniquely vendor-used member
rrg_edges_full.csv,RMUX68,16,10,RMUX80,15,10,1;8,X19Y10_RMUX20,35,codeword attributed to a uniquely vendor-used member
rrg_edges_full.csv,RMUX68,16,10,RMUX85,15,10,1;8,X19Y10_RMUX20,11,codeword attributed to a uniquely vendor-used member
rrg_edges_full.csv,RMUX68,16,11,RMUX80,15,11,1;8,X19Y11_RMUX20,23,codeword attributed to a uniquely vendor-used member
rrg_edges_full.csv,RMUX68,16,11,RMUX85,15,11,1;8,X19Y11_RMUX20,16,codeword attributed to a uniquely vendor-used member
rrg_edges_full.csv,RMUX68,16,12,RMUX80,15,12,1;8,X19Y12_RMUX20,27,codeword attributed to a uniquely vendor-used member
rrg_edges_full.csv,RMUX68,16,2,RMUX80,15,2,1;8,X19Y2_RMUX20,87,codeword attributed to a uniquely vendor-used member
rrg_edges_full.csv,RMUX68,16,2,RMUX85,15,2,1;8,X19Y2_RMUX20,44,codeword attributed to a uniquely vendor-used member
rrg_edges_full.csv,RMUX68,16,3,RMUX80,15,3,1;8,X19Y3_RMUX20,86,codeword attributed to a uniquely vendor-used member
rrg_edges_full.csv,RMUX68,16,3,RMUX85,15,3,1;8,X19Y3_RMUX20,53,codeword attributed to a uniquely vendor-used member
rrg_edges_full.csv,RMUX68,16,4,RMUX80,15,4,1;8,X19Y4_RMUX20,100,codeword attributed to a uniquely vendor-used member
rrg_edges_full.csv,RMUX68,16,4,RMUX85,15,4,1;8,X19Y4_RMUX20,38,codeword attributed to a uniquely vendor-used member
rrg_edges_full.csv,RMUX68,16,5,RMUX80,15,5,1;8,X19Y5_RMUX20,66,codeword attributed to a uniquely vendor-used member
rrg_edges_full.csv,RMUX68,16,5,RMUX85,15,5,1;8,X19Y5_RMUX20,70,codeword attributed to a uniquely vendor-used member
rrg_edges_full.csv,RMUX68,16,6,RMUX80,15,6,1;8,X19Y6_RMUX20,52,codeword attributed to a uniquely vendor-used member
rrg_edges_full.csv,RMUX68,16,6,RMUX85,15,6,1;8,X19Y6_RMUX20,64,codeword attributed to a uniquely vendor-used member
rrg_edges_full.csv,RMUX68,16,7,RMUX80,15,7,1;8,X19Y7_RMUX20,37,codeword attributed to a uniquely vendor-used member
rrg_edges_full.csv,RMUX68,16,7,RMUX85,15,7,1;8,X19Y7_RMUX20,52,codeword attributed to a uniquely vendor-used member
rrg_edges_full.csv,RMUX68,16,8,RMUX80,15,8,1;8,X19Y8_RMUX20,46,codeword attributed to a uniquely vendor-used member
rrg_edges_full.csv,RMUX68,16,8,RMUX85,15,8,1;8,X19Y8_RMUX20,49,codeword attributed to a uniquely vendor-used member
rrg_edges_full.csv,RMUX68,16,9,RMUX80,15,9,1;8,X19Y9_RMUX20,35,codeword attributed to a uniquely vendor-used member
rrg_edges_full.csv,RMUX68,16,9,RMUX85,15,9,1;8,X19Y9_RMUX20,14,codeword attributed to a uniquely vendor-used member
rrg_edges_full.csv,RMUX68,17,1,RMUX80,16,1,1;8,X20Y1_RMUX20,3,codeword attributed to a uniquely vendor-used member
rrg_edges_full.csv,RMUX68,17,1,RMUX85,16,1,1;8,X20Y1_RMUX20,49,codeword attributed to a uniquely vendor-used member
rrg_edges_full.csv,RMUX68,17,10,RMUX80,16,10,1;8,X20Y10_RMUX20,30,codeword attributed to a uniquely vendor-used member
rrg_edges_full.csv,RMUX68,17,10,RMUX85,16,10,1;8,X20Y10_RMUX20,10,codeword attributed to a uniquely vendor-used member
rrg_edges_full.csv,RMUX68,17,11,RMUX80,16,11,1;8,X20Y11_RMUX20,31,codeword attributed to a uniquely vendor-used member
rrg_edges_full.csv,RMUX68,17,11,RMUX85,16,11,1;8,X20Y11_RMUX20,14,codeword attributed to a uniquely vendor-used member
rrg_edges_full.csv,RMUX68,17,12,RMUX80,16,12,1;8,X20Y12_RMUX20,34,codeword attributed to a uniquely vendor-used member
rrg_edges_full.csv,RMUX68,17,12,RMUX85,16,12,1;8,X20Y12_RMUX20,3,codeword attributed to a uniquely vendor-used member
rrg_edges_full.csv,RMUX68,17,2,RMUX80,16,2,1;8,X20Y2_RMUX20,49,codeword attributed to a uniquely vendor-used member
rrg_edges_full.csv,RMUX68,17,2,RMUX85,16,2,1;8,X20Y2_RMUX20,41,codeword attributed to a uniquely vendor-used member
rrg_edges_full.csv,RMUX68,17,3,RMUX80,16,3,1;8,X20Y3_RMUX20,52,codeword attributed to a uniquely vendor-used member
rrg_edges_full.csv,RMUX68,17,3,RMUX85,16,3,1;8,X20Y3_RMUX20,49,codeword attributed to a uniquely vendor-used member
rrg_edges_full.csv,RMUX68,17,4,RMUX80,16,4,1;8,X20Y4_RMUX20,75,codeword attributed to a uniquely vendor-used member
rrg_edges_full.csv,RMUX68,17,4,RMUX85,16,4,1;8,X20Y4_RMUX20,40,codeword attributed to a uniquely vendor-used member
rrg_edges_full.csv,RMUX68,17,5,RMUX80,16,5,1;8,X20Y5_RMUX20,37,codeword attributed to a uniquely vendor-used member
rrg_edges_full.csv,RMUX68,17,5,RMUX85,16,5,1;8,X20Y5_RMUX20,46,codeword attributed to a uniquely vendor-used member
rrg_edges_full.csv,RMUX68,17,6,RMUX80,16,6,1;8,X20Y6_RMUX20,50,codeword attributed to a uniquely vendor-used member
rrg_edges_full.csv,RMUX68,17,6,RMUX85,16,6,1;8,X20Y6_RMUX20,49,codeword attributed to a uniquely vendor-used member
rrg_edges_full.csv,RMUX68,17,7,RMUX80,16,7,1;8,X20Y7_RMUX20,44,codeword attributed to a uniquely vendor-used member
rrg_edges_full.csv,RMUX68,17,7,RMUX85,16,7,1;8,X20Y7_RMUX20,32,codeword attributed to a uniquely vendor-used member
rrg_edges_full.csv,RMUX68,17,8,RMUX80,16,8,1;8,X20Y8_RMUX20,42,codeword attributed to a uniquely vendor-used member
rrg_edges_full.csv,RMUX68,17,8,RMUX85,16,8,1;8,X20Y8_RMUX20,37,codeword attributed to a uniquely vendor-used member
rrg_edges_full.csv,RMUX68,17,9,RMUX80,16,9,1;8,X20Y9_RMUX20,40,codeword attributed to a uniquely vendor-used member
rrg_edges_full.csv,RMUX68,17,9,RMUX85,16,9,1;8,X20Y9_RMUX20,21,codeword attributed to a uniquely vendor-used member
rrg_edges_full.csv,RMUX68,18,1,RMUX85,17,1,1;8,X21Y1_RMUX20,56,codeword attributed to a uniquely vendor-used member
rrg_edges_full.csv,RMUX68,18,6,RMUX85,17,6,1;8,X21Y6_RMUX20,16,codeword attributed to a uniquely vendor-used member
rrg_edges_full.csv,RMUX68,18,8,RMUX80,17,8,1;8,X21Y8_RMUX20,15,codeword attributed to a uniquely vendor-used member
rrg_edges_full.csv,RMUX68,2,1,RMUX85,1,1,1;8,X5Y1_RMUX20,14,codeword attributed to a uniquely vendor-used member
rrg_edges_full.csv,RMUX68,2,2,RMUX85,1,2,1;8,X5Y2_RMUX20,12,codeword attributed to a uniquely vendor-used member
rrg_edges_full.csv,RMUX68,2,3,RMUX80,1,3,1;8,X5Y3_RMUX20,3,codeword attributed to a uniquely vendor-used member
rrg_edges_full.csv,RMUX68,2,3,RMUX85,1,3,1;8,X5Y3_RMUX20,3,codeword attributed to a uniquely vendor-used member
rrg_edges_full.csv,RMUX68,2,4,RMUX80,1,4,1;8,X5Y4_RMUX20,2,codeword attributed to a uniquely vendor-used member
rrg_edges_full.csv,RMUX68,3,1,RMUX80,2,1,1;8,X6Y1_RMUX20,6,codeword attributed to a uniquely vendor-used member
rrg_edges_full.csv,RMUX68,3,1,RMUX85,2,1,1;8,X6Y1_RMUX20,15,codeword attributed to a uniquely vendor-used member
rrg_edges_full.csv,RMUX68,3,2,RMUX80,2,2,1;8,X6Y2_RMUX20,3,codeword attributed to a uniquely vendor-used member
rrg_edges_full.csv,RMUX68,3,2,RMUX85,2,2,1;8,X6Y2_RMUX20,21,codeword attributed to a uniquely vendor-used member
rrg_edges_full.csv,RMUX68,3,3,RMUX80,2,3,1;8,X6Y3_RMUX20,3,codeword attributed to a uniquely vendor-used member
rrg_edges_full.csv,RMUX68,3,3,RMUX85,2,3,1;8,X6Y3_RMUX20,11,codeword attributed to a uniquely vendor-used member
rrg_edges_full.csv,RMUX68,3,4,RMUX80,2,4,1;8,X6Y4_RMUX20,10,codeword attributed to a uniquely vendor-used member
rrg_edges_full.csv,RMUX68,4,1,RMUX80,3,1,1;8,X7Y1_RMUX20,4,codeword attributed to a uniquely vendor-used member
rrg_edges_full.csv,RMUX68,4,1,RMUX85,3,1,1;8,X7Y1_RMUX20,31,codeword attributed to a uniquely vendor-used member
rrg_edges_full.csv,RMUX68,4,2,RMUX80,3,2,1;8,X7Y2_RMUX20,5,codeword attributed to a uniquely vendor-used member
rrg_edges_full.csv,RMUX68,4,2,RMUX85,3,2,1;8,X7Y2_RMUX20,26,codeword attributed to a uniquely vendor-used member
rrg_edges_full.csv,RMUX68,4,3,RMUX80,3,3,1;8,X7Y3_RMUX20,5,codeword attributed to a uniquely vendor-used member
rrg_edges_full.csv,RMUX68,4,3,RMUX85,3,3,1;8,X7Y3_RMUX20,27,codeword attributed to a uniquely vendor-used member
rrg_edges_full.csv,RMUX68,4,4,RMUX80,3,4,1;8,X7Y4_RMUX20,9,codeword attributed to a uniquely vendor-used member
rrg_edges_full.csv,RMUX68,5,1,RMUX80,4,1,1;8,X8Y1_RMUX20,14,codeword attributed to a uniquely vendor-used member
rrg_edges_full.csv,RMUX68,5,1,RMUX85,4,1,1;8,X8Y1_RMUX20,46,codeword attributed to a uniquely vendor-used member
rrg_edges_full.csv,RMUX68,5,2,RMUX80,4,2,1;8,X8Y2_RMUX20,39,codeword attributed to a uniquely vendor-used member
rrg_edges_full.csv,RMUX68,5,2,RMUX85,4,2,1;8,X8Y2_RMUX20,31,codeword attributed to a uniquely vendor-used member
rrg_edges_full.csv,RMUX68,5,3,RMUX80,4,3,1;8,X8Y3_RMUX20,16,codeword attributed to a uniquely vendor-used member
rrg_edges_full.csv,RMUX68,5,3,RMUX85,4,3,1;8,X8Y3_RMUX20,69,codeword attributed to a uniquely vendor-used member
rrg_edges_full.csv,RMUX68,5,4,RMUX80,4,4,1;8,X8Y4_RMUX20,46,codeword attributed to a uniquely vendor-used member
rrg_edges_full.csv,RMUX68,6,1,RMUX80,5,1,1;8,X9Y1_RMUX20,10,codeword attributed to a uniquely vendor-used member
rrg_edges_full.csv,RMUX68,6,1,RMUX85,5,1,1;8,X9Y1_RMUX20,66,codeword attributed to a uniquely vendor-used member
rrg_edges_full.csv,RMUX68,6,2,RMUX80,5,2,1;8,X9Y2_RMUX20,31,codeword attributed to a uniquely vendor-used member
rrg_edges_full.csv,RMUX68,6,2,RMUX85,5,2,1;8,X9Y2_RMUX20,62,codeword attributed to a uniquely vendor-used member
rrg_edges_full.csv,RMUX68,6,3,RMUX80,5,3,1;8,X9Y3_RMUX20,18,codeword attributed to a uniquely vendor-used member
rrg_edges_full.csv,RMUX68,6,3,RMUX85,5,3,1;8,X9Y3_RMUX20,75,codeword attributed to a uniquely vendor-used member
rrg_edges_full.csv,RMUX68,6,4,RMUX80,5,4,1;8,X9Y4_RMUX20,34,codeword attributed to a uniquely vendor-used member
rrg_edges_full.csv,RMUX68,7,1,RMUX80,6,1,1;8,X10Y1_RMUX20,15,codeword attributed to a uniquely vendor-used member
rrg_edges_full.csv,RMUX68,7,1,RMUX85,6,1,1;8,X10Y1_RMUX20,61,codeword attributed to a uniquely vendor-used member
rrg_edges_full.csv,RMUX68,7,2,RMUX80,6,2,1;8,X10Y2_RMUX20,83,codeword attributed to a uniquely vendor-used member
rrg_edges_full.csv,RMUX68,7,2,RMUX85,6,2,1;8,X10Y2_RMUX20,68,codeword attributed to a uniquely vendor-used member
rrg_edges_full.csv,RMUX68,7,3,RMUX80,6,3,1;8,X10Y3_RMUX20,91,codeword attributed to a uniquely vendor-used member
rrg_edges_full.csv,RMUX68,7,3,RMUX85,6,3,1;8,X10Y3_RMUX20,92,codeword attributed to a uniquely vendor-used member
rrg_edges_full.csv,RMUX68,7,4,RMUX80,6,4,1;8,X10Y4_RMUX20,175,codeword attributed to a uniquely vendor-used member
rrg_edges_full.csv,RMUX68,8,1,RMUX80,7,1,1;8,X11Y1_RMUX20,13,codeword attributed to a uniquely vendor-used member
rrg_edges_full.csv,RMUX68,8,1,RMUX85,7,1,1;8,X11Y1_RMUX20,87,codeword attributed to a uniquely vendor-used member
rrg_edges_full.csv,RMUX68,8,2,RMUX80,7,2,1;8,X11Y2_RMUX20,133,codeword attributed to a uniquely vendor-used member
rrg_edges_full.csv,RMUX68,8,2,RMUX85,7,2,1;8,X11Y2_RMUX20,79,codeword attributed to a uniquely vendor-used member
rrg_edges_full.csv,RMUX68,8,3,RMUX80,7,3,1;8,X11Y3_RMUX20,137,codeword attributed to a uniquely vendor-used member
rrg_edges_full.csv,RMUX68,8,3,RMUX85,7,3,1;8,X11Y3_RMUX20,100,codeword attributed to a uniquely vendor-used member
rrg_edges_full.csv,RMUX68,8,4,RMUX80,7,4,1;8,X11Y4_RMUX20,250,codeword attributed to a uniquely vendor-used member
rrg_edges_full.csv,RMUX68,9,1,RMUX80,8,1,1;8,X12Y1_RMUX20,12,codeword attributed to a uniquely vendor-used member
rrg_edges_full.csv,RMUX68,9,1,RMUX85,8,1,1;8,X12Y1_RMUX20,98,codeword attributed to a uniquely vendor-used member
rrg_edges_full.csv,RMUX68,9,2,RMUX80,8,2,1;8,X12Y2_RMUX20,178,codeword attributed to a uniquely vendor-used member
rrg_edges_full.csv,RMUX68,9,2,RMUX85,8,2,1;8,X12Y2_RMUX20,88,codeword attributed to a uniquely vendor-used member
rrg_edges_full.csv,RMUX68,9,3,RMUX80,8,3,1;8,X12Y3_RMUX20,227,codeword attributed to a uniquely vendor-used member
rrg_edges_full.csv,RMUX68,9,3,RMUX85,8,3,1;8,X12Y3_RMUX20,88,codeword attributed to a uniquely vendor-used member
rrg_edges_full.csv,RMUX68,9,4,RMUX80,8,4,1;8,X12Y4_RMUX20,394,codeword attributed to a uniquely vendor-used member
rrg_edges_full.csv,RMUX69,10,1,RMUX86,10,1,3;9,X10Y2_RMUX21,23,codeword attributed to a uniquely vendor-used member
rrg_edges_full.csv,RMUX69,10,1,RMUX87,10,1,5;9,X10Y4_RMUX21,2,codeword attributed to a uniquely vendor-used member
rrg_edges_full.csv,RMUX69,10,2,RMUX86,10,2,3;9,X10Y3_RMUX21,9,codeword attributed to a uniquely vendor-used member
rrg_edges_full.csv,RMUX69,11,1,RMUX86,11,1,3;9,X11Y2_RMUX21,23,codeword attributed to a uniquely vendor-used member
rrg_edges_full.csv,RMUX69,11,2,RMUX86,11,2,3;9,X11Y3_RMUX21,10,codeword attributed to a uniquely vendor-used member
rrg_edges_full.csv,RMUX69,12,1,RMUX86,12,1,3;9,X12Y2_RMUX21,26,codeword attributed to a uniquely vendor-used member
rrg_edges_full.csv,RMUX69,12,1,RMUX87,12,1,5;9,X12Y4_RMUX21,2,codeword attributed to a uniquely vendor-used member
rrg_edges_full.csv,RMUX69,12,2,RMUX86,12,2,3;9,X12Y3_RMUX21,29,codeword attributed to a uniquely vendor-used member
rrg_edges_full.csv,RMUX69,14,1,RMUX86,14,1,3;9,X14Y2_RMUX21,36,codeword attributed to a uniquely vendor-used member
rrg_edges_full.csv,RMUX69,14,1,RMUX87,14,1,5;9,X14Y4_RMUX21,3,codeword attributed to a uniquely vendor-used member
rrg_edges_full.csv,RMUX69,14,2,RMUX83,14,1,6;9,X14Y5_RMUX21,73,codeword attributed to a uniquely vendor-used member
rrg_edges_full.csv,RMUX69,14,2,RMUX86,14,2,3;9,X14Y3_RMUX21,23,codeword attributed to a uniquely vendor-used member
rrg_edges_full.csv,RMUX69,14,2,RMUX93,14,1,6;9,X14Y5_RMUX21,171,codeword attributed to a uniquely vendor-used member
rrg_edges_full.csv,RMUX69,14,3,RMUX83,14,2,6;9,X14Y6_RMUX21,44,codeword attributed to a uniquely vendor-used member
rrg_edges_full.csv,RMUX69,14,3,RMUX86,14,3,3;9,X14Y4_RMUX21,45,codeword attributed to a uniquely vendor-used member
rrg_edges_full.csv,RMUX69,14,3,RMUX87,14,3,5;9,X14Y6_RMUX21,5,codeword attributed to a uniquely vendor-used member
rrg_edges_full.csv,RMUX69,14,3,RMUX93,14,2,6;9,X14Y6_RMUX21,176,codeword attributed to a uniquely vendor-used member
rrg_edges_full.csv,RMUX69,14,4,RMUX83,14,3,6;9,X14Y7_RMUX21,48,codeword attributed to a uniquely vendor-used member
rrg_edges_full.csv,RMUX69,14,4,RMUX86,14,4,3;9,X14Y5_RMUX21,58,codeword attributed to a uniquely vendor-used member
rrg_edges_full.csv,RMUX69,14,4,RMUX87,14,4,5;9,X14Y7_RMUX21,11,codeword attributed to a uniquely vendor-used member
rrg_edges_full.csv,RMUX69,14,4,RMUX93,14,3,6;9,X14Y7_RMUX21,260,codeword attributed to a uniquely vendor-used member
rrg_edges_full.csv,RMUX69,14,5,RMUX83,14,4,6;9,X14Y8_RMUX21,60,codeword attributed to a uniquely vendor-used member
rrg_edges_full.csv,RMUX69,14,5,RMUX86,14,5,3;9,X14Y6_RMUX21,2,codeword attributed to a uniquely vendor-used member
rrg_edges_full.csv,RMUX69,14,5,RMUX87,14,5,5;9,X14Y8_RMUX21,34,codeword attributed to a uniquely vendor-used member
rrg_edges_full.csv,RMUX69,14,5,RMUX93,14,4,6;9,X14Y8_RMUX21,325,codeword attributed to a uniquely vendor-used member
rrg_edges_full.csv,RMUX69,14,6,RMUX83,14,5,6;9,X14Y9_RMUX21,65,codeword attributed to a uniquely vendor-used member
rrg_edges_full.csv,RMUX69,14,6,RMUX87,14,6,5;9,X14Y9_RMUX21,53,codeword attributed to a uniquely vendor-used member
rrg_edges_full.csv,RMUX69,14,7,RMUX83,14,6,6;9,X14Y10_RMUX21,32,codeword attributed to a uniquely vendor-used member
rrg_edges_full.csv,RMUX69,14,7,RMUX87,14,7,5;9,X14Y10_RMUX21,77,codeword attributed to a uniquely vendor-used member
rrg_edges_full.csv,RMUX69,14,8,RMUX83,14,7,6;9,X14Y11_RMUX21,25,codeword attributed to a uniquely vendor-used member
rrg_edges_full.csv,RMUX69,14,8,RMUX87,14,8,5;9,X14Y11_RMUX21,59,codeword attributed to a uniquely vendor-used member
rrg_edges_full.csv,RMUX69,14,9,RMUX83,14,8,6;9,X14Y12_RMUX21,38,codeword attributed to a uniquely vendor-used member
rrg_edges_full.csv,RMUX69,14,9,RMUX87,14,9,5;9,X14Y12_RMUX21,17,codeword attributed to a uniquely vendor-used member
rrg_edges_full.csv,RMUX69,15,1,RMUX86,15,1,3;9,X15Y2_RMUX21,32,codeword attributed to a uniquely vendor-used member
rrg_edges_full.csv,RMUX69,15,10,RMUX86,15,10,3;9,X15Y11_RMUX21,4,codeword attributed to a uniquely vendor-used member
rrg_edges_full.csv,RMUX69,15,11,RMUX86,15,11,3;9,X15Y12_RMUX21,14,codeword attributed to a uniquely vendor-used member
rrg_edges_full.csv,RMUX69,15,2,RMUX83,15,1,6;9,X15Y5_RMUX21,58,codeword attributed to a uniquely vendor-used member
rrg_edges_full.csv,RMUX69,15,2,RMUX86,15,2,3;9,X15Y3_RMUX21,31,codeword attributed to a uniquely vendor-used member
rrg_edges_full.csv,RMUX69,15,2,RMUX93,15,1,6;9,X15Y5_RMUX21,155,codeword attributed to a uniquely vendor-used member
rrg_edges_full.csv,RMUX69,15,3,RMUX83,15,2,6;9,X15Y6_RMUX21,55,codeword attributed to a uniquely vendor-used member
rrg_edges_full.csv,RMUX69,15,3,RMUX86,15,3,3;9,X15Y4_RMUX21,49,codeword attributed to a uniquely vendor-used member
rrg_edges_full.csv,RMUX69,15,3,RMUX87,15,3,5;9,X15Y6_RMUX21,3,codeword attributed to a uniquely vendor-used member
rrg_edges_full.csv,RMUX69,15,3,RMUX93,15,2,6;9,X15Y6_RMUX21,149,codeword attributed to a uniquely vendor-used member
rrg_edges_full.csv,RMUX69,15,4,RMUX83,15,3,6;9,X15Y7_RMUX21,50,codeword attributed to a uniquely vendor-used member
rrg_edges_full.csv,RMUX69,15,4,RMUX86,15,4,3;9,X15Y5_RMUX21,66,codeword attributed to a uniquely vendor-used member
rrg_edges_full.csv,RMUX69,15,4,RMUX87,15,4,5;9,X15Y7_RMUX21,17,codeword attributed to a uniquely vendor-used member
rrg_edges_full.csv,RMUX69,15,4,RMUX93,15,3,6;9,X15Y7_RMUX21,205,codeword attributed to a uniquely vendor-used member
rrg_edges_full.csv,RMUX69,15,5,RMUX83,15,4,6;9,X15Y8_RMUX21,44,codeword attributed to a uniquely vendor-used member
rrg_edges_full.csv,RMUX69,15,5,RMUX86,15,5,3;9,X15Y6_RMUX21,6,codeword attributed to a uniquely vendor-used member
rrg_edges_full.csv,RMUX69,15,5,RMUX87,15,5,5;9,X15Y8_RMUX21,31,codeword attributed to a uniquely vendor-used member
rrg_edges_full.csv,RMUX69,15,5,RMUX93,15,4,6;9,X15Y8_RMUX21,241,codeword attributed to a uniquely vendor-used member
rrg_edges_full.csv,RMUX69,15,6,RMUX83,15,5,6;9,X15Y9_RMUX21,44,codeword attributed to a uniquely vendor-used member
rrg_edges_full.csv,RMUX69,15,6,RMUX86,15,6,3;9,X15Y7_RMUX21,8,codeword attributed to a uniquely vendor-used member
rrg_edges_full.csv,RMUX69,15,6,RMUX87,15,6,5;9,X15Y9_RMUX21,55,codeword attributed to a uniquely vendor-used member
rrg_edges_full.csv,RMUX69,15,6,RMUX93,15,5,6;9,X15Y9_RMUX21,18,codeword attributed to a uniquely vendor-used member
rrg_edges_full.csv,RMUX69,15,7,RMUX83,15,6,6;9,X15Y10_RMUX21,55,codeword attributed to a uniquely vendor-used member
rrg_edges_full.csv,RMUX69,15,7,RMUX86,15,7,3;9,X15Y8_RMUX21,6,codeword attributed to a uniquely vendor-used member
rrg_edges_full.csv,RMUX69,15,7,RMUX87,15,7,5;9,X15Y10_RMUX21,48,codeword attributed to a uniquely vendor-used member
rrg_edges_full.csv,RMUX69,15,7,RMUX93,15,6,6;9,X15Y10_RMUX21,24,codeword attributed to a uniquely vendor-used member
rrg_edges_full.csv,RMUX69,15,8,RMUX83,15,7,6;9,X15Y11_RMUX21,55,codeword attributed to a uniquely vendor-used member
rrg_edges_full.csv,RMUX69,15,8,RMUX86,15,8,3;9,X15Y9_RMUX21,10,codeword attributed to a uniquely vendor-used member
rrg_edges_full.csv,RMUX69,15,8,RMUX87,15,8,5;9,X15Y11_RMUX21,49,codeword attributed to a uniquely vendor-used member
rrg_edges_full.csv,RMUX69,15,8,RMUX93,15,7,6;9,X15Y11_RMUX21,23,codeword attributed to a uniquely vendor-used member
rrg_edges_full.csv,RMUX69,15,9,RMUX83,15,8,6;9,X15Y12_RMUX21,47,codeword attributed to a uniquely vendor-used member
rrg_edges_full.csv,RMUX69,15,9,RMUX86,15,9,3;9,X15Y10_RMUX21,3,codeword attributed to a uniquely vendor-used member
rrg_edges_full.csv,RMUX69,15,9,RMUX87,15,9,5;9,X15Y12_RMUX21,33,codeword attributed to a uniquely vendor-used member
rrg_edges_full.csv,RMUX69,15,9,RMUX93,15,8,6;9,X15Y12_RMUX21,17,codeword attributed to a uniquely vendor-used member
rrg_edges_full.csv,RMUX69,16,1,RMUX86,16,1,3;9,X16Y2_RMUX21,39,codeword attributed to a uniquely vendor-used member
rrg_edges_full.csv,RMUX69,16,10,RMUX86,16,10,3;9,X16Y11_RMUX21,4,codeword attributed to a uniquely vendor-used member
rrg_edges_full.csv,RMUX69,16,11,RMUX86,16,11,3;9,X16Y12_RMUX21,4,codeword attributed to a uniquely vendor-used member
rrg_edges_full.csv,RMUX69,16,2,RMUX83,16,1,6;9,X16Y5_RMUX21,87,codeword attributed to a uniquely vendor-used member
rrg_edges_full.csv,RMUX69,16,2,RMUX86,16,2,3;9,X16Y3_RMUX21,57,codeword attributed to a uniquely vendor-used member
rrg_edges_full.csv,RMUX69,16,2,RMUX87,16,2,5;9,X16Y5_RMUX21,3,codeword attributed to a uniquely vendor-used member
rrg_edges_full.csv,RMUX69,16,2,RMUX93,16,1,6;9,X16Y5_RMUX21,132,codeword attributed to a uniquely vendor-used member
rrg_edges_full.csv,RMUX69,16,3,RMUX83,16,2,6;9,X16Y6_RMUX21,77,codeword attributed to a uniquely vendor-used member
rrg_edges_full.csv,RMUX69,16,3,RMUX86,16,3,3;9,X16Y4_RMUX21,75,codeword attributed to a uniquely vendor-used member
rrg_edges_full.csv,RMUX69,16,3,RMUX87,16,3,5;9,X16Y6_RMUX21,2,codeword attributed to a uniquely vendor-used member
rrg_edges_full.csv,RMUX69,16,3,RMUX93,16,2,6;9,X16Y6_RMUX21,129,codeword attributed to a uniquely vendor-used member
rrg_edges_full.csv,RMUX69,16,4,RMUX83,16,3,6;9,X16Y7_RMUX21,88,codeword attributed to a uniquely vendor-used member
rrg_edges_full.csv,RMUX69,16,4,RMUX86,16,4,3;9,X16Y5_RMUX21,60,codeword attributed to a uniquely vendor-used member
rrg_edges_full.csv,RMUX69,16,4,RMUX87,16,4,5;9,X16Y7_RMUX21,19,codeword attributed to a uniquely vendor-used member
rrg_edges_full.csv,RMUX69,16,4,RMUX93,16,3,6;9,X16Y7_RMUX21,136,codeword attributed to a uniquely vendor-used member
rrg_edges_full.csv,RMUX69,16,5,RMUX83,16,4,6;9,X16Y8_RMUX21,75,codeword attributed to a uniquely vendor-used member
rrg_edges_full.csv,RMUX69,16,5,RMUX86,16,5,3;9,X16Y6_RMUX21,8,codeword attributed to a uniquely vendor-used member
rrg_edges_full.csv,RMUX69,16,5,RMUX87,16,5,5;9,X16Y8_RMUX21,46,codeword attributed to a uniquely vendor-used member
rrg_edges_full.csv,RMUX69,16,5,RMUX93,16,4,6;9,X16Y8_RMUX21,208,codeword attributed to a uniquely vendor-used member
rrg_edges_full.csv,RMUX69,16,6,RMUX83,16,5,6;9,X16Y9_RMUX21,48,codeword attributed to a uniquely vendor-used member
rrg_edges_full.csv,RMUX69,16,6,RMUX86,16,6,3;9,X16Y7_RMUX21,11,codeword attributed to a uniquely vendor-used member
rrg_edges_full.csv,RMUX69,16,6,RMUX87,16,6,5;9,X16Y9_RMUX21,46,codeword attributed to a uniquely vendor-used member
rrg_edges_full.csv,RMUX69,16,6,RMUX93,16,5,6;9,X16Y9_RMUX21,31,codeword attributed to a uniquely vendor-used member
rrg_edges_full.csv,RMUX69,16,7,RMUX83,16,6,6;9,X16Y10_RMUX21,41,codeword attributed to a uniquely vendor-used member
rrg_edges_full.csv,RMUX69,16,7,RMUX86,16,7,3;9,X16Y8_RMUX21,9,codeword attributed to a uniquely vendor-used member
rrg_edges_full.csv,RMUX69,16,7,RMUX87,16,7,5;9,X16Y10_RMUX21,37,codeword attributed to a uniquely vendor-used member
rrg_edges_full.csv,RMUX69,16,7,RMUX93,16,6,6;9,X16Y10_RMUX21,33,codeword attributed to a uniquely vendor-used member
rrg_edges_full.csv,RMUX69,16,8,RMUX83,16,7,6;9,X16Y11_RMUX21,64,codeword attributed to a uniquely vendor-used member
rrg_edges_full.csv,RMUX69,16,8,RMUX86,16,8,3;9,X16Y9_RMUX21,13,codeword attributed to a uniquely vendor-used member
rrg_edges_full.csv,RMUX69,16,8,RMUX87,16,8,5;9,X16Y11_RMUX21,32,codeword attributed to a uniquely vendor-used member
rrg_edges_full.csv,RMUX69,16,8,RMUX93,16,7,6;9,X16Y11_RMUX21,27,codeword attributed to a uniquely vendor-used member
rrg_edges_full.csv,RMUX69,16,9,RMUX83,16,8,6;9,X16Y12_RMUX21,39,codeword attributed to a uniquely vendor-used member
rrg_edges_full.csv,RMUX69,16,9,RMUX86,16,9,3;9,X16Y10_RMUX21,6,codeword attributed to a uniquely vendor-used member
rrg_edges_full.csv,RMUX69,16,9,RMUX87,16,9,5;9,X16Y12_RMUX21,27,codeword attributed to a uniquely vendor-used member
rrg_edges_full.csv,RMUX69,16,9,RMUX93,16,8,6;9,X16Y12_RMUX21,24,codeword attributed to a uniquely vendor-used member
rrg_edges_full.csv,RMUX69,17,1,RMUX86,17,1,3;9,X17Y2_RMUX21,29,codeword attributed to a uniquely vendor-used member
rrg_edges_full.csv,RMUX69,17,10,RMUX86,17,10,3;9,X17Y11_RMUX21,8,codeword attributed to a uniquely vendor-used member
rrg_edges_full.csv,RMUX69,17,11,RMUX86,17,11,3;9,X17Y12_RMUX21,7,codeword attributed to a uniquely vendor-used member
rrg_edges_full.csv,RMUX69,17,2,RMUX83,17,1,6;9,X17Y5_RMUX21,90,codeword attributed to a uniquely vendor-used member
rrg_edges_full.csv,RMUX69,17,2,RMUX86,17,2,3;9,X17Y3_RMUX21,49,codeword attributed to a uniquely vendor-used member
rrg_edges_full.csv,RMUX69,17,2,RMUX93,17,1,6;9,X17Y5_RMUX21,99,codeword attributed to a uniquely vendor-used member
rrg_edges_full.csv,RMUX69,17,3,RMUX83,17,2,6;9,X17Y6_RMUX21,74,codeword attributed to a uniquely vendor-used member
rrg_edges_full.csv,RMUX69,17,3,RMUX86,17,3,3;9,X17Y4_RMUX21,58,codeword attributed to a uniquely vendor-used member
rrg_edges_full.csv,RMUX69,17,3,RMUX87,17,3,5;9,X17Y6_RMUX21,4,codeword attributed to a uniquely vendor-used member
rrg_edges_full.csv,RMUX69,17,3,RMUX93,17,2,6;9,X17Y6_RMUX21,85,codeword attributed to a uniquely vendor-used member
rrg_edges_full.csv,RMUX69,17,4,RMUX83,17,3,6;9,X17Y7_RMUX21,87,codeword attributed to a uniquely vendor-used member
rrg_edges_full.csv,RMUX69,17,4,RMUX86,17,4,3;9,X17Y5_RMUX21,27,codeword attributed to a uniquely vendor-used member
rrg_edges_full.csv,RMUX69,17,4,RMUX87,17,4,5;9,X17Y7_RMUX21,19,codeword attributed to a uniquely vendor-used member
rrg_edges_full.csv,RMUX69,17,4,RMUX93,17,3,6;9,X17Y7_RMUX21,123,codeword attributed to a uniquely vendor-used member
rrg_edges_full.csv,RMUX69,17,5,RMUX83,17,4,6;9,X17Y8_RMUX21,107,codeword attributed to a uniquely vendor-used member
rrg_edges_full.csv,RMUX69,17,5,RMUX86,17,5,3;9,X17Y6_RMUX21,14,codeword attributed to a uniquely vendor-used member
rrg_edges_full.csv,RMUX69,17,5,RMUX87,17,5,5;9,X17Y8_RMUX21,40,codeword attributed to a uniquely vendor-used member
rrg_edges_full.csv,RMUX69,17,5,RMUX93,17,4,6;9,X17Y8_RMUX21,124,codeword attributed to a uniquely vendor-used member
rrg_edges_full.csv,RMUX69,17,6,RMUX83,17,5,6;9,X17Y9_RMUX21,61,codeword attributed to a uniquely vendor-used member
rrg_edges_full.csv,RMUX69,17,6,RMUX86,17,6,3;9,X17Y7_RMUX21,15,codeword attributed to a uniquely vendor-used member
rrg_edges_full.csv,RMUX69,17,6,RMUX87,17,6,5;9,X17Y9_RMUX21,36,codeword attributed to a uniquely vendor-used member
rrg_edges_full.csv,RMUX69,17,6,RMUX93,17,5,6;9,X17Y9_RMUX21,56,codeword attributed to a uniquely vendor-used member
rrg_edges_full.csv,RMUX69,17,7,RMUX83,17,6,6;9,X17Y10_RMUX21,83,codeword attributed to a uniquely vendor-used member
rrg_edges_full.csv,RMUX69,17,7,RMUX86,17,7,3;9,X17Y8_RMUX21,18,codeword attributed to a uniquely vendor-used member
rrg_edges_full.csv,RMUX69,17,7,RMUX87,17,7,5;9,X17Y10_RMUX21,33,codeword attributed to a uniquely vendor-used member
rrg_edges_full.csv,RMUX69,17,7,RMUX93,17,6,6;9,X17Y10_RMUX21,50,codeword attributed to a uniquely vendor-used member
rrg_edges_full.csv,RMUX69,17,8,RMUX83,17,7,6;9,X17Y11_RMUX21,82,codeword attributed to a uniquely vendor-used member
rrg_edges_full.csv,RMUX69,17,8,RMUX86,17,8,3;9,X17Y9_RMUX21,13,codeword attributed to a uniquely vendor-used member
rrg_edges_full.csv,RMUX69,17,8,RMUX87,17,8,5;9,X17Y11_RMUX21,43,codeword attributed to a uniquely vendor-used member
rrg_edges_full.csv,RMUX69,17,8,RMUX93,17,7,6;9,X17Y11_RMUX21,30,codeword attributed to a uniquely vendor-used member
rrg_edges_full.csv,RMUX69,17,9,RMUX83,17,8,6;9,X17Y12_RMUX21,65,codeword attributed to a uniquely vendor-used member
rrg_edges_full.csv,RMUX69,17,9,RMUX86,17,9,3;9,X17Y10_RMUX21,10,codeword attributed to a uniquely vendor-used member
rrg_edges_full.csv,RMUX69,17,9,RMUX87,17,9,5;9,X17Y12_RMUX21,29,codeword attributed to a uniquely vendor-used member
rrg_edges_full.csv,RMUX69,17,9,RMUX93,17,8,6;9,X17Y12_RMUX21,45,codeword attributed to a uniquely vendor-used member
rrg_edges_full.csv,RMUX69,18,1,RMUX86,18,1,3;9,X18Y2_RMUX21,32,codeword attributed to a uniquely vendor-used member
rrg_edges_full.csv,RMUX69,18,10,RMUX86,18,10,3;9,X18Y11_RMUX21,7,codeword attributed to a uniquely vendor-used member
rrg_edges_full.csv,RMUX69,18,11,RMUX86,18,11,3;9,X18Y12_RMUX21,18,codeword attributed to a uniquely vendor-used member
rrg_edges_full.csv,RMUX69,18,2,RMUX83,18,1,6;9,X18Y5_RMUX21,95,codeword attributed to a uniquely vendor-used member
rrg_edges_full.csv,RMUX69,18,2,RMUX86,18,2,3;9,X18Y3_RMUX21,54,codeword attributed to a uniquely vendor-used member
rrg_edges_full.csv,RMUX69,18,2,RMUX93,18,1,6;9,X18Y5_RMUX21,102,codeword attributed to a uniquely vendor-used member
rrg_edges_full.csv,RMUX69,18,3,RMUX83,18,2,6;9,X18Y6_RMUX21,66,codeword attributed to a uniquely vendor-used member
rrg_edges_full.csv,RMUX69,18,3,RMUX86,18,3,3;9,X18Y4_RMUX21,46,codeword attributed to a uniquely vendor-used member
rrg_edges_full.csv,RMUX69,18,3,RMUX87,18,3,5;9,X18Y6_RMUX21,3,codeword attributed to a uniquely vendor-used member
rrg_edges_full.csv,RMUX69,18,3,RMUX93,18,2,6;9,X18Y6_RMUX21,101,codeword attributed to a uniquely vendor-used member
rrg_edges_full.csv,RMUX69,18,4,RMUX83,18,3,6;9,X18Y7_RMUX21,94,codeword attributed to a uniquely vendor-used member
rrg_edges_full.csv,RMUX69,18,4,RMUX86,18,4,3;9,X18Y5_RMUX21,26,codeword attributed to a uniquely vendor-used member
rrg_edges_full.csv,RMUX69,18,4,RMUX87,18,4,5;9,X18Y7_RMUX21,18,codeword attributed to a uniquely vendor-used member
rrg_edges_full.csv,RMUX69,18,4,RMUX93,18,3,6;9,X18Y7_RMUX21,122,codeword attributed to a uniquely vendor-used member
rrg_edges_full.csv,RMUX69,18,5,RMUX83,18,4,6;9,X18Y8_RMUX21,91,codeword attributed to a uniquely vendor-used member
rrg_edges_full.csv,RMUX69,18,5,RMUX86,18,5,3;9,X18Y6_RMUX21,14,codeword attributed to a uniquely vendor-used member
rrg_edges_full.csv,RMUX69,18,5,RMUX87,18,5,5;9,X18Y8_RMUX21,40,codeword attributed to a uniquely vendor-used member
rrg_edges_full.csv,RMUX69,18,5,RMUX93,18,4,6;9,X18Y8_RMUX21,106,codeword attributed to a uniquely vendor-used member
rrg_edges_full.csv,RMUX69,18,6,RMUX83,18,5,6;9,X18Y9_RMUX21,52,codeword attributed to a uniquely vendor-used member
rrg_edges_full.csv,RMUX69,18,6,RMUX86,18,6,3;9,X18Y7_RMUX21,20,codeword attributed to a uniquely vendor-used member
rrg_edges_full.csv,RMUX69,18,6,RMUX87,18,6,5;9,X18Y9_RMUX21,44,codeword attributed to a uniquely vendor-used member
rrg_edges_full.csv,RMUX69,18,6,RMUX93,18,5,6;9,X18Y9_RMUX21,55,codeword attributed to a uniquely vendor-used member
rrg_edges_full.csv,RMUX69,18,7,RMUX83,18,6,6;9,X18Y10_RMUX21,31,codeword attributed to a uniquely vendor-used member
rrg_edges_full.csv,RMUX69,18,7,RMUX86,18,7,3;9,X18Y8_RMUX21,18,codeword attributed to a uniquely vendor-used member
rrg_edges_full.csv,RMUX69,18,7,RMUX87,18,7,5;9,X18Y10_RMUX21,38,codeword attributed to a uniquely vendor-used member
rrg_edges_full.csv,RMUX69,18,7,RMUX93,18,6,6;9,X18Y10_RMUX21,52,codeword attributed to a uniquely vendor-used member
rrg_edges_full.csv,RMUX69,18,8,RMUX83,18,7,6;9,X18Y11_RMUX21,35,codeword attributed to a uniquely vendor-used member
rrg_edges_full.csv,RMUX69,18,8,RMUX86,18,8,3;9,X18Y9_RMUX21,15,codeword attributed to a uniquely vendor-used member
rrg_edges_full.csv,RMUX69,18,8,RMUX87,18,8,5;9,X18Y11_RMUX21,28,codeword attributed to a uniquely vendor-used member
rrg_edges_full.csv,RMUX69,18,8,RMUX93,18,7,6;9,X18Y11_RMUX21,45,codeword attributed to a uniquely vendor-used member
rrg_edges_full.csv,RMUX69,18,9,RMUX83,18,8,6;9,X18Y12_RMUX21,28,codeword attributed to a uniquely vendor-used member
rrg_edges_full.csv,RMUX69,18,9,RMUX86,18,9,3;9,X18Y10_RMUX21,12,codeword attributed to a uniquely vendor-used member
rrg_edges_full.csv,RMUX69,18,9,RMUX87,18,9,5;9,X18Y12_RMUX21,36,codeword attributed to a uniquely vendor-used member
rrg_edges_full.csv,RMUX69,18,9,RMUX93,18,8,6;9,X18Y12_RMUX21,23,codeword attributed to a uniquely vendor-used member
rrg_edges_full.csv,RMUX69,19,1,RMUX86,19,1,3;9,X19Y2_RMUX21,34,codeword attributed to a uniquely vendor-used member
rrg_edges_full.csv,RMUX69,19,1,RMUX87,19,1,5;9,X19Y4_RMUX21,2,codeword attributed to a uniquely vendor-used member
rrg_edges_full.csv,RMUX69,19,10,RMUX86,19,10,3;9,X19Y11_RMUX21,7,codeword attributed to a uniquely vendor-used member
rrg_edges_full.csv,RMUX69,19,11,RMUX86,19,11,3;9,X19Y12_RMUX21,13,codeword attributed to a uniquely vendor-used member
rrg_edges_full.csv,RMUX69,19,2,RMUX83,19,1,6;9,X19Y5_RMUX21,91,codeword attributed to a uniquely vendor-used member
rrg_edges_full.csv,RMUX69,19,2,RMUX86,19,2,3;9,X19Y3_RMUX21,50,codeword attributed to a uniquely vendor-used member
rrg_edges_full.csv,RMUX69,19,2,RMUX87,19,2,5;9,X19Y5_RMUX21,2,codeword attributed to a uniquely vendor-used member
rrg_edges_full.csv,RMUX69,19,2,RMUX93,19,1,6;9,X19Y5_RMUX21,93,codeword attributed to a uniquely vendor-used member
rrg_edges_full.csv,RMUX69,19,3,RMUX83,19,2,6;9,X19Y6_RMUX21,66,codeword attributed to a uniquely vendor-used member
rrg_edges_full.csv,RMUX69,19,3,RMUX86,19,3,3;9,X19Y4_RMUX21,39,codeword attributed to a uniquely vendor-used member
rrg_edges_full.csv,RMUX69,19,3,RMUX87,19,3,5;9,X19Y6_RMUX21,6,codeword attributed to a uniquely vendor-used member
rrg_edges_full.csv,RMUX69,19,3,RMUX93,19,2,6;9,X19Y6_RMUX21,91,codeword attributed to a uniquely vendor-used member
rrg_edges_full.csv,RMUX69,19,4,RMUX83,19,3,6;9,X19Y7_RMUX21,64,codeword attributed to a uniquely vendor-used member
rrg_edges_full.csv,RMUX69,19,4,RMUX86,19,4,3;9,X19Y5_RMUX21,38,codeword attributed to a uniquely vendor-used member
rrg_edges_full.csv,RMUX69,19,4,RMUX87,19,4,5;9,X19Y7_RMUX21,19,codeword attributed to a uniquely vendor-used member
rrg_edges_full.csv,RMUX69,19,4,RMUX93,19,3,6;9,X19Y7_RMUX21,125,codeword attributed to a uniquely vendor-used member
rrg_edges_full.csv,RMUX69,19,5,RMUX83,19,4,6;9,X19Y8_RMUX21,62,codeword attributed to a uniquely vendor-used member
rrg_edges_full.csv,RMUX69,19,5,RMUX86,19,5,3;9,X19Y6_RMUX21,28,codeword attributed to a uniquely vendor-used member
rrg_edges_full.csv,RMUX69,19,5,RMUX87,19,5,5;9,X19Y8_RMUX21,29,codeword attributed to a uniquely vendor-used member
rrg_edges_full.csv,RMUX69,19,5,RMUX93,19,4,6;9,X19Y8_RMUX21,136,codeword attributed to a uniquely vendor-used member
rrg_edges_full.csv,RMUX69,19,6,RMUX83,19,5,6;9,X19Y9_RMUX21,180,codeword attributed to a uniquely vendor-used member
rrg_edges_full.csv,RMUX69,19,6,RMUX86,19,6,3;9,X19Y7_RMUX21,22,codeword attributed to a uniquely vendor-used member
rrg_edges_full.csv,RMUX69,19,6,RMUX87,19,6,5;9,X19Y9_RMUX21,29,codeword attributed to a uniquely vendor-used member
rrg_edges_full.csv,RMUX69,19,6,RMUX93,19,5,6;9,X19Y9_RMUX21,96,codeword attributed to a uniquely vendor-used member
rrg_edges_full.csv,RMUX69,19,7,RMUX83,19,6,6;9,X19Y10_RMUX21,151,codeword attributed to a uniquely vendor-used member
rrg_edges_full.csv,RMUX69,19,7,RMUX86,19,7,3;9,X19Y8_RMUX21,21,codeword attributed to a uniquely vendor-used member
rrg_edges_full.csv,RMUX69,19,7,RMUX87,19,7,5;9,X19Y10_RMUX21,15,codeword attributed to a uniquely vendor-used member
rrg_edges_full.csv,RMUX69,19,7,RMUX93,19,6,6;9,X19Y10_RMUX21,59,codeword attributed to a uniquely vendor-used member
rrg_edges_full.csv,RMUX69,19,8,RMUX83,19,7,6;9,X19Y11_RMUX21,165,codeword attributed to a uniquely vendor-used member
rrg_edges_full.csv,RMUX69,19,8,RMUX86,19,8,3;9,X19Y9_RMUX21,12,codeword attributed to a uniquely vendor-used member
rrg_edges_full.csv,RMUX69,19,8,RMUX87,19,8,5;9,X19Y11_RMUX21,26,codeword attributed to a uniquely vendor-used member
rrg_edges_full.csv,RMUX69,19,8,RMUX93,19,7,6;9,X19Y11_RMUX21,56,codeword attributed to a uniquely vendor-used member
rrg_edges_full.csv,RMUX69,19,9,RMUX83,19,8,6;9,X19Y12_RMUX21,193,codeword attributed to a uniquely vendor-used member
rrg_edges_full.csv,RMUX69,19,9,RMUX86,19,9,3;9,X19Y10_RMUX21,13,codeword attributed to a uniquely vendor-used member
rrg_edges_full.csv,RMUX69,19,9,RMUX87,19,9,5;9,X19Y12_RMUX21,26,codeword attributed to a uniquely vendor-used member
rrg_edges_full.csv,RMUX69,19,9,RMUX93,19,8,6;9,X19Y12_RMUX21,45,codeword attributed to a uniquely vendor-used member
rrg_edges_full.csv,RMUX69,2,1,RMUX86,2,1,3;9,X2Y2_RMUX21,2,codeword attributed to a uniquely vendor-used member
rrg_edges_full.csv,RMUX69,2,3,RMUX86,2,3,3;9,X2Y4_RMUX21,2,codeword attributed to a uniquely vendor-used member
rrg_edges_full.csv,RMUX69,20,1,RMUX86,20,1,3;9,X20Y2_RMUX21,29,codeword attributed to a uniquely vendor-used member
rrg_edges_full.csv,RMUX69,20,1,RMUX87,20,1,5;9,X20Y4_RMUX21,2,codeword attributed to a uniquely vendor-used member
rrg_edges_full.csv,RMUX69,20,10,RMUX86,20,10,3;9,X20Y11_RMUX21,6,codeword attributed to a uniquely vendor-used member
rrg_edges_full.csv,RMUX69,20,11,RMUX86,20,11,3;9,X20Y12_RMUX21,14,codeword attributed to a uniquely vendor-used member
rrg_edges_full.csv,RMUX69,20,2,RMUX83,20,1,6;9,X20Y5_RMUX21,94,codeword attributed to a uniquely vendor-used member
rrg_edges_full.csv,RMUX69,20,2,RMUX86,20,2,3;9,X20Y3_RMUX21,21,codeword attributed to a uniquely vendor-used member
rrg_edges_full.csv,RMUX69,20,2,RMUX93,20,1,6;9,X20Y5_RMUX21,68,codeword attributed to a uniquely vendor-used member
rrg_edges_full.csv,RMUX69,20,3,RMUX83,20,2,6;9,X20Y6_RMUX21,59,codeword attributed to a uniquely vendor-used member
rrg_edges_full.csv,RMUX69,20,3,RMUX86,20,3,3;9,X20Y4_RMUX21,23,codeword attributed to a uniquely vendor-used member
rrg_edges_full.csv,RMUX69,20,3,RMUX87,20,3,5;9,X20Y6_RMUX21,2,codeword attributed to a uniquely vendor-used member
rrg_edges_full.csv,RMUX69,20,3,RMUX93,20,2,6;9,X20Y6_RMUX21,77,codeword attributed to a uniquely vendor-used member
rrg_edges_full.csv,RMUX69,20,4,RMUX83,20,3,6;9,X20Y7_RMUX21,58,codeword attributed to a uniquely vendor-used member
rrg_edges_full.csv,RMUX69,20,4,RMUX86,20,4,3;9,X20Y5_RMUX21,18,codeword attributed to a uniquely vendor-used member
rrg_edges_full.csv,RMUX69,20,4,RMUX87,20,4,5;9,X20Y7_RMUX21,16,codeword attributed to a uniquely vendor-used member
rrg_edges_full.csv,RMUX69,20,4,RMUX93,20,3,6;9,X20Y7_RMUX21,106,codeword attributed to a uniquely vendor-used member
rrg_edges_full.csv,RMUX69,20,5,RMUX83,20,4,6;9,X20Y8_RMUX21,66,codeword attributed to a uniquely vendor-used member
rrg_edges_full.csv,RMUX69,20,5,RMUX86,20,5,3;9,X20Y6_RMUX21,24,codeword attributed to a uniquely vendor-used member
rrg_edges_full.csv,RMUX69,20,5,RMUX87,20,5,5;9,X20Y8_RMUX21,30,codeword attributed to a uniquely vendor-used member
rrg_edges_full.csv,RMUX69,20,5,RMUX93,20,4,6;9,X20Y8_RMUX21,122,codeword attributed to a uniquely vendor-used member
rrg_edges_full.csv,RMUX69,20,6,RMUX83,20,5,6;9,X20Y9_RMUX21,44,codeword attributed to a uniquely vendor-used member
rrg_edges_full.csv,RMUX69,20,6,RMUX86,20,6,3;9,X20Y7_RMUX21,9,codeword attributed to a uniquely vendor-used member
rrg_edges_full.csv,RMUX69,20,6,RMUX87,20,6,5;9,X20Y9_RMUX21,39,codeword attributed to a uniquely vendor-used member
rrg_edges_full.csv,RMUX69,20,6,RMUX93,20,5,6;9,X20Y9_RMUX21,118,codeword attributed to a uniquely vendor-used member
rrg_edges_full.csv,RMUX69,20,7,RMUX83,20,6,6;9,X20Y10_RMUX21,33,codeword attributed to a uniquely vendor-used member
rrg_edges_full.csv,RMUX69,20,7,RMUX86,20,7,3;9,X20Y8_RMUX21,11,codeword attributed to a uniquely vendor-used member
rrg_edges_full.csv,RMUX69,20,7,RMUX87,20,7,5;9,X20Y10_RMUX21,34,codeword attributed to a uniquely vendor-used member
rrg_edges_full.csv,RMUX69,20,7,RMUX93,20,6,6;9,X20Y10_RMUX21,49,codeword attributed to a uniquely vendor-used member
rrg_edges_full.csv,RMUX69,20,8,RMUX83,20,7,6;9,X20Y11_RMUX21,31,codeword attributed to a uniquely vendor-used member
rrg_edges_full.csv,RMUX69,20,8,RMUX86,20,8,3;9,X20Y9_RMUX21,13,codeword attributed to a uniquely vendor-used member
rrg_edges_full.csv,RMUX69,20,8,RMUX87,20,8,5;9,X20Y11_RMUX21,28,codeword attributed to a uniquely vendor-used member
rrg_edges_full.csv,RMUX69,20,8,RMUX93,20,7,6;9,X20Y11_RMUX21,54,codeword attributed to a uniquely vendor-used member
rrg_edges_full.csv,RMUX69,20,9,RMUX83,20,8,6;9,X20Y12_RMUX21,27,codeword attributed to a uniquely vendor-used member
rrg_edges_full.csv,RMUX69,20,9,RMUX86,20,9,3;9,X20Y10_RMUX21,8,codeword attributed to a uniquely vendor-used member
rrg_edges_full.csv,RMUX69,20,9,RMUX87,20,9,5;9,X20Y12_RMUX21,32,codeword attributed to a uniquely vendor-used member
rrg_edges_full.csv,RMUX69,20,9,RMUX93,20,8,6;9,X20Y12_RMUX21,39,codeword attributed to a uniquely vendor-used member
rrg_edges_full.csv,RMUX69,4,2,RMUX86,4,2,3;9,X4Y3_RMUX21,8,codeword attributed to a uniquely vendor-used member
rrg_edges_full.csv,RMUX69,5,1,RMUX86,5,1,3;9,X5Y2_RMUX21,2,codeword attributed to a uniquely vendor-used member
rrg_edges_full.csv,RMUX69,5,1,RMUX92,5,3,0;9,X5Y2_RMUX21,2,codeword attributed to a uniquely vendor-used member
rrg_edges_full.csv,RMUX69,6,1,RMUX86,6,1,3;9,X6Y2_RMUX21,5,codeword attributed to a uniquely vendor-used member
rrg_edges_full.csv,RMUX69,6,3,RMUX86,6,3,3;9,X6Y4_RMUX21,4,codeword attributed to a uniquely vendor-used member
rrg_edges_full.csv,RMUX69,7,1,RMUX86,7,1,3;9,X7Y2_RMUX21,9,codeword attributed to a uniquely vendor-used member
rrg_edges_full.csv,RMUX69,7,2,RMUX86,7,2,3;9,X7Y3_RMUX21,2,codeword attributed to a uniquely vendor-used member
rrg_edges_full.csv,RMUX69,7,3,RMUX86,7,3,3;9,X7Y4_RMUX21,6,codeword attributed to a uniquely vendor-used member
rrg_edges_full.csv,RMUX69,8,1,RMUX86,8,1,3;9,X8Y2_RMUX21,8,codeword attributed to a uniquely vendor-used member
rrg_edges_full.csv,RMUX69,8,1,RMUX87,8,1,5;9,X8Y4_RMUX21,2,codeword attributed to a uniquely vendor-used member
rrg_edges_full.csv,RMUX69,8,2,RMUX86,8,2,3;9,X8Y3_RMUX21,5,codeword attributed to a uniquely vendor-used member
rrg_edges_full.csv,RMUX69,9,1,RMUX86,9,1,3;9,X9Y2_RMUX21,16,codeword attributed to a uniquely vendor-used member
rrg_edges_full.csv,RMUX69,9,2,RMUX86,9,2,3;9,X9Y3_RMUX21,2,codeword attributed to a uniquely vendor-used member
rrg_edges_full.csv,RMUX73,1,4,RMUX01,1,4,1;9,X1Y1_RMUX25,5,codeword attributed to a uniquely vendor-used member
rrg_edges_full.csv,RMUX73,10,4,RMUX01,10,4,1;9,X10Y1_RMUX25,66,codeword attributed to a uniquely vendor-used member
rrg_edges_full.csv,RMUX73,11,4,RMUX01,11,4,1;9,X11Y1_RMUX25,61,codeword attributed to a uniquely vendor-used member
rrg_edges_full.csv,RMUX73,12,4,RMUX01,12,4,1;9,X12Y1_RMUX25,58,codeword attributed to a uniquely vendor-used member
rrg_edges_full.csv,RMUX73,14,10,RMUX01,14,10,1;9,X14Y7_RMUX25,19,codeword attributed to a uniquely vendor-used member
rrg_edges_full.csv,RMUX73,14,11,RMUX01,14,11,1;9,X14Y8_RMUX25,23,codeword attributed to a uniquely vendor-used member
rrg_edges_full.csv,RMUX73,14,12,RMUX01,14,12,1;9,X14Y9_RMUX25,16,codeword attributed to a uniquely vendor-used member
rrg_edges_full.csv,RMUX73,14,2,RMUX01,14,5,2;9,X14Y1_RMUX25,96,codeword attributed to a uniquely vendor-used member
rrg_edges_full.csv,RMUX73,14,3,RMUX01,14,6,2;9,X14Y2_RMUX25,78,codeword attributed to a uniquely vendor-used member
rrg_edges_full.csv,RMUX73,14,4,RMUX01,14,4,1;9,X14Y1_RMUX25,38,codeword attributed to a uniquely vendor-used member
rrg_edges_full.csv,RMUX73,14,4,RMUX01,14,7,2;9,X14Y3_RMUX25,116,codeword attributed to a uniquely vendor-used member
rrg_edges_full.csv,RMUX73,14,5,RMUX01,14,5,1;9,X14Y2_RMUX25,64,codeword attributed to a uniquely vendor-used member
rrg_edges_full.csv,RMUX73,14,5,RMUX01,14,8,2;9,X14Y4_RMUX25,90,codeword attributed to a uniquely vendor-used member
rrg_edges_full.csv,RMUX73,14,6,RMUX01,14,6,1;9,X14Y3_RMUX25,35,codeword attributed to a uniquely vendor-used member
rrg_edges_full.csv,RMUX73,14,6,RMUX01,14,9,2;9,X14Y5_RMUX25,135,codeword attributed to a uniquely vendor-used member
rrg_edges_full.csv,RMUX73,14,7,RMUX01,14,10,2;9,X14Y6_RMUX25,89,codeword attributed to a uniquely vendor-used member
rrg_edges_full.csv,RMUX73,14,7,RMUX01,14,7,1;9,X14Y4_RMUX25,59,codeword attributed to a uniquely vendor-used member
rrg_edges_full.csv,RMUX73,14,8,RMUX01,14,11,2;9,X14Y7_RMUX25,112,codeword attributed to a uniquely vendor-used member
rrg_edges_full.csv,RMUX73,14,8,RMUX01,14,8,1;9,X14Y5_RMUX25,45,codeword attributed to a uniquely vendor-used member
rrg_edges_full.csv,RMUX73,14,9,RMUX01,14,12,2;9,X14Y8_RMUX25,85,codeword attributed to a uniquely vendor-used member
rrg_edges_full.csv,RMUX73,14,9,RMUX01,14,9,1;9,X14Y6_RMUX25,36,codeword attributed to a uniquely vendor-used member
rrg_edges_full.csv,RMUX73,15,10,RMUX01,15,10,1;9,X15Y7_RMUX25,37,codeword attributed to a uniquely vendor-used member
rrg_edges_full.csv,RMUX73,15,11,RMUX01,15,11,1;9,X15Y8_RMUX25,28,codeword attributed to a uniquely vendor-used member
rrg_edges_full.csv,RMUX73,15,12,RMUX01,15,12,1;9,X15Y9_RMUX25,29,codeword attributed to a uniquely vendor-used member
rrg_edges_full.csv,RMUX73,15,2,RMUX01,15,5,2;9,X15Y1_RMUX25,58,codeword attributed to a uniquely vendor-used member
rrg_edges_full.csv,RMUX73,15,3,RMUX01,15,6,2;9,X15Y2_RMUX25,58,codeword attributed to a uniquely vendor-used member
rrg_edges_full.csv,RMUX73,15,4,RMUX01,15,4,1;9,X15Y1_RMUX25,48,codeword attributed to a uniquely vendor-used member
rrg_edges_full.csv,RMUX73,15,4,RMUX01,15,7,2;9,X15Y3_RMUX25,81,codeword attributed to a uniquely vendor-used member
rrg_edges_full.csv,RMUX73,15,5,RMUX01,15,5,1;9,X15Y2_RMUX25,65,codeword attributed to a uniquely vendor-used member
rrg_edges_full.csv,RMUX73,15,5,RMUX01,15,8,2;9,X15Y4_RMUX25,56,codeword attributed to a uniquely vendor-used member
rrg_edges_full.csv,RMUX73,15,6,RMUX01,15,6,1;9,X15Y3_RMUX25,46,codeword attributed to a uniquely vendor-used member
rrg_edges_full.csv,RMUX73,15,6,RMUX01,15,9,2;9,X15Y5_RMUX25,83,codeword attributed to a uniquely vendor-used member
rrg_edges_full.csv,RMUX73,15,7,RMUX01,15,10,2;9,X15Y6_RMUX25,52,codeword attributed to a uniquely vendor-used member
rrg_edges_full.csv,RMUX73,15,7,RMUX01,15,7,1;9,X15Y4_RMUX25,51,codeword attributed to a uniquely vendor-used member
rrg_edges_full.csv,RMUX73,15,8,RMUX01,15,11,2;9,X15Y7_RMUX25,56,codeword attributed to a uniquely vendor-used member
rrg_edges_full.csv,RMUX73,15,8,RMUX01,15,8,1;9,X15Y5_RMUX25,32,codeword attributed to a uniquely vendor-used member
rrg_edges_full.csv,RMUX73,15,9,RMUX01,15,12,2;9,X15Y8_RMUX25,53,codeword attributed to a uniquely vendor-used member
rrg_edges_full.csv,RMUX73,15,9,RMUX01,15,9,1;9,X15Y6_RMUX25,37,codeword attributed to a uniquely vendor-used member
rrg_edges_full.csv,RMUX73,16,10,RMUX01,16,10,1;9,X16Y7_RMUX25,25,codeword attributed to a uniquely vendor-used member
rrg_edges_full.csv,RMUX73,16,11,RMUX01,16,11,1;9,X16Y8_RMUX25,33,codeword attributed to a uniquely vendor-used member
rrg_edges_full.csv,RMUX73,16,12,RMUX01,16,12,1;9,X16Y9_RMUX25,33,codeword attributed to a uniquely vendor-used member
rrg_edges_full.csv,RMUX73,16,2,RMUX01,16,5,2;9,X16Y1_RMUX25,41,codeword attributed to a uniquely vendor-used member
rrg_edges_full.csv,RMUX73,16,3,RMUX01,16,6,2;9,X16Y2_RMUX25,72,codeword attributed to a uniquely vendor-used member
rrg_edges_full.csv,RMUX73,16,4,RMUX01,16,4,1;9,X16Y1_RMUX25,44,codeword attributed to a uniquely vendor-used member
rrg_edges_full.csv,RMUX73,16,4,RMUX01,16,7,2;9,X16Y3_RMUX25,61,codeword attributed to a uniquely vendor-used member
rrg_edges_full.csv,RMUX73,16,5,RMUX01,16,5,1;9,X16Y2_RMUX25,52,codeword attributed to a uniquely vendor-used member
rrg_edges_full.csv,RMUX73,16,5,RMUX01,16,8,2;9,X16Y4_RMUX25,51,codeword attributed to a uniquely vendor-used member
rrg_edges_full.csv,RMUX73,16,6,RMUX01,16,6,1;9,X16Y3_RMUX25,43,codeword attributed to a uniquely vendor-used member
rrg_edges_full.csv,RMUX73,16,6,RMUX01,16,9,2;9,X16Y5_RMUX25,69,codeword attributed to a uniquely vendor-used member
rrg_edges_full.csv,RMUX73,16,7,RMUX01,16,10,2;9,X16Y6_RMUX25,56,codeword attributed to a uniquely vendor-used member
rrg_edges_full.csv,RMUX73,16,7,RMUX01,16,7,1;9,X16Y4_RMUX25,58,codeword attributed to a uniquely vendor-used member
rrg_edges_full.csv,RMUX73,16,8,RMUX01,16,11,2;9,X16Y7_RMUX25,65,codeword attributed to a uniquely vendor-used member
rrg_edges_full.csv,RMUX73,16,8,RMUX01,16,8,1;9,X16Y5_RMUX25,37,codeword attributed to a uniquely vendor-used member
rrg_edges_full.csv,RMUX73,16,9,RMUX01,16,12,2;9,X16Y8_RMUX25,31,codeword attributed to a uniquely vendor-used member
rrg_edges_full.csv,RMUX73,16,9,RMUX01,16,9,1;9,X16Y6_RMUX25,43,codeword attributed to a uniquely vendor-used member
rrg_edges_full.csv,RMUX73,17,10,RMUX01,17,10,1;9,X17Y7_RMUX25,26,codeword attributed to a uniquely vendor-used member
rrg_edges_full.csv,RMUX73,17,11,RMUX01,17,11,1;9,X17Y8_RMUX25,20,codeword attributed to a uniquely vendor-used member
rrg_edges_full.csv,RMUX73,17,12,RMUX01,17,12,1;9,X17Y9_RMUX25,14,codeword attributed to a uniquely vendor-used member
rrg_edges_full.csv,RMUX73,17,2,RMUX01,17,5,2;9,X17Y1_RMUX25,39,codeword attributed to a uniquely vendor-used member
rrg_edges_full.csv,RMUX73,17,3,RMUX01,17,6,2;9,X17Y2_RMUX25,34,codeword attributed to a uniquely vendor-used member
rrg_edges_full.csv,RMUX73,17,4,RMUX01,17,4,1;9,X17Y1_RMUX25,35,codeword attributed to a uniquely vendor-used member
rrg_edges_full.csv,RMUX73,17,4,RMUX01,17,7,2;9,X17Y3_RMUX25,32,codeword attributed to a uniquely vendor-used member
rrg_edges_full.csv,RMUX73,17,5,RMUX01,17,5,1;9,X17Y2_RMUX25,33,codeword attributed to a uniquely vendor-used member
rrg_edges_full.csv,RMUX73,17,5,RMUX01,17,8,2;9,X17Y4_RMUX25,45,codeword attributed to a uniquely vendor-used member
rrg_edges_full.csv,RMUX73,17,6,RMUX01,17,6,1;9,X17Y3_RMUX25,36,codeword attributed to a uniquely vendor-used member
rrg_edges_full.csv,RMUX73,17,6,RMUX01,17,9,2;9,X17Y5_RMUX25,52,codeword attributed to a uniquely vendor-used member
rrg_edges_full.csv,RMUX73,17,7,RMUX01,17,10,2;9,X17Y6_RMUX25,41,codeword attributed to a uniquely vendor-used member
rrg_edges_full.csv,RMUX73,17,7,RMUX01,17,7,1;9,X17Y4_RMUX25,39,codeword attributed to a uniquely vendor-used member
rrg_edges_full.csv,RMUX73,17,8,RMUX01,17,11,2;9,X17Y7_RMUX25,43,codeword attributed to a uniquely vendor-used member
rrg_edges_full.csv,RMUX73,17,8,RMUX01,17,8,1;9,X17Y5_RMUX25,24,codeword attributed to a uniquely vendor-used member
rrg_edges_full.csv,RMUX73,17,9,RMUX01,17,12,2;9,X17Y8_RMUX25,25,codeword attributed to a uniquely vendor-used member
rrg_edges_full.csv,RMUX73,17,9,RMUX01,17,9,1;9,X17Y6_RMUX25,21,codeword attributed to a uniquely vendor-used member
rrg_edges_full.csv,RMUX73,18,10,RMUX01,18,10,1;9,X18Y7_RMUX25,20,codeword attributed to a uniquely vendor-used member
rrg_edges_full.csv,RMUX73,18,11,RMUX01,18,11,1;9,X18Y8_RMUX25,16,codeword attributed to a uniquely vendor-used member
rrg_edges_full.csv,RMUX73,18,12,RMUX01,18,12,1;9,X18Y9_RMUX25,7,codeword attributed to a uniquely vendor-used member
rrg_edges_full.csv,RMUX73,18,2,RMUX01,18,5,2;9,X18Y1_RMUX25,18,codeword attributed to a uniquely vendor-used member
rrg_edges_full.csv,RMUX73,18,3,RMUX01,18,6,2;9,X18Y2_RMUX25,22,codeword attributed to a uniquely vendor-used member
rrg_edges_full.csv,RMUX73,18,4,RMUX01,18,4,1;9,X18Y1_RMUX25,22,codeword attributed to a uniquely vendor-used member
rrg_edges_full.csv,RMUX73,18,4,RMUX01,18,7,2;9,X18Y3_RMUX25,31,codeword attributed to a uniquely vendor-used member
rrg_edges_full.csv,RMUX73,18,5,RMUX01,18,5,1;9,X18Y2_RMUX25,28,codeword attributed to a uniquely vendor-used member
rrg_edges_full.csv,RMUX73,18,5,RMUX01,18,8,2;9,X18Y4_RMUX25,33,codeword attributed to a uniquely vendor-used member
rrg_edges_full.csv,RMUX73,18,6,RMUX01,18,6,1;9,X18Y3_RMUX25,25,codeword attributed to a uniquely vendor-used member
rrg_edges_full.csv,RMUX73,18,6,RMUX01,18,9,2;9,X18Y5_RMUX25,33,codeword attributed to a uniquely vendor-used member
rrg_edges_full.csv,RMUX73,18,7,RMUX01,18,10,2;9,X18Y6_RMUX25,24,codeword attributed to a uniquely vendor-used member
rrg_edges_full.csv,RMUX73,18,7,RMUX01,18,7,1;9,X18Y4_RMUX25,23,codeword attributed to a uniquely vendor-used member
rrg_edges_full.csv,RMUX73,18,8,RMUX01,18,11,2;9,X18Y7_RMUX25,23,codeword attributed to a uniquely vendor-used member
rrg_edges_full.csv,RMUX73,18,8,RMUX01,18,8,1;9,X18Y5_RMUX25,19,codeword attributed to a uniquely vendor-used member
rrg_edges_full.csv,RMUX73,18,9,RMUX01,18,12,2;9,X18Y8_RMUX25,14,codeword attributed to a uniquely vendor-used member
rrg_edges_full.csv,RMUX73,18,9,RMUX01,18,9,1;9,X18Y6_RMUX25,14,codeword attributed to a uniquely vendor-used member
rrg_edges_full.csv,RMUX73,19,10,RMUX01,19,10,1;9,X19Y7_RMUX25,7,codeword attributed to a uniquely vendor-used member
rrg_edges_full.csv,RMUX73,19,11,RMUX01,19,11,1;9,X19Y8_RMUX25,6,codeword attributed to a uniquely vendor-used member
rrg_edges_full.csv,RMUX73,19,12,RMUX01,19,12,1;9,X19Y9_RMUX25,5,codeword attributed to a uniquely vendor-used member
rrg_edges_full.csv,RMUX73,19,2,RMUX01,19,5,2;9,X19Y1_RMUX25,13,codeword attributed to a uniquely vendor-used member
rrg_edges_full.csv,RMUX73,19,3,RMUX01,19,6,2;9,X19Y2_RMUX25,11,codeword attributed to a uniquely vendor-used member
rrg_edges_full.csv,RMUX73,19,4,RMUX01,19,4,1;9,X19Y1_RMUX25,16,codeword attributed to a uniquely vendor-used member
rrg_edges_full.csv,RMUX73,19,4,RMUX01,19,7,2;9,X19Y3_RMUX25,14,codeword attributed to a uniquely vendor-used member
rrg_edges_full.csv,RMUX73,19,5,RMUX01,19,5,1;9,X19Y2_RMUX25,12,codeword attributed to a uniquely vendor-used member
rrg_edges_full.csv,RMUX73,19,5,RMUX01,19,8,2;9,X19Y4_RMUX25,15,codeword attributed to a uniquely vendor-used member
rrg_edges_full.csv,RMUX73,19,6,RMUX01,19,6,1;9,X19Y3_RMUX25,16,codeword attributed to a uniquely vendor-used member
rrg_edges_full.csv,RMUX73,19,6,RMUX01,19,9,2;9,X19Y5_RMUX25,20,codeword attributed to a uniquely vendor-used member
rrg_edges_full.csv,RMUX73,19,7,RMUX01,19,10,2;9,X19Y6_RMUX25,17,codeword attributed to a uniquely vendor-used member
rrg_edges_full.csv,RMUX73,19,7,RMUX01,19,7,1;9,X19Y4_RMUX25,13,codeword attributed to a uniquely vendor-used member
rrg_edges_full.csv,RMUX73,19,8,RMUX01,19,11,2;9,X19Y7_RMUX25,16,codeword attributed to a uniquely vendor-used member
rrg_edges_full.csv,RMUX73,19,8,RMUX01,19,8,1;9,X19Y5_RMUX25,15,codeword attributed to a uniquely vendor-used member
rrg_edges_full.csv,RMUX73,19,9,RMUX00,19,11,1;9,X19Y8_RMUX25,5,codeword attributed to a uniquely vendor-used member
rrg_edges_full.csv,RMUX73,19,9,RMUX01,19,12,2;9,X19Y8_RMUX25,8,codeword attributed to a uniquely vendor-used member
rrg_edges_full.csv,RMUX73,19,9,RMUX01,19,9,1;9,X19Y6_RMUX25,11,codeword attributed to a uniquely vendor-used member
rrg_edges_full.csv,RMUX73,2,4,RMUX01,2,4,1;9,X2Y1_RMUX25,17,codeword attributed to a uniquely vendor-used member
rrg_edges_full.csv,RMUX73,20,10,RMUX01,20,10,1;9,X20Y7_RMUX25,8,codeword attributed to a uniquely vendor-used member
rrg_edges_full.csv,RMUX73,20,11,RMUX01,20,11,1;9,X20Y8_RMUX25,6,codeword attributed to a uniquely vendor-used member
rrg_edges_full.csv,RMUX73,20,12,RMUX01,20,12,1;9,X20Y9_RMUX25,5,codeword attributed to a uniquely vendor-used member
rrg_edges_full.csv,RMUX73,20,2,RMUX01,20,5,2;9,X20Y1_RMUX25,6,codeword attributed to a uniquely vendor-used member
rrg_edges_full.csv,RMUX73,20,3,RMUX01,20,6,2;9,X20Y2_RMUX25,7,codeword attributed to a uniquely vendor-used member
rrg_edges_full.csv,RMUX73,20,4,RMUX01,20,4,1;9,X20Y1_RMUX25,7,codeword attributed to a uniquely vendor-used member
rrg_edges_full.csv,RMUX73,20,4,RMUX01,20,7,2;9,X20Y3_RMUX25,11,codeword attributed to a uniquely vendor-used member
rrg_edges_full.csv,RMUX73,20,5,RMUX01,20,5,1;9,X20Y2_RMUX25,2,codeword attributed to a uniquely vendor-used member
rrg_edges_full.csv,RMUX73,20,5,RMUX01,20,8,2;9,X20Y4_RMUX25,14,codeword attributed to a uniquely vendor-used member
rrg_edges_full.csv,RMUX73,20,6,RMUX01,20,6,1;9,X20Y3_RMUX25,3,codeword attributed to a uniquely vendor-used member
rrg_edges_full.csv,RMUX73,20,6,RMUX01,20,9,2;9,X20Y5_RMUX25,21,codeword attributed to a uniquely vendor-used member
rrg_edges_full.csv,RMUX73,20,7,RMUX01,20,10,2;9,X20Y6_RMUX25,15,codeword attributed to a uniquely vendor-used member
rrg_edges_full.csv,RMUX73,20,7,RMUX01,20,7,1;9,X20Y4_RMUX25,7,codeword attributed to a uniquely vendor-used member
rrg_edges_full.csv,RMUX73,20,8,RMUX01,20,11,2;9,X20Y7_RMUX25,10,codeword attributed to a uniquely vendor-used member
rrg_edges_full.csv,RMUX73,20,8,RMUX01,20,8,1;9,X20Y5_RMUX25,8,codeword attributed to a uniquely vendor-used member
rrg_edges_full.csv,RMUX73,20,9,RMUX01,20,12,2;9,X20Y8_RMUX25,6,codeword attributed to a uniquely vendor-used member
rrg_edges_full.csv,RMUX73,20,9,RMUX01,20,9,1;9,X20Y6_RMUX25,3,codeword attributed to a uniquely vendor-used member
rrg_edges_full.csv,RMUX73,3,4,RMUX01,3,4,1;9,X3Y1_RMUX25,21,codeword attributed to a uniquely vendor-used member
rrg_edges_full.csv,RMUX73,4,4,RMUX01,4,4,1;9,X4Y1_RMUX25,17,codeword attributed to a uniquely vendor-used member
rrg_edges_full.csv,RMUX73,5,4,RMUX01,5,4,1;9,X5Y1_RMUX25,36,codeword attributed to a uniquely vendor-used member
rrg_edges_full.csv,RMUX73,6,4,RMUX01,6,4,1;9,X6Y1_RMUX25,46,codeword attributed to a uniquely vendor-used member
rrg_edges_full.csv,RMUX73,7,4,RMUX01,7,4,1;9,X7Y1_RMUX25,52,codeword attributed to a uniquely vendor-used member
rrg_edges_full.csv,RMUX73,8,4,RMUX01,8,4,1;9,X8Y1_RMUX25,49,codeword attributed to a uniquely vendor-used member
rrg_edges_full.csv,RMUX73,9,4,RMUX01,9,4,1;9,X9Y1_RMUX25,43,codeword attributed to a uniquely vendor-used member
rrg_edges_full.csv,RMUX75,14,2,RMUX10,14,1,6;9,X14Y5_RMUX27,49,codeword attributed to a uniquely vendor-used member
rrg_edges_full.csv,RMUX75,14,3,RMUX10,14,2,6;9,X14Y6_RMUX27,22,codeword attributed to a uniquely vendor-used member
rrg_edges_full.csv,RMUX75,14,3,RMUX14,14,3,5;9,X14Y6_RMUX27,2,codeword attributed to a uniquely vendor-used member
rrg_edges_full.csv,RMUX75,14,4,RMUX10,14,3,6;9,X14Y7_RMUX27,27,codeword attributed to a uniquely vendor-used member
rrg_edges_full.csv,RMUX75,14,4,RMUX14,14,4,5;9,X14Y7_RMUX27,17,codeword attributed to a uniquely vendor-used member
rrg_edges_full.csv,RMUX75,14,5,RMUX10,14,4,6;9,X14Y8_RMUX27,15,codeword attributed to a uniquely vendor-used member
rrg_edges_full.csv,RMUX75,14,5,RMUX14,14,5,5;9,X14Y8_RMUX27,40,codeword attributed to a uniquely vendor-used member
rrg_edges_full.csv,RMUX75,14,6,RMUX10,14,5,6;9,X14Y9_RMUX27,18,codeword attributed to a uniquely vendor-used member
rrg_edges_full.csv,RMUX75,14,6,RMUX14,14,6,5;9,X14Y9_RMUX27,36,codeword attributed to a uniquely vendor-used member
rrg_edges_full.csv,RMUX75,14,7,RMUX10,14,6,6;9,X14Y10_RMUX27,12,codeword attributed to a uniquely vendor-used member
rrg_edges_full.csv,RMUX75,14,7,RMUX14,14,7,5;9,X14Y10_RMUX27,52,codeword attributed to a uniquely vendor-used member
rrg_edges_full.csv,RMUX75,14,8,RMUX10,14,7,6;9,X14Y11_RMUX27,9,codeword attributed to a uniquely vendor-used member
rrg_edges_full.csv,RMUX75,14,8,RMUX14,14,8,5;9,X14Y11_RMUX27,60,codeword attributed to a uniquely vendor-used member
rrg_edges_full.csv,RMUX75,14,9,RMUX10,14,8,6;9,X14Y12_RMUX27,8,codeword attributed to a uniquely vendor-used member
rrg_edges_full.csv,RMUX75,14,9,RMUX14,14,9,5;9,X14Y12_RMUX27,40,codeword attributed to a uniquely vendor-used member
rrg_edges_full.csv,RMUX75,15,2,RMUX10,15,1,6;9,X15Y5_RMUX27,46,codeword attributed to a uniquely vendor-used member
rrg_edges_full.csv,RMUX75,15,2,RMUX14,15,2,5;9,X15Y5_RMUX27,5,codeword attributed to a uniquely vendor-used member
rrg_edges_full.csv,RMUX75,15,3,RMUX10,15,2,6;9,X15Y6_RMUX27,36,codeword attributed to a uniquely vendor-used member
rrg_edges_full.csv,RMUX75,15,3,RMUX14,15,3,5;9,X15Y6_RMUX27,6,codeword attributed to a uniquely vendor-used member
rrg_edges_full.csv,RMUX75,15,4,RMUX10,15,3,6;9,X15Y7_RMUX27,28,codeword attributed to a uniquely vendor-used member
rrg_edges_full.csv,RMUX75,15,4,RMUX14,15,4,5;9,X15Y7_RMUX27,22,codeword attributed to a uniquely vendor-used member
rrg_edges_full.csv,RMUX75,15,5,RMUX10,15,4,6;9,X15Y8_RMUX27,27,codeword attributed to a uniquely vendor-used member
rrg_edges_full.csv,RMUX75,15,5,RMUX14,15,5,5;9,X15Y8_RMUX27,56,codeword attributed to a uniquely vendor-used member
rrg_edges_full.csv,RMUX75,15,6,RMUX10,15,5,6;9,X15Y9_RMUX27,19,codeword attributed to a uniquely vendor-used member
rrg_edges_full.csv,RMUX75,15,6,RMUX14,15,6,5;9,X15Y9_RMUX27,61,codeword attributed to a uniquely vendor-used member
rrg_edges_full.csv,RMUX75,15,7,RMUX10,15,6,6;9,X15Y10_RMUX27,13,codeword attributed to a uniquely vendor-used member
rrg_edges_full.csv,RMUX75,15,7,RMUX14,15,7,5;9,X15Y10_RMUX27,66,codeword attributed to a uniquely vendor-used member
rrg_edges_full.csv,RMUX75,15,8,RMUX10,15,7,6;9,X15Y11_RMUX27,10,codeword attributed to a uniquely vendor-used member
rrg_edges_full.csv,RMUX75,15,8,RMUX14,15,8,5;9,X15Y11_RMUX27,55,codeword attributed to a uniquely vendor-used member
rrg_edges_full.csv,RMUX75,15,9,RMUX10,15,8,6;9,X15Y12_RMUX27,6,codeword attributed to a uniquely vendor-used member
rrg_edges_full.csv,RMUX75,15,9,RMUX14,15,9,5;9,X15Y12_RMUX27,57,codeword attributed to a uniquely vendor-used member
rrg_edges_full.csv,RMUX75,16,2,RMUX10,16,1,6;9,X16Y5_RMUX27,47,codeword attributed to a uniquely vendor-used member
rrg_edges_full.csv,RMUX75,16,2,RMUX14,16,2,5;9,X16Y5_RMUX27,10,codeword attributed to a uniquely vendor-used member
rrg_edges_full.csv,RMUX75,16,3,RMUX10,16,2,6;9,X16Y6_RMUX27,38,codeword attributed to a uniquely vendor-used member
rrg_edges_full.csv,RMUX75,16,3,RMUX14,16,3,5;9,X16Y6_RMUX27,9,codeword attributed to a uniquely vendor-used member
rrg_edges_full.csv,RMUX75,16,4,RMUX10,16,3,6;9,X16Y7_RMUX27,40,codeword attributed to a uniquely vendor-used member
rrg_edges_full.csv,RMUX75,16,4,RMUX14,16,4,5;9,X16Y7_RMUX27,22,codeword attributed to a uniquely vendor-used member
rrg_edges_full.csv,RMUX75,16,5,RMUX10,16,4,6;9,X16Y8_RMUX27,28,codeword attributed to a uniquely vendor-used member
rrg_edges_full.csv,RMUX75,16,5,RMUX14,16,5,5;9,X16Y8_RMUX27,49,codeword attributed to a uniquely vendor-used member
rrg_edges_full.csv,RMUX75,16,6,RMUX10,16,5,6;9,X16Y9_RMUX27,14,codeword attributed to a uniquely vendor-used member
rrg_edges_full.csv,RMUX75,16,6,RMUX14,16,6,5;9,X16Y9_RMUX27,53,codeword attributed to a uniquely vendor-used member
rrg_edges_full.csv,RMUX75,16,7,RMUX10,16,6,6;9,X16Y10_RMUX27,17,codeword attributed to a uniquely vendor-used member
rrg_edges_full.csv,RMUX75,16,7,RMUX14,16,7,5;9,X16Y10_RMUX27,49,codeword attributed to a uniquely vendor-used member
rrg_edges_full.csv,RMUX75,16,8,RMUX10,16,7,6;9,X16Y11_RMUX27,13,codeword attributed to a uniquely vendor-used member
rrg_edges_full.csv,RMUX75,16,8,RMUX14,16,8,5;9,X16Y11_RMUX27,69,codeword attributed to a uniquely vendor-used member
rrg_edges_full.csv,RMUX75,16,9,RMUX10,16,8,6;9,X16Y12_RMUX27,7,codeword attributed to a uniquely vendor-used member
rrg_edges_full.csv,RMUX75,16,9,RMUX14,16,9,5;9,X16Y12_RMUX27,53,codeword attributed to a uniquely vendor-used member
rrg_edges_full.csv,RMUX75,17,2,RMUX10,17,1,6;9,X17Y5_RMUX27,63,codeword attributed to a uniquely vendor-used member
rrg_edges_full.csv,RMUX75,17,2,RMUX14,17,2,5;9,X17Y5_RMUX27,6,codeword attributed to a uniquely vendor-used member
rrg_edges_full.csv,RMUX75,17,3,RMUX10,17,2,6;9,X17Y6_RMUX27,38,codeword attributed to a uniquely vendor-used member
rrg_edges_full.csv,RMUX75,17,3,RMUX14,17,3,5;9,X17Y6_RMUX27,6,codeword attributed to a uniquely vendor-used member
rrg_edges_full.csv,RMUX75,17,4,RMUX10,17,3,6;9,X17Y7_RMUX27,45,codeword attributed to a uniquely vendor-used member
rrg_edges_full.csv,RMUX75,17,4,RMUX14,17,4,5;9,X17Y7_RMUX27,20,codeword attributed to a uniquely vendor-used member
rrg_edges_full.csv,RMUX75,17,5,RMUX10,17,4,6;9,X17Y8_RMUX27,47,codeword attributed to a uniquely vendor-used member
rrg_edges_full.csv,RMUX75,17,5,RMUX14,17,5,5;9,X17Y8_RMUX27,55,codeword attributed to a uniquely vendor-used member
rrg_edges_full.csv,RMUX75,17,6,RMUX10,17,5,6;9,X17Y9_RMUX27,37,codeword attributed to a uniquely vendor-used member
rrg_edges_full.csv,RMUX75,17,6,RMUX14,17,6,5;9,X17Y9_RMUX27,52,codeword attributed to a uniquely vendor-used member
rrg_edges_full.csv,RMUX75,17,7,RMUX10,17,6,6;9,X17Y10_RMUX27,17,codeword attributed to a uniquely vendor-used member
rrg_edges_full.csv,RMUX75,17,7,RMUX14,17,7,5;9,X17Y10_RMUX27,60,codeword attributed to a uniquely vendor-used member
rrg_edges_full.csv,RMUX75,17,8,RMUX10,17,7,6;9,X17Y11_RMUX27,18,codeword attributed to a uniquely vendor-used member
rrg_edges_full.csv,RMUX75,17,8,RMUX14,17,8,5;9,X17Y11_RMUX27,65,codeword attributed to a uniquely vendor-used member
rrg_edges_full.csv,RMUX75,17,9,RMUX10,17,8,6;9,X17Y12_RMUX27,10,codeword attributed to a uniquely vendor-used member
rrg_edges_full.csv,RMUX75,17,9,RMUX14,17,9,5;9,X17Y12_RMUX27,53,codeword attributed to a uniquely vendor-used member
rrg_edges_full.csv,RMUX75,18,2,RMUX10,18,1,6;9,X18Y5_RMUX27,60,codeword attributed to a uniquely vendor-used member
rrg_edges_full.csv,RMUX75,18,2,RMUX14,18,2,5;9,X18Y5_RMUX27,7,codeword attributed to a uniquely vendor-used member
rrg_edges_full.csv,RMUX75,18,3,RMUX10,18,2,6;9,X18Y6_RMUX27,37,codeword attributed to a uniquely vendor-used member
rrg_edges_full.csv,RMUX75,18,4,RMUX10,18,3,6;9,X18Y7_RMUX27,43,codeword attributed to a uniquely vendor-used member
rrg_edges_full.csv,RMUX75,18,4,RMUX14,18,4,5;9,X18Y7_RMUX27,9,codeword attributed to a uniquely vendor-used member
rrg_edges_full.csv,RMUX75,18,5,RMUX10,18,4,6;9,X18Y8_RMUX27,38,codeword attributed to a uniquely vendor-used member
rrg_edges_full.csv,RMUX75,18,5,RMUX14,18,5,5;9,X18Y8_RMUX27,55,codeword attributed to a uniquely vendor-used member
rrg_edges_full.csv,RMUX75,18,6,RMUX10,18,5,6;9,X18Y9_RMUX27,32,codeword attributed to a uniquely vendor-used member
rrg_edges_full.csv,RMUX75,18,6,RMUX14,18,6,5;9,X18Y9_RMUX27,43,codeword attributed to a uniquely vendor-used member
rrg_edges_full.csv,RMUX75,18,7,RMUX10,18,6,6;9,X18Y10_RMUX27,15,codeword attributed to a uniquely vendor-used member
rrg_edges_full.csv,RMUX75,18,7,RMUX14,18,7,5;9,X18Y10_RMUX27,50,codeword attributed to a uniquely vendor-used member
rrg_edges_full.csv,RMUX75,18,8,RMUX10,18,7,6;9,X18Y11_RMUX27,13,codeword attributed to a uniquely vendor-used member
rrg_edges_full.csv,RMUX75,18,8,RMUX14,18,8,5;9,X18Y11_RMUX27,68,codeword attributed to a uniquely vendor-used member
rrg_edges_full.csv,RMUX75,18,9,RMUX10,18,8,6;9,X18Y12_RMUX27,8,codeword attributed to a uniquely vendor-used member
rrg_edges_full.csv,RMUX75,18,9,RMUX14,18,9,5;9,X18Y12_RMUX27,45,codeword attributed to a uniquely vendor-used member
rrg_edges_full.csv,RMUX75,19,2,RMUX10,19,1,6;9,X19Y5_RMUX27,74,codeword attributed to a uniquely vendor-used member
rrg_edges_full.csv,RMUX75,19,2,RMUX14,19,2,5;9,X19Y5_RMUX27,3,codeword attributed to a uniquely vendor-used member
rrg_edges_full.csv,RMUX75,19,3,RMUX10,19,2,6;9,X19Y6_RMUX27,44,codeword attributed to a uniquely vendor-used member
rrg_edges_full.csv,RMUX75,19,4,RMUX10,19,3,6;9,X19Y7_RMUX27,48,codeword attributed to a uniquely vendor-used member
rrg_edges_full.csv,RMUX75,19,4,RMUX14,19,4,5;9,X19Y7_RMUX27,17,codeword attributed to a uniquely vendor-used member
rrg_edges_full.csv,RMUX75,19,5,RMUX10,19,4,6;9,X19Y8_RMUX27,41,codeword attributed to a uniquely vendor-used member
rrg_edges_full.csv,RMUX75,19,5,RMUX14,19,5,5;9,X19Y8_RMUX27,39,codeword attributed to a uniquely vendor-used member
rrg_edges_full.csv,RMUX75,19,6,RMUX10,19,5,6;9,X19Y9_RMUX27,29,codeword attributed to a uniquely vendor-used member
rrg_edges_full.csv,RMUX75,19,6,RMUX14,19,6,5;9,X19Y9_RMUX27,40,codeword attributed to a uniquely vendor-used member
rrg_edges_full.csv,RMUX75,19,7,RMUX10,19,6,6;9,X19Y10_RMUX27,22,codeword attributed to a uniquely vendor-used member
rrg_edges_full.csv,RMUX75,19,7,RMUX14,19,7,5;9,X19Y10_RMUX27,38,codeword attributed to a uniquely vendor-used member
rrg_edges_full.csv,RMUX75,19,8,RMUX10,19,7,6;9,X19Y11_RMUX27,13,codeword attributed to a uniquely vendor-used member
rrg_edges_full.csv,RMUX75,19,8,RMUX14,19,8,5;9,X19Y11_RMUX27,49,codeword attributed to a uniquely vendor-used member
rrg_edges_full.csv,RMUX75,19,9,RMUX10,19,8,6;9,X19Y12_RMUX27,13,codeword attributed to a uniquely vendor-used member
rrg_edges_full.csv,RMUX75,19,9,RMUX14,19,9,5;9,X19Y12_RMUX27,50,codeword attributed to a uniquely vendor-used member
rrg_edges_full.csv,RMUX75,20,2,RMUX10,20,1,6;9,X20Y5_RMUX27,74,codeword attributed to a uniquely vendor-used member
rrg_edges_full.csv,RMUX75,20,2,RMUX14,20,2,5;9,X20Y5_RMUX27,3,codeword attributed to a uniquely vendor-used member
rrg_edges_full.csv,RMUX75,20,3,RMUX10,20,2,6;9,X20Y6_RMUX27,42,codeword attributed to a uniquely vendor-used member
rrg_edges_full.csv,RMUX75,20,3,RMUX14,20,3,5;9,X20Y6_RMUX27,2,codeword attributed to a uniquely vendor-used member
rrg_edges_full.csv,RMUX75,20,4,RMUX10,20,3,6;9,X20Y7_RMUX27,29,codeword attributed to a uniquely vendor-used member
rrg_edges_full.csv,RMUX75,20,4,RMUX14,20,4,5;9,X20Y7_RMUX27,7,codeword attributed to a uniquely vendor-used member
rrg_edges_full.csv,RMUX75,20,5,RMUX10,20,4,6;9,X20Y8_RMUX27,34,codeword attributed to a uniquely vendor-used member
rrg_edges_full.csv,RMUX75,20,5,RMUX14,20,5,5;9,X20Y8_RMUX27,31,codeword attributed to a uniquely vendor-used member
rrg_edges_full.csv,RMUX75,20,6,RMUX10,20,5,6;9,X20Y9_RMUX27,27,codeword attributed to a uniquely vendor-used member
rrg_edges_full.csv,RMUX75,20,6,RMUX14,20,6,5;9,X20Y9_RMUX27,25,codeword attributed to a uniquely vendor-used member
rrg_edges_full.csv,RMUX75,20,7,RMUX10,20,6,6;9,X20Y10_RMUX27,23,codeword attributed to a uniquely vendor-used member
rrg_edges_full.csv,RMUX75,20,7,RMUX14,20,7,5;9,X20Y10_RMUX27,24,codeword attributed to a uniquely vendor-used member
rrg_edges_full.csv,RMUX75,20,8,RMUX10,20,7,6;9,X20Y11_RMUX27,14,codeword attributed to a uniquely vendor-used member
rrg_edges_full.csv,RMUX75,20,8,RMUX14,20,8,5;9,X20Y11_RMUX27,19,codeword attributed to a uniquely vendor-used member
rrg_edges_full.csv,RMUX75,20,9,RMUX10,20,8,6;9,X20Y12_RMUX27,9,codeword attributed to a uniquely vendor-used member
rrg_edges_full.csv,RMUX75,20,9,RMUX14,20,9,5;9,X20Y12_RMUX27,48,codeword attributed to a uniquely vendor-used member
rrg_edges_full.csv,RMUX80,14,10,RMUX43,14,11,2;9,X14Y7_RMUX32,1,codeword attributed to a uniquely vendor-used member
rrg_edges_full.csv,RMUX80,14,11,RMUX43,14,12,2;9,X14Y8_RMUX32,2,codeword attributed to a uniquely vendor-used member
rrg_edges_full.csv,RMUX80,14,5,RMUX26,14,7,1;9,X14Y4_RMUX32,31,codeword attributed to a uniquely vendor-used member
rrg_edges_full.csv,RMUX80,14,6,RMUX26,14,8,1;9,X14Y5_RMUX32,11,codeword attributed to a uniquely vendor-used member
rrg_edges_full.csv,RMUX80,14,7,RMUX26,14,7,1;9,X14Y4_RMUX32,31,codeword attributed to a uniquely vendor-used member
rrg_edges_full.csv,RMUX80,14,8,RMUX26,14,8,1;9,X14Y5_RMUX32,11,codeword attributed to a uniquely vendor-used member
rrg_edges_full.csv,RMUX80,15,10,RMUX26,15,10,1;9,X15Y7_RMUX32,8,codeword attributed to a uniquely vendor-used member
rrg_edges_full.csv,RMUX80,15,10,RMUX43,15,11,2;9,X15Y7_RMUX32,44,codeword attributed to a uniquely vendor-used member
rrg_edges_full.csv,RMUX80,15,11,RMUX43,15,12,2;9,X15Y8_RMUX32,29,codeword attributed to a uniquely vendor-used member
rrg_edges_full.csv,RMUX80,15,4,RMUX43,15,5,2;9,X15Y1_RMUX32,33,codeword attributed to a uniquely vendor-used member
rrg_edges_full.csv,RMUX80,15,5,RMUX26,15,7,1;9,X15Y4_RMUX32,32,codeword attributed to a uniquely vendor-used member
rrg_edges_full.csv,RMUX80,15,5,RMUX43,15,6,2;9,X15Y2_RMUX32,21,codeword attributed to a uniquely vendor-used member
rrg_edges_full.csv,RMUX80,15,6,RMUX43,15,7,2;9,X15Y3_RMUX32,45,codeword attributed to a uniquely vendor-used member
rrg_edges_full.csv,RMUX80,15,7,RMUX26,15,7,1;9,X15Y4_RMUX32,32,codeword attributed to a uniquely vendor-used member
rrg_edges_full.csv,RMUX80,15,7,RMUX43,15,8,2;9,X15Y4_RMUX32,67,codeword attributed to a uniquely vendor-used member
rrg_edges_full.csv,RMUX80,15,8,RMUX26,15,10,1;9,X15Y7_RMUX32,8,codeword attributed to a uniquely vendor-used member
rrg_edges_full.csv,RMUX80,15,8,RMUX43,15,9,2;9,X15Y5_RMUX32,35,codeword attributed to a uniquely vendor-used member
rrg_edges_full.csv,RMUX80,15,9,RMUX43,15,10,2;9,X15Y6_RMUX32,34,codeword attributed to a uniquely vendor-used member
rrg_edges_full.csv,RMUX80,16,10,RMUX43,16,11,2;9,X16Y7_RMUX32,21,codeword attributed to a uniquely vendor-used member
rrg_edges_full.csv,RMUX80,16,11,RMUX43,16,12,2;9,X16Y8_RMUX32,22,codeword attributed to a uniquely vendor-used member
rrg_edges_full.csv,RMUX80,16,3,RMUX26,16,5,1;9,X16Y2_RMUX32,19,codeword attributed to a uniquely vendor-used member
rrg_edges_full.csv,RMUX80,16,4,RMUX43,16,5,2;9,X16Y1_RMUX32,12,codeword attributed to a uniquely vendor-used member
rrg_edges_full.csv,RMUX80,16,5,RMUX26,16,5,1;9,X16Y2_RMUX32,19,codeword attributed to a uniquely vendor-used member
rrg_edges_full.csv,RMUX80,16,5,RMUX43,16,6,2;9,X16Y2_RMUX32,20,codeword attributed to a uniquely vendor-used member
rrg_edges_full.csv,RMUX80,16,6,RMUX26,16,8,1;9,X16Y5_RMUX32,22,codeword attributed to a uniquely vendor-used member
rrg_edges_full.csv,RMUX80,16,6,RMUX43,16,7,2;9,X16Y3_RMUX32,33,codeword attributed to a uniquely vendor-used member
rrg_edges_full.csv,RMUX80,16,7,RMUX43,16,8,2;9,X16Y4_RMUX32,28,codeword attributed to a uniquely vendor-used member
rrg_edges_full.csv,RMUX80,16,8,RMUX26,16,8,1;9,X16Y5_RMUX32,22,codeword attributed to a uniquely vendor-used member
rrg_edges_full.csv,RMUX80,16,8,RMUX43,16,9,2;9,X16Y5_RMUX32,38,codeword attributed to a uniquely vendor-used member
rrg_edges_full.csv,RMUX80,16,9,RMUX43,16,10,2;9,X16Y6_RMUX32,14,codeword attributed to a uniquely vendor-used member
rrg_edges_full.csv,RMUX80,17,10,RMUX43,17,11,2;9,X17Y7_RMUX32,35,codeword attributed to a uniquely vendor-used member
rrg_edges_full.csv,RMUX80,17,11,RMUX43,17,12,2;9,X17Y8_RMUX32,23,codeword attributed to a uniquely vendor-used member
rrg_edges_full.csv,RMUX80,17,4,RMUX43,17,5,2;9,X17Y1_RMUX32,18,codeword attributed to a uniquely vendor-used member
rrg_edges_full.csv,RMUX80,17,5,RMUX43,17,6,2;9,X17Y2_RMUX32,24,codeword attributed to a uniquely vendor-used member
rrg_edges_full.csv,RMUX80,17,6,RMUX43,17,7,2;9,X17Y3_RMUX32,41,codeword attributed to a uniquely vendor-used member
rrg_edges_full.csv,RMUX80,17,7,RMUX43,17,8,2;9,X17Y4_RMUX32,30,codeword attributed to a uniquely vendor-used member
rrg_edges_full.csv,RMUX80,17,8,RMUX43,17,9,2;9,X17Y5_RMUX32,38,codeword attributed to a uniquely vendor-used member
rrg_edges_full.csv,RMUX80,17,9,RMUX43,17,10,2;9,X17Y6_RMUX32,26,codeword attributed to a uniquely vendor-used member
rrg_edges_full.csv,RMUX80,18,10,RMUX43,18,11,2;9,X18Y7_RMUX32,43,codeword attributed to a uniquely vendor-used member
rrg_edges_full.csv,RMUX80,18,11,RMUX43,18,12,2;9,X18Y8_RMUX32,35,codeword attributed to a uniquely vendor-used member
rrg_edges_full.csv,RMUX80,18,4,RMUX26,18,6,1;9,X18Y3_RMUX32,17,codeword attributed to a uniquely vendor-used member
rrg_edges_full.csv,RMUX80,18,4,RMUX43,18,5,2;9,X18Y1_RMUX32,19,codeword attributed to a uniquely vendor-used member
rrg_edges_full.csv,RMUX80,18,5,RMUX43,18,6,2;9,X18Y2_RMUX32,19,codeword attributed to a uniquely vendor-used member
rrg_edges_full.csv,RMUX80,18,6,RMUX26,18,6,1;9,X18Y3_RMUX32,17,codeword attributed to a uniquely vendor-used member
rrg_edges_full.csv,RMUX80,18,6,RMUX43,18,7,2;9,X18Y3_RMUX32,41,codeword attributed to a uniquely vendor-used member
rrg_edges_full.csv,RMUX80,18,7,RMUX43,18,8,2;9,X18Y4_RMUX32,38,codeword attributed to a uniquely vendor-used member
rrg_edges_full.csv,RMUX80,18,8,RMUX43,18,9,2;9,X18Y5_RMUX32,41,codeword attributed to a uniquely vendor-used member
rrg_edges_full.csv,RMUX80,18,9,RMUX43,18,10,2;9,X18Y6_RMUX32,19,codeword attributed to a uniquely vendor-used member
rrg_edges_full.csv,RMUX80,19,10,RMUX43,19,11,2;9,X19Y7_RMUX32,39,codeword attributed to a uniquely vendor-used member
rrg_edges_full.csv,RMUX80,19,11,RMUX43,19,12,2;9,X19Y8_RMUX32,34,codeword attributed to a uniquely vendor-used member
rrg_edges_full.csv,RMUX80,19,4,RMUX43,19,5,2;9,X19Y1_RMUX32,13,codeword attributed to a uniquely vendor-used member
rrg_edges_full.csv,RMUX80,19,5,RMUX43,19,6,2;9,X19Y2_RMUX32,19,codeword attributed to a uniquely vendor-used member
rrg_edges_full.csv,RMUX80,19,6,RMUX43,19,7,2;9,X19Y3_RMUX32,35,codeword attributed to a uniquely vendor-used member
rrg_edges_full.csv,RMUX80,19,7,RMUX43,19,8,2;9,X19Y4_RMUX32,34,codeword attributed to a uniquely vendor-used member
rrg_edges_full.csv,RMUX80,19,8,RMUX43,19,9,2;9,X19Y5_RMUX32,49,codeword attributed to a uniquely vendor-used member
rrg_edges_full.csv,RMUX80,19,9,RMUX43,19,10,2;9,X19Y6_RMUX32,41,codeword attributed to a uniquely vendor-used member
rrg_edges_full.csv,RMUX80,20,10,RMUX43,20,11,2;9,X20Y7_RMUX32,40,codeword attributed to a uniquely vendor-used member
rrg_edges_full.csv,RMUX80,20,11,RMUX43,20,12,2;9,X20Y8_RMUX32,32,codeword attributed to a uniquely vendor-used member
rrg_edges_full.csv,RMUX80,20,4,RMUX43,20,5,2;9,X20Y1_RMUX32,20,codeword attributed to a uniquely vendor-used member
rrg_edges_full.csv,RMUX80,20,5,RMUX43,20,6,2;9,X20Y2_RMUX32,14,codeword attributed to a uniquely vendor-used member
rrg_edges_full.csv,RMUX80,20,6,RMUX43,20,7,2;9,X20Y3_RMUX32,37,codeword attributed to a uniquely vendor-used member
rrg_edges_full.csv,RMUX80,20,7,RMUX43,20,8,2;9,X20Y4_RMUX32,25,codeword attributed to a uniquely vendor-used member
rrg_edges_full.csv,RMUX80,20,8,RMUX43,20,9,2;9,X20Y5_RMUX32,38,codeword attributed to a uniquely vendor-used member
rrg_edges_full.csv,RMUX80,20,9,RMUX43,20,10,2;9,X20Y6_RMUX32,23,codeword attributed to a uniquely vendor-used member
rrg_edges_full.csv,RMUX81,14,8,RMUX35,17,8,4;8,X17Y8_RMUX33,91,codeword attributed to a uniquely vendor-used member
rrg_edges_full.csv,RMUX85,14,2,RMUX65,14,1,6;9,X14Y5_RMUX37,51,codeword attributed to a uniquely vendor-used member
rrg_edges_full.csv,RMUX85,14,3,RMUX65,14,2,6;9,X14Y6_RMUX37,45,codeword attributed to a uniquely vendor-used member
rrg_edges_full.csv,RMUX85,14,4,RMUX65,14,3,6;9,X14Y7_RMUX37,47,codeword attributed to a uniquely vendor-used member
rrg_edges_full.csv,RMUX85,14,5,RMUX65,14,4,6;9,X14Y8_RMUX37,48,codeword attributed to a uniquely vendor-used member
rrg_edges_full.csv,RMUX85,14,6,RMUX65,14,5,6;9,X14Y9_RMUX37,43,codeword attributed to a uniquely vendor-used member
rrg_edges_full.csv,RMUX85,14,7,RMUX65,14,6,6;9,X14Y10_RMUX37,24,codeword attributed to a uniquely vendor-used member
rrg_edges_full.csv,RMUX85,14,8,RMUX65,14,7,6;9,X14Y11_RMUX37,22,codeword attributed to a uniquely vendor-used member
rrg_edges_full.csv,RMUX85,14,9,RMUX65,14,8,6;9,X14Y12_RMUX37,13,codeword attributed to a uniquely vendor-used member
rrg_edges_full.csv,RMUX85,15,2,RMUX65,15,1,6;9,X15Y5_RMUX37,63,codeword attributed to a uniquely vendor-used member
rrg_edges_full.csv,RMUX85,15,3,RMUX65,15,2,6;9,X15Y6_RMUX37,50,codeword attributed to a uniquely vendor-used member
rrg_edges_full.csv,RMUX85,15,4,RMUX65,15,3,6;9,X15Y7_RMUX37,61,codeword attributed to a uniquely vendor-used member
rrg_edges_full.csv,RMUX85,15,5,RMUX65,15,4,6;9,X15Y8_RMUX37,54,codeword attributed to a uniquely vendor-used member
rrg_edges_full.csv,RMUX85,15,6,RMUX65,15,5,6;9,X15Y9_RMUX37,54,codeword attributed to a uniquely vendor-used member
rrg_edges_full.csv,RMUX85,15,7,RMUX65,15,6,6;9,X15Y10_RMUX37,21,codeword attributed to a uniquely vendor-used member
rrg_edges_full.csv,RMUX85,15,8,RMUX65,15,7,6;9,X15Y11_RMUX37,29,codeword attributed to a uniquely vendor-used member
rrg_edges_full.csv,RMUX85,15,9,RMUX65,15,8,6;9,X15Y12_RMUX37,11,codeword attributed to a uniquely vendor-used member
rrg_edges_full.csv,RMUX85,16,2,RMUX65,16,1,6;9,X16Y5_RMUX37,74,codeword attributed to a uniquely vendor-used member
rrg_edges_full.csv,RMUX85,16,3,RMUX65,16,2,6;9,X16Y6_RMUX37,51,codeword attributed to a uniquely vendor-used member
rrg_edges_full.csv,RMUX85,16,4,RMUX65,16,3,6;9,X16Y7_RMUX37,68,codeword attributed to a uniquely vendor-used member
rrg_edges_full.csv,RMUX85,16,5,RMUX65,16,4,6;9,X16Y8_RMUX37,61,codeword attributed to a uniquely vendor-used member
rrg_edges_full.csv,RMUX85,16,6,RMUX65,16,5,6;9,X16Y9_RMUX37,39,codeword attributed to a uniquely vendor-used member
rrg_edges_full.csv,RMUX85,16,7,RMUX65,16,6,6;9,X16Y10_RMUX37,34,codeword attributed to a uniquely vendor-used member
rrg_edges_full.csv,RMUX85,16,8,RMUX65,16,7,6;9,X16Y11_RMUX37,22,codeword attributed to a uniquely vendor-used member
rrg_edges_full.csv,RMUX85,16,9,RMUX65,16,8,6;9,X16Y12_RMUX37,10,codeword attributed to a uniquely vendor-used member
rrg_edges_full.csv,RMUX85,17,2,RMUX65,17,1,6;9,X17Y5_RMUX37,61,codeword attributed to a uniquely vendor-used member
rrg_edges_full.csv,RMUX85,17,3,RMUX65,17,2,6;9,X17Y6_RMUX37,61,codeword attributed to a uniquely vendor-used member
rrg_edges_full.csv,RMUX85,17,4,RMUX65,17,3,6;9,X17Y7_RMUX37,90,codeword attributed to a uniquely vendor-used member
rrg_edges_full.csv,RMUX85,17,5,RMUX65,17,4,6;9,X17Y8_RMUX37,90,codeword attributed to a uniquely vendor-used member
rrg_edges_full.csv,RMUX85,17,6,RMUX65,17,5,6;9,X17Y9_RMUX37,65,codeword attributed to a uniquely vendor-used member
rrg_edges_full.csv,RMUX85,17,7,RMUX65,17,6,6;9,X17Y10_RMUX37,45,codeword attributed to a uniquely vendor-used member
rrg_edges_full.csv,RMUX85,17,8,RMUX65,17,7,6;9,X17Y11_RMUX37,38,codeword attributed to a uniquely vendor-used member
rrg_edges_full.csv,RMUX85,17,9,RMUX65,17,8,6;9,X17Y12_RMUX37,22,codeword attributed to a uniquely vendor-used member
rrg_edges_full.csv,RMUX85,18,2,RMUX65,18,1,6;9,X18Y5_RMUX37,79,codeword attributed to a uniquely vendor-used member
rrg_edges_full.csv,RMUX85,18,3,RMUX65,18,2,6;9,X18Y6_RMUX37,55,codeword attributed to a uniquely vendor-used member
rrg_edges_full.csv,RMUX85,18,4,RMUX65,18,3,6;9,X18Y7_RMUX37,65,codeword attributed to a uniquely vendor-used member
rrg_edges_full.csv,RMUX85,18,5,RMUX65,18,4,6;9,X18Y8_RMUX37,54,codeword attributed to a uniquely vendor-used member
rrg_edges_full.csv,RMUX85,18,6,RMUX65,18,5,6;9,X18Y9_RMUX37,66,codeword attributed to a uniquely vendor-used member
rrg_edges_full.csv,RMUX85,18,7,RMUX65,18,6,6;9,X18Y10_RMUX37,35,codeword attributed to a uniquely vendor-used member
rrg_edges_full.csv,RMUX85,18,8,RMUX65,18,7,6;9,X18Y11_RMUX37,33,codeword attributed to a uniquely vendor-used member
rrg_edges_full.csv,RMUX85,18,9,RMUX65,18,8,6;9,X18Y12_RMUX37,17,codeword attributed to a uniquely vendor-used member
rrg_edges_full.csv,RMUX85,19,2,RMUX65,19,1,6;9,X19Y5_RMUX37,90,codeword attributed to a uniquely vendor-used member
rrg_edges_full.csv,RMUX85,19,3,RMUX65,19,2,6;9,X19Y6_RMUX37,55,codeword attributed to a uniquely vendor-used member
rrg_edges_full.csv,RMUX85,19,4,RMUX65,19,3,6;9,X19Y7_RMUX37,74,codeword attributed to a uniquely vendor-used member
rrg_edges_full.csv,RMUX85,19,5,RMUX65,19,4,6;9,X19Y8_RMUX37,45,codeword attributed to a uniquely vendor-used member
rrg_edges_full.csv,RMUX85,19,6,RMUX65,19,5,6;9,X19Y9_RMUX37,30,codeword attributed to a uniquely vendor-used member
rrg_edges_full.csv,RMUX85,19,7,RMUX65,19,6,6;9,X19Y10_RMUX37,29,codeword attributed to a uniquely vendor-used member
rrg_edges_full.csv,RMUX85,19,8,RMUX65,19,7,6;9,X19Y11_RMUX37,23,codeword attributed to a uniquely vendor-used member
rrg_edges_full.csv,RMUX85,19,9,RMUX65,19,8,6;9,X19Y12_RMUX37,12,codeword attributed to a uniquely vendor-used member
rrg_edges_full.csv,RMUX85,20,2,RMUX65,20,1,6;9,X20Y5_RMUX37,84,codeword attributed to a uniquely vendor-used member
rrg_edges_full.csv,RMUX85,20,3,RMUX65,20,2,6;9,X20Y6_RMUX37,61,codeword attributed to a uniquely vendor-used member
rrg_edges_full.csv,RMUX85,20,4,RMUX65,20,3,6;9,X20Y7_RMUX37,62,codeword attributed to a uniquely vendor-used member
rrg_edges_full.csv,RMUX85,20,5,RMUX65,20,4,6;9,X20Y8_RMUX37,37,codeword attributed to a uniquely vendor-used member
rrg_edges_full.csv,RMUX85,20,6,RMUX65,20,5,6;9,X20Y9_RMUX37,35,codeword attributed to a uniquely vendor-used member
rrg_edges_full.csv,RMUX85,20,7,RMUX65,20,6,6;9,X20Y10_RMUX37,31,codeword attributed to a uniquely vendor-used member
rrg_edges_full.csv,RMUX85,20,8,RMUX65,20,7,6;9,X20Y11_RMUX37,17,codeword attributed to a uniquely vendor-used member
rrg_edges_full.csv,RMUX85,20,9,RMUX65,20,8,6;9,X20Y12_RMUX37,18,codeword attributed to a uniquely vendor-used member
rrg_edges_full.csv,RMUX86,10,2,RMUX57,10,2,4;8,X7Y2_RMUX38,13,codeword attributed to a uniquely vendor-used member
rrg_edges_full.csv,RMUX86,10,3,RMUX57,10,3,4;8,X7Y3_RMUX38,17,codeword attributed to a uniquely vendor-used member
rrg_edges_full.csv,RMUX86,10,4,RMUX57,10,4,4;8,X7Y4_RMUX38,15,codeword attributed to a uniquely vendor-used member
rrg_edges_full.csv,RMUX86,11,2,RMUX57,11,2,4;8,X8Y2_RMUX38,20,codeword attributed to a uniquely vendor-used member
rrg_edges_full.csv,RMUX86,11,3,RMUX57,11,3,4;8,X8Y3_RMUX38,11,codeword attributed to a uniquely vendor-used member
rrg_edges_full.csv,RMUX86,11,4,RMUX57,11,4,4;8,X8Y4_RMUX38,13,codeword attributed to a uniquely vendor-used member
rrg_edges_full.csv,RMUX86,12,2,RMUX57,12,2,4;8,X9Y2_RMUX38,17,codeword attributed to a uniquely vendor-used member
rrg_edges_full.csv,RMUX86,12,3,RMUX57,12,3,4;8,X9Y3_RMUX38,17,codeword attributed to a uniquely vendor-used member
rrg_edges_full.csv,RMUX86,12,4,RMUX57,12,4,4;8,X9Y4_RMUX38,21,codeword attributed to a uniquely vendor-used member
rrg_edges_full.csv,RMUX86,14,1,RMUX57,14,1,4;8,X11Y1_RMUX38,4,codeword attributed to a uniquely vendor-used member
rrg_edges_full.csv,RMUX86,14,2,RMUX50,15,2,5;8,X11Y2_RMUX38,70,codeword attributed to a uniquely vendor-used member
rrg_edges_full.csv,RMUX86,14,2,RMUX57,14,2,4;8,X11Y2_RMUX38,34,codeword attributed to a uniquely vendor-used member
rrg_edges_full.csv,RMUX86,14,3,RMUX57,14,3,4;8,X11Y3_RMUX38,26,codeword attributed to a uniquely vendor-used member
rrg_edges_full.csv,RMUX86,14,4,RMUX50,15,4,5;8,X11Y4_RMUX38,59,codeword attributed to a uniquely vendor-used member
rrg_edges_full.csv,RMUX86,14,4,RMUX57,14,4,4;8,X11Y4_RMUX38,40,codeword attributed to a uniquely vendor-used member
rrg_edges_full.csv,RMUX86,15,2,RMUX57,15,2,4;8,X12Y2_RMUX38,30,codeword attributed to a uniquely vendor-used member
rrg_edges_full.csv,RMUX86,15,3,RMUX57,15,3,4;8,X12Y3_RMUX38,34,codeword attributed to a uniquely vendor-used member
rrg_edges_full.csv,RMUX86,15,4,RMUX57,15,4,4;8,X12Y4_RMUX38,40,codeword attributed to a uniquely vendor-used member
rrg_edges_full.csv,RMUX86,16,2,RMUX57,16,2,4;8,X13Y2_RMUX38,20,codeword attributed to a uniquely vendor-used member
rrg_edges_full.csv,RMUX86,16,3,RMUX50,17,3,5;8,X13Y3_RMUX38,22,codeword attributed to a uniquely vendor-used member
rrg_edges_full.csv,RMUX86,16,4,RMUX50,17,4,5;8,X13Y4_RMUX38,34,codeword attributed to a uniquely vendor-used member
rrg_edges_full.csv,RMUX86,16,4,RMUX57,16,4,4;8,X13Y4_RMUX38,16,codeword attributed to a uniquely vendor-used member
rrg_edges_full.csv,RMUX86,17,10,RMUX57,17,10,4;8,X14Y10_RMUX38,9,codeword attributed to a uniquely vendor-used member
rrg_edges_full.csv,RMUX86,17,11,RMUX57,17,11,4;8,X14Y11_RMUX38,4,codeword attributed to a uniquely vendor-used member
rrg_edges_full.csv,RMUX86,17,2,RMUX57,17,2,4;8,X14Y2_RMUX38,6,codeword attributed to a uniquely vendor-used member
rrg_edges_full.csv,RMUX86,17,3,RMUX57,17,3,4;8,X14Y3_RMUX38,11,codeword attributed to a uniquely vendor-used member
rrg_edges_full.csv,RMUX86,17,4,RMUX57,17,4,4;8,X14Y4_RMUX38,9,codeword attributed to a uniquely vendor-used member
rrg_edges_full.csv,RMUX86,17,5,RMUX57,17,5,4;8,X14Y5_RMUX38,14,codeword attributed to a uniquely vendor-used member
rrg_edges_full.csv,RMUX86,17,6,RMUX57,17,6,4;8,X14Y6_RMUX38,9,codeword attributed to a uniquely vendor-used member
rrg_edges_full.csv,RMUX86,17,7,RMUX57,17,7,4;8,X14Y7_RMUX38,17,codeword attributed to a uniquely vendor-used member
rrg_edges_full.csv,RMUX86,17,8,RMUX57,17,8,4;8,X14Y8_RMUX38,5,codeword attributed to a uniquely vendor-used member
rrg_edges_full.csv,RMUX86,17,9,RMUX57,17,9,4;8,X14Y9_RMUX38,9,codeword attributed to a uniquely vendor-used member
rrg_edges_full.csv,RMUX86,18,1,RMUX57,18,1,4;8,X15Y1_RMUX38,5,codeword attributed to a uniquely vendor-used member
rrg_edges_full.csv,RMUX86,18,10,RMUX57,18,10,4;8,X15Y10_RMUX38,10,codeword attributed to a uniquely vendor-used member
rrg_edges_full.csv,RMUX86,18,11,RMUX57,18,11,4;8,X15Y11_RMUX38,15,codeword attributed to a uniquely vendor-used member
rrg_edges_full.csv,RMUX86,18,12,RMUX57,18,12,4;8,X15Y12_RMUX38,6,codeword attributed to a uniquely vendor-used member
rrg_edges_full.csv,RMUX86,18,2,RMUX57,18,2,4;8,X15Y2_RMUX38,14,codeword attributed to a uniquely vendor-used member
rrg_edges_full.csv,RMUX86,18,3,RMUX57,18,3,4;8,X15Y3_RMUX38,10,codeword attributed to a uniquely vendor-used member
rrg_edges_full.csv,RMUX86,18,4,RMUX57,18,4,4;8,X15Y4_RMUX38,10,codeword attributed to a uniquely vendor-used member
rrg_edges_full.csv,RMUX86,18,5,RMUX57,18,5,4;8,X15Y5_RMUX38,24,codeword attributed to a uniquely vendor-used member
rrg_edges_full.csv,RMUX86,18,6,RMUX57,18,6,4;8,X15Y6_RMUX38,21,codeword attributed to a uniquely vendor-used member
rrg_edges_full.csv,RMUX86,18,7,RMUX57,18,7,4;8,X15Y7_RMUX38,27,codeword attributed to a uniquely vendor-used member
rrg_edges_full.csv,RMUX86,18,8,RMUX57,18,8,4;8,X15Y8_RMUX38,28,codeword attributed to a uniquely vendor-used member
rrg_edges_full.csv,RMUX86,18,9,RMUX57,18,9,4;8,X15Y9_RMUX38,25,codeword attributed to a uniquely vendor-used member
rrg_edges_full.csv,RMUX86,19,1,RMUX57,19,1,4;8,X16Y1_RMUX38,3,codeword attributed to a uniquely vendor-used member
rrg_edges_full.csv,RMUX86,19,10,RMUX57,19,10,4;8,X16Y10_RMUX38,18,codeword attributed to a uniquely vendor-used member
rrg_edges_full.csv,RMUX86,19,11,RMUX57,19,11,4;8,X16Y11_RMUX38,14,codeword attributed to a uniquely vendor-used member
rrg_edges_full.csv,RMUX86,19,12,RMUX57,19,12,4;8,X16Y12_RMUX38,12,codeword attributed to a uniquely vendor-used member
rrg_edges_full.csv,RMUX86,19,2,RMUX57,19,2,4;8,X16Y2_RMUX38,14,codeword attributed to a uniquely vendor-used member
rrg_edges_full.csv,RMUX86,19,3,RMUX57,19,3,4;8,X16Y3_RMUX38,19,codeword attributed to a uniquely vendor-used member
rrg_edges_full.csv,RMUX86,19,4,RMUX57,19,4,4;8,X16Y4_RMUX38,20,codeword attributed to a uniquely vendor-used member
rrg_edges_full.csv,RMUX86,19,5,RMUX57,19,5,4;8,X16Y5_RMUX38,21,codeword attributed to a uniquely vendor-used member
rrg_edges_full.csv,RMUX86,19,6,RMUX57,19,6,4;8,X16Y6_RMUX38,19,codeword attributed to a uniquely vendor-used member
rrg_edges_full.csv,RMUX86,19,7,RMUX57,19,7,4;8,X16Y7_RMUX38,21,codeword attributed to a uniquely vendor-used member
rrg_edges_full.csv,RMUX86,19,8,RMUX57,19,8,4;8,X16Y8_RMUX38,18,codeword attributed to a uniquely vendor-used member
rrg_edges_full.csv,RMUX86,19,9,RMUX57,19,9,4;8,X16Y9_RMUX38,20,codeword attributed to a uniquely vendor-used member
rrg_edges_full.csv,RMUX86,20,10,RMUX57,20,10,4;8,X17Y10_RMUX38,7,codeword attributed to a uniquely vendor-used member
rrg_edges_full.csv,RMUX86,20,11,RMUX57,20,11,4;8,X17Y11_RMUX38,6,codeword attributed to a uniquely vendor-used member
rrg_edges_full.csv,RMUX86,20,12,RMUX57,20,12,4;8,X17Y12_RMUX38,7,codeword attributed to a uniquely vendor-used member
rrg_edges_full.csv,RMUX86,20,2,RMUX57,20,2,4;8,X17Y2_RMUX38,8,codeword attributed to a uniquely vendor-used member
rrg_edges_full.csv,RMUX86,20,3,RMUX57,20,3,4;8,X17Y3_RMUX38,11,codeword attributed to a uniquely vendor-used member
rrg_edges_full.csv,RMUX86,20,4,RMUX57,20,4,4;8,X17Y4_RMUX38,13,codeword attributed to a uniquely vendor-used member
rrg_edges_full.csv,RMUX86,20,5,RMUX57,20,5,4;8,X17Y5_RMUX38,22,codeword attributed to a uniquely vendor-used member
rrg_edges_full.csv,RMUX86,20,6,RMUX57,20,6,4;8,X17Y6_RMUX38,12,codeword attributed to a uniquely vendor-used member
rrg_edges_full.csv,RMUX86,20,7,RMUX57,20,7,4;8,X17Y7_RMUX38,14,codeword attributed to a uniquely vendor-used member
rrg_edges_full.csv,RMUX86,20,8,RMUX57,20,8,4;8,X17Y8_RMUX38,12,codeword attributed to a uniquely vendor-used member
rrg_edges_full.csv,RMUX86,20,9,RMUX57,20,9,4;8,X17Y9_RMUX38,12,codeword attributed to a uniquely vendor-used member
rrg_edges_full.csv,RMUX86,4,2,RMUX57,4,2,4;8,X1Y2_RMUX38,2,codeword attributed to a uniquely vendor-used member
rrg_edges_full.csv,RMUX86,4,3,RMUX57,4,3,4;8,X1Y3_RMUX38,3,codeword attributed to a uniquely vendor-used member
rrg_edges_full.csv,RMUX86,4,4,RMUX57,4,4,4;8,X1Y4_RMUX38,5,codeword attributed to a uniquely vendor-used member
rrg_edges_full.csv,RMUX86,5,2,RMUX57,5,2,4;8,X2Y2_RMUX38,5,codeword attributed to a uniquely vendor-used member
rrg_edges_full.csv,RMUX86,5,3,RMUX57,5,3,4;8,X2Y3_RMUX38,2,codeword attributed to a uniquely vendor-used member
rrg_edges_full.csv,RMUX86,5,4,RMUX57,5,4,4;8,X2Y4_RMUX38,5,codeword attributed to a uniquely vendor-used member
rrg_edges_full.csv,RMUX86,6,2,RMUX57,6,2,4;8,X3Y2_RMUX38,2,codeword attributed to a uniquely vendor-used member
rrg_edges_full.csv,RMUX86,6,3,RMUX57,6,3,4;8,X3Y3_RMUX38,13,codeword attributed to a uniquely vendor-used member
rrg_edges_full.csv,RMUX86,6,4,RMUX57,6,4,4;8,X3Y4_RMUX38,19,codeword attributed to a uniquely vendor-used member
rrg_edges_full.csv,RMUX86,7,2,RMUX57,7,2,4;8,X4Y2_RMUX38,5,codeword attributed to a uniquely vendor-used member
rrg_edges_full.csv,RMUX86,7,3,RMUX57,7,3,4;8,X4Y3_RMUX38,14,codeword attributed to a uniquely vendor-used member
rrg_edges_full.csv,RMUX86,7,4,RMUX57,7,4,4;8,X4Y4_RMUX38,13,codeword attributed to a uniquely vendor-used member
rrg_edges_full.csv,RMUX86,8,2,RMUX57,8,2,4;8,X5Y2_RMUX38,11,codeword attributed to a uniquely vendor-used member
rrg_edges_full.csv,RMUX86,8,3,RMUX57,8,3,4;8,X5Y3_RMUX38,8,codeword attributed to a uniquely vendor-used member
rrg_edges_full.csv,RMUX86,8,4,RMUX57,8,4,4;8,X5Y4_RMUX38,18,codeword attributed to a uniquely vendor-used member
rrg_edges_full.csv,RMUX86,9,2,RMUX57,9,2,4;8,X6Y2_RMUX38,10,codeword attributed to a uniquely vendor-used member
rrg_edges_full.csv,RMUX86,9,3,RMUX57,9,3,4;8,X6Y3_RMUX38,11,codeword attributed to a uniquely vendor-used member
rrg_edges_full.csv,RMUX86,9,4,RMUX57,9,4,4;8,X6Y4_RMUX38,15,codeword attributed to a uniquely vendor-used member
rrg_edges_full.csv,RMUX87,1,4,RMUX68,1,4,1;9,X1Y1_RMUX39,3,codeword attributed to a uniquely vendor-used member
rrg_edges_full.csv,RMUX87,10,4,RMUX68,10,4,1;9,X10Y1_RMUX39,66,codeword attributed to a uniquely vendor-used member
rrg_edges_full.csv,RMUX87,11,4,RMUX68,11,4,1;9,X11Y1_RMUX39,72,codeword attributed to a uniquely vendor-used member
rrg_edges_full.csv,RMUX87,12,4,RMUX68,12,4,1;9,X12Y1_RMUX39,65,codeword attributed to a uniquely vendor-used member
rrg_edges_full.csv,RMUX87,14,10,RMUX59,14,11,2;9,X14Y7_RMUX39,78,codeword attributed to a uniquely vendor-used member
rrg_edges_full.csv,RMUX87,14,10,RMUX63,14,11,2;9,X14Y7_RMUX39,2,codeword attributed to a uniquely vendor-used member
rrg_edges_full.csv,RMUX87,14,10,RMUX68,14,10,1;9,X14Y7_RMUX39,12,codeword attributed to a uniquely vendor-used member
rrg_edges_full.csv,RMUX87,14,11,RMUX59,14,12,2;9,X14Y8_RMUX39,49,codeword attributed to a uniquely vendor-used member
rrg_edges_full.csv,RMUX87,14,11,RMUX63,14,12,2;9,X14Y8_RMUX39,6,codeword attributed to a uniquely vendor-used member
rrg_edges_full.csv,RMUX87,14,11,RMUX68,14,11,1;9,X14Y8_RMUX39,6,codeword attributed to a uniquely vendor-used member
rrg_edges_full.csv,RMUX87,14,12,RMUX68,14,12,1;9,X14Y9_RMUX39,2,codeword attributed to a uniquely vendor-used member
rrg_edges_full.csv,RMUX87,14,4,RMUX59,14,5,2;9,X14Y1_RMUX39,38,codeword attributed to a uniquely vendor-used member
rrg_edges_full.csv,RMUX87,14,4,RMUX68,14,4,1;9,X14Y1_RMUX39,26,codeword attributed to a uniquely vendor-used member
rrg_edges_full.csv,RMUX87,14,5,RMUX59,14,6,2;9,X14Y2_RMUX39,48,codeword attributed to a uniquely vendor-used member
rrg_edges_full.csv,RMUX87,14,5,RMUX63,14,6,2;9,X14Y2_RMUX39,2,codeword attributed to a uniquely vendor-used member
rrg_edges_full.csv,RMUX87,14,5,RMUX68,14,5,1;9,X14Y2_RMUX39,40,codeword attributed to a uniquely vendor-used member
rrg_edges_full.csv,RMUX87,14,6,RMUX59,14,7,2;9,X14Y3_RMUX39,46,codeword attributed to a uniquely vendor-used member
rrg_edges_full.csv,RMUX87,14,6,RMUX68,14,6,1;9,X14Y3_RMUX39,41,codeword attributed to a uniquely vendor-used member
rrg_edges_full.csv,RMUX87,14,7,RMUX59,14,8,2;9,X14Y4_RMUX39,59,codeword attributed to a uniquely vendor-used member
rrg_edges_full.csv,RMUX87,14,7,RMUX68,14,7,1;9,X14Y4_RMUX39,36,codeword attributed to a uniquely vendor-used member
rrg_edges_full.csv,RMUX87,14,8,RMUX59,14,9,2;9,X14Y5_RMUX39,75,codeword attributed to a uniquely vendor-used member
rrg_edges_full.csv,RMUX87,14,8,RMUX68,14,8,1;9,X14Y5_RMUX39,29,codeword attributed to a uniquely vendor-used member
rrg_edges_full.csv,RMUX87,14,9,RMUX59,14,10,2;9,X14Y6_RMUX39,73,codeword attributed to a uniquely vendor-used member
rrg_edges_full.csv,RMUX87,14,9,RMUX68,14,9,1;9,X14Y6_RMUX39,14,codeword attributed to a uniquely vendor-used member
rrg_edges_full.csv,RMUX87,15,10,RMUX59,15,11,2;9,X15Y7_RMUX39,63,codeword attributed to a uniquely vendor-used member
rrg_edges_full.csv,RMUX87,15,10,RMUX63,15,11,2;9,X15Y7_RMUX39,22,codeword attributed to a uniquely vendor-used member
rrg_edges_full.csv,RMUX87,15,10,RMUX68,15,10,1;9,X15Y7_RMUX39,15,codeword attributed to a uniquely vendor-used member
rrg_edges_full.csv,RMUX87,15,11,RMUX59,15,12,2;9,X15Y8_RMUX39,54,codeword attributed to a uniquely vendor-used member
rrg_edges_full.csv,RMUX87,15,11,RMUX63,15,12,2;9,X15Y8_RMUX39,25,codeword attributed to a uniquely vendor-used member
rrg_edges_full.csv,RMUX87,15,11,RMUX68,15,11,1;9,X15Y8_RMUX39,9,codeword attributed to a uniquely vendor-used member
rrg_edges_full.csv,RMUX87,15,12,RMUX68,15,12,1;9,X15Y9_RMUX39,6,codeword attributed to a uniquely vendor-used member
rrg_edges_full.csv,RMUX87,15,4,RMUX59,15,5,2;9,X15Y1_RMUX39,39,codeword attributed to a uniquely vendor-used member
rrg_edges_full.csv,RMUX87,15,4,RMUX63,15,5,2;9,X15Y1_RMUX39,21,codeword attributed to a uniquely vendor-used member
rrg_edges_full.csv,RMUX87,15,4,RMUX68,15,4,1;9,X15Y1_RMUX39,45,codeword attributed to a uniquely vendor-used member
rrg_edges_full.csv,RMUX87,15,5,RMUX59,15,6,2;9,X15Y2_RMUX39,44,codeword attributed to a uniquely vendor-used member
rrg_edges_full.csv,RMUX87,15,5,RMUX63,15,6,2;9,X15Y2_RMUX39,13,codeword attributed to a uniquely vendor-used member
rrg_edges_full.csv,RMUX87,15,5,RMUX68,15,5,1;9,X15Y2_RMUX39,30,codeword attributed to a uniquely vendor-used member
rrg_edges_full.csv,RMUX87,15,6,RMUX59,15,7,2;9,X15Y3_RMUX39,50,codeword attributed to a uniquely vendor-used member
rrg_edges_full.csv,RMUX87,15,6,RMUX63,15,7,2;9,X15Y3_RMUX39,36,codeword attributed to a uniquely vendor-used member
rrg_edges_full.csv,RMUX87,15,6,RMUX68,15,6,1;9,X15Y3_RMUX39,32,codeword attributed to a uniquely vendor-used member
rrg_edges_full.csv,RMUX87,15,7,RMUX59,15,8,2;9,X15Y4_RMUX39,41,codeword attributed to a uniquely vendor-used member
rrg_edges_full.csv,RMUX87,15,7,RMUX63,15,8,2;9,X15Y4_RMUX39,27,codeword attributed to a uniquely vendor-used member
rrg_edges_full.csv,RMUX87,15,7,RMUX68,15,7,1;9,X15Y4_RMUX39,36,codeword attributed to a uniquely vendor-used member
rrg_edges_full.csv,RMUX87,15,8,RMUX59,15,9,2;9,X15Y5_RMUX39,77,codeword attributed to a uniquely vendor-used member
rrg_edges_full.csv,RMUX87,15,8,RMUX63,15,9,2;9,X15Y5_RMUX39,32,codeword attributed to a uniquely vendor-used member
rrg_edges_full.csv,RMUX87,15,8,RMUX68,15,8,1;9,X15Y5_RMUX39,15,codeword attributed to a uniquely vendor-used member
rrg_edges_full.csv,RMUX87,15,9,RMUX59,15,10,2;9,X15Y6_RMUX39,51,codeword attributed to a uniquely vendor-used member
rrg_edges_full.csv,RMUX87,15,9,RMUX63,15,10,2;9,X15Y6_RMUX39,18,codeword attributed to a uniquely vendor-used member
rrg_edges_full.csv,RMUX87,15,9,RMUX68,15,9,1;9,X15Y6_RMUX39,16,codeword attributed to a uniquely vendor-used member
rrg_edges_full.csv,RMUX87,16,10,RMUX59,16,11,2;9,X16Y7_RMUX39,57,codeword attributed to a uniquely vendor-used member
rrg_edges_full.csv,RMUX87,16,10,RMUX63,16,11,2;9,X16Y7_RMUX39,30,codeword attributed to a uniquely vendor-used member
rrg_edges_full.csv,RMUX87,16,10,RMUX68,16,10,1;9,X16Y7_RMUX39,9,codeword attributed to a uniquely vendor-used member
rrg_edges_full.csv,RMUX87,16,11,RMUX59,16,12,2;9,X16Y8_RMUX39,60,codeword attributed to a uniquely vendor-used member
rrg_edges_full.csv,RMUX87,16,11,RMUX63,16,12,2;9,X16Y8_RMUX39,26,codeword attributed to a uniquely vendor-used member
rrg_edges_full.csv,RMUX87,16,11,RMUX68,16,11,1;9,X16Y8_RMUX39,9,codeword attributed to a uniquely vendor-used member
rrg_edges_full.csv,RMUX87,16,12,RMUX68,16,12,1;9,X16Y9_RMUX39,3,codeword attributed to a uniquely vendor-used member
rrg_edges_full.csv,RMUX87,16,4,RMUX59,16,5,2;9,X16Y1_RMUX39,23,codeword attributed to a uniquely vendor-used member
rrg_edges_full.csv,RMUX87,16,4,RMUX63,16,5,2;9,X16Y1_RMUX39,25,codeword attributed to a uniquely vendor-used member
rrg_edges_full.csv,RMUX87,16,4,RMUX68,16,4,1;9,X16Y1_RMUX39,29,codeword attributed to a uniquely vendor-used member
rrg_edges_full.csv,RMUX87,16,5,RMUX59,16,6,2;9,X16Y2_RMUX39,35,codeword attributed to a uniquely vendor-used member
rrg_edges_full.csv,RMUX87,16,5,RMUX63,16,6,2;9,X16Y2_RMUX39,21,codeword attributed to a uniquely vendor-used member
rrg_edges_full.csv,RMUX87,16,5,RMUX68,16,5,1;9,X16Y2_RMUX39,41,codeword attributed to a uniquely vendor-used member
rrg_edges_full.csv,RMUX87,16,6,RMUX59,16,7,2;9,X16Y3_RMUX39,50,codeword attributed to a uniquely vendor-used member
rrg_edges_full.csv,RMUX87,16,6,RMUX63,16,7,2;9,X16Y3_RMUX39,37,codeword attributed to a uniquely vendor-used member
rrg_edges_full.csv,RMUX87,16,6,RMUX68,16,6,1;9,X16Y3_RMUX39,29,codeword attributed to a uniquely vendor-used member
rrg_edges_full.csv,RMUX87,16,7,RMUX59,16,8,2;9,X16Y4_RMUX39,36,codeword attributed to a uniquely vendor-used member
rrg_edges_full.csv,RMUX87,16,7,RMUX63,16,8,2;9,X16Y4_RMUX39,28,codeword attributed to a uniquely vendor-used member
rrg_edges_full.csv,RMUX87,16,7,RMUX68,16,7,1;9,X16Y4_RMUX39,26,codeword attributed to a uniquely vendor-used member
rrg_edges_full.csv,RMUX87,16,8,RMUX59,16,9,2;9,X16Y5_RMUX39,64,codeword attributed to a uniquely vendor-used member
rrg_edges_full.csv,RMUX87,16,8,RMUX63,16,9,2;9,X16Y5_RMUX39,38,codeword attributed to a uniquely vendor-used member
rrg_edges_full.csv,RMUX87,16,8,RMUX68,16,8,1;9,X16Y5_RMUX39,23,codeword attributed to a uniquely vendor-used member
rrg_edges_full.csv,RMUX87,16,9,RMUX59,16,10,2;9,X16Y6_RMUX39,59,codeword attributed to a uniquely vendor-used member
rrg_edges_full.csv,RMUX87,16,9,RMUX63,16,10,2;9,X16Y6_RMUX39,31,codeword attributed to a uniquely vendor-used member
rrg_edges_full.csv,RMUX87,16,9,RMUX68,16,9,1;9,X16Y6_RMUX39,24,codeword attributed to a uniquely vendor-used member
rrg_edges_full.csv,RMUX87,17,10,RMUX59,17,11,2;9,X17Y7_RMUX39,47,codeword attributed to a uniquely vendor-used member
rrg_edges_full.csv,RMUX87,17,10,RMUX63,17,11,2;9,X17Y7_RMUX39,38,codeword attributed to a uniquely vendor-used member
rrg_edges_full.csv,RMUX87,17,10,RMUX68,17,10,1;9,X17Y7_RMUX39,6,codeword attributed to a uniquely vendor-used member
rrg_edges_full.csv,RMUX87,17,11,RMUX59,17,12,2;9,X17Y8_RMUX39,54,codeword attributed to a uniquely vendor-used member
rrg_edges_full.csv,RMUX87,17,11,RMUX63,17,12,2;9,X17Y8_RMUX39,46,codeword attributed to a uniquely vendor-used member
rrg_edges_full.csv,RMUX87,17,11,RMUX68,17,11,1;9,X17Y8_RMUX39,6,codeword attributed to a uniquely vendor-used member
rrg_edges_full.csv,RMUX87,17,12,RMUX68,17,12,1;9,X17Y9_RMUX39,5,codeword attributed to a uniquely vendor-used member
rrg_edges_full.csv,RMUX87,17,4,RMUX59,17,5,2;9,X17Y1_RMUX39,26,codeword attributed to a uniquely vendor-used member
rrg_edges_full.csv,RMUX87,17,4,RMUX63,17,5,2;9,X17Y1_RMUX39,30,codeword attributed to a uniquely vendor-used member
rrg_edges_full.csv,RMUX87,17,4,RMUX68,17,4,1;9,X17Y1_RMUX39,24,codeword attributed to a uniquely vendor-used member
rrg_edges_full.csv,RMUX87,17,5,RMUX59,17,6,2;9,X17Y2_RMUX39,30,codeword attributed to a uniquely vendor-used member
rrg_edges_full.csv,RMUX87,17,5,RMUX63,17,6,2;9,X17Y2_RMUX39,28,codeword attributed to a uniquely vendor-used member
rrg_edges_full.csv,RMUX87,17,5,RMUX68,17,5,1;9,X17Y2_RMUX39,29,codeword attributed to a uniquely vendor-used member
rrg_edges_full.csv,RMUX87,17,5,RMUX89,17,5,1;9,X17Y2_RMUX19,34,codeword attributed to a uniquely vendor-used member
rrg_edges_full.csv,RMUX87,17,6,RMUX59,17,7,2;9,X17Y3_RMUX39,51,codeword attributed to a uniquely vendor-used member
rrg_edges_full.csv,RMUX87,17,6,RMUX63,17,7,2;9,X17Y3_RMUX39,43,codeword attributed to a uniquely vendor-used member
rrg_edges_full.csv,RMUX87,17,6,RMUX68,17,6,1;9,X17Y3_RMUX39,19,codeword attributed to a uniquely vendor-used member
rrg_edges_full.csv,RMUX87,17,7,RMUX59,17,8,2;9,X17Y4_RMUX39,37,codeword attributed to a uniquely vendor-used member
rrg_edges_full.csv,RMUX87,17,7,RMUX63,17,8,2;9,X17Y4_RMUX39,39,codeword attributed to a uniquely vendor-used member
rrg_edges_full.csv,RMUX87,17,7,RMUX68,17,7,1;9,X17Y4_RMUX39,16,codeword attributed to a uniquely vendor-used member
rrg_edges_full.csv,RMUX87,17,8,RMUX59,17,9,2;9,X17Y5_RMUX39,52,codeword attributed to a uniquely vendor-used member
rrg_edges_full.csv,RMUX87,17,8,RMUX63,17,9,2;9,X17Y5_RMUX39,43,codeword attributed to a uniquely vendor-used member
rrg_edges_full.csv,RMUX87,17,8,RMUX68,17,8,1;9,X17Y5_RMUX39,15,codeword attributed to a uniquely vendor-used member
rrg_edges_full.csv,RMUX87,17,9,RMUX59,17,10,2;9,X17Y6_RMUX39,47,codeword attributed to a uniquely vendor-used member
rrg_edges_full.csv,RMUX87,17,9,RMUX63,17,10,2;9,X17Y6_RMUX39,37,codeword attributed to a uniquely vendor-used member
rrg_edges_full.csv,RMUX87,17,9,RMUX68,17,9,1;9,X17Y6_RMUX39,19,codeword attributed to a uniquely vendor-used member
rrg_edges_full.csv,RMUX87,18,10,RMUX59,18,11,2;9,X18Y7_RMUX39,64,codeword attributed to a uniquely vendor-used member
rrg_edges_full.csv,RMUX87,18,10,RMUX63,18,11,2;9,X18Y7_RMUX39,53,codeword attributed to a uniquely vendor-used member
rrg_edges_full.csv,RMUX87,18,10,RMUX68,18,10,1;9,X18Y7_RMUX39,2,codeword attributed to a uniquely vendor-used member
rrg_edges_full.csv,RMUX87,18,11,RMUX59,18,12,2;9,X18Y8_RMUX39,62,codeword attributed to a uniquely vendor-used member
rrg_edges_full.csv,RMUX87,18,11,RMUX63,18,12,2;9,X18Y8_RMUX39,52,codeword attributed to a uniquely vendor-used member
rrg_edges_full.csv,RMUX87,18,11,RMUX68,18,11,1;9,X18Y8_RMUX39,3,codeword attributed to a uniquely vendor-used member
rrg_edges_full.csv,RMUX87,18,4,RMUX59,18,5,2;9,X18Y1_RMUX39,22,codeword attributed to a uniquely vendor-used member
rrg_edges_full.csv,RMUX87,18,4,RMUX63,18,5,2;9,X18Y1_RMUX39,26,codeword attributed to a uniquely vendor-used member
rrg_edges_full.csv,RMUX87,18,4,RMUX68,18,4,1;9,X18Y1_RMUX39,14,codeword attributed to a uniquely vendor-used member
rrg_edges_full.csv,RMUX87,18,5,RMUX59,18,6,2;9,X18Y2_RMUX39,29,codeword attributed to a uniquely vendor-used member
rrg_edges_full.csv,RMUX87,18,5,RMUX63,18,6,2;9,X18Y2_RMUX39,33,codeword attributed to a uniquely vendor-used member
rrg_edges_full.csv,RMUX87,18,5,RMUX68,18,5,1;9,X18Y2_RMUX39,12,codeword attributed to a uniquely vendor-used member
rrg_edges_full.csv,RMUX87,18,6,RMUX59,18,7,2;9,X18Y3_RMUX39,41,codeword attributed to a uniquely vendor-used member
rrg_edges_full.csv,RMUX87,18,6,RMUX63,18,7,2;9,X18Y3_RMUX39,58,codeword attributed to a uniquely vendor-used member
rrg_edges_full.csv,RMUX87,18,6,RMUX68,18,6,1;9,X18Y3_RMUX39,13,codeword attributed to a uniquely vendor-used member
rrg_edges_full.csv,RMUX87,18,7,RMUX59,18,8,2;9,X18Y4_RMUX39,53,codeword attributed to a uniquely vendor-used member
rrg_edges_full.csv,RMUX87,18,7,RMUX63,18,8,2;9,X18Y4_RMUX39,56,codeword attributed to a uniquely vendor-used member
rrg_edges_full.csv,RMUX87,18,7,RMUX68,18,7,1;9,X18Y4_RMUX39,12,codeword attributed to a uniquely vendor-used member
rrg_edges_full.csv,RMUX87,18,8,RMUX59,18,9,2;9,X18Y5_RMUX39,67,codeword attributed to a uniquely vendor-used member
rrg_edges_full.csv,RMUX87,18,8,RMUX63,18,9,2;9,X18Y5_RMUX39,63,codeword attributed to a uniquely vendor-used member
rrg_edges_full.csv,RMUX87,18,8,RMUX68,18,8,1;9,X18Y5_RMUX39,4,codeword attributed to a uniquely vendor-used member
rrg_edges_full.csv,RMUX87,18,9,RMUX59,18,10,2;9,X18Y6_RMUX39,59,codeword attributed to a uniquely vendor-used member
rrg_edges_full.csv,RMUX87,18,9,RMUX63,18,10,2;9,X18Y6_RMUX39,53,codeword attributed to a uniquely vendor-used member
rrg_edges_full.csv,RMUX87,18,9,RMUX68,18,9,1;9,X18Y6_RMUX39,9,codeword attributed to a uniquely vendor-used member
rrg_edges_full.csv,RMUX87,19,10,RMUX59,19,11,2;9,X19Y7_RMUX39,43,codeword attributed to a uniquely vendor-used member
rrg_edges_full.csv,RMUX87,19,10,RMUX63,19,11,2;9,X19Y7_RMUX39,60,codeword attributed to a uniquely vendor-used member
rrg_edges_full.csv,RMUX87,19,10,RMUX68,19,10,1;9,X19Y7_RMUX39,2,codeword attributed to a uniquely vendor-used member
rrg_edges_full.csv,RMUX87,19,11,RMUX59,19,12,2;9,X19Y8_RMUX39,28,codeword attributed to a uniquely vendor-used member
rrg_edges_full.csv,RMUX87,19,11,RMUX63,19,12,2;9,X19Y8_RMUX39,52,codeword attributed to a uniquely vendor-used member
rrg_edges_full.csv,RMUX87,19,11,RMUX68,19,11,1;9,X19Y8_RMUX39,3,codeword attributed to a uniquely vendor-used member
rrg_edges_full.csv,RMUX87,19,4,RMUX59,19,5,2;9,X19Y1_RMUX39,18,codeword attributed to a uniquely vendor-used member
rrg_edges_full.csv,RMUX87,19,4,RMUX63,19,5,2;9,X19Y1_RMUX39,25,codeword attributed to a uniquely vendor-used member
rrg_edges_full.csv,RMUX87,19,4,RMUX68,19,4,1;9,X19Y1_RMUX39,9,codeword attributed to a uniquely vendor-used member
rrg_edges_full.csv,RMUX87,19,5,RMUX59,19,6,2;9,X19Y2_RMUX39,37,codeword attributed to a uniquely vendor-used member
rrg_edges_full.csv,RMUX87,19,5,RMUX63,19,6,2;9,X19Y2_RMUX39,37,codeword attributed to a uniquely vendor-used member
rrg_edges_full.csv,RMUX87,19,5,RMUX68,19,5,1;9,X19Y2_RMUX39,3,codeword attributed to a uniquely vendor-used member
rrg_edges_full.csv,RMUX87,19,6,RMUX59,19,7,2;9,X19Y3_RMUX39,35,codeword attributed to a uniquely vendor-used member
rrg_edges_full.csv,RMUX87,19,6,RMUX63,19,7,2;9,X19Y3_RMUX39,41,codeword attributed to a uniquely vendor-used member
rrg_edges_full.csv,RMUX87,19,6,RMUX68,19,6,1;9,X19Y3_RMUX39,5,codeword attributed to a uniquely vendor-used member
rrg_edges_full.csv,RMUX87,19,7,RMUX59,19,8,2;9,X19Y4_RMUX39,36,codeword attributed to a uniquely vendor-used member
rrg_edges_full.csv,RMUX87,19,7,RMUX63,19,8,2;9,X19Y4_RMUX39,48,codeword attributed to a uniquely vendor-used member
rrg_edges_full.csv,RMUX87,19,7,RMUX68,19,7,1;9,X19Y4_RMUX39,7,codeword attributed to a uniquely vendor-used member
rrg_edges_full.csv,RMUX87,19,8,RMUX59,19,9,2;9,X19Y5_RMUX39,52,codeword attributed to a uniquely vendor-used member
rrg_edges_full.csv,RMUX87,19,8,RMUX63,19,9,2;9,X19Y5_RMUX39,68,codeword attributed to a uniquely vendor-used member
rrg_edges_full.csv,RMUX87,19,8,RMUX68,19,8,1;9,X19Y5_RMUX39,8,codeword attributed to a uniquely vendor-used member
rrg_edges_full.csv,RMUX87,19,9,RMUX59,19,10,2;9,X19Y6_RMUX39,46,codeword attributed to a uniquely vendor-used member
rrg_edges_full.csv,RMUX87,19,9,RMUX63,19,10,2;9,X19Y6_RMUX39,34,codeword attributed to a uniquely vendor-used member
rrg_edges_full.csv,RMUX87,19,9,RMUX68,19,9,1;9,X19Y6_RMUX39,4,codeword attributed to a uniquely vendor-used member
rrg_edges_full.csv,RMUX87,2,4,RMUX68,2,4,1;9,X2Y1_RMUX39,5,codeword attributed to a uniquely vendor-used member
rrg_edges_full.csv,RMUX87,20,10,RMUX59,20,11,2;9,X20Y7_RMUX39,28,codeword attributed to a uniquely vendor-used member
rrg_edges_full.csv,RMUX87,20,10,RMUX63,20,11,2;9,X20Y7_RMUX39,50,codeword attributed to a uniquely vendor-used member
rrg_edges_full.csv,RMUX87,20,11,RMUX59,20,12,2;9,X20Y8_RMUX39,26,codeword attributed to a uniquely vendor-used member
rrg_edges_full.csv,RMUX87,20,11,RMUX63,20,12,2;9,X20Y8_RMUX39,60,codeword attributed to a uniquely vendor-used member
rrg_edges_full.csv,RMUX87,20,4,RMUX59,20,5,2;9,X20Y1_RMUX39,23,codeword attributed to a uniquely vendor-used member
rrg_edges_full.csv,RMUX87,20,4,RMUX63,20,5,2;9,X20Y1_RMUX39,25,codeword attributed to a uniquely vendor-used member
rrg_edges_full.csv,RMUX87,20,4,RMUX68,20,4,1;9,X20Y1_RMUX39,4,codeword attributed to a uniquely vendor-used member
rrg_edges_full.csv,RMUX87,20,5,RMUX59,20,6,2;9,X20Y2_RMUX39,32,codeword attributed to a uniquely vendor-used member
rrg_edges_full.csv,RMUX87,20,5,RMUX63,20,6,2;9,X20Y2_RMUX39,20,codeword attributed to a uniquely vendor-used member
rrg_edges_full.csv,RMUX87,20,5,RMUX68,20,5,1;9,X20Y2_RMUX39,4,codeword attributed to a uniquely vendor-used member
rrg_edges_full.csv,RMUX87,20,6,RMUX59,20,7,2;9,X20Y3_RMUX39,39,codeword attributed to a uniquely vendor-used member
rrg_edges_full.csv,RMUX87,20,6,RMUX63,20,7,2;9,X20Y3_RMUX39,50,codeword attributed to a uniquely vendor-used member
rrg_edges_full.csv,RMUX87,20,6,RMUX68,20,6,1;9,X20Y3_RMUX39,2,codeword attributed to a uniquely vendor-used member
rrg_edges_full.csv,RMUX87,20,7,RMUX59,20,8,2;9,X20Y4_RMUX39,42,codeword attributed to a uniquely vendor-used member
rrg_edges_full.csv,RMUX87,20,7,RMUX63,20,8,2;9,X20Y4_RMUX39,52,codeword attributed to a uniquely vendor-used member
rrg_edges_full.csv,RMUX87,20,7,RMUX68,20,7,1;9,X20Y4_RMUX39,2,codeword attributed to a uniquely vendor-used member
rrg_edges_full.csv,RMUX87,20,8,RMUX59,20,9,2;9,X20Y5_RMUX39,44,codeword attributed to a uniquely vendor-used member
rrg_edges_full.csv,RMUX87,20,8,RMUX63,20,9,2;9,X20Y5_RMUX39,49,codeword attributed to a uniquely vendor-used member
rrg_edges_full.csv,RMUX87,20,8,RMUX68,20,8,1;9,X20Y5_RMUX39,2,codeword attributed to a uniquely vendor-used member
rrg_edges_full.csv,RMUX87,20,9,RMUX59,20,10,2;9,X20Y6_RMUX39,36,codeword attributed to a uniquely vendor-used member
rrg_edges_full.csv,RMUX87,20,9,RMUX63,20,10,2;9,X20Y6_RMUX39,54,codeword attributed to a uniquely vendor-used member
rrg_edges_full.csv,RMUX87,3,4,RMUX68,3,4,1;9,X3Y1_RMUX39,24,codeword attributed to a uniquely vendor-used member
rrg_edges_full.csv,RMUX87,4,4,RMUX68,4,4,1;9,X4Y1_RMUX39,34,codeword attributed to a uniquely vendor-used member
rrg_edges_full.csv,RMUX87,5,4,RMUX68,5,4,1;9,X5Y1_RMUX39,36,codeword attributed to a uniquely vendor-used member
rrg_edges_full.csv,RMUX87,6,4,RMUX68,6,4,1;9,X6Y1_RMUX39,29,codeword attributed to a uniquely vendor-used member
rrg_edges_full.csv,RMUX87,7,4,RMUX68,7,4,1;9,X7Y1_RMUX39,45,codeword attributed to a uniquely vendor-used member
rrg_edges_full.csv,RMUX87,8,4,RMUX68,8,4,1;9,X8Y1_RMUX39,50,codeword attributed to a uniquely vendor-used member
rrg_edges_full.csv,RMUX87,9,4,RMUX68,9,4,1;9,X9Y1_RMUX39,33,codeword attributed to a uniquely vendor-used member
rrg_edges_full.csv,RMUX91,10,2,RMUX89,9,2,1;8,X13Y2_RMUX43,66,codeword attributed to a uniquely vendor-used member
rrg_edges_full.csv,RMUX91,11,1,RMUX72,10,1,1;8,X14Y1_RMUX43,50,codeword attributed to a uniquely vendor-used member
rrg_edges_full.csv,RMUX91,11,1,RMUX89,10,1,1;8,X14Y1_RMUX43,87,codeword attributed to a uniquely vendor-used member
rrg_edges_full.csv,RMUX91,11,2,RMUX72,10,2,1;8,X14Y2_RMUX43,47,codeword attributed to a uniquely vendor-used member
rrg_edges_full.csv,RMUX91,11,2,RMUX89,10,2,1;8,X14Y2_RMUX43,49,codeword attributed to a uniquely vendor-used member
rrg_edges_full.csv,RMUX91,11,3,RMUX72,10,3,1;8,X14Y3_RMUX43,44,codeword attributed to a uniquely vendor-used member
rrg_edges_full.csv,RMUX91,11,3,RMUX89,10,3,1;8,X14Y3_RMUX43,75,codeword attributed to a uniquely vendor-used member
rrg_edges_full.csv,RMUX91,11,4,RMUX72,10,4,1;8,X14Y4_RMUX43,54,codeword attributed to a uniquely vendor-used member
rrg_edges_full.csv,RMUX91,11,4,RMUX89,10,4,1;8,X14Y4_RMUX43,61,codeword attributed to a uniquely vendor-used member
rrg_edges_full.csv,RMUX91,12,1,RMUX72,11,1,1;8,X15Y1_RMUX43,57,codeword attributed to a uniquely vendor-used member
rrg_edges_full.csv,RMUX91,12,1,RMUX89,11,1,1;8,X15Y1_RMUX43,81,codeword attributed to a uniquely vendor-used member
rrg_edges_full.csv,RMUX91,12,2,RMUX72,11,2,1;8,X15Y2_RMUX43,39,codeword attributed to a uniquely vendor-used member
rrg_edges_full.csv,RMUX91,12,2,RMUX89,11,2,1;8,X15Y2_RMUX43,70,codeword attributed to a uniquely vendor-used member
rrg_edges_full.csv,RMUX91,12,3,RMUX72,11,3,1;8,X15Y3_RMUX43,32,codeword attributed to a uniquely vendor-used member
rrg_edges_full.csv,RMUX91,12,3,RMUX89,11,3,1;8,X15Y3_RMUX43,61,codeword attributed to a uniquely vendor-used member
rrg_edges_full.csv,RMUX91,12,4,RMUX72,11,4,1;8,X15Y4_RMUX43,28,codeword attributed to a uniquely vendor-used member
rrg_edges_full.csv,RMUX91,12,4,RMUX89,11,4,1;8,X15Y4_RMUX43,47,codeword attributed to a uniquely vendor-used member
rrg_edges_full.csv,RMUX91,15,1,RMUX89,14,1,1;8,X18Y1_RMUX43,61,codeword attributed to a uniquely vendor-used member
rrg_edges_full.csv,RMUX91,15,10,RMUX89,14,10,1;8,X18Y10_RMUX43,32,codeword attributed to a uniquely vendor-used member
rrg_edges_full.csv,RMUX91,15,11,RMUX89,14,11,1;8,X18Y11_RMUX43,36,codeword attributed to a uniquely vendor-used member
rrg_edges_full.csv,RMUX91,15,12,RMUX89,14,12,1;8,X18Y12_RMUX43,16,codeword attributed to a uniquely vendor-used member
rrg_edges_full.csv,RMUX91,15,2,RMUX89,14,2,1;8,X18Y2_RMUX43,37,codeword attributed to a uniquely vendor-used member
rrg_edges_full.csv,RMUX91,15,3,RMUX89,14,3,1;8,X18Y3_RMUX43,45,codeword attributed to a uniquely vendor-used member
rrg_edges_full.csv,RMUX91,15,4,RMUX89,14,4,1;8,X18Y4_RMUX43,36,codeword attributed to a uniquely vendor-used member
rrg_edges_full.csv,RMUX91,15,5,RMUX89,14,5,1;8,X18Y5_RMUX43,40,codeword attributed to a uniquely vendor-used member
rrg_edges_full.csv,RMUX91,15,6,RMUX89,14,6,1;8,X18Y6_RMUX43,33,codeword attributed to a uniquely vendor-used member
rrg_edges_full.csv,RMUX91,15,7,RMUX89,14,7,1;8,X18Y7_RMUX43,36,codeword attributed to a uniquely vendor-used member
rrg_edges_full.csv,RMUX91,15,8,RMUX89,14,8,1;8,X18Y8_RMUX43,37,codeword attributed to a uniquely vendor-used member
rrg_edges_full.csv,RMUX91,15,9,RMUX89,14,9,1;8,X18Y9_RMUX43,32,codeword attributed to a uniquely vendor-used member
rrg_edges_full.csv,RMUX91,16,1,RMUX72,15,1,1;8,X19Y1_RMUX43,25,codeword attributed to a uniquely vendor-used member
rrg_edges_full.csv,RMUX91,16,1,RMUX89,15,1,1;8,X19Y1_RMUX43,50,codeword attributed to a uniquely vendor-used member
rrg_edges_full.csv,RMUX91,16,10,RMUX72,15,10,1;8,X19Y10_RMUX43,17,codeword attributed to a uniquely vendor-used member
rrg_edges_full.csv,RMUX91,16,10,RMUX89,15,10,1;8,X19Y10_RMUX43,20,codeword attributed to a uniquely vendor-used member
rrg_edges_full.csv,RMUX91,16,11,RMUX72,15,11,1;8,X19Y11_RMUX43,12,codeword attributed to a uniquely vendor-used member
rrg_edges_full.csv,RMUX91,16,11,RMUX89,15,11,1;8,X19Y11_RMUX43,20,codeword attributed to a uniquely vendor-used member
rrg_edges_full.csv,RMUX91,16,12,RMUX72,15,12,1;8,X19Y12_RMUX43,18,codeword attributed to a uniquely vendor-used member
rrg_edges_full.csv,RMUX91,16,12,RMUX89,15,12,1;8,X19Y12_RMUX43,18,codeword attributed to a uniquely vendor-used member
rrg_edges_full.csv,RMUX91,16,2,RMUX72,15,2,1;8,X19Y2_RMUX43,26,codeword attributed to a uniquely vendor-used member
rrg_edges_full.csv,RMUX91,16,2,RMUX89,15,2,1;8,X19Y2_RMUX43,30,codeword attributed to a uniquely vendor-used member
rrg_edges_full.csv,RMUX91,16,3,RMUX72,15,3,1;8,X19Y3_RMUX43,32,codeword attributed to a uniquely vendor-used member
rrg_edges_full.csv,RMUX91,16,3,RMUX89,15,3,1;8,X19Y3_RMUX43,33,codeword attributed to a uniquely vendor-used member
rrg_edges_full.csv,RMUX91,16,4,RMUX72,15,4,1;8,X19Y4_RMUX43,25,codeword attributed to a uniquely vendor-used member
rrg_edges_full.csv,RMUX91,16,4,RMUX89,15,4,1;8,X19Y4_RMUX43,30,codeword attributed to a uniquely vendor-used member
rrg_edges_full.csv,RMUX91,16,5,RMUX72,15,5,1;8,X19Y5_RMUX43,18,codeword attributed to a uniquely vendor-used member
rrg_edges_full.csv,RMUX91,16,5,RMUX89,15,5,1;8,X19Y5_RMUX43,36,codeword attributed to a uniquely vendor-used member
rrg_edges_full.csv,RMUX91,16,6,RMUX72,15,6,1;8,X19Y6_RMUX43,17,codeword attributed to a uniquely vendor-used member
rrg_edges_full.csv,RMUX91,16,6,RMUX89,15,6,1;8,X19Y6_RMUX43,24,codeword attributed to a uniquely vendor-used member
rrg_edges_full.csv,RMUX91,16,7,RMUX72,15,7,1;8,X19Y7_RMUX43,18,codeword attributed to a uniquely vendor-used member
rrg_edges_full.csv,RMUX91,16,7,RMUX89,15,7,1;8,X19Y7_RMUX43,32,codeword attributed to a uniquely vendor-used member
rrg_edges_full.csv,RMUX91,16,8,RMUX72,15,8,1;8,X19Y8_RMUX43,16,codeword attributed to a uniquely vendor-used member
rrg_edges_full.csv,RMUX91,16,8,RMUX89,15,8,1;8,X19Y8_RMUX43,19,codeword attributed to a uniquely vendor-used member
rrg_edges_full.csv,RMUX91,16,9,RMUX72,15,9,1;8,X19Y9_RMUX43,19,codeword attributed to a uniquely vendor-used member
rrg_edges_full.csv,RMUX91,16,9,RMUX89,15,9,1;8,X19Y9_RMUX43,18,codeword attributed to a uniquely vendor-used member
rrg_edges_full.csv,RMUX91,17,1,RMUX72,16,1,1;8,X20Y1_RMUX43,26,codeword attributed to a uniquely vendor-used member
rrg_edges_full.csv,RMUX91,17,1,RMUX89,16,1,1;8,X20Y1_RMUX43,32,codeword attributed to a uniquely vendor-used member
rrg_edges_full.csv,RMUX91,17,10,RMUX72,16,10,1;8,X20Y10_RMUX43,10,codeword attributed to a uniquely vendor-used member
rrg_edges_full.csv,RMUX91,17,10,RMUX89,16,10,1;8,X20Y10_RMUX43,14,codeword attributed to a uniquely vendor-used member
rrg_edges_full.csv,RMUX91,17,11,RMUX72,16,11,1;8,X20Y11_RMUX43,9,codeword attributed to a uniquely vendor-used member
rrg_edges_full.csv,RMUX91,17,11,RMUX89,16,11,1;8,X20Y11_RMUX43,14,codeword attributed to a uniquely vendor-used member
rrg_edges_full.csv,RMUX91,17,12,RMUX72,16,12,1;8,X20Y12_RMUX43,6,codeword attributed to a uniquely vendor-used member
rrg_edges_full.csv,RMUX91,17,12,RMUX89,16,12,1;8,X20Y12_RMUX43,12,codeword attributed to a uniquely vendor-used member
rrg_edges_full.csv,RMUX91,17,2,RMUX72,16,2,1;8,X20Y2_RMUX43,11,codeword attributed to a uniquely vendor-used member
rrg_edges_full.csv,RMUX91,17,2,RMUX89,16,2,1;8,X20Y2_RMUX43,19,codeword attributed to a uniquely vendor-used member
rrg_edges_full.csv,RMUX91,17,3,RMUX72,16,3,1;8,X20Y3_RMUX43,18,codeword attributed to a uniquely vendor-used member
rrg_edges_full.csv,RMUX91,17,3,RMUX89,16,3,1;8,X20Y3_RMUX43,20,codeword attributed to a uniquely vendor-used member
rrg_edges_full.csv,RMUX91,17,4,RMUX72,16,4,1;8,X20Y4_RMUX43,13,codeword attributed to a uniquely vendor-used member
rrg_edges_full.csv,RMUX91,17,4,RMUX89,16,4,1;8,X20Y4_RMUX43,17,codeword attributed to a uniquely vendor-used member
rrg_edges_full.csv,RMUX91,17,5,RMUX72,16,5,1;8,X20Y5_RMUX43,19,codeword attributed to a uniquely vendor-used member
rrg_edges_full.csv,RMUX91,17,5,RMUX89,16,5,1;8,X20Y5_RMUX43,17,codeword attributed to a uniquely vendor-used member
rrg_edges_full.csv,RMUX91,17,6,RMUX72,16,6,1;8,X20Y6_RMUX43,11,codeword attributed to a uniquely vendor-used member
rrg_edges_full.csv,RMUX91,17,6,RMUX89,16,6,1;8,X20Y6_RMUX43,9,codeword attributed to a uniquely vendor-used member
rrg_edges_full.csv,RMUX91,17,7,RMUX72,16,7,1;8,X20Y7_RMUX43,17,codeword attributed to a uniquely vendor-used member
rrg_edges_full.csv,RMUX91,17,7,RMUX89,16,7,1;8,X20Y7_RMUX43,12,codeword attributed to a uniquely vendor-used member
rrg_edges_full.csv,RMUX91,17,8,RMUX72,16,8,1;8,X20Y8_RMUX43,18,codeword attributed to a uniquely vendor-used member
rrg_edges_full.csv,RMUX91,17,8,RMUX89,16,8,1;8,X20Y8_RMUX43,13,codeword attributed to a uniquely vendor-used member
rrg_edges_full.csv,RMUX91,17,9,RMUX72,16,9,1;8,X20Y9_RMUX43,16,codeword attributed to a uniquely vendor-used member
rrg_edges_full.csv,RMUX91,17,9,RMUX89,16,9,1;8,X20Y9_RMUX43,10,codeword attributed to a uniquely vendor-used member
rrg_edges_full.csv,RMUX91,18,1,RMUX72,17,1,1;8,X21Y1_RMUX43,7,codeword attributed to a uniquely vendor-used member
rrg_edges_full.csv,RMUX91,18,11,RMUX72,17,11,1;8,X21Y11_RMUX43,6,codeword attributed to a uniquely vendor-used member
rrg_edges_full.csv,RMUX91,2,1,RMUX89,1,1,1;8,X5Y1_RMUX43,20,codeword attributed to a uniquely vendor-used member
rrg_edges_full.csv,RMUX91,2,2,RMUX72,1,2,1;8,X5Y2_RMUX43,5,codeword attributed to a uniquely vendor-used member
rrg_edges_full.csv,RMUX91,2,2,RMUX89,1,2,1;8,X5Y2_RMUX43,18,codeword attributed to a uniquely vendor-used member
rrg_edges_full.csv,RMUX91,2,3,RMUX72,1,3,1;8,X5Y3_RMUX43,3,codeword attributed to a uniquely vendor-used member
rrg_edges_full.csv,RMUX91,2,3,RMUX89,1,3,1;8,X5Y3_RMUX43,13,codeword attributed to a uniquely vendor-used member
rrg_edges_full.csv,RMUX91,2,4,RMUX72,1,4,1;8,X5Y4_RMUX43,4,codeword attributed to a uniquely vendor-used member
rrg_edges_full.csv,RMUX91,2,4,RMUX89,1,4,1;8,X5Y4_RMUX43,31,codeword attributed to a uniquely vendor-used member
rrg_edges_full.csv,RMUX91,3,1,RMUX72,2,1,1;8,X6Y1_RMUX43,8,codeword attributed to a uniquely vendor-used member
rrg_edges_full.csv,RMUX91,3,1,RMUX89,2,1,1;8,X6Y1_RMUX43,30,codeword attributed to a uniquely vendor-used member
rrg_edges_full.csv,RMUX91,3,2,RMUX72,2,2,1;8,X6Y2_RMUX43,4,codeword attributed to a uniquely vendor-used member
rrg_edges_full.csv,RMUX91,3,2,RMUX89,2,2,1;8,X6Y2_RMUX43,31,codeword attributed to a uniquely vendor-used member
rrg_edges_full.csv,RMUX91,3,3,RMUX72,2,3,1;8,X6Y3_RMUX43,4,codeword attributed to a uniquely vendor-used member
rrg_edges_full.csv,RMUX91,3,3,RMUX89,2,3,1;8,X6Y3_RMUX43,31,codeword attributed to a uniquely vendor-used member
rrg_edges_full.csv,RMUX91,3,4,RMUX72,2,4,1;8,X6Y4_RMUX43,6,codeword attributed to a uniquely vendor-used member
rrg_edges_full.csv,RMUX91,3,4,RMUX89,2,4,1;8,X6Y4_RMUX43,20,codeword attributed to a uniquely vendor-used member
rrg_edges_full.csv,RMUX91,4,1,RMUX72,3,1,1;8,X7Y1_RMUX43,11,codeword attributed to a uniquely vendor-used member
rrg_edges_full.csv,RMUX91,4,1,RMUX89,3,1,1;8,X7Y1_RMUX43,40,codeword attributed to a uniquely vendor-used member
rrg_edges_full.csv,RMUX91,4,2,RMUX72,3,2,1;8,X7Y2_RMUX43,3,codeword attributed to a uniquely vendor-used member
rrg_edges_full.csv,RMUX91,4,2,RMUX89,3,2,1;8,X7Y2_RMUX43,35,codeword attributed to a uniquely vendor-used member
rrg_edges_full.csv,RMUX91,4,3,RMUX72,3,3,1;8,X7Y3_RMUX43,5,codeword attributed to a uniquely vendor-used member
rrg_edges_full.csv,RMUX91,4,3,RMUX89,3,3,1;8,X7Y3_RMUX43,36,codeword attributed to a uniquely vendor-used member
rrg_edges_full.csv,RMUX91,4,4,RMUX72,3,4,1;8,X7Y4_RMUX43,9,codeword attributed to a uniquely vendor-used member
rrg_edges_full.csv,RMUX91,4,4,RMUX89,3,4,1;8,X7Y4_RMUX43,30,codeword attributed to a uniquely vendor-used member
rrg_edges_full.csv,RMUX91,5,1,RMUX72,4,1,1;8,X8Y1_RMUX43,19,codeword attributed to a uniquely vendor-used member
rrg_edges_full.csv,RMUX91,5,1,RMUX89,4,1,1;8,X8Y1_RMUX43,40,codeword attributed to a uniquely vendor-used member
rrg_edges_full.csv,RMUX91,5,2,RMUX72,4,2,1;8,X8Y2_RMUX43,13,codeword attributed to a uniquely vendor-used member
rrg_edges_full.csv,RMUX91,5,2,RMUX89,4,2,1;8,X8Y2_RMUX43,44,codeword attributed to a uniquely vendor-used member
rrg_edges_full.csv,RMUX91,5,3,RMUX72,4,3,1;8,X8Y3_RMUX43,12,codeword attributed to a uniquely vendor-used member
rrg_edges_full.csv,RMUX91,5,3,RMUX89,4,3,1;8,X8Y3_RMUX43,43,codeword attributed to a uniquely vendor-used member
rrg_edges_full.csv,RMUX91,5,4,RMUX72,4,4,1;8,X8Y4_RMUX43,6,codeword attributed to a uniquely vendor-used member
rrg_edges_full.csv,RMUX91,5,4,RMUX89,4,4,1;8,X8Y4_RMUX43,41,codeword attributed to a uniquely vendor-used member
rrg_edges_full.csv,RMUX91,6,1,RMUX72,5,1,1;8,X9Y1_RMUX43,16,codeword attributed to a uniquely vendor-used member
rrg_edges_full.csv,RMUX91,6,1,RMUX89,5,1,1;8,X9Y1_RMUX43,69,codeword attributed to a uniquely vendor-used member
rrg_edges_full.csv,RMUX91,6,2,RMUX72,5,2,1;8,X9Y2_RMUX43,21,codeword attributed to a uniquely vendor-used member
rrg_edges_full.csv,RMUX91,6,2,RMUX89,5,2,1;8,X9Y2_RMUX43,50,codeword attributed to a uniquely vendor-used member
rrg_edges_full.csv,RMUX91,6,3,RMUX72,5,3,1;8,X9Y3_RMUX43,12,codeword attributed to a uniquely vendor-used member
rrg_edges_full.csv,RMUX91,6,3,RMUX89,5,3,1;8,X9Y3_RMUX43,49,codeword attributed to a uniquely vendor-used member
rrg_edges_full.csv,RMUX91,6,4,RMUX72,5,4,1;8,X9Y4_RMUX43,12,codeword attributed to a uniquely vendor-used member
rrg_edges_full.csv,RMUX91,6,4,RMUX89,5,4,1;8,X9Y4_RMUX43,35,codeword attributed to a uniquely vendor-used member
rrg_edges_full.csv,RMUX91,7,1,RMUX72,6,1,1;8,X10Y1_RMUX43,22,codeword attributed to a uniquely vendor-used member
rrg_edges_full.csv,RMUX91,7,1,RMUX89,6,1,1;8,X10Y1_RMUX43,76,codeword attributed to a uniquely vendor-used member
rrg_edges_full.csv,RMUX91,7,2,RMUX72,6,2,1;8,X10Y2_RMUX43,19,codeword attributed to a uniquely vendor-used member
rrg_edges_full.csv,RMUX91,7,2,RMUX89,6,2,1;8,X10Y2_RMUX43,52,codeword attributed to a uniquely vendor-used member
rrg_edges_full.csv,RMUX91,7,3,RMUX72,6,3,1;8,X10Y3_RMUX43,27,codeword attributed to a uniquely vendor-used member
rrg_edges_full.csv,RMUX91,7,3,RMUX89,6,3,1;8,X10Y3_RMUX43,61,codeword attributed to a uniquely vendor-used member
rrg_edges_full.csv,RMUX91,7,4,RMUX72,6,4,1;8,X10Y4_RMUX43,20,codeword attributed to a uniquely vendor-used member
rrg_edges_full.csv,RMUX91,7,4,RMUX89,6,4,1;8,X10Y4_RMUX43,57,codeword attributed to a uniquely vendor-used member
rrg_edges_full.csv,RMUX91,8,1,RMUX72,7,1,1;8,X11Y1_RMUX43,20,codeword attributed to a uniquely vendor-used member
rrg_edges_full.csv,RMUX91,8,1,RMUX89,7,1,1;8,X11Y1_RMUX43,95,codeword attributed to a uniquely vendor-used member
rrg_edges_full.csv,RMUX91,8,2,RMUX72,7,2,1;8,X11Y2_RMUX43,30,codeword attributed to a uniquely vendor-used member
rrg_edges_full.csv,RMUX91,8,2,RMUX89,7,2,1;8,X11Y2_RMUX43,57,codeword attributed to a uniquely vendor-used member
rrg_edges_full.csv,RMUX91,8,3,RMUX72,7,3,1;8,X11Y3_RMUX43,24,codeword attributed to a uniquely vendor-used member
rrg_edges_full.csv,RMUX91,8,3,RMUX89,7,3,1;8,X11Y3_RMUX43,63,codeword attributed to a uniquely vendor-used member
rrg_edges_full.csv,RMUX91,8,4,RMUX72,7,4,1;8,X11Y4_RMUX43,18,codeword attributed to a uniquely vendor-used member
rrg_edges_full.csv,RMUX91,8,4,RMUX89,7,4,1;8,X11Y4_RMUX43,63,codeword attributed to a uniquely vendor-used member
rrg_edges_full.csv,RMUX91,9,1,RMUX72,8,1,1;8,X12Y1_RMUX43,28,codeword attributed to a uniquely vendor-used member
rrg_edges_full.csv,RMUX91,9,1,RMUX89,8,1,1;8,X12Y1_RMUX43,102,codeword attributed to a uniquely vendor-used member
rrg_edges_full.csv,RMUX91,9,2,RMUX72,8,2,1;8,X12Y2_RMUX43,29,codeword attributed to a uniquely vendor-used member
rrg_edges_full.csv,RMUX91,9,2,RMUX89,8,2,1;8,X12Y2_RMUX43,55,codeword attributed to a uniquely vendor-used member
rrg_edges_full.csv,RMUX91,9,3,RMUX72,8,3,1;8,X12Y3_RMUX43,24,codeword attributed to a uniquely vendor-used member
rrg_edges_full.csv,RMUX91,9,3,RMUX89,8,3,1;8,X12Y3_RMUX43,62,codeword attributed to a uniquely vendor-used member
rrg_edges_full.csv,RMUX91,9,4,RMUX72,8,4,1;8,X12Y4_RMUX43,17,codeword attributed to a uniquely vendor-used member
rrg_edges_full.csv,RMUX91,9,4,RMUX89,8,4,1;8,X12Y4_RMUX43,64,codeword attributed to a uniquely vendor-used member
rrg_edges_full.csv,RMUX92,1,1,RMUX81,1,1,5;9,X1Y4_RMUX44,3,codeword attributed to a uniquely vendor-used member
rrg_edges_full.csv,RMUX92,10,1,RMUX81,10,1,5;9,X10Y4_RMUX44,31,codeword attributed to a uniquely vendor-used member
rrg_edges_full.csv,RMUX92,11,1,RMUX81,11,1,5;9,X11Y4_RMUX44,25,codeword attributed to a uniquely vendor-used member
rrg_edges_full.csv,RMUX92,12,1,RMUX81,12,1,5;9,X12Y4_RMUX44,30,codeword attributed to a uniquely vendor-used member
rrg_edges_full.csv,RMUX92,14,1,RMUX81,14,1,5;9,X14Y4_RMUX44,28,codeword attributed to a uniquely vendor-used member
rrg_edges_full.csv,RMUX92,14,2,RMUX80,14,1,6;9,X14Y5_RMUX44,27,codeword attributed to a uniquely vendor-used member
rrg_edges_full.csv,RMUX92,14,2,RMUX81,14,1,6;9,X14Y5_RMUX44,46,codeword attributed to a uniquely vendor-used member
rrg_edges_full.csv,RMUX92,14,2,RMUX81,14,2,5;9,X14Y5_RMUX44,11,codeword attributed to a uniquely vendor-used member
rrg_edges_full.csv,RMUX92,14,3,RMUX74,14,2,6;9,X14Y6_RMUX44,59,codeword attributed to a uniquely vendor-used member
rrg_edges_full.csv,RMUX92,14,3,RMUX80,14,2,6;9,X14Y6_RMUX44,177,codeword attributed to a uniquely vendor-used member
rrg_edges_full.csv,RMUX92,14,3,RMUX81,14,2,6;9,X14Y6_RMUX44,26,codeword attributed to a uniquely vendor-used member
rrg_edges_full.csv,RMUX92,14,3,RMUX81,14,3,5;9,X14Y6_RMUX44,7,codeword attributed to a uniquely vendor-used member
rrg_edges_full.csv,RMUX92,14,4,RMUX80,14,3,6;9,X14Y7_RMUX44,125,codeword attributed to a uniquely vendor-used member
rrg_edges_full.csv,RMUX92,14,4,RMUX81,14,3,6;9,X14Y7_RMUX44,46,codeword attributed to a uniquely vendor-used member
rrg_edges_full.csv,RMUX92,14,4,RMUX81,14,4,5;9,X14Y7_RMUX44,13,codeword attributed to a uniquely vendor-used member
rrg_edges_full.csv,RMUX92,14,5,RMUX80,14,4,6;9,X14Y8_RMUX44,239,codeword attributed to a uniquely vendor-used member
rrg_edges_full.csv,RMUX92,14,5,RMUX81,14,4,6;9,X14Y8_RMUX44,13,codeword attributed to a uniquely vendor-used member
rrg_edges_full.csv,RMUX92,14,5,RMUX81,14,5,5;9,X14Y8_RMUX44,6,codeword attributed to a uniquely vendor-used member
rrg_edges_full.csv,RMUX92,14,6,RMUX80,14,5,6;9,X14Y9_RMUX44,286,codeword attributed to a uniquely vendor-used member
rrg_edges_full.csv,RMUX92,14,6,RMUX81,14,5,6;9,X14Y9_RMUX44,26,codeword attributed to a uniquely vendor-used member
rrg_edges_full.csv,RMUX92,14,6,RMUX81,14,6,5;9,X14Y9_RMUX44,13,codeword attributed to a uniquely vendor-used member
rrg_edges_full.csv,RMUX92,14,7,RMUX80,14,6,6;9,X14Y10_RMUX44,246,codeword attributed to a uniquely vendor-used member
rrg_edges_full.csv,RMUX92,14,7,RMUX81,14,6,6;9,X14Y10_RMUX44,14,codeword attributed to a uniquely vendor-used member
rrg_edges_full.csv,RMUX92,14,7,RMUX81,14,7,5;9,X14Y10_RMUX44,9,codeword attributed to a uniquely vendor-used member
rrg_edges_full.csv,RMUX92,14,8,RMUX80,14,7,6;9,X14Y11_RMUX44,176,codeword attributed to a uniquely vendor-used member
rrg_edges_full.csv,RMUX92,14,8,RMUX81,14,7,6;9,X14Y11_RMUX44,16,codeword attributed to a uniquely vendor-used member
rrg_edges_full.csv,RMUX92,14,8,RMUX81,14,8,5;9,X14Y11_RMUX44,8,codeword attributed to a uniquely vendor-used member
rrg_edges_full.csv,RMUX92,14,9,RMUX80,14,8,6;9,X14Y12_RMUX44,155,codeword attributed to a uniquely vendor-used member
rrg_edges_full.csv,RMUX92,14,9,RMUX81,14,8,6;9,X14Y12_RMUX44,12,codeword attributed to a uniquely vendor-used member
rrg_edges_full.csv,RMUX92,14,9,RMUX81,14,9,5;9,X14Y12_RMUX44,6,codeword attributed to a uniquely vendor-used member
rrg_edges_full.csv,RMUX92,15,1,RMUX81,15,1,5;9,X15Y4_RMUX44,29,codeword attributed to a uniquely vendor-used member
rrg_edges_full.csv,RMUX92,15,2,RMUX74,15,1,6;9,X15Y5_RMUX44,49,codeword attributed to a uniquely vendor-used member
rrg_edges_full.csv,RMUX92,15,2,RMUX80,15,1,6;9,X15Y5_RMUX44,33,codeword attributed to a uniquely vendor-used member
rrg_edges_full.csv,RMUX92,15,2,RMUX81,15,1,6;9,X15Y5_RMUX44,48,codeword attributed to a uniquely vendor-used member
rrg_edges_full.csv,RMUX92,15,2,RMUX81,15,2,5;9,X15Y5_RMUX44,24,codeword attributed to a uniquely vendor-used member
rrg_edges_full.csv,RMUX92,15,3,RMUX74,15,2,6;9,X15Y6_RMUX44,37,codeword attributed to a uniquely vendor-used member
rrg_edges_full.csv,RMUX92,15,3,RMUX80,15,2,6;9,X15Y6_RMUX44,132,codeword attributed to a uniquely vendor-used member
rrg_edges_full.csv,RMUX92,15,3,RMUX81,15,2,6;9,X15Y6_RMUX44,39,codeword attributed to a uniquely vendor-used member
rrg_edges_full.csv,RMUX92,15,3,RMUX81,15,3,5;9,X15Y6_RMUX44,16,codeword attributed to a uniquely vendor-used member
rrg_edges_full.csv,RMUX92,15,4,RMUX80,15,3,6;9,X15Y7_RMUX44,95,codeword attributed to a uniquely vendor-used member
rrg_edges_full.csv,RMUX92,15,4,RMUX81,15,3,6;9,X15Y7_RMUX44,45,codeword attributed to a uniquely vendor-used member
rrg_edges_full.csv,RMUX92,15,4,RMUX81,15,4,5;9,X15Y7_RMUX44,28,codeword attributed to a uniquely vendor-used member
rrg_edges_full.csv,RMUX92,15,5,RMUX74,15,4,6;9,X15Y8_RMUX44,48,codeword attributed to a uniquely vendor-used member
rrg_edges_full.csv,RMUX92,15,5,RMUX80,15,4,6;9,X15Y8_RMUX44,218,codeword attributed to a uniquely vendor-used member
rrg_edges_full.csv,RMUX92,15,5,RMUX81,15,4,6;9,X15Y8_RMUX44,53,codeword attributed to a uniquely vendor-used member
rrg_edges_full.csv,RMUX92,15,5,RMUX81,15,5,5;9,X15Y8_RMUX44,30,codeword attributed to a uniquely vendor-used member
rrg_edges_full.csv,RMUX92,15,6,RMUX80,15,5,6;9,X15Y9_RMUX44,285,codeword attributed to a uniquely vendor-used member
rrg_edges_full.csv,RMUX92,15,6,RMUX81,15,5,6;9,X15Y9_RMUX44,38,codeword attributed to a uniquely vendor-used member
rrg_edges_full.csv,RMUX92,15,6,RMUX81,15,6,5;9,X15Y9_RMUX44,18,codeword attributed to a uniquely vendor-used member
rrg_edges_full.csv,RMUX92,15,7,RMUX80,15,6,6;9,X15Y10_RMUX44,201,codeword attributed to a uniquely vendor-used member
rrg_edges_full.csv,RMUX92,15,7,RMUX81,15,6,6;9,X15Y10_RMUX44,22,codeword attributed to a uniquely vendor-used member
rrg_edges_full.csv,RMUX92,15,7,RMUX81,15,7,5;9,X15Y10_RMUX44,15,codeword attributed to a uniquely vendor-used member
rrg_edges_full.csv,RMUX92,15,8,RMUX80,15,7,6;9,X15Y11_RMUX44,167,codeword attributed to a uniquely vendor-used member
rrg_edges_full.csv,RMUX92,15,8,RMUX81,15,7,6;9,X15Y11_RMUX44,13,codeword attributed to a uniquely vendor-used member
rrg_edges_full.csv,RMUX92,15,8,RMUX81,15,8,5;9,X15Y11_RMUX44,24,codeword attributed to a uniquely vendor-used member
rrg_edges_full.csv,RMUX92,15,9,RMUX80,15,8,6;9,X15Y12_RMUX44,148,codeword attributed to a uniquely vendor-used member
rrg_edges_full.csv,RMUX92,15,9,RMUX81,15,8,6;9,X15Y12_RMUX44,15,codeword attributed to a uniquely vendor-used member
rrg_edges_full.csv,RMUX92,15,9,RMUX81,15,9,5;9,X15Y12_RMUX44,19,codeword attributed to a uniquely vendor-used member
rrg_edges_full.csv,RMUX92,16,1,RMUX81,16,1,5;9,X16Y4_RMUX44,35,codeword attributed to a uniquely vendor-used member
rrg_edges_full.csv,RMUX92,16,2,RMUX80,16,1,6;9,X16Y5_RMUX44,23,codeword attributed to a uniquely vendor-used member
rrg_edges_full.csv,RMUX92,16,2,RMUX81,16,1,6;9,X16Y5_RMUX44,46,codeword attributed to a uniquely vendor-used member
rrg_edges_full.csv,RMUX92,16,2,RMUX81,16,2,5;9,X16Y5_RMUX44,22,codeword attributed to a uniquely vendor-used member
rrg_edges_full.csv,RMUX92,16,3,RMUX74,16,2,6;9,X16Y6_RMUX44,22,codeword attributed to a uniquely vendor-used member
rrg_edges_full.csv,RMUX92,16,3,RMUX80,16,2,6;9,X16Y6_RMUX44,93,codeword attributed to a uniquely vendor-used member
rrg_edges_full.csv,RMUX92,16,3,RMUX81,16,2,6;9,X16Y6_RMUX44,37,codeword attributed to a uniquely vendor-used member
rrg_edges_full.csv,RMUX92,16,3,RMUX81,16,3,5;9,X16Y6_RMUX44,27,codeword attributed to a uniquely vendor-used member
rrg_edges_full.csv,RMUX92,16,4,RMUX80,16,3,6;9,X16Y7_RMUX44,88,codeword attributed to a uniquely vendor-used member
rrg_edges_full.csv,RMUX92,16,4,RMUX81,16,3,6;9,X16Y7_RMUX44,43,codeword attributed to a uniquely vendor-used member
rrg_edges_full.csv,RMUX92,16,4,RMUX81,16,4,5;9,X16Y7_RMUX44,24,codeword attributed to a uniquely vendor-used member
rrg_edges_full.csv,RMUX92,16,5,RMUX80,16,4,6;9,X16Y8_RMUX44,156,codeword attributed to a uniquely vendor-used member
rrg_edges_full.csv,RMUX92,16,5,RMUX81,16,4,6;9,X16Y8_RMUX44,38,codeword attributed to a uniquely vendor-used member
rrg_edges_full.csv,RMUX92,16,5,RMUX81,16,5,5;9,X16Y8_RMUX44,24,codeword attributed to a uniquely vendor-used member
rrg_edges_full.csv,RMUX92,16,6,RMUX80,16,5,6;9,X16Y9_RMUX44,208,codeword attributed to a uniquely vendor-used member
rrg_edges_full.csv,RMUX92,16,6,RMUX81,16,5,6;9,X16Y9_RMUX44,40,codeword attributed to a uniquely vendor-used member
rrg_edges_full.csv,RMUX92,16,6,RMUX81,16,6,5;9,X16Y9_RMUX44,24,codeword attributed to a uniquely vendor-used member
rrg_edges_full.csv,RMUX92,16,7,RMUX80,16,6,6;9,X16Y10_RMUX44,199,codeword attributed to a uniquely vendor-used member
rrg_edges_full.csv,RMUX92,16,7,RMUX81,16,6,6;9,X16Y10_RMUX44,23,codeword attributed to a uniquely vendor-used member
rrg_edges_full.csv,RMUX92,16,7,RMUX81,16,7,5;9,X16Y10_RMUX44,17,codeword attributed to a uniquely vendor-used member
rrg_edges_full.csv,RMUX92,16,8,RMUX80,16,7,6;9,X16Y11_RMUX44,151,codeword attributed to a uniquely vendor-used member
rrg_edges_full.csv,RMUX92,16,8,RMUX81,16,7,6;9,X16Y11_RMUX44,18,codeword attributed to a uniquely vendor-used member
rrg_edges_full.csv,RMUX92,16,8,RMUX81,16,8,5;9,X16Y11_RMUX44,18,codeword attributed to a uniquely vendor-used member
rrg_edges_full.csv,RMUX92,16,9,RMUX80,16,8,6;9,X16Y12_RMUX44,120,codeword attributed to a uniquely vendor-used member
rrg_edges_full.csv,RMUX92,16,9,RMUX81,16,8,6;9,X16Y12_RMUX44,12,codeword attributed to a uniquely vendor-used member
rrg_edges_full.csv,RMUX92,16,9,RMUX81,16,9,5;9,X16Y12_RMUX44,18,codeword attributed to a uniquely vendor-used member
rrg_edges_full.csv,RMUX92,17,1,RMUX81,17,1,5;9,X17Y4_RMUX44,33,codeword attributed to a uniquely vendor-used member
rrg_edges_full.csv,RMUX92,17,2,RMUX80,17,1,6;9,X17Y5_RMUX44,26,codeword attributed to a uniquely vendor-used member
rrg_edges_full.csv,RMUX92,17,2,RMUX81,17,1,6;9,X17Y5_RMUX44,52,codeword attributed to a uniquely vendor-used member
rrg_edges_full.csv,RMUX92,17,2,RMUX81,17,2,5;9,X17Y5_RMUX44,19,codeword attributed to a uniquely vendor-used member
rrg_edges_full.csv,RMUX92,17,3,RMUX80,17,2,6;9,X17Y6_RMUX44,44,codeword attributed to a uniquely vendor-used member
rrg_edges_full.csv,RMUX92,17,3,RMUX81,17,2,6;9,X17Y6_RMUX44,23,codeword attributed to a uniquely vendor-used member
rrg_edges_full.csv,RMUX92,17,3,RMUX81,17,3,5;9,X17Y6_RMUX44,16,codeword attributed to a uniquely vendor-used member
rrg_edges_full.csv,RMUX92,17,4,RMUX80,17,3,6;9,X17Y7_RMUX44,46,codeword attributed to a uniquely vendor-used member
rrg_edges_full.csv,RMUX92,17,4,RMUX81,17,3,6;9,X17Y7_RMUX44,47,codeword attributed to a uniquely vendor-used member
rrg_edges_full.csv,RMUX92,17,4,RMUX81,17,4,5;9,X17Y7_RMUX44,6,codeword attributed to a uniquely vendor-used member
rrg_edges_full.csv,RMUX92,17,5,RMUX80,17,4,6;9,X17Y8_RMUX44,110,codeword attributed to a uniquely vendor-used member
rrg_edges_full.csv,RMUX92,17,5,RMUX81,17,4,6;9,X17Y8_RMUX44,47,codeword attributed to a uniquely vendor-used member
rrg_edges_full.csv,RMUX92,17,5,RMUX81,17,5,5;9,X17Y8_RMUX44,16,codeword attributed to a uniquely vendor-used member
rrg_edges_full.csv,RMUX92,17,6,RMUX80,17,5,6;9,X17Y9_RMUX44,222,codeword attributed to a uniquely vendor-used member
rrg_edges_full.csv,RMUX92,17,6,RMUX81,17,5,6;9,X17Y9_RMUX44,25,codeword attributed to a uniquely vendor-used member
rrg_edges_full.csv,RMUX92,17,6,RMUX81,17,6,5;9,X17Y9_RMUX44,17,codeword attributed to a uniquely vendor-used member
rrg_edges_full.csv,RMUX92,17,7,RMUX80,17,6,6;9,X17Y10_RMUX44,145,codeword attributed to a uniquely vendor-used member
rrg_edges_full.csv,RMUX92,17,7,RMUX81,17,6,6;9,X17Y10_RMUX44,20,codeword attributed to a uniquely vendor-used member
rrg_edges_full.csv,RMUX92,17,7,RMUX81,17,7,5;9,X17Y10_RMUX44,14,codeword attributed to a uniquely vendor-used member
rrg_edges_full.csv,RMUX92,17,8,RMUX80,17,7,6;9,X17Y11_RMUX44,149,codeword attributed to a uniquely vendor-used member
rrg_edges_full.csv,RMUX92,17,8,RMUX81,17,7,6;9,X17Y11_RMUX44,22,codeword attributed to a uniquely vendor-used member
rrg_edges_full.csv,RMUX92,17,8,RMUX81,17,8,5;9,X17Y11_RMUX44,13,codeword attributed to a uniquely vendor-used member
rrg_edges_full.csv,RMUX92,17,9,RMUX80,17,8,6;9,X17Y12_RMUX44,140,codeword attributed to a uniquely vendor-used member
rrg_edges_full.csv,RMUX92,17,9,RMUX81,17,8,6;9,X17Y12_RMUX44,23,codeword attributed to a uniquely vendor-used member
rrg_edges_full.csv,RMUX92,17,9,RMUX81,17,9,5;9,X17Y12_RMUX44,18,codeword attributed to a uniquely vendor-used member
rrg_edges_full.csv,RMUX92,18,1,RMUX81,18,1,5;9,X18Y4_RMUX44,47,codeword attributed to a uniquely vendor-used member
rrg_edges_full.csv,RMUX92,18,2,RMUX74,18,1,6;9,X18Y5_RMUX44,60,codeword attributed to a uniquely vendor-used member
rrg_edges_full.csv,RMUX92,18,2,RMUX80,18,1,6;9,X18Y5_RMUX44,19,codeword attributed to a uniquely vendor-used member
rrg_edges_full.csv,RMUX92,18,2,RMUX81,18,1,6;9,X18Y5_RMUX44,69,codeword attributed to a uniquely vendor-used member
rrg_edges_full.csv,RMUX92,18,2,RMUX81,18,2,5;9,X18Y5_RMUX44,15,codeword attributed to a uniquely vendor-used member
rrg_edges_full.csv,RMUX92,18,3,RMUX80,18,2,6;9,X18Y6_RMUX44,45,codeword attributed to a uniquely vendor-used member
rrg_edges_full.csv,RMUX92,18,3,RMUX81,18,2,6;9,X18Y6_RMUX44,47,codeword attributed to a uniquely vendor-used member
rrg_edges_full.csv,RMUX92,18,3,RMUX81,18,3,5;9,X18Y6_RMUX44,21,codeword attributed to a uniquely vendor-used member
rrg_edges_full.csv,RMUX92,18,4,RMUX74,18,3,6;9,X18Y7_RMUX44,34,codeword attributed to a uniquely vendor-used member
rrg_edges_full.csv,RMUX92,18,4,RMUX80,18,3,6;9,X18Y7_RMUX44,43,codeword attributed to a uniquely vendor-used member
rrg_edges_full.csv,RMUX92,18,4,RMUX81,18,3,6;9,X18Y7_RMUX44,37,codeword attributed to a uniquely vendor-used member
rrg_edges_full.csv,RMUX92,18,4,RMUX81,18,4,5;9,X18Y7_RMUX44,22,codeword attributed to a uniquely vendor-used member
rrg_edges_full.csv,RMUX92,18,5,RMUX80,18,4,6;9,X18Y8_RMUX44,89,codeword attributed to a uniquely vendor-used member
rrg_edges_full.csv,RMUX92,18,5,RMUX81,18,4,6;9,X18Y8_RMUX44,19,codeword attributed to a uniquely vendor-used member
rrg_edges_full.csv,RMUX92,18,5,RMUX81,18,5,5;9,X18Y8_RMUX44,17,codeword attributed to a uniquely vendor-used member
rrg_edges_full.csv,RMUX92,18,6,RMUX80,18,5,6;9,X18Y9_RMUX44,208,codeword attributed to a uniquely vendor-used member
rrg_edges_full.csv,RMUX92,18,6,RMUX81,18,5,6;9,X18Y9_RMUX44,25,codeword attributed to a uniquely vendor-used member
rrg_edges_full.csv,RMUX92,18,6,RMUX81,18,6,5;9,X18Y9_RMUX44,12,codeword attributed to a uniquely vendor-used member
rrg_edges_full.csv,RMUX92,18,7,RMUX80,18,6,6;9,X18Y10_RMUX44,125,codeword attributed to a uniquely vendor-used member
rrg_edges_full.csv,RMUX92,18,7,RMUX81,18,6,6;9,X18Y10_RMUX44,17,codeword attributed to a uniquely vendor-used member
rrg_edges_full.csv,RMUX92,18,7,RMUX81,18,7,5;9,X18Y10_RMUX44,13,codeword attributed to a uniquely vendor-used member
rrg_edges_full.csv,RMUX92,18,8,RMUX80,18,7,6;9,X18Y11_RMUX44,150,codeword attributed to a uniquely vendor-used member
rrg_edges_full.csv,RMUX92,18,8,RMUX81,18,7,6;9,X18Y11_RMUX44,17,codeword attributed to a uniquely vendor-used member
rrg_edges_full.csv,RMUX92,18,8,RMUX81,18,8,5;9,X18Y11_RMUX44,8,codeword attributed to a uniquely vendor-used member
rrg_edges_full.csv,RMUX92,18,9,RMUX80,18,8,6;9,X18Y12_RMUX44,131,codeword attributed to a uniquely vendor-used member
rrg_edges_full.csv,RMUX92,18,9,RMUX81,18,8,6;9,X18Y12_RMUX44,17,codeword attributed to a uniquely vendor-used member
rrg_edges_full.csv,RMUX92,18,9,RMUX81,18,9,5;9,X18Y12_RMUX44,10,codeword attributed to a uniquely vendor-used member
rrg_edges_full.csv,RMUX92,19,1,RMUX81,19,1,5;9,X19Y4_RMUX44,34,codeword attributed to a uniquely vendor-used member
rrg_edges_full.csv,RMUX92,19,2,RMUX80,19,1,6;9,X19Y5_RMUX44,26,codeword attributed to a uniquely vendor-used member
rrg_edges_full.csv,RMUX92,19,2,RMUX81,19,1,6;9,X19Y5_RMUX44,58,codeword attributed to a uniquely vendor-used member
rrg_edges_full.csv,RMUX92,19,2,RMUX81,19,2,5;9,X19Y5_RMUX44,15,codeword attributed to a uniquely vendor-used member
rrg_edges_full.csv,RMUX92,19,3,RMUX80,19,2,6;9,X19Y6_RMUX44,41,codeword attributed to a uniquely vendor-used member
rrg_edges_full.csv,RMUX92,19,3,RMUX81,19,2,6;9,X19Y6_RMUX44,27,codeword attributed to a uniquely vendor-used member
rrg_edges_full.csv,RMUX92,19,3,RMUX81,19,3,5;9,X19Y6_RMUX44,12,codeword attributed to a uniquely vendor-used member
rrg_edges_full.csv,RMUX92,19,4,RMUX80,19,3,6;9,X19Y7_RMUX44,40,codeword attributed to a uniquely vendor-used member
rrg_edges_full.csv,RMUX92,19,4,RMUX81,19,3,6;9,X19Y7_RMUX44,29,codeword attributed to a uniquely vendor-used member
rrg_edges_full.csv,RMUX92,19,4,RMUX81,19,4,5;9,X19Y7_RMUX44,11,codeword attributed to a uniquely vendor-used member
rrg_edges_full.csv,RMUX92,19,5,RMUX80,19,4,6;9,X19Y8_RMUX44,85,codeword attributed to a uniquely vendor-used member
rrg_edges_full.csv,RMUX92,19,5,RMUX81,19,4,6;9,X19Y8_RMUX44,19,codeword attributed to a uniquely vendor-used member
rrg_edges_full.csv,RMUX92,19,5,RMUX81,19,5,5;9,X19Y8_RMUX44,9,codeword attributed to a uniquely vendor-used member
rrg_edges_full.csv,RMUX92,19,6,RMUX80,19,5,6;9,X19Y9_RMUX44,207,codeword attributed to a uniquely vendor-used member
rrg_edges_full.csv,RMUX92,19,6,RMUX81,19,5,6;9,X19Y9_RMUX44,10,codeword attributed to a uniquely vendor-used member
rrg_edges_full.csv,RMUX92,19,6,RMUX81,19,6,5;9,X19Y9_RMUX44,9,codeword attributed to a uniquely vendor-used member
rrg_edges_full.csv,RMUX92,19,7,RMUX80,19,6,6;9,X19Y10_RMUX44,114,codeword attributed to a uniquely vendor-used member
rrg_edges_full.csv,RMUX92,19,7,RMUX81,19,6,6;9,X19Y10_RMUX44,9,codeword attributed to a uniquely vendor-used member
rrg_edges_full.csv,RMUX92,19,7,RMUX81,19,7,5;9,X19Y10_RMUX44,8,codeword attributed to a uniquely vendor-used member
rrg_edges_full.csv,RMUX92,19,8,RMUX80,19,7,6;9,X19Y11_RMUX44,103,codeword attributed to a uniquely vendor-used member
rrg_edges_full.csv,RMUX92,19,8,RMUX81,19,7,6;9,X19Y11_RMUX44,10,codeword attributed to a uniquely vendor-used member
rrg_edges_full.csv,RMUX92,19,8,RMUX81,19,8,5;9,X19Y11_RMUX44,6,codeword attributed to a uniquely vendor-used member
rrg_edges_full.csv,RMUX92,19,9,RMUX80,19,8,6;9,X19Y12_RMUX44,89,codeword attributed to a uniquely vendor-used member
rrg_edges_full.csv,RMUX92,19,9,RMUX81,19,8,6;9,X19Y12_RMUX44,4,codeword attributed to a uniquely vendor-used member
rrg_edges_full.csv,RMUX92,19,9,RMUX81,19,9,5;9,X19Y12_RMUX44,8,codeword attributed to a uniquely vendor-used member
rrg_edges_full.csv,RMUX92,2,1,RMUX81,2,1,5;9,X2Y4_RMUX44,14,codeword attributed to a uniquely vendor-used member
rrg_edges_full.csv,RMUX92,20,1,RMUX81,20,1,5;9,X20Y4_RMUX44,35,codeword attributed to a uniquely vendor-used member
rrg_edges_full.csv,RMUX92,20,2,RMUX74,20,1,6;9,X20Y5_RMUX44,92,codeword attributed to a uniquely vendor-used member
rrg_edges_full.csv,RMUX92,20,2,RMUX80,20,1,6;9,X20Y5_RMUX44,21,codeword attributed to a uniquely vendor-used member
rrg_edges_full.csv,RMUX92,20,2,RMUX81,20,1,6;9,X20Y5_RMUX44,48,codeword attributed to a uniquely vendor-used member
rrg_edges_full.csv,RMUX92,20,2,RMUX81,20,2,5;9,X20Y5_RMUX44,15,codeword attributed to a uniquely vendor-used member
rrg_edges_full.csv,RMUX92,20,3,RMUX74,20,2,6;9,X20Y6_RMUX44,55,codeword attributed to a uniquely vendor-used member
rrg_edges_full.csv,RMUX92,20,3,RMUX80,20,2,6;9,X20Y6_RMUX44,17,codeword attributed to a uniquely vendor-used member
rrg_edges_full.csv,RMUX92,20,3,RMUX81,20,2,6;9,X20Y6_RMUX44,36,codeword attributed to a uniquely vendor-used member
rrg_edges_full.csv,RMUX92,20,3,RMUX81,20,3,5;9,X20Y6_RMUX44,10,codeword attributed to a uniquely vendor-used member
rrg_edges_full.csv,RMUX92,20,4,RMUX80,20,3,6;9,X20Y7_RMUX44,27,codeword attributed to a uniquely vendor-used member
rrg_edges_full.csv,RMUX92,20,4,RMUX81,20,3,6;9,X20Y7_RMUX44,33,codeword attributed to a uniquely vendor-used member
rrg_edges_full.csv,RMUX92,20,4,RMUX81,20,4,5;9,X20Y7_RMUX44,12,codeword attributed to a uniquely vendor-used member
rrg_edges_full.csv,RMUX92,20,5,RMUX80,20,4,6;9,X20Y8_RMUX44,78,codeword attributed to a uniquely vendor-used member
rrg_edges_full.csv,RMUX92,20,5,RMUX81,20,4,6;9,X20Y8_RMUX44,31,codeword attributed to a uniquely vendor-used member
rrg_edges_full.csv,RMUX92,20,5,RMUX81,20,5,5;9,X20Y8_RMUX44,6,codeword attributed to a uniquely vendor-used member
rrg_edges_full.csv,RMUX92,20,6,RMUX80,20,5,6;9,X20Y9_RMUX44,155,codeword attributed to a uniquely vendor-used member
rrg_edges_full.csv,RMUX92,20,6,RMUX81,20,5,6;9,X20Y9_RMUX44,23,codeword attributed to a uniquely vendor-used member
rrg_edges_full.csv,RMUX92,20,6,RMUX81,20,6,5;9,X20Y9_RMUX44,10,codeword attributed to a uniquely vendor-used member
rrg_edges_full.csv,RMUX92,20,7,RMUX80,20,6,6;9,X20Y10_RMUX44,91,codeword attributed to a uniquely vendor-used member
rrg_edges_full.csv,RMUX92,20,7,RMUX81,20,6,6;9,X20Y10_RMUX44,5,codeword attributed to a uniquely vendor-used member
rrg_edges_full.csv,RMUX92,20,7,RMUX81,20,7,5;9,X20Y10_RMUX44,9,codeword attributed to a uniquely vendor-used member
rrg_edges_full.csv,RMUX92,20,8,RMUX80,20,7,6;9,X20Y11_RMUX44,103,codeword attributed to a uniquely vendor-used member
rrg_edges_full.csv,RMUX92,20,8,RMUX81,20,7,6;9,X20Y11_RMUX44,5,codeword attributed to a uniquely vendor-used member
rrg_edges_full.csv,RMUX92,20,8,RMUX81,20,8,5;9,X20Y11_RMUX44,10,codeword attributed to a uniquely vendor-used member
rrg_edges_full.csv,RMUX92,20,9,RMUX80,20,8,6;9,X20Y12_RMUX44,76,codeword attributed to a uniquely vendor-used member
rrg_edges_full.csv,RMUX92,20,9,RMUX81,20,8,6;9,X20Y12_RMUX44,2,codeword attributed to a uniquely vendor-used member
rrg_edges_full.csv,RMUX92,20,9,RMUX81,20,9,5;9,X20Y12_RMUX44,5,codeword attributed to a uniquely vendor-used member
rrg_edges_full.csv,RMUX92,3,1,RMUX81,3,1,5;9,X3Y4_RMUX44,22,codeword attributed to a uniquely vendor-used member
rrg_edges_full.csv,RMUX92,4,1,RMUX81,4,1,5;9,X4Y4_RMUX44,21,codeword attributed to a uniquely vendor-used member
rrg_edges_full.csv,RMUX92,5,1,RMUX81,5,1,5;9,X5Y4_RMUX44,20,codeword attributed to a uniquely vendor-used member
rrg_edges_full.csv,RMUX92,6,1,RMUX81,6,1,5;9,X6Y4_RMUX44,26,codeword attributed to a uniquely vendor-used member
rrg_edges_full.csv,RMUX92,7,1,RMUX81,7,1,5;9,X7Y4_RMUX44,17,codeword attributed to a uniquely vendor-used member
rrg_edges_full.csv,RMUX92,8,1,RMUX81,8,1,5;9,X8Y4_RMUX44,35,codeword attributed to a uniquely vendor-used member
rrg_edges_full.csv,RMUX92,9,1,RMUX81,9,1,5;9,X9Y4_RMUX44,31,codeword attributed to a uniquely vendor-used member
rrg_edges_full.csv,RMUX93,10,2,RMUX87,11,2,5;8,X7Y2_RMUX45,49,codeword attributed to a uniquely vendor-used member
rrg_edges_full.csv,RMUX93,10,3,RMUX87,11,3,5;8,X7Y3_RMUX45,43,codeword attributed to a uniquely vendor-used member
rrg_edges_full.csv,RMUX93,10,4,RMUX87,11,4,5;8,X7Y4_RMUX45,119,codeword attributed to a uniquely vendor-used member
rrg_edges_full.csv,RMUX93,11,1,RMUX87,12,1,5;8,X8Y1_RMUX45,2,codeword attributed to a uniquely vendor-used member
rrg_edges_full.csv,RMUX93,11,2,RMUX87,12,2,5;8,X8Y2_RMUX45,67,codeword attributed to a uniquely vendor-used member
rrg_edges_full.csv,RMUX93,11,3,RMUX87,12,3,5;8,X8Y3_RMUX45,58,codeword attributed to a uniquely vendor-used member
rrg_edges_full.csv,RMUX93,11,4,RMUX87,12,4,5;8,X8Y4_RMUX45,122,codeword attributed to a uniquely vendor-used member
rrg_edges_full.csv,RMUX93,14,2,RMUX87,15,2,5;8,X11Y2_RMUX45,66,codeword attributed to a uniquely vendor-used member
rrg_edges_full.csv,RMUX93,14,3,RMUX87,15,3,5;8,X11Y3_RMUX45,54,codeword attributed to a uniquely vendor-used member
rrg_edges_full.csv,RMUX93,14,4,RMUX87,15,4,5;8,X11Y4_RMUX45,56,codeword attributed to a uniquely vendor-used member
rrg_edges_full.csv,RMUX93,15,2,RMUX87,16,2,5;8,X12Y2_RMUX45,43,codeword attributed to a uniquely vendor-used member
rrg_edges_full.csv,RMUX93,15,3,RMUX87,16,3,5;8,X12Y3_RMUX45,53,codeword attributed to a uniquely vendor-used member
rrg_edges_full.csv,RMUX93,15,4,RMUX87,16,4,5;8,X12Y4_RMUX45,36,codeword attributed to a uniquely vendor-used member
rrg_edges_full.csv,RMUX93,17,1,RMUX87,18,1,5;8,X14Y1_RMUX45,2,codeword attributed to a uniquely vendor-used member
rrg_edges_full.csv,RMUX93,17,10,RMUX87,18,10,5;8,X14Y10_RMUX45,4,codeword attributed to a uniquely vendor-used member
rrg_edges_full.csv,RMUX93,17,11,RMUX87,18,11,5;8,X14Y11_RMUX45,5,codeword attributed to a uniquely vendor-used member
rrg_edges_full.csv,RMUX93,17,12,RMUX87,18,12,5;8,X14Y12_RMUX45,6,codeword attributed to a uniquely vendor-used member
rrg_edges_full.csv,RMUX93,17,2,RMUX87,18,2,5;8,X14Y2_RMUX45,27,codeword attributed to a uniquely vendor-used member
rrg_edges_full.csv,RMUX93,17,3,RMUX87,18,3,5;8,X14Y3_RMUX45,17,codeword attributed to a uniquely vendor-used member
rrg_edges_full.csv,RMUX93,17,4,RMUX87,18,4,5;8,X14Y4_RMUX45,19,codeword attributed to a uniquely vendor-used member
rrg_edges_full.csv,RMUX93,17,5,RMUX87,18,5,5;8,X14Y5_RMUX45,4,codeword attributed to a uniquely vendor-used member
rrg_edges_full.csv,RMUX93,17,6,RMUX87,18,6,5;8,X14Y6_RMUX45,6,codeword attributed to a uniquely vendor-used member
rrg_edges_full.csv,RMUX93,17,7,RMUX87,18,7,5;8,X14Y7_RMUX45,6,codeword attributed to a uniquely vendor-used member
rrg_edges_full.csv,RMUX93,17,8,RMUX87,18,8,5;8,X14Y8_RMUX45,7,codeword attributed to a uniquely vendor-used member
rrg_edges_full.csv,RMUX93,17,9,RMUX87,18,9,5;8,X14Y9_RMUX45,7,codeword attributed to a uniquely vendor-used member
rrg_edges_full.csv,RMUX93,18,10,RMUX87,19,10,5;8,X15Y10_RMUX45,27,codeword attributed to a uniquely vendor-used member
rrg_edges_full.csv,RMUX93,18,11,RMUX87,19,11,5;8,X15Y11_RMUX45,30,codeword attributed to a uniquely vendor-used member
rrg_edges_full.csv,RMUX93,18,12,RMUX87,19,12,5;8,X15Y12_RMUX45,29,codeword attributed to a uniquely vendor-used member
rrg_edges_full.csv,RMUX93,18,2,RMUX87,19,2,5;8,X15Y2_RMUX45,40,codeword attributed to a uniquely vendor-used member
rrg_edges_full.csv,RMUX93,18,3,RMUX87,19,3,5;8,X15Y3_RMUX45,35,codeword attributed to a uniquely vendor-used member
rrg_edges_full.csv,RMUX93,18,4,RMUX87,19,4,5;8,X15Y4_RMUX45,33,codeword attributed to a uniquely vendor-used member
rrg_edges_full.csv,RMUX93,18,5,RMUX87,19,5,5;8,X15Y5_RMUX45,26,codeword attributed to a uniquely vendor-used member
rrg_edges_full.csv,RMUX93,18,6,RMUX87,19,6,5;8,X15Y6_RMUX45,23,codeword attributed to a uniquely vendor-used member
rrg_edges_full.csv,RMUX93,18,7,RMUX87,19,7,5;8,X15Y7_RMUX45,16,codeword attributed to a uniquely vendor-used member
rrg_edges_full.csv,RMUX93,18,8,RMUX87,19,8,5;8,X15Y8_RMUX45,30,codeword attributed to a uniquely vendor-used member
rrg_edges_full.csv,RMUX93,18,9,RMUX87,19,9,5;8,X15Y9_RMUX45,31,codeword attributed to a uniquely vendor-used member
rrg_edges_full.csv,RMUX93,19,10,RMUX87,20,10,5;8,X16Y10_RMUX45,35,codeword attributed to a uniquely vendor-used member
rrg_edges_full.csv,RMUX93,19,11,RMUX87,20,11,5;8,X16Y11_RMUX45,25,codeword attributed to a uniquely vendor-used member
rrg_edges_full.csv,RMUX93,19,12,RMUX87,20,12,5;8,X16Y12_RMUX45,43,codeword attributed to a uniquely vendor-used member
rrg_edges_full.csv,RMUX93,19,2,RMUX87,20,2,5;8,X16Y2_RMUX45,22,codeword attributed to a uniquely vendor-used member
rrg_edges_full.csv,RMUX93,19,3,RMUX87,20,3,5;8,X16Y3_RMUX45,33,codeword attributed to a uniquely vendor-used member
rrg_edges_full.csv,RMUX93,19,4,RMUX87,20,4,5;8,X16Y4_RMUX45,34,codeword attributed to a uniquely vendor-used member
rrg_edges_full.csv,RMUX93,19,5,RMUX87,20,5,5;8,X16Y5_RMUX45,41,codeword attributed to a uniquely vendor-used member
rrg_edges_full.csv,RMUX93,19,6,RMUX87,20,6,5;8,X16Y6_RMUX45,25,codeword attributed to a uniquely vendor-used member
rrg_edges_full.csv,RMUX93,19,7,RMUX87,20,7,5;8,X16Y7_RMUX45,29,codeword attributed to a uniquely vendor-used member
rrg_edges_full.csv,RMUX93,19,8,RMUX87,20,8,5;8,X16Y8_RMUX45,34,codeword attributed to a uniquely vendor-used member
rrg_edges_full.csv,RMUX93,19,9,RMUX87,20,9,5;8,X16Y9_RMUX45,33,codeword attributed to a uniquely vendor-used member
rrg_edges_full.csv,RMUX93,4,2,RMUX87,5,2,5;8,X1Y2_RMUX45,2,codeword attributed to a uniquely vendor-used member
rrg_edges_full.csv,RMUX93,4,4,RMUX87,5,4,5;8,X1Y4_RMUX45,6,codeword attributed to a uniquely vendor-used member
rrg_edges_full.csv,RMUX93,5,2,RMUX87,6,2,5;8,X2Y2_RMUX45,16,codeword attributed to a uniquely vendor-used member
rrg_edges_full.csv,RMUX93,5,3,RMUX87,6,3,5;8,X2Y3_RMUX45,17,codeword attributed to a uniquely vendor-used member
rrg_edges_full.csv,RMUX93,5,4,RMUX87,6,4,5;8,X2Y4_RMUX45,23,codeword attributed to a uniquely vendor-used member
rrg_edges_full.csv,RMUX93,6,2,RMUX87,7,2,5;8,X3Y2_RMUX45,26,codeword attributed to a uniquely vendor-used member
rrg_edges_full.csv,RMUX93,6,3,RMUX87,7,3,5;8,X3Y3_RMUX45,18,codeword attributed to a uniquely vendor-used member
rrg_edges_full.csv,RMUX93,6,4,RMUX87,7,4,5;8,X3Y4_RMUX45,41,codeword attributed to a uniquely vendor-used member
rrg_edges_full.csv,RMUX93,7,2,RMUX87,8,2,5;8,X4Y2_RMUX45,37,codeword attributed to a uniquely vendor-used member
rrg_edges_full.csv,RMUX93,7,3,RMUX87,8,3,5;8,X4Y3_RMUX45,33,codeword attributed to a uniquely vendor-used member
rrg_edges_full.csv,RMUX93,7,4,RMUX87,8,4,5;8,X4Y4_RMUX45,45,codeword attributed to a uniquely vendor-used member
rrg_edges_full.csv,RMUX93,8,2,RMUX87,9,2,5;8,X5Y2_RMUX45,49,codeword attributed to a uniquely vendor-used member
rrg_edges_full.csv,RMUX93,8,3,RMUX87,9,3,5;8,X5Y3_RMUX45,33,codeword attributed to a uniquely vendor-used member
rrg_edges_full.csv,RMUX93,8,4,RMUX87,9,4,5;8,X5Y4_RMUX45,61,codeword attributed to a uniquely vendor-used member
rrg_edges_full.csv,RMUX93,9,1,RMUX87,10,1,5;8,X6Y1_RMUX45,2,codeword attributed to a uniquely vendor-used member
rrg_edges_full.csv,RMUX93,9,2,RMUX87,10,2,5;8,X6Y2_RMUX45,65,codeword attributed to a uniquely vendor-used member
rrg_edges_full.csv,RMUX93,9,3,RMUX87,10,3,5;8,X6Y3_RMUX45,43,codeword attributed to a uniquely vendor-used member
rrg_edges_full.csv,RMUX93,9,4,RMUX87,10,4,5;8,X6Y4_RMUX45,96,codeword attributed to a uniquely vendor-used member
