x,y,feature,byte,mask
1,1,CFG_BYPASSEN[0],89940,16
1,1,CFG_BYPASSEN[10],95044,16
1,1,CFG_BYPASSEN[11],95508,16
1,1,CFG_BYPASSEN[12],95972,16
1,1,CFG_BYPASSEN[13],96436,16
1,1,CFG_BYPASSEN[14],96900,16
1,1,CFG_BYPASSEN[15],97364,16
1,1,CFG_BYPASSEN[1],90404,16
1,1,CFG_BYPASSEN[2],90868,16
1,1,CFG_BYPASSEN[3],91332,16
1,1,CFG_BYPASSEN[4],91796,16
1,1,CFG_BYPASSEN[5],92260,16
1,1,CFG_BYPASSEN[6],92724,16
1,1,CFG_BYPASSEN[7],93188,16
1,1,CFG_BYPASSEN[8],94116,16
1,1,CFG_BYPASSEN[9],94580,16
1,1,CFG_CARRY_CRL[0],89824,8
1,1,CFG_CARRY_CRL[10],94928,8
1,1,CFG_CARRY_CRL[11],95392,8
1,1,CFG_CARRY_CRL[12],95856,8
1,1,CFG_CARRY_CRL[13],96320,8
1,1,CFG_CARRY_CRL[14],96784,8
1,1,CFG_CARRY_CRL[15],97248,8
1,1,CFG_CARRY_CRL[1],90288,8
1,1,CFG_CARRY_CRL[2],90752,8
1,1,CFG_CARRY_CRL[3],91216,8
1,1,CFG_CARRY_CRL[4],91680,8
1,1,CFG_CARRY_CRL[5],92144,8
1,1,CFG_CARRY_CRL[6],92608,8
1,1,CFG_CARRY_CRL[7],93072,8
1,1,CFG_CARRY_CRL[8],94000,8
1,1,CFG_CARRY_CRL[9],94464,8
1,1,CFG_LUTCMUX[0],89940,8
1,1,CFG_LUTCMUX[10],92260,8
1,1,CFG_LUTCMUX[11],91912,8
1,1,CFG_LUTCMUX[12],92724,8
1,1,CFG_LUTCMUX[13],92376,8
1,1,CFG_LUTCMUX[14],93188,8
1,1,CFG_LUTCMUX[15],92840,8
1,1,CFG_LUTCMUX[16],94116,8
1,1,CFG_LUTCMUX[17],93768,8
1,1,CFG_LUTCMUX[18],94580,8
1,1,CFG_LUTCMUX[19],94232,8
1,1,CFG_LUTCMUX[1],89592,8
1,1,CFG_LUTCMUX[20],95044,8
1,1,CFG_LUTCMUX[21],94696,8
1,1,CFG_LUTCMUX[22],95508,8
1,1,CFG_LUTCMUX[23],95160,8
1,1,CFG_LUTCMUX[24],95972,8
1,1,CFG_LUTCMUX[25],95624,8
1,1,CFG_LUTCMUX[26],96436,8
1,1,CFG_LUTCMUX[27],96088,8
1,1,CFG_LUTCMUX[28],96900,8
1,1,CFG_LUTCMUX[29],96552,8
1,1,CFG_LUTCMUX[2],90404,8
1,1,CFG_LUTCMUX[30],97364,8
1,1,CFG_LUTCMUX[31],97016,8
1,1,CFG_LUTCMUX[3],90056,8
1,1,CFG_LUTCMUX[4],90868,8
1,1,CFG_LUTCMUX[5],90520,8
1,1,CFG_LUTCMUX[6],91332,8
1,1,CFG_LUTCMUX[7],90984,8
1,1,CFG_LUTCMUX[8],91796,8
1,1,CFG_LUTCMUX[9],91448,8
1,2,CFG_BYPASSEN[0],82052,16
1,2,CFG_BYPASSEN[10],87156,16
1,2,CFG_BYPASSEN[11],87620,16
1,2,CFG_BYPASSEN[12],88084,16
1,2,CFG_BYPASSEN[13],88548,16
1,2,CFG_BYPASSEN[14],89012,16
1,2,CFG_BYPASSEN[15],89476,16
1,2,CFG_BYPASSEN[1],82516,16
1,2,CFG_BYPASSEN[2],82980,16
1,2,CFG_BYPASSEN[3],83444,16
1,2,CFG_BYPASSEN[4],83908,16
1,2,CFG_BYPASSEN[5],84372,16
1,2,CFG_BYPASSEN[6],84836,16
1,2,CFG_BYPASSEN[7],85300,16
1,2,CFG_BYPASSEN[8],86228,16
1,2,CFG_BYPASSEN[9],86692,16
1,2,CFG_CARRY_CRL[0],81936,8
1,2,CFG_CARRY_CRL[10],87040,8
1,2,CFG_CARRY_CRL[11],87504,8
1,2,CFG_CARRY_CRL[12],87968,8
1,2,CFG_CARRY_CRL[13],88432,8
1,2,CFG_CARRY_CRL[14],88896,8
1,2,CFG_CARRY_CRL[15],89360,8
1,2,CFG_CARRY_CRL[1],82400,8
1,2,CFG_CARRY_CRL[2],82864,8
1,2,CFG_CARRY_CRL[3],83328,8
1,2,CFG_CARRY_CRL[4],83792,8
1,2,CFG_CARRY_CRL[5],84256,8
1,2,CFG_CARRY_CRL[6],84720,8
1,2,CFG_CARRY_CRL[7],85184,8
1,2,CFG_CARRY_CRL[8],86112,8
1,2,CFG_CARRY_CRL[9],86576,8
1,2,CFG_LUTCMUX[0],82052,8
1,2,CFG_LUTCMUX[10],84372,8
1,2,CFG_LUTCMUX[11],84024,8
1,2,CFG_LUTCMUX[12],84836,8
1,2,CFG_LUTCMUX[13],84488,8
1,2,CFG_LUTCMUX[14],85300,8
1,2,CFG_LUTCMUX[15],84952,8
1,2,CFG_LUTCMUX[16],86228,8
1,2,CFG_LUTCMUX[17],85880,8
1,2,CFG_LUTCMUX[18],86692,8
1,2,CFG_LUTCMUX[19],86344,8
1,2,CFG_LUTCMUX[1],81704,8
1,2,CFG_LUTCMUX[20],87156,8
1,2,CFG_LUTCMUX[21],86808,8
1,2,CFG_LUTCMUX[22],87620,8
1,2,CFG_LUTCMUX[23],87272,8
1,2,CFG_LUTCMUX[24],88084,8
1,2,CFG_LUTCMUX[25],87736,8
1,2,CFG_LUTCMUX[26],88548,8
1,2,CFG_LUTCMUX[27],88200,8
1,2,CFG_LUTCMUX[28],89012,8
1,2,CFG_LUTCMUX[29],88664,8
1,2,CFG_LUTCMUX[2],82516,8
1,2,CFG_LUTCMUX[30],89476,8
1,2,CFG_LUTCMUX[31],89128,8
1,2,CFG_LUTCMUX[3],82168,8
1,2,CFG_LUTCMUX[4],82980,8
1,2,CFG_LUTCMUX[5],82632,8
1,2,CFG_LUTCMUX[6],83444,8
1,2,CFG_LUTCMUX[7],83096,8
1,2,CFG_LUTCMUX[8],83908,8
1,2,CFG_LUTCMUX[9],83560,8
1,3,CFG_BYPASSEN[0],74164,16
1,3,CFG_BYPASSEN[10],79268,16
1,3,CFG_BYPASSEN[11],79732,16
1,3,CFG_BYPASSEN[12],80196,16
1,3,CFG_BYPASSEN[13],80660,16
1,3,CFG_BYPASSEN[14],81124,16
1,3,CFG_BYPASSEN[15],81588,16
1,3,CFG_BYPASSEN[1],74628,16
1,3,CFG_BYPASSEN[2],75092,16
1,3,CFG_BYPASSEN[3],75556,16
1,3,CFG_BYPASSEN[4],76020,16
1,3,CFG_BYPASSEN[5],76484,16
1,3,CFG_BYPASSEN[6],76948,16
1,3,CFG_BYPASSEN[7],77412,16
1,3,CFG_BYPASSEN[8],78340,16
1,3,CFG_BYPASSEN[9],78804,16
1,3,CFG_CARRY_CRL[0],74048,8
1,3,CFG_CARRY_CRL[10],79152,8
1,3,CFG_CARRY_CRL[11],79616,8
1,3,CFG_CARRY_CRL[12],80080,8
1,3,CFG_CARRY_CRL[13],80544,8
1,3,CFG_CARRY_CRL[14],81008,8
1,3,CFG_CARRY_CRL[15],81472,8
1,3,CFG_CARRY_CRL[1],74512,8
1,3,CFG_CARRY_CRL[2],74976,8
1,3,CFG_CARRY_CRL[3],75440,8
1,3,CFG_CARRY_CRL[4],75904,8
1,3,CFG_CARRY_CRL[5],76368,8
1,3,CFG_CARRY_CRL[6],76832,8
1,3,CFG_CARRY_CRL[7],77296,8
1,3,CFG_CARRY_CRL[8],78224,8
1,3,CFG_CARRY_CRL[9],78688,8
1,3,CFG_LUTCMUX[0],74164,8
1,3,CFG_LUTCMUX[10],76484,8
1,3,CFG_LUTCMUX[11],76136,8
1,3,CFG_LUTCMUX[12],76948,8
1,3,CFG_LUTCMUX[13],76600,8
1,3,CFG_LUTCMUX[14],77412,8
1,3,CFG_LUTCMUX[15],77064,8
1,3,CFG_LUTCMUX[16],78340,8
1,3,CFG_LUTCMUX[17],77992,8
1,3,CFG_LUTCMUX[18],78804,8
1,3,CFG_LUTCMUX[19],78456,8
1,3,CFG_LUTCMUX[1],73816,8
1,3,CFG_LUTCMUX[20],79268,8
1,3,CFG_LUTCMUX[21],78920,8
1,3,CFG_LUTCMUX[22],79732,8
1,3,CFG_LUTCMUX[23],79384,8
1,3,CFG_LUTCMUX[24],80196,8
1,3,CFG_LUTCMUX[25],79848,8
1,3,CFG_LUTCMUX[26],80660,8
1,3,CFG_LUTCMUX[27],80312,8
1,3,CFG_LUTCMUX[28],81124,8
1,3,CFG_LUTCMUX[29],80776,8
1,3,CFG_LUTCMUX[2],74628,8
1,3,CFG_LUTCMUX[30],81588,8
1,3,CFG_LUTCMUX[31],81240,8
1,3,CFG_LUTCMUX[3],74280,8
1,3,CFG_LUTCMUX[4],75092,8
1,3,CFG_LUTCMUX[5],74744,8
1,3,CFG_LUTCMUX[6],75556,8
1,3,CFG_LUTCMUX[7],75208,8
1,3,CFG_LUTCMUX[8],76020,8
1,3,CFG_LUTCMUX[9],75672,8
1,4,CFG_BYPASSEN[0],66276,16
1,4,CFG_BYPASSEN[10],71380,16
1,4,CFG_BYPASSEN[11],71844,16
1,4,CFG_BYPASSEN[12],72308,16
1,4,CFG_BYPASSEN[13],72772,16
1,4,CFG_BYPASSEN[14],73236,16
1,4,CFG_BYPASSEN[15],73700,16
1,4,CFG_BYPASSEN[1],66740,16
1,4,CFG_BYPASSEN[2],67204,16
1,4,CFG_BYPASSEN[3],67668,16
1,4,CFG_BYPASSEN[4],68132,16
1,4,CFG_BYPASSEN[5],68596,16
1,4,CFG_BYPASSEN[6],69060,16
1,4,CFG_BYPASSEN[7],69524,16
1,4,CFG_BYPASSEN[8],70452,16
1,4,CFG_BYPASSEN[9],70916,16
1,4,CFG_CARRY_CRL[0],66160,8
1,4,CFG_CARRY_CRL[10],71264,8
1,4,CFG_CARRY_CRL[11],71728,8
1,4,CFG_CARRY_CRL[12],72192,8
1,4,CFG_CARRY_CRL[13],72656,8
1,4,CFG_CARRY_CRL[14],73120,8
1,4,CFG_CARRY_CRL[15],73584,8
1,4,CFG_CARRY_CRL[1],66624,8
1,4,CFG_CARRY_CRL[2],67088,8
1,4,CFG_CARRY_CRL[3],67552,8
1,4,CFG_CARRY_CRL[4],68016,8
1,4,CFG_CARRY_CRL[5],68480,8
1,4,CFG_CARRY_CRL[6],68944,8
1,4,CFG_CARRY_CRL[7],69408,8
1,4,CFG_CARRY_CRL[8],70336,8
1,4,CFG_CARRY_CRL[9],70800,8
1,4,CFG_LUTCMUX[0],66276,8
1,4,CFG_LUTCMUX[10],68596,8
1,4,CFG_LUTCMUX[11],68248,8
1,4,CFG_LUTCMUX[12],69060,8
1,4,CFG_LUTCMUX[13],68712,8
1,4,CFG_LUTCMUX[14],69524,8
1,4,CFG_LUTCMUX[15],69176,8
1,4,CFG_LUTCMUX[16],70452,8
1,4,CFG_LUTCMUX[17],70104,8
1,4,CFG_LUTCMUX[18],70916,8
1,4,CFG_LUTCMUX[19],70568,8
1,4,CFG_LUTCMUX[1],65928,8
1,4,CFG_LUTCMUX[20],71380,8
1,4,CFG_LUTCMUX[21],71032,8
1,4,CFG_LUTCMUX[22],71844,8
1,4,CFG_LUTCMUX[23],71496,8
1,4,CFG_LUTCMUX[24],72308,8
1,4,CFG_LUTCMUX[25],71960,8
1,4,CFG_LUTCMUX[26],72772,8
1,4,CFG_LUTCMUX[27],72424,8
1,4,CFG_LUTCMUX[28],73236,8
1,4,CFG_LUTCMUX[29],72888,8
1,4,CFG_LUTCMUX[2],66740,8
1,4,CFG_LUTCMUX[30],73700,8
1,4,CFG_LUTCMUX[31],73352,8
1,4,CFG_LUTCMUX[3],66392,8
1,4,CFG_LUTCMUX[4],67204,8
1,4,CFG_LUTCMUX[5],66856,8
1,4,CFG_LUTCMUX[6],67668,8
1,4,CFG_LUTCMUX[7],67320,8
1,4,CFG_LUTCMUX[8],68132,8
1,4,CFG_LUTCMUX[9],67784,8
2,1,CFG_BYPASSEN[0],89935,1
2,1,CFG_BYPASSEN[10],95039,1
2,1,CFG_BYPASSEN[11],95503,1
2,1,CFG_BYPASSEN[12],95967,1
2,1,CFG_BYPASSEN[13],96431,1
2,1,CFG_BYPASSEN[14],96895,1
2,1,CFG_BYPASSEN[15],97359,1
2,1,CFG_BYPASSEN[1],90399,1
2,1,CFG_BYPASSEN[2],90863,1
2,1,CFG_BYPASSEN[3],91327,1
2,1,CFG_BYPASSEN[4],91791,1
2,1,CFG_BYPASSEN[5],92255,1
2,1,CFG_BYPASSEN[6],92719,1
2,1,CFG_BYPASSEN[7],93183,1
2,1,CFG_BYPASSEN[8],94111,1
2,1,CFG_BYPASSEN[9],94575,1
2,1,CFG_CARRY_CRL[0],89820,128
2,1,CFG_CARRY_CRL[10],94924,128
2,1,CFG_CARRY_CRL[11],95388,128
2,1,CFG_CARRY_CRL[12],95852,128
2,1,CFG_CARRY_CRL[13],96316,128
2,1,CFG_CARRY_CRL[14],96780,128
2,1,CFG_CARRY_CRL[15],97244,128
2,1,CFG_CARRY_CRL[1],90284,128
2,1,CFG_CARRY_CRL[2],90748,128
2,1,CFG_CARRY_CRL[3],91212,128
2,1,CFG_CARRY_CRL[4],91676,128
2,1,CFG_CARRY_CRL[5],92140,128
2,1,CFG_CARRY_CRL[6],92604,128
2,1,CFG_CARRY_CRL[7],93068,128
2,1,CFG_CARRY_CRL[8],93996,128
2,1,CFG_CARRY_CRL[9],94460,128
2,1,CFG_LUTCMUX[0],89936,128
2,1,CFG_LUTCMUX[10],92256,128
2,1,CFG_LUTCMUX[11],91908,128
2,1,CFG_LUTCMUX[12],92720,128
2,1,CFG_LUTCMUX[13],92372,128
2,1,CFG_LUTCMUX[14],93184,128
2,1,CFG_LUTCMUX[15],92836,128
2,1,CFG_LUTCMUX[16],94112,128
2,1,CFG_LUTCMUX[17],93764,128
2,1,CFG_LUTCMUX[18],94576,128
2,1,CFG_LUTCMUX[19],94228,128
2,1,CFG_LUTCMUX[1],89588,128
2,1,CFG_LUTCMUX[20],95040,128
2,1,CFG_LUTCMUX[21],94692,128
2,1,CFG_LUTCMUX[22],95504,128
2,1,CFG_LUTCMUX[23],95156,128
2,1,CFG_LUTCMUX[24],95968,128
2,1,CFG_LUTCMUX[25],95620,128
2,1,CFG_LUTCMUX[26],96432,128
2,1,CFG_LUTCMUX[27],96084,128
2,1,CFG_LUTCMUX[28],96896,128
2,1,CFG_LUTCMUX[29],96548,128
2,1,CFG_LUTCMUX[2],90400,128
2,1,CFG_LUTCMUX[30],97360,128
2,1,CFG_LUTCMUX[31],97012,128
2,1,CFG_LUTCMUX[3],90052,128
2,1,CFG_LUTCMUX[4],90864,128
2,1,CFG_LUTCMUX[5],90516,128
2,1,CFG_LUTCMUX[6],91328,128
2,1,CFG_LUTCMUX[7],90980,128
2,1,CFG_LUTCMUX[8],91792,128
2,1,CFG_LUTCMUX[9],91444,128
2,2,CFG_BYPASSEN[0],82047,1
2,2,CFG_BYPASSEN[10],87151,1
2,2,CFG_BYPASSEN[11],87615,1
2,2,CFG_BYPASSEN[12],88079,1
2,2,CFG_BYPASSEN[13],88543,1
2,2,CFG_BYPASSEN[14],89007,1
2,2,CFG_BYPASSEN[15],89471,1
2,2,CFG_BYPASSEN[1],82511,1
2,2,CFG_BYPASSEN[2],82975,1
2,2,CFG_BYPASSEN[3],83439,1
2,2,CFG_BYPASSEN[4],83903,1
2,2,CFG_BYPASSEN[5],84367,1
2,2,CFG_BYPASSEN[6],84831,1
2,2,CFG_BYPASSEN[7],85295,1
2,2,CFG_BYPASSEN[8],86223,1
2,2,CFG_BYPASSEN[9],86687,1
2,2,CFG_CARRY_CRL[0],81932,128
2,2,CFG_CARRY_CRL[10],87036,128
2,2,CFG_CARRY_CRL[11],87500,128
2,2,CFG_CARRY_CRL[12],87964,128
2,2,CFG_CARRY_CRL[13],88428,128
2,2,CFG_CARRY_CRL[14],88892,128
2,2,CFG_CARRY_CRL[15],89356,128
2,2,CFG_CARRY_CRL[1],82396,128
2,2,CFG_CARRY_CRL[2],82860,128
2,2,CFG_CARRY_CRL[3],83324,128
2,2,CFG_CARRY_CRL[4],83788,128
2,2,CFG_CARRY_CRL[5],84252,128
2,2,CFG_CARRY_CRL[6],84716,128
2,2,CFG_CARRY_CRL[7],85180,128
2,2,CFG_CARRY_CRL[8],86108,128
2,2,CFG_CARRY_CRL[9],86572,128
2,2,CFG_LUTCMUX[0],82048,128
2,2,CFG_LUTCMUX[10],84368,128
2,2,CFG_LUTCMUX[11],84020,128
2,2,CFG_LUTCMUX[12],84832,128
2,2,CFG_LUTCMUX[13],84484,128
2,2,CFG_LUTCMUX[14],85296,128
2,2,CFG_LUTCMUX[15],84948,128
2,2,CFG_LUTCMUX[16],86224,128
2,2,CFG_LUTCMUX[17],85876,128
2,2,CFG_LUTCMUX[18],86688,128
2,2,CFG_LUTCMUX[19],86340,128
2,2,CFG_LUTCMUX[1],81700,128
2,2,CFG_LUTCMUX[20],87152,128
2,2,CFG_LUTCMUX[21],86804,128
2,2,CFG_LUTCMUX[22],87616,128
2,2,CFG_LUTCMUX[23],87268,128
2,2,CFG_LUTCMUX[24],88080,128
2,2,CFG_LUTCMUX[25],87732,128
2,2,CFG_LUTCMUX[26],88544,128
2,2,CFG_LUTCMUX[27],88196,128
2,2,CFG_LUTCMUX[28],89008,128
2,2,CFG_LUTCMUX[29],88660,128
2,2,CFG_LUTCMUX[2],82512,128
2,2,CFG_LUTCMUX[30],89472,128
2,2,CFG_LUTCMUX[31],89124,128
2,2,CFG_LUTCMUX[3],82164,128
2,2,CFG_LUTCMUX[4],82976,128
2,2,CFG_LUTCMUX[5],82628,128
2,2,CFG_LUTCMUX[6],83440,128
2,2,CFG_LUTCMUX[7],83092,128
2,2,CFG_LUTCMUX[8],83904,128
2,2,CFG_LUTCMUX[9],83556,128
2,3,CFG_BYPASSEN[0],74159,1
2,3,CFG_BYPASSEN[10],79263,1
2,3,CFG_BYPASSEN[11],79727,1
2,3,CFG_BYPASSEN[12],80191,1
2,3,CFG_BYPASSEN[13],80655,1
2,3,CFG_BYPASSEN[14],81119,1
2,3,CFG_BYPASSEN[15],81583,1
2,3,CFG_BYPASSEN[1],74623,1
2,3,CFG_BYPASSEN[2],75087,1
2,3,CFG_BYPASSEN[3],75551,1
2,3,CFG_BYPASSEN[4],76015,1
2,3,CFG_BYPASSEN[5],76479,1
2,3,CFG_BYPASSEN[6],76943,1
2,3,CFG_BYPASSEN[7],77407,1
2,3,CFG_BYPASSEN[8],78335,1
2,3,CFG_BYPASSEN[9],78799,1
2,3,CFG_CARRY_CRL[0],74044,128
2,3,CFG_CARRY_CRL[10],79148,128
2,3,CFG_CARRY_CRL[11],79612,128
2,3,CFG_CARRY_CRL[12],80076,128
2,3,CFG_CARRY_CRL[13],80540,128
2,3,CFG_CARRY_CRL[14],81004,128
2,3,CFG_CARRY_CRL[15],81468,128
2,3,CFG_CARRY_CRL[1],74508,128
2,3,CFG_CARRY_CRL[2],74972,128
2,3,CFG_CARRY_CRL[3],75436,128
2,3,CFG_CARRY_CRL[4],75900,128
2,3,CFG_CARRY_CRL[5],76364,128
2,3,CFG_CARRY_CRL[6],76828,128
2,3,CFG_CARRY_CRL[7],77292,128
2,3,CFG_CARRY_CRL[8],78220,128
2,3,CFG_CARRY_CRL[9],78684,128
2,3,CFG_LUTCMUX[0],74160,128
2,3,CFG_LUTCMUX[10],76480,128
2,3,CFG_LUTCMUX[11],76132,128
2,3,CFG_LUTCMUX[12],76944,128
2,3,CFG_LUTCMUX[13],76596,128
2,3,CFG_LUTCMUX[14],77408,128
2,3,CFG_LUTCMUX[15],77060,128
2,3,CFG_LUTCMUX[16],78336,128
2,3,CFG_LUTCMUX[17],77988,128
2,3,CFG_LUTCMUX[18],78800,128
2,3,CFG_LUTCMUX[19],78452,128
2,3,CFG_LUTCMUX[1],73812,128
2,3,CFG_LUTCMUX[20],79264,128
2,3,CFG_LUTCMUX[21],78916,128
2,3,CFG_LUTCMUX[22],79728,128
2,3,CFG_LUTCMUX[23],79380,128
2,3,CFG_LUTCMUX[24],80192,128
2,3,CFG_LUTCMUX[25],79844,128
2,3,CFG_LUTCMUX[26],80656,128
2,3,CFG_LUTCMUX[27],80308,128
2,3,CFG_LUTCMUX[28],81120,128
2,3,CFG_LUTCMUX[29],80772,128
2,3,CFG_LUTCMUX[2],74624,128
2,3,CFG_LUTCMUX[30],81584,128
2,3,CFG_LUTCMUX[31],81236,128
2,3,CFG_LUTCMUX[3],74276,128
2,3,CFG_LUTCMUX[4],75088,128
2,3,CFG_LUTCMUX[5],74740,128
2,3,CFG_LUTCMUX[6],75552,128
2,3,CFG_LUTCMUX[7],75204,128
2,3,CFG_LUTCMUX[8],76016,128
2,3,CFG_LUTCMUX[9],75668,128
2,4,CFG_BYPASSEN[0],66271,1
2,4,CFG_BYPASSEN[10],71375,1
2,4,CFG_BYPASSEN[11],71839,1
2,4,CFG_BYPASSEN[12],72303,1
2,4,CFG_BYPASSEN[13],72767,1
2,4,CFG_BYPASSEN[14],73231,1
2,4,CFG_BYPASSEN[15],73695,1
2,4,CFG_BYPASSEN[1],66735,1
2,4,CFG_BYPASSEN[2],67199,1
2,4,CFG_BYPASSEN[3],67663,1
2,4,CFG_BYPASSEN[4],68127,1
2,4,CFG_BYPASSEN[5],68591,1
2,4,CFG_BYPASSEN[6],69055,1
2,4,CFG_BYPASSEN[7],69519,1
2,4,CFG_BYPASSEN[8],70447,1
2,4,CFG_BYPASSEN[9],70911,1
2,4,CFG_CARRY_CRL[0],66156,128
2,4,CFG_CARRY_CRL[10],71260,128
2,4,CFG_CARRY_CRL[11],71724,128
2,4,CFG_CARRY_CRL[12],72188,128
2,4,CFG_CARRY_CRL[13],72652,128
2,4,CFG_CARRY_CRL[14],73116,128
2,4,CFG_CARRY_CRL[15],73580,128
2,4,CFG_CARRY_CRL[1],66620,128
2,4,CFG_CARRY_CRL[2],67084,128
2,4,CFG_CARRY_CRL[3],67548,128
2,4,CFG_CARRY_CRL[4],68012,128
2,4,CFG_CARRY_CRL[5],68476,128
2,4,CFG_CARRY_CRL[6],68940,128
2,4,CFG_CARRY_CRL[7],69404,128
2,4,CFG_CARRY_CRL[8],70332,128
2,4,CFG_CARRY_CRL[9],70796,128
2,4,CFG_LUTCMUX[0],66272,128
2,4,CFG_LUTCMUX[10],68592,128
2,4,CFG_LUTCMUX[11],68244,128
2,4,CFG_LUTCMUX[12],69056,128
2,4,CFG_LUTCMUX[13],68708,128
2,4,CFG_LUTCMUX[14],69520,128
2,4,CFG_LUTCMUX[15],69172,128
2,4,CFG_LUTCMUX[16],70448,128
2,4,CFG_LUTCMUX[17],70100,128
2,4,CFG_LUTCMUX[18],70912,128
2,4,CFG_LUTCMUX[19],70564,128
2,4,CFG_LUTCMUX[1],65924,128
2,4,CFG_LUTCMUX[20],71376,128
2,4,CFG_LUTCMUX[21],71028,128
2,4,CFG_LUTCMUX[22],71840,128
2,4,CFG_LUTCMUX[23],71492,128
2,4,CFG_LUTCMUX[24],72304,128
2,4,CFG_LUTCMUX[25],71956,128
2,4,CFG_LUTCMUX[26],72768,128
2,4,CFG_LUTCMUX[27],72420,128
2,4,CFG_LUTCMUX[28],73232,128
2,4,CFG_LUTCMUX[29],72884,128
2,4,CFG_LUTCMUX[2],66736,128
2,4,CFG_LUTCMUX[30],73696,128
2,4,CFG_LUTCMUX[31],73348,128
2,4,CFG_LUTCMUX[3],66388,128
2,4,CFG_LUTCMUX[4],67200,128
2,4,CFG_LUTCMUX[5],66852,128
2,4,CFG_LUTCMUX[6],67664,128
2,4,CFG_LUTCMUX[7],67316,128
2,4,CFG_LUTCMUX[8],68128,128
2,4,CFG_LUTCMUX[9],67780,128
3,1,CFG_BYPASSEN[0],89931,16
3,1,CFG_BYPASSEN[10],95035,16
3,1,CFG_BYPASSEN[11],95499,16
3,1,CFG_BYPASSEN[12],95963,16
3,1,CFG_BYPASSEN[13],96427,16
3,1,CFG_BYPASSEN[14],96891,16
3,1,CFG_BYPASSEN[15],97355,16
3,1,CFG_BYPASSEN[1],90395,16
3,1,CFG_BYPASSEN[2],90859,16
3,1,CFG_BYPASSEN[3],91323,16
3,1,CFG_BYPASSEN[4],91787,16
3,1,CFG_BYPASSEN[5],92251,16
3,1,CFG_BYPASSEN[6],92715,16
3,1,CFG_BYPASSEN[7],93179,16
3,1,CFG_BYPASSEN[8],94107,16
3,1,CFG_BYPASSEN[9],94571,16
3,1,CFG_CARRY_CRL[0],89815,8
3,1,CFG_CARRY_CRL[10],94919,8
3,1,CFG_CARRY_CRL[11],95383,8
3,1,CFG_CARRY_CRL[12],95847,8
3,1,CFG_CARRY_CRL[13],96311,8
3,1,CFG_CARRY_CRL[14],96775,8
3,1,CFG_CARRY_CRL[15],97239,8
3,1,CFG_CARRY_CRL[1],90279,8
3,1,CFG_CARRY_CRL[2],90743,8
3,1,CFG_CARRY_CRL[3],91207,8
3,1,CFG_CARRY_CRL[4],91671,8
3,1,CFG_CARRY_CRL[5],92135,8
3,1,CFG_CARRY_CRL[6],92599,8
3,1,CFG_CARRY_CRL[7],93063,8
3,1,CFG_CARRY_CRL[8],93991,8
3,1,CFG_CARRY_CRL[9],94455,8
3,1,CFG_LUTCMUX[0],89931,8
3,1,CFG_LUTCMUX[10],92251,8
3,1,CFG_LUTCMUX[11],91903,8
3,1,CFG_LUTCMUX[12],92715,8
3,1,CFG_LUTCMUX[13],92367,8
3,1,CFG_LUTCMUX[14],93179,8
3,1,CFG_LUTCMUX[15],92831,8
3,1,CFG_LUTCMUX[16],94107,8
3,1,CFG_LUTCMUX[17],93759,8
3,1,CFG_LUTCMUX[18],94571,8
3,1,CFG_LUTCMUX[19],94223,8
3,1,CFG_LUTCMUX[1],89583,8
3,1,CFG_LUTCMUX[20],95035,8
3,1,CFG_LUTCMUX[21],94687,8
3,1,CFG_LUTCMUX[22],95499,8
3,1,CFG_LUTCMUX[23],95151,8
3,1,CFG_LUTCMUX[24],95963,8
3,1,CFG_LUTCMUX[25],95615,8
3,1,CFG_LUTCMUX[26],96427,8
3,1,CFG_LUTCMUX[27],96079,8
3,1,CFG_LUTCMUX[28],96891,8
3,1,CFG_LUTCMUX[29],96543,8
3,1,CFG_LUTCMUX[2],90395,8
3,1,CFG_LUTCMUX[30],97355,8
3,1,CFG_LUTCMUX[31],97007,8
3,1,CFG_LUTCMUX[3],90047,8
3,1,CFG_LUTCMUX[4],90859,8
3,1,CFG_LUTCMUX[5],90511,8
3,1,CFG_LUTCMUX[6],91323,8
3,1,CFG_LUTCMUX[7],90975,8
3,1,CFG_LUTCMUX[8],91787,8
3,1,CFG_LUTCMUX[9],91439,8
3,2,CFG_BYPASSEN[0],82043,16
3,2,CFG_BYPASSEN[10],87147,16
3,2,CFG_BYPASSEN[11],87611,16
3,2,CFG_BYPASSEN[12],88075,16
3,2,CFG_BYPASSEN[13],88539,16
3,2,CFG_BYPASSEN[14],89003,16
3,2,CFG_BYPASSEN[15],89467,16
3,2,CFG_BYPASSEN[1],82507,16
3,2,CFG_BYPASSEN[2],82971,16
3,2,CFG_BYPASSEN[3],83435,16
3,2,CFG_BYPASSEN[4],83899,16
3,2,CFG_BYPASSEN[5],84363,16
3,2,CFG_BYPASSEN[6],84827,16
3,2,CFG_BYPASSEN[7],85291,16
3,2,CFG_BYPASSEN[8],86219,16
3,2,CFG_BYPASSEN[9],86683,16
3,2,CFG_CARRY_CRL[0],81927,8
3,2,CFG_CARRY_CRL[10],87031,8
3,2,CFG_CARRY_CRL[11],87495,8
3,2,CFG_CARRY_CRL[12],87959,8
3,2,CFG_CARRY_CRL[13],88423,8
3,2,CFG_CARRY_CRL[14],88887,8
3,2,CFG_CARRY_CRL[15],89351,8
3,2,CFG_CARRY_CRL[1],82391,8
3,2,CFG_CARRY_CRL[2],82855,8
3,2,CFG_CARRY_CRL[3],83319,8
3,2,CFG_CARRY_CRL[4],83783,8
3,2,CFG_CARRY_CRL[5],84247,8
3,2,CFG_CARRY_CRL[6],84711,8
3,2,CFG_CARRY_CRL[7],85175,8
3,2,CFG_CARRY_CRL[8],86103,8
3,2,CFG_CARRY_CRL[9],86567,8
3,2,CFG_LUTCMUX[0],82043,8
3,2,CFG_LUTCMUX[10],84363,8
3,2,CFG_LUTCMUX[11],84015,8
3,2,CFG_LUTCMUX[12],84827,8
3,2,CFG_LUTCMUX[13],84479,8
3,2,CFG_LUTCMUX[14],85291,8
3,2,CFG_LUTCMUX[15],84943,8
3,2,CFG_LUTCMUX[16],86219,8
3,2,CFG_LUTCMUX[17],85871,8
3,2,CFG_LUTCMUX[18],86683,8
3,2,CFG_LUTCMUX[19],86335,8
3,2,CFG_LUTCMUX[1],81695,8
3,2,CFG_LUTCMUX[20],87147,8
3,2,CFG_LUTCMUX[21],86799,8
3,2,CFG_LUTCMUX[22],87611,8
3,2,CFG_LUTCMUX[23],87263,8
3,2,CFG_LUTCMUX[24],88075,8
3,2,CFG_LUTCMUX[25],87727,8
3,2,CFG_LUTCMUX[26],88539,8
3,2,CFG_LUTCMUX[27],88191,8
3,2,CFG_LUTCMUX[28],89003,8
3,2,CFG_LUTCMUX[29],88655,8
3,2,CFG_LUTCMUX[2],82507,8
3,2,CFG_LUTCMUX[30],89467,8
3,2,CFG_LUTCMUX[31],89119,8
3,2,CFG_LUTCMUX[3],82159,8
3,2,CFG_LUTCMUX[4],82971,8
3,2,CFG_LUTCMUX[5],82623,8
3,2,CFG_LUTCMUX[6],83435,8
3,2,CFG_LUTCMUX[7],83087,8
3,2,CFG_LUTCMUX[8],83899,8
3,2,CFG_LUTCMUX[9],83551,8
3,3,CFG_BYPASSEN[0],74155,16
3,3,CFG_BYPASSEN[10],79259,16
3,3,CFG_BYPASSEN[11],79723,16
3,3,CFG_BYPASSEN[12],80187,16
3,3,CFG_BYPASSEN[13],80651,16
3,3,CFG_BYPASSEN[14],81115,16
3,3,CFG_BYPASSEN[15],81579,16
3,3,CFG_BYPASSEN[1],74619,16
3,3,CFG_BYPASSEN[2],75083,16
3,3,CFG_BYPASSEN[3],75547,16
3,3,CFG_BYPASSEN[4],76011,16
3,3,CFG_BYPASSEN[5],76475,16
3,3,CFG_BYPASSEN[6],76939,16
3,3,CFG_BYPASSEN[7],77403,16
3,3,CFG_BYPASSEN[8],78331,16
3,3,CFG_BYPASSEN[9],78795,16
3,3,CFG_CARRY_CRL[0],74039,8
3,3,CFG_CARRY_CRL[10],79143,8
3,3,CFG_CARRY_CRL[11],79607,8
3,3,CFG_CARRY_CRL[12],80071,8
3,3,CFG_CARRY_CRL[13],80535,8
3,3,CFG_CARRY_CRL[14],80999,8
3,3,CFG_CARRY_CRL[15],81463,8
3,3,CFG_CARRY_CRL[1],74503,8
3,3,CFG_CARRY_CRL[2],74967,8
3,3,CFG_CARRY_CRL[3],75431,8
3,3,CFG_CARRY_CRL[4],75895,8
3,3,CFG_CARRY_CRL[5],76359,8
3,3,CFG_CARRY_CRL[6],76823,8
3,3,CFG_CARRY_CRL[7],77287,8
3,3,CFG_CARRY_CRL[8],78215,8
3,3,CFG_CARRY_CRL[9],78679,8
3,3,CFG_LUTCMUX[0],74155,8
3,3,CFG_LUTCMUX[10],76475,8
3,3,CFG_LUTCMUX[11],76127,8
3,3,CFG_LUTCMUX[12],76939,8
3,3,CFG_LUTCMUX[13],76591,8
3,3,CFG_LUTCMUX[14],77403,8
3,3,CFG_LUTCMUX[15],77055,8
3,3,CFG_LUTCMUX[16],78331,8
3,3,CFG_LUTCMUX[17],77983,8
3,3,CFG_LUTCMUX[18],78795,8
3,3,CFG_LUTCMUX[19],78447,8
3,3,CFG_LUTCMUX[1],73807,8
3,3,CFG_LUTCMUX[20],79259,8
3,3,CFG_LUTCMUX[21],78911,8
3,3,CFG_LUTCMUX[22],79723,8
3,3,CFG_LUTCMUX[23],79375,8
3,3,CFG_LUTCMUX[24],80187,8
3,3,CFG_LUTCMUX[25],79839,8
3,3,CFG_LUTCMUX[26],80651,8
3,3,CFG_LUTCMUX[27],80303,8
3,3,CFG_LUTCMUX[28],81115,8
3,3,CFG_LUTCMUX[29],80767,8
3,3,CFG_LUTCMUX[2],74619,8
3,3,CFG_LUTCMUX[30],81579,8
3,3,CFG_LUTCMUX[31],81231,8
3,3,CFG_LUTCMUX[3],74271,8
3,3,CFG_LUTCMUX[4],75083,8
3,3,CFG_LUTCMUX[5],74735,8
3,3,CFG_LUTCMUX[6],75547,8
3,3,CFG_LUTCMUX[7],75199,8
3,3,CFG_LUTCMUX[8],76011,8
3,3,CFG_LUTCMUX[9],75663,8
3,4,CFG_BYPASSEN[0],66267,16
3,4,CFG_BYPASSEN[10],71371,16
3,4,CFG_BYPASSEN[11],71835,16
3,4,CFG_BYPASSEN[12],72299,16
3,4,CFG_BYPASSEN[13],72763,16
3,4,CFG_BYPASSEN[14],73227,16
3,4,CFG_BYPASSEN[15],73691,16
3,4,CFG_BYPASSEN[1],66731,16
3,4,CFG_BYPASSEN[2],67195,16
3,4,CFG_BYPASSEN[3],67659,16
3,4,CFG_BYPASSEN[4],68123,16
3,4,CFG_BYPASSEN[5],68587,16
3,4,CFG_BYPASSEN[6],69051,16
3,4,CFG_BYPASSEN[7],69515,16
3,4,CFG_BYPASSEN[8],70443,16
3,4,CFG_BYPASSEN[9],70907,16
3,4,CFG_CARRY_CRL[0],66151,8
3,4,CFG_CARRY_CRL[10],71255,8
3,4,CFG_CARRY_CRL[11],71719,8
3,4,CFG_CARRY_CRL[12],72183,8
3,4,CFG_CARRY_CRL[13],72647,8
3,4,CFG_CARRY_CRL[14],73111,8
3,4,CFG_CARRY_CRL[15],73575,8
3,4,CFG_CARRY_CRL[1],66615,8
3,4,CFG_CARRY_CRL[2],67079,8
3,4,CFG_CARRY_CRL[3],67543,8
3,4,CFG_CARRY_CRL[4],68007,8
3,4,CFG_CARRY_CRL[5],68471,8
3,4,CFG_CARRY_CRL[6],68935,8
3,4,CFG_CARRY_CRL[7],69399,8
3,4,CFG_CARRY_CRL[8],70327,8
3,4,CFG_CARRY_CRL[9],70791,8
3,4,CFG_LUTCMUX[0],66267,8
3,4,CFG_LUTCMUX[10],68587,8
3,4,CFG_LUTCMUX[11],68239,8
3,4,CFG_LUTCMUX[12],69051,8
3,4,CFG_LUTCMUX[13],68703,8
3,4,CFG_LUTCMUX[14],69515,8
3,4,CFG_LUTCMUX[15],69167,8
3,4,CFG_LUTCMUX[16],70443,8
3,4,CFG_LUTCMUX[17],70095,8
3,4,CFG_LUTCMUX[18],70907,8
3,4,CFG_LUTCMUX[19],70559,8
3,4,CFG_LUTCMUX[1],65919,8
3,4,CFG_LUTCMUX[20],71371,8
3,4,CFG_LUTCMUX[21],71023,8
3,4,CFG_LUTCMUX[22],71835,8
3,4,CFG_LUTCMUX[23],71487,8
3,4,CFG_LUTCMUX[24],72299,8
3,4,CFG_LUTCMUX[25],71951,8
3,4,CFG_LUTCMUX[26],72763,8
3,4,CFG_LUTCMUX[27],72415,8
3,4,CFG_LUTCMUX[28],73227,8
3,4,CFG_LUTCMUX[29],72879,8
3,4,CFG_LUTCMUX[2],66731,8
3,4,CFG_LUTCMUX[30],73691,8
3,4,CFG_LUTCMUX[31],73343,8
3,4,CFG_LUTCMUX[3],66383,8
3,4,CFG_LUTCMUX[4],67195,8
3,4,CFG_LUTCMUX[5],66847,8
3,4,CFG_LUTCMUX[6],67659,8
3,4,CFG_LUTCMUX[7],67311,8
3,4,CFG_LUTCMUX[8],68123,8
3,4,CFG_LUTCMUX[9],67775,8
4,1,CFG_BYPASSEN[0],89926,1
4,1,CFG_BYPASSEN[10],95030,1
4,1,CFG_BYPASSEN[11],95494,1
4,1,CFG_BYPASSEN[12],95958,1
4,1,CFG_BYPASSEN[13],96422,1
4,1,CFG_BYPASSEN[14],96886,1
4,1,CFG_BYPASSEN[15],97350,1
4,1,CFG_BYPASSEN[1],90390,1
4,1,CFG_BYPASSEN[2],90854,1
4,1,CFG_BYPASSEN[3],91318,1
4,1,CFG_BYPASSEN[4],91782,1
4,1,CFG_BYPASSEN[5],92246,1
4,1,CFG_BYPASSEN[6],92710,1
4,1,CFG_BYPASSEN[7],93174,1
4,1,CFG_BYPASSEN[8],94102,1
4,1,CFG_BYPASSEN[9],94566,1
4,1,CFG_CARRY_CRL[0],89811,128
4,1,CFG_CARRY_CRL[10],94915,128
4,1,CFG_CARRY_CRL[11],95379,128
4,1,CFG_CARRY_CRL[12],95843,128
4,1,CFG_CARRY_CRL[13],96307,128
4,1,CFG_CARRY_CRL[14],96771,128
4,1,CFG_CARRY_CRL[15],97235,128
4,1,CFG_CARRY_CRL[1],90275,128
4,1,CFG_CARRY_CRL[2],90739,128
4,1,CFG_CARRY_CRL[3],91203,128
4,1,CFG_CARRY_CRL[4],91667,128
4,1,CFG_CARRY_CRL[5],92131,128
4,1,CFG_CARRY_CRL[6],92595,128
4,1,CFG_CARRY_CRL[7],93059,128
4,1,CFG_CARRY_CRL[8],93987,128
4,1,CFG_CARRY_CRL[9],94451,128
4,1,CFG_LUTCMUX[0],89927,128
4,1,CFG_LUTCMUX[10],92247,128
4,1,CFG_LUTCMUX[11],91899,128
4,1,CFG_LUTCMUX[12],92711,128
4,1,CFG_LUTCMUX[13],92363,128
4,1,CFG_LUTCMUX[14],93175,128
4,1,CFG_LUTCMUX[15],92827,128
4,1,CFG_LUTCMUX[16],94103,128
4,1,CFG_LUTCMUX[17],93755,128
4,1,CFG_LUTCMUX[18],94567,128
4,1,CFG_LUTCMUX[19],94219,128
4,1,CFG_LUTCMUX[1],89579,128
4,1,CFG_LUTCMUX[20],95031,128
4,1,CFG_LUTCMUX[21],94683,128
4,1,CFG_LUTCMUX[22],95495,128
4,1,CFG_LUTCMUX[23],95147,128
4,1,CFG_LUTCMUX[24],95959,128
4,1,CFG_LUTCMUX[25],95611,128
4,1,CFG_LUTCMUX[26],96423,128
4,1,CFG_LUTCMUX[27],96075,128
4,1,CFG_LUTCMUX[28],96887,128
4,1,CFG_LUTCMUX[29],96539,128
4,1,CFG_LUTCMUX[2],90391,128
4,1,CFG_LUTCMUX[30],97351,128
4,1,CFG_LUTCMUX[31],97003,128
4,1,CFG_LUTCMUX[3],90043,128
4,1,CFG_LUTCMUX[4],90855,128
4,1,CFG_LUTCMUX[5],90507,128
4,1,CFG_LUTCMUX[6],91319,128
4,1,CFG_LUTCMUX[7],90971,128
4,1,CFG_LUTCMUX[8],91783,128
4,1,CFG_LUTCMUX[9],91435,128
4,2,CFG_BYPASSEN[0],82038,1
4,2,CFG_BYPASSEN[10],87142,1
4,2,CFG_BYPASSEN[11],87606,1
4,2,CFG_BYPASSEN[12],88070,1
4,2,CFG_BYPASSEN[13],88534,1
4,2,CFG_BYPASSEN[14],88998,1
4,2,CFG_BYPASSEN[15],89462,1
4,2,CFG_BYPASSEN[1],82502,1
4,2,CFG_BYPASSEN[2],82966,1
4,2,CFG_BYPASSEN[3],83430,1
4,2,CFG_BYPASSEN[4],83894,1
4,2,CFG_BYPASSEN[5],84358,1
4,2,CFG_BYPASSEN[6],84822,1
4,2,CFG_BYPASSEN[7],85286,1
4,2,CFG_BYPASSEN[8],86214,1
4,2,CFG_BYPASSEN[9],86678,1
4,2,CFG_CARRY_CRL[0],81923,128
4,2,CFG_CARRY_CRL[10],87027,128
4,2,CFG_CARRY_CRL[11],87491,128
4,2,CFG_CARRY_CRL[12],87955,128
4,2,CFG_CARRY_CRL[13],88419,128
4,2,CFG_CARRY_CRL[14],88883,128
4,2,CFG_CARRY_CRL[15],89347,128
4,2,CFG_CARRY_CRL[1],82387,128
4,2,CFG_CARRY_CRL[2],82851,128
4,2,CFG_CARRY_CRL[3],83315,128
4,2,CFG_CARRY_CRL[4],83779,128
4,2,CFG_CARRY_CRL[5],84243,128
4,2,CFG_CARRY_CRL[6],84707,128
4,2,CFG_CARRY_CRL[7],85171,128
4,2,CFG_CARRY_CRL[8],86099,128
4,2,CFG_CARRY_CRL[9],86563,128
4,2,CFG_LUTCMUX[0],82039,128
4,2,CFG_LUTCMUX[10],84359,128
4,2,CFG_LUTCMUX[11],84011,128
4,2,CFG_LUTCMUX[12],84823,128
4,2,CFG_LUTCMUX[13],84475,128
4,2,CFG_LUTCMUX[14],85287,128
4,2,CFG_LUTCMUX[15],84939,128
4,2,CFG_LUTCMUX[16],86215,128
4,2,CFG_LUTCMUX[17],85867,128
4,2,CFG_LUTCMUX[18],86679,128
4,2,CFG_LUTCMUX[19],86331,128
4,2,CFG_LUTCMUX[1],81691,128
4,2,CFG_LUTCMUX[20],87143,128
4,2,CFG_LUTCMUX[21],86795,128
4,2,CFG_LUTCMUX[22],87607,128
4,2,CFG_LUTCMUX[23],87259,128
4,2,CFG_LUTCMUX[24],88071,128
4,2,CFG_LUTCMUX[25],87723,128
4,2,CFG_LUTCMUX[26],88535,128
4,2,CFG_LUTCMUX[27],88187,128
4,2,CFG_LUTCMUX[28],88999,128
4,2,CFG_LUTCMUX[29],88651,128
4,2,CFG_LUTCMUX[2],82503,128
4,2,CFG_LUTCMUX[30],89463,128
4,2,CFG_LUTCMUX[31],89115,128
4,2,CFG_LUTCMUX[3],82155,128
4,2,CFG_LUTCMUX[4],82967,128
4,2,CFG_LUTCMUX[5],82619,128
4,2,CFG_LUTCMUX[6],83431,128
4,2,CFG_LUTCMUX[7],83083,128
4,2,CFG_LUTCMUX[8],83895,128
4,2,CFG_LUTCMUX[9],83547,128
4,3,CFG_BYPASSEN[0],74150,1
4,3,CFG_BYPASSEN[10],79254,1
4,3,CFG_BYPASSEN[11],79718,1
4,3,CFG_BYPASSEN[12],80182,1
4,3,CFG_BYPASSEN[13],80646,1
4,3,CFG_BYPASSEN[14],81110,1
4,3,CFG_BYPASSEN[15],81574,1
4,3,CFG_BYPASSEN[1],74614,1
4,3,CFG_BYPASSEN[2],75078,1
4,3,CFG_BYPASSEN[3],75542,1
4,3,CFG_BYPASSEN[4],76006,1
4,3,CFG_BYPASSEN[5],76470,1
4,3,CFG_BYPASSEN[6],76934,1
4,3,CFG_BYPASSEN[7],77398,1
4,3,CFG_BYPASSEN[8],78326,1
4,3,CFG_BYPASSEN[9],78790,1
4,3,CFG_CARRY_CRL[0],74035,128
4,3,CFG_CARRY_CRL[10],79139,128
4,3,CFG_CARRY_CRL[11],79603,128
4,3,CFG_CARRY_CRL[12],80067,128
4,3,CFG_CARRY_CRL[13],80531,128
4,3,CFG_CARRY_CRL[14],80995,128
4,3,CFG_CARRY_CRL[15],81459,128
4,3,CFG_CARRY_CRL[1],74499,128
4,3,CFG_CARRY_CRL[2],74963,128
4,3,CFG_CARRY_CRL[3],75427,128
4,3,CFG_CARRY_CRL[4],75891,128
4,3,CFG_CARRY_CRL[5],76355,128
4,3,CFG_CARRY_CRL[6],76819,128
4,3,CFG_CARRY_CRL[7],77283,128
4,3,CFG_CARRY_CRL[8],78211,128
4,3,CFG_CARRY_CRL[9],78675,128
4,3,CFG_LUTCMUX[0],74151,128
4,3,CFG_LUTCMUX[10],76471,128
4,3,CFG_LUTCMUX[11],76123,128
4,3,CFG_LUTCMUX[12],76935,128
4,3,CFG_LUTCMUX[13],76587,128
4,3,CFG_LUTCMUX[14],77399,128
4,3,CFG_LUTCMUX[15],77051,128
4,3,CFG_LUTCMUX[16],78327,128
4,3,CFG_LUTCMUX[17],77979,128
4,3,CFG_LUTCMUX[18],78791,128
4,3,CFG_LUTCMUX[19],78443,128
4,3,CFG_LUTCMUX[1],73803,128
4,3,CFG_LUTCMUX[20],79255,128
4,3,CFG_LUTCMUX[21],78907,128
4,3,CFG_LUTCMUX[22],79719,128
4,3,CFG_LUTCMUX[23],79371,128
4,3,CFG_LUTCMUX[24],80183,128
4,3,CFG_LUTCMUX[25],79835,128
4,3,CFG_LUTCMUX[26],80647,128
4,3,CFG_LUTCMUX[27],80299,128
4,3,CFG_LUTCMUX[28],81111,128
4,3,CFG_LUTCMUX[29],80763,128
4,3,CFG_LUTCMUX[2],74615,128
4,3,CFG_LUTCMUX[30],81575,128
4,3,CFG_LUTCMUX[31],81227,128
4,3,CFG_LUTCMUX[3],74267,128
4,3,CFG_LUTCMUX[4],75079,128
4,3,CFG_LUTCMUX[5],74731,128
4,3,CFG_LUTCMUX[6],75543,128
4,3,CFG_LUTCMUX[7],75195,128
4,3,CFG_LUTCMUX[8],76007,128
4,3,CFG_LUTCMUX[9],75659,128
4,4,CFG_BYPASSEN[0],66262,1
4,4,CFG_BYPASSEN[10],71366,1
4,4,CFG_BYPASSEN[11],71830,1
4,4,CFG_BYPASSEN[12],72294,1
4,4,CFG_BYPASSEN[13],72758,1
4,4,CFG_BYPASSEN[14],73222,1
4,4,CFG_BYPASSEN[15],73686,1
4,4,CFG_BYPASSEN[1],66726,1
4,4,CFG_BYPASSEN[2],67190,1
4,4,CFG_BYPASSEN[3],67654,1
4,4,CFG_BYPASSEN[4],68118,1
4,4,CFG_BYPASSEN[5],68582,1
4,4,CFG_BYPASSEN[6],69046,1
4,4,CFG_BYPASSEN[7],69510,1
4,4,CFG_BYPASSEN[8],70438,1
4,4,CFG_BYPASSEN[9],70902,1
4,4,CFG_CARRY_CRL[0],66147,128
4,4,CFG_CARRY_CRL[10],71251,128
4,4,CFG_CARRY_CRL[11],71715,128
4,4,CFG_CARRY_CRL[12],72179,128
4,4,CFG_CARRY_CRL[13],72643,128
4,4,CFG_CARRY_CRL[14],73107,128
4,4,CFG_CARRY_CRL[15],73571,128
4,4,CFG_CARRY_CRL[1],66611,128
4,4,CFG_CARRY_CRL[2],67075,128
4,4,CFG_CARRY_CRL[3],67539,128
4,4,CFG_CARRY_CRL[4],68003,128
4,4,CFG_CARRY_CRL[5],68467,128
4,4,CFG_CARRY_CRL[6],68931,128
4,4,CFG_CARRY_CRL[7],69395,128
4,4,CFG_CARRY_CRL[8],70323,128
4,4,CFG_CARRY_CRL[9],70787,128
4,4,CFG_LUTCMUX[0],66263,128
4,4,CFG_LUTCMUX[10],68583,128
4,4,CFG_LUTCMUX[11],68235,128
4,4,CFG_LUTCMUX[12],69047,128
4,4,CFG_LUTCMUX[13],68699,128
4,4,CFG_LUTCMUX[14],69511,128
4,4,CFG_LUTCMUX[15],69163,128
4,4,CFG_LUTCMUX[16],70439,128
4,4,CFG_LUTCMUX[17],70091,128
4,4,CFG_LUTCMUX[18],70903,128
4,4,CFG_LUTCMUX[19],70555,128
4,4,CFG_LUTCMUX[1],65915,128
4,4,CFG_LUTCMUX[20],71367,128
4,4,CFG_LUTCMUX[21],71019,128
4,4,CFG_LUTCMUX[22],71831,128
4,4,CFG_LUTCMUX[23],71483,128
4,4,CFG_LUTCMUX[24],72295,128
4,4,CFG_LUTCMUX[25],71947,128
4,4,CFG_LUTCMUX[26],72759,128
4,4,CFG_LUTCMUX[27],72411,128
4,4,CFG_LUTCMUX[28],73223,128
4,4,CFG_LUTCMUX[29],72875,128
4,4,CFG_LUTCMUX[2],66727,128
4,4,CFG_LUTCMUX[30],73687,128
4,4,CFG_LUTCMUX[31],73339,128
4,4,CFG_LUTCMUX[3],66379,128
4,4,CFG_LUTCMUX[4],67191,128
4,4,CFG_LUTCMUX[5],66843,128
4,4,CFG_LUTCMUX[6],67655,128
4,4,CFG_LUTCMUX[7],67307,128
4,4,CFG_LUTCMUX[8],68119,128
4,4,CFG_LUTCMUX[9],67771,128
5,1,CFG_BYPASSEN[0],89922,16
5,1,CFG_BYPASSEN[10],95026,16
5,1,CFG_BYPASSEN[11],95490,16
5,1,CFG_BYPASSEN[12],95954,16
5,1,CFG_BYPASSEN[13],96418,16
5,1,CFG_BYPASSEN[14],96882,16
5,1,CFG_BYPASSEN[15],97346,16
5,1,CFG_BYPASSEN[1],90386,16
5,1,CFG_BYPASSEN[2],90850,16
5,1,CFG_BYPASSEN[3],91314,16
5,1,CFG_BYPASSEN[4],91778,16
5,1,CFG_BYPASSEN[5],92242,16
5,1,CFG_BYPASSEN[6],92706,16
5,1,CFG_BYPASSEN[7],93170,16
5,1,CFG_BYPASSEN[8],94098,16
5,1,CFG_BYPASSEN[9],94562,16
5,1,CFG_CARRY_CRL[0],89806,8
5,1,CFG_CARRY_CRL[10],94910,8
5,1,CFG_CARRY_CRL[11],95374,8
5,1,CFG_CARRY_CRL[12],95838,8
5,1,CFG_CARRY_CRL[13],96302,8
5,1,CFG_CARRY_CRL[14],96766,8
5,1,CFG_CARRY_CRL[15],97230,8
5,1,CFG_CARRY_CRL[1],90270,8
5,1,CFG_CARRY_CRL[2],90734,8
5,1,CFG_CARRY_CRL[3],91198,8
5,1,CFG_CARRY_CRL[4],91662,8
5,1,CFG_CARRY_CRL[5],92126,8
5,1,CFG_CARRY_CRL[6],92590,8
5,1,CFG_CARRY_CRL[7],93054,8
5,1,CFG_CARRY_CRL[8],93982,8
5,1,CFG_CARRY_CRL[9],94446,8
5,1,CFG_LUTCMUX[0],89922,8
5,1,CFG_LUTCMUX[10],92242,8
5,1,CFG_LUTCMUX[11],91894,8
5,1,CFG_LUTCMUX[12],92706,8
5,1,CFG_LUTCMUX[13],92358,8
5,1,CFG_LUTCMUX[14],93170,8
5,1,CFG_LUTCMUX[15],92822,8
5,1,CFG_LUTCMUX[16],94098,8
5,1,CFG_LUTCMUX[17],93750,8
5,1,CFG_LUTCMUX[18],94562,8
5,1,CFG_LUTCMUX[19],94214,8
5,1,CFG_LUTCMUX[1],89574,8
5,1,CFG_LUTCMUX[20],95026,8
5,1,CFG_LUTCMUX[21],94678,8
5,1,CFG_LUTCMUX[22],95490,8
5,1,CFG_LUTCMUX[23],95142,8
5,1,CFG_LUTCMUX[24],95954,8
5,1,CFG_LUTCMUX[25],95606,8
5,1,CFG_LUTCMUX[26],96418,8
5,1,CFG_LUTCMUX[27],96070,8
5,1,CFG_LUTCMUX[28],96882,8
5,1,CFG_LUTCMUX[29],96534,8
5,1,CFG_LUTCMUX[2],90386,8
5,1,CFG_LUTCMUX[30],97346,8
5,1,CFG_LUTCMUX[31],96998,8
5,1,CFG_LUTCMUX[3],90038,8
5,1,CFG_LUTCMUX[4],90850,8
5,1,CFG_LUTCMUX[5],90502,8
5,1,CFG_LUTCMUX[6],91314,8
5,1,CFG_LUTCMUX[7],90966,8
5,1,CFG_LUTCMUX[8],91778,8
5,1,CFG_LUTCMUX[9],91430,8
5,2,CFG_BYPASSEN[0],82034,16
5,2,CFG_BYPASSEN[10],87138,16
5,2,CFG_BYPASSEN[11],87602,16
5,2,CFG_BYPASSEN[12],88066,16
5,2,CFG_BYPASSEN[13],88530,16
5,2,CFG_BYPASSEN[14],88994,16
5,2,CFG_BYPASSEN[15],89458,16
5,2,CFG_BYPASSEN[1],82498,16
5,2,CFG_BYPASSEN[2],82962,16
5,2,CFG_BYPASSEN[3],83426,16
5,2,CFG_BYPASSEN[4],83890,16
5,2,CFG_BYPASSEN[5],84354,16
5,2,CFG_BYPASSEN[6],84818,16
5,2,CFG_BYPASSEN[7],85282,16
5,2,CFG_BYPASSEN[8],86210,16
5,2,CFG_BYPASSEN[9],86674,16
5,2,CFG_CARRY_CRL[0],81918,8
5,2,CFG_CARRY_CRL[10],87022,8
5,2,CFG_CARRY_CRL[11],87486,8
5,2,CFG_CARRY_CRL[12],87950,8
5,2,CFG_CARRY_CRL[13],88414,8
5,2,CFG_CARRY_CRL[14],88878,8
5,2,CFG_CARRY_CRL[15],89342,8
5,2,CFG_CARRY_CRL[1],82382,8
5,2,CFG_CARRY_CRL[2],82846,8
5,2,CFG_CARRY_CRL[3],83310,8
5,2,CFG_CARRY_CRL[4],83774,8
5,2,CFG_CARRY_CRL[5],84238,8
5,2,CFG_CARRY_CRL[6],84702,8
5,2,CFG_CARRY_CRL[7],85166,8
5,2,CFG_CARRY_CRL[8],86094,8
5,2,CFG_CARRY_CRL[9],86558,8
5,2,CFG_LUTCMUX[0],82034,8
5,2,CFG_LUTCMUX[10],84354,8
5,2,CFG_LUTCMUX[11],84006,8
5,2,CFG_LUTCMUX[12],84818,8
5,2,CFG_LUTCMUX[13],84470,8
5,2,CFG_LUTCMUX[14],85282,8
5,2,CFG_LUTCMUX[15],84934,8
5,2,CFG_LUTCMUX[16],86210,8
5,2,CFG_LUTCMUX[17],85862,8
5,2,CFG_LUTCMUX[18],86674,8
5,2,CFG_LUTCMUX[19],86326,8
5,2,CFG_LUTCMUX[1],81686,8
5,2,CFG_LUTCMUX[20],87138,8
5,2,CFG_LUTCMUX[21],86790,8
5,2,CFG_LUTCMUX[22],87602,8
5,2,CFG_LUTCMUX[23],87254,8
5,2,CFG_LUTCMUX[24],88066,8
5,2,CFG_LUTCMUX[25],87718,8
5,2,CFG_LUTCMUX[26],88530,8
5,2,CFG_LUTCMUX[27],88182,8
5,2,CFG_LUTCMUX[28],88994,8
5,2,CFG_LUTCMUX[29],88646,8
5,2,CFG_LUTCMUX[2],82498,8
5,2,CFG_LUTCMUX[30],89458,8
5,2,CFG_LUTCMUX[31],89110,8
5,2,CFG_LUTCMUX[3],82150,8
5,2,CFG_LUTCMUX[4],82962,8
5,2,CFG_LUTCMUX[5],82614,8
5,2,CFG_LUTCMUX[6],83426,8
5,2,CFG_LUTCMUX[7],83078,8
5,2,CFG_LUTCMUX[8],83890,8
5,2,CFG_LUTCMUX[9],83542,8
5,3,CFG_BYPASSEN[0],74146,16
5,3,CFG_BYPASSEN[10],79250,16
5,3,CFG_BYPASSEN[11],79714,16
5,3,CFG_BYPASSEN[12],80178,16
5,3,CFG_BYPASSEN[13],80642,16
5,3,CFG_BYPASSEN[14],81106,16
5,3,CFG_BYPASSEN[15],81570,16
5,3,CFG_BYPASSEN[1],74610,16
5,3,CFG_BYPASSEN[2],75074,16
5,3,CFG_BYPASSEN[3],75538,16
5,3,CFG_BYPASSEN[4],76002,16
5,3,CFG_BYPASSEN[5],76466,16
5,3,CFG_BYPASSEN[6],76930,16
5,3,CFG_BYPASSEN[7],77394,16
5,3,CFG_BYPASSEN[8],78322,16
5,3,CFG_BYPASSEN[9],78786,16
5,3,CFG_CARRY_CRL[0],74030,8
5,3,CFG_CARRY_CRL[10],79134,8
5,3,CFG_CARRY_CRL[11],79598,8
5,3,CFG_CARRY_CRL[12],80062,8
5,3,CFG_CARRY_CRL[13],80526,8
5,3,CFG_CARRY_CRL[14],80990,8
5,3,CFG_CARRY_CRL[15],81454,8
5,3,CFG_CARRY_CRL[1],74494,8
5,3,CFG_CARRY_CRL[2],74958,8
5,3,CFG_CARRY_CRL[3],75422,8
5,3,CFG_CARRY_CRL[4],75886,8
5,3,CFG_CARRY_CRL[5],76350,8
5,3,CFG_CARRY_CRL[6],76814,8
5,3,CFG_CARRY_CRL[7],77278,8
5,3,CFG_CARRY_CRL[8],78206,8
5,3,CFG_CARRY_CRL[9],78670,8
5,3,CFG_LUTCMUX[0],74146,8
5,3,CFG_LUTCMUX[10],76466,8
5,3,CFG_LUTCMUX[11],76118,8
5,3,CFG_LUTCMUX[12],76930,8
5,3,CFG_LUTCMUX[13],76582,8
5,3,CFG_LUTCMUX[14],77394,8
5,3,CFG_LUTCMUX[15],77046,8
5,3,CFG_LUTCMUX[16],78322,8
5,3,CFG_LUTCMUX[17],77974,8
5,3,CFG_LUTCMUX[18],78786,8
5,3,CFG_LUTCMUX[19],78438,8
5,3,CFG_LUTCMUX[1],73798,8
5,3,CFG_LUTCMUX[20],79250,8
5,3,CFG_LUTCMUX[21],78902,8
5,3,CFG_LUTCMUX[22],79714,8
5,3,CFG_LUTCMUX[23],79366,8
5,3,CFG_LUTCMUX[24],80178,8
5,3,CFG_LUTCMUX[25],79830,8
5,3,CFG_LUTCMUX[26],80642,8
5,3,CFG_LUTCMUX[27],80294,8
5,3,CFG_LUTCMUX[28],81106,8
5,3,CFG_LUTCMUX[29],80758,8
5,3,CFG_LUTCMUX[2],74610,8
5,3,CFG_LUTCMUX[30],81570,8
5,3,CFG_LUTCMUX[31],81222,8
5,3,CFG_LUTCMUX[3],74262,8
5,3,CFG_LUTCMUX[4],75074,8
5,3,CFG_LUTCMUX[5],74726,8
5,3,CFG_LUTCMUX[6],75538,8
5,3,CFG_LUTCMUX[7],75190,8
5,3,CFG_LUTCMUX[8],76002,8
5,3,CFG_LUTCMUX[9],75654,8
5,4,CFG_BYPASSEN[0],66258,16
5,4,CFG_BYPASSEN[10],71362,16
5,4,CFG_BYPASSEN[11],71826,16
5,4,CFG_BYPASSEN[12],72290,16
5,4,CFG_BYPASSEN[13],72754,16
5,4,CFG_BYPASSEN[14],73218,16
5,4,CFG_BYPASSEN[15],73682,16
5,4,CFG_BYPASSEN[1],66722,16
5,4,CFG_BYPASSEN[2],67186,16
5,4,CFG_BYPASSEN[3],67650,16
5,4,CFG_BYPASSEN[4],68114,16
5,4,CFG_BYPASSEN[5],68578,16
5,4,CFG_BYPASSEN[6],69042,16
5,4,CFG_BYPASSEN[7],69506,16
5,4,CFG_BYPASSEN[8],70434,16
5,4,CFG_BYPASSEN[9],70898,16
5,4,CFG_CARRY_CRL[0],66142,8
5,4,CFG_CARRY_CRL[10],71246,8
5,4,CFG_CARRY_CRL[11],71710,8
5,4,CFG_CARRY_CRL[12],72174,8
5,4,CFG_CARRY_CRL[13],72638,8
5,4,CFG_CARRY_CRL[14],73102,8
5,4,CFG_CARRY_CRL[15],73566,8
5,4,CFG_CARRY_CRL[1],66606,8
5,4,CFG_CARRY_CRL[2],67070,8
5,4,CFG_CARRY_CRL[3],67534,8
5,4,CFG_CARRY_CRL[4],67998,8
5,4,CFG_CARRY_CRL[5],68462,8
5,4,CFG_CARRY_CRL[6],68926,8
5,4,CFG_CARRY_CRL[7],69390,8
5,4,CFG_CARRY_CRL[8],70318,8
5,4,CFG_CARRY_CRL[9],70782,8
5,4,CFG_LUTCMUX[0],66258,8
5,4,CFG_LUTCMUX[10],68578,8
5,4,CFG_LUTCMUX[11],68230,8
5,4,CFG_LUTCMUX[12],69042,8
5,4,CFG_LUTCMUX[13],68694,8
5,4,CFG_LUTCMUX[14],69506,8
5,4,CFG_LUTCMUX[15],69158,8
5,4,CFG_LUTCMUX[16],70434,8
5,4,CFG_LUTCMUX[17],70086,8
5,4,CFG_LUTCMUX[18],70898,8
5,4,CFG_LUTCMUX[19],70550,8
5,4,CFG_LUTCMUX[1],65910,8
5,4,CFG_LUTCMUX[20],71362,8
5,4,CFG_LUTCMUX[21],71014,8
5,4,CFG_LUTCMUX[22],71826,8
5,4,CFG_LUTCMUX[23],71478,8
5,4,CFG_LUTCMUX[24],72290,8
5,4,CFG_LUTCMUX[25],71942,8
5,4,CFG_LUTCMUX[26],72754,8
5,4,CFG_LUTCMUX[27],72406,8
5,4,CFG_LUTCMUX[28],73218,8
5,4,CFG_LUTCMUX[29],72870,8
5,4,CFG_LUTCMUX[2],66722,8
5,4,CFG_LUTCMUX[30],73682,8
5,4,CFG_LUTCMUX[31],73334,8
5,4,CFG_LUTCMUX[3],66374,8
5,4,CFG_LUTCMUX[4],67186,8
5,4,CFG_LUTCMUX[5],66838,8
5,4,CFG_LUTCMUX[6],67650,8
5,4,CFG_LUTCMUX[7],67302,8
5,4,CFG_LUTCMUX[8],68114,8
5,4,CFG_LUTCMUX[9],67766,8
6,1,CFG_BYPASSEN[0],89917,1
6,1,CFG_BYPASSEN[10],95021,1
6,1,CFG_BYPASSEN[11],95485,1
6,1,CFG_BYPASSEN[12],95949,1
6,1,CFG_BYPASSEN[13],96413,1
6,1,CFG_BYPASSEN[14],96877,1
6,1,CFG_BYPASSEN[15],97341,1
6,1,CFG_BYPASSEN[1],90381,1
6,1,CFG_BYPASSEN[2],90845,1
6,1,CFG_BYPASSEN[3],91309,1
6,1,CFG_BYPASSEN[4],91773,1
6,1,CFG_BYPASSEN[5],92237,1
6,1,CFG_BYPASSEN[6],92701,1
6,1,CFG_BYPASSEN[7],93165,1
6,1,CFG_BYPASSEN[8],94093,1
6,1,CFG_BYPASSEN[9],94557,1
6,1,CFG_CARRY_CRL[0],89802,128
6,1,CFG_CARRY_CRL[10],94906,128
6,1,CFG_CARRY_CRL[11],95370,128
6,1,CFG_CARRY_CRL[12],95834,128
6,1,CFG_CARRY_CRL[13],96298,128
6,1,CFG_CARRY_CRL[14],96762,128
6,1,CFG_CARRY_CRL[15],97226,128
6,1,CFG_CARRY_CRL[1],90266,128
6,1,CFG_CARRY_CRL[2],90730,128
6,1,CFG_CARRY_CRL[3],91194,128
6,1,CFG_CARRY_CRL[4],91658,128
6,1,CFG_CARRY_CRL[5],92122,128
6,1,CFG_CARRY_CRL[6],92586,128
6,1,CFG_CARRY_CRL[7],93050,128
6,1,CFG_CARRY_CRL[8],93978,128
6,1,CFG_CARRY_CRL[9],94442,128
6,1,CFG_LUTCMUX[0],89918,128
6,1,CFG_LUTCMUX[10],92238,128
6,1,CFG_LUTCMUX[11],91890,128
6,1,CFG_LUTCMUX[12],92702,128
6,1,CFG_LUTCMUX[13],92354,128
6,1,CFG_LUTCMUX[14],93166,128
6,1,CFG_LUTCMUX[15],92818,128
6,1,CFG_LUTCMUX[16],94094,128
6,1,CFG_LUTCMUX[17],93746,128
6,1,CFG_LUTCMUX[18],94558,128
6,1,CFG_LUTCMUX[19],94210,128
6,1,CFG_LUTCMUX[1],89570,128
6,1,CFG_LUTCMUX[20],95022,128
6,1,CFG_LUTCMUX[21],94674,128
6,1,CFG_LUTCMUX[22],95486,128
6,1,CFG_LUTCMUX[23],95138,128
6,1,CFG_LUTCMUX[24],95950,128
6,1,CFG_LUTCMUX[25],95602,128
6,1,CFG_LUTCMUX[26],96414,128
6,1,CFG_LUTCMUX[27],96066,128
6,1,CFG_LUTCMUX[28],96878,128
6,1,CFG_LUTCMUX[29],96530,128
6,1,CFG_LUTCMUX[2],90382,128
6,1,CFG_LUTCMUX[30],97342,128
6,1,CFG_LUTCMUX[31],96994,128
6,1,CFG_LUTCMUX[3],90034,128
6,1,CFG_LUTCMUX[4],90846,128
6,1,CFG_LUTCMUX[5],90498,128
6,1,CFG_LUTCMUX[6],91310,128
6,1,CFG_LUTCMUX[7],90962,128
6,1,CFG_LUTCMUX[8],91774,128
6,1,CFG_LUTCMUX[9],91426,128
6,2,CFG_BYPASSEN[0],82029,1
6,2,CFG_BYPASSEN[10],87133,1
6,2,CFG_BYPASSEN[11],87597,1
6,2,CFG_BYPASSEN[12],88061,1
6,2,CFG_BYPASSEN[13],88525,1
6,2,CFG_BYPASSEN[14],88989,1
6,2,CFG_BYPASSEN[15],89453,1
6,2,CFG_BYPASSEN[1],82493,1
6,2,CFG_BYPASSEN[2],82957,1
6,2,CFG_BYPASSEN[3],83421,1
6,2,CFG_BYPASSEN[4],83885,1
6,2,CFG_BYPASSEN[5],84349,1
6,2,CFG_BYPASSEN[6],84813,1
6,2,CFG_BYPASSEN[7],85277,1
6,2,CFG_BYPASSEN[8],86205,1
6,2,CFG_BYPASSEN[9],86669,1
6,2,CFG_CARRY_CRL[0],81914,128
6,2,CFG_CARRY_CRL[10],87018,128
6,2,CFG_CARRY_CRL[11],87482,128
6,2,CFG_CARRY_CRL[12],87946,128
6,2,CFG_CARRY_CRL[13],88410,128
6,2,CFG_CARRY_CRL[14],88874,128
6,2,CFG_CARRY_CRL[15],89338,128
6,2,CFG_CARRY_CRL[1],82378,128
6,2,CFG_CARRY_CRL[2],82842,128
6,2,CFG_CARRY_CRL[3],83306,128
6,2,CFG_CARRY_CRL[4],83770,128
6,2,CFG_CARRY_CRL[5],84234,128
6,2,CFG_CARRY_CRL[6],84698,128
6,2,CFG_CARRY_CRL[7],85162,128
6,2,CFG_CARRY_CRL[8],86090,128
6,2,CFG_CARRY_CRL[9],86554,128
6,2,CFG_LUTCMUX[0],82030,128
6,2,CFG_LUTCMUX[10],84350,128
6,2,CFG_LUTCMUX[11],84002,128
6,2,CFG_LUTCMUX[12],84814,128
6,2,CFG_LUTCMUX[13],84466,128
6,2,CFG_LUTCMUX[14],85278,128
6,2,CFG_LUTCMUX[15],84930,128
6,2,CFG_LUTCMUX[16],86206,128
6,2,CFG_LUTCMUX[17],85858,128
6,2,CFG_LUTCMUX[18],86670,128
6,2,CFG_LUTCMUX[19],86322,128
6,2,CFG_LUTCMUX[1],81682,128
6,2,CFG_LUTCMUX[20],87134,128
6,2,CFG_LUTCMUX[21],86786,128
6,2,CFG_LUTCMUX[22],87598,128
6,2,CFG_LUTCMUX[23],87250,128
6,2,CFG_LUTCMUX[24],88062,128
6,2,CFG_LUTCMUX[25],87714,128
6,2,CFG_LUTCMUX[26],88526,128
6,2,CFG_LUTCMUX[27],88178,128
6,2,CFG_LUTCMUX[28],88990,128
6,2,CFG_LUTCMUX[29],88642,128
6,2,CFG_LUTCMUX[2],82494,128
6,2,CFG_LUTCMUX[30],89454,128
6,2,CFG_LUTCMUX[31],89106,128
6,2,CFG_LUTCMUX[3],82146,128
6,2,CFG_LUTCMUX[4],82958,128
6,2,CFG_LUTCMUX[5],82610,128
6,2,CFG_LUTCMUX[6],83422,128
6,2,CFG_LUTCMUX[7],83074,128
6,2,CFG_LUTCMUX[8],83886,128
6,2,CFG_LUTCMUX[9],83538,128
6,3,CFG_BYPASSEN[0],74141,1
6,3,CFG_BYPASSEN[10],79245,1
6,3,CFG_BYPASSEN[11],79709,1
6,3,CFG_BYPASSEN[12],80173,1
6,3,CFG_BYPASSEN[13],80637,1
6,3,CFG_BYPASSEN[14],81101,1
6,3,CFG_BYPASSEN[15],81565,1
6,3,CFG_BYPASSEN[1],74605,1
6,3,CFG_BYPASSEN[2],75069,1
6,3,CFG_BYPASSEN[3],75533,1
6,3,CFG_BYPASSEN[4],75997,1
6,3,CFG_BYPASSEN[5],76461,1
6,3,CFG_BYPASSEN[6],76925,1
6,3,CFG_BYPASSEN[7],77389,1
6,3,CFG_BYPASSEN[8],78317,1
6,3,CFG_BYPASSEN[9],78781,1
6,3,CFG_CARRY_CRL[0],74026,128
6,3,CFG_CARRY_CRL[10],79130,128
6,3,CFG_CARRY_CRL[11],79594,128
6,3,CFG_CARRY_CRL[12],80058,128
6,3,CFG_CARRY_CRL[13],80522,128
6,3,CFG_CARRY_CRL[14],80986,128
6,3,CFG_CARRY_CRL[15],81450,128
6,3,CFG_CARRY_CRL[1],74490,128
6,3,CFG_CARRY_CRL[2],74954,128
6,3,CFG_CARRY_CRL[3],75418,128
6,3,CFG_CARRY_CRL[4],75882,128
6,3,CFG_CARRY_CRL[5],76346,128
6,3,CFG_CARRY_CRL[6],76810,128
6,3,CFG_CARRY_CRL[7],77274,128
6,3,CFG_CARRY_CRL[8],78202,128
6,3,CFG_CARRY_CRL[9],78666,128
6,3,CFG_LUTCMUX[0],74142,128
6,3,CFG_LUTCMUX[10],76462,128
6,3,CFG_LUTCMUX[11],76114,128
6,3,CFG_LUTCMUX[12],76926,128
6,3,CFG_LUTCMUX[13],76578,128
6,3,CFG_LUTCMUX[14],77390,128
6,3,CFG_LUTCMUX[15],77042,128
6,3,CFG_LUTCMUX[16],78318,128
6,3,CFG_LUTCMUX[17],77970,128
6,3,CFG_LUTCMUX[18],78782,128
6,3,CFG_LUTCMUX[19],78434,128
6,3,CFG_LUTCMUX[1],73794,128
6,3,CFG_LUTCMUX[20],79246,128
6,3,CFG_LUTCMUX[21],78898,128
6,3,CFG_LUTCMUX[22],79710,128
6,3,CFG_LUTCMUX[23],79362,128
6,3,CFG_LUTCMUX[24],80174,128
6,3,CFG_LUTCMUX[25],79826,128
6,3,CFG_LUTCMUX[26],80638,128
6,3,CFG_LUTCMUX[27],80290,128
6,3,CFG_LUTCMUX[28],81102,128
6,3,CFG_LUTCMUX[29],80754,128
6,3,CFG_LUTCMUX[2],74606,128
6,3,CFG_LUTCMUX[30],81566,128
6,3,CFG_LUTCMUX[31],81218,128
6,3,CFG_LUTCMUX[3],74258,128
6,3,CFG_LUTCMUX[4],75070,128
6,3,CFG_LUTCMUX[5],74722,128
6,3,CFG_LUTCMUX[6],75534,128
6,3,CFG_LUTCMUX[7],75186,128
6,3,CFG_LUTCMUX[8],75998,128
6,3,CFG_LUTCMUX[9],75650,128
6,4,CFG_BYPASSEN[0],66253,1
6,4,CFG_BYPASSEN[10],71357,1
6,4,CFG_BYPASSEN[11],71821,1
6,4,CFG_BYPASSEN[12],72285,1
6,4,CFG_BYPASSEN[13],72749,1
6,4,CFG_BYPASSEN[14],73213,1
6,4,CFG_BYPASSEN[15],73677,1
6,4,CFG_BYPASSEN[1],66717,1
6,4,CFG_BYPASSEN[2],67181,1
6,4,CFG_BYPASSEN[3],67645,1
6,4,CFG_BYPASSEN[4],68109,1
6,4,CFG_BYPASSEN[5],68573,1
6,4,CFG_BYPASSEN[6],69037,1
6,4,CFG_BYPASSEN[7],69501,1
6,4,CFG_BYPASSEN[8],70429,1
6,4,CFG_BYPASSEN[9],70893,1
6,4,CFG_CARRY_CRL[0],66138,128
6,4,CFG_CARRY_CRL[10],71242,128
6,4,CFG_CARRY_CRL[11],71706,128
6,4,CFG_CARRY_CRL[12],72170,128
6,4,CFG_CARRY_CRL[13],72634,128
6,4,CFG_CARRY_CRL[14],73098,128
6,4,CFG_CARRY_CRL[15],73562,128
6,4,CFG_CARRY_CRL[1],66602,128
6,4,CFG_CARRY_CRL[2],67066,128
6,4,CFG_CARRY_CRL[3],67530,128
6,4,CFG_CARRY_CRL[4],67994,128
6,4,CFG_CARRY_CRL[5],68458,128
6,4,CFG_CARRY_CRL[6],68922,128
6,4,CFG_CARRY_CRL[7],69386,128
6,4,CFG_CARRY_CRL[8],70314,128
6,4,CFG_CARRY_CRL[9],70778,128
6,4,CFG_LUTCMUX[0],66254,128
6,4,CFG_LUTCMUX[10],68574,128
6,4,CFG_LUTCMUX[11],68226,128
6,4,CFG_LUTCMUX[12],69038,128
6,4,CFG_LUTCMUX[13],68690,128
6,4,CFG_LUTCMUX[14],69502,128
6,4,CFG_LUTCMUX[15],69154,128
6,4,CFG_LUTCMUX[16],70430,128
6,4,CFG_LUTCMUX[17],70082,128
6,4,CFG_LUTCMUX[18],70894,128
6,4,CFG_LUTCMUX[19],70546,128
6,4,CFG_LUTCMUX[1],65906,128
6,4,CFG_LUTCMUX[20],71358,128
6,4,CFG_LUTCMUX[21],71010,128
6,4,CFG_LUTCMUX[22],71822,128
6,4,CFG_LUTCMUX[23],71474,128
6,4,CFG_LUTCMUX[24],72286,128
6,4,CFG_LUTCMUX[25],71938,128
6,4,CFG_LUTCMUX[26],72750,128
6,4,CFG_LUTCMUX[27],72402,128
6,4,CFG_LUTCMUX[28],73214,128
6,4,CFG_LUTCMUX[29],72866,128
6,4,CFG_LUTCMUX[2],66718,128
6,4,CFG_LUTCMUX[30],73678,128
6,4,CFG_LUTCMUX[31],73330,128
6,4,CFG_LUTCMUX[3],66370,128
6,4,CFG_LUTCMUX[4],67182,128
6,4,CFG_LUTCMUX[5],66834,128
6,4,CFG_LUTCMUX[6],67646,128
6,4,CFG_LUTCMUX[7],67298,128
6,4,CFG_LUTCMUX[8],68110,128
6,4,CFG_LUTCMUX[9],67762,128
7,1,CFG_BYPASSEN[0],89913,16
7,1,CFG_BYPASSEN[10],95017,16
7,1,CFG_BYPASSEN[11],95481,16
7,1,CFG_BYPASSEN[12],95945,16
7,1,CFG_BYPASSEN[13],96409,16
7,1,CFG_BYPASSEN[14],96873,16
7,1,CFG_BYPASSEN[15],97337,16
7,1,CFG_BYPASSEN[1],90377,16
7,1,CFG_BYPASSEN[2],90841,16
7,1,CFG_BYPASSEN[3],91305,16
7,1,CFG_BYPASSEN[4],91769,16
7,1,CFG_BYPASSEN[5],92233,16
7,1,CFG_BYPASSEN[6],92697,16
7,1,CFG_BYPASSEN[7],93161,16
7,1,CFG_BYPASSEN[8],94089,16
7,1,CFG_BYPASSEN[9],94553,16
7,1,CFG_CARRY_CRL[0],89797,8
7,1,CFG_CARRY_CRL[10],94901,8
7,1,CFG_CARRY_CRL[11],95365,8
7,1,CFG_CARRY_CRL[12],95829,8
7,1,CFG_CARRY_CRL[13],96293,8
7,1,CFG_CARRY_CRL[14],96757,8
7,1,CFG_CARRY_CRL[15],97221,8
7,1,CFG_CARRY_CRL[1],90261,8
7,1,CFG_CARRY_CRL[2],90725,8
7,1,CFG_CARRY_CRL[3],91189,8
7,1,CFG_CARRY_CRL[4],91653,8
7,1,CFG_CARRY_CRL[5],92117,8
7,1,CFG_CARRY_CRL[6],92581,8
7,1,CFG_CARRY_CRL[7],93045,8
7,1,CFG_CARRY_CRL[8],93973,8
7,1,CFG_CARRY_CRL[9],94437,8
7,1,CFG_LUTCMUX[0],89913,8
7,1,CFG_LUTCMUX[10],92233,8
7,1,CFG_LUTCMUX[11],91885,8
7,1,CFG_LUTCMUX[12],92697,8
7,1,CFG_LUTCMUX[13],92349,8
7,1,CFG_LUTCMUX[14],93161,8
7,1,CFG_LUTCMUX[15],92813,8
7,1,CFG_LUTCMUX[16],94089,8
7,1,CFG_LUTCMUX[17],93741,8
7,1,CFG_LUTCMUX[18],94553,8
7,1,CFG_LUTCMUX[19],94205,8
7,1,CFG_LUTCMUX[1],89565,8
7,1,CFG_LUTCMUX[20],95017,8
7,1,CFG_LUTCMUX[21],94669,8
7,1,CFG_LUTCMUX[22],95481,8
7,1,CFG_LUTCMUX[23],95133,8
7,1,CFG_LUTCMUX[24],95945,8
7,1,CFG_LUTCMUX[25],95597,8
7,1,CFG_LUTCMUX[26],96409,8
7,1,CFG_LUTCMUX[27],96061,8
7,1,CFG_LUTCMUX[28],96873,8
7,1,CFG_LUTCMUX[29],96525,8
7,1,CFG_LUTCMUX[2],90377,8
7,1,CFG_LUTCMUX[30],97337,8
7,1,CFG_LUTCMUX[31],96989,8
7,1,CFG_LUTCMUX[3],90029,8
7,1,CFG_LUTCMUX[4],90841,8
7,1,CFG_LUTCMUX[5],90493,8
7,1,CFG_LUTCMUX[6],91305,8
7,1,CFG_LUTCMUX[7],90957,8
7,1,CFG_LUTCMUX[8],91769,8
7,1,CFG_LUTCMUX[9],91421,8
7,2,CFG_BYPASSEN[0],82025,16
7,2,CFG_BYPASSEN[10],87129,16
7,2,CFG_BYPASSEN[11],87593,16
7,2,CFG_BYPASSEN[12],88057,16
7,2,CFG_BYPASSEN[13],88521,16
7,2,CFG_BYPASSEN[14],88985,16
7,2,CFG_BYPASSEN[15],89449,16
7,2,CFG_BYPASSEN[1],82489,16
7,2,CFG_BYPASSEN[2],82953,16
7,2,CFG_BYPASSEN[3],83417,16
7,2,CFG_BYPASSEN[4],83881,16
7,2,CFG_BYPASSEN[5],84345,16
7,2,CFG_BYPASSEN[6],84809,16
7,2,CFG_BYPASSEN[7],85273,16
7,2,CFG_BYPASSEN[8],86201,16
7,2,CFG_BYPASSEN[9],86665,16
7,2,CFG_CARRY_CRL[0],81909,8
7,2,CFG_CARRY_CRL[10],87013,8
7,2,CFG_CARRY_CRL[11],87477,8
7,2,CFG_CARRY_CRL[12],87941,8
7,2,CFG_CARRY_CRL[13],88405,8
7,2,CFG_CARRY_CRL[14],88869,8
7,2,CFG_CARRY_CRL[15],89333,8
7,2,CFG_CARRY_CRL[1],82373,8
7,2,CFG_CARRY_CRL[2],82837,8
7,2,CFG_CARRY_CRL[3],83301,8
7,2,CFG_CARRY_CRL[4],83765,8
7,2,CFG_CARRY_CRL[5],84229,8
7,2,CFG_CARRY_CRL[6],84693,8
7,2,CFG_CARRY_CRL[7],85157,8
7,2,CFG_CARRY_CRL[8],86085,8
7,2,CFG_CARRY_CRL[9],86549,8
7,2,CFG_LUTCMUX[0],82025,8
7,2,CFG_LUTCMUX[10],84345,8
7,2,CFG_LUTCMUX[11],83997,8
7,2,CFG_LUTCMUX[12],84809,8
7,2,CFG_LUTCMUX[13],84461,8
7,2,CFG_LUTCMUX[14],85273,8
7,2,CFG_LUTCMUX[15],84925,8
7,2,CFG_LUTCMUX[16],86201,8
7,2,CFG_LUTCMUX[17],85853,8
7,2,CFG_LUTCMUX[18],86665,8
7,2,CFG_LUTCMUX[19],86317,8
7,2,CFG_LUTCMUX[1],81677,8
7,2,CFG_LUTCMUX[20],87129,8
7,2,CFG_LUTCMUX[21],86781,8
7,2,CFG_LUTCMUX[22],87593,8
7,2,CFG_LUTCMUX[23],87245,8
7,2,CFG_LUTCMUX[24],88057,8
7,2,CFG_LUTCMUX[25],87709,8
7,2,CFG_LUTCMUX[26],88521,8
7,2,CFG_LUTCMUX[27],88173,8
7,2,CFG_LUTCMUX[28],88985,8
7,2,CFG_LUTCMUX[29],88637,8
7,2,CFG_LUTCMUX[2],82489,8
7,2,CFG_LUTCMUX[30],89449,8
7,2,CFG_LUTCMUX[31],89101,8
7,2,CFG_LUTCMUX[3],82141,8
7,2,CFG_LUTCMUX[4],82953,8
7,2,CFG_LUTCMUX[5],82605,8
7,2,CFG_LUTCMUX[6],83417,8
7,2,CFG_LUTCMUX[7],83069,8
7,2,CFG_LUTCMUX[8],83881,8
7,2,CFG_LUTCMUX[9],83533,8
7,3,CFG_BYPASSEN[0],74137,16
7,3,CFG_BYPASSEN[10],79241,16
7,3,CFG_BYPASSEN[11],79705,16
7,3,CFG_BYPASSEN[12],80169,16
7,3,CFG_BYPASSEN[13],80633,16
7,3,CFG_BYPASSEN[14],81097,16
7,3,CFG_BYPASSEN[15],81561,16
7,3,CFG_BYPASSEN[1],74601,16
7,3,CFG_BYPASSEN[2],75065,16
7,3,CFG_BYPASSEN[3],75529,16
7,3,CFG_BYPASSEN[4],75993,16
7,3,CFG_BYPASSEN[5],76457,16
7,3,CFG_BYPASSEN[6],76921,16
7,3,CFG_BYPASSEN[7],77385,16
7,3,CFG_BYPASSEN[8],78313,16
7,3,CFG_BYPASSEN[9],78777,16
7,3,CFG_CARRY_CRL[0],74021,8
7,3,CFG_CARRY_CRL[10],79125,8
7,3,CFG_CARRY_CRL[11],79589,8
7,3,CFG_CARRY_CRL[12],80053,8
7,3,CFG_CARRY_CRL[13],80517,8
7,3,CFG_CARRY_CRL[14],80981,8
7,3,CFG_CARRY_CRL[15],81445,8
7,3,CFG_CARRY_CRL[1],74485,8
7,3,CFG_CARRY_CRL[2],74949,8
7,3,CFG_CARRY_CRL[3],75413,8
7,3,CFG_CARRY_CRL[4],75877,8
7,3,CFG_CARRY_CRL[5],76341,8
7,3,CFG_CARRY_CRL[6],76805,8
7,3,CFG_CARRY_CRL[7],77269,8
7,3,CFG_CARRY_CRL[8],78197,8
7,3,CFG_CARRY_CRL[9],78661,8
7,3,CFG_LUTCMUX[0],74137,8
7,3,CFG_LUTCMUX[10],76457,8
7,3,CFG_LUTCMUX[11],76109,8
7,3,CFG_LUTCMUX[12],76921,8
7,3,CFG_LUTCMUX[13],76573,8
7,3,CFG_LUTCMUX[14],77385,8
7,3,CFG_LUTCMUX[15],77037,8
7,3,CFG_LUTCMUX[16],78313,8
7,3,CFG_LUTCMUX[17],77965,8
7,3,CFG_LUTCMUX[18],78777,8
7,3,CFG_LUTCMUX[19],78429,8
7,3,CFG_LUTCMUX[1],73789,8
7,3,CFG_LUTCMUX[20],79241,8
7,3,CFG_LUTCMUX[21],78893,8
7,3,CFG_LUTCMUX[22],79705,8
7,3,CFG_LUTCMUX[23],79357,8
7,3,CFG_LUTCMUX[24],80169,8
7,3,CFG_LUTCMUX[25],79821,8
7,3,CFG_LUTCMUX[26],80633,8
7,3,CFG_LUTCMUX[27],80285,8
7,3,CFG_LUTCMUX[28],81097,8
7,3,CFG_LUTCMUX[29],80749,8
7,3,CFG_LUTCMUX[2],74601,8
7,3,CFG_LUTCMUX[30],81561,8
7,3,CFG_LUTCMUX[31],81213,8
7,3,CFG_LUTCMUX[3],74253,8
7,3,CFG_LUTCMUX[4],75065,8
7,3,CFG_LUTCMUX[5],74717,8
7,3,CFG_LUTCMUX[6],75529,8
7,3,CFG_LUTCMUX[7],75181,8
7,3,CFG_LUTCMUX[8],75993,8
7,3,CFG_LUTCMUX[9],75645,8
7,4,CFG_BYPASSEN[0],66249,16
7,4,CFG_BYPASSEN[10],71353,16
7,4,CFG_BYPASSEN[11],71817,16
7,4,CFG_BYPASSEN[12],72281,16
7,4,CFG_BYPASSEN[13],72745,16
7,4,CFG_BYPASSEN[14],73209,16
7,4,CFG_BYPASSEN[15],73673,16
7,4,CFG_BYPASSEN[1],66713,16
7,4,CFG_BYPASSEN[2],67177,16
7,4,CFG_BYPASSEN[3],67641,16
7,4,CFG_BYPASSEN[4],68105,16
7,4,CFG_BYPASSEN[5],68569,16
7,4,CFG_BYPASSEN[6],69033,16
7,4,CFG_BYPASSEN[7],69497,16
7,4,CFG_BYPASSEN[8],70425,16
7,4,CFG_BYPASSEN[9],70889,16
7,4,CFG_CARRY_CRL[0],66133,8
7,4,CFG_CARRY_CRL[10],71237,8
7,4,CFG_CARRY_CRL[11],71701,8
7,4,CFG_CARRY_CRL[12],72165,8
7,4,CFG_CARRY_CRL[13],72629,8
7,4,CFG_CARRY_CRL[14],73093,8
7,4,CFG_CARRY_CRL[15],73557,8
7,4,CFG_CARRY_CRL[1],66597,8
7,4,CFG_CARRY_CRL[2],67061,8
7,4,CFG_CARRY_CRL[3],67525,8
7,4,CFG_CARRY_CRL[4],67989,8
7,4,CFG_CARRY_CRL[5],68453,8
7,4,CFG_CARRY_CRL[6],68917,8
7,4,CFG_CARRY_CRL[7],69381,8
7,4,CFG_CARRY_CRL[8],70309,8
7,4,CFG_CARRY_CRL[9],70773,8
7,4,CFG_LUTCMUX[0],66249,8
7,4,CFG_LUTCMUX[10],68569,8
7,4,CFG_LUTCMUX[11],68221,8
7,4,CFG_LUTCMUX[12],69033,8
7,4,CFG_LUTCMUX[13],68685,8
7,4,CFG_LUTCMUX[14],69497,8
7,4,CFG_LUTCMUX[15],69149,8
7,4,CFG_LUTCMUX[16],70425,8
7,4,CFG_LUTCMUX[17],70077,8
7,4,CFG_LUTCMUX[18],70889,8
7,4,CFG_LUTCMUX[19],70541,8
7,4,CFG_LUTCMUX[1],65901,8
7,4,CFG_LUTCMUX[20],71353,8
7,4,CFG_LUTCMUX[21],71005,8
7,4,CFG_LUTCMUX[22],71817,8
7,4,CFG_LUTCMUX[23],71469,8
7,4,CFG_LUTCMUX[24],72281,8
7,4,CFG_LUTCMUX[25],71933,8
7,4,CFG_LUTCMUX[26],72745,8
7,4,CFG_LUTCMUX[27],72397,8
7,4,CFG_LUTCMUX[28],73209,8
7,4,CFG_LUTCMUX[29],72861,8
7,4,CFG_LUTCMUX[2],66713,8
7,4,CFG_LUTCMUX[30],73673,8
7,4,CFG_LUTCMUX[31],73325,8
7,4,CFG_LUTCMUX[3],66365,8
7,4,CFG_LUTCMUX[4],67177,8
7,4,CFG_LUTCMUX[5],66829,8
7,4,CFG_LUTCMUX[6],67641,8
7,4,CFG_LUTCMUX[7],67293,8
7,4,CFG_LUTCMUX[8],68105,8
7,4,CFG_LUTCMUX[9],67757,8
8,1,CFG_BYPASSEN[0],89908,1
8,1,CFG_BYPASSEN[10],95012,1
8,1,CFG_BYPASSEN[11],95476,1
8,1,CFG_BYPASSEN[12],95940,1
8,1,CFG_BYPASSEN[13],96404,1
8,1,CFG_BYPASSEN[14],96868,1
8,1,CFG_BYPASSEN[15],97332,1
8,1,CFG_BYPASSEN[1],90372,1
8,1,CFG_BYPASSEN[2],90836,1
8,1,CFG_BYPASSEN[3],91300,1
8,1,CFG_BYPASSEN[4],91764,1
8,1,CFG_BYPASSEN[5],92228,1
8,1,CFG_BYPASSEN[6],92692,1
8,1,CFG_BYPASSEN[7],93156,1
8,1,CFG_BYPASSEN[8],94084,1
8,1,CFG_BYPASSEN[9],94548,1
8,1,CFG_CARRY_CRL[0],89793,128
8,1,CFG_CARRY_CRL[10],94897,128
8,1,CFG_CARRY_CRL[11],95361,128
8,1,CFG_CARRY_CRL[12],95825,128
8,1,CFG_CARRY_CRL[13],96289,128
8,1,CFG_CARRY_CRL[14],96753,128
8,1,CFG_CARRY_CRL[15],97217,128
8,1,CFG_CARRY_CRL[1],90257,128
8,1,CFG_CARRY_CRL[2],90721,128
8,1,CFG_CARRY_CRL[3],91185,128
8,1,CFG_CARRY_CRL[4],91649,128
8,1,CFG_CARRY_CRL[5],92113,128
8,1,CFG_CARRY_CRL[6],92577,128
8,1,CFG_CARRY_CRL[7],93041,128
8,1,CFG_CARRY_CRL[8],93969,128
8,1,CFG_CARRY_CRL[9],94433,128
8,1,CFG_LUTCMUX[0],89909,128
8,1,CFG_LUTCMUX[10],92229,128
8,1,CFG_LUTCMUX[11],91881,128
8,1,CFG_LUTCMUX[12],92693,128
8,1,CFG_LUTCMUX[13],92345,128
8,1,CFG_LUTCMUX[14],93157,128
8,1,CFG_LUTCMUX[15],92809,128
8,1,CFG_LUTCMUX[16],94085,128
8,1,CFG_LUTCMUX[17],93737,128
8,1,CFG_LUTCMUX[18],94549,128
8,1,CFG_LUTCMUX[19],94201,128
8,1,CFG_LUTCMUX[1],89561,128
8,1,CFG_LUTCMUX[20],95013,128
8,1,CFG_LUTCMUX[21],94665,128
8,1,CFG_LUTCMUX[22],95477,128
8,1,CFG_LUTCMUX[23],95129,128
8,1,CFG_LUTCMUX[24],95941,128
8,1,CFG_LUTCMUX[25],95593,128
8,1,CFG_LUTCMUX[26],96405,128
8,1,CFG_LUTCMUX[27],96057,128
8,1,CFG_LUTCMUX[28],96869,128
8,1,CFG_LUTCMUX[29],96521,128
8,1,CFG_LUTCMUX[2],90373,128
8,1,CFG_LUTCMUX[30],97333,128
8,1,CFG_LUTCMUX[31],96985,128
8,1,CFG_LUTCMUX[3],90025,128
8,1,CFG_LUTCMUX[4],90837,128
8,1,CFG_LUTCMUX[5],90489,128
8,1,CFG_LUTCMUX[6],91301,128
8,1,CFG_LUTCMUX[7],90953,128
8,1,CFG_LUTCMUX[8],91765,128
8,1,CFG_LUTCMUX[9],91417,128
8,2,CFG_BYPASSEN[0],82020,1
8,2,CFG_BYPASSEN[10],87124,1
8,2,CFG_BYPASSEN[11],87588,1
8,2,CFG_BYPASSEN[12],88052,1
8,2,CFG_BYPASSEN[13],88516,1
8,2,CFG_BYPASSEN[14],88980,1
8,2,CFG_BYPASSEN[15],89444,1
8,2,CFG_BYPASSEN[1],82484,1
8,2,CFG_BYPASSEN[2],82948,1
8,2,CFG_BYPASSEN[3],83412,1
8,2,CFG_BYPASSEN[4],83876,1
8,2,CFG_BYPASSEN[5],84340,1
8,2,CFG_BYPASSEN[6],84804,1
8,2,CFG_BYPASSEN[7],85268,1
8,2,CFG_BYPASSEN[8],86196,1
8,2,CFG_BYPASSEN[9],86660,1
8,2,CFG_CARRY_CRL[0],81905,128
8,2,CFG_CARRY_CRL[10],87009,128
8,2,CFG_CARRY_CRL[11],87473,128
8,2,CFG_CARRY_CRL[12],87937,128
8,2,CFG_CARRY_CRL[13],88401,128
8,2,CFG_CARRY_CRL[14],88865,128
8,2,CFG_CARRY_CRL[15],89329,128
8,2,CFG_CARRY_CRL[1],82369,128
8,2,CFG_CARRY_CRL[2],82833,128
8,2,CFG_CARRY_CRL[3],83297,128
8,2,CFG_CARRY_CRL[4],83761,128
8,2,CFG_CARRY_CRL[5],84225,128
8,2,CFG_CARRY_CRL[6],84689,128
8,2,CFG_CARRY_CRL[7],85153,128
8,2,CFG_CARRY_CRL[8],86081,128
8,2,CFG_CARRY_CRL[9],86545,128
8,2,CFG_LUTCMUX[0],82021,128
8,2,CFG_LUTCMUX[10],84341,128
8,2,CFG_LUTCMUX[11],83993,128
8,2,CFG_LUTCMUX[12],84805,128
8,2,CFG_LUTCMUX[13],84457,128
8,2,CFG_LUTCMUX[14],85269,128
8,2,CFG_LUTCMUX[15],84921,128
8,2,CFG_LUTCMUX[16],86197,128
8,2,CFG_LUTCMUX[17],85849,128
8,2,CFG_LUTCMUX[18],86661,128
8,2,CFG_LUTCMUX[19],86313,128
8,2,CFG_LUTCMUX[1],81673,128
8,2,CFG_LUTCMUX[20],87125,128
8,2,CFG_LUTCMUX[21],86777,128
8,2,CFG_LUTCMUX[22],87589,128
8,2,CFG_LUTCMUX[23],87241,128
8,2,CFG_LUTCMUX[24],88053,128
8,2,CFG_LUTCMUX[25],87705,128
8,2,CFG_LUTCMUX[26],88517,128
8,2,CFG_LUTCMUX[27],88169,128
8,2,CFG_LUTCMUX[28],88981,128
8,2,CFG_LUTCMUX[29],88633,128
8,2,CFG_LUTCMUX[2],82485,128
8,2,CFG_LUTCMUX[30],89445,128
8,2,CFG_LUTCMUX[31],89097,128
8,2,CFG_LUTCMUX[3],82137,128
8,2,CFG_LUTCMUX[4],82949,128
8,2,CFG_LUTCMUX[5],82601,128
8,2,CFG_LUTCMUX[6],83413,128
8,2,CFG_LUTCMUX[7],83065,128
8,2,CFG_LUTCMUX[8],83877,128
8,2,CFG_LUTCMUX[9],83529,128
8,3,CFG_BYPASSEN[0],74132,1
8,3,CFG_BYPASSEN[10],79236,1
8,3,CFG_BYPASSEN[11],79700,1
8,3,CFG_BYPASSEN[12],80164,1
8,3,CFG_BYPASSEN[13],80628,1
8,3,CFG_BYPASSEN[14],81092,1
8,3,CFG_BYPASSEN[15],81556,1
8,3,CFG_BYPASSEN[1],74596,1
8,3,CFG_BYPASSEN[2],75060,1
8,3,CFG_BYPASSEN[3],75524,1
8,3,CFG_BYPASSEN[4],75988,1
8,3,CFG_BYPASSEN[5],76452,1
8,3,CFG_BYPASSEN[6],76916,1
8,3,CFG_BYPASSEN[7],77380,1
8,3,CFG_BYPASSEN[8],78308,1
8,3,CFG_BYPASSEN[9],78772,1
8,3,CFG_CARRY_CRL[0],74017,128
8,3,CFG_CARRY_CRL[10],79121,128
8,3,CFG_CARRY_CRL[11],79585,128
8,3,CFG_CARRY_CRL[12],80049,128
8,3,CFG_CARRY_CRL[13],80513,128
8,3,CFG_CARRY_CRL[14],80977,128
8,3,CFG_CARRY_CRL[15],81441,128
8,3,CFG_CARRY_CRL[1],74481,128
8,3,CFG_CARRY_CRL[2],74945,128
8,3,CFG_CARRY_CRL[3],75409,128
8,3,CFG_CARRY_CRL[4],75873,128
8,3,CFG_CARRY_CRL[5],76337,128
8,3,CFG_CARRY_CRL[6],76801,128
8,3,CFG_CARRY_CRL[7],77265,128
8,3,CFG_CARRY_CRL[8],78193,128
8,3,CFG_CARRY_CRL[9],78657,128
8,3,CFG_LUTCMUX[0],74133,128
8,3,CFG_LUTCMUX[10],76453,128
8,3,CFG_LUTCMUX[11],76105,128
8,3,CFG_LUTCMUX[12],76917,128
8,3,CFG_LUTCMUX[13],76569,128
8,3,CFG_LUTCMUX[14],77381,128
8,3,CFG_LUTCMUX[15],77033,128
8,3,CFG_LUTCMUX[16],78309,128
8,3,CFG_LUTCMUX[17],77961,128
8,3,CFG_LUTCMUX[18],78773,128
8,3,CFG_LUTCMUX[19],78425,128
8,3,CFG_LUTCMUX[1],73785,128
8,3,CFG_LUTCMUX[20],79237,128
8,3,CFG_LUTCMUX[21],78889,128
8,3,CFG_LUTCMUX[22],79701,128
8,3,CFG_LUTCMUX[23],79353,128
8,3,CFG_LUTCMUX[24],80165,128
8,3,CFG_LUTCMUX[25],79817,128
8,3,CFG_LUTCMUX[26],80629,128
8,3,CFG_LUTCMUX[27],80281,128
8,3,CFG_LUTCMUX[28],81093,128
8,3,CFG_LUTCMUX[29],80745,128
8,3,CFG_LUTCMUX[2],74597,128
8,3,CFG_LUTCMUX[30],81557,128
8,3,CFG_LUTCMUX[31],81209,128
8,3,CFG_LUTCMUX[3],74249,128
8,3,CFG_LUTCMUX[4],75061,128
8,3,CFG_LUTCMUX[5],74713,128
8,3,CFG_LUTCMUX[6],75525,128
8,3,CFG_LUTCMUX[7],75177,128
8,3,CFG_LUTCMUX[8],75989,128
8,3,CFG_LUTCMUX[9],75641,128
8,4,CFG_BYPASSEN[0],66244,1
8,4,CFG_BYPASSEN[10],71348,1
8,4,CFG_BYPASSEN[11],71812,1
8,4,CFG_BYPASSEN[12],72276,1
8,4,CFG_BYPASSEN[13],72740,1
8,4,CFG_BYPASSEN[14],73204,1
8,4,CFG_BYPASSEN[15],73668,1
8,4,CFG_BYPASSEN[1],66708,1
8,4,CFG_BYPASSEN[2],67172,1
8,4,CFG_BYPASSEN[3],67636,1
8,4,CFG_BYPASSEN[4],68100,1
8,4,CFG_BYPASSEN[5],68564,1
8,4,CFG_BYPASSEN[6],69028,1
8,4,CFG_BYPASSEN[7],69492,1
8,4,CFG_BYPASSEN[8],70420,1
8,4,CFG_BYPASSEN[9],70884,1
8,4,CFG_CARRY_CRL[0],66129,128
8,4,CFG_CARRY_CRL[10],71233,128
8,4,CFG_CARRY_CRL[11],71697,128
8,4,CFG_CARRY_CRL[12],72161,128
8,4,CFG_CARRY_CRL[13],72625,128
8,4,CFG_CARRY_CRL[14],73089,128
8,4,CFG_CARRY_CRL[15],73553,128
8,4,CFG_CARRY_CRL[1],66593,128
8,4,CFG_CARRY_CRL[2],67057,128
8,4,CFG_CARRY_CRL[3],67521,128
8,4,CFG_CARRY_CRL[4],67985,128
8,4,CFG_CARRY_CRL[5],68449,128
8,4,CFG_CARRY_CRL[6],68913,128
8,4,CFG_CARRY_CRL[7],69377,128
8,4,CFG_CARRY_CRL[8],70305,128
8,4,CFG_CARRY_CRL[9],70769,128
8,4,CFG_LUTCMUX[0],66245,128
8,4,CFG_LUTCMUX[10],68565,128
8,4,CFG_LUTCMUX[11],68217,128
8,4,CFG_LUTCMUX[12],69029,128
8,4,CFG_LUTCMUX[13],68681,128
8,4,CFG_LUTCMUX[14],69493,128
8,4,CFG_LUTCMUX[15],69145,128
8,4,CFG_LUTCMUX[16],70421,128
8,4,CFG_LUTCMUX[17],70073,128
8,4,CFG_LUTCMUX[18],70885,128
8,4,CFG_LUTCMUX[19],70537,128
8,4,CFG_LUTCMUX[1],65897,128
8,4,CFG_LUTCMUX[20],71349,128
8,4,CFG_LUTCMUX[21],71001,128
8,4,CFG_LUTCMUX[22],71813,128
8,4,CFG_LUTCMUX[23],71465,128
8,4,CFG_LUTCMUX[24],72277,128
8,4,CFG_LUTCMUX[25],71929,128
8,4,CFG_LUTCMUX[26],72741,128
8,4,CFG_LUTCMUX[27],72393,128
8,4,CFG_LUTCMUX[28],73205,128
8,4,CFG_LUTCMUX[29],72857,128
8,4,CFG_LUTCMUX[2],66709,128
8,4,CFG_LUTCMUX[30],73669,128
8,4,CFG_LUTCMUX[31],73321,128
8,4,CFG_LUTCMUX[3],66361,128
8,4,CFG_LUTCMUX[4],67173,128
8,4,CFG_LUTCMUX[5],66825,128
8,4,CFG_LUTCMUX[6],67637,128
8,4,CFG_LUTCMUX[7],67289,128
8,4,CFG_LUTCMUX[8],68101,128
8,4,CFG_LUTCMUX[9],67753,128
9,1,CFG_BYPASSEN[0],89904,16
9,1,CFG_BYPASSEN[10],95008,16
9,1,CFG_BYPASSEN[11],95472,16
9,1,CFG_BYPASSEN[12],95936,16
9,1,CFG_BYPASSEN[13],96400,16
9,1,CFG_BYPASSEN[14],96864,16
9,1,CFG_BYPASSEN[15],97328,16
9,1,CFG_BYPASSEN[1],90368,16
9,1,CFG_BYPASSEN[2],90832,16
9,1,CFG_BYPASSEN[3],91296,16
9,1,CFG_BYPASSEN[4],91760,16
9,1,CFG_BYPASSEN[5],92224,16
9,1,CFG_BYPASSEN[6],92688,16
9,1,CFG_BYPASSEN[7],93152,16
9,1,CFG_BYPASSEN[8],94080,16
9,1,CFG_BYPASSEN[9],94544,16
9,1,CFG_CARRY_CRL[0],89788,8
9,1,CFG_CARRY_CRL[10],94892,8
9,1,CFG_CARRY_CRL[11],95356,8
9,1,CFG_CARRY_CRL[12],95820,8
9,1,CFG_CARRY_CRL[13],96284,8
9,1,CFG_CARRY_CRL[14],96748,8
9,1,CFG_CARRY_CRL[15],97212,8
9,1,CFG_CARRY_CRL[1],90252,8
9,1,CFG_CARRY_CRL[2],90716,8
9,1,CFG_CARRY_CRL[3],91180,8
9,1,CFG_CARRY_CRL[4],91644,8
9,1,CFG_CARRY_CRL[5],92108,8
9,1,CFG_CARRY_CRL[6],92572,8
9,1,CFG_CARRY_CRL[7],93036,8
9,1,CFG_CARRY_CRL[8],93964,8
9,1,CFG_CARRY_CRL[9],94428,8
9,1,CFG_LUTCMUX[0],89904,8
9,1,CFG_LUTCMUX[10],92224,8
9,1,CFG_LUTCMUX[11],91876,8
9,1,CFG_LUTCMUX[12],92688,8
9,1,CFG_LUTCMUX[13],92340,8
9,1,CFG_LUTCMUX[14],93152,8
9,1,CFG_LUTCMUX[15],92804,8
9,1,CFG_LUTCMUX[16],94080,8
9,1,CFG_LUTCMUX[17],93732,8
9,1,CFG_LUTCMUX[18],94544,8
9,1,CFG_LUTCMUX[19],94196,8
9,1,CFG_LUTCMUX[1],89556,8
9,1,CFG_LUTCMUX[20],95008,8
9,1,CFG_LUTCMUX[21],94660,8
9,1,CFG_LUTCMUX[22],95472,8
9,1,CFG_LUTCMUX[23],95124,8
9,1,CFG_LUTCMUX[24],95936,8
9,1,CFG_LUTCMUX[25],95588,8
9,1,CFG_LUTCMUX[26],96400,8
9,1,CFG_LUTCMUX[27],96052,8
9,1,CFG_LUTCMUX[28],96864,8
9,1,CFG_LUTCMUX[29],96516,8
9,1,CFG_LUTCMUX[2],90368,8
9,1,CFG_LUTCMUX[30],97328,8
9,1,CFG_LUTCMUX[31],96980,8
9,1,CFG_LUTCMUX[3],90020,8
9,1,CFG_LUTCMUX[4],90832,8
9,1,CFG_LUTCMUX[5],90484,8
9,1,CFG_LUTCMUX[6],91296,8
9,1,CFG_LUTCMUX[7],90948,8
9,1,CFG_LUTCMUX[8],91760,8
9,1,CFG_LUTCMUX[9],91412,8
9,2,CFG_BYPASSEN[0],82016,16
9,2,CFG_BYPASSEN[10],87120,16
9,2,CFG_BYPASSEN[11],87584,16
9,2,CFG_BYPASSEN[12],88048,16
9,2,CFG_BYPASSEN[13],88512,16
9,2,CFG_BYPASSEN[14],88976,16
9,2,CFG_BYPASSEN[15],89440,16
9,2,CFG_BYPASSEN[1],82480,16
9,2,CFG_BYPASSEN[2],82944,16
9,2,CFG_BYPASSEN[3],83408,16
9,2,CFG_BYPASSEN[4],83872,16
9,2,CFG_BYPASSEN[5],84336,16
9,2,CFG_BYPASSEN[6],84800,16
9,2,CFG_BYPASSEN[7],85264,16
9,2,CFG_BYPASSEN[8],86192,16
9,2,CFG_BYPASSEN[9],86656,16
9,2,CFG_CARRY_CRL[0],81900,8
9,2,CFG_CARRY_CRL[10],87004,8
9,2,CFG_CARRY_CRL[11],87468,8
9,2,CFG_CARRY_CRL[12],87932,8
9,2,CFG_CARRY_CRL[13],88396,8
9,2,CFG_CARRY_CRL[14],88860,8
9,2,CFG_CARRY_CRL[15],89324,8
9,2,CFG_CARRY_CRL[1],82364,8
9,2,CFG_CARRY_CRL[2],82828,8
9,2,CFG_CARRY_CRL[3],83292,8
9,2,CFG_CARRY_CRL[4],83756,8
9,2,CFG_CARRY_CRL[5],84220,8
9,2,CFG_CARRY_CRL[6],84684,8
9,2,CFG_CARRY_CRL[7],85148,8
9,2,CFG_CARRY_CRL[8],86076,8
9,2,CFG_CARRY_CRL[9],86540,8
9,2,CFG_LUTCMUX[0],82016,8
9,2,CFG_LUTCMUX[10],84336,8
9,2,CFG_LUTCMUX[11],83988,8
9,2,CFG_LUTCMUX[12],84800,8
9,2,CFG_LUTCMUX[13],84452,8
9,2,CFG_LUTCMUX[14],85264,8
9,2,CFG_LUTCMUX[15],84916,8
9,2,CFG_LUTCMUX[16],86192,8
9,2,CFG_LUTCMUX[17],85844,8
9,2,CFG_LUTCMUX[18],86656,8
9,2,CFG_LUTCMUX[19],86308,8
9,2,CFG_LUTCMUX[1],81668,8
9,2,CFG_LUTCMUX[20],87120,8
9,2,CFG_LUTCMUX[21],86772,8
9,2,CFG_LUTCMUX[22],87584,8
9,2,CFG_LUTCMUX[23],87236,8
9,2,CFG_LUTCMUX[24],88048,8
9,2,CFG_LUTCMUX[25],87700,8
9,2,CFG_LUTCMUX[26],88512,8
9,2,CFG_LUTCMUX[27],88164,8
9,2,CFG_LUTCMUX[28],88976,8
9,2,CFG_LUTCMUX[29],88628,8
9,2,CFG_LUTCMUX[2],82480,8
9,2,CFG_LUTCMUX[30],89440,8
9,2,CFG_LUTCMUX[31],89092,8
9,2,CFG_LUTCMUX[3],82132,8
9,2,CFG_LUTCMUX[4],82944,8
9,2,CFG_LUTCMUX[5],82596,8
9,2,CFG_LUTCMUX[6],83408,8
9,2,CFG_LUTCMUX[7],83060,8
9,2,CFG_LUTCMUX[8],83872,8
9,2,CFG_LUTCMUX[9],83524,8
9,3,CFG_BYPASSEN[0],74128,16
9,3,CFG_BYPASSEN[10],79232,16
9,3,CFG_BYPASSEN[11],79696,16
9,3,CFG_BYPASSEN[12],80160,16
9,3,CFG_BYPASSEN[13],80624,16
9,3,CFG_BYPASSEN[14],81088,16
9,3,CFG_BYPASSEN[15],81552,16
9,3,CFG_BYPASSEN[1],74592,16
9,3,CFG_BYPASSEN[2],75056,16
9,3,CFG_BYPASSEN[3],75520,16
9,3,CFG_BYPASSEN[4],75984,16
9,3,CFG_BYPASSEN[5],76448,16
9,3,CFG_BYPASSEN[6],76912,16
9,3,CFG_BYPASSEN[7],77376,16
9,3,CFG_BYPASSEN[8],78304,16
9,3,CFG_BYPASSEN[9],78768,16
9,3,CFG_CARRY_CRL[0],74012,8
9,3,CFG_CARRY_CRL[10],79116,8
9,3,CFG_CARRY_CRL[11],79580,8
9,3,CFG_CARRY_CRL[12],80044,8
9,3,CFG_CARRY_CRL[13],80508,8
9,3,CFG_CARRY_CRL[14],80972,8
9,3,CFG_CARRY_CRL[15],81436,8
9,3,CFG_CARRY_CRL[1],74476,8
9,3,CFG_CARRY_CRL[2],74940,8
9,3,CFG_CARRY_CRL[3],75404,8
9,3,CFG_CARRY_CRL[4],75868,8
9,3,CFG_CARRY_CRL[5],76332,8
9,3,CFG_CARRY_CRL[6],76796,8
9,3,CFG_CARRY_CRL[7],77260,8
9,3,CFG_CARRY_CRL[8],78188,8
9,3,CFG_CARRY_CRL[9],78652,8
9,3,CFG_LUTCMUX[0],74128,8
9,3,CFG_LUTCMUX[10],76448,8
9,3,CFG_LUTCMUX[11],76100,8
9,3,CFG_LUTCMUX[12],76912,8
9,3,CFG_LUTCMUX[13],76564,8
9,3,CFG_LUTCMUX[14],77376,8
9,3,CFG_LUTCMUX[15],77028,8
9,3,CFG_LUTCMUX[16],78304,8
9,3,CFG_LUTCMUX[17],77956,8
9,3,CFG_LUTCMUX[18],78768,8
9,3,CFG_LUTCMUX[19],78420,8
9,3,CFG_LUTCMUX[1],73780,8
9,3,CFG_LUTCMUX[20],79232,8
9,3,CFG_LUTCMUX[21],78884,8
9,3,CFG_LUTCMUX[22],79696,8
9,3,CFG_LUTCMUX[23],79348,8
9,3,CFG_LUTCMUX[24],80160,8
9,3,CFG_LUTCMUX[25],79812,8
9,3,CFG_LUTCMUX[26],80624,8
9,3,CFG_LUTCMUX[27],80276,8
9,3,CFG_LUTCMUX[28],81088,8
9,3,CFG_LUTCMUX[29],80740,8
9,3,CFG_LUTCMUX[2],74592,8
9,3,CFG_LUTCMUX[30],81552,8
9,3,CFG_LUTCMUX[31],81204,8
9,3,CFG_LUTCMUX[3],74244,8
9,3,CFG_LUTCMUX[4],75056,8
9,3,CFG_LUTCMUX[5],74708,8
9,3,CFG_LUTCMUX[6],75520,8
9,3,CFG_LUTCMUX[7],75172,8
9,3,CFG_LUTCMUX[8],75984,8
9,3,CFG_LUTCMUX[9],75636,8
9,4,CFG_BYPASSEN[0],66240,16
9,4,CFG_BYPASSEN[10],71344,16
9,4,CFG_BYPASSEN[11],71808,16
9,4,CFG_BYPASSEN[12],72272,16
9,4,CFG_BYPASSEN[13],72736,16
9,4,CFG_BYPASSEN[14],73200,16
9,4,CFG_BYPASSEN[15],73664,16
9,4,CFG_BYPASSEN[1],66704,16
9,4,CFG_BYPASSEN[2],67168,16
9,4,CFG_BYPASSEN[3],67632,16
9,4,CFG_BYPASSEN[4],68096,16
9,4,CFG_BYPASSEN[5],68560,16
9,4,CFG_BYPASSEN[6],69024,16
9,4,CFG_BYPASSEN[7],69488,16
9,4,CFG_BYPASSEN[8],70416,16
9,4,CFG_BYPASSEN[9],70880,16
9,4,CFG_CARRY_CRL[0],66124,8
9,4,CFG_CARRY_CRL[10],71228,8
9,4,CFG_CARRY_CRL[11],71692,8
9,4,CFG_CARRY_CRL[12],72156,8
9,4,CFG_CARRY_CRL[13],72620,8
9,4,CFG_CARRY_CRL[14],73084,8
9,4,CFG_CARRY_CRL[15],73548,8
9,4,CFG_CARRY_CRL[1],66588,8
9,4,CFG_CARRY_CRL[2],67052,8
9,4,CFG_CARRY_CRL[3],67516,8
9,4,CFG_CARRY_CRL[4],67980,8
9,4,CFG_CARRY_CRL[5],68444,8
9,4,CFG_CARRY_CRL[6],68908,8
9,4,CFG_CARRY_CRL[7],69372,8
9,4,CFG_CARRY_CRL[8],70300,8
9,4,CFG_CARRY_CRL[9],70764,8
9,4,CFG_LUTCMUX[0],66240,8
9,4,CFG_LUTCMUX[10],68560,8
9,4,CFG_LUTCMUX[11],68212,8
9,4,CFG_LUTCMUX[12],69024,8
9,4,CFG_LUTCMUX[13],68676,8
9,4,CFG_LUTCMUX[14],69488,8
9,4,CFG_LUTCMUX[15],69140,8
9,4,CFG_LUTCMUX[16],70416,8
9,4,CFG_LUTCMUX[17],70068,8
9,4,CFG_LUTCMUX[18],70880,8
9,4,CFG_LUTCMUX[19],70532,8
9,4,CFG_LUTCMUX[1],65892,8
9,4,CFG_LUTCMUX[20],71344,8
9,4,CFG_LUTCMUX[21],70996,8
9,4,CFG_LUTCMUX[22],71808,8
9,4,CFG_LUTCMUX[23],71460,8
9,4,CFG_LUTCMUX[24],72272,8
9,4,CFG_LUTCMUX[25],71924,8
9,4,CFG_LUTCMUX[26],72736,8
9,4,CFG_LUTCMUX[27],72388,8
9,4,CFG_LUTCMUX[28],73200,8
9,4,CFG_LUTCMUX[29],72852,8
9,4,CFG_LUTCMUX[2],66704,8
9,4,CFG_LUTCMUX[30],73664,8
9,4,CFG_LUTCMUX[31],73316,8
9,4,CFG_LUTCMUX[3],66356,8
9,4,CFG_LUTCMUX[4],67168,8
9,4,CFG_LUTCMUX[5],66820,8
9,4,CFG_LUTCMUX[6],67632,8
9,4,CFG_LUTCMUX[7],67284,8
9,4,CFG_LUTCMUX[8],68096,8
9,4,CFG_LUTCMUX[9],67748,8
10,1,CFG_BYPASSEN[0],89899,1
10,1,CFG_BYPASSEN[10],95003,1
10,1,CFG_BYPASSEN[11],95467,1
10,1,CFG_BYPASSEN[12],95931,1
10,1,CFG_BYPASSEN[13],96395,1
10,1,CFG_BYPASSEN[14],96859,1
10,1,CFG_BYPASSEN[15],97323,1
10,1,CFG_BYPASSEN[1],90363,1
10,1,CFG_BYPASSEN[2],90827,1
10,1,CFG_BYPASSEN[3],91291,1
10,1,CFG_BYPASSEN[4],91755,1
10,1,CFG_BYPASSEN[5],92219,1
10,1,CFG_BYPASSEN[6],92683,1
10,1,CFG_BYPASSEN[7],93147,1
10,1,CFG_BYPASSEN[8],94075,1
10,1,CFG_BYPASSEN[9],94539,1
10,1,CFG_CARRY_CRL[0],89784,128
10,1,CFG_CARRY_CRL[10],94888,128
10,1,CFG_CARRY_CRL[11],95352,128
10,1,CFG_CARRY_CRL[12],95816,128
10,1,CFG_CARRY_CRL[13],96280,128
10,1,CFG_CARRY_CRL[14],96744,128
10,1,CFG_CARRY_CRL[15],97208,128
10,1,CFG_CARRY_CRL[1],90248,128
10,1,CFG_CARRY_CRL[2],90712,128
10,1,CFG_CARRY_CRL[3],91176,128
10,1,CFG_CARRY_CRL[4],91640,128
10,1,CFG_CARRY_CRL[5],92104,128
10,1,CFG_CARRY_CRL[6],92568,128
10,1,CFG_CARRY_CRL[7],93032,128
10,1,CFG_CARRY_CRL[8],93960,128
10,1,CFG_CARRY_CRL[9],94424,128
10,1,CFG_LUTCMUX[0],89900,128
10,1,CFG_LUTCMUX[10],92220,128
10,1,CFG_LUTCMUX[11],91872,128
10,1,CFG_LUTCMUX[12],92684,128
10,1,CFG_LUTCMUX[13],92336,128
10,1,CFG_LUTCMUX[14],93148,128
10,1,CFG_LUTCMUX[15],92800,128
10,1,CFG_LUTCMUX[16],94076,128
10,1,CFG_LUTCMUX[17],93728,128
10,1,CFG_LUTCMUX[18],94540,128
10,1,CFG_LUTCMUX[19],94192,128
10,1,CFG_LUTCMUX[1],89552,128
10,1,CFG_LUTCMUX[20],95004,128
10,1,CFG_LUTCMUX[21],94656,128
10,1,CFG_LUTCMUX[22],95468,128
10,1,CFG_LUTCMUX[23],95120,128
10,1,CFG_LUTCMUX[24],95932,128
10,1,CFG_LUTCMUX[25],95584,128
10,1,CFG_LUTCMUX[26],96396,128
10,1,CFG_LUTCMUX[27],96048,128
10,1,CFG_LUTCMUX[28],96860,128
10,1,CFG_LUTCMUX[29],96512,128
10,1,CFG_LUTCMUX[2],90364,128
10,1,CFG_LUTCMUX[30],97324,128
10,1,CFG_LUTCMUX[31],96976,128
10,1,CFG_LUTCMUX[3],90016,128
10,1,CFG_LUTCMUX[4],90828,128
10,1,CFG_LUTCMUX[5],90480,128
10,1,CFG_LUTCMUX[6],91292,128
10,1,CFG_LUTCMUX[7],90944,128
10,1,CFG_LUTCMUX[8],91756,128
10,1,CFG_LUTCMUX[9],91408,128
10,2,CFG_BYPASSEN[0],82011,1
10,2,CFG_BYPASSEN[10],87115,1
10,2,CFG_BYPASSEN[11],87579,1
10,2,CFG_BYPASSEN[12],88043,1
10,2,CFG_BYPASSEN[13],88507,1
10,2,CFG_BYPASSEN[14],88971,1
10,2,CFG_BYPASSEN[15],89435,1
10,2,CFG_BYPASSEN[1],82475,1
10,2,CFG_BYPASSEN[2],82939,1
10,2,CFG_BYPASSEN[3],83403,1
10,2,CFG_BYPASSEN[4],83867,1
10,2,CFG_BYPASSEN[5],84331,1
10,2,CFG_BYPASSEN[6],84795,1
10,2,CFG_BYPASSEN[7],85259,1
10,2,CFG_BYPASSEN[8],86187,1
10,2,CFG_BYPASSEN[9],86651,1
10,2,CFG_CARRY_CRL[0],81896,128
10,2,CFG_CARRY_CRL[10],87000,128
10,2,CFG_CARRY_CRL[11],87464,128
10,2,CFG_CARRY_CRL[12],87928,128
10,2,CFG_CARRY_CRL[13],88392,128
10,2,CFG_CARRY_CRL[14],88856,128
10,2,CFG_CARRY_CRL[15],89320,128
10,2,CFG_CARRY_CRL[1],82360,128
10,2,CFG_CARRY_CRL[2],82824,128
10,2,CFG_CARRY_CRL[3],83288,128
10,2,CFG_CARRY_CRL[4],83752,128
10,2,CFG_CARRY_CRL[5],84216,128
10,2,CFG_CARRY_CRL[6],84680,128
10,2,CFG_CARRY_CRL[7],85144,128
10,2,CFG_CARRY_CRL[8],86072,128
10,2,CFG_CARRY_CRL[9],86536,128
10,2,CFG_LUTCMUX[0],82012,128
10,2,CFG_LUTCMUX[10],84332,128
10,2,CFG_LUTCMUX[11],83984,128
10,2,CFG_LUTCMUX[12],84796,128
10,2,CFG_LUTCMUX[13],84448,128
10,2,CFG_LUTCMUX[14],85260,128
10,2,CFG_LUTCMUX[15],84912,128
10,2,CFG_LUTCMUX[16],86188,128
10,2,CFG_LUTCMUX[17],85840,128
10,2,CFG_LUTCMUX[18],86652,128
10,2,CFG_LUTCMUX[19],86304,128
10,2,CFG_LUTCMUX[1],81664,128
10,2,CFG_LUTCMUX[20],87116,128
10,2,CFG_LUTCMUX[21],86768,128
10,2,CFG_LUTCMUX[22],87580,128
10,2,CFG_LUTCMUX[23],87232,128
10,2,CFG_LUTCMUX[24],88044,128
10,2,CFG_LUTCMUX[25],87696,128
10,2,CFG_LUTCMUX[26],88508,128
10,2,CFG_LUTCMUX[27],88160,128
10,2,CFG_LUTCMUX[28],88972,128
10,2,CFG_LUTCMUX[29],88624,128
10,2,CFG_LUTCMUX[2],82476,128
10,2,CFG_LUTCMUX[30],89436,128
10,2,CFG_LUTCMUX[31],89088,128
10,2,CFG_LUTCMUX[3],82128,128
10,2,CFG_LUTCMUX[4],82940,128
10,2,CFG_LUTCMUX[5],82592,128
10,2,CFG_LUTCMUX[6],83404,128
10,2,CFG_LUTCMUX[7],83056,128
10,2,CFG_LUTCMUX[8],83868,128
10,2,CFG_LUTCMUX[9],83520,128
10,3,CFG_BYPASSEN[0],74123,1
10,3,CFG_BYPASSEN[10],79227,1
10,3,CFG_BYPASSEN[11],79691,1
10,3,CFG_BYPASSEN[12],80155,1
10,3,CFG_BYPASSEN[13],80619,1
10,3,CFG_BYPASSEN[14],81083,1
10,3,CFG_BYPASSEN[15],81547,1
10,3,CFG_BYPASSEN[1],74587,1
10,3,CFG_BYPASSEN[2],75051,1
10,3,CFG_BYPASSEN[3],75515,1
10,3,CFG_BYPASSEN[4],75979,1
10,3,CFG_BYPASSEN[5],76443,1
10,3,CFG_BYPASSEN[6],76907,1
10,3,CFG_BYPASSEN[7],77371,1
10,3,CFG_BYPASSEN[8],78299,1
10,3,CFG_BYPASSEN[9],78763,1
10,3,CFG_CARRY_CRL[0],74008,128
10,3,CFG_CARRY_CRL[10],79112,128
10,3,CFG_CARRY_CRL[11],79576,128
10,3,CFG_CARRY_CRL[12],80040,128
10,3,CFG_CARRY_CRL[13],80504,128
10,3,CFG_CARRY_CRL[14],80968,128
10,3,CFG_CARRY_CRL[15],81432,128
10,3,CFG_CARRY_CRL[1],74472,128
10,3,CFG_CARRY_CRL[2],74936,128
10,3,CFG_CARRY_CRL[3],75400,128
10,3,CFG_CARRY_CRL[4],75864,128
10,3,CFG_CARRY_CRL[5],76328,128
10,3,CFG_CARRY_CRL[6],76792,128
10,3,CFG_CARRY_CRL[7],77256,128
10,3,CFG_CARRY_CRL[8],78184,128
10,3,CFG_CARRY_CRL[9],78648,128
10,3,CFG_LUTCMUX[0],74124,128
10,3,CFG_LUTCMUX[10],76444,128
10,3,CFG_LUTCMUX[11],76096,128
10,3,CFG_LUTCMUX[12],76908,128
10,3,CFG_LUTCMUX[13],76560,128
10,3,CFG_LUTCMUX[14],77372,128
10,3,CFG_LUTCMUX[15],77024,128
10,3,CFG_LUTCMUX[16],78300,128
10,3,CFG_LUTCMUX[17],77952,128
10,3,CFG_LUTCMUX[18],78764,128
10,3,CFG_LUTCMUX[19],78416,128
10,3,CFG_LUTCMUX[1],73776,128
10,3,CFG_LUTCMUX[20],79228,128
10,3,CFG_LUTCMUX[21],78880,128
10,3,CFG_LUTCMUX[22],79692,128
10,3,CFG_LUTCMUX[23],79344,128
10,3,CFG_LUTCMUX[24],80156,128
10,3,CFG_LUTCMUX[25],79808,128
10,3,CFG_LUTCMUX[26],80620,128
10,3,CFG_LUTCMUX[27],80272,128
10,3,CFG_LUTCMUX[28],81084,128
10,3,CFG_LUTCMUX[29],80736,128
10,3,CFG_LUTCMUX[2],74588,128
10,3,CFG_LUTCMUX[30],81548,128
10,3,CFG_LUTCMUX[31],81200,128
10,3,CFG_LUTCMUX[3],74240,128
10,3,CFG_LUTCMUX[4],75052,128
10,3,CFG_LUTCMUX[5],74704,128
10,3,CFG_LUTCMUX[6],75516,128
10,3,CFG_LUTCMUX[7],75168,128
10,3,CFG_LUTCMUX[8],75980,128
10,3,CFG_LUTCMUX[9],75632,128
10,4,CFG_BYPASSEN[0],66235,1
10,4,CFG_BYPASSEN[10],71339,1
10,4,CFG_BYPASSEN[11],71803,1
10,4,CFG_BYPASSEN[12],72267,1
10,4,CFG_BYPASSEN[13],72731,1
10,4,CFG_BYPASSEN[14],73195,1
10,4,CFG_BYPASSEN[15],73659,1
10,4,CFG_BYPASSEN[1],66699,1
10,4,CFG_BYPASSEN[2],67163,1
10,4,CFG_BYPASSEN[3],67627,1
10,4,CFG_BYPASSEN[4],68091,1
10,4,CFG_BYPASSEN[5],68555,1
10,4,CFG_BYPASSEN[6],69019,1
10,4,CFG_BYPASSEN[7],69483,1
10,4,CFG_BYPASSEN[8],70411,1
10,4,CFG_BYPASSEN[9],70875,1
10,4,CFG_CARRY_CRL[0],66120,128
10,4,CFG_CARRY_CRL[10],71224,128
10,4,CFG_CARRY_CRL[11],71688,128
10,4,CFG_CARRY_CRL[12],72152,128
10,4,CFG_CARRY_CRL[13],72616,128
10,4,CFG_CARRY_CRL[14],73080,128
10,4,CFG_CARRY_CRL[15],73544,128
10,4,CFG_CARRY_CRL[1],66584,128
10,4,CFG_CARRY_CRL[2],67048,128
10,4,CFG_CARRY_CRL[3],67512,128
10,4,CFG_CARRY_CRL[4],67976,128
10,4,CFG_CARRY_CRL[5],68440,128
10,4,CFG_CARRY_CRL[6],68904,128
10,4,CFG_CARRY_CRL[7],69368,128
10,4,CFG_CARRY_CRL[8],70296,128
10,4,CFG_CARRY_CRL[9],70760,128
10,4,CFG_LUTCMUX[0],66236,128
10,4,CFG_LUTCMUX[10],68556,128
10,4,CFG_LUTCMUX[11],68208,128
10,4,CFG_LUTCMUX[12],69020,128
10,4,CFG_LUTCMUX[13],68672,128
10,4,CFG_LUTCMUX[14],69484,128
10,4,CFG_LUTCMUX[15],69136,128
10,4,CFG_LUTCMUX[16],70412,128
10,4,CFG_LUTCMUX[17],70064,128
10,4,CFG_LUTCMUX[18],70876,128
10,4,CFG_LUTCMUX[19],70528,128
10,4,CFG_LUTCMUX[1],65888,128
10,4,CFG_LUTCMUX[20],71340,128
10,4,CFG_LUTCMUX[21],70992,128
10,4,CFG_LUTCMUX[22],71804,128
10,4,CFG_LUTCMUX[23],71456,128
10,4,CFG_LUTCMUX[24],72268,128
10,4,CFG_LUTCMUX[25],71920,128
10,4,CFG_LUTCMUX[26],72732,128
10,4,CFG_LUTCMUX[27],72384,128
10,4,CFG_LUTCMUX[28],73196,128
10,4,CFG_LUTCMUX[29],72848,128
10,4,CFG_LUTCMUX[2],66700,128
10,4,CFG_LUTCMUX[30],73660,128
10,4,CFG_LUTCMUX[31],73312,128
10,4,CFG_LUTCMUX[3],66352,128
10,4,CFG_LUTCMUX[4],67164,128
10,4,CFG_LUTCMUX[5],66816,128
10,4,CFG_LUTCMUX[6],67628,128
10,4,CFG_LUTCMUX[7],67280,128
10,4,CFG_LUTCMUX[8],68092,128
10,4,CFG_LUTCMUX[9],67744,128
11,1,CFG_BYPASSEN[0],89895,16
11,1,CFG_BYPASSEN[10],94999,16
11,1,CFG_BYPASSEN[11],95463,16
11,1,CFG_BYPASSEN[12],95927,16
11,1,CFG_BYPASSEN[13],96391,16
11,1,CFG_BYPASSEN[14],96855,16
11,1,CFG_BYPASSEN[15],97319,16
11,1,CFG_BYPASSEN[1],90359,16
11,1,CFG_BYPASSEN[2],90823,16
11,1,CFG_BYPASSEN[3],91287,16
11,1,CFG_BYPASSEN[4],91751,16
11,1,CFG_BYPASSEN[5],92215,16
11,1,CFG_BYPASSEN[6],92679,16
11,1,CFG_BYPASSEN[7],93143,16
11,1,CFG_BYPASSEN[8],94071,16
11,1,CFG_BYPASSEN[9],94535,16
11,1,CFG_CARRY_CRL[0],89779,8
11,1,CFG_CARRY_CRL[10],94883,8
11,1,CFG_CARRY_CRL[11],95347,8
11,1,CFG_CARRY_CRL[12],95811,8
11,1,CFG_CARRY_CRL[13],96275,8
11,1,CFG_CARRY_CRL[14],96739,8
11,1,CFG_CARRY_CRL[15],97203,8
11,1,CFG_CARRY_CRL[1],90243,8
11,1,CFG_CARRY_CRL[2],90707,8
11,1,CFG_CARRY_CRL[3],91171,8
11,1,CFG_CARRY_CRL[4],91635,8
11,1,CFG_CARRY_CRL[5],92099,8
11,1,CFG_CARRY_CRL[6],92563,8
11,1,CFG_CARRY_CRL[7],93027,8
11,1,CFG_CARRY_CRL[8],93955,8
11,1,CFG_CARRY_CRL[9],94419,8
11,1,CFG_LUTCMUX[0],89895,8
11,1,CFG_LUTCMUX[10],92215,8
11,1,CFG_LUTCMUX[11],91867,8
11,1,CFG_LUTCMUX[12],92679,8
11,1,CFG_LUTCMUX[13],92331,8
11,1,CFG_LUTCMUX[14],93143,8
11,1,CFG_LUTCMUX[15],92795,8
11,1,CFG_LUTCMUX[16],94071,8
11,1,CFG_LUTCMUX[17],93723,8
11,1,CFG_LUTCMUX[18],94535,8
11,1,CFG_LUTCMUX[19],94187,8
11,1,CFG_LUTCMUX[1],89547,8
11,1,CFG_LUTCMUX[20],94999,8
11,1,CFG_LUTCMUX[21],94651,8
11,1,CFG_LUTCMUX[22],95463,8
11,1,CFG_LUTCMUX[23],95115,8
11,1,CFG_LUTCMUX[24],95927,8
11,1,CFG_LUTCMUX[25],95579,8
11,1,CFG_LUTCMUX[26],96391,8
11,1,CFG_LUTCMUX[27],96043,8
11,1,CFG_LUTCMUX[28],96855,8
11,1,CFG_LUTCMUX[29],96507,8
11,1,CFG_LUTCMUX[2],90359,8
11,1,CFG_LUTCMUX[30],97319,8
11,1,CFG_LUTCMUX[31],96971,8
11,1,CFG_LUTCMUX[3],90011,8
11,1,CFG_LUTCMUX[4],90823,8
11,1,CFG_LUTCMUX[5],90475,8
11,1,CFG_LUTCMUX[6],91287,8
11,1,CFG_LUTCMUX[7],90939,8
11,1,CFG_LUTCMUX[8],91751,8
11,1,CFG_LUTCMUX[9],91403,8
11,2,CFG_BYPASSEN[0],82007,16
11,2,CFG_BYPASSEN[10],87111,16
11,2,CFG_BYPASSEN[11],87575,16
11,2,CFG_BYPASSEN[12],88039,16
11,2,CFG_BYPASSEN[13],88503,16
11,2,CFG_BYPASSEN[14],88967,16
11,2,CFG_BYPASSEN[15],89431,16
11,2,CFG_BYPASSEN[1],82471,16
11,2,CFG_BYPASSEN[2],82935,16
11,2,CFG_BYPASSEN[3],83399,16
11,2,CFG_BYPASSEN[4],83863,16
11,2,CFG_BYPASSEN[5],84327,16
11,2,CFG_BYPASSEN[6],84791,16
11,2,CFG_BYPASSEN[7],85255,16
11,2,CFG_BYPASSEN[8],86183,16
11,2,CFG_BYPASSEN[9],86647,16
11,2,CFG_CARRY_CRL[0],81891,8
11,2,CFG_CARRY_CRL[10],86995,8
11,2,CFG_CARRY_CRL[11],87459,8
11,2,CFG_CARRY_CRL[12],87923,8
11,2,CFG_CARRY_CRL[13],88387,8
11,2,CFG_CARRY_CRL[14],88851,8
11,2,CFG_CARRY_CRL[15],89315,8
11,2,CFG_CARRY_CRL[1],82355,8
11,2,CFG_CARRY_CRL[2],82819,8
11,2,CFG_CARRY_CRL[3],83283,8
11,2,CFG_CARRY_CRL[4],83747,8
11,2,CFG_CARRY_CRL[5],84211,8
11,2,CFG_CARRY_CRL[6],84675,8
11,2,CFG_CARRY_CRL[7],85139,8
11,2,CFG_CARRY_CRL[8],86067,8
11,2,CFG_CARRY_CRL[9],86531,8
11,2,CFG_LUTCMUX[0],82007,8
11,2,CFG_LUTCMUX[10],84327,8
11,2,CFG_LUTCMUX[11],83979,8
11,2,CFG_LUTCMUX[12],84791,8
11,2,CFG_LUTCMUX[13],84443,8
11,2,CFG_LUTCMUX[14],85255,8
11,2,CFG_LUTCMUX[15],84907,8
11,2,CFG_LUTCMUX[16],86183,8
11,2,CFG_LUTCMUX[17],85835,8
11,2,CFG_LUTCMUX[18],86647,8
11,2,CFG_LUTCMUX[19],86299,8
11,2,CFG_LUTCMUX[1],81659,8
11,2,CFG_LUTCMUX[20],87111,8
11,2,CFG_LUTCMUX[21],86763,8
11,2,CFG_LUTCMUX[22],87575,8
11,2,CFG_LUTCMUX[23],87227,8
11,2,CFG_LUTCMUX[24],88039,8
11,2,CFG_LUTCMUX[25],87691,8
11,2,CFG_LUTCMUX[26],88503,8
11,2,CFG_LUTCMUX[27],88155,8
11,2,CFG_LUTCMUX[28],88967,8
11,2,CFG_LUTCMUX[29],88619,8
11,2,CFG_LUTCMUX[2],82471,8
11,2,CFG_LUTCMUX[30],89431,8
11,2,CFG_LUTCMUX[31],89083,8
11,2,CFG_LUTCMUX[3],82123,8
11,2,CFG_LUTCMUX[4],82935,8
11,2,CFG_LUTCMUX[5],82587,8
11,2,CFG_LUTCMUX[6],83399,8
11,2,CFG_LUTCMUX[7],83051,8
11,2,CFG_LUTCMUX[8],83863,8
11,2,CFG_LUTCMUX[9],83515,8
11,3,CFG_BYPASSEN[0],74119,16
11,3,CFG_BYPASSEN[10],79223,16
11,3,CFG_BYPASSEN[11],79687,16
11,3,CFG_BYPASSEN[12],80151,16
11,3,CFG_BYPASSEN[13],80615,16
11,3,CFG_BYPASSEN[14],81079,16
11,3,CFG_BYPASSEN[15],81543,16
11,3,CFG_BYPASSEN[1],74583,16
11,3,CFG_BYPASSEN[2],75047,16
11,3,CFG_BYPASSEN[3],75511,16
11,3,CFG_BYPASSEN[4],75975,16
11,3,CFG_BYPASSEN[5],76439,16
11,3,CFG_BYPASSEN[6],76903,16
11,3,CFG_BYPASSEN[7],77367,16
11,3,CFG_BYPASSEN[8],78295,16
11,3,CFG_BYPASSEN[9],78759,16
11,3,CFG_CARRY_CRL[0],74003,8
11,3,CFG_CARRY_CRL[10],79107,8
11,3,CFG_CARRY_CRL[11],79571,8
11,3,CFG_CARRY_CRL[12],80035,8
11,3,CFG_CARRY_CRL[13],80499,8
11,3,CFG_CARRY_CRL[14],80963,8
11,3,CFG_CARRY_CRL[15],81427,8
11,3,CFG_CARRY_CRL[1],74467,8
11,3,CFG_CARRY_CRL[2],74931,8
11,3,CFG_CARRY_CRL[3],75395,8
11,3,CFG_CARRY_CRL[4],75859,8
11,3,CFG_CARRY_CRL[5],76323,8
11,3,CFG_CARRY_CRL[6],76787,8
11,3,CFG_CARRY_CRL[7],77251,8
11,3,CFG_CARRY_CRL[8],78179,8
11,3,CFG_CARRY_CRL[9],78643,8
11,3,CFG_LUTCMUX[0],74119,8
11,3,CFG_LUTCMUX[10],76439,8
11,3,CFG_LUTCMUX[11],76091,8
11,3,CFG_LUTCMUX[12],76903,8
11,3,CFG_LUTCMUX[13],76555,8
11,3,CFG_LUTCMUX[14],77367,8
11,3,CFG_LUTCMUX[15],77019,8
11,3,CFG_LUTCMUX[16],78295,8
11,3,CFG_LUTCMUX[17],77947,8
11,3,CFG_LUTCMUX[18],78759,8
11,3,CFG_LUTCMUX[19],78411,8
11,3,CFG_LUTCMUX[1],73771,8
11,3,CFG_LUTCMUX[20],79223,8
11,3,CFG_LUTCMUX[21],78875,8
11,3,CFG_LUTCMUX[22],79687,8
11,3,CFG_LUTCMUX[23],79339,8
11,3,CFG_LUTCMUX[24],80151,8
11,3,CFG_LUTCMUX[25],79803,8
11,3,CFG_LUTCMUX[26],80615,8
11,3,CFG_LUTCMUX[27],80267,8
11,3,CFG_LUTCMUX[28],81079,8
11,3,CFG_LUTCMUX[29],80731,8
11,3,CFG_LUTCMUX[2],74583,8
11,3,CFG_LUTCMUX[30],81543,8
11,3,CFG_LUTCMUX[31],81195,8
11,3,CFG_LUTCMUX[3],74235,8
11,3,CFG_LUTCMUX[4],75047,8
11,3,CFG_LUTCMUX[5],74699,8
11,3,CFG_LUTCMUX[6],75511,8
11,3,CFG_LUTCMUX[7],75163,8
11,3,CFG_LUTCMUX[8],75975,8
11,3,CFG_LUTCMUX[9],75627,8
11,4,CFG_BYPASSEN[0],66231,16
11,4,CFG_BYPASSEN[10],71335,16
11,4,CFG_BYPASSEN[11],71799,16
11,4,CFG_BYPASSEN[12],72263,16
11,4,CFG_BYPASSEN[13],72727,16
11,4,CFG_BYPASSEN[14],73191,16
11,4,CFG_BYPASSEN[15],73655,16
11,4,CFG_BYPASSEN[1],66695,16
11,4,CFG_BYPASSEN[2],67159,16
11,4,CFG_BYPASSEN[3],67623,16
11,4,CFG_BYPASSEN[4],68087,16
11,4,CFG_BYPASSEN[5],68551,16
11,4,CFG_BYPASSEN[6],69015,16
11,4,CFG_BYPASSEN[7],69479,16
11,4,CFG_BYPASSEN[8],70407,16
11,4,CFG_BYPASSEN[9],70871,16
11,4,CFG_CARRY_CRL[0],66115,8
11,4,CFG_CARRY_CRL[10],71219,8
11,4,CFG_CARRY_CRL[11],71683,8
11,4,CFG_CARRY_CRL[12],72147,8
11,4,CFG_CARRY_CRL[13],72611,8
11,4,CFG_CARRY_CRL[14],73075,8
11,4,CFG_CARRY_CRL[15],73539,8
11,4,CFG_CARRY_CRL[1],66579,8
11,4,CFG_CARRY_CRL[2],67043,8
11,4,CFG_CARRY_CRL[3],67507,8
11,4,CFG_CARRY_CRL[4],67971,8
11,4,CFG_CARRY_CRL[5],68435,8
11,4,CFG_CARRY_CRL[6],68899,8
11,4,CFG_CARRY_CRL[7],69363,8
11,4,CFG_CARRY_CRL[8],70291,8
11,4,CFG_CARRY_CRL[9],70755,8
11,4,CFG_LUTCMUX[0],66231,8
11,4,CFG_LUTCMUX[10],68551,8
11,4,CFG_LUTCMUX[11],68203,8
11,4,CFG_LUTCMUX[12],69015,8
11,4,CFG_LUTCMUX[13],68667,8
11,4,CFG_LUTCMUX[14],69479,8
11,4,CFG_LUTCMUX[15],69131,8
11,4,CFG_LUTCMUX[16],70407,8
11,4,CFG_LUTCMUX[17],70059,8
11,4,CFG_LUTCMUX[18],70871,8
11,4,CFG_LUTCMUX[19],70523,8
11,4,CFG_LUTCMUX[1],65883,8
11,4,CFG_LUTCMUX[20],71335,8
11,4,CFG_LUTCMUX[21],70987,8
11,4,CFG_LUTCMUX[22],71799,8
11,4,CFG_LUTCMUX[23],71451,8
11,4,CFG_LUTCMUX[24],72263,8
11,4,CFG_LUTCMUX[25],71915,8
11,4,CFG_LUTCMUX[26],72727,8
11,4,CFG_LUTCMUX[27],72379,8
11,4,CFG_LUTCMUX[28],73191,8
11,4,CFG_LUTCMUX[29],72843,8
11,4,CFG_LUTCMUX[2],66695,8
11,4,CFG_LUTCMUX[30],73655,8
11,4,CFG_LUTCMUX[31],73307,8
11,4,CFG_LUTCMUX[3],66347,8
11,4,CFG_LUTCMUX[4],67159,8
11,4,CFG_LUTCMUX[5],66811,8
11,4,CFG_LUTCMUX[6],67623,8
11,4,CFG_LUTCMUX[7],67275,8
11,4,CFG_LUTCMUX[8],68087,8
11,4,CFG_LUTCMUX[9],67739,8
12,1,CFG_BYPASSEN[0],89890,1
12,1,CFG_BYPASSEN[10],94994,1
12,1,CFG_BYPASSEN[11],95458,1
12,1,CFG_BYPASSEN[12],95922,1
12,1,CFG_BYPASSEN[13],96386,1
12,1,CFG_BYPASSEN[14],96850,1
12,1,CFG_BYPASSEN[15],97314,1
12,1,CFG_BYPASSEN[1],90354,1
12,1,CFG_BYPASSEN[2],90818,1
12,1,CFG_BYPASSEN[3],91282,1
12,1,CFG_BYPASSEN[4],91746,1
12,1,CFG_BYPASSEN[5],92210,1
12,1,CFG_BYPASSEN[6],92674,1
12,1,CFG_BYPASSEN[7],93138,1
12,1,CFG_BYPASSEN[8],94066,1
12,1,CFG_BYPASSEN[9],94530,1
12,1,CFG_CARRY_CRL[0],89775,128
12,1,CFG_CARRY_CRL[10],94879,128
12,1,CFG_CARRY_CRL[11],95343,128
12,1,CFG_CARRY_CRL[12],95807,128
12,1,CFG_CARRY_CRL[13],96271,128
12,1,CFG_CARRY_CRL[14],96735,128
12,1,CFG_CARRY_CRL[15],97199,128
12,1,CFG_CARRY_CRL[1],90239,128
12,1,CFG_CARRY_CRL[2],90703,128
12,1,CFG_CARRY_CRL[3],91167,128
12,1,CFG_CARRY_CRL[4],91631,128
12,1,CFG_CARRY_CRL[5],92095,128
12,1,CFG_CARRY_CRL[6],92559,128
12,1,CFG_CARRY_CRL[7],93023,128
12,1,CFG_CARRY_CRL[8],93951,128
12,1,CFG_CARRY_CRL[9],94415,128
12,1,CFG_LUTCMUX[0],89891,128
12,1,CFG_LUTCMUX[10],92211,128
12,1,CFG_LUTCMUX[11],91863,128
12,1,CFG_LUTCMUX[12],92675,128
12,1,CFG_LUTCMUX[13],92327,128
12,1,CFG_LUTCMUX[14],93139,128
12,1,CFG_LUTCMUX[15],92791,128
12,1,CFG_LUTCMUX[16],94067,128
12,1,CFG_LUTCMUX[17],93719,128
12,1,CFG_LUTCMUX[18],94531,128
12,1,CFG_LUTCMUX[19],94183,128
12,1,CFG_LUTCMUX[1],89543,128
12,1,CFG_LUTCMUX[20],94995,128
12,1,CFG_LUTCMUX[21],94647,128
12,1,CFG_LUTCMUX[22],95459,128
12,1,CFG_LUTCMUX[23],95111,128
12,1,CFG_LUTCMUX[24],95923,128
12,1,CFG_LUTCMUX[25],95575,128
12,1,CFG_LUTCMUX[26],96387,128
12,1,CFG_LUTCMUX[27],96039,128
12,1,CFG_LUTCMUX[28],96851,128
12,1,CFG_LUTCMUX[29],96503,128
12,1,CFG_LUTCMUX[2],90355,128
12,1,CFG_LUTCMUX[30],97315,128
12,1,CFG_LUTCMUX[31],96967,128
12,1,CFG_LUTCMUX[3],90007,128
12,1,CFG_LUTCMUX[4],90819,128
12,1,CFG_LUTCMUX[5],90471,128
12,1,CFG_LUTCMUX[6],91283,128
12,1,CFG_LUTCMUX[7],90935,128
12,1,CFG_LUTCMUX[8],91747,128
12,1,CFG_LUTCMUX[9],91399,128
12,2,CFG_BYPASSEN[0],82002,1
12,2,CFG_BYPASSEN[10],87106,1
12,2,CFG_BYPASSEN[11],87570,1
12,2,CFG_BYPASSEN[12],88034,1
12,2,CFG_BYPASSEN[13],88498,1
12,2,CFG_BYPASSEN[14],88962,1
12,2,CFG_BYPASSEN[15],89426,1
12,2,CFG_BYPASSEN[1],82466,1
12,2,CFG_BYPASSEN[2],82930,1
12,2,CFG_BYPASSEN[3],83394,1
12,2,CFG_BYPASSEN[4],83858,1
12,2,CFG_BYPASSEN[5],84322,1
12,2,CFG_BYPASSEN[6],84786,1
12,2,CFG_BYPASSEN[7],85250,1
12,2,CFG_BYPASSEN[8],86178,1
12,2,CFG_BYPASSEN[9],86642,1
12,2,CFG_CARRY_CRL[0],81887,128
12,2,CFG_CARRY_CRL[10],86991,128
12,2,CFG_CARRY_CRL[11],87455,128
12,2,CFG_CARRY_CRL[12],87919,128
12,2,CFG_CARRY_CRL[13],88383,128
12,2,CFG_CARRY_CRL[14],88847,128
12,2,CFG_CARRY_CRL[15],89311,128
12,2,CFG_CARRY_CRL[1],82351,128
12,2,CFG_CARRY_CRL[2],82815,128
12,2,CFG_CARRY_CRL[3],83279,128
12,2,CFG_CARRY_CRL[4],83743,128
12,2,CFG_CARRY_CRL[5],84207,128
12,2,CFG_CARRY_CRL[6],84671,128
12,2,CFG_CARRY_CRL[7],85135,128
12,2,CFG_CARRY_CRL[8],86063,128
12,2,CFG_CARRY_CRL[9],86527,128
12,2,CFG_LUTCMUX[0],82003,128
12,2,CFG_LUTCMUX[10],84323,128
12,2,CFG_LUTCMUX[11],83975,128
12,2,CFG_LUTCMUX[12],84787,128
12,2,CFG_LUTCMUX[13],84439,128
12,2,CFG_LUTCMUX[14],85251,128
12,2,CFG_LUTCMUX[15],84903,128
12,2,CFG_LUTCMUX[16],86179,128
12,2,CFG_LUTCMUX[17],85831,128
12,2,CFG_LUTCMUX[18],86643,128
12,2,CFG_LUTCMUX[19],86295,128
12,2,CFG_LUTCMUX[1],81655,128
12,2,CFG_LUTCMUX[20],87107,128
12,2,CFG_LUTCMUX[21],86759,128
12,2,CFG_LUTCMUX[22],87571,128
12,2,CFG_LUTCMUX[23],87223,128
12,2,CFG_LUTCMUX[24],88035,128
12,2,CFG_LUTCMUX[25],87687,128
12,2,CFG_LUTCMUX[26],88499,128
12,2,CFG_LUTCMUX[27],88151,128
12,2,CFG_LUTCMUX[28],88963,128
12,2,CFG_LUTCMUX[29],88615,128
12,2,CFG_LUTCMUX[2],82467,128
12,2,CFG_LUTCMUX[30],89427,128
12,2,CFG_LUTCMUX[31],89079,128
12,2,CFG_LUTCMUX[3],82119,128
12,2,CFG_LUTCMUX[4],82931,128
12,2,CFG_LUTCMUX[5],82583,128
12,2,CFG_LUTCMUX[6],83395,128
12,2,CFG_LUTCMUX[7],83047,128
12,2,CFG_LUTCMUX[8],83859,128
12,2,CFG_LUTCMUX[9],83511,128
12,3,CFG_BYPASSEN[0],74114,1
12,3,CFG_BYPASSEN[10],79218,1
12,3,CFG_BYPASSEN[11],79682,1
12,3,CFG_BYPASSEN[12],80146,1
12,3,CFG_BYPASSEN[13],80610,1
12,3,CFG_BYPASSEN[14],81074,1
12,3,CFG_BYPASSEN[15],81538,1
12,3,CFG_BYPASSEN[1],74578,1
12,3,CFG_BYPASSEN[2],75042,1
12,3,CFG_BYPASSEN[3],75506,1
12,3,CFG_BYPASSEN[4],75970,1
12,3,CFG_BYPASSEN[5],76434,1
12,3,CFG_BYPASSEN[6],76898,1
12,3,CFG_BYPASSEN[7],77362,1
12,3,CFG_BYPASSEN[8],78290,1
12,3,CFG_BYPASSEN[9],78754,1
12,3,CFG_CARRY_CRL[0],73999,128
12,3,CFG_CARRY_CRL[10],79103,128
12,3,CFG_CARRY_CRL[11],79567,128
12,3,CFG_CARRY_CRL[12],80031,128
12,3,CFG_CARRY_CRL[13],80495,128
12,3,CFG_CARRY_CRL[14],80959,128
12,3,CFG_CARRY_CRL[15],81423,128
12,3,CFG_CARRY_CRL[1],74463,128
12,3,CFG_CARRY_CRL[2],74927,128
12,3,CFG_CARRY_CRL[3],75391,128
12,3,CFG_CARRY_CRL[4],75855,128
12,3,CFG_CARRY_CRL[5],76319,128
12,3,CFG_CARRY_CRL[6],76783,128
12,3,CFG_CARRY_CRL[7],77247,128
12,3,CFG_CARRY_CRL[8],78175,128
12,3,CFG_CARRY_CRL[9],78639,128
12,3,CFG_LUTCMUX[0],74115,128
12,3,CFG_LUTCMUX[10],76435,128
12,3,CFG_LUTCMUX[11],76087,128
12,3,CFG_LUTCMUX[12],76899,128
12,3,CFG_LUTCMUX[13],76551,128
12,3,CFG_LUTCMUX[14],77363,128
12,3,CFG_LUTCMUX[15],77015,128
12,3,CFG_LUTCMUX[16],78291,128
12,3,CFG_LUTCMUX[17],77943,128
12,3,CFG_LUTCMUX[18],78755,128
12,3,CFG_LUTCMUX[19],78407,128
12,3,CFG_LUTCMUX[1],73767,128
12,3,CFG_LUTCMUX[20],79219,128
12,3,CFG_LUTCMUX[21],78871,128
12,3,CFG_LUTCMUX[22],79683,128
12,3,CFG_LUTCMUX[23],79335,128
12,3,CFG_LUTCMUX[24],80147,128
12,3,CFG_LUTCMUX[25],79799,128
12,3,CFG_LUTCMUX[26],80611,128
12,3,CFG_LUTCMUX[27],80263,128
12,3,CFG_LUTCMUX[28],81075,128
12,3,CFG_LUTCMUX[29],80727,128
12,3,CFG_LUTCMUX[2],74579,128
12,3,CFG_LUTCMUX[30],81539,128
12,3,CFG_LUTCMUX[31],81191,128
12,3,CFG_LUTCMUX[3],74231,128
12,3,CFG_LUTCMUX[4],75043,128
12,3,CFG_LUTCMUX[5],74695,128
12,3,CFG_LUTCMUX[6],75507,128
12,3,CFG_LUTCMUX[7],75159,128
12,3,CFG_LUTCMUX[8],75971,128
12,3,CFG_LUTCMUX[9],75623,128
12,4,CFG_BYPASSEN[0],66226,1
12,4,CFG_BYPASSEN[10],71330,1
12,4,CFG_BYPASSEN[11],71794,1
12,4,CFG_BYPASSEN[12],72258,1
12,4,CFG_BYPASSEN[13],72722,1
12,4,CFG_BYPASSEN[14],73186,1
12,4,CFG_BYPASSEN[15],73650,1
12,4,CFG_BYPASSEN[1],66690,1
12,4,CFG_BYPASSEN[2],67154,1
12,4,CFG_BYPASSEN[3],67618,1
12,4,CFG_BYPASSEN[4],68082,1
12,4,CFG_BYPASSEN[5],68546,1
12,4,CFG_BYPASSEN[6],69010,1
12,4,CFG_BYPASSEN[7],69474,1
12,4,CFG_BYPASSEN[8],70402,1
12,4,CFG_BYPASSEN[9],70866,1
12,4,CFG_CARRY_CRL[0],66111,128
12,4,CFG_CARRY_CRL[10],71215,128
12,4,CFG_CARRY_CRL[11],71679,128
12,4,CFG_CARRY_CRL[12],72143,128
12,4,CFG_CARRY_CRL[13],72607,128
12,4,CFG_CARRY_CRL[14],73071,128
12,4,CFG_CARRY_CRL[15],73535,128
12,4,CFG_CARRY_CRL[1],66575,128
12,4,CFG_CARRY_CRL[2],67039,128
12,4,CFG_CARRY_CRL[3],67503,128
12,4,CFG_CARRY_CRL[4],67967,128
12,4,CFG_CARRY_CRL[5],68431,128
12,4,CFG_CARRY_CRL[6],68895,128
12,4,CFG_CARRY_CRL[7],69359,128
12,4,CFG_CARRY_CRL[8],70287,128
12,4,CFG_CARRY_CRL[9],70751,128
12,4,CFG_LUTCMUX[0],66227,128
12,4,CFG_LUTCMUX[10],68547,128
12,4,CFG_LUTCMUX[11],68199,128
12,4,CFG_LUTCMUX[12],69011,128
12,4,CFG_LUTCMUX[13],68663,128
12,4,CFG_LUTCMUX[14],69475,128
12,4,CFG_LUTCMUX[15],69127,128
12,4,CFG_LUTCMUX[16],70403,128
12,4,CFG_LUTCMUX[17],70055,128
12,4,CFG_LUTCMUX[18],70867,128
12,4,CFG_LUTCMUX[19],70519,128
12,4,CFG_LUTCMUX[1],65879,128
12,4,CFG_LUTCMUX[20],71331,128
12,4,CFG_LUTCMUX[21],70983,128
12,4,CFG_LUTCMUX[22],71795,128
12,4,CFG_LUTCMUX[23],71447,128
12,4,CFG_LUTCMUX[24],72259,128
12,4,CFG_LUTCMUX[25],71911,128
12,4,CFG_LUTCMUX[26],72723,128
12,4,CFG_LUTCMUX[27],72375,128
12,4,CFG_LUTCMUX[28],73187,128
12,4,CFG_LUTCMUX[29],72839,128
12,4,CFG_LUTCMUX[2],66691,128
12,4,CFG_LUTCMUX[30],73651,128
12,4,CFG_LUTCMUX[31],73303,128
12,4,CFG_LUTCMUX[3],66343,128
12,4,CFG_LUTCMUX[4],67155,128
12,4,CFG_LUTCMUX[5],66807,128
12,4,CFG_LUTCMUX[6],67619,128
12,4,CFG_LUTCMUX[7],67271,128
12,4,CFG_LUTCMUX[8],68083,128
12,4,CFG_LUTCMUX[9],67735,128
14,1,CFG_BYPASSEN[0],89863,1
14,1,CFG_BYPASSEN[10],94967,1
14,1,CFG_BYPASSEN[11],95431,1
14,1,CFG_BYPASSEN[12],95895,1
14,1,CFG_BYPASSEN[13],96359,1
14,1,CFG_BYPASSEN[14],96823,1
14,1,CFG_BYPASSEN[15],97287,1
14,1,CFG_BYPASSEN[1],90327,1
14,1,CFG_BYPASSEN[2],90791,1
14,1,CFG_BYPASSEN[3],91255,1
14,1,CFG_BYPASSEN[4],91719,1
14,1,CFG_BYPASSEN[5],92183,1
14,1,CFG_BYPASSEN[6],92647,1
14,1,CFG_BYPASSEN[7],93111,1
14,1,CFG_BYPASSEN[8],94039,1
14,1,CFG_BYPASSEN[9],94503,1
14,1,CFG_CARRY_CRL[0],89748,128
14,1,CFG_CARRY_CRL[10],94852,128
14,1,CFG_CARRY_CRL[11],95316,128
14,1,CFG_CARRY_CRL[12],95780,128
14,1,CFG_CARRY_CRL[13],96244,128
14,1,CFG_CARRY_CRL[14],96708,128
14,1,CFG_CARRY_CRL[15],97172,128
14,1,CFG_CARRY_CRL[1],90212,128
14,1,CFG_CARRY_CRL[2],90676,128
14,1,CFG_CARRY_CRL[3],91140,128
14,1,CFG_CARRY_CRL[4],91604,128
14,1,CFG_CARRY_CRL[5],92068,128
14,1,CFG_CARRY_CRL[6],92532,128
14,1,CFG_CARRY_CRL[7],92996,128
14,1,CFG_CARRY_CRL[8],93924,128
14,1,CFG_CARRY_CRL[9],94388,128
14,1,CFG_LUTCMUX[0],89864,128
14,1,CFG_LUTCMUX[10],92184,128
14,1,CFG_LUTCMUX[11],91836,128
14,1,CFG_LUTCMUX[12],92648,128
14,1,CFG_LUTCMUX[13],92300,128
14,1,CFG_LUTCMUX[14],93112,128
14,1,CFG_LUTCMUX[15],92764,128
14,1,CFG_LUTCMUX[16],94040,128
14,1,CFG_LUTCMUX[17],93692,128
14,1,CFG_LUTCMUX[18],94504,128
14,1,CFG_LUTCMUX[19],94156,128
14,1,CFG_LUTCMUX[1],89516,128
14,1,CFG_LUTCMUX[20],94968,128
14,1,CFG_LUTCMUX[21],94620,128
14,1,CFG_LUTCMUX[22],95432,128
14,1,CFG_LUTCMUX[23],95084,128
14,1,CFG_LUTCMUX[24],95896,128
14,1,CFG_LUTCMUX[25],95548,128
14,1,CFG_LUTCMUX[26],96360,128
14,1,CFG_LUTCMUX[27],96012,128
14,1,CFG_LUTCMUX[28],96824,128
14,1,CFG_LUTCMUX[29],96476,128
14,1,CFG_LUTCMUX[2],90328,128
14,1,CFG_LUTCMUX[30],97288,128
14,1,CFG_LUTCMUX[31],96940,128
14,1,CFG_LUTCMUX[3],89980,128
14,1,CFG_LUTCMUX[4],90792,128
14,1,CFG_LUTCMUX[5],90444,128
14,1,CFG_LUTCMUX[6],91256,128
14,1,CFG_LUTCMUX[7],90908,128
14,1,CFG_LUTCMUX[8],91720,128
14,1,CFG_LUTCMUX[9],91372,128
14,2,CFG_BYPASSEN[0],81975,1
14,2,CFG_BYPASSEN[10],87079,1
14,2,CFG_BYPASSEN[11],87543,1
14,2,CFG_BYPASSEN[12],88007,1
14,2,CFG_BYPASSEN[13],88471,1
14,2,CFG_BYPASSEN[14],88935,1
14,2,CFG_BYPASSEN[15],89399,1
14,2,CFG_BYPASSEN[1],82439,1
14,2,CFG_BYPASSEN[2],82903,1
14,2,CFG_BYPASSEN[3],83367,1
14,2,CFG_BYPASSEN[4],83831,1
14,2,CFG_BYPASSEN[5],84295,1
14,2,CFG_BYPASSEN[6],84759,1
14,2,CFG_BYPASSEN[7],85223,1
14,2,CFG_BYPASSEN[8],86151,1
14,2,CFG_BYPASSEN[9],86615,1
14,2,CFG_CARRY_CRL[0],81860,128
14,2,CFG_CARRY_CRL[10],86964,128
14,2,CFG_CARRY_CRL[11],87428,128
14,2,CFG_CARRY_CRL[12],87892,128
14,2,CFG_CARRY_CRL[13],88356,128
14,2,CFG_CARRY_CRL[14],88820,128
14,2,CFG_CARRY_CRL[15],89284,128
14,2,CFG_CARRY_CRL[1],82324,128
14,2,CFG_CARRY_CRL[2],82788,128
14,2,CFG_CARRY_CRL[3],83252,128
14,2,CFG_CARRY_CRL[4],83716,128
14,2,CFG_CARRY_CRL[5],84180,128
14,2,CFG_CARRY_CRL[6],84644,128
14,2,CFG_CARRY_CRL[7],85108,128
14,2,CFG_CARRY_CRL[8],86036,128
14,2,CFG_CARRY_CRL[9],86500,128
14,2,CFG_LUTCMUX[0],81976,128
14,2,CFG_LUTCMUX[10],84296,128
14,2,CFG_LUTCMUX[11],83948,128
14,2,CFG_LUTCMUX[12],84760,128
14,2,CFG_LUTCMUX[13],84412,128
14,2,CFG_LUTCMUX[14],85224,128
14,2,CFG_LUTCMUX[15],84876,128
14,2,CFG_LUTCMUX[16],86152,128
14,2,CFG_LUTCMUX[17],85804,128
14,2,CFG_LUTCMUX[18],86616,128
14,2,CFG_LUTCMUX[19],86268,128
14,2,CFG_LUTCMUX[1],81628,128
14,2,CFG_LUTCMUX[20],87080,128
14,2,CFG_LUTCMUX[21],86732,128
14,2,CFG_LUTCMUX[22],87544,128
14,2,CFG_LUTCMUX[23],87196,128
14,2,CFG_LUTCMUX[24],88008,128
14,2,CFG_LUTCMUX[25],87660,128
14,2,CFG_LUTCMUX[26],88472,128
14,2,CFG_LUTCMUX[27],88124,128
14,2,CFG_LUTCMUX[28],88936,128
14,2,CFG_LUTCMUX[29],88588,128
14,2,CFG_LUTCMUX[2],82440,128
14,2,CFG_LUTCMUX[30],89400,128
14,2,CFG_LUTCMUX[31],89052,128
14,2,CFG_LUTCMUX[3],82092,128
14,2,CFG_LUTCMUX[4],82904,128
14,2,CFG_LUTCMUX[5],82556,128
14,2,CFG_LUTCMUX[6],83368,128
14,2,CFG_LUTCMUX[7],83020,128
14,2,CFG_LUTCMUX[8],83832,128
14,2,CFG_LUTCMUX[9],83484,128
14,3,CFG_BYPASSEN[0],74087,1
14,3,CFG_BYPASSEN[10],79191,1
14,3,CFG_BYPASSEN[11],79655,1
14,3,CFG_BYPASSEN[12],80119,1
14,3,CFG_BYPASSEN[13],80583,1
14,3,CFG_BYPASSEN[14],81047,1
14,3,CFG_BYPASSEN[15],81511,1
14,3,CFG_BYPASSEN[1],74551,1
14,3,CFG_BYPASSEN[2],75015,1
14,3,CFG_BYPASSEN[3],75479,1
14,3,CFG_BYPASSEN[4],75943,1
14,3,CFG_BYPASSEN[5],76407,1
14,3,CFG_BYPASSEN[6],76871,1
14,3,CFG_BYPASSEN[7],77335,1
14,3,CFG_BYPASSEN[8],78263,1
14,3,CFG_BYPASSEN[9],78727,1
14,3,CFG_CARRY_CRL[0],73972,128
14,3,CFG_CARRY_CRL[10],79076,128
14,3,CFG_CARRY_CRL[11],79540,128
14,3,CFG_CARRY_CRL[12],80004,128
14,3,CFG_CARRY_CRL[13],80468,128
14,3,CFG_CARRY_CRL[14],80932,128
14,3,CFG_CARRY_CRL[15],81396,128
14,3,CFG_CARRY_CRL[1],74436,128
14,3,CFG_CARRY_CRL[2],74900,128
14,3,CFG_CARRY_CRL[3],75364,128
14,3,CFG_CARRY_CRL[4],75828,128
14,3,CFG_CARRY_CRL[5],76292,128
14,3,CFG_CARRY_CRL[6],76756,128
14,3,CFG_CARRY_CRL[7],77220,128
14,3,CFG_CARRY_CRL[8],78148,128
14,3,CFG_CARRY_CRL[9],78612,128
14,3,CFG_LUTCMUX[0],74088,128
14,3,CFG_LUTCMUX[10],76408,128
14,3,CFG_LUTCMUX[11],76060,128
14,3,CFG_LUTCMUX[12],76872,128
14,3,CFG_LUTCMUX[13],76524,128
14,3,CFG_LUTCMUX[14],77336,128
14,3,CFG_LUTCMUX[15],76988,128
14,3,CFG_LUTCMUX[16],78264,128
14,3,CFG_LUTCMUX[17],77916,128
14,3,CFG_LUTCMUX[18],78728,128
14,3,CFG_LUTCMUX[19],78380,128
14,3,CFG_LUTCMUX[1],73740,128
14,3,CFG_LUTCMUX[20],79192,128
14,3,CFG_LUTCMUX[21],78844,128
14,3,CFG_LUTCMUX[22],79656,128
14,3,CFG_LUTCMUX[23],79308,128
14,3,CFG_LUTCMUX[24],80120,128
14,3,CFG_LUTCMUX[25],79772,128
14,3,CFG_LUTCMUX[26],80584,128
14,3,CFG_LUTCMUX[27],80236,128
14,3,CFG_LUTCMUX[28],81048,128
14,3,CFG_LUTCMUX[29],80700,128
14,3,CFG_LUTCMUX[2],74552,128
14,3,CFG_LUTCMUX[30],81512,128
14,3,CFG_LUTCMUX[31],81164,128
14,3,CFG_LUTCMUX[3],74204,128
14,3,CFG_LUTCMUX[4],75016,128
14,3,CFG_LUTCMUX[5],74668,128
14,3,CFG_LUTCMUX[6],75480,128
14,3,CFG_LUTCMUX[7],75132,128
14,3,CFG_LUTCMUX[8],75944,128
14,3,CFG_LUTCMUX[9],75596,128
14,4,CFG_BYPASSEN[0],66199,1
14,4,CFG_BYPASSEN[10],71303,1
14,4,CFG_BYPASSEN[11],71767,1
14,4,CFG_BYPASSEN[12],72231,1
14,4,CFG_BYPASSEN[13],72695,1
14,4,CFG_BYPASSEN[14],73159,1
14,4,CFG_BYPASSEN[15],73623,1
14,4,CFG_BYPASSEN[1],66663,1
14,4,CFG_BYPASSEN[2],67127,1
14,4,CFG_BYPASSEN[3],67591,1
14,4,CFG_BYPASSEN[4],68055,1
14,4,CFG_BYPASSEN[5],68519,1
14,4,CFG_BYPASSEN[6],68983,1
14,4,CFG_BYPASSEN[7],69447,1
14,4,CFG_BYPASSEN[8],70375,1
14,4,CFG_BYPASSEN[9],70839,1
14,4,CFG_CARRY_CRL[0],66084,128
14,4,CFG_CARRY_CRL[10],71188,128
14,4,CFG_CARRY_CRL[11],71652,128
14,4,CFG_CARRY_CRL[12],72116,128
14,4,CFG_CARRY_CRL[13],72580,128
14,4,CFG_CARRY_CRL[14],73044,128
14,4,CFG_CARRY_CRL[15],73508,128
14,4,CFG_CARRY_CRL[1],66548,128
14,4,CFG_CARRY_CRL[2],67012,128
14,4,CFG_CARRY_CRL[3],67476,128
14,4,CFG_CARRY_CRL[4],67940,128
14,4,CFG_CARRY_CRL[5],68404,128
14,4,CFG_CARRY_CRL[6],68868,128
14,4,CFG_CARRY_CRL[7],69332,128
14,4,CFG_CARRY_CRL[8],70260,128
14,4,CFG_CARRY_CRL[9],70724,128
14,4,CFG_LUTCMUX[0],66200,128
14,4,CFG_LUTCMUX[10],68520,128
14,4,CFG_LUTCMUX[11],68172,128
14,4,CFG_LUTCMUX[12],68984,128
14,4,CFG_LUTCMUX[13],68636,128
14,4,CFG_LUTCMUX[14],69448,128
14,4,CFG_LUTCMUX[15],69100,128
14,4,CFG_LUTCMUX[16],70376,128
14,4,CFG_LUTCMUX[17],70028,128
14,4,CFG_LUTCMUX[18],70840,128
14,4,CFG_LUTCMUX[19],70492,128
14,4,CFG_LUTCMUX[1],65852,128
14,4,CFG_LUTCMUX[20],71304,128
14,4,CFG_LUTCMUX[21],70956,128
14,4,CFG_LUTCMUX[22],71768,128
14,4,CFG_LUTCMUX[23],71420,128
14,4,CFG_LUTCMUX[24],72232,128
14,4,CFG_LUTCMUX[25],71884,128
14,4,CFG_LUTCMUX[26],72696,128
14,4,CFG_LUTCMUX[27],72348,128
14,4,CFG_LUTCMUX[28],73160,128
14,4,CFG_LUTCMUX[29],72812,128
14,4,CFG_LUTCMUX[2],66664,128
14,4,CFG_LUTCMUX[30],73624,128
14,4,CFG_LUTCMUX[31],73276,128
14,4,CFG_LUTCMUX[3],66316,128
14,4,CFG_LUTCMUX[4],67128,128
14,4,CFG_LUTCMUX[5],66780,128
14,4,CFG_LUTCMUX[6],67592,128
14,4,CFG_LUTCMUX[7],67244,128
14,4,CFG_LUTCMUX[8],68056,128
14,4,CFG_LUTCMUX[9],67708,128
14,5,CFG_BYPASSEN[0],58311,1
14,5,CFG_BYPASSEN[10],63415,1
14,5,CFG_BYPASSEN[11],63879,1
14,5,CFG_BYPASSEN[12],64343,1
14,5,CFG_BYPASSEN[13],64807,1
14,5,CFG_BYPASSEN[14],65271,1
14,5,CFG_BYPASSEN[15],65735,1
14,5,CFG_BYPASSEN[1],58775,1
14,5,CFG_BYPASSEN[2],59239,1
14,5,CFG_BYPASSEN[3],59703,1
14,5,CFG_BYPASSEN[4],60167,1
14,5,CFG_BYPASSEN[5],60631,1
14,5,CFG_BYPASSEN[6],61095,1
14,5,CFG_BYPASSEN[7],61559,1
14,5,CFG_BYPASSEN[8],62487,1
14,5,CFG_BYPASSEN[9],62951,1
14,5,CFG_CARRY_CRL[0],58196,128
14,5,CFG_CARRY_CRL[10],63300,128
14,5,CFG_CARRY_CRL[11],63764,128
14,5,CFG_CARRY_CRL[12],64228,128
14,5,CFG_CARRY_CRL[13],64692,128
14,5,CFG_CARRY_CRL[14],65156,128
14,5,CFG_CARRY_CRL[15],65620,128
14,5,CFG_CARRY_CRL[1],58660,128
14,5,CFG_CARRY_CRL[2],59124,128
14,5,CFG_CARRY_CRL[3],59588,128
14,5,CFG_CARRY_CRL[4],60052,128
14,5,CFG_CARRY_CRL[5],60516,128
14,5,CFG_CARRY_CRL[6],60980,128
14,5,CFG_CARRY_CRL[7],61444,128
14,5,CFG_CARRY_CRL[8],62372,128
14,5,CFG_CARRY_CRL[9],62836,128
14,5,CFG_LUTCMUX[0],58312,128
14,5,CFG_LUTCMUX[10],60632,128
14,5,CFG_LUTCMUX[11],60284,128
14,5,CFG_LUTCMUX[12],61096,128
14,5,CFG_LUTCMUX[13],60748,128
14,5,CFG_LUTCMUX[14],61560,128
14,5,CFG_LUTCMUX[15],61212,128
14,5,CFG_LUTCMUX[16],62488,128
14,5,CFG_LUTCMUX[17],62140,128
14,5,CFG_LUTCMUX[18],62952,128
14,5,CFG_LUTCMUX[19],62604,128
14,5,CFG_LUTCMUX[1],57964,128
14,5,CFG_LUTCMUX[20],63416,128
14,5,CFG_LUTCMUX[21],63068,128
14,5,CFG_LUTCMUX[22],63880,128
14,5,CFG_LUTCMUX[23],63532,128
14,5,CFG_LUTCMUX[24],64344,128
14,5,CFG_LUTCMUX[25],63996,128
14,5,CFG_LUTCMUX[26],64808,128
14,5,CFG_LUTCMUX[27],64460,128
14,5,CFG_LUTCMUX[28],65272,128
14,5,CFG_LUTCMUX[29],64924,128
14,5,CFG_LUTCMUX[2],58776,128
14,5,CFG_LUTCMUX[30],65736,128
14,5,CFG_LUTCMUX[31],65388,128
14,5,CFG_LUTCMUX[3],58428,128
14,5,CFG_LUTCMUX[4],59240,128
14,5,CFG_LUTCMUX[5],58892,128
14,5,CFG_LUTCMUX[6],59704,128
14,5,CFG_LUTCMUX[7],59356,128
14,5,CFG_LUTCMUX[8],60168,128
14,5,CFG_LUTCMUX[9],59820,128
14,6,CFG_BYPASSEN[0],50423,1
14,6,CFG_BYPASSEN[10],55527,1
14,6,CFG_BYPASSEN[11],55991,1
14,6,CFG_BYPASSEN[12],56455,1
14,6,CFG_BYPASSEN[13],56919,1
14,6,CFG_BYPASSEN[14],57383,1
14,6,CFG_BYPASSEN[15],57847,1
14,6,CFG_BYPASSEN[1],50887,1
14,6,CFG_BYPASSEN[2],51351,1
14,6,CFG_BYPASSEN[3],51815,1
14,6,CFG_BYPASSEN[4],52279,1
14,6,CFG_BYPASSEN[5],52743,1
14,6,CFG_BYPASSEN[6],53207,1
14,6,CFG_BYPASSEN[7],53671,1
14,6,CFG_BYPASSEN[8],54599,1
14,6,CFG_BYPASSEN[9],55063,1
14,6,CFG_CARRY_CRL[0],50308,128
14,6,CFG_CARRY_CRL[10],55412,128
14,6,CFG_CARRY_CRL[11],55876,128
14,6,CFG_CARRY_CRL[12],56340,128
14,6,CFG_CARRY_CRL[13],56804,128
14,6,CFG_CARRY_CRL[14],57268,128
14,6,CFG_CARRY_CRL[15],57732,128
14,6,CFG_CARRY_CRL[1],50772,128
14,6,CFG_CARRY_CRL[2],51236,128
14,6,CFG_CARRY_CRL[3],51700,128
14,6,CFG_CARRY_CRL[4],52164,128
14,6,CFG_CARRY_CRL[5],52628,128
14,6,CFG_CARRY_CRL[6],53092,128
14,6,CFG_CARRY_CRL[7],53556,128
14,6,CFG_CARRY_CRL[8],54484,128
14,6,CFG_CARRY_CRL[9],54948,128
14,6,CFG_LUTCMUX[0],50424,128
14,6,CFG_LUTCMUX[10],52744,128
14,6,CFG_LUTCMUX[11],52396,128
14,6,CFG_LUTCMUX[12],53208,128
14,6,CFG_LUTCMUX[13],52860,128
14,6,CFG_LUTCMUX[14],53672,128
14,6,CFG_LUTCMUX[15],53324,128
14,6,CFG_LUTCMUX[16],54600,128
14,6,CFG_LUTCMUX[17],54252,128
14,6,CFG_LUTCMUX[18],55064,128
14,6,CFG_LUTCMUX[19],54716,128
14,6,CFG_LUTCMUX[1],50076,128
14,6,CFG_LUTCMUX[20],55528,128
14,6,CFG_LUTCMUX[21],55180,128
14,6,CFG_LUTCMUX[22],55992,128
14,6,CFG_LUTCMUX[23],55644,128
14,6,CFG_LUTCMUX[24],56456,128
14,6,CFG_LUTCMUX[25],56108,128
14,6,CFG_LUTCMUX[26],56920,128
14,6,CFG_LUTCMUX[27],56572,128
14,6,CFG_LUTCMUX[28],57384,128
14,6,CFG_LUTCMUX[29],57036,128
14,6,CFG_LUTCMUX[2],50888,128
14,6,CFG_LUTCMUX[30],57848,128
14,6,CFG_LUTCMUX[31],57500,128
14,6,CFG_LUTCMUX[3],50540,128
14,6,CFG_LUTCMUX[4],51352,128
14,6,CFG_LUTCMUX[5],51004,128
14,6,CFG_LUTCMUX[6],51816,128
14,6,CFG_LUTCMUX[7],51468,128
14,6,CFG_LUTCMUX[8],52280,128
14,6,CFG_LUTCMUX[9],51932,128
14,7,CFG_BYPASSEN[0],42535,1
14,7,CFG_BYPASSEN[10],47639,1
14,7,CFG_BYPASSEN[11],48103,1
14,7,CFG_BYPASSEN[12],48567,1
14,7,CFG_BYPASSEN[13],49031,1
14,7,CFG_BYPASSEN[14],49495,1
14,7,CFG_BYPASSEN[15],49959,1
14,7,CFG_BYPASSEN[1],42999,1
14,7,CFG_BYPASSEN[2],43463,1
14,7,CFG_BYPASSEN[3],43927,1
14,7,CFG_BYPASSEN[4],44391,1
14,7,CFG_BYPASSEN[5],44855,1
14,7,CFG_BYPASSEN[6],45319,1
14,7,CFG_BYPASSEN[7],45783,1
14,7,CFG_BYPASSEN[8],46711,1
14,7,CFG_BYPASSEN[9],47175,1
14,7,CFG_CARRY_CRL[0],42420,128
14,7,CFG_CARRY_CRL[10],47524,128
14,7,CFG_CARRY_CRL[11],47988,128
14,7,CFG_CARRY_CRL[12],48452,128
14,7,CFG_CARRY_CRL[13],48916,128
14,7,CFG_CARRY_CRL[14],49380,128
14,7,CFG_CARRY_CRL[15],49844,128
14,7,CFG_CARRY_CRL[1],42884,128
14,7,CFG_CARRY_CRL[2],43348,128
14,7,CFG_CARRY_CRL[3],43812,128
14,7,CFG_CARRY_CRL[4],44276,128
14,7,CFG_CARRY_CRL[5],44740,128
14,7,CFG_CARRY_CRL[6],45204,128
14,7,CFG_CARRY_CRL[7],45668,128
14,7,CFG_CARRY_CRL[8],46596,128
14,7,CFG_CARRY_CRL[9],47060,128
14,7,CFG_LUTCMUX[0],42536,128
14,7,CFG_LUTCMUX[10],44856,128
14,7,CFG_LUTCMUX[11],44508,128
14,7,CFG_LUTCMUX[12],45320,128
14,7,CFG_LUTCMUX[13],44972,128
14,7,CFG_LUTCMUX[14],45784,128
14,7,CFG_LUTCMUX[15],45436,128
14,7,CFG_LUTCMUX[16],46712,128
14,7,CFG_LUTCMUX[17],46364,128
14,7,CFG_LUTCMUX[18],47176,128
14,7,CFG_LUTCMUX[19],46828,128
14,7,CFG_LUTCMUX[1],42188,128
14,7,CFG_LUTCMUX[20],47640,128
14,7,CFG_LUTCMUX[21],47292,128
14,7,CFG_LUTCMUX[22],48104,128
14,7,CFG_LUTCMUX[23],47756,128
14,7,CFG_LUTCMUX[24],48568,128
14,7,CFG_LUTCMUX[25],48220,128
14,7,CFG_LUTCMUX[26],49032,128
14,7,CFG_LUTCMUX[27],48684,128
14,7,CFG_LUTCMUX[28],49496,128
14,7,CFG_LUTCMUX[29],49148,128
14,7,CFG_LUTCMUX[2],43000,128
14,7,CFG_LUTCMUX[30],49960,128
14,7,CFG_LUTCMUX[31],49612,128
14,7,CFG_LUTCMUX[3],42652,128
14,7,CFG_LUTCMUX[4],43464,128
14,7,CFG_LUTCMUX[5],43116,128
14,7,CFG_LUTCMUX[6],43928,128
14,7,CFG_LUTCMUX[7],43580,128
14,7,CFG_LUTCMUX[8],44392,128
14,7,CFG_LUTCMUX[9],44044,128
14,8,CFG_BYPASSEN[0],34647,1
14,8,CFG_BYPASSEN[10],39751,1
14,8,CFG_BYPASSEN[11],40215,1
14,8,CFG_BYPASSEN[12],40679,1
14,8,CFG_BYPASSEN[13],41143,1
14,8,CFG_BYPASSEN[14],41607,1
14,8,CFG_BYPASSEN[15],42071,1
14,8,CFG_BYPASSEN[1],35111,1
14,8,CFG_BYPASSEN[2],35575,1
14,8,CFG_BYPASSEN[3],36039,1
14,8,CFG_BYPASSEN[4],36503,1
14,8,CFG_BYPASSEN[5],36967,1
14,8,CFG_BYPASSEN[6],37431,1
14,8,CFG_BYPASSEN[7],37895,1
14,8,CFG_BYPASSEN[8],38823,1
14,8,CFG_BYPASSEN[9],39287,1
14,8,CFG_CARRY_CRL[0],34532,128
14,8,CFG_CARRY_CRL[10],39636,128
14,8,CFG_CARRY_CRL[11],40100,128
14,8,CFG_CARRY_CRL[12],40564,128
14,8,CFG_CARRY_CRL[13],41028,128
14,8,CFG_CARRY_CRL[14],41492,128
14,8,CFG_CARRY_CRL[15],41956,128
14,8,CFG_CARRY_CRL[1],34996,128
14,8,CFG_CARRY_CRL[2],35460,128
14,8,CFG_CARRY_CRL[3],35924,128
14,8,CFG_CARRY_CRL[4],36388,128
14,8,CFG_CARRY_CRL[5],36852,128
14,8,CFG_CARRY_CRL[6],37316,128
14,8,CFG_CARRY_CRL[7],37780,128
14,8,CFG_CARRY_CRL[8],38708,128
14,8,CFG_CARRY_CRL[9],39172,128
14,8,CFG_LUTCMUX[0],34648,128
14,8,CFG_LUTCMUX[10],36968,128
14,8,CFG_LUTCMUX[11],36620,128
14,8,CFG_LUTCMUX[12],37432,128
14,8,CFG_LUTCMUX[13],37084,128
14,8,CFG_LUTCMUX[14],37896,128
14,8,CFG_LUTCMUX[15],37548,128
14,8,CFG_LUTCMUX[16],38824,128
14,8,CFG_LUTCMUX[17],38476,128
14,8,CFG_LUTCMUX[18],39288,128
14,8,CFG_LUTCMUX[19],38940,128
14,8,CFG_LUTCMUX[1],34300,128
14,8,CFG_LUTCMUX[20],39752,128
14,8,CFG_LUTCMUX[21],39404,128
14,8,CFG_LUTCMUX[22],40216,128
14,8,CFG_LUTCMUX[23],39868,128
14,8,CFG_LUTCMUX[24],40680,128
14,8,CFG_LUTCMUX[25],40332,128
14,8,CFG_LUTCMUX[26],41144,128
14,8,CFG_LUTCMUX[27],40796,128
14,8,CFG_LUTCMUX[28],41608,128
14,8,CFG_LUTCMUX[29],41260,128
14,8,CFG_LUTCMUX[2],35112,128
14,8,CFG_LUTCMUX[30],42072,128
14,8,CFG_LUTCMUX[31],41724,128
14,8,CFG_LUTCMUX[3],34764,128
14,8,CFG_LUTCMUX[4],35576,128
14,8,CFG_LUTCMUX[5],35228,128
14,8,CFG_LUTCMUX[6],36040,128
14,8,CFG_LUTCMUX[7],35692,128
14,8,CFG_LUTCMUX[8],36504,128
14,8,CFG_LUTCMUX[9],36156,128
14,9,CFG_BYPASSEN[0],26759,1
14,9,CFG_BYPASSEN[10],31863,1
14,9,CFG_BYPASSEN[11],32327,1
14,9,CFG_BYPASSEN[12],32791,1
14,9,CFG_BYPASSEN[13],33255,1
14,9,CFG_BYPASSEN[14],33719,1
14,9,CFG_BYPASSEN[15],34183,1
14,9,CFG_BYPASSEN[1],27223,1
14,9,CFG_BYPASSEN[2],27687,1
14,9,CFG_BYPASSEN[3],28151,1
14,9,CFG_BYPASSEN[4],28615,1
14,9,CFG_BYPASSEN[5],29079,1
14,9,CFG_BYPASSEN[6],29543,1
14,9,CFG_BYPASSEN[7],30007,1
14,9,CFG_BYPASSEN[8],30935,1
14,9,CFG_BYPASSEN[9],31399,1
14,9,CFG_CARRY_CRL[0],26644,128
14,9,CFG_CARRY_CRL[10],31748,128
14,9,CFG_CARRY_CRL[11],32212,128
14,9,CFG_CARRY_CRL[12],32676,128
14,9,CFG_CARRY_CRL[13],33140,128
14,9,CFG_CARRY_CRL[14],33604,128
14,9,CFG_CARRY_CRL[15],34068,128
14,9,CFG_CARRY_CRL[1],27108,128
14,9,CFG_CARRY_CRL[2],27572,128
14,9,CFG_CARRY_CRL[3],28036,128
14,9,CFG_CARRY_CRL[4],28500,128
14,9,CFG_CARRY_CRL[5],28964,128
14,9,CFG_CARRY_CRL[6],29428,128
14,9,CFG_CARRY_CRL[7],29892,128
14,9,CFG_CARRY_CRL[8],30820,128
14,9,CFG_CARRY_CRL[9],31284,128
14,9,CFG_LUTCMUX[0],26760,128
14,9,CFG_LUTCMUX[10],29080,128
14,9,CFG_LUTCMUX[11],28732,128
14,9,CFG_LUTCMUX[12],29544,128
14,9,CFG_LUTCMUX[13],29196,128
14,9,CFG_LUTCMUX[14],30008,128
14,9,CFG_LUTCMUX[15],29660,128
14,9,CFG_LUTCMUX[16],30936,128
14,9,CFG_LUTCMUX[17],30588,128
14,9,CFG_LUTCMUX[18],31400,128
14,9,CFG_LUTCMUX[19],31052,128
14,9,CFG_LUTCMUX[1],26412,128
14,9,CFG_LUTCMUX[20],31864,128
14,9,CFG_LUTCMUX[21],31516,128
14,9,CFG_LUTCMUX[22],32328,128
14,9,CFG_LUTCMUX[23],31980,128
14,9,CFG_LUTCMUX[24],32792,128
14,9,CFG_LUTCMUX[25],32444,128
14,9,CFG_LUTCMUX[26],33256,128
14,9,CFG_LUTCMUX[27],32908,128
14,9,CFG_LUTCMUX[28],33720,128
14,9,CFG_LUTCMUX[29],33372,128
14,9,CFG_LUTCMUX[2],27224,128
14,9,CFG_LUTCMUX[30],34184,128
14,9,CFG_LUTCMUX[31],33836,128
14,9,CFG_LUTCMUX[3],26876,128
14,9,CFG_LUTCMUX[4],27688,128
14,9,CFG_LUTCMUX[5],27340,128
14,9,CFG_LUTCMUX[6],28152,128
14,9,CFG_LUTCMUX[7],27804,128
14,9,CFG_LUTCMUX[8],28616,128
14,9,CFG_LUTCMUX[9],28268,128
14,10,CFG_BYPASSEN[0],18871,1
14,10,CFG_BYPASSEN[10],23975,1
14,10,CFG_BYPASSEN[11],24439,1
14,10,CFG_BYPASSEN[12],24903,1
14,10,CFG_BYPASSEN[13],25367,1
14,10,CFG_BYPASSEN[14],25831,1
14,10,CFG_BYPASSEN[15],26295,1
14,10,CFG_BYPASSEN[1],19335,1
14,10,CFG_BYPASSEN[2],19799,1
14,10,CFG_BYPASSEN[3],20263,1
14,10,CFG_BYPASSEN[4],20727,1
14,10,CFG_BYPASSEN[5],21191,1
14,10,CFG_BYPASSEN[6],21655,1
14,10,CFG_BYPASSEN[7],22119,1
14,10,CFG_BYPASSEN[8],23047,1
14,10,CFG_BYPASSEN[9],23511,1
14,10,CFG_CARRY_CRL[0],18756,128
14,10,CFG_CARRY_CRL[10],23860,128
14,10,CFG_CARRY_CRL[11],24324,128
14,10,CFG_CARRY_CRL[12],24788,128
14,10,CFG_CARRY_CRL[13],25252,128
14,10,CFG_CARRY_CRL[14],25716,128
14,10,CFG_CARRY_CRL[15],26180,128
14,10,CFG_CARRY_CRL[1],19220,128
14,10,CFG_CARRY_CRL[2],19684,128
14,10,CFG_CARRY_CRL[3],20148,128
14,10,CFG_CARRY_CRL[4],20612,128
14,10,CFG_CARRY_CRL[5],21076,128
14,10,CFG_CARRY_CRL[6],21540,128
14,10,CFG_CARRY_CRL[7],22004,128
14,10,CFG_CARRY_CRL[8],22932,128
14,10,CFG_CARRY_CRL[9],23396,128
14,10,CFG_LUTCMUX[0],18872,128
14,10,CFG_LUTCMUX[10],21192,128
14,10,CFG_LUTCMUX[11],20844,128
14,10,CFG_LUTCMUX[12],21656,128
14,10,CFG_LUTCMUX[13],21308,128
14,10,CFG_LUTCMUX[14],22120,128
14,10,CFG_LUTCMUX[15],21772,128
14,10,CFG_LUTCMUX[16],23048,128
14,10,CFG_LUTCMUX[17],22700,128
14,10,CFG_LUTCMUX[18],23512,128
14,10,CFG_LUTCMUX[19],23164,128
14,10,CFG_LUTCMUX[1],18524,128
14,10,CFG_LUTCMUX[20],23976,128
14,10,CFG_LUTCMUX[21],23628,128
14,10,CFG_LUTCMUX[22],24440,128
14,10,CFG_LUTCMUX[23],24092,128
14,10,CFG_LUTCMUX[24],24904,128
14,10,CFG_LUTCMUX[25],24556,128
14,10,CFG_LUTCMUX[26],25368,128
14,10,CFG_LUTCMUX[27],25020,128
14,10,CFG_LUTCMUX[28],25832,128
14,10,CFG_LUTCMUX[29],25484,128
14,10,CFG_LUTCMUX[2],19336,128
14,10,CFG_LUTCMUX[30],26296,128
14,10,CFG_LUTCMUX[31],25948,128
14,10,CFG_LUTCMUX[3],18988,128
14,10,CFG_LUTCMUX[4],19800,128
14,10,CFG_LUTCMUX[5],19452,128
14,10,CFG_LUTCMUX[6],20264,128
14,10,CFG_LUTCMUX[7],19916,128
14,10,CFG_LUTCMUX[8],20728,128
14,10,CFG_LUTCMUX[9],20380,128
14,11,CFG_BYPASSEN[0],10983,1
14,11,CFG_BYPASSEN[10],16087,1
14,11,CFG_BYPASSEN[11],16551,1
14,11,CFG_BYPASSEN[12],17015,1
14,11,CFG_BYPASSEN[13],17479,1
14,11,CFG_BYPASSEN[14],17943,1
14,11,CFG_BYPASSEN[15],18407,1
14,11,CFG_BYPASSEN[1],11447,1
14,11,CFG_BYPASSEN[2],11911,1
14,11,CFG_BYPASSEN[3],12375,1
14,11,CFG_BYPASSEN[4],12839,1
14,11,CFG_BYPASSEN[5],13303,1
14,11,CFG_BYPASSEN[6],13767,1
14,11,CFG_BYPASSEN[7],14231,1
14,11,CFG_BYPASSEN[8],15159,1
14,11,CFG_BYPASSEN[9],15623,1
14,11,CFG_CARRY_CRL[0],10868,128
14,11,CFG_CARRY_CRL[10],15972,128
14,11,CFG_CARRY_CRL[11],16436,128
14,11,CFG_CARRY_CRL[12],16900,128
14,11,CFG_CARRY_CRL[13],17364,128
14,11,CFG_CARRY_CRL[14],17828,128
14,11,CFG_CARRY_CRL[15],18292,128
14,11,CFG_CARRY_CRL[1],11332,128
14,11,CFG_CARRY_CRL[2],11796,128
14,11,CFG_CARRY_CRL[3],12260,128
14,11,CFG_CARRY_CRL[4],12724,128
14,11,CFG_CARRY_CRL[5],13188,128
14,11,CFG_CARRY_CRL[6],13652,128
14,11,CFG_CARRY_CRL[7],14116,128
14,11,CFG_CARRY_CRL[8],15044,128
14,11,CFG_CARRY_CRL[9],15508,128
14,11,CFG_LUTCMUX[0],10984,128
14,11,CFG_LUTCMUX[10],13304,128
14,11,CFG_LUTCMUX[11],12956,128
14,11,CFG_LUTCMUX[12],13768,128
14,11,CFG_LUTCMUX[13],13420,128
14,11,CFG_LUTCMUX[14],14232,128
14,11,CFG_LUTCMUX[15],13884,128
14,11,CFG_LUTCMUX[16],15160,128
14,11,CFG_LUTCMUX[17],14812,128
14,11,CFG_LUTCMUX[18],15624,128
14,11,CFG_LUTCMUX[19],15276,128
14,11,CFG_LUTCMUX[1],10636,128
14,11,CFG_LUTCMUX[20],16088,128
14,11,CFG_LUTCMUX[21],15740,128
14,11,CFG_LUTCMUX[22],16552,128
14,11,CFG_LUTCMUX[23],16204,128
14,11,CFG_LUTCMUX[24],17016,128
14,11,CFG_LUTCMUX[25],16668,128
14,11,CFG_LUTCMUX[26],17480,128
14,11,CFG_LUTCMUX[27],17132,128
14,11,CFG_LUTCMUX[28],17944,128
14,11,CFG_LUTCMUX[29],17596,128
14,11,CFG_LUTCMUX[2],11448,128
14,11,CFG_LUTCMUX[30],18408,128
14,11,CFG_LUTCMUX[31],18060,128
14,11,CFG_LUTCMUX[3],11100,128
14,11,CFG_LUTCMUX[4],11912,128
14,11,CFG_LUTCMUX[5],11564,128
14,11,CFG_LUTCMUX[6],12376,128
14,11,CFG_LUTCMUX[7],12028,128
14,11,CFG_LUTCMUX[8],12840,128
14,11,CFG_LUTCMUX[9],12492,128
14,12,CFG_BYPASSEN[0],3095,1
14,12,CFG_BYPASSEN[10],8199,1
14,12,CFG_BYPASSEN[11],8663,1
14,12,CFG_BYPASSEN[12],9127,1
14,12,CFG_BYPASSEN[13],9591,1
14,12,CFG_BYPASSEN[14],10055,1
14,12,CFG_BYPASSEN[15],10519,1
14,12,CFG_BYPASSEN[1],3559,1
14,12,CFG_BYPASSEN[2],4023,1
14,12,CFG_BYPASSEN[3],4487,1
14,12,CFG_BYPASSEN[4],4951,1
14,12,CFG_BYPASSEN[5],5415,1
14,12,CFG_BYPASSEN[6],5879,1
14,12,CFG_BYPASSEN[7],6343,1
14,12,CFG_BYPASSEN[8],7271,1
14,12,CFG_BYPASSEN[9],7735,1
14,12,CFG_CARRY_CRL[0],2980,128
14,12,CFG_CARRY_CRL[10],8084,128
14,12,CFG_CARRY_CRL[11],8548,128
14,12,CFG_CARRY_CRL[12],9012,128
14,12,CFG_CARRY_CRL[13],9476,128
14,12,CFG_CARRY_CRL[14],9940,128
14,12,CFG_CARRY_CRL[15],10404,128
14,12,CFG_CARRY_CRL[1],3444,128
14,12,CFG_CARRY_CRL[2],3908,128
14,12,CFG_CARRY_CRL[3],4372,128
14,12,CFG_CARRY_CRL[4],4836,128
14,12,CFG_CARRY_CRL[5],5300,128
14,12,CFG_CARRY_CRL[6],5764,128
14,12,CFG_CARRY_CRL[7],6228,128
14,12,CFG_CARRY_CRL[8],7156,128
14,12,CFG_CARRY_CRL[9],7620,128
14,12,CFG_LUTCMUX[0],3096,128
14,12,CFG_LUTCMUX[10],5416,128
14,12,CFG_LUTCMUX[11],5068,128
14,12,CFG_LUTCMUX[12],5880,128
14,12,CFG_LUTCMUX[13],5532,128
14,12,CFG_LUTCMUX[14],6344,128
14,12,CFG_LUTCMUX[15],5996,128
14,12,CFG_LUTCMUX[16],7272,128
14,12,CFG_LUTCMUX[17],6924,128
14,12,CFG_LUTCMUX[18],7736,128
14,12,CFG_LUTCMUX[19],7388,128
14,12,CFG_LUTCMUX[1],2748,128
14,12,CFG_LUTCMUX[20],8200,128
14,12,CFG_LUTCMUX[21],7852,128
14,12,CFG_LUTCMUX[22],8664,128
14,12,CFG_LUTCMUX[23],8316,128
14,12,CFG_LUTCMUX[24],9128,128
14,12,CFG_LUTCMUX[25],8780,128
14,12,CFG_LUTCMUX[26],9592,128
14,12,CFG_LUTCMUX[27],9244,128
14,12,CFG_LUTCMUX[28],10056,128
14,12,CFG_LUTCMUX[29],9708,128
14,12,CFG_LUTCMUX[2],3560,128
14,12,CFG_LUTCMUX[30],10520,128
14,12,CFG_LUTCMUX[31],10172,128
14,12,CFG_LUTCMUX[3],3212,128
14,12,CFG_LUTCMUX[4],4024,128
14,12,CFG_LUTCMUX[5],3676,128
14,12,CFG_LUTCMUX[6],4488,128
14,12,CFG_LUTCMUX[7],4140,128
14,12,CFG_LUTCMUX[8],4952,128
14,12,CFG_LUTCMUX[9],4604,128
15,1,CFG_BYPASSEN[0],89859,16
15,1,CFG_BYPASSEN[10],94963,16
15,1,CFG_BYPASSEN[11],95427,16
15,1,CFG_BYPASSEN[12],95891,16
15,1,CFG_BYPASSEN[13],96355,16
15,1,CFG_BYPASSEN[14],96819,16
15,1,CFG_BYPASSEN[15],97283,16
15,1,CFG_BYPASSEN[1],90323,16
15,1,CFG_BYPASSEN[2],90787,16
15,1,CFG_BYPASSEN[3],91251,16
15,1,CFG_BYPASSEN[4],91715,16
15,1,CFG_BYPASSEN[5],92179,16
15,1,CFG_BYPASSEN[6],92643,16
15,1,CFG_BYPASSEN[7],93107,16
15,1,CFG_BYPASSEN[8],94035,16
15,1,CFG_BYPASSEN[9],94499,16
15,1,CFG_CARRY_CRL[0],89743,8
15,1,CFG_CARRY_CRL[10],94847,8
15,1,CFG_CARRY_CRL[11],95311,8
15,1,CFG_CARRY_CRL[12],95775,8
15,1,CFG_CARRY_CRL[13],96239,8
15,1,CFG_CARRY_CRL[14],96703,8
15,1,CFG_CARRY_CRL[15],97167,8
15,1,CFG_CARRY_CRL[1],90207,8
15,1,CFG_CARRY_CRL[2],90671,8
15,1,CFG_CARRY_CRL[3],91135,8
15,1,CFG_CARRY_CRL[4],91599,8
15,1,CFG_CARRY_CRL[5],92063,8
15,1,CFG_CARRY_CRL[6],92527,8
15,1,CFG_CARRY_CRL[7],92991,8
15,1,CFG_CARRY_CRL[8],93919,8
15,1,CFG_CARRY_CRL[9],94383,8
15,1,CFG_LUTCMUX[0],89859,8
15,1,CFG_LUTCMUX[10],92179,8
15,1,CFG_LUTCMUX[11],91831,8
15,1,CFG_LUTCMUX[12],92643,8
15,1,CFG_LUTCMUX[13],92295,8
15,1,CFG_LUTCMUX[14],93107,8
15,1,CFG_LUTCMUX[15],92759,8
15,1,CFG_LUTCMUX[16],94035,8
15,1,CFG_LUTCMUX[17],93687,8
15,1,CFG_LUTCMUX[18],94499,8
15,1,CFG_LUTCMUX[19],94151,8
15,1,CFG_LUTCMUX[1],89511,8
15,1,CFG_LUTCMUX[20],94963,8
15,1,CFG_LUTCMUX[21],94615,8
15,1,CFG_LUTCMUX[22],95427,8
15,1,CFG_LUTCMUX[23],95079,8
15,1,CFG_LUTCMUX[24],95891,8
15,1,CFG_LUTCMUX[25],95543,8
15,1,CFG_LUTCMUX[26],96355,8
15,1,CFG_LUTCMUX[27],96007,8
15,1,CFG_LUTCMUX[28],96819,8
15,1,CFG_LUTCMUX[29],96471,8
15,1,CFG_LUTCMUX[2],90323,8
15,1,CFG_LUTCMUX[30],97283,8
15,1,CFG_LUTCMUX[31],96935,8
15,1,CFG_LUTCMUX[3],89975,8
15,1,CFG_LUTCMUX[4],90787,8
15,1,CFG_LUTCMUX[5],90439,8
15,1,CFG_LUTCMUX[6],91251,8
15,1,CFG_LUTCMUX[7],90903,8
15,1,CFG_LUTCMUX[8],91715,8
15,1,CFG_LUTCMUX[9],91367,8
15,2,CFG_BYPASSEN[0],81971,16
15,2,CFG_BYPASSEN[10],87075,16
15,2,CFG_BYPASSEN[11],87539,16
15,2,CFG_BYPASSEN[12],88003,16
15,2,CFG_BYPASSEN[13],88467,16
15,2,CFG_BYPASSEN[14],88931,16
15,2,CFG_BYPASSEN[15],89395,16
15,2,CFG_BYPASSEN[1],82435,16
15,2,CFG_BYPASSEN[2],82899,16
15,2,CFG_BYPASSEN[3],83363,16
15,2,CFG_BYPASSEN[4],83827,16
15,2,CFG_BYPASSEN[5],84291,16
15,2,CFG_BYPASSEN[6],84755,16
15,2,CFG_BYPASSEN[7],85219,16
15,2,CFG_BYPASSEN[8],86147,16
15,2,CFG_BYPASSEN[9],86611,16
15,2,CFG_CARRY_CRL[0],81855,8
15,2,CFG_CARRY_CRL[10],86959,8
15,2,CFG_CARRY_CRL[11],87423,8
15,2,CFG_CARRY_CRL[12],87887,8
15,2,CFG_CARRY_CRL[13],88351,8
15,2,CFG_CARRY_CRL[14],88815,8
15,2,CFG_CARRY_CRL[15],89279,8
15,2,CFG_CARRY_CRL[1],82319,8
15,2,CFG_CARRY_CRL[2],82783,8
15,2,CFG_CARRY_CRL[3],83247,8
15,2,CFG_CARRY_CRL[4],83711,8
15,2,CFG_CARRY_CRL[5],84175,8
15,2,CFG_CARRY_CRL[6],84639,8
15,2,CFG_CARRY_CRL[7],85103,8
15,2,CFG_CARRY_CRL[8],86031,8
15,2,CFG_CARRY_CRL[9],86495,8
15,2,CFG_LUTCMUX[0],81971,8
15,2,CFG_LUTCMUX[10],84291,8
15,2,CFG_LUTCMUX[11],83943,8
15,2,CFG_LUTCMUX[12],84755,8
15,2,CFG_LUTCMUX[13],84407,8
15,2,CFG_LUTCMUX[14],85219,8
15,2,CFG_LUTCMUX[15],84871,8
15,2,CFG_LUTCMUX[16],86147,8
15,2,CFG_LUTCMUX[17],85799,8
15,2,CFG_LUTCMUX[18],86611,8
15,2,CFG_LUTCMUX[19],86263,8
15,2,CFG_LUTCMUX[1],81623,8
15,2,CFG_LUTCMUX[20],87075,8
15,2,CFG_LUTCMUX[21],86727,8
15,2,CFG_LUTCMUX[22],87539,8
15,2,CFG_LUTCMUX[23],87191,8
15,2,CFG_LUTCMUX[24],88003,8
15,2,CFG_LUTCMUX[25],87655,8
15,2,CFG_LUTCMUX[26],88467,8
15,2,CFG_LUTCMUX[27],88119,8
15,2,CFG_LUTCMUX[28],88931,8
15,2,CFG_LUTCMUX[29],88583,8
15,2,CFG_LUTCMUX[2],82435,8
15,2,CFG_LUTCMUX[30],89395,8
15,2,CFG_LUTCMUX[31],89047,8
15,2,CFG_LUTCMUX[3],82087,8
15,2,CFG_LUTCMUX[4],82899,8
15,2,CFG_LUTCMUX[5],82551,8
15,2,CFG_LUTCMUX[6],83363,8
15,2,CFG_LUTCMUX[7],83015,8
15,2,CFG_LUTCMUX[8],83827,8
15,2,CFG_LUTCMUX[9],83479,8
15,3,CFG_BYPASSEN[0],74083,16
15,3,CFG_BYPASSEN[10],79187,16
15,3,CFG_BYPASSEN[11],79651,16
15,3,CFG_BYPASSEN[12],80115,16
15,3,CFG_BYPASSEN[13],80579,16
15,3,CFG_BYPASSEN[14],81043,16
15,3,CFG_BYPASSEN[15],81507,16
15,3,CFG_BYPASSEN[1],74547,16
15,3,CFG_BYPASSEN[2],75011,16
15,3,CFG_BYPASSEN[3],75475,16
15,3,CFG_BYPASSEN[4],75939,16
15,3,CFG_BYPASSEN[5],76403,16
15,3,CFG_BYPASSEN[6],76867,16
15,3,CFG_BYPASSEN[7],77331,16
15,3,CFG_BYPASSEN[8],78259,16
15,3,CFG_BYPASSEN[9],78723,16
15,3,CFG_CARRY_CRL[0],73967,8
15,3,CFG_CARRY_CRL[10],79071,8
15,3,CFG_CARRY_CRL[11],79535,8
15,3,CFG_CARRY_CRL[12],79999,8
15,3,CFG_CARRY_CRL[13],80463,8
15,3,CFG_CARRY_CRL[14],80927,8
15,3,CFG_CARRY_CRL[15],81391,8
15,3,CFG_CARRY_CRL[1],74431,8
15,3,CFG_CARRY_CRL[2],74895,8
15,3,CFG_CARRY_CRL[3],75359,8
15,3,CFG_CARRY_CRL[4],75823,8
15,3,CFG_CARRY_CRL[5],76287,8
15,3,CFG_CARRY_CRL[6],76751,8
15,3,CFG_CARRY_CRL[7],77215,8
15,3,CFG_CARRY_CRL[8],78143,8
15,3,CFG_CARRY_CRL[9],78607,8
15,3,CFG_LUTCMUX[0],74083,8
15,3,CFG_LUTCMUX[10],76403,8
15,3,CFG_LUTCMUX[11],76055,8
15,3,CFG_LUTCMUX[12],76867,8
15,3,CFG_LUTCMUX[13],76519,8
15,3,CFG_LUTCMUX[14],77331,8
15,3,CFG_LUTCMUX[15],76983,8
15,3,CFG_LUTCMUX[16],78259,8
15,3,CFG_LUTCMUX[17],77911,8
15,3,CFG_LUTCMUX[18],78723,8
15,3,CFG_LUTCMUX[19],78375,8
15,3,CFG_LUTCMUX[1],73735,8
15,3,CFG_LUTCMUX[20],79187,8
15,3,CFG_LUTCMUX[21],78839,8
15,3,CFG_LUTCMUX[22],79651,8
15,3,CFG_LUTCMUX[23],79303,8
15,3,CFG_LUTCMUX[24],80115,8
15,3,CFG_LUTCMUX[25],79767,8
15,3,CFG_LUTCMUX[26],80579,8
15,3,CFG_LUTCMUX[27],80231,8
15,3,CFG_LUTCMUX[28],81043,8
15,3,CFG_LUTCMUX[29],80695,8
15,3,CFG_LUTCMUX[2],74547,8
15,3,CFG_LUTCMUX[30],81507,8
15,3,CFG_LUTCMUX[31],81159,8
15,3,CFG_LUTCMUX[3],74199,8
15,3,CFG_LUTCMUX[4],75011,8
15,3,CFG_LUTCMUX[5],74663,8
15,3,CFG_LUTCMUX[6],75475,8
15,3,CFG_LUTCMUX[7],75127,8
15,3,CFG_LUTCMUX[8],75939,8
15,3,CFG_LUTCMUX[9],75591,8
15,4,CFG_BYPASSEN[0],66195,16
15,4,CFG_BYPASSEN[10],71299,16
15,4,CFG_BYPASSEN[11],71763,16
15,4,CFG_BYPASSEN[12],72227,16
15,4,CFG_BYPASSEN[13],72691,16
15,4,CFG_BYPASSEN[14],73155,16
15,4,CFG_BYPASSEN[15],73619,16
15,4,CFG_BYPASSEN[1],66659,16
15,4,CFG_BYPASSEN[2],67123,16
15,4,CFG_BYPASSEN[3],67587,16
15,4,CFG_BYPASSEN[4],68051,16
15,4,CFG_BYPASSEN[5],68515,16
15,4,CFG_BYPASSEN[6],68979,16
15,4,CFG_BYPASSEN[7],69443,16
15,4,CFG_BYPASSEN[8],70371,16
15,4,CFG_BYPASSEN[9],70835,16
15,4,CFG_CARRY_CRL[0],66079,8
15,4,CFG_CARRY_CRL[10],71183,8
15,4,CFG_CARRY_CRL[11],71647,8
15,4,CFG_CARRY_CRL[12],72111,8
15,4,CFG_CARRY_CRL[13],72575,8
15,4,CFG_CARRY_CRL[14],73039,8
15,4,CFG_CARRY_CRL[15],73503,8
15,4,CFG_CARRY_CRL[1],66543,8
15,4,CFG_CARRY_CRL[2],67007,8
15,4,CFG_CARRY_CRL[3],67471,8
15,4,CFG_CARRY_CRL[4],67935,8
15,4,CFG_CARRY_CRL[5],68399,8
15,4,CFG_CARRY_CRL[6],68863,8
15,4,CFG_CARRY_CRL[7],69327,8
15,4,CFG_CARRY_CRL[8],70255,8
15,4,CFG_CARRY_CRL[9],70719,8
15,4,CFG_LUTCMUX[0],66195,8
15,4,CFG_LUTCMUX[10],68515,8
15,4,CFG_LUTCMUX[11],68167,8
15,4,CFG_LUTCMUX[12],68979,8
15,4,CFG_LUTCMUX[13],68631,8
15,4,CFG_LUTCMUX[14],69443,8
15,4,CFG_LUTCMUX[15],69095,8
15,4,CFG_LUTCMUX[16],70371,8
15,4,CFG_LUTCMUX[17],70023,8
15,4,CFG_LUTCMUX[18],70835,8
15,4,CFG_LUTCMUX[19],70487,8
15,4,CFG_LUTCMUX[1],65847,8
15,4,CFG_LUTCMUX[20],71299,8
15,4,CFG_LUTCMUX[21],70951,8
15,4,CFG_LUTCMUX[22],71763,8
15,4,CFG_LUTCMUX[23],71415,8
15,4,CFG_LUTCMUX[24],72227,8
15,4,CFG_LUTCMUX[25],71879,8
15,4,CFG_LUTCMUX[26],72691,8
15,4,CFG_LUTCMUX[27],72343,8
15,4,CFG_LUTCMUX[28],73155,8
15,4,CFG_LUTCMUX[29],72807,8
15,4,CFG_LUTCMUX[2],66659,8
15,4,CFG_LUTCMUX[30],73619,8
15,4,CFG_LUTCMUX[31],73271,8
15,4,CFG_LUTCMUX[3],66311,8
15,4,CFG_LUTCMUX[4],67123,8
15,4,CFG_LUTCMUX[5],66775,8
15,4,CFG_LUTCMUX[6],67587,8
15,4,CFG_LUTCMUX[7],67239,8
15,4,CFG_LUTCMUX[8],68051,8
15,4,CFG_LUTCMUX[9],67703,8
15,5,CFG_BYPASSEN[0],58307,16
15,5,CFG_BYPASSEN[10],63411,16
15,5,CFG_BYPASSEN[11],63875,16
15,5,CFG_BYPASSEN[12],64339,16
15,5,CFG_BYPASSEN[13],64803,16
15,5,CFG_BYPASSEN[14],65267,16
15,5,CFG_BYPASSEN[15],65731,16
15,5,CFG_BYPASSEN[1],58771,16
15,5,CFG_BYPASSEN[2],59235,16
15,5,CFG_BYPASSEN[3],59699,16
15,5,CFG_BYPASSEN[4],60163,16
15,5,CFG_BYPASSEN[5],60627,16
15,5,CFG_BYPASSEN[6],61091,16
15,5,CFG_BYPASSEN[7],61555,16
15,5,CFG_BYPASSEN[8],62483,16
15,5,CFG_BYPASSEN[9],62947,16
15,5,CFG_CARRY_CRL[0],58191,8
15,5,CFG_CARRY_CRL[10],63295,8
15,5,CFG_CARRY_CRL[11],63759,8
15,5,CFG_CARRY_CRL[12],64223,8
15,5,CFG_CARRY_CRL[13],64687,8
15,5,CFG_CARRY_CRL[14],65151,8
15,5,CFG_CARRY_CRL[15],65615,8
15,5,CFG_CARRY_CRL[1],58655,8
15,5,CFG_CARRY_CRL[2],59119,8
15,5,CFG_CARRY_CRL[3],59583,8
15,5,CFG_CARRY_CRL[4],60047,8
15,5,CFG_CARRY_CRL[5],60511,8
15,5,CFG_CARRY_CRL[6],60975,8
15,5,CFG_CARRY_CRL[7],61439,8
15,5,CFG_CARRY_CRL[8],62367,8
15,5,CFG_CARRY_CRL[9],62831,8
15,5,CFG_LUTCMUX[0],58307,8
15,5,CFG_LUTCMUX[10],60627,8
15,5,CFG_LUTCMUX[11],60279,8
15,5,CFG_LUTCMUX[12],61091,8
15,5,CFG_LUTCMUX[13],60743,8
15,5,CFG_LUTCMUX[14],61555,8
15,5,CFG_LUTCMUX[15],61207,8
15,5,CFG_LUTCMUX[16],62483,8
15,5,CFG_LUTCMUX[17],62135,8
15,5,CFG_LUTCMUX[18],62947,8
15,5,CFG_LUTCMUX[19],62599,8
15,5,CFG_LUTCMUX[1],57959,8
15,5,CFG_LUTCMUX[20],63411,8
15,5,CFG_LUTCMUX[21],63063,8
15,5,CFG_LUTCMUX[22],63875,8
15,5,CFG_LUTCMUX[23],63527,8
15,5,CFG_LUTCMUX[24],64339,8
15,5,CFG_LUTCMUX[25],63991,8
15,5,CFG_LUTCMUX[26],64803,8
15,5,CFG_LUTCMUX[27],64455,8
15,5,CFG_LUTCMUX[28],65267,8
15,5,CFG_LUTCMUX[29],64919,8
15,5,CFG_LUTCMUX[2],58771,8
15,5,CFG_LUTCMUX[30],65731,8
15,5,CFG_LUTCMUX[31],65383,8
15,5,CFG_LUTCMUX[3],58423,8
15,5,CFG_LUTCMUX[4],59235,8
15,5,CFG_LUTCMUX[5],58887,8
15,5,CFG_LUTCMUX[6],59699,8
15,5,CFG_LUTCMUX[7],59351,8
15,5,CFG_LUTCMUX[8],60163,8
15,5,CFG_LUTCMUX[9],59815,8
15,6,CFG_BYPASSEN[0],50419,16
15,6,CFG_BYPASSEN[10],55523,16
15,6,CFG_BYPASSEN[11],55987,16
15,6,CFG_BYPASSEN[12],56451,16
15,6,CFG_BYPASSEN[13],56915,16
15,6,CFG_BYPASSEN[14],57379,16
15,6,CFG_BYPASSEN[15],57843,16
15,6,CFG_BYPASSEN[1],50883,16
15,6,CFG_BYPASSEN[2],51347,16
15,6,CFG_BYPASSEN[3],51811,16
15,6,CFG_BYPASSEN[4],52275,16
15,6,CFG_BYPASSEN[5],52739,16
15,6,CFG_BYPASSEN[6],53203,16
15,6,CFG_BYPASSEN[7],53667,16
15,6,CFG_BYPASSEN[8],54595,16
15,6,CFG_BYPASSEN[9],55059,16
15,6,CFG_CARRY_CRL[0],50303,8
15,6,CFG_CARRY_CRL[10],55407,8
15,6,CFG_CARRY_CRL[11],55871,8
15,6,CFG_CARRY_CRL[12],56335,8
15,6,CFG_CARRY_CRL[13],56799,8
15,6,CFG_CARRY_CRL[14],57263,8
15,6,CFG_CARRY_CRL[15],57727,8
15,6,CFG_CARRY_CRL[1],50767,8
15,6,CFG_CARRY_CRL[2],51231,8
15,6,CFG_CARRY_CRL[3],51695,8
15,6,CFG_CARRY_CRL[4],52159,8
15,6,CFG_CARRY_CRL[5],52623,8
15,6,CFG_CARRY_CRL[6],53087,8
15,6,CFG_CARRY_CRL[7],53551,8
15,6,CFG_CARRY_CRL[8],54479,8
15,6,CFG_CARRY_CRL[9],54943,8
15,6,CFG_LUTCMUX[0],50419,8
15,6,CFG_LUTCMUX[10],52739,8
15,6,CFG_LUTCMUX[11],52391,8
15,6,CFG_LUTCMUX[12],53203,8
15,6,CFG_LUTCMUX[13],52855,8
15,6,CFG_LUTCMUX[14],53667,8
15,6,CFG_LUTCMUX[15],53319,8
15,6,CFG_LUTCMUX[16],54595,8
15,6,CFG_LUTCMUX[17],54247,8
15,6,CFG_LUTCMUX[18],55059,8
15,6,CFG_LUTCMUX[19],54711,8
15,6,CFG_LUTCMUX[1],50071,8
15,6,CFG_LUTCMUX[20],55523,8
15,6,CFG_LUTCMUX[21],55175,8
15,6,CFG_LUTCMUX[22],55987,8
15,6,CFG_LUTCMUX[23],55639,8
15,6,CFG_LUTCMUX[24],56451,8
15,6,CFG_LUTCMUX[25],56103,8
15,6,CFG_LUTCMUX[26],56915,8
15,6,CFG_LUTCMUX[27],56567,8
15,6,CFG_LUTCMUX[28],57379,8
15,6,CFG_LUTCMUX[29],57031,8
15,6,CFG_LUTCMUX[2],50883,8
15,6,CFG_LUTCMUX[30],57843,8
15,6,CFG_LUTCMUX[31],57495,8
15,6,CFG_LUTCMUX[3],50535,8
15,6,CFG_LUTCMUX[4],51347,8
15,6,CFG_LUTCMUX[5],50999,8
15,6,CFG_LUTCMUX[6],51811,8
15,6,CFG_LUTCMUX[7],51463,8
15,6,CFG_LUTCMUX[8],52275,8
15,6,CFG_LUTCMUX[9],51927,8
15,7,CFG_BYPASSEN[0],42531,16
15,7,CFG_BYPASSEN[10],47635,16
15,7,CFG_BYPASSEN[11],48099,16
15,7,CFG_BYPASSEN[12],48563,16
15,7,CFG_BYPASSEN[13],49027,16
15,7,CFG_BYPASSEN[14],49491,16
15,7,CFG_BYPASSEN[15],49955,16
15,7,CFG_BYPASSEN[1],42995,16
15,7,CFG_BYPASSEN[2],43459,16
15,7,CFG_BYPASSEN[3],43923,16
15,7,CFG_BYPASSEN[4],44387,16
15,7,CFG_BYPASSEN[5],44851,16
15,7,CFG_BYPASSEN[6],45315,16
15,7,CFG_BYPASSEN[7],45779,16
15,7,CFG_BYPASSEN[8],46707,16
15,7,CFG_BYPASSEN[9],47171,16
15,7,CFG_CARRY_CRL[0],42415,8
15,7,CFG_CARRY_CRL[10],47519,8
15,7,CFG_CARRY_CRL[11],47983,8
15,7,CFG_CARRY_CRL[12],48447,8
15,7,CFG_CARRY_CRL[13],48911,8
15,7,CFG_CARRY_CRL[14],49375,8
15,7,CFG_CARRY_CRL[15],49839,8
15,7,CFG_CARRY_CRL[1],42879,8
15,7,CFG_CARRY_CRL[2],43343,8
15,7,CFG_CARRY_CRL[3],43807,8
15,7,CFG_CARRY_CRL[4],44271,8
15,7,CFG_CARRY_CRL[5],44735,8
15,7,CFG_CARRY_CRL[6],45199,8
15,7,CFG_CARRY_CRL[7],45663,8
15,7,CFG_CARRY_CRL[8],46591,8
15,7,CFG_CARRY_CRL[9],47055,8
15,7,CFG_LUTCMUX[0],42531,8
15,7,CFG_LUTCMUX[10],44851,8
15,7,CFG_LUTCMUX[11],44503,8
15,7,CFG_LUTCMUX[12],45315,8
15,7,CFG_LUTCMUX[13],44967,8
15,7,CFG_LUTCMUX[14],45779,8
15,7,CFG_LUTCMUX[15],45431,8
15,7,CFG_LUTCMUX[16],46707,8
15,7,CFG_LUTCMUX[17],46359,8
15,7,CFG_LUTCMUX[18],47171,8
15,7,CFG_LUTCMUX[19],46823,8
15,7,CFG_LUTCMUX[1],42183,8
15,7,CFG_LUTCMUX[20],47635,8
15,7,CFG_LUTCMUX[21],47287,8
15,7,CFG_LUTCMUX[22],48099,8
15,7,CFG_LUTCMUX[23],47751,8
15,7,CFG_LUTCMUX[24],48563,8
15,7,CFG_LUTCMUX[25],48215,8
15,7,CFG_LUTCMUX[26],49027,8
15,7,CFG_LUTCMUX[27],48679,8
15,7,CFG_LUTCMUX[28],49491,8
15,7,CFG_LUTCMUX[29],49143,8
15,7,CFG_LUTCMUX[2],42995,8
15,7,CFG_LUTCMUX[30],49955,8
15,7,CFG_LUTCMUX[31],49607,8
15,7,CFG_LUTCMUX[3],42647,8
15,7,CFG_LUTCMUX[4],43459,8
15,7,CFG_LUTCMUX[5],43111,8
15,7,CFG_LUTCMUX[6],43923,8
15,7,CFG_LUTCMUX[7],43575,8
15,7,CFG_LUTCMUX[8],44387,8
15,7,CFG_LUTCMUX[9],44039,8
15,8,CFG_BYPASSEN[0],34643,16
15,8,CFG_BYPASSEN[10],39747,16
15,8,CFG_BYPASSEN[11],40211,16
15,8,CFG_BYPASSEN[12],40675,16
15,8,CFG_BYPASSEN[13],41139,16
15,8,CFG_BYPASSEN[14],41603,16
15,8,CFG_BYPASSEN[15],42067,16
15,8,CFG_BYPASSEN[1],35107,16
15,8,CFG_BYPASSEN[2],35571,16
15,8,CFG_BYPASSEN[3],36035,16
15,8,CFG_BYPASSEN[4],36499,16
15,8,CFG_BYPASSEN[5],36963,16
15,8,CFG_BYPASSEN[6],37427,16
15,8,CFG_BYPASSEN[7],37891,16
15,8,CFG_BYPASSEN[8],38819,16
15,8,CFG_BYPASSEN[9],39283,16
15,8,CFG_CARRY_CRL[0],34527,8
15,8,CFG_CARRY_CRL[10],39631,8
15,8,CFG_CARRY_CRL[11],40095,8
15,8,CFG_CARRY_CRL[12],40559,8
15,8,CFG_CARRY_CRL[13],41023,8
15,8,CFG_CARRY_CRL[14],41487,8
15,8,CFG_CARRY_CRL[15],41951,8
15,8,CFG_CARRY_CRL[1],34991,8
15,8,CFG_CARRY_CRL[2],35455,8
15,8,CFG_CARRY_CRL[3],35919,8
15,8,CFG_CARRY_CRL[4],36383,8
15,8,CFG_CARRY_CRL[5],36847,8
15,8,CFG_CARRY_CRL[6],37311,8
15,8,CFG_CARRY_CRL[7],37775,8
15,8,CFG_CARRY_CRL[8],38703,8
15,8,CFG_CARRY_CRL[9],39167,8
15,8,CFG_LUTCMUX[0],34643,8
15,8,CFG_LUTCMUX[10],36963,8
15,8,CFG_LUTCMUX[11],36615,8
15,8,CFG_LUTCMUX[12],37427,8
15,8,CFG_LUTCMUX[13],37079,8
15,8,CFG_LUTCMUX[14],37891,8
15,8,CFG_LUTCMUX[15],37543,8
15,8,CFG_LUTCMUX[16],38819,8
15,8,CFG_LUTCMUX[17],38471,8
15,8,CFG_LUTCMUX[18],39283,8
15,8,CFG_LUTCMUX[19],38935,8
15,8,CFG_LUTCMUX[1],34295,8
15,8,CFG_LUTCMUX[20],39747,8
15,8,CFG_LUTCMUX[21],39399,8
15,8,CFG_LUTCMUX[22],40211,8
15,8,CFG_LUTCMUX[23],39863,8
15,8,CFG_LUTCMUX[24],40675,8
15,8,CFG_LUTCMUX[25],40327,8
15,8,CFG_LUTCMUX[26],41139,8
15,8,CFG_LUTCMUX[27],40791,8
15,8,CFG_LUTCMUX[28],41603,8
15,8,CFG_LUTCMUX[29],41255,8
15,8,CFG_LUTCMUX[2],35107,8
15,8,CFG_LUTCMUX[30],42067,8
15,8,CFG_LUTCMUX[31],41719,8
15,8,CFG_LUTCMUX[3],34759,8
15,8,CFG_LUTCMUX[4],35571,8
15,8,CFG_LUTCMUX[5],35223,8
15,8,CFG_LUTCMUX[6],36035,8
15,8,CFG_LUTCMUX[7],35687,8
15,8,CFG_LUTCMUX[8],36499,8
15,8,CFG_LUTCMUX[9],36151,8
15,9,CFG_BYPASSEN[0],26755,16
15,9,CFG_BYPASSEN[10],31859,16
15,9,CFG_BYPASSEN[11],32323,16
15,9,CFG_BYPASSEN[12],32787,16
15,9,CFG_BYPASSEN[13],33251,16
15,9,CFG_BYPASSEN[14],33715,16
15,9,CFG_BYPASSEN[15],34179,16
15,9,CFG_BYPASSEN[1],27219,16
15,9,CFG_BYPASSEN[2],27683,16
15,9,CFG_BYPASSEN[3],28147,16
15,9,CFG_BYPASSEN[4],28611,16
15,9,CFG_BYPASSEN[5],29075,16
15,9,CFG_BYPASSEN[6],29539,16
15,9,CFG_BYPASSEN[7],30003,16
15,9,CFG_BYPASSEN[8],30931,16
15,9,CFG_BYPASSEN[9],31395,16
15,9,CFG_CARRY_CRL[0],26639,8
15,9,CFG_CARRY_CRL[10],31743,8
15,9,CFG_CARRY_CRL[11],32207,8
15,9,CFG_CARRY_CRL[12],32671,8
15,9,CFG_CARRY_CRL[13],33135,8
15,9,CFG_CARRY_CRL[14],33599,8
15,9,CFG_CARRY_CRL[15],34063,8
15,9,CFG_CARRY_CRL[1],27103,8
15,9,CFG_CARRY_CRL[2],27567,8
15,9,CFG_CARRY_CRL[3],28031,8
15,9,CFG_CARRY_CRL[4],28495,8
15,9,CFG_CARRY_CRL[5],28959,8
15,9,CFG_CARRY_CRL[6],29423,8
15,9,CFG_CARRY_CRL[7],29887,8
15,9,CFG_CARRY_CRL[8],30815,8
15,9,CFG_CARRY_CRL[9],31279,8
15,9,CFG_LUTCMUX[0],26755,8
15,9,CFG_LUTCMUX[10],29075,8
15,9,CFG_LUTCMUX[11],28727,8
15,9,CFG_LUTCMUX[12],29539,8
15,9,CFG_LUTCMUX[13],29191,8
15,9,CFG_LUTCMUX[14],30003,8
15,9,CFG_LUTCMUX[15],29655,8
15,9,CFG_LUTCMUX[16],30931,8
15,9,CFG_LUTCMUX[17],30583,8
15,9,CFG_LUTCMUX[18],31395,8
15,9,CFG_LUTCMUX[19],31047,8
15,9,CFG_LUTCMUX[1],26407,8
15,9,CFG_LUTCMUX[20],31859,8
15,9,CFG_LUTCMUX[21],31511,8
15,9,CFG_LUTCMUX[22],32323,8
15,9,CFG_LUTCMUX[23],31975,8
15,9,CFG_LUTCMUX[24],32787,8
15,9,CFG_LUTCMUX[25],32439,8
15,9,CFG_LUTCMUX[26],33251,8
15,9,CFG_LUTCMUX[27],32903,8
15,9,CFG_LUTCMUX[28],33715,8
15,9,CFG_LUTCMUX[29],33367,8
15,9,CFG_LUTCMUX[2],27219,8
15,9,CFG_LUTCMUX[30],34179,8
15,9,CFG_LUTCMUX[31],33831,8
15,9,CFG_LUTCMUX[3],26871,8
15,9,CFG_LUTCMUX[4],27683,8
15,9,CFG_LUTCMUX[5],27335,8
15,9,CFG_LUTCMUX[6],28147,8
15,9,CFG_LUTCMUX[7],27799,8
15,9,CFG_LUTCMUX[8],28611,8
15,9,CFG_LUTCMUX[9],28263,8
15,10,CFG_BYPASSEN[0],18867,16
15,10,CFG_BYPASSEN[10],23971,16
15,10,CFG_BYPASSEN[11],24435,16
15,10,CFG_BYPASSEN[12],24899,16
15,10,CFG_BYPASSEN[13],25363,16
15,10,CFG_BYPASSEN[14],25827,16
15,10,CFG_BYPASSEN[15],26291,16
15,10,CFG_BYPASSEN[1],19331,16
15,10,CFG_BYPASSEN[2],19795,16
15,10,CFG_BYPASSEN[3],20259,16
15,10,CFG_BYPASSEN[4],20723,16
15,10,CFG_BYPASSEN[5],21187,16
15,10,CFG_BYPASSEN[6],21651,16
15,10,CFG_BYPASSEN[7],22115,16
15,10,CFG_BYPASSEN[8],23043,16
15,10,CFG_BYPASSEN[9],23507,16
15,10,CFG_CARRY_CRL[0],18751,8
15,10,CFG_CARRY_CRL[10],23855,8
15,10,CFG_CARRY_CRL[11],24319,8
15,10,CFG_CARRY_CRL[12],24783,8
15,10,CFG_CARRY_CRL[13],25247,8
15,10,CFG_CARRY_CRL[14],25711,8
15,10,CFG_CARRY_CRL[15],26175,8
15,10,CFG_CARRY_CRL[1],19215,8
15,10,CFG_CARRY_CRL[2],19679,8
15,10,CFG_CARRY_CRL[3],20143,8
15,10,CFG_CARRY_CRL[4],20607,8
15,10,CFG_CARRY_CRL[5],21071,8
15,10,CFG_CARRY_CRL[6],21535,8
15,10,CFG_CARRY_CRL[7],21999,8
15,10,CFG_CARRY_CRL[8],22927,8
15,10,CFG_CARRY_CRL[9],23391,8
15,10,CFG_LUTCMUX[0],18867,8
15,10,CFG_LUTCMUX[10],21187,8
15,10,CFG_LUTCMUX[11],20839,8
15,10,CFG_LUTCMUX[12],21651,8
15,10,CFG_LUTCMUX[13],21303,8
15,10,CFG_LUTCMUX[14],22115,8
15,10,CFG_LUTCMUX[15],21767,8
15,10,CFG_LUTCMUX[16],23043,8
15,10,CFG_LUTCMUX[17],22695,8
15,10,CFG_LUTCMUX[18],23507,8
15,10,CFG_LUTCMUX[19],23159,8
15,10,CFG_LUTCMUX[1],18519,8
15,10,CFG_LUTCMUX[20],23971,8
15,10,CFG_LUTCMUX[21],23623,8
15,10,CFG_LUTCMUX[22],24435,8
15,10,CFG_LUTCMUX[23],24087,8
15,10,CFG_LUTCMUX[24],24899,8
15,10,CFG_LUTCMUX[25],24551,8
15,10,CFG_LUTCMUX[26],25363,8
15,10,CFG_LUTCMUX[27],25015,8
15,10,CFG_LUTCMUX[28],25827,8
15,10,CFG_LUTCMUX[29],25479,8
15,10,CFG_LUTCMUX[2],19331,8
15,10,CFG_LUTCMUX[30],26291,8
15,10,CFG_LUTCMUX[31],25943,8
15,10,CFG_LUTCMUX[3],18983,8
15,10,CFG_LUTCMUX[4],19795,8
15,10,CFG_LUTCMUX[5],19447,8
15,10,CFG_LUTCMUX[6],20259,8
15,10,CFG_LUTCMUX[7],19911,8
15,10,CFG_LUTCMUX[8],20723,8
15,10,CFG_LUTCMUX[9],20375,8
15,11,CFG_BYPASSEN[0],10979,16
15,11,CFG_BYPASSEN[10],16083,16
15,11,CFG_BYPASSEN[11],16547,16
15,11,CFG_BYPASSEN[12],17011,16
15,11,CFG_BYPASSEN[13],17475,16
15,11,CFG_BYPASSEN[14],17939,16
15,11,CFG_BYPASSEN[15],18403,16
15,11,CFG_BYPASSEN[1],11443,16
15,11,CFG_BYPASSEN[2],11907,16
15,11,CFG_BYPASSEN[3],12371,16
15,11,CFG_BYPASSEN[4],12835,16
15,11,CFG_BYPASSEN[5],13299,16
15,11,CFG_BYPASSEN[6],13763,16
15,11,CFG_BYPASSEN[7],14227,16
15,11,CFG_BYPASSEN[8],15155,16
15,11,CFG_BYPASSEN[9],15619,16
15,11,CFG_CARRY_CRL[0],10863,8
15,11,CFG_CARRY_CRL[10],15967,8
15,11,CFG_CARRY_CRL[11],16431,8
15,11,CFG_CARRY_CRL[12],16895,8
15,11,CFG_CARRY_CRL[13],17359,8
15,11,CFG_CARRY_CRL[14],17823,8
15,11,CFG_CARRY_CRL[15],18287,8
15,11,CFG_CARRY_CRL[1],11327,8
15,11,CFG_CARRY_CRL[2],11791,8
15,11,CFG_CARRY_CRL[3],12255,8
15,11,CFG_CARRY_CRL[4],12719,8
15,11,CFG_CARRY_CRL[5],13183,8
15,11,CFG_CARRY_CRL[6],13647,8
15,11,CFG_CARRY_CRL[7],14111,8
15,11,CFG_CARRY_CRL[8],15039,8
15,11,CFG_CARRY_CRL[9],15503,8
15,11,CFG_LUTCMUX[0],10979,8
15,11,CFG_LUTCMUX[10],13299,8
15,11,CFG_LUTCMUX[11],12951,8
15,11,CFG_LUTCMUX[12],13763,8
15,11,CFG_LUTCMUX[13],13415,8
15,11,CFG_LUTCMUX[14],14227,8
15,11,CFG_LUTCMUX[15],13879,8
15,11,CFG_LUTCMUX[16],15155,8
15,11,CFG_LUTCMUX[17],14807,8
15,11,CFG_LUTCMUX[18],15619,8
15,11,CFG_LUTCMUX[19],15271,8
15,11,CFG_LUTCMUX[1],10631,8
15,11,CFG_LUTCMUX[20],16083,8
15,11,CFG_LUTCMUX[21],15735,8
15,11,CFG_LUTCMUX[22],16547,8
15,11,CFG_LUTCMUX[23],16199,8
15,11,CFG_LUTCMUX[24],17011,8
15,11,CFG_LUTCMUX[25],16663,8
15,11,CFG_LUTCMUX[26],17475,8
15,11,CFG_LUTCMUX[27],17127,8
15,11,CFG_LUTCMUX[28],17939,8
15,11,CFG_LUTCMUX[29],17591,8
15,11,CFG_LUTCMUX[2],11443,8
15,11,CFG_LUTCMUX[30],18403,8
15,11,CFG_LUTCMUX[31],18055,8
15,11,CFG_LUTCMUX[3],11095,8
15,11,CFG_LUTCMUX[4],11907,8
15,11,CFG_LUTCMUX[5],11559,8
15,11,CFG_LUTCMUX[6],12371,8
15,11,CFG_LUTCMUX[7],12023,8
15,11,CFG_LUTCMUX[8],12835,8
15,11,CFG_LUTCMUX[9],12487,8
15,12,CFG_BYPASSEN[0],3091,16
15,12,CFG_BYPASSEN[10],8195,16
15,12,CFG_BYPASSEN[11],8659,16
15,12,CFG_BYPASSEN[12],9123,16
15,12,CFG_BYPASSEN[13],9587,16
15,12,CFG_BYPASSEN[14],10051,16
15,12,CFG_BYPASSEN[15],10515,16
15,12,CFG_BYPASSEN[1],3555,16
15,12,CFG_BYPASSEN[2],4019,16
15,12,CFG_BYPASSEN[3],4483,16
15,12,CFG_BYPASSEN[4],4947,16
15,12,CFG_BYPASSEN[5],5411,16
15,12,CFG_BYPASSEN[6],5875,16
15,12,CFG_BYPASSEN[7],6339,16
15,12,CFG_BYPASSEN[8],7267,16
15,12,CFG_BYPASSEN[9],7731,16
15,12,CFG_CARRY_CRL[0],2975,8
15,12,CFG_CARRY_CRL[10],8079,8
15,12,CFG_CARRY_CRL[11],8543,8
15,12,CFG_CARRY_CRL[12],9007,8
15,12,CFG_CARRY_CRL[13],9471,8
15,12,CFG_CARRY_CRL[14],9935,8
15,12,CFG_CARRY_CRL[15],10399,8
15,12,CFG_CARRY_CRL[1],3439,8
15,12,CFG_CARRY_CRL[2],3903,8
15,12,CFG_CARRY_CRL[3],4367,8
15,12,CFG_CARRY_CRL[4],4831,8
15,12,CFG_CARRY_CRL[5],5295,8
15,12,CFG_CARRY_CRL[6],5759,8
15,12,CFG_CARRY_CRL[7],6223,8
15,12,CFG_CARRY_CRL[8],7151,8
15,12,CFG_CARRY_CRL[9],7615,8
15,12,CFG_LUTCMUX[0],3091,8
15,12,CFG_LUTCMUX[10],5411,8
15,12,CFG_LUTCMUX[11],5063,8
15,12,CFG_LUTCMUX[12],5875,8
15,12,CFG_LUTCMUX[13],5527,8
15,12,CFG_LUTCMUX[14],6339,8
15,12,CFG_LUTCMUX[15],5991,8
15,12,CFG_LUTCMUX[16],7267,8
15,12,CFG_LUTCMUX[17],6919,8
15,12,CFG_LUTCMUX[18],7731,8
15,12,CFG_LUTCMUX[19],7383,8
15,12,CFG_LUTCMUX[1],2743,8
15,12,CFG_LUTCMUX[20],8195,8
15,12,CFG_LUTCMUX[21],7847,8
15,12,CFG_LUTCMUX[22],8659,8
15,12,CFG_LUTCMUX[23],8311,8
15,12,CFG_LUTCMUX[24],9123,8
15,12,CFG_LUTCMUX[25],8775,8
15,12,CFG_LUTCMUX[26],9587,8
15,12,CFG_LUTCMUX[27],9239,8
15,12,CFG_LUTCMUX[28],10051,8
15,12,CFG_LUTCMUX[29],9703,8
15,12,CFG_LUTCMUX[2],3555,8
15,12,CFG_LUTCMUX[30],10515,8
15,12,CFG_LUTCMUX[31],10167,8
15,12,CFG_LUTCMUX[3],3207,8
15,12,CFG_LUTCMUX[4],4019,8
15,12,CFG_LUTCMUX[5],3671,8
15,12,CFG_LUTCMUX[6],4483,8
15,12,CFG_LUTCMUX[7],4135,8
15,12,CFG_LUTCMUX[8],4947,8
15,12,CFG_LUTCMUX[9],4599,8
16,1,CFG_BYPASSEN[0],89854,1
16,1,CFG_BYPASSEN[10],94958,1
16,1,CFG_BYPASSEN[11],95422,1
16,1,CFG_BYPASSEN[12],95886,1
16,1,CFG_BYPASSEN[13],96350,1
16,1,CFG_BYPASSEN[14],96814,1
16,1,CFG_BYPASSEN[15],97278,1
16,1,CFG_BYPASSEN[1],90318,1
16,1,CFG_BYPASSEN[2],90782,1
16,1,CFG_BYPASSEN[3],91246,1
16,1,CFG_BYPASSEN[4],91710,1
16,1,CFG_BYPASSEN[5],92174,1
16,1,CFG_BYPASSEN[6],92638,1
16,1,CFG_BYPASSEN[7],93102,1
16,1,CFG_BYPASSEN[8],94030,1
16,1,CFG_BYPASSEN[9],94494,1
16,1,CFG_CARRY_CRL[0],89739,128
16,1,CFG_CARRY_CRL[10],94843,128
16,1,CFG_CARRY_CRL[11],95307,128
16,1,CFG_CARRY_CRL[12],95771,128
16,1,CFG_CARRY_CRL[13],96235,128
16,1,CFG_CARRY_CRL[14],96699,128
16,1,CFG_CARRY_CRL[15],97163,128
16,1,CFG_CARRY_CRL[1],90203,128
16,1,CFG_CARRY_CRL[2],90667,128
16,1,CFG_CARRY_CRL[3],91131,128
16,1,CFG_CARRY_CRL[4],91595,128
16,1,CFG_CARRY_CRL[5],92059,128
16,1,CFG_CARRY_CRL[6],92523,128
16,1,CFG_CARRY_CRL[7],92987,128
16,1,CFG_CARRY_CRL[8],93915,128
16,1,CFG_CARRY_CRL[9],94379,128
16,1,CFG_LUTCMUX[0],89855,128
16,1,CFG_LUTCMUX[10],92175,128
16,1,CFG_LUTCMUX[11],91827,128
16,1,CFG_LUTCMUX[12],92639,128
16,1,CFG_LUTCMUX[13],92291,128
16,1,CFG_LUTCMUX[14],93103,128
16,1,CFG_LUTCMUX[15],92755,128
16,1,CFG_LUTCMUX[16],94031,128
16,1,CFG_LUTCMUX[17],93683,128
16,1,CFG_LUTCMUX[18],94495,128
16,1,CFG_LUTCMUX[19],94147,128
16,1,CFG_LUTCMUX[1],89507,128
16,1,CFG_LUTCMUX[20],94959,128
16,1,CFG_LUTCMUX[21],94611,128
16,1,CFG_LUTCMUX[22],95423,128
16,1,CFG_LUTCMUX[23],95075,128
16,1,CFG_LUTCMUX[24],95887,128
16,1,CFG_LUTCMUX[25],95539,128
16,1,CFG_LUTCMUX[26],96351,128
16,1,CFG_LUTCMUX[27],96003,128
16,1,CFG_LUTCMUX[28],96815,128
16,1,CFG_LUTCMUX[29],96467,128
16,1,CFG_LUTCMUX[2],90319,128
16,1,CFG_LUTCMUX[30],97279,128
16,1,CFG_LUTCMUX[31],96931,128
16,1,CFG_LUTCMUX[3],89971,128
16,1,CFG_LUTCMUX[4],90783,128
16,1,CFG_LUTCMUX[5],90435,128
16,1,CFG_LUTCMUX[6],91247,128
16,1,CFG_LUTCMUX[7],90899,128
16,1,CFG_LUTCMUX[8],91711,128
16,1,CFG_LUTCMUX[9],91363,128
16,2,CFG_BYPASSEN[0],81966,1
16,2,CFG_BYPASSEN[10],87070,1
16,2,CFG_BYPASSEN[11],87534,1
16,2,CFG_BYPASSEN[12],87998,1
16,2,CFG_BYPASSEN[13],88462,1
16,2,CFG_BYPASSEN[14],88926,1
16,2,CFG_BYPASSEN[15],89390,1
16,2,CFG_BYPASSEN[1],82430,1
16,2,CFG_BYPASSEN[2],82894,1
16,2,CFG_BYPASSEN[3],83358,1
16,2,CFG_BYPASSEN[4],83822,1
16,2,CFG_BYPASSEN[5],84286,1
16,2,CFG_BYPASSEN[6],84750,1
16,2,CFG_BYPASSEN[7],85214,1
16,2,CFG_BYPASSEN[8],86142,1
16,2,CFG_BYPASSEN[9],86606,1
16,2,CFG_CARRY_CRL[0],81851,128
16,2,CFG_CARRY_CRL[10],86955,128
16,2,CFG_CARRY_CRL[11],87419,128
16,2,CFG_CARRY_CRL[12],87883,128
16,2,CFG_CARRY_CRL[13],88347,128
16,2,CFG_CARRY_CRL[14],88811,128
16,2,CFG_CARRY_CRL[15],89275,128
16,2,CFG_CARRY_CRL[1],82315,128
16,2,CFG_CARRY_CRL[2],82779,128
16,2,CFG_CARRY_CRL[3],83243,128
16,2,CFG_CARRY_CRL[4],83707,128
16,2,CFG_CARRY_CRL[5],84171,128
16,2,CFG_CARRY_CRL[6],84635,128
16,2,CFG_CARRY_CRL[7],85099,128
16,2,CFG_CARRY_CRL[8],86027,128
16,2,CFG_CARRY_CRL[9],86491,128
16,2,CFG_LUTCMUX[0],81967,128
16,2,CFG_LUTCMUX[10],84287,128
16,2,CFG_LUTCMUX[11],83939,128
16,2,CFG_LUTCMUX[12],84751,128
16,2,CFG_LUTCMUX[13],84403,128
16,2,CFG_LUTCMUX[14],85215,128
16,2,CFG_LUTCMUX[15],84867,128
16,2,CFG_LUTCMUX[16],86143,128
16,2,CFG_LUTCMUX[17],85795,128
16,2,CFG_LUTCMUX[18],86607,128
16,2,CFG_LUTCMUX[19],86259,128
16,2,CFG_LUTCMUX[1],81619,128
16,2,CFG_LUTCMUX[20],87071,128
16,2,CFG_LUTCMUX[21],86723,128
16,2,CFG_LUTCMUX[22],87535,128
16,2,CFG_LUTCMUX[23],87187,128
16,2,CFG_LUTCMUX[24],87999,128
16,2,CFG_LUTCMUX[25],87651,128
16,2,CFG_LUTCMUX[26],88463,128
16,2,CFG_LUTCMUX[27],88115,128
16,2,CFG_LUTCMUX[28],88927,128
16,2,CFG_LUTCMUX[29],88579,128
16,2,CFG_LUTCMUX[2],82431,128
16,2,CFG_LUTCMUX[30],89391,128
16,2,CFG_LUTCMUX[31],89043,128
16,2,CFG_LUTCMUX[3],82083,128
16,2,CFG_LUTCMUX[4],82895,128
16,2,CFG_LUTCMUX[5],82547,128
16,2,CFG_LUTCMUX[6],83359,128
16,2,CFG_LUTCMUX[7],83011,128
16,2,CFG_LUTCMUX[8],83823,128
16,2,CFG_LUTCMUX[9],83475,128
16,3,CFG_BYPASSEN[0],74078,1
16,3,CFG_BYPASSEN[10],79182,1
16,3,CFG_BYPASSEN[11],79646,1
16,3,CFG_BYPASSEN[12],80110,1
16,3,CFG_BYPASSEN[13],80574,1
16,3,CFG_BYPASSEN[14],81038,1
16,3,CFG_BYPASSEN[15],81502,1
16,3,CFG_BYPASSEN[1],74542,1
16,3,CFG_BYPASSEN[2],75006,1
16,3,CFG_BYPASSEN[3],75470,1
16,3,CFG_BYPASSEN[4],75934,1
16,3,CFG_BYPASSEN[5],76398,1
16,3,CFG_BYPASSEN[6],76862,1
16,3,CFG_BYPASSEN[7],77326,1
16,3,CFG_BYPASSEN[8],78254,1
16,3,CFG_BYPASSEN[9],78718,1
16,3,CFG_CARRY_CRL[0],73963,128
16,3,CFG_CARRY_CRL[10],79067,128
16,3,CFG_CARRY_CRL[11],79531,128
16,3,CFG_CARRY_CRL[12],79995,128
16,3,CFG_CARRY_CRL[13],80459,128
16,3,CFG_CARRY_CRL[14],80923,128
16,3,CFG_CARRY_CRL[15],81387,128
16,3,CFG_CARRY_CRL[1],74427,128
16,3,CFG_CARRY_CRL[2],74891,128
16,3,CFG_CARRY_CRL[3],75355,128
16,3,CFG_CARRY_CRL[4],75819,128
16,3,CFG_CARRY_CRL[5],76283,128
16,3,CFG_CARRY_CRL[6],76747,128
16,3,CFG_CARRY_CRL[7],77211,128
16,3,CFG_CARRY_CRL[8],78139,128
16,3,CFG_CARRY_CRL[9],78603,128
16,3,CFG_LUTCMUX[0],74079,128
16,3,CFG_LUTCMUX[10],76399,128
16,3,CFG_LUTCMUX[11],76051,128
16,3,CFG_LUTCMUX[12],76863,128
16,3,CFG_LUTCMUX[13],76515,128
16,3,CFG_LUTCMUX[14],77327,128
16,3,CFG_LUTCMUX[15],76979,128
16,3,CFG_LUTCMUX[16],78255,128
16,3,CFG_LUTCMUX[17],77907,128
16,3,CFG_LUTCMUX[18],78719,128
16,3,CFG_LUTCMUX[19],78371,128
16,3,CFG_LUTCMUX[1],73731,128
16,3,CFG_LUTCMUX[20],79183,128
16,3,CFG_LUTCMUX[21],78835,128
16,3,CFG_LUTCMUX[22],79647,128
16,3,CFG_LUTCMUX[23],79299,128
16,3,CFG_LUTCMUX[24],80111,128
16,3,CFG_LUTCMUX[25],79763,128
16,3,CFG_LUTCMUX[26],80575,128
16,3,CFG_LUTCMUX[27],80227,128
16,3,CFG_LUTCMUX[28],81039,128
16,3,CFG_LUTCMUX[29],80691,128
16,3,CFG_LUTCMUX[2],74543,128
16,3,CFG_LUTCMUX[30],81503,128
16,3,CFG_LUTCMUX[31],81155,128
16,3,CFG_LUTCMUX[3],74195,128
16,3,CFG_LUTCMUX[4],75007,128
16,3,CFG_LUTCMUX[5],74659,128
16,3,CFG_LUTCMUX[6],75471,128
16,3,CFG_LUTCMUX[7],75123,128
16,3,CFG_LUTCMUX[8],75935,128
16,3,CFG_LUTCMUX[9],75587,128
16,4,CFG_BYPASSEN[0],66190,1
16,4,CFG_BYPASSEN[10],71294,1
16,4,CFG_BYPASSEN[11],71758,1
16,4,CFG_BYPASSEN[12],72222,1
16,4,CFG_BYPASSEN[13],72686,1
16,4,CFG_BYPASSEN[14],73150,1
16,4,CFG_BYPASSEN[15],73614,1
16,4,CFG_BYPASSEN[1],66654,1
16,4,CFG_BYPASSEN[2],67118,1
16,4,CFG_BYPASSEN[3],67582,1
16,4,CFG_BYPASSEN[4],68046,1
16,4,CFG_BYPASSEN[5],68510,1
16,4,CFG_BYPASSEN[6],68974,1
16,4,CFG_BYPASSEN[7],69438,1
16,4,CFG_BYPASSEN[8],70366,1
16,4,CFG_BYPASSEN[9],70830,1
16,4,CFG_CARRY_CRL[0],66075,128
16,4,CFG_CARRY_CRL[10],71179,128
16,4,CFG_CARRY_CRL[11],71643,128
16,4,CFG_CARRY_CRL[12],72107,128
16,4,CFG_CARRY_CRL[13],72571,128
16,4,CFG_CARRY_CRL[14],73035,128
16,4,CFG_CARRY_CRL[15],73499,128
16,4,CFG_CARRY_CRL[1],66539,128
16,4,CFG_CARRY_CRL[2],67003,128
16,4,CFG_CARRY_CRL[3],67467,128
16,4,CFG_CARRY_CRL[4],67931,128
16,4,CFG_CARRY_CRL[5],68395,128
16,4,CFG_CARRY_CRL[6],68859,128
16,4,CFG_CARRY_CRL[7],69323,128
16,4,CFG_CARRY_CRL[8],70251,128
16,4,CFG_CARRY_CRL[9],70715,128
16,4,CFG_LUTCMUX[0],66191,128
16,4,CFG_LUTCMUX[10],68511,128
16,4,CFG_LUTCMUX[11],68163,128
16,4,CFG_LUTCMUX[12],68975,128
16,4,CFG_LUTCMUX[13],68627,128
16,4,CFG_LUTCMUX[14],69439,128
16,4,CFG_LUTCMUX[15],69091,128
16,4,CFG_LUTCMUX[16],70367,128
16,4,CFG_LUTCMUX[17],70019,128
16,4,CFG_LUTCMUX[18],70831,128
16,4,CFG_LUTCMUX[19],70483,128
16,4,CFG_LUTCMUX[1],65843,128
16,4,CFG_LUTCMUX[20],71295,128
16,4,CFG_LUTCMUX[21],70947,128
16,4,CFG_LUTCMUX[22],71759,128
16,4,CFG_LUTCMUX[23],71411,128
16,4,CFG_LUTCMUX[24],72223,128
16,4,CFG_LUTCMUX[25],71875,128
16,4,CFG_LUTCMUX[26],72687,128
16,4,CFG_LUTCMUX[27],72339,128
16,4,CFG_LUTCMUX[28],73151,128
16,4,CFG_LUTCMUX[29],72803,128
16,4,CFG_LUTCMUX[2],66655,128
16,4,CFG_LUTCMUX[30],73615,128
16,4,CFG_LUTCMUX[31],73267,128
16,4,CFG_LUTCMUX[3],66307,128
16,4,CFG_LUTCMUX[4],67119,128
16,4,CFG_LUTCMUX[5],66771,128
16,4,CFG_LUTCMUX[6],67583,128
16,4,CFG_LUTCMUX[7],67235,128
16,4,CFG_LUTCMUX[8],68047,128
16,4,CFG_LUTCMUX[9],67699,128
16,5,CFG_BYPASSEN[0],58302,1
16,5,CFG_BYPASSEN[10],63406,1
16,5,CFG_BYPASSEN[11],63870,1
16,5,CFG_BYPASSEN[12],64334,1
16,5,CFG_BYPASSEN[13],64798,1
16,5,CFG_BYPASSEN[14],65262,1
16,5,CFG_BYPASSEN[15],65726,1
16,5,CFG_BYPASSEN[1],58766,1
16,5,CFG_BYPASSEN[2],59230,1
16,5,CFG_BYPASSEN[3],59694,1
16,5,CFG_BYPASSEN[4],60158,1
16,5,CFG_BYPASSEN[5],60622,1
16,5,CFG_BYPASSEN[6],61086,1
16,5,CFG_BYPASSEN[7],61550,1
16,5,CFG_BYPASSEN[8],62478,1
16,5,CFG_BYPASSEN[9],62942,1
16,5,CFG_CARRY_CRL[0],58187,128
16,5,CFG_CARRY_CRL[10],63291,128
16,5,CFG_CARRY_CRL[11],63755,128
16,5,CFG_CARRY_CRL[12],64219,128
16,5,CFG_CARRY_CRL[13],64683,128
16,5,CFG_CARRY_CRL[14],65147,128
16,5,CFG_CARRY_CRL[15],65611,128
16,5,CFG_CARRY_CRL[1],58651,128
16,5,CFG_CARRY_CRL[2],59115,128
16,5,CFG_CARRY_CRL[3],59579,128
16,5,CFG_CARRY_CRL[4],60043,128
16,5,CFG_CARRY_CRL[5],60507,128
16,5,CFG_CARRY_CRL[6],60971,128
16,5,CFG_CARRY_CRL[7],61435,128
16,5,CFG_CARRY_CRL[8],62363,128
16,5,CFG_CARRY_CRL[9],62827,128
16,5,CFG_LUTCMUX[0],58303,128
16,5,CFG_LUTCMUX[10],60623,128
16,5,CFG_LUTCMUX[11],60275,128
16,5,CFG_LUTCMUX[12],61087,128
16,5,CFG_LUTCMUX[13],60739,128
16,5,CFG_LUTCMUX[14],61551,128
16,5,CFG_LUTCMUX[15],61203,128
16,5,CFG_LUTCMUX[16],62479,128
16,5,CFG_LUTCMUX[17],62131,128
16,5,CFG_LUTCMUX[18],62943,128
16,5,CFG_LUTCMUX[19],62595,128
16,5,CFG_LUTCMUX[1],57955,128
16,5,CFG_LUTCMUX[20],63407,128
16,5,CFG_LUTCMUX[21],63059,128
16,5,CFG_LUTCMUX[22],63871,128
16,5,CFG_LUTCMUX[23],63523,128
16,5,CFG_LUTCMUX[24],64335,128
16,5,CFG_LUTCMUX[25],63987,128
16,5,CFG_LUTCMUX[26],64799,128
16,5,CFG_LUTCMUX[27],64451,128
16,5,CFG_LUTCMUX[28],65263,128
16,5,CFG_LUTCMUX[29],64915,128
16,5,CFG_LUTCMUX[2],58767,128
16,5,CFG_LUTCMUX[30],65727,128
16,5,CFG_LUTCMUX[31],65379,128
16,5,CFG_LUTCMUX[3],58419,128
16,5,CFG_LUTCMUX[4],59231,128
16,5,CFG_LUTCMUX[5],58883,128
16,5,CFG_LUTCMUX[6],59695,128
16,5,CFG_LUTCMUX[7],59347,128
16,5,CFG_LUTCMUX[8],60159,128
16,5,CFG_LUTCMUX[9],59811,128
16,6,CFG_BYPASSEN[0],50414,1
16,6,CFG_BYPASSEN[10],55518,1
16,6,CFG_BYPASSEN[11],55982,1
16,6,CFG_BYPASSEN[12],56446,1
16,6,CFG_BYPASSEN[13],56910,1
16,6,CFG_BYPASSEN[14],57374,1
16,6,CFG_BYPASSEN[15],57838,1
16,6,CFG_BYPASSEN[1],50878,1
16,6,CFG_BYPASSEN[2],51342,1
16,6,CFG_BYPASSEN[3],51806,1
16,6,CFG_BYPASSEN[4],52270,1
16,6,CFG_BYPASSEN[5],52734,1
16,6,CFG_BYPASSEN[6],53198,1
16,6,CFG_BYPASSEN[7],53662,1
16,6,CFG_BYPASSEN[8],54590,1
16,6,CFG_BYPASSEN[9],55054,1
16,6,CFG_CARRY_CRL[0],50299,128
16,6,CFG_CARRY_CRL[10],55403,128
16,6,CFG_CARRY_CRL[11],55867,128
16,6,CFG_CARRY_CRL[12],56331,128
16,6,CFG_CARRY_CRL[13],56795,128
16,6,CFG_CARRY_CRL[14],57259,128
16,6,CFG_CARRY_CRL[15],57723,128
16,6,CFG_CARRY_CRL[1],50763,128
16,6,CFG_CARRY_CRL[2],51227,128
16,6,CFG_CARRY_CRL[3],51691,128
16,6,CFG_CARRY_CRL[4],52155,128
16,6,CFG_CARRY_CRL[5],52619,128
16,6,CFG_CARRY_CRL[6],53083,128
16,6,CFG_CARRY_CRL[7],53547,128
16,6,CFG_CARRY_CRL[8],54475,128
16,6,CFG_CARRY_CRL[9],54939,128
16,6,CFG_LUTCMUX[0],50415,128
16,6,CFG_LUTCMUX[10],52735,128
16,6,CFG_LUTCMUX[11],52387,128
16,6,CFG_LUTCMUX[12],53199,128
16,6,CFG_LUTCMUX[13],52851,128
16,6,CFG_LUTCMUX[14],53663,128
16,6,CFG_LUTCMUX[15],53315,128
16,6,CFG_LUTCMUX[16],54591,128
16,6,CFG_LUTCMUX[17],54243,128
16,6,CFG_LUTCMUX[18],55055,128
16,6,CFG_LUTCMUX[19],54707,128
16,6,CFG_LUTCMUX[1],50067,128
16,6,CFG_LUTCMUX[20],55519,128
16,6,CFG_LUTCMUX[21],55171,128
16,6,CFG_LUTCMUX[22],55983,128
16,6,CFG_LUTCMUX[23],55635,128
16,6,CFG_LUTCMUX[24],56447,128
16,6,CFG_LUTCMUX[25],56099,128
16,6,CFG_LUTCMUX[26],56911,128
16,6,CFG_LUTCMUX[27],56563,128
16,6,CFG_LUTCMUX[28],57375,128
16,6,CFG_LUTCMUX[29],57027,128
16,6,CFG_LUTCMUX[2],50879,128
16,6,CFG_LUTCMUX[30],57839,128
16,6,CFG_LUTCMUX[31],57491,128
16,6,CFG_LUTCMUX[3],50531,128
16,6,CFG_LUTCMUX[4],51343,128
16,6,CFG_LUTCMUX[5],50995,128
16,6,CFG_LUTCMUX[6],51807,128
16,6,CFG_LUTCMUX[7],51459,128
16,6,CFG_LUTCMUX[8],52271,128
16,6,CFG_LUTCMUX[9],51923,128
16,7,CFG_BYPASSEN[0],42526,1
16,7,CFG_BYPASSEN[10],47630,1
16,7,CFG_BYPASSEN[11],48094,1
16,7,CFG_BYPASSEN[12],48558,1
16,7,CFG_BYPASSEN[13],49022,1
16,7,CFG_BYPASSEN[14],49486,1
16,7,CFG_BYPASSEN[15],49950,1
16,7,CFG_BYPASSEN[1],42990,1
16,7,CFG_BYPASSEN[2],43454,1
16,7,CFG_BYPASSEN[3],43918,1
16,7,CFG_BYPASSEN[4],44382,1
16,7,CFG_BYPASSEN[5],44846,1
16,7,CFG_BYPASSEN[6],45310,1
16,7,CFG_BYPASSEN[7],45774,1
16,7,CFG_BYPASSEN[8],46702,1
16,7,CFG_BYPASSEN[9],47166,1
16,7,CFG_CARRY_CRL[0],42411,128
16,7,CFG_CARRY_CRL[10],47515,128
16,7,CFG_CARRY_CRL[11],47979,128
16,7,CFG_CARRY_CRL[12],48443,128
16,7,CFG_CARRY_CRL[13],48907,128
16,7,CFG_CARRY_CRL[14],49371,128
16,7,CFG_CARRY_CRL[15],49835,128
16,7,CFG_CARRY_CRL[1],42875,128
16,7,CFG_CARRY_CRL[2],43339,128
16,7,CFG_CARRY_CRL[3],43803,128
16,7,CFG_CARRY_CRL[4],44267,128
16,7,CFG_CARRY_CRL[5],44731,128
16,7,CFG_CARRY_CRL[6],45195,128
16,7,CFG_CARRY_CRL[7],45659,128
16,7,CFG_CARRY_CRL[8],46587,128
16,7,CFG_CARRY_CRL[9],47051,128
16,7,CFG_LUTCMUX[0],42527,128
16,7,CFG_LUTCMUX[10],44847,128
16,7,CFG_LUTCMUX[11],44499,128
16,7,CFG_LUTCMUX[12],45311,128
16,7,CFG_LUTCMUX[13],44963,128
16,7,CFG_LUTCMUX[14],45775,128
16,7,CFG_LUTCMUX[15],45427,128
16,7,CFG_LUTCMUX[16],46703,128
16,7,CFG_LUTCMUX[17],46355,128
16,7,CFG_LUTCMUX[18],47167,128
16,7,CFG_LUTCMUX[19],46819,128
16,7,CFG_LUTCMUX[1],42179,128
16,7,CFG_LUTCMUX[20],47631,128
16,7,CFG_LUTCMUX[21],47283,128
16,7,CFG_LUTCMUX[22],48095,128
16,7,CFG_LUTCMUX[23],47747,128
16,7,CFG_LUTCMUX[24],48559,128
16,7,CFG_LUTCMUX[25],48211,128
16,7,CFG_LUTCMUX[26],49023,128
16,7,CFG_LUTCMUX[27],48675,128
16,7,CFG_LUTCMUX[28],49487,128
16,7,CFG_LUTCMUX[29],49139,128
16,7,CFG_LUTCMUX[2],42991,128
16,7,CFG_LUTCMUX[30],49951,128
16,7,CFG_LUTCMUX[31],49603,128
16,7,CFG_LUTCMUX[3],42643,128
16,7,CFG_LUTCMUX[4],43455,128
16,7,CFG_LUTCMUX[5],43107,128
16,7,CFG_LUTCMUX[6],43919,128
16,7,CFG_LUTCMUX[7],43571,128
16,7,CFG_LUTCMUX[8],44383,128
16,7,CFG_LUTCMUX[9],44035,128
16,8,CFG_BYPASSEN[0],34638,1
16,8,CFG_BYPASSEN[10],39742,1
16,8,CFG_BYPASSEN[11],40206,1
16,8,CFG_BYPASSEN[12],40670,1
16,8,CFG_BYPASSEN[13],41134,1
16,8,CFG_BYPASSEN[14],41598,1
16,8,CFG_BYPASSEN[15],42062,1
16,8,CFG_BYPASSEN[1],35102,1
16,8,CFG_BYPASSEN[2],35566,1
16,8,CFG_BYPASSEN[3],36030,1
16,8,CFG_BYPASSEN[4],36494,1
16,8,CFG_BYPASSEN[5],36958,1
16,8,CFG_BYPASSEN[6],37422,1
16,8,CFG_BYPASSEN[7],37886,1
16,8,CFG_BYPASSEN[8],38814,1
16,8,CFG_BYPASSEN[9],39278,1
16,8,CFG_CARRY_CRL[0],34523,128
16,8,CFG_CARRY_CRL[10],39627,128
16,8,CFG_CARRY_CRL[11],40091,128
16,8,CFG_CARRY_CRL[12],40555,128
16,8,CFG_CARRY_CRL[13],41019,128
16,8,CFG_CARRY_CRL[14],41483,128
16,8,CFG_CARRY_CRL[15],41947,128
16,8,CFG_CARRY_CRL[1],34987,128
16,8,CFG_CARRY_CRL[2],35451,128
16,8,CFG_CARRY_CRL[3],35915,128
16,8,CFG_CARRY_CRL[4],36379,128
16,8,CFG_CARRY_CRL[5],36843,128
16,8,CFG_CARRY_CRL[6],37307,128
16,8,CFG_CARRY_CRL[7],37771,128
16,8,CFG_CARRY_CRL[8],38699,128
16,8,CFG_CARRY_CRL[9],39163,128
16,8,CFG_LUTCMUX[0],34639,128
16,8,CFG_LUTCMUX[10],36959,128
16,8,CFG_LUTCMUX[11],36611,128
16,8,CFG_LUTCMUX[12],37423,128
16,8,CFG_LUTCMUX[13],37075,128
16,8,CFG_LUTCMUX[14],37887,128
16,8,CFG_LUTCMUX[15],37539,128
16,8,CFG_LUTCMUX[16],38815,128
16,8,CFG_LUTCMUX[17],38467,128
16,8,CFG_LUTCMUX[18],39279,128
16,8,CFG_LUTCMUX[19],38931,128
16,8,CFG_LUTCMUX[1],34291,128
16,8,CFG_LUTCMUX[20],39743,128
16,8,CFG_LUTCMUX[21],39395,128
16,8,CFG_LUTCMUX[22],40207,128
16,8,CFG_LUTCMUX[23],39859,128
16,8,CFG_LUTCMUX[24],40671,128
16,8,CFG_LUTCMUX[25],40323,128
16,8,CFG_LUTCMUX[26],41135,128
16,8,CFG_LUTCMUX[27],40787,128
16,8,CFG_LUTCMUX[28],41599,128
16,8,CFG_LUTCMUX[29],41251,128
16,8,CFG_LUTCMUX[2],35103,128
16,8,CFG_LUTCMUX[30],42063,128
16,8,CFG_LUTCMUX[31],41715,128
16,8,CFG_LUTCMUX[3],34755,128
16,8,CFG_LUTCMUX[4],35567,128
16,8,CFG_LUTCMUX[5],35219,128
16,8,CFG_LUTCMUX[6],36031,128
16,8,CFG_LUTCMUX[7],35683,128
16,8,CFG_LUTCMUX[8],36495,128
16,8,CFG_LUTCMUX[9],36147,128
16,9,CFG_BYPASSEN[0],26750,1
16,9,CFG_BYPASSEN[10],31854,1
16,9,CFG_BYPASSEN[11],32318,1
16,9,CFG_BYPASSEN[12],32782,1
16,9,CFG_BYPASSEN[13],33246,1
16,9,CFG_BYPASSEN[14],33710,1
16,9,CFG_BYPASSEN[15],34174,1
16,9,CFG_BYPASSEN[1],27214,1
16,9,CFG_BYPASSEN[2],27678,1
16,9,CFG_BYPASSEN[3],28142,1
16,9,CFG_BYPASSEN[4],28606,1
16,9,CFG_BYPASSEN[5],29070,1
16,9,CFG_BYPASSEN[6],29534,1
16,9,CFG_BYPASSEN[7],29998,1
16,9,CFG_BYPASSEN[8],30926,1
16,9,CFG_BYPASSEN[9],31390,1
16,9,CFG_CARRY_CRL[0],26635,128
16,9,CFG_CARRY_CRL[10],31739,128
16,9,CFG_CARRY_CRL[11],32203,128
16,9,CFG_CARRY_CRL[12],32667,128
16,9,CFG_CARRY_CRL[13],33131,128
16,9,CFG_CARRY_CRL[14],33595,128
16,9,CFG_CARRY_CRL[15],34059,128
16,9,CFG_CARRY_CRL[1],27099,128
16,9,CFG_CARRY_CRL[2],27563,128
16,9,CFG_CARRY_CRL[3],28027,128
16,9,CFG_CARRY_CRL[4],28491,128
16,9,CFG_CARRY_CRL[5],28955,128
16,9,CFG_CARRY_CRL[6],29419,128
16,9,CFG_CARRY_CRL[7],29883,128
16,9,CFG_CARRY_CRL[8],30811,128
16,9,CFG_CARRY_CRL[9],31275,128
16,9,CFG_LUTCMUX[0],26751,128
16,9,CFG_LUTCMUX[10],29071,128
16,9,CFG_LUTCMUX[11],28723,128
16,9,CFG_LUTCMUX[12],29535,128
16,9,CFG_LUTCMUX[13],29187,128
16,9,CFG_LUTCMUX[14],29999,128
16,9,CFG_LUTCMUX[15],29651,128
16,9,CFG_LUTCMUX[16],30927,128
16,9,CFG_LUTCMUX[17],30579,128
16,9,CFG_LUTCMUX[18],31391,128
16,9,CFG_LUTCMUX[19],31043,128
16,9,CFG_LUTCMUX[1],26403,128
16,9,CFG_LUTCMUX[20],31855,128
16,9,CFG_LUTCMUX[21],31507,128
16,9,CFG_LUTCMUX[22],32319,128
16,9,CFG_LUTCMUX[23],31971,128
16,9,CFG_LUTCMUX[24],32783,128
16,9,CFG_LUTCMUX[25],32435,128
16,9,CFG_LUTCMUX[26],33247,128
16,9,CFG_LUTCMUX[27],32899,128
16,9,CFG_LUTCMUX[28],33711,128
16,9,CFG_LUTCMUX[29],33363,128
16,9,CFG_LUTCMUX[2],27215,128
16,9,CFG_LUTCMUX[30],34175,128
16,9,CFG_LUTCMUX[31],33827,128
16,9,CFG_LUTCMUX[3],26867,128
16,9,CFG_LUTCMUX[4],27679,128
16,9,CFG_LUTCMUX[5],27331,128
16,9,CFG_LUTCMUX[6],28143,128
16,9,CFG_LUTCMUX[7],27795,128
16,9,CFG_LUTCMUX[8],28607,128
16,9,CFG_LUTCMUX[9],28259,128
16,10,CFG_BYPASSEN[0],18862,1
16,10,CFG_BYPASSEN[10],23966,1
16,10,CFG_BYPASSEN[11],24430,1
16,10,CFG_BYPASSEN[12],24894,1
16,10,CFG_BYPASSEN[13],25358,1
16,10,CFG_BYPASSEN[14],25822,1
16,10,CFG_BYPASSEN[15],26286,1
16,10,CFG_BYPASSEN[1],19326,1
16,10,CFG_BYPASSEN[2],19790,1
16,10,CFG_BYPASSEN[3],20254,1
16,10,CFG_BYPASSEN[4],20718,1
16,10,CFG_BYPASSEN[5],21182,1
16,10,CFG_BYPASSEN[6],21646,1
16,10,CFG_BYPASSEN[7],22110,1
16,10,CFG_BYPASSEN[8],23038,1
16,10,CFG_BYPASSEN[9],23502,1
16,10,CFG_CARRY_CRL[0],18747,128
16,10,CFG_CARRY_CRL[10],23851,128
16,10,CFG_CARRY_CRL[11],24315,128
16,10,CFG_CARRY_CRL[12],24779,128
16,10,CFG_CARRY_CRL[13],25243,128
16,10,CFG_CARRY_CRL[14],25707,128
16,10,CFG_CARRY_CRL[15],26171,128
16,10,CFG_CARRY_CRL[1],19211,128
16,10,CFG_CARRY_CRL[2],19675,128
16,10,CFG_CARRY_CRL[3],20139,128
16,10,CFG_CARRY_CRL[4],20603,128
16,10,CFG_CARRY_CRL[5],21067,128
16,10,CFG_CARRY_CRL[6],21531,128
16,10,CFG_CARRY_CRL[7],21995,128
16,10,CFG_CARRY_CRL[8],22923,128
16,10,CFG_CARRY_CRL[9],23387,128
16,10,CFG_LUTCMUX[0],18863,128
16,10,CFG_LUTCMUX[10],21183,128
16,10,CFG_LUTCMUX[11],20835,128
16,10,CFG_LUTCMUX[12],21647,128
16,10,CFG_LUTCMUX[13],21299,128
16,10,CFG_LUTCMUX[14],22111,128
16,10,CFG_LUTCMUX[15],21763,128
16,10,CFG_LUTCMUX[16],23039,128
16,10,CFG_LUTCMUX[17],22691,128
16,10,CFG_LUTCMUX[18],23503,128
16,10,CFG_LUTCMUX[19],23155,128
16,10,CFG_LUTCMUX[1],18515,128
16,10,CFG_LUTCMUX[20],23967,128
16,10,CFG_LUTCMUX[21],23619,128
16,10,CFG_LUTCMUX[22],24431,128
16,10,CFG_LUTCMUX[23],24083,128
16,10,CFG_LUTCMUX[24],24895,128
16,10,CFG_LUTCMUX[25],24547,128
16,10,CFG_LUTCMUX[26],25359,128
16,10,CFG_LUTCMUX[27],25011,128
16,10,CFG_LUTCMUX[28],25823,128
16,10,CFG_LUTCMUX[29],25475,128
16,10,CFG_LUTCMUX[2],19327,128
16,10,CFG_LUTCMUX[30],26287,128
16,10,CFG_LUTCMUX[31],25939,128
16,10,CFG_LUTCMUX[3],18979,128
16,10,CFG_LUTCMUX[4],19791,128
16,10,CFG_LUTCMUX[5],19443,128
16,10,CFG_LUTCMUX[6],20255,128
16,10,CFG_LUTCMUX[7],19907,128
16,10,CFG_LUTCMUX[8],20719,128
16,10,CFG_LUTCMUX[9],20371,128
16,11,CFG_BYPASSEN[0],10974,1
16,11,CFG_BYPASSEN[10],16078,1
16,11,CFG_BYPASSEN[11],16542,1
16,11,CFG_BYPASSEN[12],17006,1
16,11,CFG_BYPASSEN[13],17470,1
16,11,CFG_BYPASSEN[14],17934,1
16,11,CFG_BYPASSEN[15],18398,1
16,11,CFG_BYPASSEN[1],11438,1
16,11,CFG_BYPASSEN[2],11902,1
16,11,CFG_BYPASSEN[3],12366,1
16,11,CFG_BYPASSEN[4],12830,1
16,11,CFG_BYPASSEN[5],13294,1
16,11,CFG_BYPASSEN[6],13758,1
16,11,CFG_BYPASSEN[7],14222,1
16,11,CFG_BYPASSEN[8],15150,1
16,11,CFG_BYPASSEN[9],15614,1
16,11,CFG_CARRY_CRL[0],10859,128
16,11,CFG_CARRY_CRL[10],15963,128
16,11,CFG_CARRY_CRL[11],16427,128
16,11,CFG_CARRY_CRL[12],16891,128
16,11,CFG_CARRY_CRL[13],17355,128
16,11,CFG_CARRY_CRL[14],17819,128
16,11,CFG_CARRY_CRL[15],18283,128
16,11,CFG_CARRY_CRL[1],11323,128
16,11,CFG_CARRY_CRL[2],11787,128
16,11,CFG_CARRY_CRL[3],12251,128
16,11,CFG_CARRY_CRL[4],12715,128
16,11,CFG_CARRY_CRL[5],13179,128
16,11,CFG_CARRY_CRL[6],13643,128
16,11,CFG_CARRY_CRL[7],14107,128
16,11,CFG_CARRY_CRL[8],15035,128
16,11,CFG_CARRY_CRL[9],15499,128
16,11,CFG_LUTCMUX[0],10975,128
16,11,CFG_LUTCMUX[10],13295,128
16,11,CFG_LUTCMUX[11],12947,128
16,11,CFG_LUTCMUX[12],13759,128
16,11,CFG_LUTCMUX[13],13411,128
16,11,CFG_LUTCMUX[14],14223,128
16,11,CFG_LUTCMUX[15],13875,128
16,11,CFG_LUTCMUX[16],15151,128
16,11,CFG_LUTCMUX[17],14803,128
16,11,CFG_LUTCMUX[18],15615,128
16,11,CFG_LUTCMUX[19],15267,128
16,11,CFG_LUTCMUX[1],10627,128
16,11,CFG_LUTCMUX[20],16079,128
16,11,CFG_LUTCMUX[21],15731,128
16,11,CFG_LUTCMUX[22],16543,128
16,11,CFG_LUTCMUX[23],16195,128
16,11,CFG_LUTCMUX[24],17007,128
16,11,CFG_LUTCMUX[25],16659,128
16,11,CFG_LUTCMUX[26],17471,128
16,11,CFG_LUTCMUX[27],17123,128
16,11,CFG_LUTCMUX[28],17935,128
16,11,CFG_LUTCMUX[29],17587,128
16,11,CFG_LUTCMUX[2],11439,128
16,11,CFG_LUTCMUX[30],18399,128
16,11,CFG_LUTCMUX[31],18051,128
16,11,CFG_LUTCMUX[3],11091,128
16,11,CFG_LUTCMUX[4],11903,128
16,11,CFG_LUTCMUX[5],11555,128
16,11,CFG_LUTCMUX[6],12367,128
16,11,CFG_LUTCMUX[7],12019,128
16,11,CFG_LUTCMUX[8],12831,128
16,11,CFG_LUTCMUX[9],12483,128
16,12,CFG_BYPASSEN[0],3086,1
16,12,CFG_BYPASSEN[10],8190,1
16,12,CFG_BYPASSEN[11],8654,1
16,12,CFG_BYPASSEN[12],9118,1
16,12,CFG_BYPASSEN[13],9582,1
16,12,CFG_BYPASSEN[14],10046,1
16,12,CFG_BYPASSEN[15],10510,1
16,12,CFG_BYPASSEN[1],3550,1
16,12,CFG_BYPASSEN[2],4014,1
16,12,CFG_BYPASSEN[3],4478,1
16,12,CFG_BYPASSEN[4],4942,1
16,12,CFG_BYPASSEN[5],5406,1
16,12,CFG_BYPASSEN[6],5870,1
16,12,CFG_BYPASSEN[7],6334,1
16,12,CFG_BYPASSEN[8],7262,1
16,12,CFG_BYPASSEN[9],7726,1
16,12,CFG_CARRY_CRL[0],2971,128
16,12,CFG_CARRY_CRL[10],8075,128
16,12,CFG_CARRY_CRL[11],8539,128
16,12,CFG_CARRY_CRL[12],9003,128
16,12,CFG_CARRY_CRL[13],9467,128
16,12,CFG_CARRY_CRL[14],9931,128
16,12,CFG_CARRY_CRL[15],10395,128
16,12,CFG_CARRY_CRL[1],3435,128
16,12,CFG_CARRY_CRL[2],3899,128
16,12,CFG_CARRY_CRL[3],4363,128
16,12,CFG_CARRY_CRL[4],4827,128
16,12,CFG_CARRY_CRL[5],5291,128
16,12,CFG_CARRY_CRL[6],5755,128
16,12,CFG_CARRY_CRL[7],6219,128
16,12,CFG_CARRY_CRL[8],7147,128
16,12,CFG_CARRY_CRL[9],7611,128
16,12,CFG_LUTCMUX[0],3087,128
16,12,CFG_LUTCMUX[10],5407,128
16,12,CFG_LUTCMUX[11],5059,128
16,12,CFG_LUTCMUX[12],5871,128
16,12,CFG_LUTCMUX[13],5523,128
16,12,CFG_LUTCMUX[14],6335,128
16,12,CFG_LUTCMUX[15],5987,128
16,12,CFG_LUTCMUX[16],7263,128
16,12,CFG_LUTCMUX[17],6915,128
16,12,CFG_LUTCMUX[18],7727,128
16,12,CFG_LUTCMUX[19],7379,128
16,12,CFG_LUTCMUX[1],2739,128
16,12,CFG_LUTCMUX[20],8191,128
16,12,CFG_LUTCMUX[21],7843,128
16,12,CFG_LUTCMUX[22],8655,128
16,12,CFG_LUTCMUX[23],8307,128
16,12,CFG_LUTCMUX[24],9119,128
16,12,CFG_LUTCMUX[25],8771,128
16,12,CFG_LUTCMUX[26],9583,128
16,12,CFG_LUTCMUX[27],9235,128
16,12,CFG_LUTCMUX[28],10047,128
16,12,CFG_LUTCMUX[29],9699,128
16,12,CFG_LUTCMUX[2],3551,128
16,12,CFG_LUTCMUX[30],10511,128
16,12,CFG_LUTCMUX[31],10163,128
16,12,CFG_LUTCMUX[3],3203,128
16,12,CFG_LUTCMUX[4],4015,128
16,12,CFG_LUTCMUX[5],3667,128
16,12,CFG_LUTCMUX[6],4479,128
16,12,CFG_LUTCMUX[7],4131,128
16,12,CFG_LUTCMUX[8],4943,128
16,12,CFG_LUTCMUX[9],4595,128
17,1,CFG_BYPASSEN[0],89850,16
17,1,CFG_BYPASSEN[10],94954,16
17,1,CFG_BYPASSEN[11],95418,16
17,1,CFG_BYPASSEN[12],95882,16
17,1,CFG_BYPASSEN[13],96346,16
17,1,CFG_BYPASSEN[14],96810,16
17,1,CFG_BYPASSEN[15],97274,16
17,1,CFG_BYPASSEN[1],90314,16
17,1,CFG_BYPASSEN[2],90778,16
17,1,CFG_BYPASSEN[3],91242,16
17,1,CFG_BYPASSEN[4],91706,16
17,1,CFG_BYPASSEN[5],92170,16
17,1,CFG_BYPASSEN[6],92634,16
17,1,CFG_BYPASSEN[7],93098,16
17,1,CFG_BYPASSEN[8],94026,16
17,1,CFG_BYPASSEN[9],94490,16
17,1,CFG_CARRY_CRL[0],89734,8
17,1,CFG_CARRY_CRL[10],94838,8
17,1,CFG_CARRY_CRL[11],95302,8
17,1,CFG_CARRY_CRL[12],95766,8
17,1,CFG_CARRY_CRL[13],96230,8
17,1,CFG_CARRY_CRL[14],96694,8
17,1,CFG_CARRY_CRL[15],97158,8
17,1,CFG_CARRY_CRL[1],90198,8
17,1,CFG_CARRY_CRL[2],90662,8
17,1,CFG_CARRY_CRL[3],91126,8
17,1,CFG_CARRY_CRL[4],91590,8
17,1,CFG_CARRY_CRL[5],92054,8
17,1,CFG_CARRY_CRL[6],92518,8
17,1,CFG_CARRY_CRL[7],92982,8
17,1,CFG_CARRY_CRL[8],93910,8
17,1,CFG_CARRY_CRL[9],94374,8
17,1,CFG_LUTCMUX[0],89850,8
17,1,CFG_LUTCMUX[10],92170,8
17,1,CFG_LUTCMUX[11],91822,8
17,1,CFG_LUTCMUX[12],92634,8
17,1,CFG_LUTCMUX[13],92286,8
17,1,CFG_LUTCMUX[14],93098,8
17,1,CFG_LUTCMUX[15],92750,8
17,1,CFG_LUTCMUX[16],94026,8
17,1,CFG_LUTCMUX[17],93678,8
17,1,CFG_LUTCMUX[18],94490,8
17,1,CFG_LUTCMUX[19],94142,8
17,1,CFG_LUTCMUX[1],89502,8
17,1,CFG_LUTCMUX[20],94954,8
17,1,CFG_LUTCMUX[21],94606,8
17,1,CFG_LUTCMUX[22],95418,8
17,1,CFG_LUTCMUX[23],95070,8
17,1,CFG_LUTCMUX[24],95882,8
17,1,CFG_LUTCMUX[25],95534,8
17,1,CFG_LUTCMUX[26],96346,8
17,1,CFG_LUTCMUX[27],95998,8
17,1,CFG_LUTCMUX[28],96810,8
17,1,CFG_LUTCMUX[29],96462,8
17,1,CFG_LUTCMUX[2],90314,8
17,1,CFG_LUTCMUX[30],97274,8
17,1,CFG_LUTCMUX[31],96926,8
17,1,CFG_LUTCMUX[3],89966,8
17,1,CFG_LUTCMUX[4],90778,8
17,1,CFG_LUTCMUX[5],90430,8
17,1,CFG_LUTCMUX[6],91242,8
17,1,CFG_LUTCMUX[7],90894,8
17,1,CFG_LUTCMUX[8],91706,8
17,1,CFG_LUTCMUX[9],91358,8
17,2,CFG_BYPASSEN[0],81962,16
17,2,CFG_BYPASSEN[10],87066,16
17,2,CFG_BYPASSEN[11],87530,16
17,2,CFG_BYPASSEN[12],87994,16
17,2,CFG_BYPASSEN[13],88458,16
17,2,CFG_BYPASSEN[14],88922,16
17,2,CFG_BYPASSEN[15],89386,16
17,2,CFG_BYPASSEN[1],82426,16
17,2,CFG_BYPASSEN[2],82890,16
17,2,CFG_BYPASSEN[3],83354,16
17,2,CFG_BYPASSEN[4],83818,16
17,2,CFG_BYPASSEN[5],84282,16
17,2,CFG_BYPASSEN[6],84746,16
17,2,CFG_BYPASSEN[7],85210,16
17,2,CFG_BYPASSEN[8],86138,16
17,2,CFG_BYPASSEN[9],86602,16
17,2,CFG_CARRY_CRL[0],81846,8
17,2,CFG_CARRY_CRL[10],86950,8
17,2,CFG_CARRY_CRL[11],87414,8
17,2,CFG_CARRY_CRL[12],87878,8
17,2,CFG_CARRY_CRL[13],88342,8
17,2,CFG_CARRY_CRL[14],88806,8
17,2,CFG_CARRY_CRL[15],89270,8
17,2,CFG_CARRY_CRL[1],82310,8
17,2,CFG_CARRY_CRL[2],82774,8
17,2,CFG_CARRY_CRL[3],83238,8
17,2,CFG_CARRY_CRL[4],83702,8
17,2,CFG_CARRY_CRL[5],84166,8
17,2,CFG_CARRY_CRL[6],84630,8
17,2,CFG_CARRY_CRL[7],85094,8
17,2,CFG_CARRY_CRL[8],86022,8
17,2,CFG_CARRY_CRL[9],86486,8
17,2,CFG_LUTCMUX[0],81962,8
17,2,CFG_LUTCMUX[10],84282,8
17,2,CFG_LUTCMUX[11],83934,8
17,2,CFG_LUTCMUX[12],84746,8
17,2,CFG_LUTCMUX[13],84398,8
17,2,CFG_LUTCMUX[14],85210,8
17,2,CFG_LUTCMUX[15],84862,8
17,2,CFG_LUTCMUX[16],86138,8
17,2,CFG_LUTCMUX[17],85790,8
17,2,CFG_LUTCMUX[18],86602,8
17,2,CFG_LUTCMUX[19],86254,8
17,2,CFG_LUTCMUX[1],81614,8
17,2,CFG_LUTCMUX[20],87066,8
17,2,CFG_LUTCMUX[21],86718,8
17,2,CFG_LUTCMUX[22],87530,8
17,2,CFG_LUTCMUX[23],87182,8
17,2,CFG_LUTCMUX[24],87994,8
17,2,CFG_LUTCMUX[25],87646,8
17,2,CFG_LUTCMUX[26],88458,8
17,2,CFG_LUTCMUX[27],88110,8
17,2,CFG_LUTCMUX[28],88922,8
17,2,CFG_LUTCMUX[29],88574,8
17,2,CFG_LUTCMUX[2],82426,8
17,2,CFG_LUTCMUX[30],89386,8
17,2,CFG_LUTCMUX[31],89038,8
17,2,CFG_LUTCMUX[3],82078,8
17,2,CFG_LUTCMUX[4],82890,8
17,2,CFG_LUTCMUX[5],82542,8
17,2,CFG_LUTCMUX[6],83354,8
17,2,CFG_LUTCMUX[7],83006,8
17,2,CFG_LUTCMUX[8],83818,8
17,2,CFG_LUTCMUX[9],83470,8
17,3,CFG_BYPASSEN[0],74074,16
17,3,CFG_BYPASSEN[10],79178,16
17,3,CFG_BYPASSEN[11],79642,16
17,3,CFG_BYPASSEN[12],80106,16
17,3,CFG_BYPASSEN[13],80570,16
17,3,CFG_BYPASSEN[14],81034,16
17,3,CFG_BYPASSEN[15],81498,16
17,3,CFG_BYPASSEN[1],74538,16
17,3,CFG_BYPASSEN[2],75002,16
17,3,CFG_BYPASSEN[3],75466,16
17,3,CFG_BYPASSEN[4],75930,16
17,3,CFG_BYPASSEN[5],76394,16
17,3,CFG_BYPASSEN[6],76858,16
17,3,CFG_BYPASSEN[7],77322,16
17,3,CFG_BYPASSEN[8],78250,16
17,3,CFG_BYPASSEN[9],78714,16
17,3,CFG_CARRY_CRL[0],73958,8
17,3,CFG_CARRY_CRL[10],79062,8
17,3,CFG_CARRY_CRL[11],79526,8
17,3,CFG_CARRY_CRL[12],79990,8
17,3,CFG_CARRY_CRL[13],80454,8
17,3,CFG_CARRY_CRL[14],80918,8
17,3,CFG_CARRY_CRL[15],81382,8
17,3,CFG_CARRY_CRL[1],74422,8
17,3,CFG_CARRY_CRL[2],74886,8
17,3,CFG_CARRY_CRL[3],75350,8
17,3,CFG_CARRY_CRL[4],75814,8
17,3,CFG_CARRY_CRL[5],76278,8
17,3,CFG_CARRY_CRL[6],76742,8
17,3,CFG_CARRY_CRL[7],77206,8
17,3,CFG_CARRY_CRL[8],78134,8
17,3,CFG_CARRY_CRL[9],78598,8
17,3,CFG_LUTCMUX[0],74074,8
17,3,CFG_LUTCMUX[10],76394,8
17,3,CFG_LUTCMUX[11],76046,8
17,3,CFG_LUTCMUX[12],76858,8
17,3,CFG_LUTCMUX[13],76510,8
17,3,CFG_LUTCMUX[14],77322,8
17,3,CFG_LUTCMUX[15],76974,8
17,3,CFG_LUTCMUX[16],78250,8
17,3,CFG_LUTCMUX[17],77902,8
17,3,CFG_LUTCMUX[18],78714,8
17,3,CFG_LUTCMUX[19],78366,8
17,3,CFG_LUTCMUX[1],73726,8
17,3,CFG_LUTCMUX[20],79178,8
17,3,CFG_LUTCMUX[21],78830,8
17,3,CFG_LUTCMUX[22],79642,8
17,3,CFG_LUTCMUX[23],79294,8
17,3,CFG_LUTCMUX[24],80106,8
17,3,CFG_LUTCMUX[25],79758,8
17,3,CFG_LUTCMUX[26],80570,8
17,3,CFG_LUTCMUX[27],80222,8
17,3,CFG_LUTCMUX[28],81034,8
17,3,CFG_LUTCMUX[29],80686,8
17,3,CFG_LUTCMUX[2],74538,8
17,3,CFG_LUTCMUX[30],81498,8
17,3,CFG_LUTCMUX[31],81150,8
17,3,CFG_LUTCMUX[3],74190,8
17,3,CFG_LUTCMUX[4],75002,8
17,3,CFG_LUTCMUX[5],74654,8
17,3,CFG_LUTCMUX[6],75466,8
17,3,CFG_LUTCMUX[7],75118,8
17,3,CFG_LUTCMUX[8],75930,8
17,3,CFG_LUTCMUX[9],75582,8
17,4,CFG_BYPASSEN[0],66186,16
17,4,CFG_BYPASSEN[10],71290,16
17,4,CFG_BYPASSEN[11],71754,16
17,4,CFG_BYPASSEN[12],72218,16
17,4,CFG_BYPASSEN[13],72682,16
17,4,CFG_BYPASSEN[14],73146,16
17,4,CFG_BYPASSEN[15],73610,16
17,4,CFG_BYPASSEN[1],66650,16
17,4,CFG_BYPASSEN[2],67114,16
17,4,CFG_BYPASSEN[3],67578,16
17,4,CFG_BYPASSEN[4],68042,16
17,4,CFG_BYPASSEN[5],68506,16
17,4,CFG_BYPASSEN[6],68970,16
17,4,CFG_BYPASSEN[7],69434,16
17,4,CFG_BYPASSEN[8],70362,16
17,4,CFG_BYPASSEN[9],70826,16
17,4,CFG_CARRY_CRL[0],66070,8
17,4,CFG_CARRY_CRL[10],71174,8
17,4,CFG_CARRY_CRL[11],71638,8
17,4,CFG_CARRY_CRL[12],72102,8
17,4,CFG_CARRY_CRL[13],72566,8
17,4,CFG_CARRY_CRL[14],73030,8
17,4,CFG_CARRY_CRL[15],73494,8
17,4,CFG_CARRY_CRL[1],66534,8
17,4,CFG_CARRY_CRL[2],66998,8
17,4,CFG_CARRY_CRL[3],67462,8
17,4,CFG_CARRY_CRL[4],67926,8
17,4,CFG_CARRY_CRL[5],68390,8
17,4,CFG_CARRY_CRL[6],68854,8
17,4,CFG_CARRY_CRL[7],69318,8
17,4,CFG_CARRY_CRL[8],70246,8
17,4,CFG_CARRY_CRL[9],70710,8
17,4,CFG_LUTCMUX[0],66186,8
17,4,CFG_LUTCMUX[10],68506,8
17,4,CFG_LUTCMUX[11],68158,8
17,4,CFG_LUTCMUX[12],68970,8
17,4,CFG_LUTCMUX[13],68622,8
17,4,CFG_LUTCMUX[14],69434,8
17,4,CFG_LUTCMUX[15],69086,8
17,4,CFG_LUTCMUX[16],70362,8
17,4,CFG_LUTCMUX[17],70014,8
17,4,CFG_LUTCMUX[18],70826,8
17,4,CFG_LUTCMUX[19],70478,8
17,4,CFG_LUTCMUX[1],65838,8
17,4,CFG_LUTCMUX[20],71290,8
17,4,CFG_LUTCMUX[21],70942,8
17,4,CFG_LUTCMUX[22],71754,8
17,4,CFG_LUTCMUX[23],71406,8
17,4,CFG_LUTCMUX[24],72218,8
17,4,CFG_LUTCMUX[25],71870,8
17,4,CFG_LUTCMUX[26],72682,8
17,4,CFG_LUTCMUX[27],72334,8
17,4,CFG_LUTCMUX[28],73146,8
17,4,CFG_LUTCMUX[29],72798,8
17,4,CFG_LUTCMUX[2],66650,8
17,4,CFG_LUTCMUX[30],73610,8
17,4,CFG_LUTCMUX[31],73262,8
17,4,CFG_LUTCMUX[3],66302,8
17,4,CFG_LUTCMUX[4],67114,8
17,4,CFG_LUTCMUX[5],66766,8
17,4,CFG_LUTCMUX[6],67578,8
17,4,CFG_LUTCMUX[7],67230,8
17,4,CFG_LUTCMUX[8],68042,8
17,4,CFG_LUTCMUX[9],67694,8
17,5,CFG_BYPASSEN[0],58298,16
17,5,CFG_BYPASSEN[10],63402,16
17,5,CFG_BYPASSEN[11],63866,16
17,5,CFG_BYPASSEN[12],64330,16
17,5,CFG_BYPASSEN[13],64794,16
17,5,CFG_BYPASSEN[14],65258,16
17,5,CFG_BYPASSEN[15],65722,16
17,5,CFG_BYPASSEN[1],58762,16
17,5,CFG_BYPASSEN[2],59226,16
17,5,CFG_BYPASSEN[3],59690,16
17,5,CFG_BYPASSEN[4],60154,16
17,5,CFG_BYPASSEN[5],60618,16
17,5,CFG_BYPASSEN[6],61082,16
17,5,CFG_BYPASSEN[7],61546,16
17,5,CFG_BYPASSEN[8],62474,16
17,5,CFG_BYPASSEN[9],62938,16
17,5,CFG_CARRY_CRL[0],58182,8
17,5,CFG_CARRY_CRL[10],63286,8
17,5,CFG_CARRY_CRL[11],63750,8
17,5,CFG_CARRY_CRL[12],64214,8
17,5,CFG_CARRY_CRL[13],64678,8
17,5,CFG_CARRY_CRL[14],65142,8
17,5,CFG_CARRY_CRL[15],65606,8
17,5,CFG_CARRY_CRL[1],58646,8
17,5,CFG_CARRY_CRL[2],59110,8
17,5,CFG_CARRY_CRL[3],59574,8
17,5,CFG_CARRY_CRL[4],60038,8
17,5,CFG_CARRY_CRL[5],60502,8
17,5,CFG_CARRY_CRL[6],60966,8
17,5,CFG_CARRY_CRL[7],61430,8
17,5,CFG_CARRY_CRL[8],62358,8
17,5,CFG_CARRY_CRL[9],62822,8
17,5,CFG_LUTCMUX[0],58298,8
17,5,CFG_LUTCMUX[10],60618,8
17,5,CFG_LUTCMUX[11],60270,8
17,5,CFG_LUTCMUX[12],61082,8
17,5,CFG_LUTCMUX[13],60734,8
17,5,CFG_LUTCMUX[14],61546,8
17,5,CFG_LUTCMUX[15],61198,8
17,5,CFG_LUTCMUX[16],62474,8
17,5,CFG_LUTCMUX[17],62126,8
17,5,CFG_LUTCMUX[18],62938,8
17,5,CFG_LUTCMUX[19],62590,8
17,5,CFG_LUTCMUX[1],57950,8
17,5,CFG_LUTCMUX[20],63402,8
17,5,CFG_LUTCMUX[21],63054,8
17,5,CFG_LUTCMUX[22],63866,8
17,5,CFG_LUTCMUX[23],63518,8
17,5,CFG_LUTCMUX[24],64330,8
17,5,CFG_LUTCMUX[25],63982,8
17,5,CFG_LUTCMUX[26],64794,8
17,5,CFG_LUTCMUX[27],64446,8
17,5,CFG_LUTCMUX[28],65258,8
17,5,CFG_LUTCMUX[29],64910,8
17,5,CFG_LUTCMUX[2],58762,8
17,5,CFG_LUTCMUX[30],65722,8
17,5,CFG_LUTCMUX[31],65374,8
17,5,CFG_LUTCMUX[3],58414,8
17,5,CFG_LUTCMUX[4],59226,8
17,5,CFG_LUTCMUX[5],58878,8
17,5,CFG_LUTCMUX[6],59690,8
17,5,CFG_LUTCMUX[7],59342,8
17,5,CFG_LUTCMUX[8],60154,8
17,5,CFG_LUTCMUX[9],59806,8
17,6,CFG_BYPASSEN[0],50410,16
17,6,CFG_BYPASSEN[10],55514,16
17,6,CFG_BYPASSEN[11],55978,16
17,6,CFG_BYPASSEN[12],56442,16
17,6,CFG_BYPASSEN[13],56906,16
17,6,CFG_BYPASSEN[14],57370,16
17,6,CFG_BYPASSEN[15],57834,16
17,6,CFG_BYPASSEN[1],50874,16
17,6,CFG_BYPASSEN[2],51338,16
17,6,CFG_BYPASSEN[3],51802,16
17,6,CFG_BYPASSEN[4],52266,16
17,6,CFG_BYPASSEN[5],52730,16
17,6,CFG_BYPASSEN[6],53194,16
17,6,CFG_BYPASSEN[7],53658,16
17,6,CFG_BYPASSEN[8],54586,16
17,6,CFG_BYPASSEN[9],55050,16
17,6,CFG_CARRY_CRL[0],50294,8
17,6,CFG_CARRY_CRL[10],55398,8
17,6,CFG_CARRY_CRL[11],55862,8
17,6,CFG_CARRY_CRL[12],56326,8
17,6,CFG_CARRY_CRL[13],56790,8
17,6,CFG_CARRY_CRL[14],57254,8
17,6,CFG_CARRY_CRL[15],57718,8
17,6,CFG_CARRY_CRL[1],50758,8
17,6,CFG_CARRY_CRL[2],51222,8
17,6,CFG_CARRY_CRL[3],51686,8
17,6,CFG_CARRY_CRL[4],52150,8
17,6,CFG_CARRY_CRL[5],52614,8
17,6,CFG_CARRY_CRL[6],53078,8
17,6,CFG_CARRY_CRL[7],53542,8
17,6,CFG_CARRY_CRL[8],54470,8
17,6,CFG_CARRY_CRL[9],54934,8
17,6,CFG_LUTCMUX[0],50410,8
17,6,CFG_LUTCMUX[10],52730,8
17,6,CFG_LUTCMUX[11],52382,8
17,6,CFG_LUTCMUX[12],53194,8
17,6,CFG_LUTCMUX[13],52846,8
17,6,CFG_LUTCMUX[14],53658,8
17,6,CFG_LUTCMUX[15],53310,8
17,6,CFG_LUTCMUX[16],54586,8
17,6,CFG_LUTCMUX[17],54238,8
17,6,CFG_LUTCMUX[18],55050,8
17,6,CFG_LUTCMUX[19],54702,8
17,6,CFG_LUTCMUX[1],50062,8
17,6,CFG_LUTCMUX[20],55514,8
17,6,CFG_LUTCMUX[21],55166,8
17,6,CFG_LUTCMUX[22],55978,8
17,6,CFG_LUTCMUX[23],55630,8
17,6,CFG_LUTCMUX[24],56442,8
17,6,CFG_LUTCMUX[25],56094,8
17,6,CFG_LUTCMUX[26],56906,8
17,6,CFG_LUTCMUX[27],56558,8
17,6,CFG_LUTCMUX[28],57370,8
17,6,CFG_LUTCMUX[29],57022,8
17,6,CFG_LUTCMUX[2],50874,8
17,6,CFG_LUTCMUX[30],57834,8
17,6,CFG_LUTCMUX[31],57486,8
17,6,CFG_LUTCMUX[3],50526,8
17,6,CFG_LUTCMUX[4],51338,8
17,6,CFG_LUTCMUX[5],50990,8
17,6,CFG_LUTCMUX[6],51802,8
17,6,CFG_LUTCMUX[7],51454,8
17,6,CFG_LUTCMUX[8],52266,8
17,6,CFG_LUTCMUX[9],51918,8
17,7,CFG_BYPASSEN[0],42522,16
17,7,CFG_BYPASSEN[10],47626,16
17,7,CFG_BYPASSEN[11],48090,16
17,7,CFG_BYPASSEN[12],48554,16
17,7,CFG_BYPASSEN[13],49018,16
17,7,CFG_BYPASSEN[14],49482,16
17,7,CFG_BYPASSEN[15],49946,16
17,7,CFG_BYPASSEN[1],42986,16
17,7,CFG_BYPASSEN[2],43450,16
17,7,CFG_BYPASSEN[3],43914,16
17,7,CFG_BYPASSEN[4],44378,16
17,7,CFG_BYPASSEN[5],44842,16
17,7,CFG_BYPASSEN[6],45306,16
17,7,CFG_BYPASSEN[7],45770,16
17,7,CFG_BYPASSEN[8],46698,16
17,7,CFG_BYPASSEN[9],47162,16
17,7,CFG_CARRY_CRL[0],42406,8
17,7,CFG_CARRY_CRL[10],47510,8
17,7,CFG_CARRY_CRL[11],47974,8
17,7,CFG_CARRY_CRL[12],48438,8
17,7,CFG_CARRY_CRL[13],48902,8
17,7,CFG_CARRY_CRL[14],49366,8
17,7,CFG_CARRY_CRL[15],49830,8
17,7,CFG_CARRY_CRL[1],42870,8
17,7,CFG_CARRY_CRL[2],43334,8
17,7,CFG_CARRY_CRL[3],43798,8
17,7,CFG_CARRY_CRL[4],44262,8
17,7,CFG_CARRY_CRL[5],44726,8
17,7,CFG_CARRY_CRL[6],45190,8
17,7,CFG_CARRY_CRL[7],45654,8
17,7,CFG_CARRY_CRL[8],46582,8
17,7,CFG_CARRY_CRL[9],47046,8
17,7,CFG_LUTCMUX[0],42522,8
17,7,CFG_LUTCMUX[10],44842,8
17,7,CFG_LUTCMUX[11],44494,8
17,7,CFG_LUTCMUX[12],45306,8
17,7,CFG_LUTCMUX[13],44958,8
17,7,CFG_LUTCMUX[14],45770,8
17,7,CFG_LUTCMUX[15],45422,8
17,7,CFG_LUTCMUX[16],46698,8
17,7,CFG_LUTCMUX[17],46350,8
17,7,CFG_LUTCMUX[18],47162,8
17,7,CFG_LUTCMUX[19],46814,8
17,7,CFG_LUTCMUX[1],42174,8
17,7,CFG_LUTCMUX[20],47626,8
17,7,CFG_LUTCMUX[21],47278,8
17,7,CFG_LUTCMUX[22],48090,8
17,7,CFG_LUTCMUX[23],47742,8
17,7,CFG_LUTCMUX[24],48554,8
17,7,CFG_LUTCMUX[25],48206,8
17,7,CFG_LUTCMUX[26],49018,8
17,7,CFG_LUTCMUX[27],48670,8
17,7,CFG_LUTCMUX[28],49482,8
17,7,CFG_LUTCMUX[29],49134,8
17,7,CFG_LUTCMUX[2],42986,8
17,7,CFG_LUTCMUX[30],49946,8
17,7,CFG_LUTCMUX[31],49598,8
17,7,CFG_LUTCMUX[3],42638,8
17,7,CFG_LUTCMUX[4],43450,8
17,7,CFG_LUTCMUX[5],43102,8
17,7,CFG_LUTCMUX[6],43914,8
17,7,CFG_LUTCMUX[7],43566,8
17,7,CFG_LUTCMUX[8],44378,8
17,7,CFG_LUTCMUX[9],44030,8
17,8,CFG_BYPASSEN[0],34634,16
17,8,CFG_BYPASSEN[10],39738,16
17,8,CFG_BYPASSEN[11],40202,16
17,8,CFG_BYPASSEN[12],40666,16
17,8,CFG_BYPASSEN[13],41130,16
17,8,CFG_BYPASSEN[14],41594,16
17,8,CFG_BYPASSEN[15],42058,16
17,8,CFG_BYPASSEN[1],35098,16
17,8,CFG_BYPASSEN[2],35562,16
17,8,CFG_BYPASSEN[3],36026,16
17,8,CFG_BYPASSEN[4],36490,16
17,8,CFG_BYPASSEN[5],36954,16
17,8,CFG_BYPASSEN[6],37418,16
17,8,CFG_BYPASSEN[7],37882,16
17,8,CFG_BYPASSEN[8],38810,16
17,8,CFG_BYPASSEN[9],39274,16
17,8,CFG_CARRY_CRL[0],34518,8
17,8,CFG_CARRY_CRL[10],39622,8
17,8,CFG_CARRY_CRL[11],40086,8
17,8,CFG_CARRY_CRL[12],40550,8
17,8,CFG_CARRY_CRL[13],41014,8
17,8,CFG_CARRY_CRL[14],41478,8
17,8,CFG_CARRY_CRL[15],41942,8
17,8,CFG_CARRY_CRL[1],34982,8
17,8,CFG_CARRY_CRL[2],35446,8
17,8,CFG_CARRY_CRL[3],35910,8
17,8,CFG_CARRY_CRL[4],36374,8
17,8,CFG_CARRY_CRL[5],36838,8
17,8,CFG_CARRY_CRL[6],37302,8
17,8,CFG_CARRY_CRL[7],37766,8
17,8,CFG_CARRY_CRL[8],38694,8
17,8,CFG_CARRY_CRL[9],39158,8
17,8,CFG_LUTCMUX[0],34634,8
17,8,CFG_LUTCMUX[10],36954,8
17,8,CFG_LUTCMUX[11],36606,8
17,8,CFG_LUTCMUX[12],37418,8
17,8,CFG_LUTCMUX[13],37070,8
17,8,CFG_LUTCMUX[14],37882,8
17,8,CFG_LUTCMUX[15],37534,8
17,8,CFG_LUTCMUX[16],38810,8
17,8,CFG_LUTCMUX[17],38462,8
17,8,CFG_LUTCMUX[18],39274,8
17,8,CFG_LUTCMUX[19],38926,8
17,8,CFG_LUTCMUX[1],34286,8
17,8,CFG_LUTCMUX[20],39738,8
17,8,CFG_LUTCMUX[21],39390,8
17,8,CFG_LUTCMUX[22],40202,8
17,8,CFG_LUTCMUX[23],39854,8
17,8,CFG_LUTCMUX[24],40666,8
17,8,CFG_LUTCMUX[25],40318,8
17,8,CFG_LUTCMUX[26],41130,8
17,8,CFG_LUTCMUX[27],40782,8
17,8,CFG_LUTCMUX[28],41594,8
17,8,CFG_LUTCMUX[29],41246,8
17,8,CFG_LUTCMUX[2],35098,8
17,8,CFG_LUTCMUX[30],42058,8
17,8,CFG_LUTCMUX[31],41710,8
17,8,CFG_LUTCMUX[3],34750,8
17,8,CFG_LUTCMUX[4],35562,8
17,8,CFG_LUTCMUX[5],35214,8
17,8,CFG_LUTCMUX[6],36026,8
17,8,CFG_LUTCMUX[7],35678,8
17,8,CFG_LUTCMUX[8],36490,8
17,8,CFG_LUTCMUX[9],36142,8
17,9,CFG_BYPASSEN[0],26746,16
17,9,CFG_BYPASSEN[10],31850,16
17,9,CFG_BYPASSEN[11],32314,16
17,9,CFG_BYPASSEN[12],32778,16
17,9,CFG_BYPASSEN[13],33242,16
17,9,CFG_BYPASSEN[14],33706,16
17,9,CFG_BYPASSEN[15],34170,16
17,9,CFG_BYPASSEN[1],27210,16
17,9,CFG_BYPASSEN[2],27674,16
17,9,CFG_BYPASSEN[3],28138,16
17,9,CFG_BYPASSEN[4],28602,16
17,9,CFG_BYPASSEN[5],29066,16
17,9,CFG_BYPASSEN[6],29530,16
17,9,CFG_BYPASSEN[7],29994,16
17,9,CFG_BYPASSEN[8],30922,16
17,9,CFG_BYPASSEN[9],31386,16
17,9,CFG_CARRY_CRL[0],26630,8
17,9,CFG_CARRY_CRL[10],31734,8
17,9,CFG_CARRY_CRL[11],32198,8
17,9,CFG_CARRY_CRL[12],32662,8
17,9,CFG_CARRY_CRL[13],33126,8
17,9,CFG_CARRY_CRL[14],33590,8
17,9,CFG_CARRY_CRL[15],34054,8
17,9,CFG_CARRY_CRL[1],27094,8
17,9,CFG_CARRY_CRL[2],27558,8
17,9,CFG_CARRY_CRL[3],28022,8
17,9,CFG_CARRY_CRL[4],28486,8
17,9,CFG_CARRY_CRL[5],28950,8
17,9,CFG_CARRY_CRL[6],29414,8
17,9,CFG_CARRY_CRL[7],29878,8
17,9,CFG_CARRY_CRL[8],30806,8
17,9,CFG_CARRY_CRL[9],31270,8
17,9,CFG_LUTCMUX[0],26746,8
17,9,CFG_LUTCMUX[10],29066,8
17,9,CFG_LUTCMUX[11],28718,8
17,9,CFG_LUTCMUX[12],29530,8
17,9,CFG_LUTCMUX[13],29182,8
17,9,CFG_LUTCMUX[14],29994,8
17,9,CFG_LUTCMUX[15],29646,8
17,9,CFG_LUTCMUX[16],30922,8
17,9,CFG_LUTCMUX[17],30574,8
17,9,CFG_LUTCMUX[18],31386,8
17,9,CFG_LUTCMUX[19],31038,8
17,9,CFG_LUTCMUX[1],26398,8
17,9,CFG_LUTCMUX[20],31850,8
17,9,CFG_LUTCMUX[21],31502,8
17,9,CFG_LUTCMUX[22],32314,8
17,9,CFG_LUTCMUX[23],31966,8
17,9,CFG_LUTCMUX[24],32778,8
17,9,CFG_LUTCMUX[25],32430,8
17,9,CFG_LUTCMUX[26],33242,8
17,9,CFG_LUTCMUX[27],32894,8
17,9,CFG_LUTCMUX[28],33706,8
17,9,CFG_LUTCMUX[29],33358,8
17,9,CFG_LUTCMUX[2],27210,8
17,9,CFG_LUTCMUX[30],34170,8
17,9,CFG_LUTCMUX[31],33822,8
17,9,CFG_LUTCMUX[3],26862,8
17,9,CFG_LUTCMUX[4],27674,8
17,9,CFG_LUTCMUX[5],27326,8
17,9,CFG_LUTCMUX[6],28138,8
17,9,CFG_LUTCMUX[7],27790,8
17,9,CFG_LUTCMUX[8],28602,8
17,9,CFG_LUTCMUX[9],28254,8
17,10,CFG_BYPASSEN[0],18858,16
17,10,CFG_BYPASSEN[10],23962,16
17,10,CFG_BYPASSEN[11],24426,16
17,10,CFG_BYPASSEN[12],24890,16
17,10,CFG_BYPASSEN[13],25354,16
17,10,CFG_BYPASSEN[14],25818,16
17,10,CFG_BYPASSEN[15],26282,16
17,10,CFG_BYPASSEN[1],19322,16
17,10,CFG_BYPASSEN[2],19786,16
17,10,CFG_BYPASSEN[3],20250,16
17,10,CFG_BYPASSEN[4],20714,16
17,10,CFG_BYPASSEN[5],21178,16
17,10,CFG_BYPASSEN[6],21642,16
17,10,CFG_BYPASSEN[7],22106,16
17,10,CFG_BYPASSEN[8],23034,16
17,10,CFG_BYPASSEN[9],23498,16
17,10,CFG_CARRY_CRL[0],18742,8
17,10,CFG_CARRY_CRL[10],23846,8
17,10,CFG_CARRY_CRL[11],24310,8
17,10,CFG_CARRY_CRL[12],24774,8
17,10,CFG_CARRY_CRL[13],25238,8
17,10,CFG_CARRY_CRL[14],25702,8
17,10,CFG_CARRY_CRL[15],26166,8
17,10,CFG_CARRY_CRL[1],19206,8
17,10,CFG_CARRY_CRL[2],19670,8
17,10,CFG_CARRY_CRL[3],20134,8
17,10,CFG_CARRY_CRL[4],20598,8
17,10,CFG_CARRY_CRL[5],21062,8
17,10,CFG_CARRY_CRL[6],21526,8
17,10,CFG_CARRY_CRL[7],21990,8
17,10,CFG_CARRY_CRL[8],22918,8
17,10,CFG_CARRY_CRL[9],23382,8
17,10,CFG_LUTCMUX[0],18858,8
17,10,CFG_LUTCMUX[10],21178,8
17,10,CFG_LUTCMUX[11],20830,8
17,10,CFG_LUTCMUX[12],21642,8
17,10,CFG_LUTCMUX[13],21294,8
17,10,CFG_LUTCMUX[14],22106,8
17,10,CFG_LUTCMUX[15],21758,8
17,10,CFG_LUTCMUX[16],23034,8
17,10,CFG_LUTCMUX[17],22686,8
17,10,CFG_LUTCMUX[18],23498,8
17,10,CFG_LUTCMUX[19],23150,8
17,10,CFG_LUTCMUX[1],18510,8
17,10,CFG_LUTCMUX[20],23962,8
17,10,CFG_LUTCMUX[21],23614,8
17,10,CFG_LUTCMUX[22],24426,8
17,10,CFG_LUTCMUX[23],24078,8
17,10,CFG_LUTCMUX[24],24890,8
17,10,CFG_LUTCMUX[25],24542,8
17,10,CFG_LUTCMUX[26],25354,8
17,10,CFG_LUTCMUX[27],25006,8
17,10,CFG_LUTCMUX[28],25818,8
17,10,CFG_LUTCMUX[29],25470,8
17,10,CFG_LUTCMUX[2],19322,8
17,10,CFG_LUTCMUX[30],26282,8
17,10,CFG_LUTCMUX[31],25934,8
17,10,CFG_LUTCMUX[3],18974,8
17,10,CFG_LUTCMUX[4],19786,8
17,10,CFG_LUTCMUX[5],19438,8
17,10,CFG_LUTCMUX[6],20250,8
17,10,CFG_LUTCMUX[7],19902,8
17,10,CFG_LUTCMUX[8],20714,8
17,10,CFG_LUTCMUX[9],20366,8
17,11,CFG_BYPASSEN[0],10970,16
17,11,CFG_BYPASSEN[10],16074,16
17,11,CFG_BYPASSEN[11],16538,16
17,11,CFG_BYPASSEN[12],17002,16
17,11,CFG_BYPASSEN[13],17466,16
17,11,CFG_BYPASSEN[14],17930,16
17,11,CFG_BYPASSEN[15],18394,16
17,11,CFG_BYPASSEN[1],11434,16
17,11,CFG_BYPASSEN[2],11898,16
17,11,CFG_BYPASSEN[3],12362,16
17,11,CFG_BYPASSEN[4],12826,16
17,11,CFG_BYPASSEN[5],13290,16
17,11,CFG_BYPASSEN[6],13754,16
17,11,CFG_BYPASSEN[7],14218,16
17,11,CFG_BYPASSEN[8],15146,16
17,11,CFG_BYPASSEN[9],15610,16
17,11,CFG_CARRY_CRL[0],10854,8
17,11,CFG_CARRY_CRL[10],15958,8
17,11,CFG_CARRY_CRL[11],16422,8
17,11,CFG_CARRY_CRL[12],16886,8
17,11,CFG_CARRY_CRL[13],17350,8
17,11,CFG_CARRY_CRL[14],17814,8
17,11,CFG_CARRY_CRL[15],18278,8
17,11,CFG_CARRY_CRL[1],11318,8
17,11,CFG_CARRY_CRL[2],11782,8
17,11,CFG_CARRY_CRL[3],12246,8
17,11,CFG_CARRY_CRL[4],12710,8
17,11,CFG_CARRY_CRL[5],13174,8
17,11,CFG_CARRY_CRL[6],13638,8
17,11,CFG_CARRY_CRL[7],14102,8
17,11,CFG_CARRY_CRL[8],15030,8
17,11,CFG_CARRY_CRL[9],15494,8
17,11,CFG_LUTCMUX[0],10970,8
17,11,CFG_LUTCMUX[10],13290,8
17,11,CFG_LUTCMUX[11],12942,8
17,11,CFG_LUTCMUX[12],13754,8
17,11,CFG_LUTCMUX[13],13406,8
17,11,CFG_LUTCMUX[14],14218,8
17,11,CFG_LUTCMUX[15],13870,8
17,11,CFG_LUTCMUX[16],15146,8
17,11,CFG_LUTCMUX[17],14798,8
17,11,CFG_LUTCMUX[18],15610,8
17,11,CFG_LUTCMUX[19],15262,8
17,11,CFG_LUTCMUX[1],10622,8
17,11,CFG_LUTCMUX[20],16074,8
17,11,CFG_LUTCMUX[21],15726,8
17,11,CFG_LUTCMUX[22],16538,8
17,11,CFG_LUTCMUX[23],16190,8
17,11,CFG_LUTCMUX[24],17002,8
17,11,CFG_LUTCMUX[25],16654,8
17,11,CFG_LUTCMUX[26],17466,8
17,11,CFG_LUTCMUX[27],17118,8
17,11,CFG_LUTCMUX[28],17930,8
17,11,CFG_LUTCMUX[29],17582,8
17,11,CFG_LUTCMUX[2],11434,8
17,11,CFG_LUTCMUX[30],18394,8
17,11,CFG_LUTCMUX[31],18046,8
17,11,CFG_LUTCMUX[3],11086,8
17,11,CFG_LUTCMUX[4],11898,8
17,11,CFG_LUTCMUX[5],11550,8
17,11,CFG_LUTCMUX[6],12362,8
17,11,CFG_LUTCMUX[7],12014,8
17,11,CFG_LUTCMUX[8],12826,8
17,11,CFG_LUTCMUX[9],12478,8
17,12,CFG_BYPASSEN[0],3082,16
17,12,CFG_BYPASSEN[10],8186,16
17,12,CFG_BYPASSEN[11],8650,16
17,12,CFG_BYPASSEN[12],9114,16
17,12,CFG_BYPASSEN[13],9578,16
17,12,CFG_BYPASSEN[14],10042,16
17,12,CFG_BYPASSEN[15],10506,16
17,12,CFG_BYPASSEN[1],3546,16
17,12,CFG_BYPASSEN[2],4010,16
17,12,CFG_BYPASSEN[3],4474,16
17,12,CFG_BYPASSEN[4],4938,16
17,12,CFG_BYPASSEN[5],5402,16
17,12,CFG_BYPASSEN[6],5866,16
17,12,CFG_BYPASSEN[7],6330,16
17,12,CFG_BYPASSEN[8],7258,16
17,12,CFG_BYPASSEN[9],7722,16
17,12,CFG_CARRY_CRL[0],2966,8
17,12,CFG_CARRY_CRL[10],8070,8
17,12,CFG_CARRY_CRL[11],8534,8
17,12,CFG_CARRY_CRL[12],8998,8
17,12,CFG_CARRY_CRL[13],9462,8
17,12,CFG_CARRY_CRL[14],9926,8
17,12,CFG_CARRY_CRL[15],10390,8
17,12,CFG_CARRY_CRL[1],3430,8
17,12,CFG_CARRY_CRL[2],3894,8
17,12,CFG_CARRY_CRL[3],4358,8
17,12,CFG_CARRY_CRL[4],4822,8
17,12,CFG_CARRY_CRL[5],5286,8
17,12,CFG_CARRY_CRL[6],5750,8
17,12,CFG_CARRY_CRL[7],6214,8
17,12,CFG_CARRY_CRL[8],7142,8
17,12,CFG_CARRY_CRL[9],7606,8
17,12,CFG_LUTCMUX[0],3082,8
17,12,CFG_LUTCMUX[10],5402,8
17,12,CFG_LUTCMUX[11],5054,8
17,12,CFG_LUTCMUX[12],5866,8
17,12,CFG_LUTCMUX[13],5518,8
17,12,CFG_LUTCMUX[14],6330,8
17,12,CFG_LUTCMUX[15],5982,8
17,12,CFG_LUTCMUX[16],7258,8
17,12,CFG_LUTCMUX[17],6910,8
17,12,CFG_LUTCMUX[18],7722,8
17,12,CFG_LUTCMUX[19],7374,8
17,12,CFG_LUTCMUX[1],2734,8
17,12,CFG_LUTCMUX[20],8186,8
17,12,CFG_LUTCMUX[21],7838,8
17,12,CFG_LUTCMUX[22],8650,8
17,12,CFG_LUTCMUX[23],8302,8
17,12,CFG_LUTCMUX[24],9114,8
17,12,CFG_LUTCMUX[25],8766,8
17,12,CFG_LUTCMUX[26],9578,8
17,12,CFG_LUTCMUX[27],9230,8
17,12,CFG_LUTCMUX[28],10042,8
17,12,CFG_LUTCMUX[29],9694,8
17,12,CFG_LUTCMUX[2],3546,8
17,12,CFG_LUTCMUX[30],10506,8
17,12,CFG_LUTCMUX[31],10158,8
17,12,CFG_LUTCMUX[3],3198,8
17,12,CFG_LUTCMUX[4],4010,8
17,12,CFG_LUTCMUX[5],3662,8
17,12,CFG_LUTCMUX[6],4474,8
17,12,CFG_LUTCMUX[7],4126,8
17,12,CFG_LUTCMUX[8],4938,8
17,12,CFG_LUTCMUX[9],4590,8
18,1,CFG_BYPASSEN[0],89845,1
18,1,CFG_BYPASSEN[10],94949,1
18,1,CFG_BYPASSEN[11],95413,1
18,1,CFG_BYPASSEN[12],95877,1
18,1,CFG_BYPASSEN[13],96341,1
18,1,CFG_BYPASSEN[14],96805,1
18,1,CFG_BYPASSEN[15],97269,1
18,1,CFG_BYPASSEN[1],90309,1
18,1,CFG_BYPASSEN[2],90773,1
18,1,CFG_BYPASSEN[3],91237,1
18,1,CFG_BYPASSEN[4],91701,1
18,1,CFG_BYPASSEN[5],92165,1
18,1,CFG_BYPASSEN[6],92629,1
18,1,CFG_BYPASSEN[7],93093,1
18,1,CFG_BYPASSEN[8],94021,1
18,1,CFG_BYPASSEN[9],94485,1
18,1,CFG_CARRY_CRL[0],89730,128
18,1,CFG_CARRY_CRL[10],94834,128
18,1,CFG_CARRY_CRL[11],95298,128
18,1,CFG_CARRY_CRL[12],95762,128
18,1,CFG_CARRY_CRL[13],96226,128
18,1,CFG_CARRY_CRL[14],96690,128
18,1,CFG_CARRY_CRL[15],97154,128
18,1,CFG_CARRY_CRL[1],90194,128
18,1,CFG_CARRY_CRL[2],90658,128
18,1,CFG_CARRY_CRL[3],91122,128
18,1,CFG_CARRY_CRL[4],91586,128
18,1,CFG_CARRY_CRL[5],92050,128
18,1,CFG_CARRY_CRL[6],92514,128
18,1,CFG_CARRY_CRL[7],92978,128
18,1,CFG_CARRY_CRL[8],93906,128
18,1,CFG_CARRY_CRL[9],94370,128
18,1,CFG_LUTCMUX[0],89846,128
18,1,CFG_LUTCMUX[10],92166,128
18,1,CFG_LUTCMUX[11],91818,128
18,1,CFG_LUTCMUX[12],92630,128
18,1,CFG_LUTCMUX[13],92282,128
18,1,CFG_LUTCMUX[14],93094,128
18,1,CFG_LUTCMUX[15],92746,128
18,1,CFG_LUTCMUX[16],94022,128
18,1,CFG_LUTCMUX[17],93674,128
18,1,CFG_LUTCMUX[18],94486,128
18,1,CFG_LUTCMUX[19],94138,128
18,1,CFG_LUTCMUX[1],89498,128
18,1,CFG_LUTCMUX[20],94950,128
18,1,CFG_LUTCMUX[21],94602,128
18,1,CFG_LUTCMUX[22],95414,128
18,1,CFG_LUTCMUX[23],95066,128
18,1,CFG_LUTCMUX[24],95878,128
18,1,CFG_LUTCMUX[25],95530,128
18,1,CFG_LUTCMUX[26],96342,128
18,1,CFG_LUTCMUX[27],95994,128
18,1,CFG_LUTCMUX[28],96806,128
18,1,CFG_LUTCMUX[29],96458,128
18,1,CFG_LUTCMUX[2],90310,128
18,1,CFG_LUTCMUX[30],97270,128
18,1,CFG_LUTCMUX[31],96922,128
18,1,CFG_LUTCMUX[3],89962,128
18,1,CFG_LUTCMUX[4],90774,128
18,1,CFG_LUTCMUX[5],90426,128
18,1,CFG_LUTCMUX[6],91238,128
18,1,CFG_LUTCMUX[7],90890,128
18,1,CFG_LUTCMUX[8],91702,128
18,1,CFG_LUTCMUX[9],91354,128
18,2,CFG_BYPASSEN[0],81957,1
18,2,CFG_BYPASSEN[10],87061,1
18,2,CFG_BYPASSEN[11],87525,1
18,2,CFG_BYPASSEN[12],87989,1
18,2,CFG_BYPASSEN[13],88453,1
18,2,CFG_BYPASSEN[14],88917,1
18,2,CFG_BYPASSEN[15],89381,1
18,2,CFG_BYPASSEN[1],82421,1
18,2,CFG_BYPASSEN[2],82885,1
18,2,CFG_BYPASSEN[3],83349,1
18,2,CFG_BYPASSEN[4],83813,1
18,2,CFG_BYPASSEN[5],84277,1
18,2,CFG_BYPASSEN[6],84741,1
18,2,CFG_BYPASSEN[7],85205,1
18,2,CFG_BYPASSEN[8],86133,1
18,2,CFG_BYPASSEN[9],86597,1
18,2,CFG_CARRY_CRL[0],81842,128
18,2,CFG_CARRY_CRL[10],86946,128
18,2,CFG_CARRY_CRL[11],87410,128
18,2,CFG_CARRY_CRL[12],87874,128
18,2,CFG_CARRY_CRL[13],88338,128
18,2,CFG_CARRY_CRL[14],88802,128
18,2,CFG_CARRY_CRL[15],89266,128
18,2,CFG_CARRY_CRL[1],82306,128
18,2,CFG_CARRY_CRL[2],82770,128
18,2,CFG_CARRY_CRL[3],83234,128
18,2,CFG_CARRY_CRL[4],83698,128
18,2,CFG_CARRY_CRL[5],84162,128
18,2,CFG_CARRY_CRL[6],84626,128
18,2,CFG_CARRY_CRL[7],85090,128
18,2,CFG_CARRY_CRL[8],86018,128
18,2,CFG_CARRY_CRL[9],86482,128
18,2,CFG_LUTCMUX[0],81958,128
18,2,CFG_LUTCMUX[10],84278,128
18,2,CFG_LUTCMUX[11],83930,128
18,2,CFG_LUTCMUX[12],84742,128
18,2,CFG_LUTCMUX[13],84394,128
18,2,CFG_LUTCMUX[14],85206,128
18,2,CFG_LUTCMUX[15],84858,128
18,2,CFG_LUTCMUX[16],86134,128
18,2,CFG_LUTCMUX[17],85786,128
18,2,CFG_LUTCMUX[18],86598,128
18,2,CFG_LUTCMUX[19],86250,128
18,2,CFG_LUTCMUX[1],81610,128
18,2,CFG_LUTCMUX[20],87062,128
18,2,CFG_LUTCMUX[21],86714,128
18,2,CFG_LUTCMUX[22],87526,128
18,2,CFG_LUTCMUX[23],87178,128
18,2,CFG_LUTCMUX[24],87990,128
18,2,CFG_LUTCMUX[25],87642,128
18,2,CFG_LUTCMUX[26],88454,128
18,2,CFG_LUTCMUX[27],88106,128
18,2,CFG_LUTCMUX[28],88918,128
18,2,CFG_LUTCMUX[29],88570,128
18,2,CFG_LUTCMUX[2],82422,128
18,2,CFG_LUTCMUX[30],89382,128
18,2,CFG_LUTCMUX[31],89034,128
18,2,CFG_LUTCMUX[3],82074,128
18,2,CFG_LUTCMUX[4],82886,128
18,2,CFG_LUTCMUX[5],82538,128
18,2,CFG_LUTCMUX[6],83350,128
18,2,CFG_LUTCMUX[7],83002,128
18,2,CFG_LUTCMUX[8],83814,128
18,2,CFG_LUTCMUX[9],83466,128
18,3,CFG_BYPASSEN[0],74069,1
18,3,CFG_BYPASSEN[10],79173,1
18,3,CFG_BYPASSEN[11],79637,1
18,3,CFG_BYPASSEN[12],80101,1
18,3,CFG_BYPASSEN[13],80565,1
18,3,CFG_BYPASSEN[14],81029,1
18,3,CFG_BYPASSEN[15],81493,1
18,3,CFG_BYPASSEN[1],74533,1
18,3,CFG_BYPASSEN[2],74997,1
18,3,CFG_BYPASSEN[3],75461,1
18,3,CFG_BYPASSEN[4],75925,1
18,3,CFG_BYPASSEN[5],76389,1
18,3,CFG_BYPASSEN[6],76853,1
18,3,CFG_BYPASSEN[7],77317,1
18,3,CFG_BYPASSEN[8],78245,1
18,3,CFG_BYPASSEN[9],78709,1
18,3,CFG_CARRY_CRL[0],73954,128
18,3,CFG_CARRY_CRL[10],79058,128
18,3,CFG_CARRY_CRL[11],79522,128
18,3,CFG_CARRY_CRL[12],79986,128
18,3,CFG_CARRY_CRL[13],80450,128
18,3,CFG_CARRY_CRL[14],80914,128
18,3,CFG_CARRY_CRL[15],81378,128
18,3,CFG_CARRY_CRL[1],74418,128
18,3,CFG_CARRY_CRL[2],74882,128
18,3,CFG_CARRY_CRL[3],75346,128
18,3,CFG_CARRY_CRL[4],75810,128
18,3,CFG_CARRY_CRL[5],76274,128
18,3,CFG_CARRY_CRL[6],76738,128
18,3,CFG_CARRY_CRL[7],77202,128
18,3,CFG_CARRY_CRL[8],78130,128
18,3,CFG_CARRY_CRL[9],78594,128
18,3,CFG_LUTCMUX[0],74070,128
18,3,CFG_LUTCMUX[10],76390,128
18,3,CFG_LUTCMUX[11],76042,128
18,3,CFG_LUTCMUX[12],76854,128
18,3,CFG_LUTCMUX[13],76506,128
18,3,CFG_LUTCMUX[14],77318,128
18,3,CFG_LUTCMUX[15],76970,128
18,3,CFG_LUTCMUX[16],78246,128
18,3,CFG_LUTCMUX[17],77898,128
18,3,CFG_LUTCMUX[18],78710,128
18,3,CFG_LUTCMUX[19],78362,128
18,3,CFG_LUTCMUX[1],73722,128
18,3,CFG_LUTCMUX[20],79174,128
18,3,CFG_LUTCMUX[21],78826,128
18,3,CFG_LUTCMUX[22],79638,128
18,3,CFG_LUTCMUX[23],79290,128
18,3,CFG_LUTCMUX[24],80102,128
18,3,CFG_LUTCMUX[25],79754,128
18,3,CFG_LUTCMUX[26],80566,128
18,3,CFG_LUTCMUX[27],80218,128
18,3,CFG_LUTCMUX[28],81030,128
18,3,CFG_LUTCMUX[29],80682,128
18,3,CFG_LUTCMUX[2],74534,128
18,3,CFG_LUTCMUX[30],81494,128
18,3,CFG_LUTCMUX[31],81146,128
18,3,CFG_LUTCMUX[3],74186,128
18,3,CFG_LUTCMUX[4],74998,128
18,3,CFG_LUTCMUX[5],74650,128
18,3,CFG_LUTCMUX[6],75462,128
18,3,CFG_LUTCMUX[7],75114,128
18,3,CFG_LUTCMUX[8],75926,128
18,3,CFG_LUTCMUX[9],75578,128
18,4,CFG_BYPASSEN[0],66181,1
18,4,CFG_BYPASSEN[10],71285,1
18,4,CFG_BYPASSEN[11],71749,1
18,4,CFG_BYPASSEN[12],72213,1
18,4,CFG_BYPASSEN[13],72677,1
18,4,CFG_BYPASSEN[14],73141,1
18,4,CFG_BYPASSEN[15],73605,1
18,4,CFG_BYPASSEN[1],66645,1
18,4,CFG_BYPASSEN[2],67109,1
18,4,CFG_BYPASSEN[3],67573,1
18,4,CFG_BYPASSEN[4],68037,1
18,4,CFG_BYPASSEN[5],68501,1
18,4,CFG_BYPASSEN[6],68965,1
18,4,CFG_BYPASSEN[7],69429,1
18,4,CFG_BYPASSEN[8],70357,1
18,4,CFG_BYPASSEN[9],70821,1
18,4,CFG_CARRY_CRL[0],66066,128
18,4,CFG_CARRY_CRL[10],71170,128
18,4,CFG_CARRY_CRL[11],71634,128
18,4,CFG_CARRY_CRL[12],72098,128
18,4,CFG_CARRY_CRL[13],72562,128
18,4,CFG_CARRY_CRL[14],73026,128
18,4,CFG_CARRY_CRL[15],73490,128
18,4,CFG_CARRY_CRL[1],66530,128
18,4,CFG_CARRY_CRL[2],66994,128
18,4,CFG_CARRY_CRL[3],67458,128
18,4,CFG_CARRY_CRL[4],67922,128
18,4,CFG_CARRY_CRL[5],68386,128
18,4,CFG_CARRY_CRL[6],68850,128
18,4,CFG_CARRY_CRL[7],69314,128
18,4,CFG_CARRY_CRL[8],70242,128
18,4,CFG_CARRY_CRL[9],70706,128
18,4,CFG_LUTCMUX[0],66182,128
18,4,CFG_LUTCMUX[10],68502,128
18,4,CFG_LUTCMUX[11],68154,128
18,4,CFG_LUTCMUX[12],68966,128
18,4,CFG_LUTCMUX[13],68618,128
18,4,CFG_LUTCMUX[14],69430,128
18,4,CFG_LUTCMUX[15],69082,128
18,4,CFG_LUTCMUX[16],70358,128
18,4,CFG_LUTCMUX[17],70010,128
18,4,CFG_LUTCMUX[18],70822,128
18,4,CFG_LUTCMUX[19],70474,128
18,4,CFG_LUTCMUX[1],65834,128
18,4,CFG_LUTCMUX[20],71286,128
18,4,CFG_LUTCMUX[21],70938,128
18,4,CFG_LUTCMUX[22],71750,128
18,4,CFG_LUTCMUX[23],71402,128
18,4,CFG_LUTCMUX[24],72214,128
18,4,CFG_LUTCMUX[25],71866,128
18,4,CFG_LUTCMUX[26],72678,128
18,4,CFG_LUTCMUX[27],72330,128
18,4,CFG_LUTCMUX[28],73142,128
18,4,CFG_LUTCMUX[29],72794,128
18,4,CFG_LUTCMUX[2],66646,128
18,4,CFG_LUTCMUX[30],73606,128
18,4,CFG_LUTCMUX[31],73258,128
18,4,CFG_LUTCMUX[3],66298,128
18,4,CFG_LUTCMUX[4],67110,128
18,4,CFG_LUTCMUX[5],66762,128
18,4,CFG_LUTCMUX[6],67574,128
18,4,CFG_LUTCMUX[7],67226,128
18,4,CFG_LUTCMUX[8],68038,128
18,4,CFG_LUTCMUX[9],67690,128
18,5,CFG_BYPASSEN[0],58293,1
18,5,CFG_BYPASSEN[10],63397,1
18,5,CFG_BYPASSEN[11],63861,1
18,5,CFG_BYPASSEN[12],64325,1
18,5,CFG_BYPASSEN[13],64789,1
18,5,CFG_BYPASSEN[14],65253,1
18,5,CFG_BYPASSEN[15],65717,1
18,5,CFG_BYPASSEN[1],58757,1
18,5,CFG_BYPASSEN[2],59221,1
18,5,CFG_BYPASSEN[3],59685,1
18,5,CFG_BYPASSEN[4],60149,1
18,5,CFG_BYPASSEN[5],60613,1
18,5,CFG_BYPASSEN[6],61077,1
18,5,CFG_BYPASSEN[7],61541,1
18,5,CFG_BYPASSEN[8],62469,1
18,5,CFG_BYPASSEN[9],62933,1
18,5,CFG_CARRY_CRL[0],58178,128
18,5,CFG_CARRY_CRL[10],63282,128
18,5,CFG_CARRY_CRL[11],63746,128
18,5,CFG_CARRY_CRL[12],64210,128
18,5,CFG_CARRY_CRL[13],64674,128
18,5,CFG_CARRY_CRL[14],65138,128
18,5,CFG_CARRY_CRL[15],65602,128
18,5,CFG_CARRY_CRL[1],58642,128
18,5,CFG_CARRY_CRL[2],59106,128
18,5,CFG_CARRY_CRL[3],59570,128
18,5,CFG_CARRY_CRL[4],60034,128
18,5,CFG_CARRY_CRL[5],60498,128
18,5,CFG_CARRY_CRL[6],60962,128
18,5,CFG_CARRY_CRL[7],61426,128
18,5,CFG_CARRY_CRL[8],62354,128
18,5,CFG_CARRY_CRL[9],62818,128
18,5,CFG_LUTCMUX[0],58294,128
18,5,CFG_LUTCMUX[10],60614,128
18,5,CFG_LUTCMUX[11],60266,128
18,5,CFG_LUTCMUX[12],61078,128
18,5,CFG_LUTCMUX[13],60730,128
18,5,CFG_LUTCMUX[14],61542,128
18,5,CFG_LUTCMUX[15],61194,128
18,5,CFG_LUTCMUX[16],62470,128
18,5,CFG_LUTCMUX[17],62122,128
18,5,CFG_LUTCMUX[18],62934,128
18,5,CFG_LUTCMUX[19],62586,128
18,5,CFG_LUTCMUX[1],57946,128
18,5,CFG_LUTCMUX[20],63398,128
18,5,CFG_LUTCMUX[21],63050,128
18,5,CFG_LUTCMUX[22],63862,128
18,5,CFG_LUTCMUX[23],63514,128
18,5,CFG_LUTCMUX[24],64326,128
18,5,CFG_LUTCMUX[25],63978,128
18,5,CFG_LUTCMUX[26],64790,128
18,5,CFG_LUTCMUX[27],64442,128
18,5,CFG_LUTCMUX[28],65254,128
18,5,CFG_LUTCMUX[29],64906,128
18,5,CFG_LUTCMUX[2],58758,128
18,5,CFG_LUTCMUX[30],65718,128
18,5,CFG_LUTCMUX[31],65370,128
18,5,CFG_LUTCMUX[3],58410,128
18,5,CFG_LUTCMUX[4],59222,128
18,5,CFG_LUTCMUX[5],58874,128
18,5,CFG_LUTCMUX[6],59686,128
18,5,CFG_LUTCMUX[7],59338,128
18,5,CFG_LUTCMUX[8],60150,128
18,5,CFG_LUTCMUX[9],59802,128
18,6,CFG_BYPASSEN[0],50405,1
18,6,CFG_BYPASSEN[10],55509,1
18,6,CFG_BYPASSEN[11],55973,1
18,6,CFG_BYPASSEN[12],56437,1
18,6,CFG_BYPASSEN[13],56901,1
18,6,CFG_BYPASSEN[14],57365,1
18,6,CFG_BYPASSEN[15],57829,1
18,6,CFG_BYPASSEN[1],50869,1
18,6,CFG_BYPASSEN[2],51333,1
18,6,CFG_BYPASSEN[3],51797,1
18,6,CFG_BYPASSEN[4],52261,1
18,6,CFG_BYPASSEN[5],52725,1
18,6,CFG_BYPASSEN[6],53189,1
18,6,CFG_BYPASSEN[7],53653,1
18,6,CFG_BYPASSEN[8],54581,1
18,6,CFG_BYPASSEN[9],55045,1
18,6,CFG_CARRY_CRL[0],50290,128
18,6,CFG_CARRY_CRL[10],55394,128
18,6,CFG_CARRY_CRL[11],55858,128
18,6,CFG_CARRY_CRL[12],56322,128
18,6,CFG_CARRY_CRL[13],56786,128
18,6,CFG_CARRY_CRL[14],57250,128
18,6,CFG_CARRY_CRL[15],57714,128
18,6,CFG_CARRY_CRL[1],50754,128
18,6,CFG_CARRY_CRL[2],51218,128
18,6,CFG_CARRY_CRL[3],51682,128
18,6,CFG_CARRY_CRL[4],52146,128
18,6,CFG_CARRY_CRL[5],52610,128
18,6,CFG_CARRY_CRL[6],53074,128
18,6,CFG_CARRY_CRL[7],53538,128
18,6,CFG_CARRY_CRL[8],54466,128
18,6,CFG_CARRY_CRL[9],54930,128
18,6,CFG_LUTCMUX[0],50406,128
18,6,CFG_LUTCMUX[10],52726,128
18,6,CFG_LUTCMUX[11],52378,128
18,6,CFG_LUTCMUX[12],53190,128
18,6,CFG_LUTCMUX[13],52842,128
18,6,CFG_LUTCMUX[14],53654,128
18,6,CFG_LUTCMUX[15],53306,128
18,6,CFG_LUTCMUX[16],54582,128
18,6,CFG_LUTCMUX[17],54234,128
18,6,CFG_LUTCMUX[18],55046,128
18,6,CFG_LUTCMUX[19],54698,128
18,6,CFG_LUTCMUX[1],50058,128
18,6,CFG_LUTCMUX[20],55510,128
18,6,CFG_LUTCMUX[21],55162,128
18,6,CFG_LUTCMUX[22],55974,128
18,6,CFG_LUTCMUX[23],55626,128
18,6,CFG_LUTCMUX[24],56438,128
18,6,CFG_LUTCMUX[25],56090,128
18,6,CFG_LUTCMUX[26],56902,128
18,6,CFG_LUTCMUX[27],56554,128
18,6,CFG_LUTCMUX[28],57366,128
18,6,CFG_LUTCMUX[29],57018,128
18,6,CFG_LUTCMUX[2],50870,128
18,6,CFG_LUTCMUX[30],57830,128
18,6,CFG_LUTCMUX[31],57482,128
18,6,CFG_LUTCMUX[3],50522,128
18,6,CFG_LUTCMUX[4],51334,128
18,6,CFG_LUTCMUX[5],50986,128
18,6,CFG_LUTCMUX[6],51798,128
18,6,CFG_LUTCMUX[7],51450,128
18,6,CFG_LUTCMUX[8],52262,128
18,6,CFG_LUTCMUX[9],51914,128
18,7,CFG_BYPASSEN[0],42517,1
18,7,CFG_BYPASSEN[10],47621,1
18,7,CFG_BYPASSEN[11],48085,1
18,7,CFG_BYPASSEN[12],48549,1
18,7,CFG_BYPASSEN[13],49013,1
18,7,CFG_BYPASSEN[14],49477,1
18,7,CFG_BYPASSEN[15],49941,1
18,7,CFG_BYPASSEN[1],42981,1
18,7,CFG_BYPASSEN[2],43445,1
18,7,CFG_BYPASSEN[3],43909,1
18,7,CFG_BYPASSEN[4],44373,1
18,7,CFG_BYPASSEN[5],44837,1
18,7,CFG_BYPASSEN[6],45301,1
18,7,CFG_BYPASSEN[7],45765,1
18,7,CFG_BYPASSEN[8],46693,1
18,7,CFG_BYPASSEN[9],47157,1
18,7,CFG_CARRY_CRL[0],42402,128
18,7,CFG_CARRY_CRL[10],47506,128
18,7,CFG_CARRY_CRL[11],47970,128
18,7,CFG_CARRY_CRL[12],48434,128
18,7,CFG_CARRY_CRL[13],48898,128
18,7,CFG_CARRY_CRL[14],49362,128
18,7,CFG_CARRY_CRL[15],49826,128
18,7,CFG_CARRY_CRL[1],42866,128
18,7,CFG_CARRY_CRL[2],43330,128
18,7,CFG_CARRY_CRL[3],43794,128
18,7,CFG_CARRY_CRL[4],44258,128
18,7,CFG_CARRY_CRL[5],44722,128
18,7,CFG_CARRY_CRL[6],45186,128
18,7,CFG_CARRY_CRL[7],45650,128
18,7,CFG_CARRY_CRL[8],46578,128
18,7,CFG_CARRY_CRL[9],47042,128
18,7,CFG_LUTCMUX[0],42518,128
18,7,CFG_LUTCMUX[10],44838,128
18,7,CFG_LUTCMUX[11],44490,128
18,7,CFG_LUTCMUX[12],45302,128
18,7,CFG_LUTCMUX[13],44954,128
18,7,CFG_LUTCMUX[14],45766,128
18,7,CFG_LUTCMUX[15],45418,128
18,7,CFG_LUTCMUX[16],46694,128
18,7,CFG_LUTCMUX[17],46346,128
18,7,CFG_LUTCMUX[18],47158,128
18,7,CFG_LUTCMUX[19],46810,128
18,7,CFG_LUTCMUX[1],42170,128
18,7,CFG_LUTCMUX[20],47622,128
18,7,CFG_LUTCMUX[21],47274,128
18,7,CFG_LUTCMUX[22],48086,128
18,7,CFG_LUTCMUX[23],47738,128
18,7,CFG_LUTCMUX[24],48550,128
18,7,CFG_LUTCMUX[25],48202,128
18,7,CFG_LUTCMUX[26],49014,128
18,7,CFG_LUTCMUX[27],48666,128
18,7,CFG_LUTCMUX[28],49478,128
18,7,CFG_LUTCMUX[29],49130,128
18,7,CFG_LUTCMUX[2],42982,128
18,7,CFG_LUTCMUX[30],49942,128
18,7,CFG_LUTCMUX[31],49594,128
18,7,CFG_LUTCMUX[3],42634,128
18,7,CFG_LUTCMUX[4],43446,128
18,7,CFG_LUTCMUX[5],43098,128
18,7,CFG_LUTCMUX[6],43910,128
18,7,CFG_LUTCMUX[7],43562,128
18,7,CFG_LUTCMUX[8],44374,128
18,7,CFG_LUTCMUX[9],44026,128
18,8,CFG_BYPASSEN[0],34629,1
18,8,CFG_BYPASSEN[10],39733,1
18,8,CFG_BYPASSEN[11],40197,1
18,8,CFG_BYPASSEN[12],40661,1
18,8,CFG_BYPASSEN[13],41125,1
18,8,CFG_BYPASSEN[14],41589,1
18,8,CFG_BYPASSEN[15],42053,1
18,8,CFG_BYPASSEN[1],35093,1
18,8,CFG_BYPASSEN[2],35557,1
18,8,CFG_BYPASSEN[3],36021,1
18,8,CFG_BYPASSEN[4],36485,1
18,8,CFG_BYPASSEN[5],36949,1
18,8,CFG_BYPASSEN[6],37413,1
18,8,CFG_BYPASSEN[7],37877,1
18,8,CFG_BYPASSEN[8],38805,1
18,8,CFG_BYPASSEN[9],39269,1
18,8,CFG_CARRY_CRL[0],34514,128
18,8,CFG_CARRY_CRL[10],39618,128
18,8,CFG_CARRY_CRL[11],40082,128
18,8,CFG_CARRY_CRL[12],40546,128
18,8,CFG_CARRY_CRL[13],41010,128
18,8,CFG_CARRY_CRL[14],41474,128
18,8,CFG_CARRY_CRL[15],41938,128
18,8,CFG_CARRY_CRL[1],34978,128
18,8,CFG_CARRY_CRL[2],35442,128
18,8,CFG_CARRY_CRL[3],35906,128
18,8,CFG_CARRY_CRL[4],36370,128
18,8,CFG_CARRY_CRL[5],36834,128
18,8,CFG_CARRY_CRL[6],37298,128
18,8,CFG_CARRY_CRL[7],37762,128
18,8,CFG_CARRY_CRL[8],38690,128
18,8,CFG_CARRY_CRL[9],39154,128
18,8,CFG_LUTCMUX[0],34630,128
18,8,CFG_LUTCMUX[10],36950,128
18,8,CFG_LUTCMUX[11],36602,128
18,8,CFG_LUTCMUX[12],37414,128
18,8,CFG_LUTCMUX[13],37066,128
18,8,CFG_LUTCMUX[14],37878,128
18,8,CFG_LUTCMUX[15],37530,128
18,8,CFG_LUTCMUX[16],38806,128
18,8,CFG_LUTCMUX[17],38458,128
18,8,CFG_LUTCMUX[18],39270,128
18,8,CFG_LUTCMUX[19],38922,128
18,8,CFG_LUTCMUX[1],34282,128
18,8,CFG_LUTCMUX[20],39734,128
18,8,CFG_LUTCMUX[21],39386,128
18,8,CFG_LUTCMUX[22],40198,128
18,8,CFG_LUTCMUX[23],39850,128
18,8,CFG_LUTCMUX[24],40662,128
18,8,CFG_LUTCMUX[25],40314,128
18,8,CFG_LUTCMUX[26],41126,128
18,8,CFG_LUTCMUX[27],40778,128
18,8,CFG_LUTCMUX[28],41590,128
18,8,CFG_LUTCMUX[29],41242,128
18,8,CFG_LUTCMUX[2],35094,128
18,8,CFG_LUTCMUX[30],42054,128
18,8,CFG_LUTCMUX[31],41706,128
18,8,CFG_LUTCMUX[3],34746,128
18,8,CFG_LUTCMUX[4],35558,128
18,8,CFG_LUTCMUX[5],35210,128
18,8,CFG_LUTCMUX[6],36022,128
18,8,CFG_LUTCMUX[7],35674,128
18,8,CFG_LUTCMUX[8],36486,128
18,8,CFG_LUTCMUX[9],36138,128
18,9,CFG_BYPASSEN[0],26741,1
18,9,CFG_BYPASSEN[10],31845,1
18,9,CFG_BYPASSEN[11],32309,1
18,9,CFG_BYPASSEN[12],32773,1
18,9,CFG_BYPASSEN[13],33237,1
18,9,CFG_BYPASSEN[14],33701,1
18,9,CFG_BYPASSEN[15],34165,1
18,9,CFG_BYPASSEN[1],27205,1
18,9,CFG_BYPASSEN[2],27669,1
18,9,CFG_BYPASSEN[3],28133,1
18,9,CFG_BYPASSEN[4],28597,1
18,9,CFG_BYPASSEN[5],29061,1
18,9,CFG_BYPASSEN[6],29525,1
18,9,CFG_BYPASSEN[7],29989,1
18,9,CFG_BYPASSEN[8],30917,1
18,9,CFG_BYPASSEN[9],31381,1
18,9,CFG_CARRY_CRL[0],26626,128
18,9,CFG_CARRY_CRL[10],31730,128
18,9,CFG_CARRY_CRL[11],32194,128
18,9,CFG_CARRY_CRL[12],32658,128
18,9,CFG_CARRY_CRL[13],33122,128
18,9,CFG_CARRY_CRL[14],33586,128
18,9,CFG_CARRY_CRL[15],34050,128
18,9,CFG_CARRY_CRL[1],27090,128
18,9,CFG_CARRY_CRL[2],27554,128
18,9,CFG_CARRY_CRL[3],28018,128
18,9,CFG_CARRY_CRL[4],28482,128
18,9,CFG_CARRY_CRL[5],28946,128
18,9,CFG_CARRY_CRL[6],29410,128
18,9,CFG_CARRY_CRL[7],29874,128
18,9,CFG_CARRY_CRL[8],30802,128
18,9,CFG_CARRY_CRL[9],31266,128
18,9,CFG_LUTCMUX[0],26742,128
18,9,CFG_LUTCMUX[10],29062,128
18,9,CFG_LUTCMUX[11],28714,128
18,9,CFG_LUTCMUX[12],29526,128
18,9,CFG_LUTCMUX[13],29178,128
18,9,CFG_LUTCMUX[14],29990,128
18,9,CFG_LUTCMUX[15],29642,128
18,9,CFG_LUTCMUX[16],30918,128
18,9,CFG_LUTCMUX[17],30570,128
18,9,CFG_LUTCMUX[18],31382,128
18,9,CFG_LUTCMUX[19],31034,128
18,9,CFG_LUTCMUX[1],26394,128
18,9,CFG_LUTCMUX[20],31846,128
18,9,CFG_LUTCMUX[21],31498,128
18,9,CFG_LUTCMUX[22],32310,128
18,9,CFG_LUTCMUX[23],31962,128
18,9,CFG_LUTCMUX[24],32774,128
18,9,CFG_LUTCMUX[25],32426,128
18,9,CFG_LUTCMUX[26],33238,128
18,9,CFG_LUTCMUX[27],32890,128
18,9,CFG_LUTCMUX[28],33702,128
18,9,CFG_LUTCMUX[29],33354,128
18,9,CFG_LUTCMUX[2],27206,128
18,9,CFG_LUTCMUX[30],34166,128
18,9,CFG_LUTCMUX[31],33818,128
18,9,CFG_LUTCMUX[3],26858,128
18,9,CFG_LUTCMUX[4],27670,128
18,9,CFG_LUTCMUX[5],27322,128
18,9,CFG_LUTCMUX[6],28134,128
18,9,CFG_LUTCMUX[7],27786,128
18,9,CFG_LUTCMUX[8],28598,128
18,9,CFG_LUTCMUX[9],28250,128
18,10,CFG_BYPASSEN[0],18853,1
18,10,CFG_BYPASSEN[10],23957,1
18,10,CFG_BYPASSEN[11],24421,1
18,10,CFG_BYPASSEN[12],24885,1
18,10,CFG_BYPASSEN[13],25349,1
18,10,CFG_BYPASSEN[14],25813,1
18,10,CFG_BYPASSEN[15],26277,1
18,10,CFG_BYPASSEN[1],19317,1
18,10,CFG_BYPASSEN[2],19781,1
18,10,CFG_BYPASSEN[3],20245,1
18,10,CFG_BYPASSEN[4],20709,1
18,10,CFG_BYPASSEN[5],21173,1
18,10,CFG_BYPASSEN[6],21637,1
18,10,CFG_BYPASSEN[7],22101,1
18,10,CFG_BYPASSEN[8],23029,1
18,10,CFG_BYPASSEN[9],23493,1
18,10,CFG_CARRY_CRL[0],18738,128
18,10,CFG_CARRY_CRL[10],23842,128
18,10,CFG_CARRY_CRL[11],24306,128
18,10,CFG_CARRY_CRL[12],24770,128
18,10,CFG_CARRY_CRL[13],25234,128
18,10,CFG_CARRY_CRL[14],25698,128
18,10,CFG_CARRY_CRL[15],26162,128
18,10,CFG_CARRY_CRL[1],19202,128
18,10,CFG_CARRY_CRL[2],19666,128
18,10,CFG_CARRY_CRL[3],20130,128
18,10,CFG_CARRY_CRL[4],20594,128
18,10,CFG_CARRY_CRL[5],21058,128
18,10,CFG_CARRY_CRL[6],21522,128
18,10,CFG_CARRY_CRL[7],21986,128
18,10,CFG_CARRY_CRL[8],22914,128
18,10,CFG_CARRY_CRL[9],23378,128
18,10,CFG_LUTCMUX[0],18854,128
18,10,CFG_LUTCMUX[10],21174,128
18,10,CFG_LUTCMUX[11],20826,128
18,10,CFG_LUTCMUX[12],21638,128
18,10,CFG_LUTCMUX[13],21290,128
18,10,CFG_LUTCMUX[14],22102,128
18,10,CFG_LUTCMUX[15],21754,128
18,10,CFG_LUTCMUX[16],23030,128
18,10,CFG_LUTCMUX[17],22682,128
18,10,CFG_LUTCMUX[18],23494,128
18,10,CFG_LUTCMUX[19],23146,128
18,10,CFG_LUTCMUX[1],18506,128
18,10,CFG_LUTCMUX[20],23958,128
18,10,CFG_LUTCMUX[21],23610,128
18,10,CFG_LUTCMUX[22],24422,128
18,10,CFG_LUTCMUX[23],24074,128
18,10,CFG_LUTCMUX[24],24886,128
18,10,CFG_LUTCMUX[25],24538,128
18,10,CFG_LUTCMUX[26],25350,128
18,10,CFG_LUTCMUX[27],25002,128
18,10,CFG_LUTCMUX[28],25814,128
18,10,CFG_LUTCMUX[29],25466,128
18,10,CFG_LUTCMUX[2],19318,128
18,10,CFG_LUTCMUX[30],26278,128
18,10,CFG_LUTCMUX[31],25930,128
18,10,CFG_LUTCMUX[3],18970,128
18,10,CFG_LUTCMUX[4],19782,128
18,10,CFG_LUTCMUX[5],19434,128
18,10,CFG_LUTCMUX[6],20246,128
18,10,CFG_LUTCMUX[7],19898,128
18,10,CFG_LUTCMUX[8],20710,128
18,10,CFG_LUTCMUX[9],20362,128
18,11,CFG_BYPASSEN[0],10965,1
18,11,CFG_BYPASSEN[10],16069,1
18,11,CFG_BYPASSEN[11],16533,1
18,11,CFG_BYPASSEN[12],16997,1
18,11,CFG_BYPASSEN[13],17461,1
18,11,CFG_BYPASSEN[14],17925,1
18,11,CFG_BYPASSEN[15],18389,1
18,11,CFG_BYPASSEN[1],11429,1
18,11,CFG_BYPASSEN[2],11893,1
18,11,CFG_BYPASSEN[3],12357,1
18,11,CFG_BYPASSEN[4],12821,1
18,11,CFG_BYPASSEN[5],13285,1
18,11,CFG_BYPASSEN[6],13749,1
18,11,CFG_BYPASSEN[7],14213,1
18,11,CFG_BYPASSEN[8],15141,1
18,11,CFG_BYPASSEN[9],15605,1
18,11,CFG_CARRY_CRL[0],10850,128
18,11,CFG_CARRY_CRL[10],15954,128
18,11,CFG_CARRY_CRL[11],16418,128
18,11,CFG_CARRY_CRL[12],16882,128
18,11,CFG_CARRY_CRL[13],17346,128
18,11,CFG_CARRY_CRL[14],17810,128
18,11,CFG_CARRY_CRL[15],18274,128
18,11,CFG_CARRY_CRL[1],11314,128
18,11,CFG_CARRY_CRL[2],11778,128
18,11,CFG_CARRY_CRL[3],12242,128
18,11,CFG_CARRY_CRL[4],12706,128
18,11,CFG_CARRY_CRL[5],13170,128
18,11,CFG_CARRY_CRL[6],13634,128
18,11,CFG_CARRY_CRL[7],14098,128
18,11,CFG_CARRY_CRL[8],15026,128
18,11,CFG_CARRY_CRL[9],15490,128
18,11,CFG_LUTCMUX[0],10966,128
18,11,CFG_LUTCMUX[10],13286,128
18,11,CFG_LUTCMUX[11],12938,128
18,11,CFG_LUTCMUX[12],13750,128
18,11,CFG_LUTCMUX[13],13402,128
18,11,CFG_LUTCMUX[14],14214,128
18,11,CFG_LUTCMUX[15],13866,128
18,11,CFG_LUTCMUX[16],15142,128
18,11,CFG_LUTCMUX[17],14794,128
18,11,CFG_LUTCMUX[18],15606,128
18,11,CFG_LUTCMUX[19],15258,128
18,11,CFG_LUTCMUX[1],10618,128
18,11,CFG_LUTCMUX[20],16070,128
18,11,CFG_LUTCMUX[21],15722,128
18,11,CFG_LUTCMUX[22],16534,128
18,11,CFG_LUTCMUX[23],16186,128
18,11,CFG_LUTCMUX[24],16998,128
18,11,CFG_LUTCMUX[25],16650,128
18,11,CFG_LUTCMUX[26],17462,128
18,11,CFG_LUTCMUX[27],17114,128
18,11,CFG_LUTCMUX[28],17926,128
18,11,CFG_LUTCMUX[29],17578,128
18,11,CFG_LUTCMUX[2],11430,128
18,11,CFG_LUTCMUX[30],18390,128
18,11,CFG_LUTCMUX[31],18042,128
18,11,CFG_LUTCMUX[3],11082,128
18,11,CFG_LUTCMUX[4],11894,128
18,11,CFG_LUTCMUX[5],11546,128
18,11,CFG_LUTCMUX[6],12358,128
18,11,CFG_LUTCMUX[7],12010,128
18,11,CFG_LUTCMUX[8],12822,128
18,11,CFG_LUTCMUX[9],12474,128
18,12,CFG_BYPASSEN[0],3077,1
18,12,CFG_BYPASSEN[10],8181,1
18,12,CFG_BYPASSEN[11],8645,1
18,12,CFG_BYPASSEN[12],9109,1
18,12,CFG_BYPASSEN[13],9573,1
18,12,CFG_BYPASSEN[14],10037,1
18,12,CFG_BYPASSEN[15],10501,1
18,12,CFG_BYPASSEN[1],3541,1
18,12,CFG_BYPASSEN[2],4005,1
18,12,CFG_BYPASSEN[3],4469,1
18,12,CFG_BYPASSEN[4],4933,1
18,12,CFG_BYPASSEN[5],5397,1
18,12,CFG_BYPASSEN[6],5861,1
18,12,CFG_BYPASSEN[7],6325,1
18,12,CFG_BYPASSEN[8],7253,1
18,12,CFG_BYPASSEN[9],7717,1
18,12,CFG_CARRY_CRL[0],2962,128
18,12,CFG_CARRY_CRL[10],8066,128
18,12,CFG_CARRY_CRL[11],8530,128
18,12,CFG_CARRY_CRL[12],8994,128
18,12,CFG_CARRY_CRL[13],9458,128
18,12,CFG_CARRY_CRL[14],9922,128
18,12,CFG_CARRY_CRL[15],10386,128
18,12,CFG_CARRY_CRL[1],3426,128
18,12,CFG_CARRY_CRL[2],3890,128
18,12,CFG_CARRY_CRL[3],4354,128
18,12,CFG_CARRY_CRL[4],4818,128
18,12,CFG_CARRY_CRL[5],5282,128
18,12,CFG_CARRY_CRL[6],5746,128
18,12,CFG_CARRY_CRL[7],6210,128
18,12,CFG_CARRY_CRL[8],7138,128
18,12,CFG_CARRY_CRL[9],7602,128
18,12,CFG_LUTCMUX[0],3078,128
18,12,CFG_LUTCMUX[10],5398,128
18,12,CFG_LUTCMUX[11],5050,128
18,12,CFG_LUTCMUX[12],5862,128
18,12,CFG_LUTCMUX[13],5514,128
18,12,CFG_LUTCMUX[14],6326,128
18,12,CFG_LUTCMUX[15],5978,128
18,12,CFG_LUTCMUX[16],7254,128
18,12,CFG_LUTCMUX[17],6906,128
18,12,CFG_LUTCMUX[18],7718,128
18,12,CFG_LUTCMUX[19],7370,128
18,12,CFG_LUTCMUX[1],2730,128
18,12,CFG_LUTCMUX[20],8182,128
18,12,CFG_LUTCMUX[21],7834,128
18,12,CFG_LUTCMUX[22],8646,128
18,12,CFG_LUTCMUX[23],8298,128
18,12,CFG_LUTCMUX[24],9110,128
18,12,CFG_LUTCMUX[25],8762,128
18,12,CFG_LUTCMUX[26],9574,128
18,12,CFG_LUTCMUX[27],9226,128
18,12,CFG_LUTCMUX[28],10038,128
18,12,CFG_LUTCMUX[29],9690,128
18,12,CFG_LUTCMUX[2],3542,128
18,12,CFG_LUTCMUX[30],10502,128
18,12,CFG_LUTCMUX[31],10154,128
18,12,CFG_LUTCMUX[3],3194,128
18,12,CFG_LUTCMUX[4],4006,128
18,12,CFG_LUTCMUX[5],3658,128
18,12,CFG_LUTCMUX[6],4470,128
18,12,CFG_LUTCMUX[7],4122,128
18,12,CFG_LUTCMUX[8],4934,128
18,12,CFG_LUTCMUX[9],4586,128
19,1,CFG_BYPASSEN[0],89841,16
19,1,CFG_BYPASSEN[10],94945,16
19,1,CFG_BYPASSEN[11],95409,16
19,1,CFG_BYPASSEN[12],95873,16
19,1,CFG_BYPASSEN[13],96337,16
19,1,CFG_BYPASSEN[14],96801,16
19,1,CFG_BYPASSEN[15],97265,16
19,1,CFG_BYPASSEN[1],90305,16
19,1,CFG_BYPASSEN[2],90769,16
19,1,CFG_BYPASSEN[3],91233,16
19,1,CFG_BYPASSEN[4],91697,16
19,1,CFG_BYPASSEN[5],92161,16
19,1,CFG_BYPASSEN[6],92625,16
19,1,CFG_BYPASSEN[7],93089,16
19,1,CFG_BYPASSEN[8],94017,16
19,1,CFG_BYPASSEN[9],94481,16
19,1,CFG_CARRY_CRL[0],89725,8
19,1,CFG_CARRY_CRL[10],94829,8
19,1,CFG_CARRY_CRL[11],95293,8
19,1,CFG_CARRY_CRL[12],95757,8
19,1,CFG_CARRY_CRL[13],96221,8
19,1,CFG_CARRY_CRL[14],96685,8
19,1,CFG_CARRY_CRL[15],97149,8
19,1,CFG_CARRY_CRL[1],90189,8
19,1,CFG_CARRY_CRL[2],90653,8
19,1,CFG_CARRY_CRL[3],91117,8
19,1,CFG_CARRY_CRL[4],91581,8
19,1,CFG_CARRY_CRL[5],92045,8
19,1,CFG_CARRY_CRL[6],92509,8
19,1,CFG_CARRY_CRL[7],92973,8
19,1,CFG_CARRY_CRL[8],93901,8
19,1,CFG_CARRY_CRL[9],94365,8
19,1,CFG_LUTCMUX[0],89841,8
19,1,CFG_LUTCMUX[10],92161,8
19,1,CFG_LUTCMUX[11],91813,8
19,1,CFG_LUTCMUX[12],92625,8
19,1,CFG_LUTCMUX[13],92277,8
19,1,CFG_LUTCMUX[14],93089,8
19,1,CFG_LUTCMUX[15],92741,8
19,1,CFG_LUTCMUX[16],94017,8
19,1,CFG_LUTCMUX[17],93669,8
19,1,CFG_LUTCMUX[18],94481,8
19,1,CFG_LUTCMUX[19],94133,8
19,1,CFG_LUTCMUX[1],89493,8
19,1,CFG_LUTCMUX[20],94945,8
19,1,CFG_LUTCMUX[21],94597,8
19,1,CFG_LUTCMUX[22],95409,8
19,1,CFG_LUTCMUX[23],95061,8
19,1,CFG_LUTCMUX[24],95873,8
19,1,CFG_LUTCMUX[25],95525,8
19,1,CFG_LUTCMUX[26],96337,8
19,1,CFG_LUTCMUX[27],95989,8
19,1,CFG_LUTCMUX[28],96801,8
19,1,CFG_LUTCMUX[29],96453,8
19,1,CFG_LUTCMUX[2],90305,8
19,1,CFG_LUTCMUX[30],97265,8
19,1,CFG_LUTCMUX[31],96917,8
19,1,CFG_LUTCMUX[3],89957,8
19,1,CFG_LUTCMUX[4],90769,8
19,1,CFG_LUTCMUX[5],90421,8
19,1,CFG_LUTCMUX[6],91233,8
19,1,CFG_LUTCMUX[7],90885,8
19,1,CFG_LUTCMUX[8],91697,8
19,1,CFG_LUTCMUX[9],91349,8
19,2,CFG_BYPASSEN[0],81953,16
19,2,CFG_BYPASSEN[10],87057,16
19,2,CFG_BYPASSEN[11],87521,16
19,2,CFG_BYPASSEN[12],87985,16
19,2,CFG_BYPASSEN[13],88449,16
19,2,CFG_BYPASSEN[14],88913,16
19,2,CFG_BYPASSEN[15],89377,16
19,2,CFG_BYPASSEN[1],82417,16
19,2,CFG_BYPASSEN[2],82881,16
19,2,CFG_BYPASSEN[3],83345,16
19,2,CFG_BYPASSEN[4],83809,16
19,2,CFG_BYPASSEN[5],84273,16
19,2,CFG_BYPASSEN[6],84737,16
19,2,CFG_BYPASSEN[7],85201,16
19,2,CFG_BYPASSEN[8],86129,16
19,2,CFG_BYPASSEN[9],86593,16
19,2,CFG_CARRY_CRL[0],81837,8
19,2,CFG_CARRY_CRL[10],86941,8
19,2,CFG_CARRY_CRL[11],87405,8
19,2,CFG_CARRY_CRL[12],87869,8
19,2,CFG_CARRY_CRL[13],88333,8
19,2,CFG_CARRY_CRL[14],88797,8
19,2,CFG_CARRY_CRL[15],89261,8
19,2,CFG_CARRY_CRL[1],82301,8
19,2,CFG_CARRY_CRL[2],82765,8
19,2,CFG_CARRY_CRL[3],83229,8
19,2,CFG_CARRY_CRL[4],83693,8
19,2,CFG_CARRY_CRL[5],84157,8
19,2,CFG_CARRY_CRL[6],84621,8
19,2,CFG_CARRY_CRL[7],85085,8
19,2,CFG_CARRY_CRL[8],86013,8
19,2,CFG_CARRY_CRL[9],86477,8
19,2,CFG_LUTCMUX[0],81953,8
19,2,CFG_LUTCMUX[10],84273,8
19,2,CFG_LUTCMUX[11],83925,8
19,2,CFG_LUTCMUX[12],84737,8
19,2,CFG_LUTCMUX[13],84389,8
19,2,CFG_LUTCMUX[14],85201,8
19,2,CFG_LUTCMUX[15],84853,8
19,2,CFG_LUTCMUX[16],86129,8
19,2,CFG_LUTCMUX[17],85781,8
19,2,CFG_LUTCMUX[18],86593,8
19,2,CFG_LUTCMUX[19],86245,8
19,2,CFG_LUTCMUX[1],81605,8
19,2,CFG_LUTCMUX[20],87057,8
19,2,CFG_LUTCMUX[21],86709,8
19,2,CFG_LUTCMUX[22],87521,8
19,2,CFG_LUTCMUX[23],87173,8
19,2,CFG_LUTCMUX[24],87985,8
19,2,CFG_LUTCMUX[25],87637,8
19,2,CFG_LUTCMUX[26],88449,8
19,2,CFG_LUTCMUX[27],88101,8
19,2,CFG_LUTCMUX[28],88913,8
19,2,CFG_LUTCMUX[29],88565,8
19,2,CFG_LUTCMUX[2],82417,8
19,2,CFG_LUTCMUX[30],89377,8
19,2,CFG_LUTCMUX[31],89029,8
19,2,CFG_LUTCMUX[3],82069,8
19,2,CFG_LUTCMUX[4],82881,8
19,2,CFG_LUTCMUX[5],82533,8
19,2,CFG_LUTCMUX[6],83345,8
19,2,CFG_LUTCMUX[7],82997,8
19,2,CFG_LUTCMUX[8],83809,8
19,2,CFG_LUTCMUX[9],83461,8
19,3,CFG_BYPASSEN[0],74065,16
19,3,CFG_BYPASSEN[10],79169,16
19,3,CFG_BYPASSEN[11],79633,16
19,3,CFG_BYPASSEN[12],80097,16
19,3,CFG_BYPASSEN[13],80561,16
19,3,CFG_BYPASSEN[14],81025,16
19,3,CFG_BYPASSEN[15],81489,16
19,3,CFG_BYPASSEN[1],74529,16
19,3,CFG_BYPASSEN[2],74993,16
19,3,CFG_BYPASSEN[3],75457,16
19,3,CFG_BYPASSEN[4],75921,16
19,3,CFG_BYPASSEN[5],76385,16
19,3,CFG_BYPASSEN[6],76849,16
19,3,CFG_BYPASSEN[7],77313,16
19,3,CFG_BYPASSEN[8],78241,16
19,3,CFG_BYPASSEN[9],78705,16
19,3,CFG_CARRY_CRL[0],73949,8
19,3,CFG_CARRY_CRL[10],79053,8
19,3,CFG_CARRY_CRL[11],79517,8
19,3,CFG_CARRY_CRL[12],79981,8
19,3,CFG_CARRY_CRL[13],80445,8
19,3,CFG_CARRY_CRL[14],80909,8
19,3,CFG_CARRY_CRL[15],81373,8
19,3,CFG_CARRY_CRL[1],74413,8
19,3,CFG_CARRY_CRL[2],74877,8
19,3,CFG_CARRY_CRL[3],75341,8
19,3,CFG_CARRY_CRL[4],75805,8
19,3,CFG_CARRY_CRL[5],76269,8
19,3,CFG_CARRY_CRL[6],76733,8
19,3,CFG_CARRY_CRL[7],77197,8
19,3,CFG_CARRY_CRL[8],78125,8
19,3,CFG_CARRY_CRL[9],78589,8
19,3,CFG_LUTCMUX[0],74065,8
19,3,CFG_LUTCMUX[10],76385,8
19,3,CFG_LUTCMUX[11],76037,8
19,3,CFG_LUTCMUX[12],76849,8
19,3,CFG_LUTCMUX[13],76501,8
19,3,CFG_LUTCMUX[14],77313,8
19,3,CFG_LUTCMUX[15],76965,8
19,3,CFG_LUTCMUX[16],78241,8
19,3,CFG_LUTCMUX[17],77893,8
19,3,CFG_LUTCMUX[18],78705,8
19,3,CFG_LUTCMUX[19],78357,8
19,3,CFG_LUTCMUX[1],73717,8
19,3,CFG_LUTCMUX[20],79169,8
19,3,CFG_LUTCMUX[21],78821,8
19,3,CFG_LUTCMUX[22],79633,8
19,3,CFG_LUTCMUX[23],79285,8
19,3,CFG_LUTCMUX[24],80097,8
19,3,CFG_LUTCMUX[25],79749,8
19,3,CFG_LUTCMUX[26],80561,8
19,3,CFG_LUTCMUX[27],80213,8
19,3,CFG_LUTCMUX[28],81025,8
19,3,CFG_LUTCMUX[29],80677,8
19,3,CFG_LUTCMUX[2],74529,8
19,3,CFG_LUTCMUX[30],81489,8
19,3,CFG_LUTCMUX[31],81141,8
19,3,CFG_LUTCMUX[3],74181,8
19,3,CFG_LUTCMUX[4],74993,8
19,3,CFG_LUTCMUX[5],74645,8
19,3,CFG_LUTCMUX[6],75457,8
19,3,CFG_LUTCMUX[7],75109,8
19,3,CFG_LUTCMUX[8],75921,8
19,3,CFG_LUTCMUX[9],75573,8
19,4,CFG_BYPASSEN[0],66177,16
19,4,CFG_BYPASSEN[10],71281,16
19,4,CFG_BYPASSEN[11],71745,16
19,4,CFG_BYPASSEN[12],72209,16
19,4,CFG_BYPASSEN[13],72673,16
19,4,CFG_BYPASSEN[14],73137,16
19,4,CFG_BYPASSEN[15],73601,16
19,4,CFG_BYPASSEN[1],66641,16
19,4,CFG_BYPASSEN[2],67105,16
19,4,CFG_BYPASSEN[3],67569,16
19,4,CFG_BYPASSEN[4],68033,16
19,4,CFG_BYPASSEN[5],68497,16
19,4,CFG_BYPASSEN[6],68961,16
19,4,CFG_BYPASSEN[7],69425,16
19,4,CFG_BYPASSEN[8],70353,16
19,4,CFG_BYPASSEN[9],70817,16
19,4,CFG_CARRY_CRL[0],66061,8
19,4,CFG_CARRY_CRL[10],71165,8
19,4,CFG_CARRY_CRL[11],71629,8
19,4,CFG_CARRY_CRL[12],72093,8
19,4,CFG_CARRY_CRL[13],72557,8
19,4,CFG_CARRY_CRL[14],73021,8
19,4,CFG_CARRY_CRL[15],73485,8
19,4,CFG_CARRY_CRL[1],66525,8
19,4,CFG_CARRY_CRL[2],66989,8
19,4,CFG_CARRY_CRL[3],67453,8
19,4,CFG_CARRY_CRL[4],67917,8
19,4,CFG_CARRY_CRL[5],68381,8
19,4,CFG_CARRY_CRL[6],68845,8
19,4,CFG_CARRY_CRL[7],69309,8
19,4,CFG_CARRY_CRL[8],70237,8
19,4,CFG_CARRY_CRL[9],70701,8
19,4,CFG_LUTCMUX[0],66177,8
19,4,CFG_LUTCMUX[10],68497,8
19,4,CFG_LUTCMUX[11],68149,8
19,4,CFG_LUTCMUX[12],68961,8
19,4,CFG_LUTCMUX[13],68613,8
19,4,CFG_LUTCMUX[14],69425,8
19,4,CFG_LUTCMUX[15],69077,8
19,4,CFG_LUTCMUX[16],70353,8
19,4,CFG_LUTCMUX[17],70005,8
19,4,CFG_LUTCMUX[18],70817,8
19,4,CFG_LUTCMUX[19],70469,8
19,4,CFG_LUTCMUX[1],65829,8
19,4,CFG_LUTCMUX[20],71281,8
19,4,CFG_LUTCMUX[21],70933,8
19,4,CFG_LUTCMUX[22],71745,8
19,4,CFG_LUTCMUX[23],71397,8
19,4,CFG_LUTCMUX[24],72209,8
19,4,CFG_LUTCMUX[25],71861,8
19,4,CFG_LUTCMUX[26],72673,8
19,4,CFG_LUTCMUX[27],72325,8
19,4,CFG_LUTCMUX[28],73137,8
19,4,CFG_LUTCMUX[29],72789,8
19,4,CFG_LUTCMUX[2],66641,8
19,4,CFG_LUTCMUX[30],73601,8
19,4,CFG_LUTCMUX[31],73253,8
19,4,CFG_LUTCMUX[3],66293,8
19,4,CFG_LUTCMUX[4],67105,8
19,4,CFG_LUTCMUX[5],66757,8
19,4,CFG_LUTCMUX[6],67569,8
19,4,CFG_LUTCMUX[7],67221,8
19,4,CFG_LUTCMUX[8],68033,8
19,4,CFG_LUTCMUX[9],67685,8
19,5,CFG_BYPASSEN[0],58289,16
19,5,CFG_BYPASSEN[10],63393,16
19,5,CFG_BYPASSEN[11],63857,16
19,5,CFG_BYPASSEN[12],64321,16
19,5,CFG_BYPASSEN[13],64785,16
19,5,CFG_BYPASSEN[14],65249,16
19,5,CFG_BYPASSEN[15],65713,16
19,5,CFG_BYPASSEN[1],58753,16
19,5,CFG_BYPASSEN[2],59217,16
19,5,CFG_BYPASSEN[3],59681,16
19,5,CFG_BYPASSEN[4],60145,16
19,5,CFG_BYPASSEN[5],60609,16
19,5,CFG_BYPASSEN[6],61073,16
19,5,CFG_BYPASSEN[7],61537,16
19,5,CFG_BYPASSEN[8],62465,16
19,5,CFG_BYPASSEN[9],62929,16
19,5,CFG_CARRY_CRL[0],58173,8
19,5,CFG_CARRY_CRL[10],63277,8
19,5,CFG_CARRY_CRL[11],63741,8
19,5,CFG_CARRY_CRL[12],64205,8
19,5,CFG_CARRY_CRL[13],64669,8
19,5,CFG_CARRY_CRL[14],65133,8
19,5,CFG_CARRY_CRL[15],65597,8
19,5,CFG_CARRY_CRL[1],58637,8
19,5,CFG_CARRY_CRL[2],59101,8
19,5,CFG_CARRY_CRL[3],59565,8
19,5,CFG_CARRY_CRL[4],60029,8
19,5,CFG_CARRY_CRL[5],60493,8
19,5,CFG_CARRY_CRL[6],60957,8
19,5,CFG_CARRY_CRL[7],61421,8
19,5,CFG_CARRY_CRL[8],62349,8
19,5,CFG_CARRY_CRL[9],62813,8
19,5,CFG_LUTCMUX[0],58289,8
19,5,CFG_LUTCMUX[10],60609,8
19,5,CFG_LUTCMUX[11],60261,8
19,5,CFG_LUTCMUX[12],61073,8
19,5,CFG_LUTCMUX[13],60725,8
19,5,CFG_LUTCMUX[14],61537,8
19,5,CFG_LUTCMUX[15],61189,8
19,5,CFG_LUTCMUX[16],62465,8
19,5,CFG_LUTCMUX[17],62117,8
19,5,CFG_LUTCMUX[18],62929,8
19,5,CFG_LUTCMUX[19],62581,8
19,5,CFG_LUTCMUX[1],57941,8
19,5,CFG_LUTCMUX[20],63393,8
19,5,CFG_LUTCMUX[21],63045,8
19,5,CFG_LUTCMUX[22],63857,8
19,5,CFG_LUTCMUX[23],63509,8
19,5,CFG_LUTCMUX[24],64321,8
19,5,CFG_LUTCMUX[25],63973,8
19,5,CFG_LUTCMUX[26],64785,8
19,5,CFG_LUTCMUX[27],64437,8
19,5,CFG_LUTCMUX[28],65249,8
19,5,CFG_LUTCMUX[29],64901,8
19,5,CFG_LUTCMUX[2],58753,8
19,5,CFG_LUTCMUX[30],65713,8
19,5,CFG_LUTCMUX[31],65365,8
19,5,CFG_LUTCMUX[3],58405,8
19,5,CFG_LUTCMUX[4],59217,8
19,5,CFG_LUTCMUX[5],58869,8
19,5,CFG_LUTCMUX[6],59681,8
19,5,CFG_LUTCMUX[7],59333,8
19,5,CFG_LUTCMUX[8],60145,8
19,5,CFG_LUTCMUX[9],59797,8
19,6,CFG_BYPASSEN[0],50401,16
19,6,CFG_BYPASSEN[10],55505,16
19,6,CFG_BYPASSEN[11],55969,16
19,6,CFG_BYPASSEN[12],56433,16
19,6,CFG_BYPASSEN[13],56897,16
19,6,CFG_BYPASSEN[14],57361,16
19,6,CFG_BYPASSEN[15],57825,16
19,6,CFG_BYPASSEN[1],50865,16
19,6,CFG_BYPASSEN[2],51329,16
19,6,CFG_BYPASSEN[3],51793,16
19,6,CFG_BYPASSEN[4],52257,16
19,6,CFG_BYPASSEN[5],52721,16
19,6,CFG_BYPASSEN[6],53185,16
19,6,CFG_BYPASSEN[7],53649,16
19,6,CFG_BYPASSEN[8],54577,16
19,6,CFG_BYPASSEN[9],55041,16
19,6,CFG_CARRY_CRL[0],50285,8
19,6,CFG_CARRY_CRL[10],55389,8
19,6,CFG_CARRY_CRL[11],55853,8
19,6,CFG_CARRY_CRL[12],56317,8
19,6,CFG_CARRY_CRL[13],56781,8
19,6,CFG_CARRY_CRL[14],57245,8
19,6,CFG_CARRY_CRL[15],57709,8
19,6,CFG_CARRY_CRL[1],50749,8
19,6,CFG_CARRY_CRL[2],51213,8
19,6,CFG_CARRY_CRL[3],51677,8
19,6,CFG_CARRY_CRL[4],52141,8
19,6,CFG_CARRY_CRL[5],52605,8
19,6,CFG_CARRY_CRL[6],53069,8
19,6,CFG_CARRY_CRL[7],53533,8
19,6,CFG_CARRY_CRL[8],54461,8
19,6,CFG_CARRY_CRL[9],54925,8
19,6,CFG_LUTCMUX[0],50401,8
19,6,CFG_LUTCMUX[10],52721,8
19,6,CFG_LUTCMUX[11],52373,8
19,6,CFG_LUTCMUX[12],53185,8
19,6,CFG_LUTCMUX[13],52837,8
19,6,CFG_LUTCMUX[14],53649,8
19,6,CFG_LUTCMUX[15],53301,8
19,6,CFG_LUTCMUX[16],54577,8
19,6,CFG_LUTCMUX[17],54229,8
19,6,CFG_LUTCMUX[18],55041,8
19,6,CFG_LUTCMUX[19],54693,8
19,6,CFG_LUTCMUX[1],50053,8
19,6,CFG_LUTCMUX[20],55505,8
19,6,CFG_LUTCMUX[21],55157,8
19,6,CFG_LUTCMUX[22],55969,8
19,6,CFG_LUTCMUX[23],55621,8
19,6,CFG_LUTCMUX[24],56433,8
19,6,CFG_LUTCMUX[25],56085,8
19,6,CFG_LUTCMUX[26],56897,8
19,6,CFG_LUTCMUX[27],56549,8
19,6,CFG_LUTCMUX[28],57361,8
19,6,CFG_LUTCMUX[29],57013,8
19,6,CFG_LUTCMUX[2],50865,8
19,6,CFG_LUTCMUX[30],57825,8
19,6,CFG_LUTCMUX[31],57477,8
19,6,CFG_LUTCMUX[3],50517,8
19,6,CFG_LUTCMUX[4],51329,8
19,6,CFG_LUTCMUX[5],50981,8
19,6,CFG_LUTCMUX[6],51793,8
19,6,CFG_LUTCMUX[7],51445,8
19,6,CFG_LUTCMUX[8],52257,8
19,6,CFG_LUTCMUX[9],51909,8
19,7,CFG_BYPASSEN[0],42513,16
19,7,CFG_BYPASSEN[10],47617,16
19,7,CFG_BYPASSEN[11],48081,16
19,7,CFG_BYPASSEN[12],48545,16
19,7,CFG_BYPASSEN[13],49009,16
19,7,CFG_BYPASSEN[14],49473,16
19,7,CFG_BYPASSEN[15],49937,16
19,7,CFG_BYPASSEN[1],42977,16
19,7,CFG_BYPASSEN[2],43441,16
19,7,CFG_BYPASSEN[3],43905,16
19,7,CFG_BYPASSEN[4],44369,16
19,7,CFG_BYPASSEN[5],44833,16
19,7,CFG_BYPASSEN[6],45297,16
19,7,CFG_BYPASSEN[7],45761,16
19,7,CFG_BYPASSEN[8],46689,16
19,7,CFG_BYPASSEN[9],47153,16
19,7,CFG_CARRY_CRL[0],42397,8
19,7,CFG_CARRY_CRL[10],47501,8
19,7,CFG_CARRY_CRL[11],47965,8
19,7,CFG_CARRY_CRL[12],48429,8
19,7,CFG_CARRY_CRL[13],48893,8
19,7,CFG_CARRY_CRL[14],49357,8
19,7,CFG_CARRY_CRL[15],49821,8
19,7,CFG_CARRY_CRL[1],42861,8
19,7,CFG_CARRY_CRL[2],43325,8
19,7,CFG_CARRY_CRL[3],43789,8
19,7,CFG_CARRY_CRL[4],44253,8
19,7,CFG_CARRY_CRL[5],44717,8
19,7,CFG_CARRY_CRL[6],45181,8
19,7,CFG_CARRY_CRL[7],45645,8
19,7,CFG_CARRY_CRL[8],46573,8
19,7,CFG_CARRY_CRL[9],47037,8
19,7,CFG_LUTCMUX[0],42513,8
19,7,CFG_LUTCMUX[10],44833,8
19,7,CFG_LUTCMUX[11],44485,8
19,7,CFG_LUTCMUX[12],45297,8
19,7,CFG_LUTCMUX[13],44949,8
19,7,CFG_LUTCMUX[14],45761,8
19,7,CFG_LUTCMUX[15],45413,8
19,7,CFG_LUTCMUX[16],46689,8
19,7,CFG_LUTCMUX[17],46341,8
19,7,CFG_LUTCMUX[18],47153,8
19,7,CFG_LUTCMUX[19],46805,8
19,7,CFG_LUTCMUX[1],42165,8
19,7,CFG_LUTCMUX[20],47617,8
19,7,CFG_LUTCMUX[21],47269,8
19,7,CFG_LUTCMUX[22],48081,8
19,7,CFG_LUTCMUX[23],47733,8
19,7,CFG_LUTCMUX[24],48545,8
19,7,CFG_LUTCMUX[25],48197,8
19,7,CFG_LUTCMUX[26],49009,8
19,7,CFG_LUTCMUX[27],48661,8
19,7,CFG_LUTCMUX[28],49473,8
19,7,CFG_LUTCMUX[29],49125,8
19,7,CFG_LUTCMUX[2],42977,8
19,7,CFG_LUTCMUX[30],49937,8
19,7,CFG_LUTCMUX[31],49589,8
19,7,CFG_LUTCMUX[3],42629,8
19,7,CFG_LUTCMUX[4],43441,8
19,7,CFG_LUTCMUX[5],43093,8
19,7,CFG_LUTCMUX[6],43905,8
19,7,CFG_LUTCMUX[7],43557,8
19,7,CFG_LUTCMUX[8],44369,8
19,7,CFG_LUTCMUX[9],44021,8
19,8,CFG_BYPASSEN[0],34625,16
19,8,CFG_BYPASSEN[10],39729,16
19,8,CFG_BYPASSEN[11],40193,16
19,8,CFG_BYPASSEN[12],40657,16
19,8,CFG_BYPASSEN[13],41121,16
19,8,CFG_BYPASSEN[14],41585,16
19,8,CFG_BYPASSEN[15],42049,16
19,8,CFG_BYPASSEN[1],35089,16
19,8,CFG_BYPASSEN[2],35553,16
19,8,CFG_BYPASSEN[3],36017,16
19,8,CFG_BYPASSEN[4],36481,16
19,8,CFG_BYPASSEN[5],36945,16
19,8,CFG_BYPASSEN[6],37409,16
19,8,CFG_BYPASSEN[7],37873,16
19,8,CFG_BYPASSEN[8],38801,16
19,8,CFG_BYPASSEN[9],39265,16
19,8,CFG_CARRY_CRL[0],34509,8
19,8,CFG_CARRY_CRL[10],39613,8
19,8,CFG_CARRY_CRL[11],40077,8
19,8,CFG_CARRY_CRL[12],40541,8
19,8,CFG_CARRY_CRL[13],41005,8
19,8,CFG_CARRY_CRL[14],41469,8
19,8,CFG_CARRY_CRL[15],41933,8
19,8,CFG_CARRY_CRL[1],34973,8
19,8,CFG_CARRY_CRL[2],35437,8
19,8,CFG_CARRY_CRL[3],35901,8
19,8,CFG_CARRY_CRL[4],36365,8
19,8,CFG_CARRY_CRL[5],36829,8
19,8,CFG_CARRY_CRL[6],37293,8
19,8,CFG_CARRY_CRL[7],37757,8
19,8,CFG_CARRY_CRL[8],38685,8
19,8,CFG_CARRY_CRL[9],39149,8
19,8,CFG_LUTCMUX[0],34625,8
19,8,CFG_LUTCMUX[10],36945,8
19,8,CFG_LUTCMUX[11],36597,8
19,8,CFG_LUTCMUX[12],37409,8
19,8,CFG_LUTCMUX[13],37061,8
19,8,CFG_LUTCMUX[14],37873,8
19,8,CFG_LUTCMUX[15],37525,8
19,8,CFG_LUTCMUX[16],38801,8
19,8,CFG_LUTCMUX[17],38453,8
19,8,CFG_LUTCMUX[18],39265,8
19,8,CFG_LUTCMUX[19],38917,8
19,8,CFG_LUTCMUX[1],34277,8
19,8,CFG_LUTCMUX[20],39729,8
19,8,CFG_LUTCMUX[21],39381,8
19,8,CFG_LUTCMUX[22],40193,8
19,8,CFG_LUTCMUX[23],39845,8
19,8,CFG_LUTCMUX[24],40657,8
19,8,CFG_LUTCMUX[25],40309,8
19,8,CFG_LUTCMUX[26],41121,8
19,8,CFG_LUTCMUX[27],40773,8
19,8,CFG_LUTCMUX[28],41585,8
19,8,CFG_LUTCMUX[29],41237,8
19,8,CFG_LUTCMUX[2],35089,8
19,8,CFG_LUTCMUX[30],42049,8
19,8,CFG_LUTCMUX[31],41701,8
19,8,CFG_LUTCMUX[3],34741,8
19,8,CFG_LUTCMUX[4],35553,8
19,8,CFG_LUTCMUX[5],35205,8
19,8,CFG_LUTCMUX[6],36017,8
19,8,CFG_LUTCMUX[7],35669,8
19,8,CFG_LUTCMUX[8],36481,8
19,8,CFG_LUTCMUX[9],36133,8
19,9,CFG_BYPASSEN[0],26737,16
19,9,CFG_BYPASSEN[10],31841,16
19,9,CFG_BYPASSEN[11],32305,16
19,9,CFG_BYPASSEN[12],32769,16
19,9,CFG_BYPASSEN[13],33233,16
19,9,CFG_BYPASSEN[14],33697,16
19,9,CFG_BYPASSEN[15],34161,16
19,9,CFG_BYPASSEN[1],27201,16
19,9,CFG_BYPASSEN[2],27665,16
19,9,CFG_BYPASSEN[3],28129,16
19,9,CFG_BYPASSEN[4],28593,16
19,9,CFG_BYPASSEN[5],29057,16
19,9,CFG_BYPASSEN[6],29521,16
19,9,CFG_BYPASSEN[7],29985,16
19,9,CFG_BYPASSEN[8],30913,16
19,9,CFG_BYPASSEN[9],31377,16
19,9,CFG_CARRY_CRL[0],26621,8
19,9,CFG_CARRY_CRL[10],31725,8
19,9,CFG_CARRY_CRL[11],32189,8
19,9,CFG_CARRY_CRL[12],32653,8
19,9,CFG_CARRY_CRL[13],33117,8
19,9,CFG_CARRY_CRL[14],33581,8
19,9,CFG_CARRY_CRL[15],34045,8
19,9,CFG_CARRY_CRL[1],27085,8
19,9,CFG_CARRY_CRL[2],27549,8
19,9,CFG_CARRY_CRL[3],28013,8
19,9,CFG_CARRY_CRL[4],28477,8
19,9,CFG_CARRY_CRL[5],28941,8
19,9,CFG_CARRY_CRL[6],29405,8
19,9,CFG_CARRY_CRL[7],29869,8
19,9,CFG_CARRY_CRL[8],30797,8
19,9,CFG_CARRY_CRL[9],31261,8
19,9,CFG_LUTCMUX[0],26737,8
19,9,CFG_LUTCMUX[10],29057,8
19,9,CFG_LUTCMUX[11],28709,8
19,9,CFG_LUTCMUX[12],29521,8
19,9,CFG_LUTCMUX[13],29173,8
19,9,CFG_LUTCMUX[14],29985,8
19,9,CFG_LUTCMUX[15],29637,8
19,9,CFG_LUTCMUX[16],30913,8
19,9,CFG_LUTCMUX[17],30565,8
19,9,CFG_LUTCMUX[18],31377,8
19,9,CFG_LUTCMUX[19],31029,8
19,9,CFG_LUTCMUX[1],26389,8
19,9,CFG_LUTCMUX[20],31841,8
19,9,CFG_LUTCMUX[21],31493,8
19,9,CFG_LUTCMUX[22],32305,8
19,9,CFG_LUTCMUX[23],31957,8
19,9,CFG_LUTCMUX[24],32769,8
19,9,CFG_LUTCMUX[25],32421,8
19,9,CFG_LUTCMUX[26],33233,8
19,9,CFG_LUTCMUX[27],32885,8
19,9,CFG_LUTCMUX[28],33697,8
19,9,CFG_LUTCMUX[29],33349,8
19,9,CFG_LUTCMUX[2],27201,8
19,9,CFG_LUTCMUX[30],34161,8
19,9,CFG_LUTCMUX[31],33813,8
19,9,CFG_LUTCMUX[3],26853,8
19,9,CFG_LUTCMUX[4],27665,8
19,9,CFG_LUTCMUX[5],27317,8
19,9,CFG_LUTCMUX[6],28129,8
19,9,CFG_LUTCMUX[7],27781,8
19,9,CFG_LUTCMUX[8],28593,8
19,9,CFG_LUTCMUX[9],28245,8
19,10,CFG_BYPASSEN[0],18849,16
19,10,CFG_BYPASSEN[10],23953,16
19,10,CFG_BYPASSEN[11],24417,16
19,10,CFG_BYPASSEN[12],24881,16
19,10,CFG_BYPASSEN[13],25345,16
19,10,CFG_BYPASSEN[14],25809,16
19,10,CFG_BYPASSEN[15],26273,16
19,10,CFG_BYPASSEN[1],19313,16
19,10,CFG_BYPASSEN[2],19777,16
19,10,CFG_BYPASSEN[3],20241,16
19,10,CFG_BYPASSEN[4],20705,16
19,10,CFG_BYPASSEN[5],21169,16
19,10,CFG_BYPASSEN[6],21633,16
19,10,CFG_BYPASSEN[7],22097,16
19,10,CFG_BYPASSEN[8],23025,16
19,10,CFG_BYPASSEN[9],23489,16
19,10,CFG_CARRY_CRL[0],18733,8
19,10,CFG_CARRY_CRL[10],23837,8
19,10,CFG_CARRY_CRL[11],24301,8
19,10,CFG_CARRY_CRL[12],24765,8
19,10,CFG_CARRY_CRL[13],25229,8
19,10,CFG_CARRY_CRL[14],25693,8
19,10,CFG_CARRY_CRL[15],26157,8
19,10,CFG_CARRY_CRL[1],19197,8
19,10,CFG_CARRY_CRL[2],19661,8
19,10,CFG_CARRY_CRL[3],20125,8
19,10,CFG_CARRY_CRL[4],20589,8
19,10,CFG_CARRY_CRL[5],21053,8
19,10,CFG_CARRY_CRL[6],21517,8
19,10,CFG_CARRY_CRL[7],21981,8
19,10,CFG_CARRY_CRL[8],22909,8
19,10,CFG_CARRY_CRL[9],23373,8
19,10,CFG_LUTCMUX[0],18849,8
19,10,CFG_LUTCMUX[10],21169,8
19,10,CFG_LUTCMUX[11],20821,8
19,10,CFG_LUTCMUX[12],21633,8
19,10,CFG_LUTCMUX[13],21285,8
19,10,CFG_LUTCMUX[14],22097,8
19,10,CFG_LUTCMUX[15],21749,8
19,10,CFG_LUTCMUX[16],23025,8
19,10,CFG_LUTCMUX[17],22677,8
19,10,CFG_LUTCMUX[18],23489,8
19,10,CFG_LUTCMUX[19],23141,8
19,10,CFG_LUTCMUX[1],18501,8
19,10,CFG_LUTCMUX[20],23953,8
19,10,CFG_LUTCMUX[21],23605,8
19,10,CFG_LUTCMUX[22],24417,8
19,10,CFG_LUTCMUX[23],24069,8
19,10,CFG_LUTCMUX[24],24881,8
19,10,CFG_LUTCMUX[25],24533,8
19,10,CFG_LUTCMUX[26],25345,8
19,10,CFG_LUTCMUX[27],24997,8
19,10,CFG_LUTCMUX[28],25809,8
19,10,CFG_LUTCMUX[29],25461,8
19,10,CFG_LUTCMUX[2],19313,8
19,10,CFG_LUTCMUX[30],26273,8
19,10,CFG_LUTCMUX[31],25925,8
19,10,CFG_LUTCMUX[3],18965,8
19,10,CFG_LUTCMUX[4],19777,8
19,10,CFG_LUTCMUX[5],19429,8
19,10,CFG_LUTCMUX[6],20241,8
19,10,CFG_LUTCMUX[7],19893,8
19,10,CFG_LUTCMUX[8],20705,8
19,10,CFG_LUTCMUX[9],20357,8
19,11,CFG_BYPASSEN[0],10961,16
19,11,CFG_BYPASSEN[10],16065,16
19,11,CFG_BYPASSEN[11],16529,16
19,11,CFG_BYPASSEN[12],16993,16
19,11,CFG_BYPASSEN[13],17457,16
19,11,CFG_BYPASSEN[14],17921,16
19,11,CFG_BYPASSEN[15],18385,16
19,11,CFG_BYPASSEN[1],11425,16
19,11,CFG_BYPASSEN[2],11889,16
19,11,CFG_BYPASSEN[3],12353,16
19,11,CFG_BYPASSEN[4],12817,16
19,11,CFG_BYPASSEN[5],13281,16
19,11,CFG_BYPASSEN[6],13745,16
19,11,CFG_BYPASSEN[7],14209,16
19,11,CFG_BYPASSEN[8],15137,16
19,11,CFG_BYPASSEN[9],15601,16
19,11,CFG_CARRY_CRL[0],10845,8
19,11,CFG_CARRY_CRL[10],15949,8
19,11,CFG_CARRY_CRL[11],16413,8
19,11,CFG_CARRY_CRL[12],16877,8
19,11,CFG_CARRY_CRL[13],17341,8
19,11,CFG_CARRY_CRL[14],17805,8
19,11,CFG_CARRY_CRL[15],18269,8
19,11,CFG_CARRY_CRL[1],11309,8
19,11,CFG_CARRY_CRL[2],11773,8
19,11,CFG_CARRY_CRL[3],12237,8
19,11,CFG_CARRY_CRL[4],12701,8
19,11,CFG_CARRY_CRL[5],13165,8
19,11,CFG_CARRY_CRL[6],13629,8
19,11,CFG_CARRY_CRL[7],14093,8
19,11,CFG_CARRY_CRL[8],15021,8
19,11,CFG_CARRY_CRL[9],15485,8
19,11,CFG_LUTCMUX[0],10961,8
19,11,CFG_LUTCMUX[10],13281,8
19,11,CFG_LUTCMUX[11],12933,8
19,11,CFG_LUTCMUX[12],13745,8
19,11,CFG_LUTCMUX[13],13397,8
19,11,CFG_LUTCMUX[14],14209,8
19,11,CFG_LUTCMUX[15],13861,8
19,11,CFG_LUTCMUX[16],15137,8
19,11,CFG_LUTCMUX[17],14789,8
19,11,CFG_LUTCMUX[18],15601,8
19,11,CFG_LUTCMUX[19],15253,8
19,11,CFG_LUTCMUX[1],10613,8
19,11,CFG_LUTCMUX[20],16065,8
19,11,CFG_LUTCMUX[21],15717,8
19,11,CFG_LUTCMUX[22],16529,8
19,11,CFG_LUTCMUX[23],16181,8
19,11,CFG_LUTCMUX[24],16993,8
19,11,CFG_LUTCMUX[25],16645,8
19,11,CFG_LUTCMUX[26],17457,8
19,11,CFG_LUTCMUX[27],17109,8
19,11,CFG_LUTCMUX[28],17921,8
19,11,CFG_LUTCMUX[29],17573,8
19,11,CFG_LUTCMUX[2],11425,8
19,11,CFG_LUTCMUX[30],18385,8
19,11,CFG_LUTCMUX[31],18037,8
19,11,CFG_LUTCMUX[3],11077,8
19,11,CFG_LUTCMUX[4],11889,8
19,11,CFG_LUTCMUX[5],11541,8
19,11,CFG_LUTCMUX[6],12353,8
19,11,CFG_LUTCMUX[7],12005,8
19,11,CFG_LUTCMUX[8],12817,8
19,11,CFG_LUTCMUX[9],12469,8
19,12,CFG_BYPASSEN[0],3073,16
19,12,CFG_BYPASSEN[10],8177,16
19,12,CFG_BYPASSEN[11],8641,16
19,12,CFG_BYPASSEN[12],9105,16
19,12,CFG_BYPASSEN[13],9569,16
19,12,CFG_BYPASSEN[14],10033,16
19,12,CFG_BYPASSEN[15],10497,16
19,12,CFG_BYPASSEN[1],3537,16
19,12,CFG_BYPASSEN[2],4001,16
19,12,CFG_BYPASSEN[3],4465,16
19,12,CFG_BYPASSEN[4],4929,16
19,12,CFG_BYPASSEN[5],5393,16
19,12,CFG_BYPASSEN[6],5857,16
19,12,CFG_BYPASSEN[7],6321,16
19,12,CFG_BYPASSEN[8],7249,16
19,12,CFG_BYPASSEN[9],7713,16
19,12,CFG_CARRY_CRL[0],2957,8
19,12,CFG_CARRY_CRL[10],8061,8
19,12,CFG_CARRY_CRL[11],8525,8
19,12,CFG_CARRY_CRL[12],8989,8
19,12,CFG_CARRY_CRL[13],9453,8
19,12,CFG_CARRY_CRL[14],9917,8
19,12,CFG_CARRY_CRL[15],10381,8
19,12,CFG_CARRY_CRL[1],3421,8
19,12,CFG_CARRY_CRL[2],3885,8
19,12,CFG_CARRY_CRL[3],4349,8
19,12,CFG_CARRY_CRL[4],4813,8
19,12,CFG_CARRY_CRL[5],5277,8
19,12,CFG_CARRY_CRL[6],5741,8
19,12,CFG_CARRY_CRL[7],6205,8
19,12,CFG_CARRY_CRL[8],7133,8
19,12,CFG_CARRY_CRL[9],7597,8
19,12,CFG_LUTCMUX[0],3073,8
19,12,CFG_LUTCMUX[10],5393,8
19,12,CFG_LUTCMUX[11],5045,8
19,12,CFG_LUTCMUX[12],5857,8
19,12,CFG_LUTCMUX[13],5509,8
19,12,CFG_LUTCMUX[14],6321,8
19,12,CFG_LUTCMUX[15],5973,8
19,12,CFG_LUTCMUX[16],7249,8
19,12,CFG_LUTCMUX[17],6901,8
19,12,CFG_LUTCMUX[18],7713,8
19,12,CFG_LUTCMUX[19],7365,8
19,12,CFG_LUTCMUX[1],2725,8
19,12,CFG_LUTCMUX[20],8177,8
19,12,CFG_LUTCMUX[21],7829,8
19,12,CFG_LUTCMUX[22],8641,8
19,12,CFG_LUTCMUX[23],8293,8
19,12,CFG_LUTCMUX[24],9105,8
19,12,CFG_LUTCMUX[25],8757,8
19,12,CFG_LUTCMUX[26],9569,8
19,12,CFG_LUTCMUX[27],9221,8
19,12,CFG_LUTCMUX[28],10033,8
19,12,CFG_LUTCMUX[29],9685,8
19,12,CFG_LUTCMUX[2],3537,8
19,12,CFG_LUTCMUX[30],10497,8
19,12,CFG_LUTCMUX[31],10149,8
19,12,CFG_LUTCMUX[3],3189,8
19,12,CFG_LUTCMUX[4],4001,8
19,12,CFG_LUTCMUX[5],3653,8
19,12,CFG_LUTCMUX[6],4465,8
19,12,CFG_LUTCMUX[7],4117,8
19,12,CFG_LUTCMUX[8],4929,8
19,12,CFG_LUTCMUX[9],4581,8
20,1,CFG_BYPASSEN[0],89836,1
20,1,CFG_BYPASSEN[10],94940,1
20,1,CFG_BYPASSEN[11],95404,1
20,1,CFG_BYPASSEN[12],95868,1
20,1,CFG_BYPASSEN[13],96332,1
20,1,CFG_BYPASSEN[14],96796,1
20,1,CFG_BYPASSEN[15],97260,1
20,1,CFG_BYPASSEN[1],90300,1
20,1,CFG_BYPASSEN[2],90764,1
20,1,CFG_BYPASSEN[3],91228,1
20,1,CFG_BYPASSEN[4],91692,1
20,1,CFG_BYPASSEN[5],92156,1
20,1,CFG_BYPASSEN[6],92620,1
20,1,CFG_BYPASSEN[7],93084,1
20,1,CFG_BYPASSEN[8],94012,1
20,1,CFG_BYPASSEN[9],94476,1
20,1,CFG_CARRY_CRL[0],89721,128
20,1,CFG_CARRY_CRL[10],94825,128
20,1,CFG_CARRY_CRL[11],95289,128
20,1,CFG_CARRY_CRL[12],95753,128
20,1,CFG_CARRY_CRL[13],96217,128
20,1,CFG_CARRY_CRL[14],96681,128
20,1,CFG_CARRY_CRL[15],97145,128
20,1,CFG_CARRY_CRL[1],90185,128
20,1,CFG_CARRY_CRL[2],90649,128
20,1,CFG_CARRY_CRL[3],91113,128
20,1,CFG_CARRY_CRL[4],91577,128
20,1,CFG_CARRY_CRL[5],92041,128
20,1,CFG_CARRY_CRL[6],92505,128
20,1,CFG_CARRY_CRL[7],92969,128
20,1,CFG_CARRY_CRL[8],93897,128
20,1,CFG_CARRY_CRL[9],94361,128
20,1,CFG_LUTCMUX[0],89837,128
20,1,CFG_LUTCMUX[10],92157,128
20,1,CFG_LUTCMUX[11],91809,128
20,1,CFG_LUTCMUX[12],92621,128
20,1,CFG_LUTCMUX[13],92273,128
20,1,CFG_LUTCMUX[14],93085,128
20,1,CFG_LUTCMUX[15],92737,128
20,1,CFG_LUTCMUX[16],94013,128
20,1,CFG_LUTCMUX[17],93665,128
20,1,CFG_LUTCMUX[18],94477,128
20,1,CFG_LUTCMUX[19],94129,128
20,1,CFG_LUTCMUX[1],89489,128
20,1,CFG_LUTCMUX[20],94941,128
20,1,CFG_LUTCMUX[21],94593,128
20,1,CFG_LUTCMUX[22],95405,128
20,1,CFG_LUTCMUX[23],95057,128
20,1,CFG_LUTCMUX[24],95869,128
20,1,CFG_LUTCMUX[25],95521,128
20,1,CFG_LUTCMUX[26],96333,128
20,1,CFG_LUTCMUX[27],95985,128
20,1,CFG_LUTCMUX[28],96797,128
20,1,CFG_LUTCMUX[29],96449,128
20,1,CFG_LUTCMUX[2],90301,128
20,1,CFG_LUTCMUX[30],97261,128
20,1,CFG_LUTCMUX[31],96913,128
20,1,CFG_LUTCMUX[3],89953,128
20,1,CFG_LUTCMUX[4],90765,128
20,1,CFG_LUTCMUX[5],90417,128
20,1,CFG_LUTCMUX[6],91229,128
20,1,CFG_LUTCMUX[7],90881,128
20,1,CFG_LUTCMUX[8],91693,128
20,1,CFG_LUTCMUX[9],91345,128
20,2,CFG_BYPASSEN[0],81948,1
20,2,CFG_BYPASSEN[10],87052,1
20,2,CFG_BYPASSEN[11],87516,1
20,2,CFG_BYPASSEN[12],87980,1
20,2,CFG_BYPASSEN[13],88444,1
20,2,CFG_BYPASSEN[14],88908,1
20,2,CFG_BYPASSEN[15],89372,1
20,2,CFG_BYPASSEN[1],82412,1
20,2,CFG_BYPASSEN[2],82876,1
20,2,CFG_BYPASSEN[3],83340,1
20,2,CFG_BYPASSEN[4],83804,1
20,2,CFG_BYPASSEN[5],84268,1
20,2,CFG_BYPASSEN[6],84732,1
20,2,CFG_BYPASSEN[7],85196,1
20,2,CFG_BYPASSEN[8],86124,1
20,2,CFG_BYPASSEN[9],86588,1
20,2,CFG_CARRY_CRL[0],81833,128
20,2,CFG_CARRY_CRL[10],86937,128
20,2,CFG_CARRY_CRL[11],87401,128
20,2,CFG_CARRY_CRL[12],87865,128
20,2,CFG_CARRY_CRL[13],88329,128
20,2,CFG_CARRY_CRL[14],88793,128
20,2,CFG_CARRY_CRL[15],89257,128
20,2,CFG_CARRY_CRL[1],82297,128
20,2,CFG_CARRY_CRL[2],82761,128
20,2,CFG_CARRY_CRL[3],83225,128
20,2,CFG_CARRY_CRL[4],83689,128
20,2,CFG_CARRY_CRL[5],84153,128
20,2,CFG_CARRY_CRL[6],84617,128
20,2,CFG_CARRY_CRL[7],85081,128
20,2,CFG_CARRY_CRL[8],86009,128
20,2,CFG_CARRY_CRL[9],86473,128
20,2,CFG_LUTCMUX[0],81949,128
20,2,CFG_LUTCMUX[10],84269,128
20,2,CFG_LUTCMUX[11],83921,128
20,2,CFG_LUTCMUX[12],84733,128
20,2,CFG_LUTCMUX[13],84385,128
20,2,CFG_LUTCMUX[14],85197,128
20,2,CFG_LUTCMUX[15],84849,128
20,2,CFG_LUTCMUX[16],86125,128
20,2,CFG_LUTCMUX[17],85777,128
20,2,CFG_LUTCMUX[18],86589,128
20,2,CFG_LUTCMUX[19],86241,128
20,2,CFG_LUTCMUX[1],81601,128
20,2,CFG_LUTCMUX[20],87053,128
20,2,CFG_LUTCMUX[21],86705,128
20,2,CFG_LUTCMUX[22],87517,128
20,2,CFG_LUTCMUX[23],87169,128
20,2,CFG_LUTCMUX[24],87981,128
20,2,CFG_LUTCMUX[25],87633,128
20,2,CFG_LUTCMUX[26],88445,128
20,2,CFG_LUTCMUX[27],88097,128
20,2,CFG_LUTCMUX[28],88909,128
20,2,CFG_LUTCMUX[29],88561,128
20,2,CFG_LUTCMUX[2],82413,128
20,2,CFG_LUTCMUX[30],89373,128
20,2,CFG_LUTCMUX[31],89025,128
20,2,CFG_LUTCMUX[3],82065,128
20,2,CFG_LUTCMUX[4],82877,128
20,2,CFG_LUTCMUX[5],82529,128
20,2,CFG_LUTCMUX[6],83341,128
20,2,CFG_LUTCMUX[7],82993,128
20,2,CFG_LUTCMUX[8],83805,128
20,2,CFG_LUTCMUX[9],83457,128
20,3,CFG_BYPASSEN[0],74060,1
20,3,CFG_BYPASSEN[10],79164,1
20,3,CFG_BYPASSEN[11],79628,1
20,3,CFG_BYPASSEN[12],80092,1
20,3,CFG_BYPASSEN[13],80556,1
20,3,CFG_BYPASSEN[14],81020,1
20,3,CFG_BYPASSEN[15],81484,1
20,3,CFG_BYPASSEN[1],74524,1
20,3,CFG_BYPASSEN[2],74988,1
20,3,CFG_BYPASSEN[3],75452,1
20,3,CFG_BYPASSEN[4],75916,1
20,3,CFG_BYPASSEN[5],76380,1
20,3,CFG_BYPASSEN[6],76844,1
20,3,CFG_BYPASSEN[7],77308,1
20,3,CFG_BYPASSEN[8],78236,1
20,3,CFG_BYPASSEN[9],78700,1
20,3,CFG_CARRY_CRL[0],73945,128
20,3,CFG_CARRY_CRL[10],79049,128
20,3,CFG_CARRY_CRL[11],79513,128
20,3,CFG_CARRY_CRL[12],79977,128
20,3,CFG_CARRY_CRL[13],80441,128
20,3,CFG_CARRY_CRL[14],80905,128
20,3,CFG_CARRY_CRL[15],81369,128
20,3,CFG_CARRY_CRL[1],74409,128
20,3,CFG_CARRY_CRL[2],74873,128
20,3,CFG_CARRY_CRL[3],75337,128
20,3,CFG_CARRY_CRL[4],75801,128
20,3,CFG_CARRY_CRL[5],76265,128
20,3,CFG_CARRY_CRL[6],76729,128
20,3,CFG_CARRY_CRL[7],77193,128
20,3,CFG_CARRY_CRL[8],78121,128
20,3,CFG_CARRY_CRL[9],78585,128
20,3,CFG_LUTCMUX[0],74061,128
20,3,CFG_LUTCMUX[10],76381,128
20,3,CFG_LUTCMUX[11],76033,128
20,3,CFG_LUTCMUX[12],76845,128
20,3,CFG_LUTCMUX[13],76497,128
20,3,CFG_LUTCMUX[14],77309,128
20,3,CFG_LUTCMUX[15],76961,128
20,3,CFG_LUTCMUX[16],78237,128
20,3,CFG_LUTCMUX[17],77889,128
20,3,CFG_LUTCMUX[18],78701,128
20,3,CFG_LUTCMUX[19],78353,128
20,3,CFG_LUTCMUX[1],73713,128
20,3,CFG_LUTCMUX[20],79165,128
20,3,CFG_LUTCMUX[21],78817,128
20,3,CFG_LUTCMUX[22],79629,128
20,3,CFG_LUTCMUX[23],79281,128
20,3,CFG_LUTCMUX[24],80093,128
20,3,CFG_LUTCMUX[25],79745,128
20,3,CFG_LUTCMUX[26],80557,128
20,3,CFG_LUTCMUX[27],80209,128
20,3,CFG_LUTCMUX[28],81021,128
20,3,CFG_LUTCMUX[29],80673,128
20,3,CFG_LUTCMUX[2],74525,128
20,3,CFG_LUTCMUX[30],81485,128
20,3,CFG_LUTCMUX[31],81137,128
20,3,CFG_LUTCMUX[3],74177,128
20,3,CFG_LUTCMUX[4],74989,128
20,3,CFG_LUTCMUX[5],74641,128
20,3,CFG_LUTCMUX[6],75453,128
20,3,CFG_LUTCMUX[7],75105,128
20,3,CFG_LUTCMUX[8],75917,128
20,3,CFG_LUTCMUX[9],75569,128
20,4,CFG_BYPASSEN[0],66172,1
20,4,CFG_BYPASSEN[10],71276,1
20,4,CFG_BYPASSEN[11],71740,1
20,4,CFG_BYPASSEN[12],72204,1
20,4,CFG_BYPASSEN[13],72668,1
20,4,CFG_BYPASSEN[14],73132,1
20,4,CFG_BYPASSEN[15],73596,1
20,4,CFG_BYPASSEN[1],66636,1
20,4,CFG_BYPASSEN[2],67100,1
20,4,CFG_BYPASSEN[3],67564,1
20,4,CFG_BYPASSEN[4],68028,1
20,4,CFG_BYPASSEN[5],68492,1
20,4,CFG_BYPASSEN[6],68956,1
20,4,CFG_BYPASSEN[7],69420,1
20,4,CFG_BYPASSEN[8],70348,1
20,4,CFG_BYPASSEN[9],70812,1
20,4,CFG_CARRY_CRL[0],66057,128
20,4,CFG_CARRY_CRL[10],71161,128
20,4,CFG_CARRY_CRL[11],71625,128
20,4,CFG_CARRY_CRL[12],72089,128
20,4,CFG_CARRY_CRL[13],72553,128
20,4,CFG_CARRY_CRL[14],73017,128
20,4,CFG_CARRY_CRL[15],73481,128
20,4,CFG_CARRY_CRL[1],66521,128
20,4,CFG_CARRY_CRL[2],66985,128
20,4,CFG_CARRY_CRL[3],67449,128
20,4,CFG_CARRY_CRL[4],67913,128
20,4,CFG_CARRY_CRL[5],68377,128
20,4,CFG_CARRY_CRL[6],68841,128
20,4,CFG_CARRY_CRL[7],69305,128
20,4,CFG_CARRY_CRL[8],70233,128
20,4,CFG_CARRY_CRL[9],70697,128
20,4,CFG_LUTCMUX[0],66173,128
20,4,CFG_LUTCMUX[10],68493,128
20,4,CFG_LUTCMUX[11],68145,128
20,4,CFG_LUTCMUX[12],68957,128
20,4,CFG_LUTCMUX[13],68609,128
20,4,CFG_LUTCMUX[14],69421,128
20,4,CFG_LUTCMUX[15],69073,128
20,4,CFG_LUTCMUX[16],70349,128
20,4,CFG_LUTCMUX[17],70001,128
20,4,CFG_LUTCMUX[18],70813,128
20,4,CFG_LUTCMUX[19],70465,128
20,4,CFG_LUTCMUX[1],65825,128
20,4,CFG_LUTCMUX[20],71277,128
20,4,CFG_LUTCMUX[21],70929,128
20,4,CFG_LUTCMUX[22],71741,128
20,4,CFG_LUTCMUX[23],71393,128
20,4,CFG_LUTCMUX[24],72205,128
20,4,CFG_LUTCMUX[25],71857,128
20,4,CFG_LUTCMUX[26],72669,128
20,4,CFG_LUTCMUX[27],72321,128
20,4,CFG_LUTCMUX[28],73133,128
20,4,CFG_LUTCMUX[29],72785,128
20,4,CFG_LUTCMUX[2],66637,128
20,4,CFG_LUTCMUX[30],73597,128
20,4,CFG_LUTCMUX[31],73249,128
20,4,CFG_LUTCMUX[3],66289,128
20,4,CFG_LUTCMUX[4],67101,128
20,4,CFG_LUTCMUX[5],66753,128
20,4,CFG_LUTCMUX[6],67565,128
20,4,CFG_LUTCMUX[7],67217,128
20,4,CFG_LUTCMUX[8],68029,128
20,4,CFG_LUTCMUX[9],67681,128
20,5,CFG_BYPASSEN[0],58284,1
20,5,CFG_BYPASSEN[10],63388,1
20,5,CFG_BYPASSEN[11],63852,1
20,5,CFG_BYPASSEN[12],64316,1
20,5,CFG_BYPASSEN[13],64780,1
20,5,CFG_BYPASSEN[14],65244,1
20,5,CFG_BYPASSEN[15],65708,1
20,5,CFG_BYPASSEN[1],58748,1
20,5,CFG_BYPASSEN[2],59212,1
20,5,CFG_BYPASSEN[3],59676,1
20,5,CFG_BYPASSEN[4],60140,1
20,5,CFG_BYPASSEN[5],60604,1
20,5,CFG_BYPASSEN[6],61068,1
20,5,CFG_BYPASSEN[7],61532,1
20,5,CFG_BYPASSEN[8],62460,1
20,5,CFG_BYPASSEN[9],62924,1
20,5,CFG_CARRY_CRL[0],58169,128
20,5,CFG_CARRY_CRL[10],63273,128
20,5,CFG_CARRY_CRL[11],63737,128
20,5,CFG_CARRY_CRL[12],64201,128
20,5,CFG_CARRY_CRL[13],64665,128
20,5,CFG_CARRY_CRL[14],65129,128
20,5,CFG_CARRY_CRL[15],65593,128
20,5,CFG_CARRY_CRL[1],58633,128
20,5,CFG_CARRY_CRL[2],59097,128
20,5,CFG_CARRY_CRL[3],59561,128
20,5,CFG_CARRY_CRL[4],60025,128
20,5,CFG_CARRY_CRL[5],60489,128
20,5,CFG_CARRY_CRL[6],60953,128
20,5,CFG_CARRY_CRL[7],61417,128
20,5,CFG_CARRY_CRL[8],62345,128
20,5,CFG_CARRY_CRL[9],62809,128
20,5,CFG_LUTCMUX[0],58285,128
20,5,CFG_LUTCMUX[10],60605,128
20,5,CFG_LUTCMUX[11],60257,128
20,5,CFG_LUTCMUX[12],61069,128
20,5,CFG_LUTCMUX[13],60721,128
20,5,CFG_LUTCMUX[14],61533,128
20,5,CFG_LUTCMUX[15],61185,128
20,5,CFG_LUTCMUX[16],62461,128
20,5,CFG_LUTCMUX[17],62113,128
20,5,CFG_LUTCMUX[18],62925,128
20,5,CFG_LUTCMUX[19],62577,128
20,5,CFG_LUTCMUX[1],57937,128
20,5,CFG_LUTCMUX[20],63389,128
20,5,CFG_LUTCMUX[21],63041,128
20,5,CFG_LUTCMUX[22],63853,128
20,5,CFG_LUTCMUX[23],63505,128
20,5,CFG_LUTCMUX[24],64317,128
20,5,CFG_LUTCMUX[25],63969,128
20,5,CFG_LUTCMUX[26],64781,128
20,5,CFG_LUTCMUX[27],64433,128
20,5,CFG_LUTCMUX[28],65245,128
20,5,CFG_LUTCMUX[29],64897,128
20,5,CFG_LUTCMUX[2],58749,128
20,5,CFG_LUTCMUX[30],65709,128
20,5,CFG_LUTCMUX[31],65361,128
20,5,CFG_LUTCMUX[3],58401,128
20,5,CFG_LUTCMUX[4],59213,128
20,5,CFG_LUTCMUX[5],58865,128
20,5,CFG_LUTCMUX[6],59677,128
20,5,CFG_LUTCMUX[7],59329,128
20,5,CFG_LUTCMUX[8],60141,128
20,5,CFG_LUTCMUX[9],59793,128
20,6,CFG_BYPASSEN[0],50396,1
20,6,CFG_BYPASSEN[10],55500,1
20,6,CFG_BYPASSEN[11],55964,1
20,6,CFG_BYPASSEN[12],56428,1
20,6,CFG_BYPASSEN[13],56892,1
20,6,CFG_BYPASSEN[14],57356,1
20,6,CFG_BYPASSEN[15],57820,1
20,6,CFG_BYPASSEN[1],50860,1
20,6,CFG_BYPASSEN[2],51324,1
20,6,CFG_BYPASSEN[3],51788,1
20,6,CFG_BYPASSEN[4],52252,1
20,6,CFG_BYPASSEN[5],52716,1
20,6,CFG_BYPASSEN[6],53180,1
20,6,CFG_BYPASSEN[7],53644,1
20,6,CFG_BYPASSEN[8],54572,1
20,6,CFG_BYPASSEN[9],55036,1
20,6,CFG_CARRY_CRL[0],50281,128
20,6,CFG_CARRY_CRL[10],55385,128
20,6,CFG_CARRY_CRL[11],55849,128
20,6,CFG_CARRY_CRL[12],56313,128
20,6,CFG_CARRY_CRL[13],56777,128
20,6,CFG_CARRY_CRL[14],57241,128
20,6,CFG_CARRY_CRL[15],57705,128
20,6,CFG_CARRY_CRL[1],50745,128
20,6,CFG_CARRY_CRL[2],51209,128
20,6,CFG_CARRY_CRL[3],51673,128
20,6,CFG_CARRY_CRL[4],52137,128
20,6,CFG_CARRY_CRL[5],52601,128
20,6,CFG_CARRY_CRL[6],53065,128
20,6,CFG_CARRY_CRL[7],53529,128
20,6,CFG_CARRY_CRL[8],54457,128
20,6,CFG_CARRY_CRL[9],54921,128
20,6,CFG_LUTCMUX[0],50397,128
20,6,CFG_LUTCMUX[10],52717,128
20,6,CFG_LUTCMUX[11],52369,128
20,6,CFG_LUTCMUX[12],53181,128
20,6,CFG_LUTCMUX[13],52833,128
20,6,CFG_LUTCMUX[14],53645,128
20,6,CFG_LUTCMUX[15],53297,128
20,6,CFG_LUTCMUX[16],54573,128
20,6,CFG_LUTCMUX[17],54225,128
20,6,CFG_LUTCMUX[18],55037,128
20,6,CFG_LUTCMUX[19],54689,128
20,6,CFG_LUTCMUX[1],50049,128
20,6,CFG_LUTCMUX[20],55501,128
20,6,CFG_LUTCMUX[21],55153,128
20,6,CFG_LUTCMUX[22],55965,128
20,6,CFG_LUTCMUX[23],55617,128
20,6,CFG_LUTCMUX[24],56429,128
20,6,CFG_LUTCMUX[25],56081,128
20,6,CFG_LUTCMUX[26],56893,128
20,6,CFG_LUTCMUX[27],56545,128
20,6,CFG_LUTCMUX[28],57357,128
20,6,CFG_LUTCMUX[29],57009,128
20,6,CFG_LUTCMUX[2],50861,128
20,6,CFG_LUTCMUX[30],57821,128
20,6,CFG_LUTCMUX[31],57473,128
20,6,CFG_LUTCMUX[3],50513,128
20,6,CFG_LUTCMUX[4],51325,128
20,6,CFG_LUTCMUX[5],50977,128
20,6,CFG_LUTCMUX[6],51789,128
20,6,CFG_LUTCMUX[7],51441,128
20,6,CFG_LUTCMUX[8],52253,128
20,6,CFG_LUTCMUX[9],51905,128
20,7,CFG_BYPASSEN[0],42508,1
20,7,CFG_BYPASSEN[10],47612,1
20,7,CFG_BYPASSEN[11],48076,1
20,7,CFG_BYPASSEN[12],48540,1
20,7,CFG_BYPASSEN[13],49004,1
20,7,CFG_BYPASSEN[14],49468,1
20,7,CFG_BYPASSEN[15],49932,1
20,7,CFG_BYPASSEN[1],42972,1
20,7,CFG_BYPASSEN[2],43436,1
20,7,CFG_BYPASSEN[3],43900,1
20,7,CFG_BYPASSEN[4],44364,1
20,7,CFG_BYPASSEN[5],44828,1
20,7,CFG_BYPASSEN[6],45292,1
20,7,CFG_BYPASSEN[7],45756,1
20,7,CFG_BYPASSEN[8],46684,1
20,7,CFG_BYPASSEN[9],47148,1
20,7,CFG_CARRY_CRL[0],42393,128
20,7,CFG_CARRY_CRL[10],47497,128
20,7,CFG_CARRY_CRL[11],47961,128
20,7,CFG_CARRY_CRL[12],48425,128
20,7,CFG_CARRY_CRL[13],48889,128
20,7,CFG_CARRY_CRL[14],49353,128
20,7,CFG_CARRY_CRL[15],49817,128
20,7,CFG_CARRY_CRL[1],42857,128
20,7,CFG_CARRY_CRL[2],43321,128
20,7,CFG_CARRY_CRL[3],43785,128
20,7,CFG_CARRY_CRL[4],44249,128
20,7,CFG_CARRY_CRL[5],44713,128
20,7,CFG_CARRY_CRL[6],45177,128
20,7,CFG_CARRY_CRL[7],45641,128
20,7,CFG_CARRY_CRL[8],46569,128
20,7,CFG_CARRY_CRL[9],47033,128
20,7,CFG_LUTCMUX[0],42509,128
20,7,CFG_LUTCMUX[10],44829,128
20,7,CFG_LUTCMUX[11],44481,128
20,7,CFG_LUTCMUX[12],45293,128
20,7,CFG_LUTCMUX[13],44945,128
20,7,CFG_LUTCMUX[14],45757,128
20,7,CFG_LUTCMUX[15],45409,128
20,7,CFG_LUTCMUX[16],46685,128
20,7,CFG_LUTCMUX[17],46337,128
20,7,CFG_LUTCMUX[18],47149,128
20,7,CFG_LUTCMUX[19],46801,128
20,7,CFG_LUTCMUX[1],42161,128
20,7,CFG_LUTCMUX[20],47613,128
20,7,CFG_LUTCMUX[21],47265,128
20,7,CFG_LUTCMUX[22],48077,128
20,7,CFG_LUTCMUX[23],47729,128
20,7,CFG_LUTCMUX[24],48541,128
20,7,CFG_LUTCMUX[25],48193,128
20,7,CFG_LUTCMUX[26],49005,128
20,7,CFG_LUTCMUX[27],48657,128
20,7,CFG_LUTCMUX[28],49469,128
20,7,CFG_LUTCMUX[29],49121,128
20,7,CFG_LUTCMUX[2],42973,128
20,7,CFG_LUTCMUX[30],49933,128
20,7,CFG_LUTCMUX[31],49585,128
20,7,CFG_LUTCMUX[3],42625,128
20,7,CFG_LUTCMUX[4],43437,128
20,7,CFG_LUTCMUX[5],43089,128
20,7,CFG_LUTCMUX[6],43901,128
20,7,CFG_LUTCMUX[7],43553,128
20,7,CFG_LUTCMUX[8],44365,128
20,7,CFG_LUTCMUX[9],44017,128
20,8,CFG_BYPASSEN[0],34620,1
20,8,CFG_BYPASSEN[10],39724,1
20,8,CFG_BYPASSEN[11],40188,1
20,8,CFG_BYPASSEN[12],40652,1
20,8,CFG_BYPASSEN[13],41116,1
20,8,CFG_BYPASSEN[14],41580,1
20,8,CFG_BYPASSEN[15],42044,1
20,8,CFG_BYPASSEN[1],35084,1
20,8,CFG_BYPASSEN[2],35548,1
20,8,CFG_BYPASSEN[3],36012,1
20,8,CFG_BYPASSEN[4],36476,1
20,8,CFG_BYPASSEN[5],36940,1
20,8,CFG_BYPASSEN[6],37404,1
20,8,CFG_BYPASSEN[7],37868,1
20,8,CFG_BYPASSEN[8],38796,1
20,8,CFG_BYPASSEN[9],39260,1
20,8,CFG_CARRY_CRL[0],34505,128
20,8,CFG_CARRY_CRL[10],39609,128
20,8,CFG_CARRY_CRL[11],40073,128
20,8,CFG_CARRY_CRL[12],40537,128
20,8,CFG_CARRY_CRL[13],41001,128
20,8,CFG_CARRY_CRL[14],41465,128
20,8,CFG_CARRY_CRL[15],41929,128
20,8,CFG_CARRY_CRL[1],34969,128
20,8,CFG_CARRY_CRL[2],35433,128
20,8,CFG_CARRY_CRL[3],35897,128
20,8,CFG_CARRY_CRL[4],36361,128
20,8,CFG_CARRY_CRL[5],36825,128
20,8,CFG_CARRY_CRL[6],37289,128
20,8,CFG_CARRY_CRL[7],37753,128
20,8,CFG_CARRY_CRL[8],38681,128
20,8,CFG_CARRY_CRL[9],39145,128
20,8,CFG_LUTCMUX[0],34621,128
20,8,CFG_LUTCMUX[10],36941,128
20,8,CFG_LUTCMUX[11],36593,128
20,8,CFG_LUTCMUX[12],37405,128
20,8,CFG_LUTCMUX[13],37057,128
20,8,CFG_LUTCMUX[14],37869,128
20,8,CFG_LUTCMUX[15],37521,128
20,8,CFG_LUTCMUX[16],38797,128
20,8,CFG_LUTCMUX[17],38449,128
20,8,CFG_LUTCMUX[18],39261,128
20,8,CFG_LUTCMUX[19],38913,128
20,8,CFG_LUTCMUX[1],34273,128
20,8,CFG_LUTCMUX[20],39725,128
20,8,CFG_LUTCMUX[21],39377,128
20,8,CFG_LUTCMUX[22],40189,128
20,8,CFG_LUTCMUX[23],39841,128
20,8,CFG_LUTCMUX[24],40653,128
20,8,CFG_LUTCMUX[25],40305,128
20,8,CFG_LUTCMUX[26],41117,128
20,8,CFG_LUTCMUX[27],40769,128
20,8,CFG_LUTCMUX[28],41581,128
20,8,CFG_LUTCMUX[29],41233,128
20,8,CFG_LUTCMUX[2],35085,128
20,8,CFG_LUTCMUX[30],42045,128
20,8,CFG_LUTCMUX[31],41697,128
20,8,CFG_LUTCMUX[3],34737,128
20,8,CFG_LUTCMUX[4],35549,128
20,8,CFG_LUTCMUX[5],35201,128
20,8,CFG_LUTCMUX[6],36013,128
20,8,CFG_LUTCMUX[7],35665,128
20,8,CFG_LUTCMUX[8],36477,128
20,8,CFG_LUTCMUX[9],36129,128
20,9,CFG_BYPASSEN[0],26732,1
20,9,CFG_BYPASSEN[10],31836,1
20,9,CFG_BYPASSEN[11],32300,1
20,9,CFG_BYPASSEN[12],32764,1
20,9,CFG_BYPASSEN[13],33228,1
20,9,CFG_BYPASSEN[14],33692,1
20,9,CFG_BYPASSEN[15],34156,1
20,9,CFG_BYPASSEN[1],27196,1
20,9,CFG_BYPASSEN[2],27660,1
20,9,CFG_BYPASSEN[3],28124,1
20,9,CFG_BYPASSEN[4],28588,1
20,9,CFG_BYPASSEN[5],29052,1
20,9,CFG_BYPASSEN[6],29516,1
20,9,CFG_BYPASSEN[7],29980,1
20,9,CFG_BYPASSEN[8],30908,1
20,9,CFG_BYPASSEN[9],31372,1
20,9,CFG_CARRY_CRL[0],26617,128
20,9,CFG_CARRY_CRL[10],31721,128
20,9,CFG_CARRY_CRL[11],32185,128
20,9,CFG_CARRY_CRL[12],32649,128
20,9,CFG_CARRY_CRL[13],33113,128
20,9,CFG_CARRY_CRL[14],33577,128
20,9,CFG_CARRY_CRL[15],34041,128
20,9,CFG_CARRY_CRL[1],27081,128
20,9,CFG_CARRY_CRL[2],27545,128
20,9,CFG_CARRY_CRL[3],28009,128
20,9,CFG_CARRY_CRL[4],28473,128
20,9,CFG_CARRY_CRL[5],28937,128
20,9,CFG_CARRY_CRL[6],29401,128
20,9,CFG_CARRY_CRL[7],29865,128
20,9,CFG_CARRY_CRL[8],30793,128
20,9,CFG_CARRY_CRL[9],31257,128
20,9,CFG_LUTCMUX[0],26733,128
20,9,CFG_LUTCMUX[10],29053,128
20,9,CFG_LUTCMUX[11],28705,128
20,9,CFG_LUTCMUX[12],29517,128
20,9,CFG_LUTCMUX[13],29169,128
20,9,CFG_LUTCMUX[14],29981,128
20,9,CFG_LUTCMUX[15],29633,128
20,9,CFG_LUTCMUX[16],30909,128
20,9,CFG_LUTCMUX[17],30561,128
20,9,CFG_LUTCMUX[18],31373,128
20,9,CFG_LUTCMUX[19],31025,128
20,9,CFG_LUTCMUX[1],26385,128
20,9,CFG_LUTCMUX[20],31837,128
20,9,CFG_LUTCMUX[21],31489,128
20,9,CFG_LUTCMUX[22],32301,128
20,9,CFG_LUTCMUX[23],31953,128
20,9,CFG_LUTCMUX[24],32765,128
20,9,CFG_LUTCMUX[25],32417,128
20,9,CFG_LUTCMUX[26],33229,128
20,9,CFG_LUTCMUX[27],32881,128
20,9,CFG_LUTCMUX[28],33693,128
20,9,CFG_LUTCMUX[29],33345,128
20,9,CFG_LUTCMUX[2],27197,128
20,9,CFG_LUTCMUX[30],34157,128
20,9,CFG_LUTCMUX[31],33809,128
20,9,CFG_LUTCMUX[3],26849,128
20,9,CFG_LUTCMUX[4],27661,128
20,9,CFG_LUTCMUX[5],27313,128
20,9,CFG_LUTCMUX[6],28125,128
20,9,CFG_LUTCMUX[7],27777,128
20,9,CFG_LUTCMUX[8],28589,128
20,9,CFG_LUTCMUX[9],28241,128
20,10,CFG_BYPASSEN[0],18844,1
20,10,CFG_BYPASSEN[10],23948,1
20,10,CFG_BYPASSEN[11],24412,1
20,10,CFG_BYPASSEN[12],24876,1
20,10,CFG_BYPASSEN[13],25340,1
20,10,CFG_BYPASSEN[14],25804,1
20,10,CFG_BYPASSEN[15],26268,1
20,10,CFG_BYPASSEN[1],19308,1
20,10,CFG_BYPASSEN[2],19772,1
20,10,CFG_BYPASSEN[3],20236,1
20,10,CFG_BYPASSEN[4],20700,1
20,10,CFG_BYPASSEN[5],21164,1
20,10,CFG_BYPASSEN[6],21628,1
20,10,CFG_BYPASSEN[7],22092,1
20,10,CFG_BYPASSEN[8],23020,1
20,10,CFG_BYPASSEN[9],23484,1
20,10,CFG_CARRY_CRL[0],18729,128
20,10,CFG_CARRY_CRL[10],23833,128
20,10,CFG_CARRY_CRL[11],24297,128
20,10,CFG_CARRY_CRL[12],24761,128
20,10,CFG_CARRY_CRL[13],25225,128
20,10,CFG_CARRY_CRL[14],25689,128
20,10,CFG_CARRY_CRL[15],26153,128
20,10,CFG_CARRY_CRL[1],19193,128
20,10,CFG_CARRY_CRL[2],19657,128
20,10,CFG_CARRY_CRL[3],20121,128
20,10,CFG_CARRY_CRL[4],20585,128
20,10,CFG_CARRY_CRL[5],21049,128
20,10,CFG_CARRY_CRL[6],21513,128
20,10,CFG_CARRY_CRL[7],21977,128
20,10,CFG_CARRY_CRL[8],22905,128
20,10,CFG_CARRY_CRL[9],23369,128
20,10,CFG_LUTCMUX[0],18845,128
20,10,CFG_LUTCMUX[10],21165,128
20,10,CFG_LUTCMUX[11],20817,128
20,10,CFG_LUTCMUX[12],21629,128
20,10,CFG_LUTCMUX[13],21281,128
20,10,CFG_LUTCMUX[14],22093,128
20,10,CFG_LUTCMUX[15],21745,128
20,10,CFG_LUTCMUX[16],23021,128
20,10,CFG_LUTCMUX[17],22673,128
20,10,CFG_LUTCMUX[18],23485,128
20,10,CFG_LUTCMUX[19],23137,128
20,10,CFG_LUTCMUX[1],18497,128
20,10,CFG_LUTCMUX[20],23949,128
20,10,CFG_LUTCMUX[21],23601,128
20,10,CFG_LUTCMUX[22],24413,128
20,10,CFG_LUTCMUX[23],24065,128
20,10,CFG_LUTCMUX[24],24877,128
20,10,CFG_LUTCMUX[25],24529,128
20,10,CFG_LUTCMUX[26],25341,128
20,10,CFG_LUTCMUX[27],24993,128
20,10,CFG_LUTCMUX[28],25805,128
20,10,CFG_LUTCMUX[29],25457,128
20,10,CFG_LUTCMUX[2],19309,128
20,10,CFG_LUTCMUX[30],26269,128
20,10,CFG_LUTCMUX[31],25921,128
20,10,CFG_LUTCMUX[3],18961,128
20,10,CFG_LUTCMUX[4],19773,128
20,10,CFG_LUTCMUX[5],19425,128
20,10,CFG_LUTCMUX[6],20237,128
20,10,CFG_LUTCMUX[7],19889,128
20,10,CFG_LUTCMUX[8],20701,128
20,10,CFG_LUTCMUX[9],20353,128
20,11,CFG_BYPASSEN[0],10956,1
20,11,CFG_BYPASSEN[10],16060,1
20,11,CFG_BYPASSEN[11],16524,1
20,11,CFG_BYPASSEN[12],16988,1
20,11,CFG_BYPASSEN[13],17452,1
20,11,CFG_BYPASSEN[14],17916,1
20,11,CFG_BYPASSEN[15],18380,1
20,11,CFG_BYPASSEN[1],11420,1
20,11,CFG_BYPASSEN[2],11884,1
20,11,CFG_BYPASSEN[3],12348,1
20,11,CFG_BYPASSEN[4],12812,1
20,11,CFG_BYPASSEN[5],13276,1
20,11,CFG_BYPASSEN[6],13740,1
20,11,CFG_BYPASSEN[7],14204,1
20,11,CFG_BYPASSEN[8],15132,1
20,11,CFG_BYPASSEN[9],15596,1
20,11,CFG_CARRY_CRL[0],10841,128
20,11,CFG_CARRY_CRL[10],15945,128
20,11,CFG_CARRY_CRL[11],16409,128
20,11,CFG_CARRY_CRL[12],16873,128
20,11,CFG_CARRY_CRL[13],17337,128
20,11,CFG_CARRY_CRL[14],17801,128
20,11,CFG_CARRY_CRL[15],18265,128
20,11,CFG_CARRY_CRL[1],11305,128
20,11,CFG_CARRY_CRL[2],11769,128
20,11,CFG_CARRY_CRL[3],12233,128
20,11,CFG_CARRY_CRL[4],12697,128
20,11,CFG_CARRY_CRL[5],13161,128
20,11,CFG_CARRY_CRL[6],13625,128
20,11,CFG_CARRY_CRL[7],14089,128
20,11,CFG_CARRY_CRL[8],15017,128
20,11,CFG_CARRY_CRL[9],15481,128
20,11,CFG_LUTCMUX[0],10957,128
20,11,CFG_LUTCMUX[10],13277,128
20,11,CFG_LUTCMUX[11],12929,128
20,11,CFG_LUTCMUX[12],13741,128
20,11,CFG_LUTCMUX[13],13393,128
20,11,CFG_LUTCMUX[14],14205,128
20,11,CFG_LUTCMUX[15],13857,128
20,11,CFG_LUTCMUX[16],15133,128
20,11,CFG_LUTCMUX[17],14785,128
20,11,CFG_LUTCMUX[18],15597,128
20,11,CFG_LUTCMUX[19],15249,128
20,11,CFG_LUTCMUX[1],10609,128
20,11,CFG_LUTCMUX[20],16061,128
20,11,CFG_LUTCMUX[21],15713,128
20,11,CFG_LUTCMUX[22],16525,128
20,11,CFG_LUTCMUX[23],16177,128
20,11,CFG_LUTCMUX[24],16989,128
20,11,CFG_LUTCMUX[25],16641,128
20,11,CFG_LUTCMUX[26],17453,128
20,11,CFG_LUTCMUX[27],17105,128
20,11,CFG_LUTCMUX[28],17917,128
20,11,CFG_LUTCMUX[29],17569,128
20,11,CFG_LUTCMUX[2],11421,128
20,11,CFG_LUTCMUX[30],18381,128
20,11,CFG_LUTCMUX[31],18033,128
20,11,CFG_LUTCMUX[3],11073,128
20,11,CFG_LUTCMUX[4],11885,128
20,11,CFG_LUTCMUX[5],11537,128
20,11,CFG_LUTCMUX[6],12349,128
20,11,CFG_LUTCMUX[7],12001,128
20,11,CFG_LUTCMUX[8],12813,128
20,11,CFG_LUTCMUX[9],12465,128
20,12,CFG_BYPASSEN[0],3068,1
20,12,CFG_BYPASSEN[10],8172,1
20,12,CFG_BYPASSEN[11],8636,1
20,12,CFG_BYPASSEN[12],9100,1
20,12,CFG_BYPASSEN[13],9564,1
20,12,CFG_BYPASSEN[14],10028,1
20,12,CFG_BYPASSEN[15],10492,1
20,12,CFG_BYPASSEN[1],3532,1
20,12,CFG_BYPASSEN[2],3996,1
20,12,CFG_BYPASSEN[3],4460,1
20,12,CFG_BYPASSEN[4],4924,1
20,12,CFG_BYPASSEN[5],5388,1
20,12,CFG_BYPASSEN[6],5852,1
20,12,CFG_BYPASSEN[7],6316,1
20,12,CFG_BYPASSEN[8],7244,1
20,12,CFG_BYPASSEN[9],7708,1
20,12,CFG_CARRY_CRL[0],2953,128
20,12,CFG_CARRY_CRL[10],8057,128
20,12,CFG_CARRY_CRL[11],8521,128
20,12,CFG_CARRY_CRL[12],8985,128
20,12,CFG_CARRY_CRL[13],9449,128
20,12,CFG_CARRY_CRL[14],9913,128
20,12,CFG_CARRY_CRL[15],10377,128
20,12,CFG_CARRY_CRL[1],3417,128
20,12,CFG_CARRY_CRL[2],3881,128
20,12,CFG_CARRY_CRL[3],4345,128
20,12,CFG_CARRY_CRL[4],4809,128
20,12,CFG_CARRY_CRL[5],5273,128
20,12,CFG_CARRY_CRL[6],5737,128
20,12,CFG_CARRY_CRL[7],6201,128
20,12,CFG_CARRY_CRL[8],7129,128
20,12,CFG_CARRY_CRL[9],7593,128
20,12,CFG_LUTCMUX[0],3069,128
20,12,CFG_LUTCMUX[10],5389,128
20,12,CFG_LUTCMUX[11],5041,128
20,12,CFG_LUTCMUX[12],5853,128
20,12,CFG_LUTCMUX[13],5505,128
20,12,CFG_LUTCMUX[14],6317,128
20,12,CFG_LUTCMUX[15],5969,128
20,12,CFG_LUTCMUX[16],7245,128
20,12,CFG_LUTCMUX[17],6897,128
20,12,CFG_LUTCMUX[18],7709,128
20,12,CFG_LUTCMUX[19],7361,128
20,12,CFG_LUTCMUX[1],2721,128
20,12,CFG_LUTCMUX[20],8173,128
20,12,CFG_LUTCMUX[21],7825,128
20,12,CFG_LUTCMUX[22],8637,128
20,12,CFG_LUTCMUX[23],8289,128
20,12,CFG_LUTCMUX[24],9101,128
20,12,CFG_LUTCMUX[25],8753,128
20,12,CFG_LUTCMUX[26],9565,128
20,12,CFG_LUTCMUX[27],9217,128
20,12,CFG_LUTCMUX[28],10029,128
20,12,CFG_LUTCMUX[29],9681,128
20,12,CFG_LUTCMUX[2],3533,128
20,12,CFG_LUTCMUX[30],10493,128
20,12,CFG_LUTCMUX[31],10145,128
20,12,CFG_LUTCMUX[3],3185,128
20,12,CFG_LUTCMUX[4],3997,128
20,12,CFG_LUTCMUX[5],3649,128
20,12,CFG_LUTCMUX[6],4461,128
20,12,CFG_LUTCMUX[7],4113,128
20,12,CFG_LUTCMUX[8],4925,128
20,12,CFG_LUTCMUX[9],4577,128
